exchange,symbol,open_time_ms,open_time_utc,open,high,low,close,volume
coinbase,USDTUSDC,1679426280000,2023-03-21 19:18:00,1.0038,1.0041,1.0038,1.0041,79.85
coinbase,USDTUSDC,1679427000000,2023-03-21 19:30:00,1.0041,1.0041,1.004,1.004,154.18
coinbase,USDTUSDC,1679427060000,2023-03-21 19:31:00,1.004,1.004,1.0039,1.0039,57.94
coinbase,USDTUSDC,1679427120000,2023-03-21 19:32:00,1.0041,1.0042,1.0041,1.0041,806.74
coinbase,USDTUSDC,1679427240000,2023-03-21 19:34:00,1.0041,1.0041,1.0039,1.0039,8.71
coinbase,USDTUSDC,1679427600000,2023-03-21 19:40:00,1.0042,1.0042,1.0042,1.0042,131.1
coinbase,USDTUSDC,1679427720000,2023-03-21 19:42:00,1.0042,1.0043,1.0039,1.0039,2709.78
coinbase,USDTUSDC,1679428020000,2023-03-21 19:47:00,1.0042,1.0042,1.0039,1.0039,142.4
coinbase,USDTUSDC,1679428140000,2023-03-21 19:49:00,1.0039,1.0039,1.0039,1.0039,942.37
coinbase,USDTUSDC,1679428380000,2023-03-21 19:53:00,1.0039,1.0039,1.0039,1.0039,59.39
coinbase,USDTUSDC,1679428500000,2023-03-21 19:55:00,1.0038,1.0039,1.0038,1.0039,65.26
coinbase,USDTUSDC,1679428560000,2023-03-21 19:56:00,1.0039,1.0039,1.0038,1.0039,421.61
coinbase,USDTUSDC,1679428800000,2023-03-21 20:00:00,1.0039,1.0039,1.0039,1.0039,31.17
coinbase,USDTUSDC,1679428860000,2023-03-21 20:01:00,1.0039,1.0039,1.0039,1.0039,31.17
coinbase,USDTUSDC,1679428920000,2023-03-21 20:02:00,1.0037,1.004,1.0037,1.004,21.66
coinbase,USDTUSDC,1679429460000,2023-03-21 20:11:00,1.0039,1.0039,1.0039,1.0039,996.11
coinbase,USDTUSDC,1679429580000,2023-03-21 20:13:00,1.0038,1.0038,1.0037,1.0037,265.86
coinbase,USDTUSDC,1679429700000,2023-03-21 20:15:00,1.0037,1.0038,1.0037,1.0038,145.37
coinbase,USDTUSDC,1679429820000,2023-03-21 20:17:00,1.0036,1.004,1.0036,1.0037,17584.13
coinbase,USDTUSDC,1679429880000,2023-03-21 20:18:00,1.0037,1.0039,1.0036,1.0037,1715.73
coinbase,USDTUSDC,1679430240000,2023-03-21 20:24:00,1.0037,1.0037,1.0037,1.0037,159.98
coinbase,USDTUSDC,1679430540000,2023-03-21 20:29:00,1.0035,1.0036,1.0034,1.0036,375.56
coinbase,USDTUSDC,1679430660000,2023-03-21 20:31:00,1.0034,1.0035,1.0034,1.0035,720.93
coinbase,USDTUSDC,1679430720000,2023-03-21 20:32:00,1.0034,1.0035,1.0034,1.0035,536.02
coinbase,USDTUSDC,1679431020000,2023-03-21 20:37:00,1.0035,1.0035,1.003,1.0034,3033.59
coinbase,USDTUSDC,1679431140000,2023-03-21 20:39:00,1.0034,1.0034,1.0034,1.0034,21.5
coinbase,USDTUSDC,1679431200000,2023-03-21 20:40:00,1.0029,1.0034,1.0025,1.0027,3051.83
coinbase,USDTUSDC,1679431440000,2023-03-21 20:44:00,1.0027,1.003,1.0026,1.0026,4464.1
coinbase,USDTUSDC,1679431920000,2023-03-21 20:52:00,1.0026,1.0026,1.0026,1.0026,2.62
coinbase,USDTUSDC,1679432040000,2023-03-21 20:54:00,1.0026,1.0026,1.0026,1.0026,2.07
coinbase,USDTUSDC,1679432340000,2023-03-21 20:59:00,1.003,1.003,1.003,1.003,133.04
coinbase,USDTUSDC,1679433240000,2023-03-21 21:14:00,1.003,1.0032,1.003,1.0032,6.28
coinbase,USDTUSDC,1679433660000,2023-03-21 21:21:00,1.0029,1.0029,1.0029,1.0029,55.99
coinbase,USDTUSDC,1679434080000,2023-03-21 21:28:00,1.0031,1.0031,1.0031,1.0031,299.07
coinbase,USDTUSDC,1679434200000,2023-03-21 21:30:00,1.0029,1.0034,1.0029,1.0034,1282.89
coinbase,USDTUSDC,1679434620000,2023-03-21 21:37:00,1.0026,1.0029,1.0026,1.0029,501.6
coinbase,USDTUSDC,1679435340000,2023-03-21 21:49:00,1.0028,1.003,1.0028,1.003,134.01
coinbase,USDTUSDC,1679436120000,2023-03-21 22:02:00,1.003,1.0031,1.003,1.0031,433.28
coinbase,USDTUSDC,1679436660000,2023-03-21 22:11:00,1.003,1.003,1.003,1.003,1131.59
coinbase,USDTUSDC,1679437020000,2023-03-21 22:17:00,1.0031,1.0031,1.0028,1.0028,895.86
coinbase,USDTUSDC,1679437080000,2023-03-21 22:18:00,1.0031,1.0031,1.0031,1.0031,1200
coinbase,USDTUSDC,1679437140000,2023-03-21 22:19:00,1.0031,1.0033,1.0031,1.0033,459.64
coinbase,USDTUSDC,1679438160000,2023-03-21 22:36:00,1.0033,1.0033,1.0033,1.0033,283.02
coinbase,USDTUSDC,1679438340000,2023-03-21 22:39:00,1.0033,1.0033,1.0032,1.0032,527.02
coinbase,USDTUSDC,1679438820000,2023-03-21 22:47:00,1.0032,1.0033,1.0032,1.0033,288.82
coinbase,USDTUSDC,1679438880000,2023-03-21 22:48:00,1.0033,1.0033,1.0033,1.0033,167.57
coinbase,USDTUSDC,1679438940000,2023-03-21 22:49:00,1.0033,1.0033,1.0033,1.0033,55.22
coinbase,USDTUSDC,1679439000000,2023-03-21 22:50:00,1.0033,1.0033,1.0032,1.0032,3.15
coinbase,USDTUSDC,1679439240000,2023-03-21 22:54:00,1.0033,1.0033,1.0032,1.0032,515.92
coinbase,USDTUSDC,1679439660000,2023-03-21 23:01:00,1.0033,1.0033,1.0033,1.0033,1.39
coinbase,USDTUSDC,1679440020000,2023-03-21 23:07:00,1.0031,1.0033,1.0031,1.0033,4.8
coinbase,USDTUSDC,1679441700000,2023-03-21 23:35:00,1.0033,1.0034,1.0033,1.0034,3234.01
coinbase,USDTUSDC,1679441940000,2023-03-21 23:39:00,1.0032,1.0032,1.0032,1.0032,1249.27
coinbase,USDTUSDC,1679442000000,2023-03-21 23:40:00,1.0031,1.0031,1.0031,1.0031,405.3
coinbase,USDTUSDC,1679442060000,2023-03-21 23:41:00,1.0031,1.0033,1.0031,1.0031,1745.9
coinbase,USDTUSDC,1679442300000,2023-03-21 23:45:00,1.0031,1.0033,1.0031,1.0033,767.55
coinbase,USDTUSDC,1679442540000,2023-03-21 23:49:00,1.003,1.003,1.003,1.003,21.68
coinbase,USDTUSDC,1679442600000,2023-03-21 23:50:00,1.003,1.003,1.003,1.003,7.65
coinbase,USDTUSDC,1679443140000,2023-03-21 23:59:00,1.0033,1.0033,1.003,1.003,7.55
coinbase,USDTUSDC,1679407200000,2023-03-21 14:00:00,1.0029,1.0029,1.0029,1.0029,1399.31
coinbase,USDTUSDC,1679407260000,2023-03-21 14:01:00,1.0029,1.0029,1.0028,1.0028,11.07
coinbase,USDTUSDC,1679407500000,2023-03-21 14:05:00,1.0031,1.0034,1.003,1.0034,15369.3
coinbase,USDTUSDC,1679407560000,2023-03-21 14:06:00,1.0034,1.0034,1.0031,1.0031,453.43
coinbase,USDTUSDC,1679407920000,2023-03-21 14:12:00,1.0031,1.0031,1.003,1.003,16.46
coinbase,USDTUSDC,1679408100000,2023-03-21 14:15:00,1.003,1.003,1.0029,1.0029,500.02
coinbase,USDTUSDC,1679408580000,2023-03-21 14:23:00,1.0029,1.0029,1.0028,1.0028,660.53
coinbase,USDTUSDC,1679408640000,2023-03-21 14:24:00,1.0027,1.0031,1.0027,1.0031,282.87
coinbase,USDTUSDC,1679409060000,2023-03-21 14:31:00,1.0031,1.0031,1.0027,1.0027,4.31
coinbase,USDTUSDC,1679409720000,2023-03-21 14:42:00,1.0027,1.0027,1.0027,1.0027,385
coinbase,USDTUSDC,1679409900000,2023-03-21 14:45:00,1.0026,1.0027,1.0026,1.0027,130.21
coinbase,USDTUSDC,1679410020000,2023-03-21 14:47:00,1.0026,1.003,1.0026,1.003,3632.49
coinbase,USDTUSDC,1679410140000,2023-03-21 14:49:00,1.0029,1.003,1.0029,1.003,2.99
coinbase,USDTUSDC,1679410620000,2023-03-21 14:57:00,1.0026,1.0028,1.0026,1.0028,1811.83
coinbase,USDTUSDC,1679410740000,2023-03-21 14:59:00,1.0025,1.0025,1.0024,1.0024,6205.85
coinbase,USDTUSDC,1679410980000,2023-03-21 15:03:00,1.0026,1.0026,1.0024,1.0024,60.31
coinbase,USDTUSDC,1679411220000,2023-03-21 15:07:00,1.0028,1.0028,1.0024,1.0024,1380.19
coinbase,USDTUSDC,1679411340000,2023-03-21 15:09:00,1.0024,1.0024,1.0024,1.0024,379.9
coinbase,USDTUSDC,1679411700000,2023-03-21 15:15:00,1.0026,1.0027,1.0026,1.0027,47.16
coinbase,USDTUSDC,1679411880000,2023-03-21 15:18:00,1.0027,1.0028,1.0027,1.0028,152.54
coinbase,USDTUSDC,1679412120000,2023-03-21 15:22:00,1.0025,1.0025,1.0025,1.0025,23.74
coinbase,USDTUSDC,1679412240000,2023-03-21 15:24:00,1.0026,1.0026,1.0026,1.0026,255.04
coinbase,USDTUSDC,1679412360000,2023-03-21 15:26:00,1.0026,1.0027,1.0025,1.0027,1488.66
coinbase,USDTUSDC,1679412540000,2023-03-21 15:29:00,1.0027,1.0027,1.0025,1.0025,193.8
coinbase,USDTUSDC,1679413020000,2023-03-21 15:37:00,1.0026,1.0027,1.0026,1.0027,50.85
coinbase,USDTUSDC,1679413260000,2023-03-21 15:41:00,1.0027,1.0027,1.0025,1.0025,2858.28
coinbase,USDTUSDC,1679413380000,2023-03-21 15:43:00,1.0027,1.0027,1.0026,1.0026,3341.42
coinbase,USDTUSDC,1679413440000,2023-03-21 15:44:00,1.0026,1.0029,1.0026,1.0029,5254.51
coinbase,USDTUSDC,1679413620000,2023-03-21 15:47:00,1.0028,1.0029,1.0028,1.0029,116.52
coinbase,USDTUSDC,1679413740000,2023-03-21 15:49:00,1.0028,1.0028,1.0028,1.0028,3.35
coinbase,USDTUSDC,1679413920000,2023-03-21 15:52:00,1.0028,1.0029,1.0028,1.0029,61.71
coinbase,USDTUSDC,1679414280000,2023-03-21 15:58:00,1.0029,1.0029,1.0028,1.0028,1042.93
coinbase,USDTUSDC,1679414340000,2023-03-21 15:59:00,1.0029,1.0029,1.0029,1.0029,2082.33
coinbase,USDTUSDC,1679414460000,2023-03-21 16:01:00,1.0029,1.0029,1.0028,1.0029,2082.36
coinbase,USDTUSDC,1679414520000,2023-03-21 16:02:00,1.0029,1.0029,1.0029,1.0029,461.83
coinbase,USDTUSDC,1679414580000,2023-03-21 16:03:00,1.0029,1.0029,1.0029,1.0029,626.49
coinbase,USDTUSDC,1679414640000,2023-03-21 16:04:00,1.0029,1.0029,1.0029,1.0029,2181.37
coinbase,USDTUSDC,1679414760000,2023-03-21 16:06:00,1.0029,1.003,1.0029,1.003,209.18
coinbase,USDTUSDC,1679415120000,2023-03-21 16:12:00,1.003,1.003,1.003,1.003,1194.25
coinbase,USDTUSDC,1679415240000,2023-03-21 16:14:00,1.003,1.003,1.0029,1.0029,415.11
coinbase,USDTUSDC,1679415360000,2023-03-21 16:16:00,1.0029,1.0029,1.0029,1.0029,46.83
coinbase,USDTUSDC,1679416020000,2023-03-21 16:27:00,1.0029,1.0029,1.0028,1.0028,148.29
coinbase,USDTUSDC,1679416140000,2023-03-21 16:29:00,1.0027,1.0027,1.0027,1.0027,307.7
coinbase,USDTUSDC,1679416200000,2023-03-21 16:30:00,1.0027,1.0029,1.0026,1.0026,2665.61
coinbase,USDTUSDC,1679416560000,2023-03-21 16:36:00,1.0029,1.003,1.0029,1.003,1293.86
coinbase,USDTUSDC,1679416620000,2023-03-21 16:37:00,1.003,1.003,1.0029,1.0029,103.19
coinbase,USDTUSDC,1679416680000,2023-03-21 16:38:00,1.0029,1.003,1.0029,1.003,1860.68
coinbase,USDTUSDC,1679416740000,2023-03-21 16:39:00,1.003,1.0031,1.003,1.0031,261.77
coinbase,USDTUSDC,1679416800000,2023-03-21 16:40:00,1.0031,1.0031,1.0029,1.0029,896.93
coinbase,USDTUSDC,1679416860000,2023-03-21 16:41:00,1.0027,1.0027,1.0026,1.0026,5005.96
coinbase,USDTUSDC,1679416980000,2023-03-21 16:43:00,1.0025,1.0028,1.0025,1.0028,17720.29
coinbase,USDTUSDC,1679417100000,2023-03-21 16:45:00,1.0028,1.0031,1.0028,1.0028,1098.24
coinbase,USDTUSDC,1679417280000,2023-03-21 16:48:00,1.0028,1.0037,1.0028,1.0037,4854.45
coinbase,USDTUSDC,1679417460000,2023-03-21 16:51:00,1.0033,1.0034,1.0031,1.0034,169.49
coinbase,USDTUSDC,1679417580000,2023-03-21 16:53:00,1.0035,1.0035,1.0034,1.0034,351.84
coinbase,USDTUSDC,1679417640000,2023-03-21 16:54:00,1.0031,1.0034,1.0031,1.0034,737.1
coinbase,USDTUSDC,1679417820000,2023-03-21 16:57:00,1.003,1.0035,1.003,1.0035,393.54
coinbase,USDTUSDC,1679417880000,2023-03-21 16:58:00,1.0035,1.0035,1.0031,1.0031,274.59
coinbase,USDTUSDC,1679418060000,2023-03-21 17:01:00,1.0032,1.0036,1.0032,1.0036,1341.92
coinbase,USDTUSDC,1679418180000,2023-03-21 17:03:00,1.0037,1.0038,1.0037,1.0038,2733.7
coinbase,USDTUSDC,1679418360000,2023-03-21 17:06:00,1.0037,1.004,1.0035,1.004,1196.79
coinbase,USDTUSDC,1679418780000,2023-03-21 17:13:00,1.0039,1.004,1.0039,1.0039,128.4
coinbase,USDTUSDC,1679418900000,2023-03-21 17:15:00,1.0039,1.0041,1.0039,1.0041,4446.68
coinbase,USDTUSDC,1679419020000,2023-03-21 17:17:00,1.0041,1.0041,1.004,1.004,1560.26
coinbase,USDTUSDC,1679419080000,2023-03-21 17:18:00,1.0042,1.0049,1.0042,1.0048,58149.95
coinbase,USDTUSDC,1679419140000,2023-03-21 17:19:00,1.0044,1.0049,1.0042,1.0043,128309.33
coinbase,USDTUSDC,1679419200000,2023-03-21 17:20:00,1.0046,1.0048,1.0042,1.0044,74034.47
coinbase,USDTUSDC,1679419260000,2023-03-21 17:21:00,1.0043,1.0043,1.0043,1.0043,1675.2
coinbase,USDTUSDC,1679419380000,2023-03-21 17:23:00,1.0042,1.0042,1.0041,1.0041,1327.05
coinbase,USDTUSDC,1679419440000,2023-03-21 17:24:00,1.0042,1.0042,1.0042,1.0042,162.77
coinbase,USDTUSDC,1679419560000,2023-03-21 17:26:00,1.0042,1.0042,1.0042,1.0042,215.94
coinbase,USDTUSDC,1679419740000,2023-03-21 17:29:00,1.0042,1.0042,1.0042,1.0042,561.55
coinbase,USDTUSDC,1679420340000,2023-03-21 17:39:00,1.0041,1.0041,1.004,1.0041,497.91
coinbase,USDTUSDC,1679420760000,2023-03-21 17:46:00,1.0041,1.0042,1.0041,1.0042,34.33
coinbase,USDTUSDC,1679420880000,2023-03-21 17:48:00,1.0042,1.0042,1.0042,1.0042,131.29
coinbase,USDTUSDC,1679420940000,2023-03-21 17:49:00,1.0042,1.0042,1.0042,1.0042,14.56
coinbase,USDTUSDC,1679421000000,2023-03-21 17:50:00,1.0041,1.0041,1.0041,1.0041,34.74
coinbase,USDTUSDC,1679421480000,2023-03-21 17:58:00,1.0041,1.0041,1.0037,1.0037,35.55
coinbase,USDTUSDC,1679421780000,2023-03-21 18:03:00,1.0038,1.0038,1.0036,1.0037,464.85
coinbase,USDTUSDC,1679421840000,2023-03-21 18:04:00,1.0037,1.0037,1.0037,1.0037,93.48
coinbase,USDTUSDC,1679421900000,2023-03-21 18:05:00,1.0037,1.0037,1.0037,1.0037,62.32
coinbase,USDTUSDC,1679422260000,2023-03-21 18:11:00,1.0037,1.0037,1.0037,1.0037,5222.85
coinbase,USDTUSDC,1679422500000,2023-03-21 18:15:00,1.0039,1.0039,1.0035,1.0035,197.55
coinbase,USDTUSDC,1679422560000,2023-03-21 18:16:00,1.0038,1.0038,1.0037,1.0037,2722.4
coinbase,USDTUSDC,1679422680000,2023-03-21 18:18:00,1.0037,1.0038,1.0037,1.0038,457.4
coinbase,USDTUSDC,1679422920000,2023-03-21 18:22:00,1.0039,1.0039,1.0037,1.0037,4807.65
coinbase,USDTUSDC,1679423040000,2023-03-21 18:24:00,1.0039,1.0039,1.0039,1.0039,3.59
coinbase,USDTUSDC,1679423100000,2023-03-21 18:25:00,1.0039,1.0041,1.0039,1.0041,6510.41
coinbase,USDTUSDC,1679423160000,2023-03-21 18:26:00,1.0042,1.0042,1.0041,1.0041,1372.59
coinbase,USDTUSDC,1679423220000,2023-03-21 18:27:00,1.0041,1.0042,1.0041,1.0042,1042.47
coinbase,USDTUSDC,1679423340000,2023-03-21 18:29:00,1.0042,1.0042,1.0042,1.0042,5.43
coinbase,USDTUSDC,1679423400000,2023-03-21 18:30:00,1.0042,1.0042,1.0042,1.0042,153.8
coinbase,USDTUSDC,1679423580000,2023-03-21 18:33:00,1.0041,1.0043,1.0041,1.0043,5420.25
coinbase,USDTUSDC,1679423640000,2023-03-21 18:34:00,1.0043,1.0043,1.004,1.004,13515.32
coinbase,USDTUSDC,1679423820000,2023-03-21 18:37:00,1.0041,1.0041,1.004,1.004,3409.91
coinbase,USDTUSDC,1679423880000,2023-03-21 18:38:00,1.004,1.004,1.004,1.004,2778.14
coinbase,USDTUSDC,1679423940000,2023-03-21 18:39:00,1.004,1.0041,1.004,1.004,4680.38
coinbase,USDTUSDC,1679424000000,2023-03-21 18:40:00,1.004,1.004,1.004,1.004,2098.67
coinbase,USDTUSDC,1679424060000,2023-03-21 18:41:00,1.0038,1.004,1.0038,1.004,4252.9
coinbase,USDTUSDC,1679424180000,2023-03-21 18:43:00,1.0039,1.004,1.0039,1.004,1471.21
coinbase,USDTUSDC,1679424240000,2023-03-21 18:44:00,1.004,1.004,1.004,1.004,1040.06
coinbase,USDTUSDC,1679424420000,2023-03-21 18:47:00,1.0039,1.004,1.0039,1.004,1242.4
coinbase,USDTUSDC,1679424480000,2023-03-21 18:48:00,1.0039,1.0039,1.0038,1.0038,4711.72
coinbase,USDTUSDC,1679424540000,2023-03-21 18:49:00,1.0038,1.0039,1.0038,1.0039,38.59
coinbase,USDTUSDC,1679424660000,2023-03-21 18:51:00,1.0038,1.0038,1.0038,1.0038,62.34
coinbase,USDTUSDC,1679389200000,2023-03-21 09:00:00,1.0037,1.0037,1.0037,1.0037,666.72
coinbase,USDTUSDC,1679389380000,2023-03-21 09:03:00,1.0038,1.0038,1.0037,1.0037,1279.93
coinbase,USDTUSDC,1679389440000,2023-03-21 09:04:00,1.0038,1.0038,1.0037,1.0037,644.96
coinbase,USDTUSDC,1679389560000,2023-03-21 09:06:00,1.0038,1.0038,1.0038,1.0038,52.85
coinbase,USDTUSDC,1679389620000,2023-03-21 09:07:00,1.0037,1.0037,1.0037,1.0037,1962.85
coinbase,USDTUSDC,1679389800000,2023-03-21 09:10:00,1.0038,1.0038,1.0038,1.0038,197.13
coinbase,USDTUSDC,1679389980000,2023-03-21 09:13:00,1.0038,1.0038,1.0037,1.0037,1266.14
coinbase,USDTUSDC,1679390760000,2023-03-21 09:26:00,1.0038,1.0039,1.0037,1.0037,1340.77
coinbase,USDTUSDC,1679390940000,2023-03-21 09:29:00,1.0037,1.0037,1.0037,1.0037,454.31
coinbase,USDTUSDC,1679391300000,2023-03-21 09:35:00,1.0036,1.0037,1.0036,1.0037,16.93
coinbase,USDTUSDC,1679391600000,2023-03-21 09:40:00,1.0037,1.0037,1.0037,1.0037,950
coinbase,USDTUSDC,1679391660000,2023-03-21 09:41:00,1.0036,1.0036,1.0036,1.0036,131.83
coinbase,USDTUSDC,1679392020000,2023-03-21 09:47:00,1.0036,1.0037,1.0035,1.0035,42.47
coinbase,USDTUSDC,1679392140000,2023-03-21 09:49:00,1.0035,1.0035,1.0035,1.0035,7.83
coinbase,USDTUSDC,1679392500000,2023-03-21 09:55:00,1.0036,1.0036,1.0036,1.0036,1.41
coinbase,USDTUSDC,1679392560000,2023-03-21 09:56:00,1.0036,1.0036,1.0035,1.0035,12
coinbase,USDTUSDC,1679393760000,2023-03-21 10:16:00,1.0035,1.0035,1.0035,1.0035,843.45
coinbase,USDTUSDC,1679393940000,2023-03-21 10:19:00,1.0034,1.0034,1.0034,1.0034,54.31
coinbase,USDTUSDC,1679394480000,2023-03-21 10:28:00,1.0034,1.0035,1.0034,1.0035,14.67
coinbase,USDTUSDC,1679394780000,2023-03-21 10:33:00,1.0035,1.0035,1.0035,1.0035,7.44
coinbase,USDTUSDC,1679394960000,2023-03-21 10:36:00,1.0035,1.0035,1.0033,1.0033,523.34
coinbase,USDTUSDC,1679395140000,2023-03-21 10:39:00,1.0033,1.0033,1.0033,1.0033,426.92
coinbase,USDTUSDC,1679395440000,2023-03-21 10:44:00,1.0033,1.0033,1.0032,1.0032,566.53
coinbase,USDTUSDC,1679395860000,2023-03-21 10:51:00,1.0031,1.0031,1.0031,1.0031,4.96
coinbase,USDTUSDC,1679396100000,2023-03-21 10:55:00,1.0031,1.0031,1.0031,1.0031,2.47
coinbase,USDTUSDC,1679396220000,2023-03-21 10:57:00,1.0031,1.0031,1.0031,1.0031,663.84
coinbase,USDTUSDC,1679396280000,2023-03-21 10:58:00,1.0031,1.0031,1.0027,1.0027,2974.35
coinbase,USDTUSDC,1679396400000,2023-03-21 11:00:00,1.0029,1.003,1.0027,1.0028,501.46
coinbase,USDTUSDC,1679396820000,2023-03-21 11:07:00,1.003,1.003,1.0026,1.0026,473.75
coinbase,USDTUSDC,1679397060000,2023-03-21 11:11:00,1.0028,1.0028,1.0027,1.0027,236.93
coinbase,USDTUSDC,1679397300000,2023-03-21 11:15:00,1.003,1.003,1.0027,1.0028,425.63
coinbase,USDTUSDC,1679397600000,2023-03-21 11:20:00,1.0027,1.0027,1.0027,1.0027,16.64
coinbase,USDTUSDC,1679397960000,2023-03-21 11:26:00,1.0027,1.003,1.0027,1.003,2.7
coinbase,USDTUSDC,1679398140000,2023-03-21 11:29:00,1.003,1.003,1.0029,1.0029,70.31
coinbase,USDTUSDC,1679398740000,2023-03-21 11:39:00,1.0029,1.0029,1.0029,1.0029,2217.55
coinbase,USDTUSDC,1679398800000,2023-03-21 11:40:00,1.0029,1.0029,1.0027,1.0027,696.3
coinbase,USDTUSDC,1679399760000,2023-03-21 11:56:00,1.0027,1.0027,1.0019,1.0026,17874.1
coinbase,USDTUSDC,1679400060000,2023-03-21 12:01:00,1.0026,1.0027,1.0026,1.0027,812.48
coinbase,USDTUSDC,1679400120000,2023-03-21 12:02:00,1.0026,1.0026,1.0026,1.0026,145.42
coinbase,USDTUSDC,1679400300000,2023-03-21 12:05:00,1.0026,1.0027,1.0025,1.0025,741.87
coinbase,USDTUSDC,1679400360000,2023-03-21 12:06:00,1.0026,1.0027,1.0023,1.0023,107.52
coinbase,USDTUSDC,1679400480000,2023-03-21 12:08:00,1.0027,1.003,1.0027,1.0027,950.95
coinbase,USDTUSDC,1679400960000,2023-03-21 12:16:00,1.0027,1.0029,1.0024,1.0024,173.52
coinbase,USDTUSDC,1679402880000,2023-03-21 12:48:00,1.0024,1.0024,1.0024,1.0024,7.52
coinbase,USDTUSDC,1679403000000,2023-03-21 12:50:00,1.0024,1.0026,1.0024,1.0026,46.16
coinbase,USDTUSDC,1679403300000,2023-03-21 12:55:00,1.0024,1.0024,1.0024,1.0024,13.82
coinbase,USDTUSDC,1679404020000,2023-03-21 13:07:00,1.0028,1.0029,1.0028,1.0029,101.5
coinbase,USDTUSDC,1679404080000,2023-03-21 13:08:00,1.0028,1.0028,1.0028,1.0028,92.8
coinbase,USDTUSDC,1679404140000,2023-03-21 13:09:00,1.0028,1.0028,1.0028,1.0028,154.7
coinbase,USDTUSDC,1679404500000,2023-03-21 13:15:00,1.0025,1.0025,1.0025,1.0025,10.91
coinbase,USDTUSDC,1679404680000,2023-03-21 13:18:00,1.0026,1.0027,1.0026,1.0027,12.45
coinbase,USDTUSDC,1679405040000,2023-03-21 13:24:00,1.0027,1.003,1.0027,1.0029,40.26
coinbase,USDTUSDC,1679405100000,2023-03-21 13:25:00,1.0029,1.0034,1.0029,1.003,1004.37
coinbase,USDTUSDC,1679405160000,2023-03-21 13:26:00,1.003,1.003,1.003,1.003,38.03
coinbase,USDTUSDC,1679405340000,2023-03-21 13:29:00,1.003,1.003,1.003,1.003,149.86
coinbase,USDTUSDC,1679405460000,2023-03-21 13:31:00,1.003,1.003,1.003,1.003,7
coinbase,USDTUSDC,1679406240000,2023-03-21 13:44:00,1.0031,1.0031,1.0031,1.0031,704.46
coinbase,USDTUSDC,1679406300000,2023-03-21 13:45:00,1.0031,1.0031,1.0031,1.0031,360.86
coinbase,USDTUSDC,1679406360000,2023-03-21 13:46:00,1.0031,1.0031,1.003,1.0031,14.39
coinbase,USDTUSDC,1679406540000,2023-03-21 13:49:00,1.0029,1.0031,1.0029,1.0029,89.01
coinbase,USDTUSDC,1679406660000,2023-03-21 13:51:00,1.0029,1.0031,1.0029,1.0031,30.03
coinbase,USDTUSDC,1679406780000,2023-03-21 13:53:00,1.0029,1.003,1.0029,1.003,5.84
coinbase,USDTUSDC,1679406840000,2023-03-21 13:54:00,1.0031,1.0031,1.0031,1.0031,29.64
coinbase,USDTUSDC,1679406900000,2023-03-21 13:55:00,1.003,1.0031,1.0029,1.0031,53.69
coinbase,USDTUSDC,1679407140000,2023-03-21 13:59:00,1.0029,1.0029,1.0029,1.0029,155.62
coinbase,USDTUSDC,1679407200000,2023-03-21 14:00:00,1.0029,1.0029,1.0029,1.0029,1399.31
coinbase,USDTUSDC,1679371620000,2023-03-21 04:07:00,1.0034,1.0035,1.0034,1.0034,190.99
coinbase,USDTUSDC,1679372880000,2023-03-21 04:28:00,1.0033,1.0033,1.0033,1.0033,3.5
coinbase,USDTUSDC,1679373120000,2023-03-21 04:32:00,1.0033,1.0034,1.0033,1.0034,24.29
coinbase,USDTUSDC,1679373300000,2023-03-21 04:35:00,1.0033,1.0035,1.0033,1.0035,88.83
coinbase,USDTUSDC,1679373480000,2023-03-21 04:38:00,1.0035,1.0035,1.0035,1.0035,1040.21
coinbase,USDTUSDC,1679373780000,2023-03-21 04:43:00,1.0035,1.0035,1.0035,1.0035,1593.12
coinbase,USDTUSDC,1679374020000,2023-03-21 04:47:00,1.0035,1.0035,1.0035,1.0035,2080.88
coinbase,USDTUSDC,1679374080000,2023-03-21 04:48:00,1.0035,1.0035,1.0034,1.0034,2431.74
coinbase,USDTUSDC,1679374320000,2023-03-21 04:52:00,1.0035,1.0036,1.0035,1.0035,3.38
coinbase,USDTUSDC,1679374800000,2023-03-21 05:00:00,1.0036,1.0036,1.0033,1.0033,27.86
coinbase,USDTUSDC,1679375040000,2023-03-21 05:04:00,1.0036,1.0037,1.0036,1.0037,67.21
coinbase,USDTUSDC,1679375160000,2023-03-21 05:06:00,1.0037,1.0038,1.0037,1.0038,882.31
coinbase,USDTUSDC,1679375220000,2023-03-21 05:07:00,1.0038,1.0038,1.0037,1.0037,16.74
coinbase,USDTUSDC,1679376540000,2023-03-21 05:29:00,1.0037,1.0037,1.0037,1.0037,167.7
coinbase,USDTUSDC,1679377200000,2023-03-21 05:40:00,1.0038,1.0039,1.0038,1.0039,462.02
coinbase,USDTUSDC,1679377680000,2023-03-21 05:48:00,1.0039,1.0039,1.0039,1.0039,6.85
coinbase,USDTUSDC,1679377920000,2023-03-21 05:52:00,1.0038,1.0038,1.0037,1.0037,15.75
coinbase,USDTUSDC,1679378100000,2023-03-21 05:55:00,1.0039,1.0039,1.0039,1.0039,10.28
coinbase,USDTUSDC,1679379120000,2023-03-21 06:12:00,1.0039,1.0039,1.0039,1.0039,10.3
coinbase,USDTUSDC,1679379300000,2023-03-21 06:15:00,1.004,1.004,1.004,1.004,268.92
coinbase,USDTUSDC,1679379420000,2023-03-21 06:17:00,1.004,1.004,1.004,1.004,47.76
coinbase,USDTUSDC,1679379480000,2023-03-21 06:18:00,1.0041,1.0041,1.0041,1.0041,186.8
coinbase,USDTUSDC,1679379900000,2023-03-21 06:25:00,1.0041,1.0041,1.004,1.004,165.92
coinbase,USDTUSDC,1679380140000,2023-03-21 06:29:00,1.0042,1.0042,1.0041,1.0041,5.59
coinbase,USDTUSDC,1679380500000,2023-03-21 06:35:00,1.004,1.0041,1.004,1.004,467.56
coinbase,USDTUSDC,1679381880000,2023-03-21 06:58:00,1.0041,1.0041,1.0041,1.0041,1.05
coinbase,USDTUSDC,1679382720000,2023-03-21 07:12:00,1.0039,1.0039,1.0039,1.0039,8.72
coinbase,USDTUSDC,1679382900000,2023-03-21 07:15:00,1.004,1.0041,1.0038,1.0038,65.69
coinbase,USDTUSDC,1679383440000,2023-03-21 07:24:00,1.004,1.004,1.004,1.004,6.77
coinbase,USDTUSDC,1679383620000,2023-03-21 07:27:00,1.0038,1.004,1.0037,1.004,246.12
coinbase,USDTUSDC,1679383740000,2023-03-21 07:29:00,1.004,1.004,1.004,1.004,4.67
coinbase,USDTUSDC,1679384220000,2023-03-21 07:37:00,1.0041,1.0041,1.0041,1.0041,423.6
coinbase,USDTUSDC,1679384820000,2023-03-21 07:47:00,1.0041,1.0041,1.0041,1.0041,8.96
coinbase,USDTUSDC,1679385000000,2023-03-21 07:50:00,1.0041,1.0041,1.004,1.004,10.4
coinbase,USDTUSDC,1679385300000,2023-03-21 07:55:00,1.004,1.0043,1.004,1.0042,5652
coinbase,USDTUSDC,1679385360000,2023-03-21 07:56:00,1.0042,1.0042,1.0041,1.0041,1370.86
coinbase,USDTUSDC,1679385420000,2023-03-21 07:57:00,1.0041,1.0041,1.0041,1.0041,293.16
coinbase,USDTUSDC,1679385600000,2023-03-21 08:00:00,1.0041,1.0042,1.0039,1.0039,3750.29
coinbase,USDTUSDC,1679386500000,2023-03-21 08:15:00,1.0039,1.0039,1.0039,1.0039,1.99
coinbase,USDTUSDC,1679388180000,2023-03-21 08:43:00,1.0038,1.0038,1.0038,1.0038,2497.34
coinbase,USDTUSDC,1679388420000,2023-03-21 08:47:00,1.0038,1.0038,1.0038,1.0038,97.44
coinbase,USDTUSDC,1679388900000,2023-03-21 08:55:00,1.0038,1.0038,1.0038,1.0038,18.52
coinbase,USDTUSDC,1679389140000,2023-03-21 08:59:00,1.0038,1.0038,1.0037,1.0037,457.76
coinbase,USDTUSDC,1679389200000,2023-03-21 09:00:00,1.0037,1.0037,1.0037,1.0037,666.72
coinbase,USDTUSDC,1679354040000,2023-03-20 23:14:00,1.0037,1.0038,1.0037,1.0038,198.59
coinbase,USDTUSDC,1679354520000,2023-03-20 23:22:00,1.0038,1.0039,1.0038,1.0039,644.8
coinbase,USDTUSDC,1679354640000,2023-03-20 23:24:00,1.004,1.004,1.004,1.004,63.86
coinbase,USDTUSDC,1679354700000,2023-03-20 23:25:00,1.004,1.004,1.004,1.004,103.17
coinbase,USDTUSDC,1679355000000,2023-03-20 23:30:00,1.0037,1.0037,1.0036,1.0037,179.16
coinbase,USDTUSDC,1679355240000,2023-03-20 23:34:00,1.004,1.004,1.0039,1.0039,121.98
coinbase,USDTUSDC,1679355720000,2023-03-20 23:42:00,1.0039,1.004,1.0039,1.0039,655.35
coinbase,USDTUSDC,1679355780000,2023-03-20 23:43:00,1.0039,1.0039,1.0039,1.0039,514.91
coinbase,USDTUSDC,1679355900000,2023-03-20 23:45:00,1.0037,1.0038,1.0037,1.0038,2340.92
coinbase,USDTUSDC,1679356020000,2023-03-20 23:47:00,1.0038,1.0038,1.0038,1.0038,113.82
coinbase,USDTUSDC,1679356080000,2023-03-20 23:48:00,1.0036,1.004,1.0036,1.004,6.89
coinbase,USDTUSDC,1679356200000,2023-03-20 23:50:00,1.0038,1.0039,1.0038,1.0039,1384.38
coinbase,USDTUSDC,1679356260000,2023-03-20 23:51:00,1.0036,1.0038,1.0035,1.0038,1733.92
coinbase,USDTUSDC,1679356620000,2023-03-20 23:57:00,1.0039,1.0039,1.0039,1.0039,64.29
coinbase,USDTUSDC,1679356740000,2023-03-20 23:59:00,1.0039,1.0039,1.0033,1.0036,5313.86
coinbase,USDTUSDC,1679357460000,2023-03-21 00:11:00,1.0036,1.0036,1.0036,1.0036,1.66
coinbase,USDTUSDC,1679357580000,2023-03-21 00:13:00,1.0036,1.0036,1.0036,1.0036,755.96
coinbase,USDTUSDC,1679357640000,2023-03-21 00:14:00,1.0036,1.0039,1.0036,1.0039,231.61
coinbase,USDTUSDC,1679357820000,2023-03-21 00:17:00,1.0039,1.0039,1.0037,1.0037,60.98
coinbase,USDTUSDC,1679358420000,2023-03-21 00:27:00,1.0038,1.0039,1.0038,1.0039,1942.42
coinbase,USDTUSDC,1679358660000,2023-03-21 00:31:00,1.004,1.0041,1.004,1.004,274.61
coinbase,USDTUSDC,1679358720000,2023-03-21 00:32:00,1.0039,1.0039,1.0039,1.0039,6.81
coinbase,USDTUSDC,1679358780000,2023-03-21 00:33:00,1.0039,1.0039,1.0039,1.0039,250.81
coinbase,USDTUSDC,1679359620000,2023-03-21 00:47:00,1.0039,1.0039,1.0039,1.0039,187.11
coinbase,USDTUSDC,1679359680000,2023-03-21 00:48:00,1.0039,1.0039,1.0038,1.0038,1703.51
coinbase,USDTUSDC,1679359800000,2023-03-21 00:50:00,1.0037,1.0037,1.0037,1.0037,3.54
coinbase,USDTUSDC,1679359860000,2023-03-21 00:51:00,1.0037,1.0037,1.0037,1.0037,3.4
coinbase,USDTUSDC,1679360280000,2023-03-21 00:58:00,1.0038,1.0038,1.0036,1.0036,219.61
coinbase,USDTUSDC,1679360520000,2023-03-21 01:02:00,1.0037,1.0037,1.0037,1.0037,61.34
coinbase,USDTUSDC,1679360760000,2023-03-21 01:06:00,1.0037,1.0037,1.0037,1.0037,61.34
coinbase,USDTUSDC,1679360940000,2023-03-21 01:09:00,1.0037,1.0037,1.0036,1.0036,332.47
coinbase,USDTUSDC,1679361000000,2023-03-21 01:10:00,1.0036,1.0037,1.0036,1.0036,1291.67
coinbase,USDTUSDC,1679361060000,2023-03-21 01:11:00,1.0036,1.0036,1.0036,1.0036,90.07
coinbase,USDTUSDC,1679361120000,2023-03-21 01:12:00,1.0035,1.0036,1.0035,1.0036,1461.12
coinbase,USDTUSDC,1679361180000,2023-03-21 01:13:00,1.0035,1.0035,1.0034,1.0034,339.95
coinbase,USDTUSDC,1679361480000,2023-03-21 01:18:00,1.0037,1.004,1.0036,1.0036,15748.19
coinbase,USDTUSDC,1679361540000,2023-03-21 01:19:00,1.0036,1.0036,1.0034,1.0034,2559.69
coinbase,USDTUSDC,1679361600000,2023-03-21 01:20:00,1.0034,1.0034,1.0034,1.0034,555.42
coinbase,USDTUSDC,1679362020000,2023-03-21 01:27:00,1.0035,1.0035,1.0034,1.0034,651.97
coinbase,USDTUSDC,1679362260000,2023-03-21 01:31:00,1.0033,1.0034,1.0033,1.0034,1132.61
coinbase,USDTUSDC,1679362740000,2023-03-21 01:39:00,1.0034,1.0034,1.0034,1.0034,98.53
coinbase,USDTUSDC,1679363400000,2023-03-21 01:50:00,1.0034,1.0034,1.0034,1.0034,4.84
coinbase,USDTUSDC,1679363460000,2023-03-21 01:51:00,1.0034,1.0034,1.0034,1.0034,6872.84
coinbase,USDTUSDC,1679363760000,2023-03-21 01:56:00,1.0033,1.0033,1.0033,1.0033,7.88
coinbase,USDTUSDC,1679364360000,2023-03-21 02:06:00,1.0033,1.0035,1.0033,1.0035,1590.05
coinbase,USDTUSDC,1679364420000,2023-03-21 02:07:00,1.0034,1.0035,1.0034,1.0035,7.56
coinbase,USDTUSDC,1679364900000,2023-03-21 02:15:00,1.0032,1.0032,1.0032,1.0032,2.67
coinbase,USDTUSDC,1679365740000,2023-03-21 02:29:00,1.0034,1.0036,1.0032,1.0032,346.89
coinbase,USDTUSDC,1679366280000,2023-03-21 02:38:00,1.0034,1.0034,1.0034,1.0034,1758.28
coinbase,USDTUSDC,1679366700000,2023-03-21 02:45:00,1.0034,1.0036,1.0034,1.0036,1834.76
coinbase,USDTUSDC,1679366760000,2023-03-21 02:46:00,1.0036,1.0037,1.0036,1.0037,314.04
coinbase,USDTUSDC,1679367000000,2023-03-21 02:50:00,1.0037,1.0039,1.0037,1.0039,3001.17
coinbase,USDTUSDC,1679367120000,2023-03-21 02:52:00,1.0038,1.0039,1.0036,1.0038,7048.7
coinbase,USDTUSDC,1679367180000,2023-03-21 02:53:00,1.0038,1.0038,1.0036,1.0036,540.52
coinbase,USDTUSDC,1679367360000,2023-03-21 02:56:00,1.0038,1.0038,1.0038,1.0038,4.12
coinbase,USDTUSDC,1679367540000,2023-03-21 02:59:00,1.0038,1.0039,1.0036,1.0036,1860.7
coinbase,USDTUSDC,1679367780000,2023-03-21 03:03:00,1.0036,1.0037,1.0036,1.0037,49.42
coinbase,USDTUSDC,1679367900000,2023-03-21 03:05:00,1.0038,1.0038,1.0036,1.0036,264.7
coinbase,USDTUSDC,1679368200000,2023-03-21 03:10:00,1.0038,1.0038,1.0037,1.0037,44.42
coinbase,USDTUSDC,1679368260000,2023-03-21 03:11:00,1.0037,1.0037,1.0037,1.0037,9.09
coinbase,USDTUSDC,1679368680000,2023-03-21 03:18:00,1.0038,1.0038,1.0035,1.0035,2.3
coinbase,USDTUSDC,1679369340000,2023-03-21 03:29:00,1.0035,1.0036,1.0035,1.0036,201.35
coinbase,USDTUSDC,1679370300000,2023-03-21 03:45:00,1.0036,1.0036,1.0035,1.0035,2290.93
coinbase,USDTUSDC,1679370540000,2023-03-21 03:49:00,1.0033,1.0035,1.0031,1.0034,1400.97
coinbase,USDTUSDC,1679370900000,2023-03-21 03:55:00,1.0031,1.0033,1.0031,1.0033,155.2
coinbase,USDTUSDC,1679371080000,2023-03-21 03:58:00,1.0033,1.0035,1.0033,1.0034,4494.53
coinbase,USDTUSDC,1679335380000,2023-03-20 18:03:00,1.0039,1.004,1.0038,1.004,991.5
coinbase,USDTUSDC,1679335500000,2023-03-20 18:05:00,1.0039,1.004,1.0039,1.004,1563.61
coinbase,USDTUSDC,1679335860000,2023-03-20 18:11:00,1.0042,1.0043,1.0042,1.0043,224.08
coinbase,USDTUSDC,1679336100000,2023-03-20 18:15:00,1.0043,1.0043,1.004,1.004,420.88
coinbase,USDTUSDC,1679336520000,2023-03-20 18:22:00,1.004,1.004,1.004,1.004,50.15
coinbase,USDTUSDC,1679336820000,2023-03-20 18:27:00,1.0037,1.004,1.0037,1.004,224.71
coinbase,USDTUSDC,1679337060000,2023-03-20 18:31:00,1.0037,1.0037,1.0037,1.0037,1040.04
coinbase,USDTUSDC,1679337120000,2023-03-20 18:32:00,1.0038,1.0038,1.0037,1.0037,1600.66
coinbase,USDTUSDC,1679337180000,2023-03-20 18:33:00,1.0037,1.0037,1.0037,1.0037,861.81
coinbase,USDTUSDC,1679337240000,2023-03-20 18:34:00,1.0038,1.0038,1.0038,1.0038,61.34
coinbase,USDTUSDC,1679337480000,2023-03-20 18:38:00,1.0038,1.0038,1.0038,1.0038,61.34
coinbase,USDTUSDC,1679337840000,2023-03-20 18:44:00,1.004,1.004,1.0038,1.0038,81.26
coinbase,USDTUSDC,1679338020000,2023-03-20 18:47:00,1.0037,1.0039,1.0037,1.0039,108.24
coinbase,USDTUSDC,1679338140000,2023-03-20 18:49:00,1.0039,1.0039,1.0039,1.0039,3.02
coinbase,USDTUSDC,1679338200000,2023-03-20 18:50:00,1.0038,1.0039,1.0033,1.0033,1055.16
coinbase,USDTUSDC,1679338260000,2023-03-20 18:51:00,1.0034,1.0037,1.0028,1.0028,1038.08
coinbase,USDTUSDC,1679338740000,2023-03-20 18:59:00,1.0037,1.0037,1.0033,1.0033,4.75
coinbase,USDTUSDC,1679339040000,2023-03-20 19:04:00,1.0037,1.0039,1.0037,1.0039,662.04
coinbase,USDTUSDC,1679339220000,2023-03-20 19:07:00,1.0039,1.0039,1.0037,1.0037,1099.26
coinbase,USDTUSDC,1679339340000,2023-03-20 19:09:00,1.0037,1.0037,1.0037,1.0037,982.13
coinbase,USDTUSDC,1679339400000,2023-03-20 19:10:00,1.0036,1.0036,1.0036,1.0036,1040.14
coinbase,USDTUSDC,1679339520000,2023-03-20 19:12:00,1.0037,1.0037,1.0036,1.0037,1564.12
coinbase,USDTUSDC,1679339820000,2023-03-20 19:17:00,1.0037,1.0039,1.0037,1.0039,1039.94
coinbase,USDTUSDC,1679339880000,2023-03-20 19:18:00,1.0034,1.0038,1.0034,1.0038,3.02
coinbase,USDTUSDC,1679340180000,2023-03-20 19:23:00,1.0038,1.0039,1.0038,1.0039,10223.84
coinbase,USDTUSDC,1679340360000,2023-03-20 19:26:00,1.004,1.004,1.004,1.004,1002.11
coinbase,USDTUSDC,1679340480000,2023-03-20 19:28:00,1.0041,1.0041,1.0041,1.0041,200
coinbase,USDTUSDC,1679340540000,2023-03-20 19:29:00,1.0041,1.0046,1.0037,1.0037,59599.89
coinbase,USDTUSDC,1679340600000,2023-03-20 19:30:00,1.0038,1.0046,1.0032,1.0039,210494.09
coinbase,USDTUSDC,1679340660000,2023-03-20 19:31:00,1.0037,1.0043,1.0037,1.0037,87793.9
coinbase,USDTUSDC,1679340720000,2023-03-20 19:32:00,1.0037,1.0037,1.0037,1.0037,2501.8
coinbase,USDTUSDC,1679340780000,2023-03-20 19:33:00,1.0037,1.0037,1.0036,1.0036,1894.89
coinbase,USDTUSDC,1679341080000,2023-03-20 19:38:00,1.0036,1.0036,1.0036,1.0036,1560.36
coinbase,USDTUSDC,1679341200000,2023-03-20 19:40:00,1.0036,1.0036,1.0035,1.0035,3660.65
coinbase,USDTUSDC,1679341320000,2023-03-20 19:42:00,1.0037,1.0037,1.0034,1.0034,1037.88
coinbase,USDTUSDC,1679341380000,2023-03-20 19:43:00,1.0034,1.0034,1.0033,1.0033,5460.83
coinbase,USDTUSDC,1679341440000,2023-03-20 19:44:00,1.0032,1.0033,1.0032,1.0033,1093.14
coinbase,USDTUSDC,1679341500000,2023-03-20 19:45:00,1.0033,1.0038,1.0033,1.0038,2167.51
coinbase,USDTUSDC,1679341620000,2023-03-20 19:47:00,1.0037,1.0037,1.0033,1.0033,532.45
coinbase,USDTUSDC,1679341680000,2023-03-20 19:48:00,1.0035,1.0035,1.0034,1.0034,1074.44
coinbase,USDTUSDC,1679341740000,2023-03-20 19:49:00,1.0034,1.0034,1.0034,1.0034,524.18
coinbase,USDTUSDC,1679341860000,2023-03-20 19:51:00,1.0034,1.0034,1.0032,1.0033,2341.81
coinbase,USDTUSDC,1679341920000,2023-03-20 19:52:00,1.0033,1.0043,1.0033,1.0036,27670.12
coinbase,USDTUSDC,1679341980000,2023-03-20 19:53:00,1.0036,1.0036,1.0034,1.0034,7210.72
coinbase,USDTUSDC,1679342100000,2023-03-20 19:55:00,1.0034,1.004,1.0034,1.004,50711.93
coinbase,USDTUSDC,1679342160000,2023-03-20 19:56:00,1.004,1.0041,1.0035,1.0035,29357.7
coinbase,USDTUSDC,1679342280000,2023-03-20 19:58:00,1.0034,1.0034,1.0034,1.0034,784.81
coinbase,USDTUSDC,1679342400000,2023-03-20 20:00:00,1.0034,1.0034,1.0034,1.0034,511.75
coinbase,USDTUSDC,1679342460000,2023-03-20 20:01:00,1.0034,1.0035,1.0034,1.0035,226.18
coinbase,USDTUSDC,1679343060000,2023-03-20 20:11:00,1.0038,1.0038,1.0038,1.0038,2.07
coinbase,USDTUSDC,1679343120000,2023-03-20 20:12:00,1.0036,1.0036,1.0033,1.0033,99.97
coinbase,USDTUSDC,1679343840000,2023-03-20 20:24:00,1.0033,1.0033,1.0033,1.0033,4.49
coinbase,USDTUSDC,1679344140000,2023-03-20 20:29:00,1.0033,1.0033,1.0033,1.0033,6.21
coinbase,USDTUSDC,1679345340000,2023-03-20 20:49:00,1.0033,1.0033,1.0033,1.0033,8.5
coinbase,USDTUSDC,1679345880000,2023-03-20 20:58:00,1.0035,1.0035,1.0033,1.0033,1354.41
coinbase,USDTUSDC,1679346060000,2023-03-20 21:01:00,1.0037,1.0037,1.0037,1.0037,1.61
coinbase,USDTUSDC,1679346360000,2023-03-20 21:06:00,1.0035,1.0035,1.0035,1.0035,19054.56
coinbase,USDTUSDC,1679346420000,2023-03-20 21:07:00,1.0035,1.0038,1.0035,1.0038,20.21
coinbase,USDTUSDC,1679346600000,2023-03-20 21:10:00,1.0038,1.0038,1.0038,1.0038,71.8
coinbase,USDTUSDC,1679346660000,2023-03-20 21:11:00,1.0038,1.0039,1.0035,1.0035,26.81
coinbase,USDTUSDC,1679346960000,2023-03-20 21:16:00,1.0035,1.0035,1.0034,1.0034,680.54
coinbase,USDTUSDC,1679347380000,2023-03-20 21:23:00,1.0034,1.0034,1.0033,1.0033,8.5
coinbase,USDTUSDC,1679347800000,2023-03-20 21:30:00,1.0033,1.0033,1.0033,1.0033,3.14
coinbase,USDTUSDC,1679349480000,2023-03-20 21:58:00,1.0033,1.0035,1.0033,1.0035,5.66
coinbase,USDTUSDC,1679350080000,2023-03-20 22:08:00,1.0034,1.0034,1.0034,1.0034,3.44
coinbase,USDTUSDC,1679350140000,2023-03-20 22:09:00,1.0034,1.0034,1.0034,1.0034,75.74
coinbase,USDTUSDC,1679350260000,2023-03-20 22:11:00,1.0033,1.0037,1.0033,1.0037,116.57
coinbase,USDTUSDC,1679350500000,2023-03-20 22:15:00,1.0037,1.0037,1.0036,1.0036,5.33
coinbase,USDTUSDC,1679350620000,2023-03-20 22:17:00,1.0037,1.0037,1.0037,1.0037,12.36
coinbase,USDTUSDC,1679351340000,2023-03-20 22:29:00,1.0036,1.0038,1.0033,1.0033,190.09
coinbase,USDTUSDC,1679351580000,2023-03-20 22:33:00,1.0033,1.0036,1.0033,1.0036,16.4
coinbase,USDTUSDC,1679352420000,2023-03-20 22:47:00,1.0037,1.0037,1.0033,1.0037,39.06
coinbase,USDTUSDC,1679352840000,2023-03-20 22:54:00,1.0037,1.0038,1.0037,1.0037,333.35
coinbase,USDTUSDC,1679353140000,2023-03-20 22:59:00,1.0037,1.0037,1.0036,1.0036,17.9
coinbase,USDTUSDC,1679317380000,2023-03-20 13:03:00,1.0036,1.0036,1.0036,1.0036,4.88
coinbase,USDTUSDC,1679317500000,2023-03-20 13:05:00,1.0036,1.0037,1.0035,1.0035,1637.2
coinbase,USDTUSDC,1679317920000,2023-03-20 13:12:00,1.0034,1.0036,1.0034,1.0036,1709.68
coinbase,USDTUSDC,1679318040000,2023-03-20 13:14:00,1.0035,1.0036,1.0035,1.0036,12.72
coinbase,USDTUSDC,1679318160000,2023-03-20 13:16:00,1.0035,1.0035,1.0035,1.0035,207.19
coinbase,USDTUSDC,1679318400000,2023-03-20 13:20:00,1.0035,1.0035,1.0034,1.0034,20140.72
coinbase,USDTUSDC,1679318460000,2023-03-20 13:21:00,1.0034,1.0037,1.0034,1.0037,9502.84
coinbase,USDTUSDC,1679319000000,2023-03-20 13:30:00,1.0037,1.0037,1.0035,1.0035,10.12
coinbase,USDTUSDC,1679319180000,2023-03-20 13:33:00,1.0034,1.0034,1.0034,1.0034,317.56
coinbase,USDTUSDC,1679319300000,2023-03-20 13:35:00,1.0034,1.0034,1.0034,1.0034,40286.67
coinbase,USDTUSDC,1679319360000,2023-03-20 13:36:00,1.0034,1.0036,1.0034,1.0036,18420.17
coinbase,USDTUSDC,1679319540000,2023-03-20 13:39:00,1.0033,1.0034,1.0033,1.0033,209.97
coinbase,USDTUSDC,1679319840000,2023-03-20 13:44:00,1.0035,1.0035,1.0035,1.0035,14
coinbase,USDTUSDC,1679320020000,2023-03-20 13:47:00,1.0032,1.0036,1.0032,1.0036,42.12
coinbase,USDTUSDC,1679320320000,2023-03-20 13:52:00,1.0034,1.0034,1.0031,1.0032,3307.63
coinbase,USDTUSDC,1679320440000,2023-03-20 13:54:00,1.0032,1.0032,1.003,1.003,3033.96
coinbase,USDTUSDC,1679320500000,2023-03-20 13:55:00,1.0033,1.0033,1.003,1.0031,79.55
coinbase,USDTUSDC,1679320560000,2023-03-20 13:56:00,1.0032,1.0032,1.003,1.0031,1489.8
coinbase,USDTUSDC,1679320620000,2023-03-20 13:57:00,1.0031,1.0034,1.0031,1.0034,2256.34
coinbase,USDTUSDC,1679320680000,2023-03-20 13:58:00,1.0035,1.0035,1.0035,1.0035,379.48
coinbase,USDTUSDC,1679320740000,2023-03-20 13:59:00,1.0035,1.0037,1.0035,1.0037,4715.08
coinbase,USDTUSDC,1679320860000,2023-03-20 14:01:00,1.0033,1.0033,1.0033,1.0033,31.96
coinbase,USDTUSDC,1679320980000,2023-03-20 14:03:00,1.0033,1.0033,1.0031,1.0031,2590.92
coinbase,USDTUSDC,1679321100000,2023-03-20 14:05:00,1.0031,1.0031,1.0028,1.0028,2315.46
coinbase,USDTUSDC,1679321160000,2023-03-20 14:06:00,1.0028,1.003,1.0028,1.0028,355.43
coinbase,USDTUSDC,1679321220000,2023-03-20 14:07:00,1.0029,1.0029,1.0024,1.0024,1042.02
coinbase,USDTUSDC,1679321400000,2023-03-20 14:10:00,1.0028,1.0028,1.0028,1.0028,1320.68
coinbase,USDTUSDC,1679321700000,2023-03-20 14:15:00,1.003,1.003,1.0029,1.0029,16.62
coinbase,USDTUSDC,1679321940000,2023-03-20 14:19:00,1.0029,1.0029,1.0029,1.0029,79.37
coinbase,USDTUSDC,1679322000000,2023-03-20 14:20:00,1.0029,1.003,1.0029,1.003,66.92
coinbase,USDTUSDC,1679322240000,2023-03-20 14:24:00,1.003,1.003,1.003,1.003,4.6
coinbase,USDTUSDC,1679322540000,2023-03-20 14:29:00,1.0029,1.003,1.0029,1.003,1137.16
coinbase,USDTUSDC,1679322720000,2023-03-20 14:32:00,1.0029,1.0029,1.0028,1.0028,9.48
coinbase,USDTUSDC,1679323620000,2023-03-20 14:47:00,1.0029,1.0029,1.0029,1.0029,156.93
coinbase,USDTUSDC,1679323680000,2023-03-20 14:48:00,1.0028,1.0028,1.0028,1.0028,4314.71
coinbase,USDTUSDC,1679323740000,2023-03-20 14:49:00,1.0027,1.0027,1.0027,1.0027,4.31
coinbase,USDTUSDC,1679323860000,2023-03-20 14:51:00,1.0027,1.0027,1.0027,1.0027,95.42
coinbase,USDTUSDC,1679324040000,2023-03-20 14:54:00,1.0026,1.0026,1.0026,1.0026,1.63
coinbase,USDTUSDC,1679324100000,2023-03-20 14:55:00,1.0028,1.0028,1.0028,1.0028,152.78
coinbase,USDTUSDC,1679324220000,2023-03-20 14:57:00,1.0026,1.0026,1.0025,1.0025,4554.75
coinbase,USDTUSDC,1679324400000,2023-03-20 15:00:00,1.0024,1.0024,1.0024,1.0024,1.47
coinbase,USDTUSDC,1679324580000,2023-03-20 15:03:00,1.0028,1.0028,1.0028,1.0028,230.7
coinbase,USDTUSDC,1679324700000,2023-03-20 15:05:00,1.0028,1.0028,1.0026,1.0026,233.15
coinbase,USDTUSDC,1679324760000,2023-03-20 15:06:00,1.0028,1.0028,1.0028,1.0028,1973.13
coinbase,USDTUSDC,1679324820000,2023-03-20 15:07:00,1.0028,1.0028,1.0027,1.0027,1503.59
coinbase,USDTUSDC,1679324880000,2023-03-20 15:08:00,1.0026,1.0028,1.0026,1.0028,3940.02
coinbase,USDTUSDC,1679324940000,2023-03-20 15:09:00,1.0028,1.0028,1.0028,1.0028,1266.85
coinbase,USDTUSDC,1679325060000,2023-03-20 15:11:00,1.0028,1.0028,1.0028,1.0028,652.69
coinbase,USDTUSDC,1679325180000,2023-03-20 15:13:00,1.0029,1.0029,1.0028,1.0028,446.91
coinbase,USDTUSDC,1679325540000,2023-03-20 15:19:00,1.0028,1.003,1.0028,1.003,386.56
coinbase,USDTUSDC,1679325660000,2023-03-20 15:21:00,1.0029,1.0031,1.0029,1.0031,417.02
coinbase,USDTUSDC,1679325780000,2023-03-20 15:23:00,1.0031,1.0033,1.0031,1.0033,331.09
coinbase,USDTUSDC,1679325840000,2023-03-20 15:24:00,1.0033,1.004,1.0033,1.004,39058.73
coinbase,USDTUSDC,1679326020000,2023-03-20 15:27:00,1.0035,1.0035,1.0035,1.0035,30.68
coinbase,USDTUSDC,1679326380000,2023-03-20 15:33:00,1.0034,1.0035,1.0034,1.0035,292.04
coinbase,USDTUSDC,1679326500000,2023-03-20 15:35:00,1.0035,1.0035,1.0033,1.0034,430.68
coinbase,USDTUSDC,1679326680000,2023-03-20 15:38:00,1.0032,1.0033,1.0032,1.0032,2253.81
coinbase,USDTUSDC,1679327160000,2023-03-20 15:46:00,1.0034,1.0034,1.0032,1.0034,1304.5
coinbase,USDTUSDC,1679327220000,2023-03-20 15:47:00,1.0034,1.0034,1.0032,1.0034,1631.1
coinbase,USDTUSDC,1679327340000,2023-03-20 15:49:00,1.0032,1.0035,1.0032,1.0035,2531.1
coinbase,USDTUSDC,1679327400000,2023-03-20 15:50:00,1.0032,1.0032,1.0031,1.0032,2124.67
coinbase,USDTUSDC,1679327580000,2023-03-20 15:53:00,1.003,1.0033,1.003,1.003,1025.89
coinbase,USDTUSDC,1679327640000,2023-03-20 15:54:00,1.003,1.003,1.003,1.003,1292.04
coinbase,USDTUSDC,1679327700000,2023-03-20 15:55:00,1.0029,1.003,1.0029,1.0029,1501.54
coinbase,USDTUSDC,1679327940000,2023-03-20 15:59:00,1.0032,1.0032,1.0029,1.0029,168.75
coinbase,USDTUSDC,1679328480000,2023-03-20 16:08:00,1.0033,1.0033,1.0031,1.0031,3003.57
coinbase,USDTUSDC,1679328540000,2023-03-20 16:09:00,1.0032,1.0032,1.0029,1.0029,903.09
coinbase,USDTUSDC,1679328720000,2023-03-20 16:12:00,1.0028,1.0028,1.0028,1.0028,2788.54
coinbase,USDTUSDC,1679328780000,2023-03-20 16:13:00,1.0028,1.0028,1.0028,1.0028,1561.38
coinbase,USDTUSDC,1679328840000,2023-03-20 16:14:00,1.0027,1.003,1.0027,1.003,2240.95
coinbase,USDTUSDC,1679328900000,2023-03-20 16:15:00,1.003,1.003,1.0027,1.0027,587.48
coinbase,USDTUSDC,1679329020000,2023-03-20 16:17:00,1.0028,1.0028,1.0027,1.0027,1955.98
coinbase,USDTUSDC,1679329080000,2023-03-20 16:18:00,1.0027,1.0027,1.0027,1.0027,1760.09
coinbase,USDTUSDC,1679329140000,2023-03-20 16:19:00,1.0027,1.0028,1.0027,1.0028,812.15
coinbase,USDTUSDC,1679329200000,2023-03-20 16:20:00,1.0027,1.0027,1.0027,1.0027,9.05
coinbase,USDTUSDC,1679329260000,2023-03-20 16:21:00,1.0027,1.003,1.0027,1.0029,3190.39
coinbase,USDTUSDC,1679329320000,2023-03-20 16:22:00,1.0028,1.003,1.0028,1.0029,1807.86
coinbase,USDTUSDC,1679329380000,2023-03-20 16:23:00,1.003,1.0031,1.0028,1.0028,842.88
coinbase,USDTUSDC,1679329440000,2023-03-20 16:24:00,1.0028,1.003,1.0028,1.003,334.11
coinbase,USDTUSDC,1679329680000,2023-03-20 16:28:00,1.003,1.0033,1.003,1.0033,221.36
coinbase,USDTUSDC,1679329860000,2023-03-20 16:31:00,1.0033,1.0034,1.0033,1.0034,315.86
coinbase,USDTUSDC,1679330160000,2023-03-20 16:36:00,1.0033,1.0034,1.0033,1.0034,1044.88
coinbase,USDTUSDC,1679330580000,2023-03-20 16:43:00,1.0033,1.0034,1.0033,1.0034,1237.43
coinbase,USDTUSDC,1679330700000,2023-03-20 16:45:00,1.0032,1.0035,1.0032,1.0035,1327.96
coinbase,USDTUSDC,1679330760000,2023-03-20 16:46:00,1.0034,1.0035,1.0034,1.0035,46.99
coinbase,USDTUSDC,1679330820000,2023-03-20 16:47:00,1.0034,1.0034,1.0034,1.0034,2.04
coinbase,USDTUSDC,1679330880000,2023-03-20 16:48:00,1.0033,1.0035,1.0033,1.0035,63.48
coinbase,USDTUSDC,1679331000000,2023-03-20 16:50:00,1.0029,1.0035,1.0029,1.0035,149.13
coinbase,USDTUSDC,1679331240000,2023-03-20 16:54:00,1.0035,1.0035,1.0035,1.0035,0.02
coinbase,USDTUSDC,1679331300000,2023-03-20 16:55:00,1.0036,1.0036,1.0036,1.0036,7.56
coinbase,USDTUSDC,1679331480000,2023-03-20 16:58:00,1.0036,1.0036,1.0036,1.0036,2.97
coinbase,USDTUSDC,1679331960000,2023-03-20 17:06:00,1.0036,1.0037,1.0036,1.0037,45.58
coinbase,USDTUSDC,1679332260000,2023-03-20 17:11:00,1.0037,1.0038,1.0037,1.0038,95.53
coinbase,USDTUSDC,1679332500000,2023-03-20 17:15:00,1.0037,1.0037,1.0037,1.0037,87.36
coinbase,USDTUSDC,1679333160000,2023-03-20 17:26:00,1.0038,1.0039,1.0036,1.0036,138.93
coinbase,USDTUSDC,1679333580000,2023-03-20 17:33:00,1.0038,1.0038,1.0038,1.0038,7.79
coinbase,USDTUSDC,1679333820000,2023-03-20 17:37:00,1.0037,1.0037,1.0036,1.0036,8.16
coinbase,USDTUSDC,1679334480000,2023-03-20 17:48:00,1.0036,1.0038,1.0036,1.0038,2.67
coinbase,USDTUSDC,1679334840000,2023-03-20 17:54:00,1.0038,1.0038,1.0038,1.0038,1.09
coinbase,USDTUSDC,1679335140000,2023-03-20 17:59:00,1.0038,1.0038,1.0036,1.0036,517.05
coinbase,USDTUSDC,1679299740000,2023-03-20 08:09:00,1.0031,1.0032,1.0031,1.0032,864.17
coinbase,USDTUSDC,1679300100000,2023-03-20 08:15:00,1.0032,1.0033,1.0032,1.0033,8.21
coinbase,USDTUSDC,1679300160000,2023-03-20 08:16:00,1.0033,1.0033,1.0031,1.0031,17.51
coinbase,USDTUSDC,1679300220000,2023-03-20 08:17:00,1.0033,1.0033,1.003,1.003,28.5
coinbase,USDTUSDC,1679300280000,2023-03-20 08:18:00,1.0032,1.0032,1.0032,1.0032,1.31
coinbase,USDTUSDC,1679300340000,2023-03-20 08:19:00,1.0033,1.0041,1.0033,1.0036,28839.43
coinbase,USDTUSDC,1679300460000,2023-03-20 08:21:00,1.0035,1.0037,1.0034,1.0037,2319.52
coinbase,USDTUSDC,1679300520000,2023-03-20 08:22:00,1.0036,1.0041,1.0036,1.0037,43127.08
coinbase,USDTUSDC,1679300580000,2023-03-20 08:23:00,1.0039,1.0041,1.0036,1.0037,23663.9
coinbase,USDTUSDC,1679300640000,2023-03-20 08:24:00,1.0037,1.0042,1.0036,1.004,22311.47
coinbase,USDTUSDC,1679300700000,2023-03-20 08:25:00,1.0042,1.0043,1.0036,1.0036,61852.25
coinbase,USDTUSDC,1679300760000,2023-03-20 08:26:00,1.0035,1.0037,1.0033,1.0033,10864.36
coinbase,USDTUSDC,1679300820000,2023-03-20 08:27:00,1.0034,1.0037,1.0033,1.0034,22441.43
coinbase,USDTUSDC,1679300880000,2023-03-20 08:28:00,1.0036,1.0037,1.0034,1.0034,7086.53
coinbase,USDTUSDC,1679300940000,2023-03-20 08:29:00,1.0034,1.0038,1.0034,1.0036,14677
coinbase,USDTUSDC,1679301000000,2023-03-20 08:30:00,1.0033,1.0036,1.0033,1.0035,386.18
coinbase,USDTUSDC,1679301120000,2023-03-20 08:32:00,1.0035,1.0035,1.0035,1.0035,976.71
coinbase,USDTUSDC,1679301300000,2023-03-20 08:35:00,1.0035,1.0035,1.0031,1.0031,1063.73
coinbase,USDTUSDC,1679301420000,2023-03-20 08:37:00,1.003,1.003,1.0029,1.0029,405.87
coinbase,USDTUSDC,1679301660000,2023-03-20 08:41:00,1.0033,1.0033,1.0029,1.0029,997.42
coinbase,USDTUSDC,1679301720000,2023-03-20 08:42:00,1.0033,1.0033,1.0029,1.0029,641.19
coinbase,USDTUSDC,1679301780000,2023-03-20 08:43:00,1.0028,1.0031,1.0028,1.0031,7254.85
coinbase,USDTUSDC,1679301900000,2023-03-20 08:45:00,1.0027,1.0031,1.0026,1.003,56225.64
coinbase,USDTUSDC,1679301960000,2023-03-20 08:46:00,1.0028,1.0032,1.0027,1.0031,78346.46
coinbase,USDTUSDC,1679302020000,2023-03-20 08:47:00,1.0028,1.0033,1.0027,1.0033,25036.58
coinbase,USDTUSDC,1679302080000,2023-03-20 08:48:00,1.0033,1.0033,1.0033,1.0033,1.84
coinbase,USDTUSDC,1679302140000,2023-03-20 08:49:00,1.0028,1.0034,1.0028,1.0034,77.62
coinbase,USDTUSDC,1679302440000,2023-03-20 08:54:00,1.0033,1.0033,1.003,1.003,2180.95
coinbase,USDTUSDC,1679302500000,2023-03-20 08:55:00,1.0033,1.0034,1.0031,1.0034,870.88
coinbase,USDTUSDC,1679302560000,2023-03-20 08:56:00,1.0034,1.0034,1.0034,1.0034,30.68
coinbase,USDTUSDC,1679302620000,2023-03-20 08:57:00,1.0034,1.0034,1.0033,1.0033,129.7
coinbase,USDTUSDC,1679302680000,2023-03-20 08:58:00,1.0033,1.0033,1.0032,1.0033,910.32
coinbase,USDTUSDC,1679302740000,2023-03-20 08:59:00,1.0033,1.0034,1.0032,1.0032,686.94
coinbase,USDTUSDC,1679302980000,2023-03-20 09:03:00,1.0032,1.0032,1.0032,1.0032,207.1
coinbase,USDTUSDC,1679303100000,2023-03-20 09:05:00,1.0032,1.0032,1.0032,1.0032,69.37
coinbase,USDTUSDC,1679303220000,2023-03-20 09:07:00,1.0032,1.0032,1.003,1.0032,628.53
coinbase,USDTUSDC,1679304060000,2023-03-20 09:21:00,1.0032,1.0034,1.0032,1.0034,184.08
coinbase,USDTUSDC,1679304120000,2023-03-20 09:22:00,1.0034,1.0038,1.0033,1.0033,5025.1
coinbase,USDTUSDC,1679304540000,2023-03-20 09:29:00,1.0032,1.0032,1.003,1.003,471.6
coinbase,USDTUSDC,1679304840000,2023-03-20 09:34:00,1.003,1.003,1.003,1.003,68.38
coinbase,USDTUSDC,1679305140000,2023-03-20 09:39:00,1.0034,1.0034,1.003,1.003,1837.95
coinbase,USDTUSDC,1679305200000,2023-03-20 09:40:00,1.003,1.0032,1.003,1.0032,963.43
coinbase,USDTUSDC,1679305380000,2023-03-20 09:43:00,1.0031,1.0033,1.0031,1.0033,9.27
coinbase,USDTUSDC,1679305680000,2023-03-20 09:48:00,1.0031,1.0031,1.0031,1.0031,6.23
coinbase,USDTUSDC,1679305740000,2023-03-20 09:49:00,1.0029,1.0029,1.0028,1.0028,2711.97
coinbase,USDTUSDC,1679305860000,2023-03-20 09:51:00,1.0027,1.0029,1.0027,1.0029,368.86
coinbase,USDTUSDC,1679306040000,2023-03-20 09:54:00,1.0029,1.0029,1.0029,1.0029,1.09
coinbase,USDTUSDC,1679306100000,2023-03-20 09:55:00,1.0029,1.0029,1.0029,1.0029,3659.02
coinbase,USDTUSDC,1679306160000,2023-03-20 09:56:00,1.0029,1.003,1.0029,1.003,2413.17
coinbase,USDTUSDC,1679306400000,2023-03-20 10:00:00,1.0028,1.003,1.0028,1.0029,487.85
coinbase,USDTUSDC,1679306640000,2023-03-20 10:04:00,1.003,1.003,1.003,1.003,520.43
coinbase,USDTUSDC,1679306700000,2023-03-20 10:05:00,1.003,1.003,1.003,1.003,1060.86
coinbase,USDTUSDC,1679306820000,2023-03-20 10:07:00,1.0028,1.0028,1.0028,1.0028,469.48
coinbase,USDTUSDC,1679306880000,2023-03-20 10:08:00,1.0028,1.0029,1.0028,1.0029,69.99
coinbase,USDTUSDC,1679307060000,2023-03-20 10:11:00,1.003,1.0032,1.003,1.0032,522.27
coinbase,USDTUSDC,1679307420000,2023-03-20 10:17:00,1.0028,1.0032,1.0028,1.0032,588.1
coinbase,USDTUSDC,1679307660000,2023-03-20 10:21:00,1.0033,1.0034,1.0032,1.0034,1124.82
coinbase,USDTUSDC,1679307960000,2023-03-20 10:26:00,1.0034,1.0034,1.0034,1.0034,3.23
coinbase,USDTUSDC,1679308140000,2023-03-20 10:29:00,1.0034,1.0034,1.0029,1.0029,11831.7
coinbase,USDTUSDC,1679308260000,2023-03-20 10:31:00,1.0028,1.0029,1.0028,1.0029,1768.88
coinbase,USDTUSDC,1679308320000,2023-03-20 10:32:00,1.0029,1.0032,1.0027,1.0029,7879.63
coinbase,USDTUSDC,1679308380000,2023-03-20 10:33:00,1.0032,1.0032,1.0032,1.0032,1441.48
coinbase,USDTUSDC,1679308740000,2023-03-20 10:39:00,1.0032,1.0032,1.0032,1.0032,59.97
coinbase,USDTUSDC,1679308800000,2023-03-20 10:40:00,1.0029,1.0032,1.0029,1.0032,94.68
coinbase,USDTUSDC,1679309160000,2023-03-20 10:46:00,1.0031,1.0032,1.0031,1.0032,285.03
coinbase,USDTUSDC,1679309220000,2023-03-20 10:47:00,1.0032,1.0034,1.0032,1.0032,247.56
coinbase,USDTUSDC,1679309400000,2023-03-20 10:50:00,1.0034,1.0034,1.0034,1.0034,3.65
coinbase,USDTUSDC,1679309880000,2023-03-20 10:58:00,1.0034,1.0034,1.0034,1.0034,264.69
coinbase,USDTUSDC,1679309940000,2023-03-20 10:59:00,1.0034,1.0037,1.0034,1.0037,2677.92
coinbase,USDTUSDC,1679310300000,2023-03-20 11:05:00,1.0035,1.0035,1.0035,1.0035,144.95
coinbase,USDTUSDC,1679310660000,2023-03-20 11:11:00,1.0035,1.0038,1.0035,1.0038,71.92
coinbase,USDTUSDC,1679311260000,2023-03-20 11:21:00,1.0036,1.0036,1.0036,1.0036,22.37
coinbase,USDTUSDC,1679311620000,2023-03-20 11:27:00,1.0035,1.0035,1.0035,1.0035,4.55
coinbase,USDTUSDC,1679311800000,2023-03-20 11:30:00,1.0035,1.0035,1.0035,1.0035,4.09
coinbase,USDTUSDC,1679312100000,2023-03-20 11:35:00,1.0038,1.0038,1.0038,1.0038,194.62
coinbase,USDTUSDC,1679312820000,2023-03-20 11:47:00,1.0038,1.0038,1.0038,1.0038,1.47
coinbase,USDTUSDC,1679312880000,2023-03-20 11:48:00,1.0038,1.0038,1.0033,1.0033,6.08
coinbase,USDTUSDC,1679313000000,2023-03-20 11:50:00,1.0038,1.0038,1.0034,1.0034,63.14
coinbase,USDTUSDC,1679313420000,2023-03-20 11:57:00,1.0035,1.0037,1.0035,1.0037,1453.21
coinbase,USDTUSDC,1679313840000,2023-03-20 12:04:00,1.0035,1.0037,1.0035,1.0037,267.65
coinbase,USDTUSDC,1679314320000,2023-03-20 12:12:00,1.0035,1.0038,1.0035,1.0038,303.55
coinbase,USDTUSDC,1679315100000,2023-03-20 12:25:00,1.0038,1.0038,1.0038,1.0038,21.7
coinbase,USDTUSDC,1679315340000,2023-03-20 12:29:00,1.0038,1.0038,1.0038,1.0038,7.58
coinbase,USDTUSDC,1679316420000,2023-03-20 12:47:00,1.0036,1.0036,1.0035,1.0035,61.16
coinbase,USDTUSDC,1679316660000,2023-03-20 12:51:00,1.0035,1.0035,1.0035,1.0035,2.27
coinbase,USDTUSDC,1679316960000,2023-03-20 12:56:00,1.0036,1.0037,1.0035,1.0035,295.67
coinbase,USDTUSDC,1679281440000,2023-03-20 03:04:00,1.0029,1.0029,1.0029,1.0029,1410.08
coinbase,USDTUSDC,1679281680000,2023-03-20 03:08:00,1.0029,1.0029,1.0029,1.0029,527.28
coinbase,USDTUSDC,1679281740000,2023-03-20 03:09:00,1.0029,1.0029,1.0029,1.0029,158.14
coinbase,USDTUSDC,1679282100000,2023-03-20 03:15:00,1.0029,1.0029,1.0029,1.0029,23.71
coinbase,USDTUSDC,1679282160000,2023-03-20 03:16:00,1.0029,1.0029,1.0029,1.0029,504.32
coinbase,USDTUSDC,1679282220000,2023-03-20 03:17:00,1.0029,1.003,1.0029,1.0029,566.86
coinbase,USDTUSDC,1679282340000,2023-03-20 03:19:00,1.003,1.003,1.003,1.003,6234.44
coinbase,USDTUSDC,1679282700000,2023-03-20 03:25:00,1.003,1.003,1.003,1.003,2038.87
coinbase,USDTUSDC,1679282760000,2023-03-20 03:26:00,1.003,1.003,1.003,1.003,942.43
coinbase,USDTUSDC,1679282940000,2023-03-20 03:29:00,1.003,1.003,1.003,1.003,255.48
coinbase,USDTUSDC,1679283000000,2023-03-20 03:30:00,1.003,1.003,1.003,1.003,1865.56
coinbase,USDTUSDC,1679283060000,2023-03-20 03:31:00,1.003,1.003,1.003,1.003,2123.73
coinbase,USDTUSDC,1679283180000,2023-03-20 03:33:00,1.003,1.003,1.003,1.003,1093.07
coinbase,USDTUSDC,1679283660000,2023-03-20 03:41:00,1.003,1.003,1.003,1.003,13141.06
coinbase,USDTUSDC,1679284020000,2023-03-20 03:47:00,1.0032,1.0032,1.0032,1.0032,8.96
coinbase,USDTUSDC,1679284200000,2023-03-20 03:50:00,1.0031,1.0033,1.0031,1.0033,2578.29
coinbase,USDTUSDC,1679284440000,2023-03-20 03:54:00,1.0034,1.0034,1.0034,1.0034,9.81
coinbase,USDTUSDC,1679284620000,2023-03-20 03:57:00,1.0034,1.0037,1.0034,1.0037,3836.76
coinbase,USDTUSDC,1679284680000,2023-03-20 03:58:00,1.0036,1.0036,1.0034,1.0034,1115.52
coinbase,USDTUSDC,1679285100000,2023-03-20 04:05:00,1.0034,1.0035,1.0034,1.0035,464.29
coinbase,USDTUSDC,1679285340000,2023-03-20 04:09:00,1.0035,1.0035,1.0035,1.0035,5063.13
coinbase,USDTUSDC,1679285460000,2023-03-20 04:11:00,1.0035,1.0035,1.0035,1.0035,1263.96
coinbase,USDTUSDC,1679285520000,2023-03-20 04:12:00,1.0035,1.0037,1.0035,1.0037,592.51
coinbase,USDTUSDC,1679285760000,2023-03-20 04:16:00,1.0037,1.0037,1.0037,1.0037,1.48
coinbase,USDTUSDC,1679286360000,2023-03-20 04:26:00,1.0037,1.0037,1.0034,1.0034,897.25
coinbase,USDTUSDC,1679286840000,2023-03-20 04:34:00,1.0035,1.0035,1.0034,1.0035,1878.63
coinbase,USDTUSDC,1679287620000,2023-03-20 04:47:00,1.0035,1.0035,1.0035,1.0035,128.52
coinbase,USDTUSDC,1679287800000,2023-03-20 04:50:00,1.0035,1.0035,1.0035,1.0035,2.99
coinbase,USDTUSDC,1679288400000,2023-03-20 05:00:00,1.0034,1.0034,1.0034,1.0034,1.21
coinbase,USDTUSDC,1679288580000,2023-03-20 05:03:00,1.0034,1.0034,1.0034,1.0034,1158.14
coinbase,USDTUSDC,1679288640000,2023-03-20 05:04:00,1.0034,1.0034,1.0034,1.0034,487.05
coinbase,USDTUSDC,1679288700000,2023-03-20 05:05:00,1.0034,1.0034,1.0033,1.0033,164.29
coinbase,USDTUSDC,1679289600000,2023-03-20 05:20:00,1.0033,1.0033,1.0033,1.0033,32.01
coinbase,USDTUSDC,1679290140000,2023-03-20 05:29:00,1.0033,1.0034,1.0033,1.0034,1454.42
coinbase,USDTUSDC,1679290800000,2023-03-20 05:40:00,1.0035,1.0036,1.0033,1.0033,12997.33
coinbase,USDTUSDC,1679291580000,2023-03-20 05:53:00,1.0033,1.0033,1.0032,1.0032,1736.15
coinbase,USDTUSDC,1679291700000,2023-03-20 05:55:00,1.0031,1.0031,1.003,1.003,229.2
coinbase,USDTUSDC,1679292720000,2023-03-20 06:12:00,1.0032,1.0033,1.0031,1.0033,252.27
coinbase,USDTUSDC,1679292900000,2023-03-20 06:15:00,1.0033,1.0033,1.003,1.003,450.91
coinbase,USDTUSDC,1679293080000,2023-03-20 06:18:00,1.0034,1.0034,1.0032,1.0032,1235.39
coinbase,USDTUSDC,1679293440000,2023-03-20 06:24:00,1.0031,1.0034,1.0031,1.0034,2.48
coinbase,USDTUSDC,1679293560000,2023-03-20 06:26:00,1.0034,1.0034,1.0034,1.0034,2.92
coinbase,USDTUSDC,1679293800000,2023-03-20 06:30:00,1.0034,1.0035,1.0034,1.0035,54.23
coinbase,USDTUSDC,1679293920000,2023-03-20 06:32:00,1.0035,1.0035,1.0035,1.0035,157.34
coinbase,USDTUSDC,1679293980000,2023-03-20 06:33:00,1.0035,1.0035,1.0035,1.0035,957.89
coinbase,USDTUSDC,1679294100000,2023-03-20 06:35:00,1.0035,1.0035,1.0035,1.0035,65.64
coinbase,USDTUSDC,1679294340000,2023-03-20 06:39:00,1.0035,1.0036,1.0035,1.0036,293.5
coinbase,USDTUSDC,1679295000000,2023-03-20 06:50:00,1.0034,1.0034,1.0034,1.0034,1.61
coinbase,USDTUSDC,1679295120000,2023-03-20 06:52:00,1.0034,1.0034,1.0033,1.0033,1191.75
coinbase,USDTUSDC,1679295300000,2023-03-20 06:55:00,1.0033,1.0033,1.0033,1.0033,3.76
coinbase,USDTUSDC,1679295600000,2023-03-20 07:00:00,1.0034,1.0036,1.0034,1.0036,260.21
coinbase,USDTUSDC,1679295720000,2023-03-20 07:02:00,1.0036,1.0039,1.0036,1.0036,5949.87
coinbase,USDTUSDC,1679295780000,2023-03-20 07:03:00,1.0036,1.0036,1.0036,1.0036,291.52
coinbase,USDTUSDC,1679295840000,2023-03-20 07:04:00,1.0037,1.0037,1.0037,1.0037,99.07
coinbase,USDTUSDC,1679295900000,2023-03-20 07:05:00,1.0037,1.0037,1.0035,1.0035,615.62
coinbase,USDTUSDC,1679296020000,2023-03-20 07:07:00,1.0034,1.0034,1.0034,1.0034,1057.35
coinbase,USDTUSDC,1679296500000,2023-03-20 07:15:00,1.0034,1.0034,1.0034,1.0034,3.16
coinbase,USDTUSDC,1679296620000,2023-03-20 07:17:00,1.0034,1.0034,1.0034,1.0034,27.25
coinbase,USDTUSDC,1679296740000,2023-03-20 07:19:00,1.0033,1.0034,1.0033,1.0034,2296.16
coinbase,USDTUSDC,1679296920000,2023-03-20 07:22:00,1.0035,1.0035,1.0031,1.0031,2402.64
coinbase,USDTUSDC,1679297040000,2023-03-20 07:24:00,1.0032,1.0032,1.003,1.003,69.95
coinbase,USDTUSDC,1679297160000,2023-03-20 07:26:00,1.003,1.003,1.0029,1.0029,1383.95
coinbase,USDTUSDC,1679297280000,2023-03-20 07:28:00,1.003,1.003,1.003,1.003,277.77
coinbase,USDTUSDC,1679297520000,2023-03-20 07:32:00,1.003,1.003,1.003,1.003,160.68
coinbase,USDTUSDC,1679298120000,2023-03-20 07:42:00,1.0032,1.0032,1.003,1.003,207.84
coinbase,USDTUSDC,1679298360000,2023-03-20 07:46:00,1.0033,1.0033,1.0033,1.0033,61.79
coinbase,USDTUSDC,1679298420000,2023-03-20 07:47:00,1.0033,1.0033,1.003,1.003,40.8
coinbase,USDTUSDC,1679298600000,2023-03-20 07:50:00,1.003,1.0031,1.003,1.0031,157.16
coinbase,USDTUSDC,1679298720000,2023-03-20 07:52:00,1.0031,1.0031,1.003,1.003,291.1
coinbase,USDTUSDC,1679299080000,2023-03-20 07:58:00,1.003,1.003,1.0029,1.0029,73.27
coinbase,USDTUSDC,1679263320000,2023-03-19 22:02:00,1.0027,1.0029,1.0027,1.0029,32.2
coinbase,USDTUSDC,1679263680000,2023-03-19 22:08:00,1.0029,1.003,1.0029,1.003,901.31
coinbase,USDTUSDC,1679263800000,2023-03-19 22:10:00,1.003,1.003,1.003,1.003,37.63
coinbase,USDTUSDC,1679263920000,2023-03-19 22:12:00,1.0031,1.0031,1.0031,1.0031,1496.46
coinbase,USDTUSDC,1679264100000,2023-03-19 22:15:00,1.0031,1.0031,1.0027,1.0027,113.64
coinbase,USDTUSDC,1679264640000,2023-03-19 22:24:00,1.0031,1.0031,1.0031,1.0031,3.03
coinbase,USDTUSDC,1679264880000,2023-03-19 22:28:00,1.0031,1.0031,1.0031,1.0031,81.12
coinbase,USDTUSDC,1679264940000,2023-03-19 22:29:00,1.0031,1.0031,1.0031,1.0031,261.89
coinbase,USDTUSDC,1679265060000,2023-03-19 22:31:00,1.0031,1.0031,1.003,1.003,26.98
coinbase,USDTUSDC,1679265180000,2023-03-19 22:33:00,1.0031,1.0031,1.003,1.003,739.68
coinbase,USDTUSDC,1679265360000,2023-03-19 22:36:00,1.003,1.003,1.003,1.003,929.59
coinbase,USDTUSDC,1679265420000,2023-03-19 22:37:00,1.003,1.0032,1.003,1.0032,875.26
coinbase,USDTUSDC,1679266020000,2023-03-19 22:47:00,1.0032,1.0032,1.0032,1.0032,113.86
coinbase,USDTUSDC,1679266200000,2023-03-19 22:50:00,1.003,1.0031,1.003,1.0031,270.22
coinbase,USDTUSDC,1679266560000,2023-03-19 22:56:00,1.003,1.003,1.003,1.003,3.6
coinbase,USDTUSDC,1679266680000,2023-03-19 22:58:00,1.0028,1.0028,1.0027,1.0027,313.68
coinbase,USDTUSDC,1679266740000,2023-03-19 22:59:00,1.0027,1.0029,1.0027,1.0029,701.73
coinbase,USDTUSDC,1679267400000,2023-03-19 23:10:00,1.0031,1.0032,1.0031,1.0032,190
coinbase,USDTUSDC,1679267880000,2023-03-19 23:18:00,1.0028,1.0028,1.0027,1.0027,5114.6
coinbase,USDTUSDC,1679268060000,2023-03-19 23:21:00,1.0027,1.003,1.0027,1.0027,692.03
coinbase,USDTUSDC,1679268240000,2023-03-19 23:24:00,1.0026,1.0026,1.0026,1.0026,12.74
coinbase,USDTUSDC,1679268480000,2023-03-19 23:28:00,1.0027,1.0027,1.0026,1.0026,187.29
coinbase,USDTUSDC,1679268660000,2023-03-19 23:31:00,1.003,1.003,1.0029,1.0029,343.42
coinbase,USDTUSDC,1679268900000,2023-03-19 23:35:00,1.0028,1.0028,1.0026,1.0026,5234.27
coinbase,USDTUSDC,1679269620000,2023-03-19 23:47:00,1.0029,1.0029,1.0027,1.0027,6170.15
coinbase,USDTUSDC,1679270040000,2023-03-19 23:54:00,1.0028,1.0029,1.0028,1.0028,116.58
coinbase,USDTUSDC,1679270280000,2023-03-19 23:58:00,1.0029,1.0029,1.0029,1.0029,3.75
coinbase,USDTUSDC,1679270580000,2023-03-20 00:03:00,1.0029,1.003,1.0029,1.003,3527.77
coinbase,USDTUSDC,1679270880000,2023-03-20 00:08:00,1.003,1.0031,1.003,1.0031,55.43
coinbase,USDTUSDC,1679271240000,2023-03-20 00:14:00,1.0028,1.0031,1.0028,1.0031,391.97
coinbase,USDTUSDC,1679271420000,2023-03-20 00:17:00,1.0029,1.0029,1.0028,1.0028,67.11
coinbase,USDTUSDC,1679271600000,2023-03-20 00:20:00,1.003,1.003,1.0028,1.0028,69.09
coinbase,USDTUSDC,1679271720000,2023-03-20 00:22:00,1.003,1.0031,1.0029,1.0031,403.84
coinbase,USDTUSDC,1679272080000,2023-03-20 00:28:00,1.003,1.003,1.0028,1.003,1072.85
coinbase,USDTUSDC,1679272140000,2023-03-20 00:29:00,1.0028,1.0028,1.0028,1.0028,290.81
coinbase,USDTUSDC,1679272260000,2023-03-20 00:31:00,1.0028,1.0028,1.0028,1.0028,59.8
coinbase,USDTUSDC,1679272320000,2023-03-20 00:32:00,1.0028,1.0028,1.0028,1.0028,116.4
coinbase,USDTUSDC,1679272800000,2023-03-20 00:40:00,1.0028,1.0029,1.0028,1.0029,173.15
coinbase,USDTUSDC,1679273280000,2023-03-20 00:48:00,1.0029,1.003,1.0029,1.003,3.7
coinbase,USDTUSDC,1679273400000,2023-03-20 00:50:00,1.003,1.003,1.0029,1.0029,8.04
coinbase,USDTUSDC,1679273640000,2023-03-20 00:54:00,1.0031,1.0031,1.0031,1.0031,52.15
coinbase,USDTUSDC,1679273700000,2023-03-20 00:55:00,1.0031,1.0031,1.0031,1.0031,76.34
coinbase,USDTUSDC,1679274240000,2023-03-20 01:04:00,1.003,1.0031,1.003,1.0031,18.26
coinbase,USDTUSDC,1679274540000,2023-03-20 01:09:00,1.0031,1.0031,1.0031,1.0031,37.41
coinbase,USDTUSDC,1679274600000,2023-03-20 01:10:00,1.0031,1.0031,1.003,1.003,126.26
coinbase,USDTUSDC,1679274660000,2023-03-20 01:11:00,1.0029,1.0031,1.0029,1.0031,3048.35
coinbase,USDTUSDC,1679274900000,2023-03-20 01:15:00,1.0031,1.0031,1.0028,1.0028,3014.93
coinbase,USDTUSDC,1679275440000,2023-03-20 01:24:00,1.0031,1.0031,1.0028,1.0028,1040.65
coinbase,USDTUSDC,1679275740000,2023-03-20 01:29:00,1.0031,1.0031,1.003,1.003,9.05
coinbase,USDTUSDC,1679276340000,2023-03-20 01:39:00,1.003,1.003,1.003,1.003,65.61
coinbase,USDTUSDC,1679276400000,2023-03-20 01:40:00,1.003,1.003,1.003,1.003,583.58
coinbase,USDTUSDC,1679276460000,2023-03-20 01:41:00,1.0031,1.0031,1.0031,1.0031,761.29
coinbase,USDTUSDC,1679276520000,2023-03-20 01:42:00,1.0031,1.0031,1.0029,1.0031,106.29
coinbase,USDTUSDC,1679276880000,2023-03-20 01:48:00,1.0029,1.0029,1.0029,1.0029,21.73
coinbase,USDTUSDC,1679277060000,2023-03-20 01:51:00,1.0029,1.0029,1.0029,1.0029,3.36
coinbase,USDTUSDC,1679277600000,2023-03-20 02:00:00,1.0029,1.0029,1.0029,1.0029,482.28
coinbase,USDTUSDC,1679278500000,2023-03-20 02:15:00,1.0028,1.0028,1.0028,1.0028,2.75
coinbase,USDTUSDC,1679278620000,2023-03-20 02:17:00,1.0028,1.0029,1.0028,1.0029,74.94
coinbase,USDTUSDC,1679279700000,2023-03-20 02:35:00,1.0028,1.0028,1.0028,1.0028,42.97
coinbase,USDTUSDC,1679280240000,2023-03-20 02:44:00,1.0029,1.0029,1.0028,1.0028,29.01
coinbase,USDTUSDC,1679280300000,2023-03-20 02:45:00,1.0029,1.0029,1.0028,1.0028,147.43
coinbase,USDTUSDC,1679280420000,2023-03-20 02:47:00,1.0029,1.0029,1.0029,1.0029,6.48
coinbase,USDTUSDC,1679280540000,2023-03-20 02:49:00,1.0028,1.0028,1.0028,1.0028,26.16
coinbase,USDTUSDC,1679280600000,2023-03-20 02:50:00,1.0029,1.0029,1.0029,1.0029,22.72
coinbase,USDTUSDC,1679280840000,2023-03-20 02:54:00,1.0029,1.0029,1.0029,1.0029,1.01
coinbase,USDTUSDC,1679281080000,2023-03-20 02:58:00,1.0029,1.0029,1.0029,1.0029,61.67
coinbase,USDTUSDC,1679245200000,2023-03-19 17:00:00,1.0031,1.0035,1.0031,1.0035,216.99
coinbase,USDTUSDC,1679245620000,2023-03-19 17:07:00,1.0034,1.0035,1.0034,1.0035,407.56
coinbase,USDTUSDC,1679246100000,2023-03-19 17:15:00,1.0032,1.0032,1.0032,1.0032,330.23
coinbase,USDTUSDC,1679246220000,2023-03-19 17:17:00,1.0031,1.0031,1.003,1.003,2090.09
coinbase,USDTUSDC,1679246280000,2023-03-19 17:18:00,1.0031,1.0031,1.003,1.0031,1512.95
coinbase,USDTUSDC,1679246400000,2023-03-19 17:20:00,1.003,1.003,1.003,1.003,2079.9
coinbase,USDTUSDC,1679246460000,2023-03-19 17:21:00,1.003,1.003,1.003,1.003,2078.98
coinbase,USDTUSDC,1679246580000,2023-03-19 17:23:00,1.003,1.0031,1.003,1.0031,1334.52
coinbase,USDTUSDC,1679246700000,2023-03-19 17:25:00,1.0031,1.0031,1.0031,1.0031,6684.12
coinbase,USDTUSDC,1679246760000,2023-03-19 17:26:00,1.0031,1.0031,1.003,1.0031,11360.54
coinbase,USDTUSDC,1679246820000,2023-03-19 17:27:00,1.0031,1.0031,1.003,1.0031,10990.83
coinbase,USDTUSDC,1679246880000,2023-03-19 17:28:00,1.003,1.0034,1.003,1.0031,5232.98
coinbase,USDTUSDC,1679246940000,2023-03-19 17:29:00,1.0033,1.0034,1.003,1.0034,22821.49
coinbase,USDTUSDC,1679247000000,2023-03-19 17:30:00,1.0034,1.0034,1.003,1.003,956.8
coinbase,USDTUSDC,1679247060000,2023-03-19 17:31:00,1.003,1.0031,1.003,1.0031,922.69
coinbase,USDTUSDC,1679247180000,2023-03-19 17:33:00,1.0031,1.0031,1.003,1.003,4175.33
coinbase,USDTUSDC,1679247240000,2023-03-19 17:34:00,1.0031,1.0031,1.003,1.0031,7660.11
coinbase,USDTUSDC,1679247300000,2023-03-19 17:35:00,1.003,1.003,1.0028,1.0028,1400.34
coinbase,USDTUSDC,1679247480000,2023-03-19 17:38:00,1.0029,1.0029,1.0029,1.0029,790.46
coinbase,USDTUSDC,1679247720000,2023-03-19 17:42:00,1.0029,1.0029,1.0029,1.0029,336.18
coinbase,USDTUSDC,1679247780000,2023-03-19 17:43:00,1.0029,1.0029,1.0029,1.0029,542.29
coinbase,USDTUSDC,1679247840000,2023-03-19 17:44:00,1.0029,1.0029,1.0029,1.0029,163.12
coinbase,USDTUSDC,1679247960000,2023-03-19 17:46:00,1.0029,1.003,1.0029,1.003,1259.58
coinbase,USDTUSDC,1679248020000,2023-03-19 17:47:00,1.003,1.003,1.003,1.003,117.68
coinbase,USDTUSDC,1679248080000,2023-03-19 17:48:00,1.003,1.003,1.003,1.003,110.21
coinbase,USDTUSDC,1679248140000,2023-03-19 17:49:00,1.0031,1.0031,1.0031,1.0031,1.69
coinbase,USDTUSDC,1679248200000,2023-03-19 17:50:00,1.0031,1.0031,1.0028,1.0028,3512.03
coinbase,USDTUSDC,1679248260000,2023-03-19 17:51:00,1.0029,1.0029,1.0029,1.0029,778.6
coinbase,USDTUSDC,1679248320000,2023-03-19 17:52:00,1.003,1.0031,1.003,1.0031,973.1
coinbase,USDTUSDC,1679248500000,2023-03-19 17:55:00,1.0031,1.0031,1.0029,1.0029,267.67
coinbase,USDTUSDC,1679248740000,2023-03-19 17:59:00,1.0029,1.0029,1.0029,1.0029,3618.98
coinbase,USDTUSDC,1679248920000,2023-03-19 18:02:00,1.0029,1.003,1.0029,1.003,245.5
coinbase,USDTUSDC,1679249880000,2023-03-19 18:18:00,1.003,1.003,1.0028,1.0028,129.88
coinbase,USDTUSDC,1679250660000,2023-03-19 18:31:00,1.0026,1.0026,1.0026,1.0026,142.88
coinbase,USDTUSDC,1679250720000,2023-03-19 18:32:00,1.0026,1.0028,1.0026,1.0028,66.19
coinbase,USDTUSDC,1679251260000,2023-03-19 18:41:00,1.0028,1.0028,1.0028,1.0028,548.99
coinbase,USDTUSDC,1679251380000,2023-03-19 18:43:00,1.0028,1.0028,1.0028,1.0028,2.79
coinbase,USDTUSDC,1679251560000,2023-03-19 18:46:00,1.0028,1.0028,1.0028,1.0028,16.19
coinbase,USDTUSDC,1679251620000,2023-03-19 18:47:00,1.0029,1.0029,1.0029,1.0029,340.26
coinbase,USDTUSDC,1679252040000,2023-03-19 18:54:00,1.0028,1.0028,1.0028,1.0028,117.69
coinbase,USDTUSDC,1679252100000,2023-03-19 18:55:00,1.0029,1.0029,1.0029,1.0029,723.86
coinbase,USDTUSDC,1679252340000,2023-03-19 18:59:00,1.0027,1.0028,1.0027,1.0028,1042.79
coinbase,USDTUSDC,1679252760000,2023-03-19 19:06:00,1.0028,1.0029,1.0028,1.0029,1652.36
coinbase,USDTUSDC,1679252940000,2023-03-19 19:09:00,1.003,1.003,1.003,1.003,201.54
coinbase,USDTUSDC,1679253300000,2023-03-19 19:15:00,1.003,1.003,1.003,1.003,7.62
coinbase,USDTUSDC,1679253540000,2023-03-19 19:19:00,1.003,1.003,1.0029,1.0029,800.39
coinbase,USDTUSDC,1679253900000,2023-03-19 19:25:00,1.0029,1.003,1.0029,1.003,1040.52
coinbase,USDTUSDC,1679254080000,2023-03-19 19:28:00,1.003,1.003,1.003,1.003,4358.88
coinbase,USDTUSDC,1679254140000,2023-03-19 19:29:00,1.0031,1.0031,1.003,1.003,204.92
coinbase,USDTUSDC,1679254980000,2023-03-19 19:43:00,1.0031,1.0031,1.0031,1.0031,1000
coinbase,USDTUSDC,1679255100000,2023-03-19 19:45:00,1.0031,1.0032,1.0031,1.0032,1231.93
coinbase,USDTUSDC,1679255160000,2023-03-19 19:46:00,1.0031,1.0032,1.003,1.0032,1170.94
coinbase,USDTUSDC,1679255220000,2023-03-19 19:47:00,1.0031,1.0032,1.0031,1.0032,122.67
coinbase,USDTUSDC,1679255280000,2023-03-19 19:48:00,1.0032,1.0032,1.0032,1.0032,178.24
coinbase,USDTUSDC,1679255460000,2023-03-19 19:51:00,1.0032,1.0032,1.003,1.003,1114.42
coinbase,USDTUSDC,1679255520000,2023-03-19 19:52:00,1.0032,1.0033,1.0032,1.0033,430.4
coinbase,USDTUSDC,1679255580000,2023-03-19 19:53:00,1.0034,1.0034,1.0031,1.0031,3595.56
coinbase,USDTUSDC,1679255700000,2023-03-19 19:55:00,1.0032,1.0032,1.0032,1.0032,60.04
coinbase,USDTUSDC,1679255760000,2023-03-19 19:56:00,1.0031,1.0032,1.003,1.0032,660.1
coinbase,USDTUSDC,1679255940000,2023-03-19 19:59:00,1.003,1.0031,1.003,1.0031,224.8
coinbase,USDTUSDC,1679256480000,2023-03-19 20:08:00,1.0032,1.0032,1.0032,1.0032,123.45
coinbase,USDTUSDC,1679256600000,2023-03-19 20:10:00,1.0032,1.0032,1.0031,1.0031,729.21
coinbase,USDTUSDC,1679256900000,2023-03-19 20:15:00,1.0031,1.0031,1.0031,1.0031,34.54
coinbase,USDTUSDC,1679257440000,2023-03-19 20:24:00,1.0031,1.0031,1.0031,1.0031,3.14
coinbase,USDTUSDC,1679257740000,2023-03-19 20:29:00,1.0031,1.0031,1.003,1.003,147.99
coinbase,USDTUSDC,1679257860000,2023-03-19 20:31:00,1.003,1.0031,1.003,1.0031,46.58
coinbase,USDTUSDC,1679258340000,2023-03-19 20:39:00,1.0031,1.0031,1.0031,1.0031,358.69
coinbase,USDTUSDC,1679258400000,2023-03-19 20:40:00,1.0031,1.0032,1.0031,1.0032,2035.07
coinbase,USDTUSDC,1679258520000,2023-03-19 20:42:00,1.0032,1.0032,1.0032,1.0032,1501.77
coinbase,USDTUSDC,1679258580000,2023-03-19 20:43:00,1.0032,1.0032,1.0032,1.0032,2060.95
coinbase,USDTUSDC,1679258700000,2023-03-19 20:45:00,1.0032,1.0032,1.0032,1.0032,2081.31
coinbase,USDTUSDC,1679258760000,2023-03-19 20:46:00,1.0033,1.0033,1.0033,1.0033,2.24
coinbase,USDTUSDC,1679258820000,2023-03-19 20:47:00,1.0033,1.0033,1.0032,1.0032,2199.23
coinbase,USDTUSDC,1679258880000,2023-03-19 20:48:00,1.0032,1.0032,1.0032,1.0032,4622.34
coinbase,USDTUSDC,1679258940000,2023-03-19 20:49:00,1.0033,1.0033,1.0033,1.0033,14.05
coinbase,USDTUSDC,1679259060000,2023-03-19 20:51:00,1.0032,1.0032,1.0032,1.0032,2994.56
coinbase,USDTUSDC,1679259120000,2023-03-19 20:52:00,1.0032,1.0032,1.0032,1.0032,13697.83
coinbase,USDTUSDC,1679259180000,2023-03-19 20:53:00,1.0032,1.0032,1.0032,1.0032,5848.66
coinbase,USDTUSDC,1679259240000,2023-03-19 20:54:00,1.0032,1.0032,1.0032,1.0032,844.45
coinbase,USDTUSDC,1679259300000,2023-03-19 20:55:00,1.0031,1.0032,1.003,1.0032,540.88
coinbase,USDTUSDC,1679259540000,2023-03-19 20:59:00,1.0032,1.0032,1.0031,1.0031,219.04
coinbase,USDTUSDC,1679259720000,2023-03-19 21:02:00,1.0032,1.0032,1.0032,1.0032,14.77
coinbase,USDTUSDC,1679260080000,2023-03-19 21:08:00,1.003,1.003,1.0029,1.0029,973
coinbase,USDTUSDC,1679260140000,2023-03-19 21:09:00,1.0029,1.0031,1.0029,1.0031,461.59
coinbase,USDTUSDC,1679260500000,2023-03-19 21:15:00,1.0031,1.0031,1.0031,1.0031,399.52
coinbase,USDTUSDC,1679260920000,2023-03-19 21:22:00,1.0031,1.0031,1.0031,1.0031,1611.48
coinbase,USDTUSDC,1679261160000,2023-03-19 21:26:00,1.0031,1.0031,1.0031,1.0031,4.18
coinbase,USDTUSDC,1679261460000,2023-03-19 21:31:00,1.003,1.003,1.003,1.003,2067.36
coinbase,USDTUSDC,1679261640000,2023-03-19 21:34:00,1.0031,1.0032,1.0031,1.0032,43.27
coinbase,USDTUSDC,1679261880000,2023-03-19 21:38:00,1.003,1.003,1.003,1.003,4813.93
coinbase,USDTUSDC,1679262000000,2023-03-19 21:40:00,1.0028,1.0028,1.0027,1.0027,19.66
coinbase,USDTUSDC,1679262600000,2023-03-19 21:50:00,1.0027,1.0027,1.0027,1.0027,44.94
coinbase,USDTUSDC,1679263020000,2023-03-19 21:57:00,1.0029,1.0029,1.0029,1.0029,2.21
coinbase,USDTUSDC,1679227200000,2023-03-19 12:00:00,1.0031,1.0031,1.0028,1.0028,1614.21
coinbase,USDTUSDC,1679227440000,2023-03-19 12:04:00,1.0031,1.0032,1.003,1.0032,637.61
coinbase,USDTUSDC,1679227680000,2023-03-19 12:08:00,1.0029,1.0029,1.0029,1.0029,466.68
coinbase,USDTUSDC,1679228820000,2023-03-19 12:27:00,1.0029,1.0029,1.0029,1.0029,2.5
coinbase,USDTUSDC,1679229000000,2023-03-19 12:30:00,1.0029,1.003,1.0029,1.003,344.86
coinbase,USDTUSDC,1679229120000,2023-03-19 12:32:00,1.003,1.0031,1.0029,1.0029,1111.22
coinbase,USDTUSDC,1679230380000,2023-03-19 12:53:00,1.0029,1.003,1.0029,1.003,3.92
coinbase,USDTUSDC,1679230500000,2023-03-19 12:55:00,1.003,1.003,1.003,1.003,40.32
coinbase,USDTUSDC,1679230620000,2023-03-19 12:57:00,1.0031,1.0031,1.0031,1.0031,1500.99
coinbase,USDTUSDC,1679230740000,2023-03-19 12:59:00,1.003,1.003,1.003,1.003,1239.18
coinbase,USDTUSDC,1679230800000,2023-03-19 13:00:00,1.003,1.003,1.003,1.003,1338.79
coinbase,USDTUSDC,1679230860000,2023-03-19 13:01:00,1.003,1.0031,1.003,1.0031,1359.53
coinbase,USDTUSDC,1679231040000,2023-03-19 13:04:00,1.0031,1.0031,1.003,1.0031,1680.65
coinbase,USDTUSDC,1679231100000,2023-03-19 13:05:00,1.0031,1.0031,1.003,1.003,3037.09
coinbase,USDTUSDC,1679231160000,2023-03-19 13:06:00,1.003,1.0031,1.003,1.003,1564.19
coinbase,USDTUSDC,1679231220000,2023-03-19 13:07:00,1.0031,1.0031,1.003,1.003,2810.78
coinbase,USDTUSDC,1679231280000,2023-03-19 13:08:00,1.003,1.003,1.003,1.003,2219.68
coinbase,USDTUSDC,1679231400000,2023-03-19 13:10:00,1.003,1.003,1.003,1.003,4980.18
coinbase,USDTUSDC,1679231460000,2023-03-19 13:11:00,1.0031,1.0031,1.0031,1.0031,1.67
coinbase,USDTUSDC,1679231520000,2023-03-19 13:12:00,1.003,1.003,1.003,1.003,1531.34
coinbase,USDTUSDC,1679231580000,2023-03-19 13:13:00,1.003,1.0031,1.003,1.0031,1080.99
coinbase,USDTUSDC,1679231640000,2023-03-19 13:14:00,1.003,1.003,1.003,1.003,2086.98
coinbase,USDTUSDC,1679231700000,2023-03-19 13:15:00,1.0031,1.0031,1.003,1.003,388.8
coinbase,USDTUSDC,1679232060000,2023-03-19 13:21:00,1.003,1.0031,1.003,1.0031,1043.42
coinbase,USDTUSDC,1679232660000,2023-03-19 13:31:00,1.003,1.003,1.0029,1.0029,1680.7
coinbase,USDTUSDC,1679233440000,2023-03-19 13:44:00,1.003,1.0031,1.003,1.0031,125.23
coinbase,USDTUSDC,1679233560000,2023-03-19 13:46:00,1.0032,1.0032,1.0032,1.0032,498.47
coinbase,USDTUSDC,1679234520000,2023-03-19 14:02:00,1.0032,1.0033,1.0029,1.0029,1900.66
coinbase,USDTUSDC,1679234940000,2023-03-19 14:09:00,1.0029,1.0029,1.0029,1.0029,55.83
coinbase,USDTUSDC,1679235720000,2023-03-19 14:22:00,1.0032,1.0032,1.0031,1.0031,149.33
coinbase,USDTUSDC,1679236140000,2023-03-19 14:29:00,1.0031,1.0031,1.003,1.0031,302.75
coinbase,USDTUSDC,1679236200000,2023-03-19 14:30:00,1.0031,1.0031,1.003,1.003,3271.32
coinbase,USDTUSDC,1679236260000,2023-03-19 14:31:00,1.003,1.0031,1.003,1.0031,464.94
coinbase,USDTUSDC,1679236320000,2023-03-19 14:32:00,1.0032,1.0033,1.0032,1.0033,597.85
coinbase,USDTUSDC,1679236740000,2023-03-19 14:39:00,1.0032,1.0035,1.003,1.003,7999.73
coinbase,USDTUSDC,1679237040000,2023-03-19 14:44:00,1.0033,1.0033,1.0031,1.0031,25.12
coinbase,USDTUSDC,1679237100000,2023-03-19 14:45:00,1.0031,1.0035,1.003,1.0033,9645.43
coinbase,USDTUSDC,1679237400000,2023-03-19 14:50:00,1.0031,1.0031,1.0031,1.0031,139.61
coinbase,USDTUSDC,1679237520000,2023-03-19 14:52:00,1.0031,1.0032,1.0031,1.0031,1046.4
coinbase,USDTUSDC,1679237580000,2023-03-19 14:53:00,1.0031,1.0032,1.003,1.003,2067.24
coinbase,USDTUSDC,1679237820000,2023-03-19 14:57:00,1.0031,1.0032,1.003,1.003,2450.09
coinbase,USDTUSDC,1679237880000,2023-03-19 14:58:00,1.003,1.003,1.003,1.003,1246.32
coinbase,USDTUSDC,1679237940000,2023-03-19 14:59:00,1.0032,1.0032,1.003,1.0032,1440.77
coinbase,USDTUSDC,1679238000000,2023-03-19 15:00:00,1.0031,1.0032,1.0031,1.0031,72.43
coinbase,USDTUSDC,1679238120000,2023-03-19 15:02:00,1.0031,1.0031,1.003,1.003,5287.62
coinbase,USDTUSDC,1679238240000,2023-03-19 15:04:00,1.003,1.003,1.003,1.003,1283.36
coinbase,USDTUSDC,1679238300000,2023-03-19 15:05:00,1.003,1.0031,1.003,1.003,9864.93
coinbase,USDTUSDC,1679238420000,2023-03-19 15:07:00,1.003,1.0032,1.003,1.003,2548.27
coinbase,USDTUSDC,1679238780000,2023-03-19 15:13:00,1.0032,1.0032,1.0032,1.0032,985.56
coinbase,USDTUSDC,1679238900000,2023-03-19 15:15:00,1.0032,1.0033,1.0032,1.0032,1775.13
coinbase,USDTUSDC,1679239020000,2023-03-19 15:17:00,1.0032,1.0032,1.0031,1.0031,831.88
coinbase,USDTUSDC,1679239080000,2023-03-19 15:18:00,1.0031,1.0031,1.003,1.003,1039.71
coinbase,USDTUSDC,1679239260000,2023-03-19 15:21:00,1.0033,1.0033,1.0031,1.0032,185.07
coinbase,USDTUSDC,1679239560000,2023-03-19 15:26:00,1.0031,1.0031,1.0031,1.0031,7.25
coinbase,USDTUSDC,1679239800000,2023-03-19 15:30:00,1.0031,1.0031,1.003,1.0031,1420.6
coinbase,USDTUSDC,1679240040000,2023-03-19 15:34:00,1.0032,1.0032,1.0032,1.0032,7
coinbase,USDTUSDC,1679240160000,2023-03-19 15:36:00,1.003,1.003,1.0026,1.0029,3490.05
coinbase,USDTUSDC,1679240820000,2023-03-19 15:47:00,1.0028,1.0031,1.0028,1.0029,125.6
coinbase,USDTUSDC,1679241120000,2023-03-19 15:52:00,1.0029,1.003,1.0029,1.0029,4.16
coinbase,USDTUSDC,1679241420000,2023-03-19 15:57:00,1.0031,1.0031,1.0031,1.0031,1202.39
coinbase,USDTUSDC,1679241600000,2023-03-19 16:00:00,1.0032,1.0032,1.0032,1.0032,862.67
coinbase,USDTUSDC,1679241780000,2023-03-19 16:03:00,1.0031,1.0033,1.003,1.0033,1462.34
coinbase,USDTUSDC,1679241840000,2023-03-19 16:04:00,1.0031,1.0031,1.003,1.003,1039.88
coinbase,USDTUSDC,1679242020000,2023-03-19 16:07:00,1.0031,1.0031,1.003,1.0031,497
coinbase,USDTUSDC,1679242140000,2023-03-19 16:09:00,1.0031,1.0032,1.003,1.003,3375.08
coinbase,USDTUSDC,1679242260000,2023-03-19 16:11:00,1.0033,1.0033,1.0033,1.0033,4.96
coinbase,USDTUSDC,1679242440000,2023-03-19 16:14:00,1.0032,1.0032,1.003,1.003,1117.62
coinbase,USDTUSDC,1679242500000,2023-03-19 16:15:00,1.003,1.003,1.003,1.003,353.11
coinbase,USDTUSDC,1679242860000,2023-03-19 16:21:00,1.003,1.0032,1.003,1.0032,1040.43
coinbase,USDTUSDC,1679242920000,2023-03-19 16:22:00,1.0032,1.0032,1.003,1.0031,2598.62
coinbase,USDTUSDC,1679243100000,2023-03-19 16:25:00,1.0031,1.0033,1.0031,1.0033,2114.15
coinbase,USDTUSDC,1679243160000,2023-03-19 16:26:00,1.0032,1.0032,1.0032,1.0032,11
coinbase,USDTUSDC,1679243220000,2023-03-19 16:27:00,1.0032,1.0034,1.003,1.0034,4686.62
coinbase,USDTUSDC,1679243280000,2023-03-19 16:28:00,1.0034,1.0034,1.0032,1.0032,322.46
coinbase,USDTUSDC,1679243400000,2023-03-19 16:30:00,1.0032,1.0032,1.003,1.003,1298.13
coinbase,USDTUSDC,1679243460000,2023-03-19 16:31:00,1.0033,1.0033,1.003,1.0033,1169.48
coinbase,USDTUSDC,1679243520000,2023-03-19 16:32:00,1.0031,1.0031,1.003,1.003,1552.09
coinbase,USDTUSDC,1679243580000,2023-03-19 16:33:00,1.0031,1.0034,1.003,1.0031,4187.89
coinbase,USDTUSDC,1679243640000,2023-03-19 16:34:00,1.0031,1.0031,1.003,1.003,2546.24
coinbase,USDTUSDC,1679243700000,2023-03-19 16:35:00,1.003,1.003,1.003,1.003,1273.55
coinbase,USDTUSDC,1679243760000,2023-03-19 16:36:00,1.003,1.003,1.003,1.003,4163.68
coinbase,USDTUSDC,1679243820000,2023-03-19 16:37:00,1.003,1.003,1.003,1.003,389.3
coinbase,USDTUSDC,1679243880000,2023-03-19 16:38:00,1.003,1.003,1.003,1.003,1479.12
coinbase,USDTUSDC,1679244060000,2023-03-19 16:41:00,1.003,1.0034,1.003,1.0034,1476.46
coinbase,USDTUSDC,1679244120000,2023-03-19 16:42:00,1.003,1.003,1.003,1.003,1358.73
coinbase,USDTUSDC,1679244360000,2023-03-19 16:46:00,1.0031,1.0031,1.0031,1.0031,347.25
coinbase,USDTUSDC,1679244420000,2023-03-19 16:47:00,1.0031,1.0031,1.003,1.003,472.59
coinbase,USDTUSDC,1679244540000,2023-03-19 16:49:00,1.003,1.0033,1.003,1.0033,2344.67
coinbase,USDTUSDC,1679244600000,2023-03-19 16:50:00,1.0032,1.0034,1.0032,1.0033,743.23
coinbase,USDTUSDC,1679244780000,2023-03-19 16:53:00,1.0033,1.0033,1.0031,1.0031,198.6
coinbase,USDTUSDC,1679244900000,2023-03-19 16:55:00,1.0034,1.0034,1.0031,1.0031,27.52
coinbase,USDTUSDC,1679245200000,2023-03-19 17:00:00,1.0031,1.0035,1.0031,1.0035,216.99
coinbase,USDTUSDC,1679209560000,2023-03-19 07:06:00,1.0032,1.0032,1.003,1.003,1643.49
coinbase,USDTUSDC,1679209920000,2023-03-19 07:12:00,1.0029,1.0029,1.0029,1.0029,155.73
coinbase,USDTUSDC,1679209980000,2023-03-19 07:13:00,1.0029,1.0029,1.0029,1.0029,117.76
coinbase,USDTUSDC,1679210100000,2023-03-19 07:15:00,1.0031,1.0031,1.0029,1.0029,336.1
coinbase,USDTUSDC,1679210760000,2023-03-19 07:26:00,1.003,1.003,1.0029,1.0029,19.54
coinbase,USDTUSDC,1679211240000,2023-03-19 07:34:00,1.0028,1.0029,1.0028,1.0029,7.7
coinbase,USDTUSDC,1679211900000,2023-03-19 07:45:00,1.0028,1.0029,1.0028,1.0029,4.84
coinbase,USDTUSDC,1679212020000,2023-03-19 07:47:00,1.0028,1.0029,1.0028,1.0029,7.99
coinbase,USDTUSDC,1679212200000,2023-03-19 07:50:00,1.0029,1.0029,1.0029,1.0029,13.65
coinbase,USDTUSDC,1679212740000,2023-03-19 07:59:00,1.0029,1.0029,1.0029,1.0029,9.95
coinbase,USDTUSDC,1679213100000,2023-03-19 08:05:00,1.0029,1.0029,1.0029,1.0029,2.79
coinbase,USDTUSDC,1679213820000,2023-03-19 08:17:00,1.0028,1.0029,1.0027,1.0029,174.57
coinbase,USDTUSDC,1679214360000,2023-03-19 08:26:00,1.0027,1.0027,1.0027,1.0027,3.75
coinbase,USDTUSDC,1679214660000,2023-03-19 08:31:00,1.0028,1.0028,1.0028,1.0028,6.6
coinbase,USDTUSDC,1679214720000,2023-03-19 08:32:00,1.0028,1.0028,1.0022,1.0022,1999.98
coinbase,USDTUSDC,1679215920000,2023-03-19 08:52:00,1.0024,1.0026,1.0024,1.0026,3.62
coinbase,USDTUSDC,1679217180000,2023-03-19 09:13:00,1.0026,1.0026,1.0025,1.0026,16.25
coinbase,USDTUSDC,1679217360000,2023-03-19 09:16:00,1.0027,1.0027,1.0024,1.0024,173.22
coinbase,USDTUSDC,1679217720000,2023-03-19 09:22:00,1.0026,1.0028,1.0026,1.0028,4.3
coinbase,USDTUSDC,1679218140000,2023-03-19 09:29:00,1.0028,1.0028,1.0027,1.0027,32.69
coinbase,USDTUSDC,1679218920000,2023-03-19 09:42:00,1.0027,1.0028,1.0027,1.0028,60.51
coinbase,USDTUSDC,1679219400000,2023-03-19 09:50:00,1.0028,1.0028,1.0028,1.0028,2.3
coinbase,USDTUSDC,1679219460000,2023-03-19 09:51:00,1.0028,1.0028,1.0028,1.0028,5.39
coinbase,USDTUSDC,1679219520000,2023-03-19 09:52:00,1.0028,1.0028,1.0028,1.0028,4.52
coinbase,USDTUSDC,1679219940000,2023-03-19 09:59:00,1.0029,1.0032,1.0029,1.0032,4777.84
coinbase,USDTUSDC,1679220000000,2023-03-19 10:00:00,1.0032,1.0034,1.0032,1.0034,2564.67
coinbase,USDTUSDC,1679220060000,2023-03-19 10:01:00,1.0034,1.0034,1.0034,1.0034,136.6
coinbase,USDTUSDC,1679220420000,2023-03-19 10:07:00,1.0033,1.0033,1.0033,1.0033,1107.31
coinbase,USDTUSDC,1679220480000,2023-03-19 10:08:00,1.0032,1.0033,1.0031,1.0031,1441.48
coinbase,USDTUSDC,1679221500000,2023-03-19 10:25:00,1.0032,1.0032,1.003,1.003,2652.21
coinbase,USDTUSDC,1679221680000,2023-03-19 10:28:00,1.0031,1.0031,1.003,1.003,1042.1
coinbase,USDTUSDC,1679221920000,2023-03-19 10:32:00,1.003,1.003,1.003,1.003,4.83
coinbase,USDTUSDC,1679222100000,2023-03-19 10:35:00,1.003,1.0031,1.0029,1.0031,2647.67
coinbase,USDTUSDC,1679222220000,2023-03-19 10:37:00,1.0031,1.0031,1.0029,1.0031,1480.06
coinbase,USDTUSDC,1679222460000,2023-03-19 10:41:00,1.0031,1.0031,1.0031,1.0031,224.92
coinbase,USDTUSDC,1679222640000,2023-03-19 10:44:00,1.0029,1.0029,1.0029,1.0029,1.82
coinbase,USDTUSDC,1679222760000,2023-03-19 10:46:00,1.0032,1.0032,1.0032,1.0032,1993.58
coinbase,USDTUSDC,1679222940000,2023-03-19 10:49:00,1.0029,1.0032,1.0029,1.0032,498.02
coinbase,USDTUSDC,1679223060000,2023-03-19 10:51:00,1.0031,1.0031,1.0031,1.0031,105.76
coinbase,USDTUSDC,1679223240000,2023-03-19 10:54:00,1.0031,1.0032,1.0031,1.0032,1.73
coinbase,USDTUSDC,1679223600000,2023-03-19 11:00:00,1.0031,1.0032,1.0028,1.0032,7125.59
coinbase,USDTUSDC,1679223660000,2023-03-19 11:01:00,1.0032,1.0032,1.0031,1.0031,2090.74
coinbase,USDTUSDC,1679223780000,2023-03-19 11:03:00,1.0031,1.0031,1.0029,1.0031,2600.66
coinbase,USDTUSDC,1679223840000,2023-03-19 11:04:00,1.0029,1.0029,1.0029,1.0029,1.48
coinbase,USDTUSDC,1679223900000,2023-03-19 11:05:00,1.0031,1.0031,1.0031,1.0031,456.3
coinbase,USDTUSDC,1679223960000,2023-03-19 11:06:00,1.0031,1.0032,1.0031,1.0032,66.79
coinbase,USDTUSDC,1679224500000,2023-03-19 11:15:00,1.0031,1.0031,1.0031,1.0031,1663.07
coinbase,USDTUSDC,1679224620000,2023-03-19 11:17:00,1.0031,1.0032,1.0031,1.0032,152.33
coinbase,USDTUSDC,1679225220000,2023-03-19 11:27:00,1.0032,1.0032,1.0032,1.0032,2.15
coinbase,USDTUSDC,1679225340000,2023-03-19 11:29:00,1.0032,1.0032,1.0031,1.0031,188.44
coinbase,USDTUSDC,1679225640000,2023-03-19 11:34:00,1.003,1.003,1.003,1.003,1041.79
coinbase,USDTUSDC,1679226420000,2023-03-19 11:47:00,1.0031,1.0032,1.0031,1.0032,2248.42
coinbase,USDTUSDC,1679226480000,2023-03-19 11:48:00,1.0032,1.0038,1.0031,1.0032,31983.5
coinbase,USDTUSDC,1679226600000,2023-03-19 11:50:00,1.0032,1.0036,1.0031,1.0031,38692.55
coinbase,USDTUSDC,1679226660000,2023-03-19 11:51:00,1.0032,1.0033,1.0031,1.0031,2694.84
coinbase,USDTUSDC,1679226720000,2023-03-19 11:52:00,1.003,1.0031,1.003,1.0031,524.75
coinbase,USDTUSDC,1679226840000,2023-03-19 11:54:00,1.003,1.0031,1.003,1.003,202.89
coinbase,USDTUSDC,1679226960000,2023-03-19 11:56:00,1.003,1.003,1.0028,1.0029,1042.77
coinbase,USDTUSDC,1679227200000,2023-03-19 12:00:00,1.0031,1.0031,1.0028,1.0028,1614.21
coinbase,USDTUSDC,1679191200000,2023-03-19 02:00:00,1.0028,1.003,1.0028,1.003,151.25
coinbase,USDTUSDC,1679191740000,2023-03-19 02:09:00,1.0028,1.0028,1.0028,1.0028,30.87
coinbase,USDTUSDC,1679191860000,2023-03-19 02:11:00,1.0029,1.003,1.0029,1.003,17.74
coinbase,USDTUSDC,1679192100000,2023-03-19 02:15:00,1.0029,1.003,1.0029,1.003,6.67
coinbase,USDTUSDC,1679193000000,2023-03-19 02:30:00,1.0029,1.0029,1.0029,1.0029,45.39
coinbase,USDTUSDC,1679194020000,2023-03-19 02:47:00,1.003,1.003,1.003,1.003,37.38
coinbase,USDTUSDC,1679194740000,2023-03-19 02:59:00,1.0031,1.0031,1.0031,1.0031,4.06
coinbase,USDTUSDC,1679196000000,2023-03-19 03:20:00,1.003,1.003,1.003,1.003,254.27
coinbase,USDTUSDC,1679196600000,2023-03-19 03:30:00,1.003,1.0031,1.003,1.0031,36.16
coinbase,USDTUSDC,1679196660000,2023-03-19 03:31:00,1.003,1.003,1.003,1.003,593.35
coinbase,USDTUSDC,1679196720000,2023-03-19 03:32:00,1.003,1.003,1.0029,1.0029,1067.49
coinbase,USDTUSDC,1679197800000,2023-03-19 03:50:00,1.0029,1.0031,1.0029,1.0031,441.14
coinbase,USDTUSDC,1679198040000,2023-03-19 03:54:00,1.0031,1.0031,1.0031,1.0031,2081.71
coinbase,USDTUSDC,1679198160000,2023-03-19 03:56:00,1.0032,1.0032,1.0032,1.0032,1280.3
coinbase,USDTUSDC,1679198220000,2023-03-19 03:57:00,1.0032,1.0032,1.0032,1.0032,1039.79
coinbase,USDTUSDC,1679198280000,2023-03-19 03:58:00,1.0032,1.0032,1.0032,1.0032,3113.85
coinbase,USDTUSDC,1679198400000,2023-03-19 04:00:00,1.0032,1.0032,1.0029,1.0029,148.29
coinbase,USDTUSDC,1679198640000,2023-03-19 04:04:00,1.003,1.003,1.003,1.003,24.65
coinbase,USDTUSDC,1679198760000,2023-03-19 04:06:00,1.003,1.0031,1.003,1.0031,153.81
coinbase,USDTUSDC,1679198880000,2023-03-19 04:08:00,1.0031,1.0031,1.0029,1.0029,690.35
coinbase,USDTUSDC,1679199540000,2023-03-19 04:19:00,1.0029,1.0029,1.0029,1.0029,9.98
coinbase,USDTUSDC,1679201040000,2023-03-19 04:44:00,1.0029,1.0029,1.0029,1.0029,4.2
coinbase,USDTUSDC,1679201340000,2023-03-19 04:49:00,1.003,1.003,1.003,1.003,100
coinbase,USDTUSDC,1679201520000,2023-03-19 04:52:00,1.0031,1.0031,1.0031,1.0031,2.33
coinbase,USDTUSDC,1679202180000,2023-03-19 05:03:00,1.003,1.0031,1.003,1.0031,156.98
coinbase,USDTUSDC,1679203920000,2023-03-19 05:32:00,1.0031,1.0031,1.003,1.003,50.33
coinbase,USDTUSDC,1679204820000,2023-03-19 05:47:00,1.0032,1.0032,1.0032,1.0032,2.34
coinbase,USDTUSDC,1679205000000,2023-03-19 05:50:00,1.0032,1.0032,1.0032,1.0032,2.84
coinbase,USDTUSDC,1679205420000,2023-03-19 05:57:00,1.0031,1.0031,1.0031,1.0031,61.76
coinbase,USDTUSDC,1679205480000,2023-03-19 05:58:00,1.0032,1.0032,1.0032,1.0032,1.71
coinbase,USDTUSDC,1679205600000,2023-03-19 06:00:00,1.0031,1.0031,1.003,1.003,9.72
coinbase,USDTUSDC,1679206920000,2023-03-19 06:22:00,1.0031,1.0032,1.0031,1.0032,3.98
coinbase,USDTUSDC,1679207460000,2023-03-19 06:31:00,1.0031,1.0031,1.003,1.003,141.26
coinbase,USDTUSDC,1679207760000,2023-03-19 06:36:00,1.003,1.0032,1.003,1.0032,44.98
coinbase,USDTUSDC,1679208420000,2023-03-19 06:47:00,1.0032,1.0032,1.0032,1.0032,2.24
coinbase,USDTUSDC,1679208540000,2023-03-19 06:49:00,1.0032,1.0032,1.0032,1.0032,5.14
coinbase,USDTUSDC,1679208720000,2023-03-19 06:52:00,1.0031,1.0032,1.0031,1.0032,23.88
coinbase,USDTUSDC,1679209140000,2023-03-19 06:59:00,1.0032,1.0032,1.0031,1.0031,19.56
coinbase,USDTUSDC,1679173200000,2023-03-18 21:00:00,1.0035,1.0035,1.0035,1.0035,5.45
coinbase,USDTUSDC,1679173380000,2023-03-18 21:03:00,1.0034,1.0034,1.0034,1.0034,478.33
coinbase,USDTUSDC,1679173500000,2023-03-18 21:05:00,1.0035,1.0035,1.0034,1.0034,2016.18
coinbase,USDTUSDC,1679173620000,2023-03-18 21:07:00,1.0034,1.0034,1.0034,1.0034,2080.75
coinbase,USDTUSDC,1679173920000,2023-03-18 21:12:00,1.0034,1.0034,1.0034,1.0034,1385.84
coinbase,USDTUSDC,1679174040000,2023-03-18 21:14:00,1.0034,1.0035,1.0034,1.0035,3405.58
coinbase,USDTUSDC,1679174100000,2023-03-18 21:15:00,1.0035,1.0035,1.0035,1.0035,484.56
coinbase,USDTUSDC,1679174160000,2023-03-18 21:16:00,1.0034,1.0034,1.0034,1.0034,3039.25
coinbase,USDTUSDC,1679174220000,2023-03-18 21:17:00,1.0034,1.0034,1.0034,1.0034,1263.24
coinbase,USDTUSDC,1679174280000,2023-03-18 21:18:00,1.0034,1.0034,1.0034,1.0034,1954.42
coinbase,USDTUSDC,1679174340000,2023-03-18 21:19:00,1.0034,1.0035,1.0034,1.0034,1054.68
coinbase,USDTUSDC,1679174400000,2023-03-18 21:20:00,1.0034,1.0034,1.0034,1.0034,2587.5
coinbase,USDTUSDC,1679174520000,2023-03-18 21:22:00,1.0034,1.0034,1.0034,1.0034,554.27
coinbase,USDTUSDC,1679174700000,2023-03-18 21:25:00,1.0034,1.0034,1.0034,1.0034,4164.86
coinbase,USDTUSDC,1679174760000,2023-03-18 21:26:00,1.0034,1.0034,1.0034,1.0034,2907.68
coinbase,USDTUSDC,1679175000000,2023-03-18 21:30:00,1.0034,1.0034,1.0034,1.0034,2492.69
coinbase,USDTUSDC,1679175060000,2023-03-18 21:31:00,1.0034,1.0034,1.0034,1.0034,4767.82
coinbase,USDTUSDC,1679175120000,2023-03-18 21:32:00,1.0035,1.0035,1.0034,1.0034,2832.68
coinbase,USDTUSDC,1679175180000,2023-03-18 21:33:00,1.0034,1.0034,1.0034,1.0034,1983.57
coinbase,USDTUSDC,1679175300000,2023-03-18 21:35:00,1.0034,1.0034,1.0034,1.0034,3490.49
coinbase,USDTUSDC,1679175420000,2023-03-18 21:37:00,1.0034,1.0034,1.0034,1.0034,5279.92
coinbase,USDTUSDC,1679175480000,2023-03-18 21:38:00,1.0034,1.0034,1.0034,1.0034,4043.05
coinbase,USDTUSDC,1679175540000,2023-03-18 21:39:00,1.0035,1.0035,1.0034,1.0034,1263.64
coinbase,USDTUSDC,1679175600000,2023-03-18 21:40:00,1.0034,1.0034,1.0034,1.0034,4723.89
coinbase,USDTUSDC,1679175720000,2023-03-18 21:42:00,1.0034,1.0034,1.0034,1.0034,1039.9
coinbase,USDTUSDC,1679175780000,2023-03-18 21:43:00,1.0034,1.0034,1.0034,1.0034,3410.43
coinbase,USDTUSDC,1679175840000,2023-03-18 21:44:00,1.0034,1.0034,1.0034,1.0034,6239.31
coinbase,USDTUSDC,1679175900000,2023-03-18 21:45:00,1.0034,1.0034,1.0034,1.0034,1792.45
coinbase,USDTUSDC,1679175960000,2023-03-18 21:46:00,1.0034,1.0036,1.0034,1.0036,2122.67
coinbase,USDTUSDC,1679176020000,2023-03-18 21:47:00,1.0036,1.0036,1.0036,1.0036,4.29
coinbase,USDTUSDC,1679176140000,2023-03-18 21:49:00,1.0036,1.0036,1.0035,1.0035,7.17
coinbase,USDTUSDC,1679176260000,2023-03-18 21:51:00,1.0034,1.0034,1.0034,1.0034,3644.85
coinbase,USDTUSDC,1679176380000,2023-03-18 21:53:00,1.0034,1.0034,1.0034,1.0034,1039.97
coinbase,USDTUSDC,1679176440000,2023-03-18 21:54:00,1.0034,1.0035,1.0034,1.0035,465.67
coinbase,USDTUSDC,1679176500000,2023-03-18 21:55:00,1.0034,1.0034,1.0034,1.0034,3551.42
coinbase,USDTUSDC,1679176620000,2023-03-18 21:57:00,1.0034,1.0034,1.0034,1.0034,6654.64
coinbase,USDTUSDC,1679176680000,2023-03-18 21:58:00,1.0034,1.0035,1.0034,1.0034,5035.88
coinbase,USDTUSDC,1679176740000,2023-03-18 21:59:00,1.0034,1.0034,1.0033,1.0033,139716.87
coinbase,USDTUSDC,1679176860000,2023-03-18 22:01:00,1.0033,1.0033,1.0033,1.0033,1502.25
coinbase,USDTUSDC,1679177160000,2023-03-18 22:06:00,1.0033,1.0034,1.0033,1.0034,1051.61
coinbase,USDTUSDC,1679177400000,2023-03-18 22:10:00,1.0033,1.0033,1.0033,1.0033,1329.02
coinbase,USDTUSDC,1679178240000,2023-03-18 22:24:00,1.0033,1.0033,1.0033,1.0033,1.08
coinbase,USDTUSDC,1679178360000,2023-03-18 22:26:00,1.0033,1.0033,1.0032,1.0032,23.73
coinbase,USDTUSDC,1679178540000,2023-03-18 22:29:00,1.0033,1.0033,1.0032,1.0032,13.69
coinbase,USDTUSDC,1679179020000,2023-03-18 22:37:00,1.0032,1.0032,1.0032,1.0032,1.36
coinbase,USDTUSDC,1679179080000,2023-03-18 22:38:00,1.0032,1.0033,1.0032,1.0033,493.37
coinbase,USDTUSDC,1679179500000,2023-03-18 22:45:00,1.0033,1.0033,1.0033,1.0033,7.86
coinbase,USDTUSDC,1679179800000,2023-03-18 22:50:00,1.0033,1.0033,1.0033,1.0033,7.41
coinbase,USDTUSDC,1679180160000,2023-03-18 22:56:00,1.0032,1.0032,1.0032,1.0032,2.71
coinbase,USDTUSDC,1679180280000,2023-03-18 22:58:00,1.0033,1.0033,1.0032,1.0032,3.13
coinbase,USDTUSDC,1679181060000,2023-03-18 23:11:00,1.0032,1.0032,1.0032,1.0032,246.74
coinbase,USDTUSDC,1679181300000,2023-03-18 23:15:00,1.0032,1.0032,1.0032,1.0032,42.57
coinbase,USDTUSDC,1679181840000,2023-03-18 23:24:00,1.0032,1.0032,1.0032,1.0032,545.55
coinbase,USDTUSDC,1679181960000,2023-03-18 23:26:00,1.0032,1.0032,1.0032,1.0032,9.34
coinbase,USDTUSDC,1679182140000,2023-03-18 23:29:00,1.0032,1.0032,1.0032,1.0032,1999.79
coinbase,USDTUSDC,1679182740000,2023-03-18 23:39:00,1.0031,1.0031,1.0029,1.003,181.34
coinbase,USDTUSDC,1679183220000,2023-03-18 23:47:00,1.003,1.0031,1.003,1.0031,11.86
coinbase,USDTUSDC,1679183400000,2023-03-18 23:50:00,1.0031,1.0031,1.003,1.003,13.98
coinbase,USDTUSDC,1679183880000,2023-03-18 23:58:00,1.0029,1.003,1.0029,1.003,5670.62
coinbase,USDTUSDC,1679183940000,2023-03-18 23:59:00,1.003,1.003,1.003,1.003,3713.57
coinbase,USDTUSDC,1679184000000,2023-03-19 00:00:00,1.003,1.003,1.003,1.003,600.17
coinbase,USDTUSDC,1679185560000,2023-03-19 00:26:00,1.0029,1.0029,1.0029,1.0029,1.2
coinbase,USDTUSDC,1679185680000,2023-03-19 00:28:00,1.0029,1.0029,1.0029,1.0029,5.99
coinbase,USDTUSDC,1679185800000,2023-03-19 00:30:00,1.0029,1.003,1.0029,1.003,7.46
coinbase,USDTUSDC,1679186100000,2023-03-19 00:35:00,1.0029,1.003,1.0029,1.003,1497.77
coinbase,USDTUSDC,1679186400000,2023-03-19 00:40:00,1.003,1.003,1.003,1.003,58.68
coinbase,USDTUSDC,1679186640000,2023-03-19 00:44:00,1.003,1.003,1.0027,1.0027,224
coinbase,USDTUSDC,1679186940000,2023-03-19 00:49:00,1.0028,1.0028,1.0028,1.0028,3.91
coinbase,USDTUSDC,1679187420000,2023-03-19 00:57:00,1.0029,1.0029,1.0028,1.0029,5.87
coinbase,USDTUSDC,1679187660000,2023-03-19 01:01:00,1.0029,1.003,1.0027,1.003,720.26
coinbase,USDTUSDC,1679188140000,2023-03-19 01:09:00,1.003,1.003,1.003,1.003,101.14
coinbase,USDTUSDC,1679188800000,2023-03-19 01:20:00,1.003,1.003,1.0029,1.0029,41.93
coinbase,USDTUSDC,1679189400000,2023-03-19 01:30:00,1.0029,1.0029,1.0028,1.0028,55.43
coinbase,USDTUSDC,1679190360000,2023-03-19 01:46:00,1.0029,1.003,1.0029,1.003,24.8
coinbase,USDTUSDC,1679190420000,2023-03-19 01:47:00,1.0028,1.0028,1.0028,1.0028,27.21
coinbase,USDTUSDC,1679191080000,2023-03-19 01:58:00,1.0028,1.0028,1.0028,1.0028,19.06
coinbase,USDTUSDC,1679191200000,2023-03-19 02:00:00,1.0028,1.003,1.0028,1.003,151.25
coinbase,USDTUSDC,1679155620000,2023-03-18 16:07:00,1.0032,1.0032,1.0031,1.0031,94.44
coinbase,USDTUSDC,1679155680000,2023-03-18 16:08:00,1.0031,1.0031,1.0031,1.0031,1065.2
coinbase,USDTUSDC,1679155740000,2023-03-18 16:09:00,1.0031,1.0031,1.0028,1.0028,972.77
coinbase,USDTUSDC,1679155800000,2023-03-18 16:10:00,1.0028,1.0028,1.0027,1.0027,124.8
coinbase,USDTUSDC,1679155860000,2023-03-18 16:11:00,1.0029,1.0029,1.0029,1.0029,4.4
coinbase,USDTUSDC,1679156100000,2023-03-18 16:15:00,1.0029,1.0029,1.0029,1.0029,21.51
coinbase,USDTUSDC,1679156280000,2023-03-18 16:18:00,1.0029,1.0029,1.0026,1.0026,1275.42
coinbase,USDTUSDC,1679156580000,2023-03-18 16:23:00,1.0026,1.0026,1.0026,1.0026,30.43
coinbase,USDTUSDC,1679156640000,2023-03-18 16:24:00,1.0028,1.0028,1.0025,1.0025,100
coinbase,USDTUSDC,1679156760000,2023-03-18 16:26:00,1.0028,1.0032,1.0028,1.003,4990.9
coinbase,USDTUSDC,1679156940000,2023-03-18 16:29:00,1.003,1.003,1.0026,1.0026,642.97
coinbase,USDTUSDC,1679157060000,2023-03-18 16:31:00,1.003,1.0032,1.0029,1.003,3043.16
coinbase,USDTUSDC,1679157660000,2023-03-18 16:41:00,1.0028,1.003,1.0028,1.0029,867.73
coinbase,USDTUSDC,1679157720000,2023-03-18 16:42:00,1.0029,1.0029,1.0028,1.0029,1354.07
coinbase,USDTUSDC,1679157780000,2023-03-18 16:43:00,1.0029,1.0029,1.0028,1.0029,3864.81
coinbase,USDTUSDC,1679157840000,2023-03-18 16:44:00,1.0029,1.0029,1.0028,1.0028,2105.51
coinbase,USDTUSDC,1679157960000,2023-03-18 16:46:00,1.0028,1.0028,1.0028,1.0028,654.32
coinbase,USDTUSDC,1679158020000,2023-03-18 16:47:00,1.0028,1.0028,1.0028,1.0028,599.69
coinbase,USDTUSDC,1679158140000,2023-03-18 16:49:00,1.0028,1.0028,1.0028,1.0028,5.57
coinbase,USDTUSDC,1679158320000,2023-03-18 16:52:00,1.0029,1.0029,1.0029,1.0029,1270.62
coinbase,USDTUSDC,1679158380000,2023-03-18 16:53:00,1.0029,1.0029,1.0029,1.0029,14.51
coinbase,USDTUSDC,1679158500000,2023-03-18 16:55:00,1.003,1.003,1.0029,1.0029,4938.07
coinbase,USDTUSDC,1679158620000,2023-03-18 16:57:00,1.0029,1.0029,1.0029,1.0029,3569.42
coinbase,USDTUSDC,1679158680000,2023-03-18 16:58:00,1.0029,1.0029,1.0029,1.0029,4165.05
coinbase,USDTUSDC,1679158740000,2023-03-18 16:59:00,1.0029,1.0029,1.0029,1.0029,2546.92
coinbase,USDTUSDC,1679158800000,2023-03-18 17:00:00,1.0029,1.0029,1.0029,1.0029,3006.3
coinbase,USDTUSDC,1679158860000,2023-03-18 17:01:00,1.0029,1.0029,1.0029,1.0029,5344.75
coinbase,USDTUSDC,1679158920000,2023-03-18 17:02:00,1.0029,1.0029,1.0029,1.0029,2082.93
coinbase,USDTUSDC,1679158980000,2023-03-18 17:03:00,1.0029,1.0031,1.0029,1.0031,846.79
coinbase,USDTUSDC,1679160060000,2023-03-18 17:21:00,1.0029,1.0029,1.0029,1.0029,1056.63
coinbase,USDTUSDC,1679160480000,2023-03-18 17:28:00,1.0029,1.0031,1.0029,1.003,5.43
coinbase,USDTUSDC,1679160600000,2023-03-18 17:30:00,1.003,1.003,1.0029,1.003,15.5
coinbase,USDTUSDC,1679160720000,2023-03-18 17:32:00,1.0031,1.0031,1.0031,1.0031,9.64
coinbase,USDTUSDC,1679161020000,2023-03-18 17:37:00,1.003,1.003,1.003,1.003,49.35
coinbase,USDTUSDC,1679161080000,2023-03-18 17:38:00,1.0029,1.0029,1.0029,1.0029,188.42
coinbase,USDTUSDC,1679161380000,2023-03-18 17:43:00,1.0028,1.0028,1.0028,1.0028,401.6
coinbase,USDTUSDC,1679161620000,2023-03-18 17:47:00,1.0028,1.0028,1.0028,1.0028,84.06
coinbase,USDTUSDC,1679161680000,2023-03-18 17:48:00,1.0028,1.0028,1.0028,1.0028,4.87
coinbase,USDTUSDC,1679161800000,2023-03-18 17:50:00,1.0027,1.0029,1.0027,1.0029,8.28
coinbase,USDTUSDC,1679162700000,2023-03-18 18:05:00,1.0028,1.0028,1.0027,1.0027,100.25
coinbase,USDTUSDC,1679162760000,2023-03-18 18:06:00,1.0027,1.0028,1.0027,1.0028,95.97
coinbase,USDTUSDC,1679164080000,2023-03-18 18:28:00,1.003,1.003,1.0027,1.0027,13.99
coinbase,USDTUSDC,1679164260000,2023-03-18 18:31:00,1.003,1.003,1.0027,1.0027,148.07
coinbase,USDTUSDC,1679165040000,2023-03-18 18:44:00,1.003,1.003,1.003,1.003,8.59
coinbase,USDTUSDC,1679165280000,2023-03-18 18:48:00,1.0028,1.0029,1.0028,1.0029,307.45
coinbase,USDTUSDC,1679165400000,2023-03-18 18:50:00,1.0029,1.0029,1.0029,1.0029,4.37
coinbase,USDTUSDC,1679165460000,2023-03-18 18:51:00,1.0029,1.0029,1.0027,1.0027,82.9
coinbase,USDTUSDC,1679165760000,2023-03-18 18:56:00,1.0027,1.0027,1.0027,1.0027,4.31
coinbase,USDTUSDC,1679165940000,2023-03-18 18:59:00,1.0029,1.0029,1.0029,1.0029,200.29
coinbase,USDTUSDC,1679166120000,2023-03-18 19:02:00,1.003,1.0033,1.0029,1.0033,1957.52
coinbase,USDTUSDC,1679166180000,2023-03-18 19:03:00,1.0033,1.0033,1.0033,1.0033,2202.52
coinbase,USDTUSDC,1679166240000,2023-03-18 19:04:00,1.0033,1.0033,1.0033,1.0033,462.13
coinbase,USDTUSDC,1679166300000,2023-03-18 19:05:00,1.0033,1.0033,1.0033,1.0033,2081.2
coinbase,USDTUSDC,1679166780000,2023-03-18 19:13:00,1.0033,1.0033,1.0033,1.0033,993.6
coinbase,USDTUSDC,1679166900000,2023-03-18 19:15:00,1.0033,1.0034,1.0033,1.0034,262.98
coinbase,USDTUSDC,1679167020000,2023-03-18 19:17:00,1.0033,1.0034,1.0033,1.0034,670.56
coinbase,USDTUSDC,1679167140000,2023-03-18 19:19:00,1.0033,1.0033,1.0033,1.0033,1820.28
coinbase,USDTUSDC,1679167200000,2023-03-18 19:20:00,1.0033,1.0033,1.0033,1.0033,72.98
coinbase,USDTUSDC,1679167380000,2023-03-18 19:23:00,1.0033,1.0033,1.0033,1.0033,244.61
coinbase,USDTUSDC,1679167740000,2023-03-18 19:29:00,1.0033,1.0033,1.0033,1.0033,4.5
coinbase,USDTUSDC,1679167800000,2023-03-18 19:30:00,1.0033,1.0034,1.0033,1.0034,1623.81
coinbase,USDTUSDC,1679167980000,2023-03-18 19:33:00,1.0034,1.0034,1.0034,1.0034,1243.14
coinbase,USDTUSDC,1679168040000,2023-03-18 19:34:00,1.0034,1.0034,1.0034,1.0034,2079.58
coinbase,USDTUSDC,1679168220000,2023-03-18 19:37:00,1.0034,1.0034,1.0034,1.0034,1819.82
coinbase,USDTUSDC,1679168400000,2023-03-18 19:40:00,1.0034,1.0034,1.0034,1.0034,462.16
coinbase,USDTUSDC,1679168520000,2023-03-18 19:42:00,1.0034,1.0036,1.0034,1.0036,1613.21
coinbase,USDTUSDC,1679168640000,2023-03-18 19:44:00,1.0035,1.0035,1.0035,1.0035,359.75
coinbase,USDTUSDC,1679169060000,2023-03-18 19:51:00,1.0035,1.0035,1.0034,1.0034,1042.79
coinbase,USDTUSDC,1679170380000,2023-03-18 20:13:00,1.0036,1.0036,1.0036,1.0036,7.76
coinbase,USDTUSDC,1679170500000,2023-03-18 20:15:00,1.0035,1.0035,1.0034,1.0034,1022.04
coinbase,USDTUSDC,1679171340000,2023-03-18 20:29:00,1.0037,1.0037,1.0036,1.0036,6.01
coinbase,USDTUSDC,1679172420000,2023-03-18 20:47:00,1.0036,1.0036,1.0036,1.0036,2.92
coinbase,USDTUSDC,1679172780000,2023-03-18 20:53:00,1.0036,1.0036,1.0034,1.0034,1315.76
coinbase,USDTUSDC,1679172900000,2023-03-18 20:55:00,1.0035,1.0035,1.0034,1.0034,2076.11
coinbase,USDTUSDC,1679172960000,2023-03-18 20:56:00,1.0034,1.0034,1.0034,1.0034,1499.7
coinbase,USDTUSDC,1679173080000,2023-03-18 20:58:00,1.0034,1.0035,1.0034,1.0035,34.81
coinbase,USDTUSDC,1679173140000,2023-03-18 20:59:00,1.0034,1.0034,1.0034,1.0034,42.64
coinbase,USDTUSDC,1679173200000,2023-03-18 21:00:00,1.0035,1.0035,1.0035,1.0035,5.45
coinbase,USDTUSDC,1679137380000,2023-03-18 11:03:00,1.0027,1.0028,1.0027,1.0028,406.65
coinbase,USDTUSDC,1679138460000,2023-03-18 11:21:00,1.0027,1.0027,1.0027,1.0027,1046.63
coinbase,USDTUSDC,1679139180000,2023-03-18 11:33:00,1.0026,1.0027,1.0026,1.0027,29.44
coinbase,USDTUSDC,1679140200000,2023-03-18 11:50:00,1.0026,1.0026,1.0026,1.0026,1.82
coinbase,USDTUSDC,1679140260000,2023-03-18 11:51:00,1.0026,1.0026,1.0026,1.0026,3.5
coinbase,USDTUSDC,1679140500000,2023-03-18 11:55:00,1.0026,1.0026,1.0026,1.0026,160.75
coinbase,USDTUSDC,1679140620000,2023-03-18 11:57:00,1.0026,1.0027,1.0026,1.0027,4.47
coinbase,USDTUSDC,1679141580000,2023-03-18 12:13:00,1.0026,1.0026,1.0026,1.0026,1121.33
coinbase,USDTUSDC,1679142900000,2023-03-18 12:35:00,1.0027,1.0027,1.0026,1.0026,301.11
coinbase,USDTUSDC,1679143740000,2023-03-18 12:49:00,1.0025,1.0025,1.0025,1.0025,2.32
coinbase,USDTUSDC,1679143860000,2023-03-18 12:51:00,1.0025,1.0027,1.0025,1.0027,1133.78
coinbase,USDTUSDC,1679143980000,2023-03-18 12:53:00,1.0026,1.0027,1.0026,1.0027,463.75
coinbase,USDTUSDC,1679144160000,2023-03-18 12:56:00,1.0027,1.0027,1.0025,1.0027,1009.88
coinbase,USDTUSDC,1679144340000,2023-03-18 12:59:00,1.0026,1.0028,1.0026,1.0028,4352.38
coinbase,USDTUSDC,1679145120000,2023-03-18 13:12:00,1.0028,1.0028,1.0028,1.0028,1503.97
coinbase,USDTUSDC,1679145360000,2023-03-18 13:16:00,1.0028,1.0028,1.0028,1.0028,599.88
coinbase,USDTUSDC,1679146260000,2023-03-18 13:31:00,1.0027,1.0029,1.0027,1.0029,7.41
coinbase,USDTUSDC,1679146620000,2023-03-18 13:37:00,1.0028,1.0028,1.0028,1.0028,2.32
coinbase,USDTUSDC,1679147220000,2023-03-18 13:47:00,1.003,1.003,1.0028,1.003,7
coinbase,USDTUSDC,1679147400000,2023-03-18 13:50:00,1.003,1.003,1.0028,1.003,49.4
coinbase,USDTUSDC,1679147760000,2023-03-18 13:56:00,1.0028,1.0029,1.0028,1.0029,463.56
coinbase,USDTUSDC,1679148180000,2023-03-18 14:03:00,1.0029,1.003,1.0029,1.003,487.8
coinbase,USDTUSDC,1679148300000,2023-03-18 14:05:00,1.003,1.003,1.0029,1.003,294.57
coinbase,USDTUSDC,1679148420000,2023-03-18 14:07:00,1.003,1.003,1.003,1.003,6.43
coinbase,USDTUSDC,1679148900000,2023-03-18 14:15:00,1.003,1.003,1.0028,1.0028,366.33
coinbase,USDTUSDC,1679149740000,2023-03-18 14:29:00,1.0029,1.0029,1.0029,1.0029,1964.69
coinbase,USDTUSDC,1679149800000,2023-03-18 14:30:00,1.0029,1.0029,1.0029,1.0029,37.48
coinbase,USDTUSDC,1679150160000,2023-03-18 14:36:00,1.003,1.003,1.003,1.003,184.99
coinbase,USDTUSDC,1679150220000,2023-03-18 14:37:00,1.0028,1.0028,1.0027,1.0027,138.86
coinbase,USDTUSDC,1679151120000,2023-03-18 14:52:00,1.0031,1.0031,1.0031,1.0031,57.79
coinbase,USDTUSDC,1679152380000,2023-03-18 15:13:00,1.0031,1.0033,1.003,1.003,1086.46
coinbase,USDTUSDC,1679152500000,2023-03-18 15:15:00,1.0032,1.0032,1.0029,1.0029,1401.28
coinbase,USDTUSDC,1679152980000,2023-03-18 15:23:00,1.0028,1.0028,1.0028,1.0028,12.85
coinbase,USDTUSDC,1679153100000,2023-03-18 15:25:00,1.0028,1.0031,1.0028,1.0031,21.56
coinbase,USDTUSDC,1679153220000,2023-03-18 15:27:00,1.0031,1.0032,1.0031,1.0032,466.63
coinbase,USDTUSDC,1679153280000,2023-03-18 15:28:00,1.0032,1.0032,1.0032,1.0032,14.66
coinbase,USDTUSDC,1679153340000,2023-03-18 15:29:00,1.0032,1.0032,1.0031,1.0031,182.84
coinbase,USDTUSDC,1679153520000,2023-03-18 15:32:00,1.003,1.0032,1.003,1.0032,114.55
coinbase,USDTUSDC,1679154240000,2023-03-18 15:44:00,1.0033,1.0033,1.0031,1.0031,34.46
coinbase,USDTUSDC,1679154360000,2023-03-18 15:46:00,1.0034,1.0034,1.0034,1.0034,14.08
coinbase,USDTUSDC,1679154420000,2023-03-18 15:47:00,1.0034,1.0034,1.0034,1.0034,20.66
coinbase,USDTUSDC,1679154540000,2023-03-18 15:49:00,1.0031,1.0031,1.0031,1.0031,537.08
coinbase,USDTUSDC,1679154780000,2023-03-18 15:53:00,1.003,1.003,1.003,1.003,14.77
coinbase,USDTUSDC,1679155020000,2023-03-18 15:57:00,1.0032,1.0032,1.0031,1.0031,927.1
coinbase,USDTUSDC,1679155080000,2023-03-18 15:58:00,1.0032,1.0032,1.003,1.003,7.04
coinbase,USDTUSDC,1679119260000,2023-03-18 06:01:00,1.0025,1.0026,1.0025,1.0026,1100.98
coinbase,USDTUSDC,1679119680000,2023-03-18 06:08:00,1.0026,1.0026,1.0026,1.0026,1.77
coinbase,USDTUSDC,1679121420000,2023-03-18 06:37:00,1.0027,1.0027,1.0027,1.0027,427.2
coinbase,USDTUSDC,1679121960000,2023-03-18 06:46:00,1.0027,1.0028,1.0027,1.0028,109.27
coinbase,USDTUSDC,1679122020000,2023-03-18 06:47:00,1.0028,1.0028,1.0028,1.0028,1.35
coinbase,USDTUSDC,1679122140000,2023-03-18 06:49:00,1.0028,1.0028,1.0028,1.0028,3.32
coinbase,USDTUSDC,1679122440000,2023-03-18 06:54:00,1.0028,1.0029,1.0028,1.0029,1495.25
coinbase,USDTUSDC,1679122680000,2023-03-18 06:58:00,1.0029,1.0029,1.0028,1.0028,2.59
coinbase,USDTUSDC,1679125440000,2023-03-18 07:44:00,1.0028,1.0028,1.0028,1.0028,2853.2
coinbase,USDTUSDC,1679125560000,2023-03-18 07:46:00,1.0028,1.0028,1.0027,1.0027,1839.28
coinbase,USDTUSDC,1679126280000,2023-03-18 07:58:00,1.0027,1.0028,1.0027,1.0028,47.28
coinbase,USDTUSDC,1679127300000,2023-03-18 08:15:00,1.0028,1.0028,1.0027,1.0027,318.01
coinbase,USDTUSDC,1679127840000,2023-03-18 08:24:00,1.0028,1.0028,1.0027,1.0028,104.42
coinbase,USDTUSDC,1679128020000,2023-03-18 08:27:00,1.0027,1.0028,1.0027,1.0028,354.67
coinbase,USDTUSDC,1679128140000,2023-03-18 08:29:00,1.0028,1.0028,1.0027,1.0027,25.95
coinbase,USDTUSDC,1679128980000,2023-03-18 08:43:00,1.0027,1.0028,1.0027,1.0028,30.45
coinbase,USDTUSDC,1679129220000,2023-03-18 08:47:00,1.0028,1.0028,1.0028,1.0028,8.96
coinbase,USDTUSDC,1679129400000,2023-03-18 08:50:00,1.0028,1.0028,1.0027,1.0027,133.23
coinbase,USDTUSDC,1679129640000,2023-03-18 08:54:00,1.0027,1.0027,1.0027,1.0027,4.21
coinbase,USDTUSDC,1679129700000,2023-03-18 08:55:00,1.0028,1.0028,1.0028,1.0028,25.73
coinbase,USDTUSDC,1679129820000,2023-03-18 08:57:00,1.0028,1.0028,1.0026,1.0028,20.89
coinbase,USDTUSDC,1679129940000,2023-03-18 08:59:00,1.0028,1.0028,1.0027,1.0027,101.43
coinbase,USDTUSDC,1679130000000,2023-03-18 09:00:00,1.0028,1.0028,1.0028,1.0028,1.45
coinbase,USDTUSDC,1679130120000,2023-03-18 09:02:00,1.0028,1.0032,1.0028,1.0032,5007.84
coinbase,USDTUSDC,1679130180000,2023-03-18 09:03:00,1.0028,1.0031,1.0028,1.0028,5747.32
coinbase,USDTUSDC,1679130300000,2023-03-18 09:05:00,1.0029,1.0029,1.0029,1.0029,67.67
coinbase,USDTUSDC,1679130360000,2023-03-18 09:06:00,1.0028,1.0028,1.0028,1.0028,157.79
coinbase,USDTUSDC,1679130540000,2023-03-18 09:09:00,1.0028,1.0028,1.0028,1.0028,1685.68
coinbase,USDTUSDC,1679130720000,2023-03-18 09:12:00,1.0028,1.0028,1.0028,1.0028,1876.27
coinbase,USDTUSDC,1679130780000,2023-03-18 09:13:00,1.0028,1.0028,1.0028,1.0028,3660.42
coinbase,USDTUSDC,1679130840000,2023-03-18 09:14:00,1.0028,1.0028,1.0028,1.0028,1624.79
coinbase,USDTUSDC,1679130960000,2023-03-18 09:16:00,1.0028,1.0028,1.0028,1.0028,1416.86
coinbase,USDTUSDC,1679131140000,2023-03-18 09:19:00,1.0028,1.0028,1.0027,1.0027,1039.03
coinbase,USDTUSDC,1679132160000,2023-03-18 09:36:00,1.0028,1.0028,1.0027,1.0027,2.49
coinbase,USDTUSDC,1679133120000,2023-03-18 09:52:00,1.0027,1.0028,1.0027,1.0028,4.02
coinbase,USDTUSDC,1679134260000,2023-03-18 10:11:00,1.0029,1.0029,1.0028,1.0028,1001.31
coinbase,USDTUSDC,1679135280000,2023-03-18 10:28:00,1.0027,1.0027,1.0027,1.0027,4.88
coinbase,USDTUSDC,1679135340000,2023-03-18 10:29:00,1.0027,1.0029,1.0027,1.0029,4.72
coinbase,USDTUSDC,1679135880000,2023-03-18 10:38:00,1.0029,1.0029,1.0028,1.0028,509.97
coinbase,USDTUSDC,1679136180000,2023-03-18 10:43:00,1.0028,1.0028,1.0028,1.0028,27.36
coinbase,USDTUSDC,1679136660000,2023-03-18 10:51:00,1.0027,1.0027,1.0027,1.0027,2.57
coinbase,USDTUSDC,1679136960000,2023-03-18 10:56:00,1.0027,1.0027,1.0027,1.0027,15.01
coinbase,USDTUSDC,1679137080000,2023-03-18 10:58:00,1.0027,1.0027,1.0027,1.0027,3.6
coinbase,USDTUSDC,1679101440000,2023-03-18 01:04:00,1.0024,1.0024,1.0024,1.0024,3.59
coinbase,USDTUSDC,1679101740000,2023-03-18 01:09:00,1.0024,1.0024,1.0024,1.0024,50.79
coinbase,USDTUSDC,1679102100000,2023-03-18 01:15:00,1.0024,1.0024,1.0024,1.0024,33.48
coinbase,USDTUSDC,1679102460000,2023-03-18 01:21:00,1.0024,1.0024,1.0022,1.0022,531.2
coinbase,USDTUSDC,1679102520000,2023-03-18 01:22:00,1.0022,1.0022,1.0022,1.0022,2085.05
coinbase,USDTUSDC,1679102640000,2023-03-18 01:24:00,1.0021,1.0021,1.002,1.002,6142.94
coinbase,USDTUSDC,1679102700000,2023-03-18 01:25:00,1.002,1.0021,1.002,1.0021,5.75
coinbase,USDTUSDC,1679102940000,2023-03-18 01:29:00,1.0022,1.0022,1.0022,1.0022,17.98
coinbase,USDTUSDC,1679103420000,2023-03-18 01:37:00,1.0024,1.0024,1.0024,1.0024,30.23
coinbase,USDTUSDC,1679103480000,2023-03-18 01:38:00,1.0026,1.0026,1.0025,1.0025,1079.31
coinbase,USDTUSDC,1679104080000,2023-03-18 01:48:00,1.0025,1.0025,1.0025,1.0025,3.17
coinbase,USDTUSDC,1679104140000,2023-03-18 01:49:00,1.0026,1.0027,1.0025,1.0027,2102.07
coinbase,USDTUSDC,1679104260000,2023-03-18 01:51:00,1.0025,1.0025,1.0025,1.0025,524
coinbase,USDTUSDC,1679104380000,2023-03-18 01:53:00,1.0025,1.0026,1.0025,1.0026,1709.03
coinbase,USDTUSDC,1679104980000,2023-03-18 02:03:00,1.0026,1.0027,1.0026,1.0027,523.05
coinbase,USDTUSDC,1679105100000,2023-03-18 02:05:00,1.0027,1.0027,1.0025,1.0025,1267.88
coinbase,USDTUSDC,1679105640000,2023-03-18 02:14:00,1.0026,1.0026,1.0026,1.0026,6192.07
coinbase,USDTUSDC,1679105700000,2023-03-18 02:15:00,1.0027,1.0027,1.0026,1.0026,2025.54
coinbase,USDTUSDC,1679106180000,2023-03-18 02:23:00,1.0026,1.0026,1.0026,1.0026,1040.48
coinbase,USDTUSDC,1679106420000,2023-03-18 02:27:00,1.0026,1.0026,1.0026,1.0026,1754.93
coinbase,USDTUSDC,1679106540000,2023-03-18 02:29:00,1.0026,1.0026,1.0026,1.0026,298.29
coinbase,USDTUSDC,1679106960000,2023-03-18 02:36:00,1.0025,1.0026,1.0025,1.0026,67.47
coinbase,USDTUSDC,1679107140000,2023-03-18 02:39:00,1.0026,1.0026,1.0026,1.0026,101
coinbase,USDTUSDC,1679107620000,2023-03-18 02:47:00,1.0025,1.0025,1.0025,1.0025,26.93
coinbase,USDTUSDC,1679108160000,2023-03-18 02:56:00,1.0025,1.0026,1.0025,1.0026,2.8
coinbase,USDTUSDC,1679108400000,2023-03-18 03:00:00,1.0026,1.0026,1.0026,1.0026,0.82
coinbase,USDTUSDC,1679108580000,2023-03-18 03:03:00,1.0027,1.0027,1.0027,1.0027,51.1
coinbase,USDTUSDC,1679109180000,2023-03-18 03:13:00,1.0027,1.0027,1.0027,1.0027,76.96
coinbase,USDTUSDC,1679110320000,2023-03-18 03:32:00,1.0028,1.0028,1.0028,1.0028,16.7
coinbase,USDTUSDC,1679111280000,2023-03-18 03:48:00,1.0027,1.0027,1.0025,1.0025,27.55
coinbase,USDTUSDC,1679111700000,2023-03-18 03:55:00,1.0025,1.0025,1.0025,1.0025,6.29
coinbase,USDTUSDC,1679111820000,2023-03-18 03:57:00,1.0026,1.0026,1.0025,1.0025,49.37
coinbase,USDTUSDC,1679112060000,2023-03-18 04:01:00,1.0025,1.0025,1.0025,1.0025,1.01
coinbase,USDTUSDC,1679113440000,2023-03-18 04:24:00,1.0027,1.0028,1.0027,1.0028,5000
coinbase,USDTUSDC,1679113740000,2023-03-18 04:29:00,1.0027,1.0027,1.0027,1.0027,4.11
coinbase,USDTUSDC,1679114640000,2023-03-18 04:44:00,1.0026,1.0026,1.0026,1.0026,31.21
coinbase,USDTUSDC,1679115540000,2023-03-18 04:59:00,1.0026,1.0026,1.0026,1.0026,3.89
coinbase,USDTUSDC,1679116380000,2023-03-18 05:13:00,1.0025,1.0025,1.0025,1.0025,120.55
coinbase,USDTUSDC,1679117520000,2023-03-18 05:32:00,1.0025,1.0025,1.0024,1.0024,1128.87
coinbase,USDTUSDC,1679118240000,2023-03-18 05:44:00,1.0025,1.0025,1.0025,1.0025,448.93
coinbase,USDTUSDC,1679118600000,2023-03-18 05:50:00,1.0026,1.0026,1.0026,1.0026,5.93
coinbase,USDTUSDC,1679119020000,2023-03-18 05:57:00,1.0025,1.0025,1.0025,1.0025,2.4
coinbase,USDTUSDC,1679083320000,2023-03-17 20:02:00,1.0022,1.0022,1.0022,1.0022,1461.83
coinbase,USDTUSDC,1679083440000,2023-03-17 20:04:00,1.0022,1.0022,1.0022,1.0022,2521.25
coinbase,USDTUSDC,1679083680000,2023-03-17 20:08:00,1.0023,1.0023,1.0022,1.0022,2318.62
coinbase,USDTUSDC,1679083860000,2023-03-17 20:11:00,1.0022,1.0022,1.0022,1.0022,1.34
coinbase,USDTUSDC,1679084100000,2023-03-17 20:15:00,1.0021,1.0021,1.002,1.002,641.15
coinbase,USDTUSDC,1679084280000,2023-03-17 20:18:00,1.0021,1.0021,1.0019,1.0019,29.46
coinbase,USDTUSDC,1679084400000,2023-03-17 20:20:00,1.002,1.002,1.002,1.002,123.19
coinbase,USDTUSDC,1679084520000,2023-03-17 20:22:00,1.0021,1.0021,1.0019,1.0019,16.02
coinbase,USDTUSDC,1679085060000,2023-03-17 20:31:00,1.0019,1.0022,1.0019,1.0022,1904.24
coinbase,USDTUSDC,1679085480000,2023-03-17 20:38:00,1.002,1.002,1.0019,1.0019,1902.07
coinbase,USDTUSDC,1679085540000,2023-03-17 20:39:00,1.0023,1.0023,1.002,1.002,2306.22
coinbase,USDTUSDC,1679086020000,2023-03-17 20:47:00,1.0021,1.0021,1.0021,1.0021,3.69
coinbase,USDTUSDC,1679086380000,2023-03-17 20:53:00,1.0022,1.0022,1.002,1.002,312.56
coinbase,USDTUSDC,1679086620000,2023-03-17 20:57:00,1.002,1.0022,1.002,1.0022,103.24
coinbase,USDTUSDC,1679087580000,2023-03-17 21:13:00,1.0021,1.0021,1.002,1.002,3.02
coinbase,USDTUSDC,1679087940000,2023-03-17 21:19:00,1.0022,1.0022,1.002,1.002,540.44
coinbase,USDTUSDC,1679088240000,2023-03-17 21:24:00,1.002,1.0023,1.002,1.0022,301.25
coinbase,USDTUSDC,1679088300000,2023-03-17 21:25:00,1.0023,1.0023,1.0022,1.0022,419.37
coinbase,USDTUSDC,1679088720000,2023-03-17 21:32:00,1.002,1.0021,1.002,1.0021,98.35
coinbase,USDTUSDC,1679089320000,2023-03-17 21:42:00,1.0023,1.0023,1.002,1.0023,431.41
coinbase,USDTUSDC,1679089680000,2023-03-17 21:48:00,1.0019,1.002,1.0019,1.002,7.92
coinbase,USDTUSDC,1679089740000,2023-03-17 21:49:00,1.002,1.002,1.002,1.002,3.03
coinbase,USDTUSDC,1679089920000,2023-03-17 21:52:00,1.0019,1.0022,1.0019,1.0022,4.78
coinbase,USDTUSDC,1679090520000,2023-03-17 22:02:00,1.0022,1.0023,1.0022,1.0023,4.79
coinbase,USDTUSDC,1679090580000,2023-03-17 22:03:00,1.0023,1.0024,1.0023,1.0024,1235.08
coinbase,USDTUSDC,1679090880000,2023-03-17 22:08:00,1.0022,1.0022,1.002,1.002,101.05
coinbase,USDTUSDC,1679090940000,2023-03-17 22:09:00,1.002,1.002,1.0012,1.0012,5065.44
coinbase,USDTUSDC,1679091060000,2023-03-17 22:11:00,1.0019,1.002,1.0019,1.002,668.41
coinbase,USDTUSDC,1679091240000,2023-03-17 22:14:00,1.002,1.002,1.002,1.002,30.22
coinbase,USDTUSDC,1679091300000,2023-03-17 22:15:00,1.0016,1.0016,1.0016,1.0016,5.79
coinbase,USDTUSDC,1679091420000,2023-03-17 22:17:00,1.002,1.002,1.0018,1.0018,71.28
coinbase,USDTUSDC,1679091600000,2023-03-17 22:20:00,1.002,1.0021,1.002,1.0021,498.91
coinbase,USDTUSDC,1679091720000,2023-03-17 22:22:00,1.002,1.0021,1.002,1.002,265.4
coinbase,USDTUSDC,1679091780000,2023-03-17 22:23:00,1.002,1.0022,1.002,1.0022,393.18
coinbase,USDTUSDC,1679091900000,2023-03-17 22:25:00,1.0021,1.0023,1.0018,1.0018,452.76
coinbase,USDTUSDC,1679091960000,2023-03-17 22:26:00,1.0021,1.0023,1.0021,1.0023,2260.68
coinbase,USDTUSDC,1679092020000,2023-03-17 22:27:00,1.0022,1.0025,1.0022,1.0025,753.83
coinbase,USDTUSDC,1679092140000,2023-03-17 22:29:00,1.002,1.002,1.002,1.002,12.02
coinbase,USDTUSDC,1679092320000,2023-03-17 22:32:00,1.0024,1.0026,1.0022,1.0026,626.1
coinbase,USDTUSDC,1679092380000,2023-03-17 22:33:00,1.0025,1.0025,1.0025,1.0025,30.44
coinbase,USDTUSDC,1679092440000,2023-03-17 22:34:00,1.0025,1.0026,1.0023,1.0023,65.39
coinbase,USDTUSDC,1679092680000,2023-03-17 22:38:00,1.0023,1.0023,1.0022,1.0022,100.28
coinbase,USDTUSDC,1679092740000,2023-03-17 22:39:00,1.0022,1.0026,1.0021,1.0023,1873.89
coinbase,USDTUSDC,1679092800000,2023-03-17 22:40:00,1.0023,1.0027,1.0023,1.0026,905.76
coinbase,USDTUSDC,1679093040000,2023-03-17 22:44:00,1.0026,1.0026,1.0026,1.0026,455.16
coinbase,USDTUSDC,1679093100000,2023-03-17 22:45:00,1.0026,1.0026,1.0026,1.0026,151.47
coinbase,USDTUSDC,1679093220000,2023-03-17 22:47:00,1.0023,1.0023,1.0023,1.0023,9.93
coinbase,USDTUSDC,1679093280000,2023-03-17 22:48:00,1.0021,1.0021,1.0021,1.0021,60.92
coinbase,USDTUSDC,1679093340000,2023-03-17 22:49:00,1.0021,1.0021,1.0021,1.0021,6.53
coinbase,USDTUSDC,1679093640000,2023-03-17 22:54:00,1.0021,1.0026,1.0021,1.0026,1053.61
coinbase,USDTUSDC,1679093700000,2023-03-17 22:55:00,1.0026,1.0026,1.0026,1.0026,2972.47
coinbase,USDTUSDC,1679093760000,2023-03-17 22:56:00,1.0026,1.0028,1.0026,1.0027,669.82
coinbase,USDTUSDC,1679093820000,2023-03-17 22:57:00,1.0027,1.0034,1.0026,1.0026,6946.86
coinbase,USDTUSDC,1679094000000,2023-03-17 23:00:00,1.0026,1.0026,1.0026,1.0026,796.85
coinbase,USDTUSDC,1679094180000,2023-03-17 23:03:00,1.0031,1.0031,1.0026,1.0026,264.57
coinbase,USDTUSDC,1679094600000,2023-03-17 23:10:00,1.0026,1.0026,1.0023,1.0023,67.17
coinbase,USDTUSDC,1679094900000,2023-03-17 23:15:00,1.0023,1.0025,1.0023,1.0025,167.08
coinbase,USDTUSDC,1679095140000,2023-03-17 23:19:00,1.0025,1.0025,1.0025,1.0025,377.59
coinbase,USDTUSDC,1679095260000,2023-03-17 23:21:00,1.0026,1.0026,1.0026,1.0026,519.38
coinbase,USDTUSDC,1679095320000,2023-03-17 23:22:00,1.0026,1.003,1.0026,1.0027,9476.16
coinbase,USDTUSDC,1679095440000,2023-03-17 23:24:00,1.0025,1.0025,1.0023,1.0023,101.97
coinbase,USDTUSDC,1679095560000,2023-03-17 23:26:00,1.0023,1.0023,1.0023,1.0023,14.11
coinbase,USDTUSDC,1679095920000,2023-03-17 23:32:00,1.0023,1.0023,1.0023,1.0023,84
coinbase,USDTUSDC,1679096700000,2023-03-17 23:45:00,1.0023,1.0023,1.0023,1.0023,34.85
coinbase,USDTUSDC,1679096880000,2023-03-17 23:48:00,1.0025,1.0025,1.0023,1.0024,362.91
coinbase,USDTUSDC,1679097060000,2023-03-17 23:51:00,1.0025,1.0025,1.0024,1.0024,46.26
coinbase,USDTUSDC,1679097120000,2023-03-17 23:52:00,1.0025,1.0025,1.0023,1.0023,7.83
coinbase,USDTUSDC,1679097360000,2023-03-17 23:56:00,1.0023,1.0023,1.0023,1.0023,8.16
coinbase,USDTUSDC,1679097660000,2023-03-18 00:01:00,1.0025,1.0025,1.0024,1.0024,95.16
coinbase,USDTUSDC,1679097720000,2023-03-18 00:02:00,1.0023,1.0025,1.0023,1.0025,7.06
coinbase,USDTUSDC,1679098080000,2023-03-18 00:08:00,1.0024,1.0024,1.0024,1.0024,2.51
coinbase,USDTUSDC,1679098200000,2023-03-18 00:10:00,1.0024,1.0024,1.0022,1.0022,138.67
coinbase,USDTUSDC,1679098500000,2023-03-18 00:15:00,1.0024,1.0024,1.0024,1.0024,2.87
coinbase,USDTUSDC,1679098740000,2023-03-18 00:19:00,1.0024,1.0024,1.0023,1.0023,1284.21
coinbase,USDTUSDC,1679099040000,2023-03-18 00:24:00,1.0023,1.0023,1.0023,1.0023,1044.51
coinbase,USDTUSDC,1679099220000,2023-03-18 00:27:00,1.0023,1.0024,1.0023,1.0024,4162.34
coinbase,USDTUSDC,1679100240000,2023-03-18 00:44:00,1.0023,1.0023,1.0023,1.0023,1095.19
coinbase,USDTUSDC,1679100360000,2023-03-18 00:46:00,1.0023,1.0027,1.0023,1.0023,1503.37
coinbase,USDTUSDC,1679100420000,2023-03-18 00:47:00,1.0024,1.0024,1.0023,1.0023,1348.21
coinbase,USDTUSDC,1679100480000,2023-03-18 00:48:00,1.0023,1.0023,1.0023,1.0023,1.27
coinbase,USDTUSDC,1679100540000,2023-03-18 00:49:00,1.0024,1.0024,1.0023,1.0024,120.46
coinbase,USDTUSDC,1679100780000,2023-03-18 00:53:00,1.0024,1.0025,1.0024,1.0025,539.95
coinbase,USDTUSDC,1679100900000,2023-03-18 00:55:00,1.0024,1.0025,1.0024,1.0025,3655.08
coinbase,USDTUSDC,1679100960000,2023-03-18 00:56:00,1.0023,1.0024,1.0023,1.0024,447.19
coinbase,USDTUSDC,1679101140000,2023-03-18 00:59:00,1.0024,1.0024,1.0023,1.0023,15.98
coinbase,USDTUSDC,1679065200000,2023-03-17 15:00:00,1.0018,1.0018,1.0018,1.0018,475.48
coinbase,USDTUSDC,1679065320000,2023-03-17 15:02:00,1.0018,1.0018,1.0018,1.0018,1276.46
coinbase,USDTUSDC,1679065440000,2023-03-17 15:04:00,1.0018,1.0018,1.0018,1.0018,1788.63
coinbase,USDTUSDC,1679065500000,2023-03-17 15:05:00,1.0018,1.0018,1.0017,1.0017,7341.13
coinbase,USDTUSDC,1679065860000,2023-03-17 15:11:00,1.0016,1.0017,1.0015,1.0016,6969.67
coinbase,USDTUSDC,1679066040000,2023-03-17 15:14:00,1.0016,1.0017,1.0016,1.0017,88.79
coinbase,USDTUSDC,1679066160000,2023-03-17 15:16:00,1.0017,1.0017,1.0016,1.0016,168.4
coinbase,USDTUSDC,1679066280000,2023-03-17 15:18:00,1.0016,1.0016,1.0015,1.0015,1393.46
coinbase,USDTUSDC,1679066640000,2023-03-17 15:24:00,1.0015,1.0015,1.0014,1.0014,3766.51
coinbase,USDTUSDC,1679066760000,2023-03-17 15:26:00,1.0015,1.0015,1.0014,1.0014,8.56
coinbase,USDTUSDC,1679066940000,2023-03-17 15:29:00,1.0013,1.0014,1.0012,1.0012,110.77
coinbase,USDTUSDC,1679067060000,2023-03-17 15:31:00,1.0013,1.0013,1.0012,1.0012,608.74
coinbase,USDTUSDC,1679067480000,2023-03-17 15:38:00,1.0011,1.0011,1.0011,1.0011,10.57
coinbase,USDTUSDC,1679068200000,2023-03-17 15:50:00,1.0012,1.0012,1.0012,1.0012,517.43
coinbase,USDTUSDC,1679068320000,2023-03-17 15:52:00,1.0012,1.0013,1.0012,1.0013,2225.01
coinbase,USDTUSDC,1679068500000,2023-03-17 15:55:00,1.0013,1.0013,1.0013,1.0013,1.38
coinbase,USDTUSDC,1679068680000,2023-03-17 15:58:00,1.0016,1.0016,1.0013,1.0013,203.02
coinbase,USDTUSDC,1679069220000,2023-03-17 16:07:00,1.0015,1.0015,1.0015,1.0015,205.69
coinbase,USDTUSDC,1679069460000,2023-03-17 16:11:00,1.0013,1.0014,1.0013,1.0014,696.87
coinbase,USDTUSDC,1679069760000,2023-03-17 16:16:00,1.0014,1.0014,1.0014,1.0014,1.53
coinbase,USDTUSDC,1679069820000,2023-03-17 16:17:00,1.0014,1.0015,1.0014,1.0015,2378.66
coinbase,USDTUSDC,1679070120000,2023-03-17 16:22:00,1.0013,1.0014,1.0012,1.0014,13823
coinbase,USDTUSDC,1679070360000,2023-03-17 16:26:00,1.0012,1.0015,1.0012,1.0015,5366.62
coinbase,USDTUSDC,1679070420000,2023-03-17 16:27:00,1.0012,1.0015,1.0012,1.0015,504.07
coinbase,USDTUSDC,1679070480000,2023-03-17 16:28:00,1.0012,1.0015,1.0012,1.0015,1082.78
coinbase,USDTUSDC,1679070540000,2023-03-17 16:29:00,1.0015,1.0015,1.0014,1.0015,2067.25
coinbase,USDTUSDC,1679070660000,2023-03-17 16:31:00,1.0015,1.0015,1.0014,1.0015,2125.2
coinbase,USDTUSDC,1679070720000,2023-03-17 16:32:00,1.0014,1.0015,1.0014,1.0015,1713.43
coinbase,USDTUSDC,1679070780000,2023-03-17 16:33:00,1.0015,1.0015,1.0015,1.0015,300.47
coinbase,USDTUSDC,1679070900000,2023-03-17 16:35:00,1.0015,1.0015,1.0015,1.0015,2666.72
coinbase,USDTUSDC,1679070960000,2023-03-17 16:36:00,1.0015,1.0015,1.0015,1.0015,1945.25
coinbase,USDTUSDC,1679071020000,2023-03-17 16:37:00,1.0015,1.0015,1.0015,1.0015,1990.38
coinbase,USDTUSDC,1679071080000,2023-03-17 16:38:00,1.0015,1.0015,1.0015,1.0015,2546.48
coinbase,USDTUSDC,1679071140000,2023-03-17 16:39:00,1.0015,1.0015,1.0015,1.0015,2081.89
coinbase,USDTUSDC,1679071260000,2023-03-17 16:41:00,1.0015,1.0016,1.0015,1.0016,1082.85
coinbase,USDTUSDC,1679071320000,2023-03-17 16:42:00,1.0016,1.0016,1.0016,1.0016,1041.71
coinbase,USDTUSDC,1679071380000,2023-03-17 16:43:00,1.0016,1.0017,1.0016,1.0017,612.6
coinbase,USDTUSDC,1679071560000,2023-03-17 16:46:00,1.0017,1.0019,1.0017,1.0019,757.7
coinbase,USDTUSDC,1679071620000,2023-03-17 16:47:00,1.0017,1.0018,1.0017,1.0018,2.47
coinbase,USDTUSDC,1679071860000,2023-03-17 16:51:00,1.0018,1.002,1.0018,1.002,607.96
coinbase,USDTUSDC,1679072340000,2023-03-17 16:59:00,1.0019,1.0019,1.0017,1.0017,547.22
coinbase,USDTUSDC,1679072460000,2023-03-17 17:01:00,1.0017,1.0017,1.0015,1.0016,5536.35
coinbase,USDTUSDC,1679072520000,2023-03-17 17:02:00,1.0016,1.0017,1.0015,1.0017,9071.85
coinbase,USDTUSDC,1679073120000,2023-03-17 17:12:00,1.002,1.002,1.002,1.002,143.69
coinbase,USDTUSDC,1679073240000,2023-03-17 17:14:00,1.002,1.0022,1.0014,1.0021,32071.47
coinbase,USDTUSDC,1679073300000,2023-03-17 17:15:00,1.0022,1.0023,1.0022,1.0023,67.66
coinbase,USDTUSDC,1679073480000,2023-03-17 17:18:00,1.0023,1.0024,1.0022,1.0024,362.01
coinbase,USDTUSDC,1679073900000,2023-03-17 17:25:00,1.0024,1.0024,1.0022,1.0022,809.16
coinbase,USDTUSDC,1679074080000,2023-03-17 17:28:00,1.0022,1.0022,1.0022,1.0022,3.99
coinbase,USDTUSDC,1679074140000,2023-03-17 17:29:00,1.0022,1.0022,1.0022,1.0022,2.01
coinbase,USDTUSDC,1679074260000,2023-03-17 17:31:00,1.0022,1.0022,1.0021,1.0021,833.81
coinbase,USDTUSDC,1679074920000,2023-03-17 17:42:00,1.002,1.0021,1.002,1.0021,131.6
coinbase,USDTUSDC,1679075040000,2023-03-17 17:44:00,1.002,1.0021,1.002,1.0021,2485.95
coinbase,USDTUSDC,1679075220000,2023-03-17 17:47:00,1.0021,1.0021,1.002,1.002,8.57
coinbase,USDTUSDC,1679075520000,2023-03-17 17:52:00,1.002,1.002,1.0019,1.0019,7.88
coinbase,USDTUSDC,1679076240000,2023-03-17 18:04:00,1.0019,1.002,1.0018,1.0018,3464.77
coinbase,USDTUSDC,1679076540000,2023-03-17 18:09:00,1.0017,1.0018,1.0017,1.0018,34.67
coinbase,USDTUSDC,1679076900000,2023-03-17 18:15:00,1.0017,1.0017,1.0017,1.0017,36.06
coinbase,USDTUSDC,1679077140000,2023-03-17 18:19:00,1.0017,1.0017,1.0016,1.0016,53.7
coinbase,USDTUSDC,1679077740000,2023-03-17 18:29:00,1.0016,1.0016,1.0015,1.0015,68.2
coinbase,USDTUSDC,1679078040000,2023-03-17 18:34:00,1.0015,1.0015,1.0015,1.0015,186.07
coinbase,USDTUSDC,1679078460000,2023-03-17 18:41:00,1.0016,1.0016,1.0016,1.0016,718.75
coinbase,USDTUSDC,1679078520000,2023-03-17 18:42:00,1.0015,1.0015,1.0014,1.0014,15.36
coinbase,USDTUSDC,1679078640000,2023-03-17 18:44:00,1.0015,1.0015,1.0014,1.0014,687.95
coinbase,USDTUSDC,1679078880000,2023-03-17 18:48:00,1.0016,1.0016,1.0015,1.0015,95.5
coinbase,USDTUSDC,1679079840000,2023-03-17 19:04:00,1.0017,1.0018,1.0016,1.0016,858.19
coinbase,USDTUSDC,1679079960000,2023-03-17 19:06:00,1.0015,1.0015,1.0015,1.0015,205.98
coinbase,USDTUSDC,1679080200000,2023-03-17 19:10:00,1.0017,1.0017,1.0017,1.0017,15.74
coinbase,USDTUSDC,1679080260000,2023-03-17 19:11:00,1.0017,1.0017,1.0015,1.0015,6.86
coinbase,USDTUSDC,1679080800000,2023-03-17 19:20:00,1.0017,1.0026,1.0017,1.0026,20000
coinbase,USDTUSDC,1679080860000,2023-03-17 19:21:00,1.0019,1.0029,1.0018,1.0018,20170.06
coinbase,USDTUSDC,1679081040000,2023-03-17 19:24:00,1.0018,1.0018,1.0018,1.0018,10.04
coinbase,USDTUSDC,1679081340000,2023-03-17 19:29:00,1.0018,1.0018,1.0018,1.0018,6.84
coinbase,USDTUSDC,1679081400000,2023-03-17 19:30:00,1.0018,1.0023,1.0018,1.0023,5.1
coinbase,USDTUSDC,1679082360000,2023-03-17 19:46:00,1.0022,1.0022,1.0022,1.0022,5.11
coinbase,USDTUSDC,1679082420000,2023-03-17 19:47:00,1.0022,1.0022,1.0022,1.0022,994.89
coinbase,USDTUSDC,1679082540000,2023-03-17 19:49:00,1.002,1.002,1.002,1.002,4.66
coinbase,USDTUSDC,1679082660000,2023-03-17 19:51:00,1.002,1.0021,1.002,1.0021,5.49
coinbase,USDTUSDC,1679083140000,2023-03-17 19:59:00,1.0021,1.0022,1.0021,1.0022,2003.67
coinbase,USDTUSDC,1679047680000,2023-03-17 10:08:00,1.0026,1.0026,1.0026,1.0026,3000.92
coinbase,USDTUSDC,1679047800000,2023-03-17 10:10:00,1.0026,1.0026,1.0026,1.0026,462.34
coinbase,USDTUSDC,1679047860000,2023-03-17 10:11:00,1.0026,1.0026,1.0026,1.0026,628.43
coinbase,USDTUSDC,1679047920000,2023-03-17 10:12:00,1.0026,1.0027,1.0026,1.0027,30859.86
coinbase,USDTUSDC,1679047980000,2023-03-17 10:13:00,1.0027,1.0028,1.0026,1.0026,16162.79
coinbase,USDTUSDC,1679048040000,2023-03-17 10:14:00,1.0026,1.0026,1.0026,1.0026,627.33
coinbase,USDTUSDC,1679048100000,2023-03-17 10:15:00,1.0025,1.0025,1.0025,1.0025,3.85
coinbase,USDTUSDC,1679048160000,2023-03-17 10:16:00,1.0026,1.0026,1.0023,1.0026,8014.41
coinbase,USDTUSDC,1679048280000,2023-03-17 10:18:00,1.0025,1.0025,1.0024,1.0024,31.37
coinbase,USDTUSDC,1679048520000,2023-03-17 10:22:00,1.0024,1.0024,1.0024,1.0024,5.85
coinbase,USDTUSDC,1679048940000,2023-03-17 10:29:00,1.0024,1.0025,1.0024,1.0025,174.99
coinbase,USDTUSDC,1679049000000,2023-03-17 10:30:00,1.0023,1.0023,1.0023,1.0023,10.47
coinbase,USDTUSDC,1679049720000,2023-03-17 10:42:00,1.0026,1.0026,1.0024,1.0024,354.58
coinbase,USDTUSDC,1679050020000,2023-03-17 10:47:00,1.0024,1.0024,1.0024,1.0024,1.32
coinbase,USDTUSDC,1679050080000,2023-03-17 10:48:00,1.0025,1.0025,1.0025,1.0025,1046.06
coinbase,USDTUSDC,1679050140000,2023-03-17 10:49:00,1.0026,1.0027,1.0025,1.0025,3011.51
coinbase,USDTUSDC,1679050200000,2023-03-17 10:50:00,1.0025,1.0025,1.0024,1.0024,9.87
coinbase,USDTUSDC,1679050380000,2023-03-17 10:53:00,1.0024,1.0026,1.0024,1.0026,608.62
coinbase,USDTUSDC,1679050800000,2023-03-17 11:00:00,1.0024,1.0024,1.0024,1.0024,9.42
coinbase,USDTUSDC,1679051760000,2023-03-17 11:16:00,1.0024,1.0027,1.0024,1.0027,90.75
coinbase,USDTUSDC,1679052000000,2023-03-17 11:20:00,1.0026,1.0027,1.0026,1.0027,123.59
coinbase,USDTUSDC,1679052420000,2023-03-17 11:27:00,1.0024,1.0024,1.0024,1.0024,2.68
coinbase,USDTUSDC,1679052480000,2023-03-17 11:28:00,1.0028,1.0028,1.0024,1.0024,72.54
coinbase,USDTUSDC,1679052540000,2023-03-17 11:29:00,1.0027,1.0027,1.0025,1.0025,185.7
coinbase,USDTUSDC,1679052600000,2023-03-17 11:30:00,1.0028,1.0028,1.0028,1.0028,6912.84
coinbase,USDTUSDC,1679052660000,2023-03-17 11:31:00,1.0028,1.0028,1.0026,1.0026,4725.64
coinbase,USDTUSDC,1679053260000,2023-03-17 11:41:00,1.0027,1.0027,1.0025,1.0025,1248.36
coinbase,USDTUSDC,1679053680000,2023-03-17 11:48:00,1.0024,1.0024,1.0024,1.0024,9.79
coinbase,USDTUSDC,1679053800000,2023-03-17 11:50:00,1.0025,1.0028,1.0025,1.0028,10.72
coinbase,USDTUSDC,1679054040000,2023-03-17 11:54:00,1.0025,1.0027,1.0025,1.0027,73.95
coinbase,USDTUSDC,1679054220000,2023-03-17 11:57:00,1.0027,1.0028,1.0026,1.0028,96.19
coinbase,USDTUSDC,1679054280000,2023-03-17 11:58:00,1.0026,1.0026,1.0026,1.0026,136.34
coinbase,USDTUSDC,1679054520000,2023-03-17 12:02:00,1.0026,1.0026,1.0026,1.0026,358.71
coinbase,USDTUSDC,1679054580000,2023-03-17 12:03:00,1.0025,1.0028,1.0025,1.0028,68.61
coinbase,USDTUSDC,1679054700000,2023-03-17 12:05:00,1.0027,1.0027,1.0027,1.0027,176.97
coinbase,USDTUSDC,1679054760000,2023-03-17 12:06:00,1.0027,1.0027,1.0027,1.0027,334.02
coinbase,USDTUSDC,1679054820000,2023-03-17 12:07:00,1.0027,1.0027,1.0025,1.0025,47.95
coinbase,USDTUSDC,1679055000000,2023-03-17 12:10:00,1.0025,1.0025,1.0025,1.0025,138.45
coinbase,USDTUSDC,1679055600000,2023-03-17 12:20:00,1.0028,1.0028,1.0028,1.0028,997.33
coinbase,USDTUSDC,1679055660000,2023-03-17 12:21:00,1.0028,1.0028,1.0025,1.0025,672.85
coinbase,USDTUSDC,1679056140000,2023-03-17 12:29:00,1.0028,1.0028,1.0027,1.0027,328.19
coinbase,USDTUSDC,1679056620000,2023-03-17 12:37:00,1.0025,1.0028,1.0024,1.0028,311.87
coinbase,USDTUSDC,1679057160000,2023-03-17 12:46:00,1.0026,1.0026,1.0024,1.0026,500.51
coinbase,USDTUSDC,1679057220000,2023-03-17 12:47:00,1.0026,1.0026,1.0026,1.0026,6.87
coinbase,USDTUSDC,1679057400000,2023-03-17 12:50:00,1.0026,1.0026,1.0025,1.0025,84.35
coinbase,USDTUSDC,1679057520000,2023-03-17 12:52:00,1.0025,1.0025,1.0025,1.0025,337
coinbase,USDTUSDC,1679057580000,2023-03-17 12:53:00,1.0025,1.0026,1.0025,1.0026,1489.87
coinbase,USDTUSDC,1679057700000,2023-03-17 12:55:00,1.0027,1.0027,1.0027,1.0027,500
coinbase,USDTUSDC,1679057760000,2023-03-17 12:56:00,1.0027,1.0027,1.0027,1.0027,235.73
coinbase,USDTUSDC,1679057820000,2023-03-17 12:57:00,1.0027,1.0027,1.0027,1.0027,1266.77
coinbase,USDTUSDC,1679057880000,2023-03-17 12:58:00,1.0027,1.0028,1.0027,1.0028,6314.68
coinbase,USDTUSDC,1679057940000,2023-03-17 12:59:00,1.0027,1.0027,1.0027,1.0027,2460.52
coinbase,USDTUSDC,1679058000000,2023-03-17 13:00:00,1.0027,1.003,1.0027,1.003,6211.08
coinbase,USDTUSDC,1679059200000,2023-03-17 13:20:00,1.0026,1.0026,1.0025,1.0025,1639.38
coinbase,USDTUSDC,1679059440000,2023-03-17 13:24:00,1.0025,1.0025,1.0025,1.0025,321.84
coinbase,USDTUSDC,1679059560000,2023-03-17 13:26:00,1.0025,1.0026,1.0024,1.0024,952.49
coinbase,USDTUSDC,1679059620000,2023-03-17 13:27:00,1.0024,1.0024,1.0023,1.0023,2840.31
coinbase,USDTUSDC,1679060340000,2023-03-17 13:39:00,1.0022,1.0022,1.002,1.0022,6504.56
coinbase,USDTUSDC,1679060580000,2023-03-17 13:43:00,1.0021,1.0021,1.0021,1.0021,95.38
coinbase,USDTUSDC,1679060820000,2023-03-17 13:47:00,1.0021,1.0023,1.0021,1.0023,26.91
coinbase,USDTUSDC,1679061000000,2023-03-17 13:50:00,1.0023,1.0023,1.0022,1.0022,400.75
coinbase,USDTUSDC,1679061240000,2023-03-17 13:54:00,1.0022,1.0022,1.0021,1.0021,141.12
coinbase,USDTUSDC,1679061300000,2023-03-17 13:55:00,1.0022,1.0022,1.002,1.002,1960.14
coinbase,USDTUSDC,1679061480000,2023-03-17 13:58:00,1.002,1.002,1.0018,1.0018,206.51
coinbase,USDTUSDC,1679061660000,2023-03-17 14:01:00,1.002,1.002,1.0018,1.0018,68.36
coinbase,USDTUSDC,1679062500000,2023-03-17 14:15:00,1.0021,1.0022,1.0021,1.0021,2006.96
coinbase,USDTUSDC,1679062980000,2023-03-17 14:23:00,1.002,1.0021,1.002,1.0021,61.88
coinbase,USDTUSDC,1679063100000,2023-03-17 14:25:00,1.002,1.002,1.002,1.002,455.87
coinbase,USDTUSDC,1679063340000,2023-03-17 14:29:00,1.002,1.002,1.002,1.002,1979.95
coinbase,USDTUSDC,1679063400000,2023-03-17 14:30:00,1.002,1.002,1.002,1.002,609.53
coinbase,USDTUSDC,1679063460000,2023-03-17 14:31:00,1.002,1.002,1.002,1.002,2048.36
coinbase,USDTUSDC,1679063520000,2023-03-17 14:32:00,1.002,1.002,1.002,1.002,4941.75
coinbase,USDTUSDC,1679063700000,2023-03-17 14:35:00,1.002,1.002,1.002,1.002,7079.03
coinbase,USDTUSDC,1679063880000,2023-03-17 14:38:00,1.002,1.002,1.0019,1.0019,617.55
coinbase,USDTUSDC,1679063940000,2023-03-17 14:39:00,1.0019,1.0019,1.0019,1.0019,2107.83
coinbase,USDTUSDC,1679064060000,2023-03-17 14:41:00,1.0019,1.0021,1.0019,1.002,302.59
coinbase,USDTUSDC,1679064420000,2023-03-17 14:47:00,1.002,1.002,1.002,1.002,24.93
coinbase,USDTUSDC,1679064540000,2023-03-17 14:49:00,1.0018,1.002,1.0018,1.002,509.98
coinbase,USDTUSDC,1679064840000,2023-03-17 14:54:00,1.002,1.002,1.002,1.002,8.65
coinbase,USDTUSDC,1679064960000,2023-03-17 14:56:00,1.0018,1.0018,1.0018,1.0018,293.54
coinbase,USDTUSDC,1679065140000,2023-03-17 14:59:00,1.0018,1.0018,1.0018,1.0018,1497.21
coinbase,USDTUSDC,1679065200000,2023-03-17 15:00:00,1.0018,1.0018,1.0018,1.0018,475.48
coinbase,USDTUSDC,1679029200000,2023-03-17 05:00:00,1.0029,1.0029,1.0029,1.0029,106.69
coinbase,USDTUSDC,1679031240000,2023-03-17 05:34:00,1.0026,1.0028,1.0026,1.0028,1007
coinbase,USDTUSDC,1679031900000,2023-03-17 05:45:00,1.0028,1.003,1.0028,1.003,6.6
coinbase,USDTUSDC,1679032320000,2023-03-17 05:52:00,1.0028,1.0028,1.0028,1.0028,148.55
coinbase,USDTUSDC,1679032380000,2023-03-17 05:53:00,1.0026,1.0028,1.0026,1.0028,1015.48
coinbase,USDTUSDC,1679032620000,2023-03-17 05:57:00,1.0027,1.003,1.0027,1.003,3190.73
coinbase,USDTUSDC,1679033460000,2023-03-17 06:11:00,1.003,1.003,1.003,1.003,158.53
coinbase,USDTUSDC,1679034300000,2023-03-17 06:25:00,1.0029,1.003,1.0029,1.003,202
coinbase,USDTUSDC,1679035620000,2023-03-17 06:47:00,1.0029,1.0029,1.0029,1.0029,1166.38
coinbase,USDTUSDC,1679035680000,2023-03-17 06:48:00,1.0027,1.0027,1.0027,1.0027,1001.43
coinbase,USDTUSDC,1679035800000,2023-03-17 06:50:00,1.0026,1.0026,1.0026,1.0026,3.15
coinbase,USDTUSDC,1679035920000,2023-03-17 06:52:00,1.0026,1.0026,1.0025,1.0025,1209.58
coinbase,USDTUSDC,1679035980000,2023-03-17 06:53:00,1.0025,1.0027,1.0025,1.0027,4176.69
coinbase,USDTUSDC,1679036100000,2023-03-17 06:55:00,1.0024,1.0025,1.0024,1.0025,9351.54
coinbase,USDTUSDC,1679037060000,2023-03-17 07:11:00,1.0028,1.003,1.0028,1.003,6683.94
coinbase,USDTUSDC,1679037120000,2023-03-17 07:12:00,1.003,1.003,1.0027,1.0027,23565.75
coinbase,USDTUSDC,1679037780000,2023-03-17 07:23:00,1.0027,1.0028,1.0027,1.0027,4569.42
coinbase,USDTUSDC,1679038140000,2023-03-17 07:29:00,1.003,1.003,1.0028,1.0028,603.1
coinbase,USDTUSDC,1679038260000,2023-03-17 07:31:00,1.0032,1.0034,1.0032,1.0032,1062.06
coinbase,USDTUSDC,1679038320000,2023-03-17 07:32:00,1.0032,1.0032,1.003,1.003,3226.89
coinbase,USDTUSDC,1679038560000,2023-03-17 07:36:00,1.0032,1.0034,1.003,1.003,2315.14
coinbase,USDTUSDC,1679038620000,2023-03-17 07:37:00,1.0029,1.0033,1.0029,1.003,2409.54
coinbase,USDTUSDC,1679038740000,2023-03-17 07:39:00,1.0033,1.0034,1.003,1.003,4385.62
coinbase,USDTUSDC,1679038800000,2023-03-17 07:40:00,1.003,1.003,1.0028,1.0028,3789.6
coinbase,USDTUSDC,1679038920000,2023-03-17 07:42:00,1.0029,1.0029,1.0029,1.0029,128.03
coinbase,USDTUSDC,1679038980000,2023-03-17 07:43:00,1.0028,1.0028,1.0028,1.0028,42.06
coinbase,USDTUSDC,1679039220000,2023-03-17 07:47:00,1.003,1.003,1.0028,1.0028,2.51
coinbase,USDTUSDC,1679039820000,2023-03-17 07:57:00,1.003,1.003,1.003,1.003,20.92
coinbase,USDTUSDC,1679040000000,2023-03-17 08:00:00,1.0029,1.003,1.0029,1.003,9.29
coinbase,USDTUSDC,1679040120000,2023-03-17 08:02:00,1.0029,1.0029,1.0029,1.0029,21.33
coinbase,USDTUSDC,1679040420000,2023-03-17 08:07:00,1.0028,1.0028,1.0028,1.0028,471.98
coinbase,USDTUSDC,1679040540000,2023-03-17 08:09:00,1.0028,1.0028,1.0028,1.0028,259.39
coinbase,USDTUSDC,1679040660000,2023-03-17 08:11:00,1.0028,1.0028,1.0028,1.0028,1817.1
coinbase,USDTUSDC,1679040720000,2023-03-17 08:12:00,1.0028,1.0028,1.0028,1.0028,235.54
coinbase,USDTUSDC,1679040900000,2023-03-17 08:15:00,1.0027,1.0028,1.0027,1.0028,1808.42
coinbase,USDTUSDC,1679041560000,2023-03-17 08:26:00,1.0028,1.0028,1.0028,1.0028,6941.06
coinbase,USDTUSDC,1679041620000,2023-03-17 08:27:00,1.0028,1.0028,1.0028,1.0028,2633.39
coinbase,USDTUSDC,1679041740000,2023-03-17 08:29:00,1.0028,1.0028,1.0027,1.0027,207.62
coinbase,USDTUSDC,1679042100000,2023-03-17 08:35:00,1.0027,1.0027,1.0027,1.0027,508.17
coinbase,USDTUSDC,1679042220000,2023-03-17 08:37:00,1.0027,1.0027,1.0026,1.0026,1029.99
coinbase,USDTUSDC,1679042280000,2023-03-17 08:38:00,1.0025,1.0025,1.0025,1.0025,5333.65
coinbase,USDTUSDC,1679042820000,2023-03-17 08:47:00,1.0025,1.0025,1.0025,1.0025,99.43
coinbase,USDTUSDC,1679043000000,2023-03-17 08:50:00,1.0025,1.0025,1.0025,1.0025,82.64
coinbase,USDTUSDC,1679043180000,2023-03-17 08:53:00,1.0024,1.0026,1.0024,1.0026,1064.65
coinbase,USDTUSDC,1679043360000,2023-03-17 08:56:00,1.0024,1.0024,1.0024,1.0024,1.37
coinbase,USDTUSDC,1679043480000,2023-03-17 08:58:00,1.0027,1.0027,1.0024,1.0024,69.93
coinbase,USDTUSDC,1679043780000,2023-03-17 09:03:00,1.0024,1.0027,1.0024,1.0027,69.73
coinbase,USDTUSDC,1679044920000,2023-03-17 09:22:00,1.0027,1.0027,1.0025,1.0025,1978.16
coinbase,USDTUSDC,1679044980000,2023-03-17 09:23:00,1.0025,1.0025,1.0023,1.0023,1254.67
coinbase,USDTUSDC,1679045280000,2023-03-17 09:28:00,1.0023,1.0023,1.0023,1.0023,26289.26
coinbase,USDTUSDC,1679045340000,2023-03-17 09:29:00,1.0023,1.0024,1.0023,1.0024,7889.78
coinbase,USDTUSDC,1679045400000,2023-03-17 09:30:00,1.0025,1.0025,1.0023,1.0023,3.76
coinbase,USDTUSDC,1679046000000,2023-03-17 09:40:00,1.0024,1.0026,1.0024,1.0026,828.71
coinbase,USDTUSDC,1679046540000,2023-03-17 09:49:00,1.0026,1.0026,1.0026,1.0026,274.22
coinbase,USDTUSDC,1679046720000,2023-03-17 09:52:00,1.0026,1.0026,1.0025,1.0025,345.15
coinbase,USDTUSDC,1679047140000,2023-03-17 09:59:00,1.0025,1.0026,1.0025,1.0026,6206.51
coinbase,USDTUSDC,1679011260000,2023-03-17 00:01:00,1.0024,1.0024,1.0023,1.0023,1446.31
coinbase,USDTUSDC,1679011620000,2023-03-17 00:07:00,1.0023,1.0023,1.0021,1.0021,7648.08
coinbase,USDTUSDC,1679013000000,2023-03-17 00:30:00,1.0023,1.0023,1.0023,1.0023,1113.52
coinbase,USDTUSDC,1679013540000,2023-03-17 00:39:00,1.0023,1.0023,1.0023,1.0023,1099.45
coinbase,USDTUSDC,1679014020000,2023-03-17 00:47:00,1.0023,1.0023,1.0022,1.0022,11.37
coinbase,USDTUSDC,1679014200000,2023-03-17 00:50:00,1.0022,1.0022,1.0022,1.0022,6.08
coinbase,USDTUSDC,1679014260000,2023-03-17 00:51:00,1.0022,1.0023,1.0022,1.0023,3690.95
coinbase,USDTUSDC,1679014320000,2023-03-17 00:52:00,1.0023,1.0023,1.0023,1.0023,475.26
coinbase,USDTUSDC,1679014440000,2023-03-17 00:54:00,1.0023,1.0023,1.0023,1.0023,4637.92
coinbase,USDTUSDC,1679014500000,2023-03-17 00:55:00,1.0022,1.0022,1.0022,1.0022,12.77
coinbase,USDTUSDC,1679014740000,2023-03-17 00:59:00,1.0023,1.0023,1.0023,1.0023,9.85
coinbase,USDTUSDC,1679015520000,2023-03-17 01:12:00,1.0023,1.0025,1.0023,1.0025,1505.26
coinbase,USDTUSDC,1679015940000,2023-03-17 01:19:00,1.0025,1.0025,1.0025,1.0025,25.94
coinbase,USDTUSDC,1679016300000,2023-03-17 01:25:00,1.0025,1.0025,1.0025,1.0025,1091.21
coinbase,USDTUSDC,1679016420000,2023-03-17 01:27:00,1.0025,1.0025,1.0025,1.0025,9.49
coinbase,USDTUSDC,1679016600000,2023-03-17 01:30:00,1.0022,1.0022,1.0022,1.0022,7.88
coinbase,USDTUSDC,1679016960000,2023-03-17 01:36:00,1.0024,1.0024,1.0024,1.0024,1.6
coinbase,USDTUSDC,1679017020000,2023-03-17 01:37:00,1.0025,1.0025,1.0024,1.0024,51.45
coinbase,USDTUSDC,1679017380000,2023-03-17 01:43:00,1.0022,1.0022,1.0022,1.0022,6.47
coinbase,USDTUSDC,1679017740000,2023-03-17 01:49:00,1.0022,1.0022,1.0022,1.0022,13.28
coinbase,USDTUSDC,1679017800000,2023-03-17 01:50:00,1.0022,1.0022,1.0022,1.0022,6.58
coinbase,USDTUSDC,1679017860000,2023-03-17 01:51:00,1.0022,1.0025,1.0022,1.0025,75.55
coinbase,USDTUSDC,1679018220000,2023-03-17 01:57:00,1.0022,1.0022,1.0021,1.0021,14.42
coinbase,USDTUSDC,1679018520000,2023-03-17 02:02:00,1.0023,1.0023,1.0023,1.0023,3.79
coinbase,USDTUSDC,1679019360000,2023-03-17 02:16:00,1.0022,1.0026,1.0022,1.0026,690.88
coinbase,USDTUSDC,1679019540000,2023-03-17 02:19:00,1.0022,1.0026,1.0022,1.0026,6.57
coinbase,USDTUSDC,1679019660000,2023-03-17 02:21:00,1.0024,1.0025,1.0022,1.0025,491.19
coinbase,USDTUSDC,1679020020000,2023-03-17 02:27:00,1.0022,1.0022,1.0022,1.0022,8.51
coinbase,USDTUSDC,1679020440000,2023-03-17 02:34:00,1.0022,1.0022,1.0022,1.0022,16.81
coinbase,USDTUSDC,1679021640000,2023-03-17 02:54:00,1.0022,1.0022,1.0022,1.0022,7.64
coinbase,USDTUSDC,1679021880000,2023-03-17 02:58:00,1.0023,1.0023,1.0023,1.0023,1.25
coinbase,USDTUSDC,1679021940000,2023-03-17 02:59:00,1.0023,1.0024,1.0023,1.0024,92.52
coinbase,USDTUSDC,1679022060000,2023-03-17 03:01:00,1.0024,1.0026,1.0024,1.0026,102.09
coinbase,USDTUSDC,1679022240000,2023-03-17 03:04:00,1.0026,1.0026,1.0024,1.0024,1047.69
coinbase,USDTUSDC,1679022480000,2023-03-17 03:08:00,1.0022,1.0023,1.0022,1.0023,2519.04
coinbase,USDTUSDC,1679022840000,2023-03-17 03:14:00,1.0023,1.0023,1.0023,1.0023,200.02
coinbase,USDTUSDC,1679022900000,2023-03-17 03:15:00,1.0023,1.003,1.0022,1.003,19729.37
coinbase,USDTUSDC,1679023020000,2023-03-17 03:17:00,1.0029,1.003,1.0026,1.0026,10210.15
coinbase,USDTUSDC,1679024040000,2023-03-17 03:34:00,1.0025,1.0028,1.0024,1.0024,22371.35
coinbase,USDTUSDC,1679025240000,2023-03-17 03:54:00,1.0024,1.0024,1.0022,1.0022,63.34
coinbase,USDTUSDC,1679025480000,2023-03-17 03:58:00,1.0025,1.0025,1.0022,1.0022,1102.68
coinbase,USDTUSDC,1679025600000,2023-03-17 04:00:00,1.0025,1.0025,1.0023,1.0023,735.18
coinbase,USDTUSDC,1679025960000,2023-03-17 04:06:00,1.0024,1.0026,1.0024,1.0026,1458.84
coinbase,USDTUSDC,1679026200000,2023-03-17 04:10:00,1.0026,1.0026,1.0026,1.0026,527.77
coinbase,USDTUSDC,1679026260000,2023-03-17 04:11:00,1.0026,1.0028,1.0026,1.0028,1030.43
coinbase,USDTUSDC,1679027100000,2023-03-17 04:25:00,1.0027,1.0029,1.0027,1.0029,176.69
coinbase,USDTUSDC,1679027400000,2023-03-17 04:30:00,1.0029,1.0029,1.0025,1.0025,956.82
coinbase,USDTUSDC,1679028720000,2023-03-17 04:52:00,1.0025,1.0028,1.0025,1.0028,1519.26
coinbase,USDTUSDC,1679029140000,2023-03-17 04:59:00,1.0028,1.0029,1.0028,1.0029,2907.75
coinbase,USDTUSDC,1679029200000,2023-03-17 05:00:00,1.0029,1.0029,1.0029,1.0029,106.69
coinbase,USDTUSDC,1678993740000,2023-03-16 19:09:00,1.0024,1.0024,1.0022,1.0022,62.45
coinbase,USDTUSDC,1678994760000,2023-03-16 19:26:00,1.0022,1.0022,1.0022,1.0022,5.24
coinbase,USDTUSDC,1678994940000,2023-03-16 19:29:00,1.0022,1.0022,1.0022,1.0022,11.71
coinbase,USDTUSDC,1678995120000,2023-03-16 19:32:00,1.0023,1.003,1.0023,1.003,10785.41
coinbase,USDTUSDC,1678996080000,2023-03-16 19:48:00,1.0026,1.0028,1.0026,1.0028,22.05
coinbase,USDTUSDC,1678996320000,2023-03-16 19:52:00,1.0028,1.0028,1.0028,1.0028,0.02
coinbase,USDTUSDC,1678996380000,2023-03-16 19:53:00,1.0028,1.0028,1.0028,1.0028,8.34
coinbase,USDTUSDC,1678996440000,2023-03-16 19:54:00,1.0028,1.0029,1.0028,1.0029,263.65
coinbase,USDTUSDC,1678996860000,2023-03-16 20:01:00,1.0028,1.0029,1.0028,1.0029,2.88
coinbase,USDTUSDC,1678996980000,2023-03-16 20:03:00,1.0029,1.0029,1.0026,1.0027,3831.61
coinbase,USDTUSDC,1678997040000,2023-03-16 20:04:00,1.0028,1.0028,1.0027,1.0027,1787.46
coinbase,USDTUSDC,1678997160000,2023-03-16 20:06:00,1.0027,1.0027,1.0025,1.0025,1498.48
coinbase,USDTUSDC,1678997880000,2023-03-16 20:18:00,1.0022,1.0023,1.0021,1.0023,973.27
coinbase,USDTUSDC,1678998420000,2023-03-16 20:27:00,1.0023,1.0023,1.0023,1.0023,24.09
coinbase,USDTUSDC,1678998600000,2023-03-16 20:30:00,1.0023,1.0023,1.0021,1.0021,499.29
coinbase,USDTUSDC,1678998720000,2023-03-16 20:32:00,1.002,1.002,1.0018,1.0018,754.81
coinbase,USDTUSDC,1678998780000,2023-03-16 20:33:00,1.0018,1.0018,1.0018,1.0018,45.59
coinbase,USDTUSDC,1678999020000,2023-03-16 20:37:00,1.0018,1.0018,1.0017,1.0017,1367.34
coinbase,USDTUSDC,1678999200000,2023-03-16 20:40:00,1.0018,1.0018,1.0018,1.0018,470.42
coinbase,USDTUSDC,1678999680000,2023-03-16 20:48:00,1.0018,1.0018,1.0018,1.0018,3.05
coinbase,USDTUSDC,1678999740000,2023-03-16 20:49:00,1.0017,1.0017,1.0016,1.0016,643.47
coinbase,USDTUSDC,1679000100000,2023-03-16 20:55:00,1.0018,1.0018,1.0017,1.0017,25.69
coinbase,USDTUSDC,1679000280000,2023-03-16 20:58:00,1.0016,1.0016,1.0016,1.0016,13.99
coinbase,USDTUSDC,1679000340000,2023-03-16 20:59:00,1.0018,1.0018,1.0018,1.0018,525.74
coinbase,USDTUSDC,1679001000000,2023-03-16 21:10:00,1.0018,1.0018,1.0018,1.0018,468.06
coinbase,USDTUSDC,1679001060000,2023-03-16 21:11:00,1.0018,1.002,1.0018,1.002,5368.63
coinbase,USDTUSDC,1679001300000,2023-03-16 21:15:00,1.002,1.0021,1.002,1.002,17.92
coinbase,USDTUSDC,1679001660000,2023-03-16 21:21:00,1.0019,1.0019,1.0019,1.0019,1359.56
coinbase,USDTUSDC,1679001840000,2023-03-16 21:24:00,1.0019,1.002,1.0019,1.002,15.21
coinbase,USDTUSDC,1679002020000,2023-03-16 21:27:00,1.0021,1.0021,1.0021,1.0021,4.96
coinbase,USDTUSDC,1679002140000,2023-03-16 21:29:00,1.0021,1.0021,1.0021,1.0021,48.85
coinbase,USDTUSDC,1679002200000,2023-03-16 21:30:00,1.0021,1.0021,1.0021,1.0021,0.02
coinbase,USDTUSDC,1679002320000,2023-03-16 21:32:00,1.0022,1.0022,1.0022,1.0022,29.55
coinbase,USDTUSDC,1679002500000,2023-03-16 21:35:00,1.0024,1.0028,1.0024,1.0025,3904.67
coinbase,USDTUSDC,1679003160000,2023-03-16 21:46:00,1.0024,1.0024,1.0023,1.0023,11.94
coinbase,USDTUSDC,1679004240000,2023-03-16 22:04:00,1.0022,1.0022,1.0022,1.0022,5.43
coinbase,USDTUSDC,1679005320000,2023-03-16 22:22:00,1.0023,1.0024,1.0023,1.0024,13.71
coinbase,USDTUSDC,1679005680000,2023-03-16 22:28:00,1.0025,1.0025,1.0025,1.0025,160.65
coinbase,USDTUSDC,1679005860000,2023-03-16 22:31:00,1.0026,1.0026,1.0025,1.0025,1745.42
coinbase,USDTUSDC,1679006040000,2023-03-16 22:34:00,1.0025,1.0025,1.0025,1.0025,3228.34
coinbase,USDTUSDC,1679006220000,2023-03-16 22:37:00,1.0025,1.0025,1.0025,1.0025,2081.58
coinbase,USDTUSDC,1679006280000,2023-03-16 22:38:00,1.0025,1.0025,1.0025,1.0025,2530.79
coinbase,USDTUSDC,1679006460000,2023-03-16 22:41:00,1.0026,1.0026,1.0026,1.0026,531.21
coinbase,USDTUSDC,1679006520000,2023-03-16 22:42:00,1.0025,1.0027,1.0025,1.0027,1031.37
coinbase,USDTUSDC,1679007120000,2023-03-16 22:52:00,1.0026,1.0026,1.0025,1.0025,648.02
coinbase,USDTUSDC,1679007540000,2023-03-16 22:59:00,1.0026,1.0026,1.0023,1.0023,2.45
coinbase,USDTUSDC,1679007720000,2023-03-16 23:02:00,1.0023,1.0023,1.0022,1.0022,1039.86
coinbase,USDTUSDC,1679008500000,2023-03-16 23:15:00,1.0025,1.0025,1.0023,1.0023,2.72
coinbase,USDTUSDC,1679009340000,2023-03-16 23:29:00,1.0024,1.0024,1.0024,1.0024,4.22
coinbase,USDTUSDC,1679009940000,2023-03-16 23:39:00,1.0025,1.0025,1.0022,1.0022,749.87
coinbase,USDTUSDC,1679010360000,2023-03-16 23:46:00,1.0023,1.0023,1.0022,1.0022,2122.68
coinbase,USDTUSDC,1679010660000,2023-03-16 23:51:00,1.0022,1.0022,1.0022,1.0022,5.32
coinbase,USDTUSDC,1679010780000,2023-03-16 23:53:00,1.0023,1.0024,1.0023,1.0024,969.8
coinbase,USDTUSDC,1679010960000,2023-03-16 23:56:00,1.0024,1.0024,1.0024,1.0024,7682.32
coinbase,USDTUSDC,1679011140000,2023-03-16 23:59:00,1.0023,1.0023,1.0023,1.0023,1042.4
coinbase,USDTUSDC,1678975560000,2023-03-16 14:06:00,1.0032,1.0032,1.0031,1.0031,340.2
coinbase,USDTUSDC,1678975920000,2023-03-16 14:12:00,1.0031,1.0031,1.003,1.003,132.49
coinbase,USDTUSDC,1678976280000,2023-03-16 14:18:00,1.0031,1.0032,1.0031,1.0032,4134.84
coinbase,USDTUSDC,1678976340000,2023-03-16 14:19:00,1.003,1.0031,1.0029,1.0031,1190.07
coinbase,USDTUSDC,1678976520000,2023-03-16 14:22:00,1.0031,1.0032,1.0029,1.0029,68171.49
coinbase,USDTUSDC,1678976640000,2023-03-16 14:24:00,1.003,1.003,1.0029,1.0029,1176.96
coinbase,USDTUSDC,1678976700000,2023-03-16 14:25:00,1.0029,1.0029,1.0028,1.0028,4186.63
coinbase,USDTUSDC,1678976820000,2023-03-16 14:27:00,1.0028,1.0028,1.0028,1.0028,1.69
coinbase,USDTUSDC,1678977000000,2023-03-16 14:30:00,1.0028,1.0028,1.0028,1.0028,456.89
coinbase,USDTUSDC,1678977060000,2023-03-16 14:31:00,1.0028,1.0028,1.0028,1.0028,3583
coinbase,USDTUSDC,1678977120000,2023-03-16 14:32:00,1.0028,1.0028,1.0028,1.0028,275.76
coinbase,USDTUSDC,1678977180000,2023-03-16 14:33:00,1.0028,1.0028,1.0028,1.0028,2673.37
coinbase,USDTUSDC,1678977240000,2023-03-16 14:34:00,1.0029,1.0029,1.0028,1.0028,1187.75
coinbase,USDTUSDC,1678977300000,2023-03-16 14:35:00,1.0029,1.0029,1.0027,1.0027,2526
coinbase,USDTUSDC,1678977360000,2023-03-16 14:36:00,1.0027,1.0027,1.0027,1.0027,1183.27
coinbase,USDTUSDC,1678978020000,2023-03-16 14:47:00,1.0026,1.0026,1.0026,1.0026,8.09
coinbase,USDTUSDC,1678978140000,2023-03-16 14:49:00,1.0026,1.0026,1.0026,1.0026,73.93
coinbase,USDTUSDC,1678978260000,2023-03-16 14:51:00,1.0026,1.0026,1.0026,1.0026,944.48
coinbase,USDTUSDC,1678978380000,2023-03-16 14:53:00,1.0026,1.0026,1.0026,1.0026,29.73
coinbase,USDTUSDC,1678978800000,2023-03-16 15:00:00,1.0025,1.0025,1.0024,1.0024,365.78
coinbase,USDTUSDC,1678979280000,2023-03-16 15:08:00,1.0025,1.0026,1.0025,1.0026,207.49
coinbase,USDTUSDC,1678979940000,2023-03-16 15:19:00,1.0027,1.0027,1.0026,1.0026,2435.75
coinbase,USDTUSDC,1678980180000,2023-03-16 15:23:00,1.0026,1.0026,1.0023,1.0023,8169.74
coinbase,USDTUSDC,1678980480000,2023-03-16 15:28:00,1.0022,1.0023,1.0022,1.0023,2410.31
coinbase,USDTUSDC,1678981020000,2023-03-16 15:37:00,1.0023,1.0024,1.0022,1.0022,3242.19
coinbase,USDTUSDC,1678981680000,2023-03-16 15:48:00,1.0022,1.0022,1.0021,1.0021,73.2
coinbase,USDTUSDC,1678981860000,2023-03-16 15:51:00,1.0021,1.0021,1.0021,1.0021,48.83
coinbase,USDTUSDC,1678981920000,2023-03-16 15:52:00,1.0021,1.0021,1.002,1.002,31.78
coinbase,USDTUSDC,1678981980000,2023-03-16 15:53:00,1.002,1.0021,1.002,1.002,483.33
coinbase,USDTUSDC,1678982220000,2023-03-16 15:57:00,1.002,1.002,1.002,1.002,5.64
coinbase,USDTUSDC,1678982460000,2023-03-16 16:01:00,1.0019,1.0019,1.0019,1.0019,900
coinbase,USDTUSDC,1678983120000,2023-03-16 16:12:00,1.0022,1.0022,1.002,1.002,2164.91
coinbase,USDTUSDC,1678983960000,2023-03-16 16:26:00,1.0018,1.0018,1.0018,1.0018,9.76
coinbase,USDTUSDC,1678984800000,2023-03-16 16:40:00,1.002,1.002,1.0018,1.0018,8.48
coinbase,USDTUSDC,1678985100000,2023-03-16 16:45:00,1.0019,1.0019,1.0019,1.0019,616.8
coinbase,USDTUSDC,1678985160000,2023-03-16 16:46:00,1.0018,1.0018,1.0018,1.0018,68.25
coinbase,USDTUSDC,1678985220000,2023-03-16 16:47:00,1.002,1.002,1.0018,1.002,457.98
coinbase,USDTUSDC,1678985400000,2023-03-16 16:50:00,1.002,1.002,1.0018,1.0018,40.63
coinbase,USDTUSDC,1678985460000,2023-03-16 16:51:00,1.0017,1.0017,1.0016,1.0016,2260.79
coinbase,USDTUSDC,1678985580000,2023-03-16 16:53:00,1.0016,1.0017,1.0016,1.0016,150.54
coinbase,USDTUSDC,1678985760000,2023-03-16 16:56:00,1.0015,1.0017,1.0015,1.0017,50.93
coinbase,USDTUSDC,1678986240000,2023-03-16 17:04:00,1.0016,1.0016,1.0016,1.0016,197.95
coinbase,USDTUSDC,1678986600000,2023-03-16 17:10:00,1.0016,1.0016,1.0016,1.0016,113.88
coinbase,USDTUSDC,1678986720000,2023-03-16 17:12:00,1.0017,1.0017,1.0017,1.0017,5181.88
coinbase,USDTUSDC,1678986840000,2023-03-16 17:14:00,1.0016,1.0017,1.0016,1.0017,4.17
coinbase,USDTUSDC,1678986900000,2023-03-16 17:15:00,1.0017,1.0017,1.0015,1.0015,245.21
coinbase,USDTUSDC,1678987320000,2023-03-16 17:22:00,1.0016,1.0016,1.0016,1.0016,4905.87
coinbase,USDTUSDC,1678987500000,2023-03-16 17:25:00,1.0016,1.0016,1.0015,1.0016,613.62
coinbase,USDTUSDC,1678987740000,2023-03-16 17:29:00,1.0014,1.0014,1.0013,1.0013,4538.5
coinbase,USDTUSDC,1678988460000,2023-03-16 17:41:00,1.0014,1.0014,1.0014,1.0014,68.33
coinbase,USDTUSDC,1678988820000,2023-03-16 17:47:00,1.0014,1.0014,1.0014,1.0014,3.55
coinbase,USDTUSDC,1678988880000,2023-03-16 17:48:00,1.0013,1.0013,1.0013,1.0013,1.61
coinbase,USDTUSDC,1678988940000,2023-03-16 17:49:00,1.0013,1.0013,1.0013,1.0013,520.94
coinbase,USDTUSDC,1678989000000,2023-03-16 17:50:00,1.0013,1.0018,1.0013,1.0018,10502.48
coinbase,USDTUSDC,1678989060000,2023-03-16 17:51:00,1.0016,1.0018,1.0016,1.0018,8458.75
coinbase,USDTUSDC,1678989120000,2023-03-16 17:52:00,1.0017,1.0017,1.0016,1.0017,1974.35
coinbase,USDTUSDC,1678989180000,2023-03-16 17:53:00,1.0017,1.0018,1.0017,1.0017,10417.37
coinbase,USDTUSDC,1678989240000,2023-03-16 17:54:00,1.0017,1.0019,1.0017,1.0019,7293.25
coinbase,USDTUSDC,1678989300000,2023-03-16 17:55:00,1.0016,1.002,1.0016,1.002,6953.41
coinbase,USDTUSDC,1678989420000,2023-03-16 17:57:00,1.002,1.002,1.002,1.002,3440.85
coinbase,USDTUSDC,1678989480000,2023-03-16 17:58:00,1.002,1.0022,1.002,1.0022,2235.91
coinbase,USDTUSDC,1678989540000,2023-03-16 17:59:00,1.0022,1.0022,1.0021,1.0021,1854.74
coinbase,USDTUSDC,1678989840000,2023-03-16 18:04:00,1.0021,1.0027,1.0021,1.0027,5537.17
coinbase,USDTUSDC,1678990500000,2023-03-16 18:15:00,1.0021,1.0023,1.0021,1.0023,113.15
coinbase,USDTUSDC,1678990680000,2023-03-16 18:18:00,1.0023,1.0023,1.0023,1.0023,110.88
coinbase,USDTUSDC,1678991400000,2023-03-16 18:30:00,1.0024,1.0024,1.0022,1.0022,1144.85
coinbase,USDTUSDC,1678991880000,2023-03-16 18:38:00,1.0021,1.0021,1.0019,1.0019,4845.22
coinbase,USDTUSDC,1678992120000,2023-03-16 18:42:00,1.002,1.002,1.002,1.002,6.79
coinbase,USDTUSDC,1678992240000,2023-03-16 18:44:00,1.002,1.002,1.002,1.002,19.3
coinbase,USDTUSDC,1678992480000,2023-03-16 18:48:00,1.0022,1.0022,1.002,1.002,11.49
coinbase,USDTUSDC,1678992540000,2023-03-16 18:49:00,1.0019,1.0023,1.0019,1.0023,210.7
coinbase,USDTUSDC,1678992900000,2023-03-16 18:55:00,1.0023,1.0023,1.0023,1.0023,10340.8
coinbase,USDTUSDC,1678957920000,2023-03-16 09:12:00,1.0032,1.0033,1.0032,1.0033,5
coinbase,USDTUSDC,1678958220000,2023-03-16 09:17:00,1.0033,1.0033,1.0033,1.0033,2.98
coinbase,USDTUSDC,1678958520000,2023-03-16 09:22:00,1.0033,1.0033,1.0031,1.0031,5.89
coinbase,USDTUSDC,1678958580000,2023-03-16 09:23:00,1.0033,1.0033,1.0033,1.0033,3.52
coinbase,USDTUSDC,1678959000000,2023-03-16 09:30:00,1.0031,1.0031,1.0031,1.0031,994.94
coinbase,USDTUSDC,1678959180000,2023-03-16 09:33:00,1.0032,1.0032,1.003,1.003,3.69
coinbase,USDTUSDC,1678960680000,2023-03-16 09:58:00,1.0029,1.0029,1.0029,1.0029,52.78
coinbase,USDTUSDC,1678960800000,2023-03-16 10:00:00,1.0029,1.0029,1.0029,1.0029,2.52
coinbase,USDTUSDC,1678961760000,2023-03-16 10:16:00,1.0029,1.0031,1.0029,1.0031,167.26
coinbase,USDTUSDC,1678961940000,2023-03-16 10:19:00,1.0028,1.0028,1.0028,1.0028,224.86
coinbase,USDTUSDC,1678962000000,2023-03-16 10:20:00,1.0031,1.0031,1.0028,1.0028,839.53
coinbase,USDTUSDC,1678962060000,2023-03-16 10:21:00,1.0032,1.0032,1.0032,1.0032,2404.17
coinbase,USDTUSDC,1678962120000,2023-03-16 10:22:00,1.0032,1.0032,1.0029,1.0029,157.48
coinbase,USDTUSDC,1678962300000,2023-03-16 10:25:00,1.0032,1.0032,1.0029,1.0029,302.76
coinbase,USDTUSDC,1678962600000,2023-03-16 10:30:00,1.0032,1.0032,1.0029,1.0029,225.53
coinbase,USDTUSDC,1678962840000,2023-03-16 10:34:00,1.003,1.003,1.003,1.003,7.02
coinbase,USDTUSDC,1678964280000,2023-03-16 10:58:00,1.003,1.003,1.0029,1.0029,907.61
coinbase,USDTUSDC,1678964340000,2023-03-16 10:59:00,1.0029,1.0032,1.0029,1.0032,1186.91
coinbase,USDTUSDC,1678965180000,2023-03-16 11:13:00,1.0029,1.003,1.0029,1.003,4.01
coinbase,USDTUSDC,1678965780000,2023-03-16 11:23:00,1.003,1.003,1.003,1.003,8.9
coinbase,USDTUSDC,1678965840000,2023-03-16 11:24:00,1.003,1.003,1.003,1.003,1.81
coinbase,USDTUSDC,1678966200000,2023-03-16 11:30:00,1.003,1.003,1.003,1.003,11.81
coinbase,USDTUSDC,1678966740000,2023-03-16 11:39:00,1.003,1.003,1.0029,1.0029,628.39
coinbase,USDTUSDC,1678967040000,2023-03-16 11:44:00,1.0029,1.0029,1.0025,1.0025,13494.19
coinbase,USDTUSDC,1678967100000,2023-03-16 11:45:00,1.0027,1.0027,1.0025,1.0025,15289.18
coinbase,USDTUSDC,1678967160000,2023-03-16 11:46:00,1.0027,1.0027,1.0025,1.0026,6776.12
coinbase,USDTUSDC,1678967220000,2023-03-16 11:47:00,1.0026,1.0026,1.0025,1.0025,6373.23
coinbase,USDTUSDC,1678967280000,2023-03-16 11:48:00,1.0025,1.0025,1.0024,1.0024,11287.57
coinbase,USDTUSDC,1678967340000,2023-03-16 11:49:00,1.0023,1.0026,1.0023,1.0026,3981.5
coinbase,USDTUSDC,1678967400000,2023-03-16 11:50:00,1.0023,1.0026,1.0022,1.0026,13625.24
coinbase,USDTUSDC,1678968060000,2023-03-16 12:01:00,1.0028,1.003,1.0028,1.003,1147.9
coinbase,USDTUSDC,1678968540000,2023-03-16 12:09:00,1.0031,1.0031,1.0031,1.0031,1029.58
coinbase,USDTUSDC,1678968900000,2023-03-16 12:15:00,1.0032,1.0032,1.0032,1.0032,44.45
coinbase,USDTUSDC,1678969200000,2023-03-16 12:20:00,1.0032,1.0032,1.003,1.003,152.08
coinbase,USDTUSDC,1678969260000,2023-03-16 12:21:00,1.0031,1.0032,1.0031,1.0032,3.16
coinbase,USDTUSDC,1678969380000,2023-03-16 12:23:00,1.0032,1.0032,1.0032,1.0032,1.55
coinbase,USDTUSDC,1678969440000,2023-03-16 12:24:00,1.0032,1.0032,1.003,1.003,350.61
coinbase,USDTUSDC,1678969740000,2023-03-16 12:29:00,1.0031,1.0032,1.0031,1.0032,1592.63
coinbase,USDTUSDC,1678970520000,2023-03-16 12:42:00,1.0032,1.0035,1.0032,1.0035,80734.08
coinbase,USDTUSDC,1678970580000,2023-03-16 12:43:00,1.0034,1.0035,1.0034,1.0034,5278.73
coinbase,USDTUSDC,1678970640000,2023-03-16 12:44:00,1.0034,1.0034,1.0033,1.0033,500.08
coinbase,USDTUSDC,1678970700000,2023-03-16 12:45:00,1.0033,1.0033,1.0033,1.0033,276.66
coinbase,USDTUSDC,1678970760000,2023-03-16 12:46:00,1.0032,1.0032,1.0032,1.0032,12.72
coinbase,USDTUSDC,1678970820000,2023-03-16 12:47:00,1.0031,1.0031,1.0031,1.0031,378.63
coinbase,USDTUSDC,1678971240000,2023-03-16 12:54:00,1.0032,1.0032,1.0032,1.0032,2000
coinbase,USDTUSDC,1678971300000,2023-03-16 12:55:00,1.0032,1.0032,1.0032,1.0032,45.28
coinbase,USDTUSDC,1678971720000,2023-03-16 13:02:00,1.0031,1.0031,1.003,1.0031,64.59
coinbase,USDTUSDC,1678972080000,2023-03-16 13:08:00,1.0032,1.0032,1.003,1.003,3460
coinbase,USDTUSDC,1678972440000,2023-03-16 13:14:00,1.003,1.003,1.0028,1.0028,449.97
coinbase,USDTUSDC,1678972500000,2023-03-16 13:15:00,1.0028,1.0028,1.0028,1.0028,182236.72
coinbase,USDTUSDC,1678972800000,2023-03-16 13:20:00,1.0028,1.0031,1.0028,1.0031,1385
coinbase,USDTUSDC,1678972860000,2023-03-16 13:21:00,1.0031,1.0033,1.0031,1.0031,1685.34
coinbase,USDTUSDC,1678973280000,2023-03-16 13:28:00,1.0031,1.0032,1.0031,1.0032,75.91
coinbase,USDTUSDC,1678973340000,2023-03-16 13:29:00,1.0032,1.0032,1.0032,1.0032,3.79
coinbase,USDTUSDC,1678973460000,2023-03-16 13:31:00,1.0032,1.0032,1.0032,1.0032,498.41
coinbase,USDTUSDC,1678973520000,2023-03-16 13:32:00,1.0032,1.0032,1.0032,1.0032,1725.87
coinbase,USDTUSDC,1678973760000,2023-03-16 13:36:00,1.0032,1.0032,1.0032,1.0032,2964.99
coinbase,USDTUSDC,1678973940000,2023-03-16 13:39:00,1.0032,1.0032,1.0032,1.0032,1272.64
coinbase,USDTUSDC,1678974180000,2023-03-16 13:43:00,1.0032,1.0032,1.0032,1.0032,495.98
coinbase,USDTUSDC,1678974240000,2023-03-16 13:44:00,1.0032,1.0032,1.0032,1.0032,16058.95
coinbase,USDTUSDC,1678974300000,2023-03-16 13:45:00,1.0032,1.0032,1.0032,1.0032,29949.39
coinbase,USDTUSDC,1678974360000,2023-03-16 13:46:00,1.0032,1.0032,1.0032,1.0032,5411.62
coinbase,USDTUSDC,1678974420000,2023-03-16 13:47:00,1.0032,1.0033,1.0032,1.0033,1022.36
coinbase,USDTUSDC,1678974480000,2023-03-16 13:48:00,1.0032,1.0032,1.0032,1.0032,7971.59
coinbase,USDTUSDC,1678974540000,2023-03-16 13:49:00,1.0032,1.0032,1.0032,1.0032,2725.78
coinbase,USDTUSDC,1678974720000,2023-03-16 13:52:00,1.0032,1.0032,1.0032,1.0032,12544.63
coinbase,USDTUSDC,1678974780000,2023-03-16 13:53:00,1.0032,1.0032,1.0032,1.0032,15179.18
coinbase,USDTUSDC,1678974840000,2023-03-16 13:54:00,1.0032,1.0032,1.0032,1.0032,1040.21
coinbase,USDTUSDC,1678974900000,2023-03-16 13:55:00,1.0032,1.0032,1.0032,1.0032,14661.91
coinbase,USDTUSDC,1678974960000,2023-03-16 13:56:00,1.0032,1.0032,1.0032,1.0032,4066.09
coinbase,USDTUSDC,1678975020000,2023-03-16 13:57:00,1.0029,1.0031,1.0029,1.0031,204.15
coinbase,USDTUSDC,1678939680000,2023-03-16 04:08:00,1.0033,1.0034,1.0033,1.0034,1341.2
coinbase,USDTUSDC,1678940460000,2023-03-16 04:21:00,1.0036,1.0036,1.0036,1.0036,2.66
coinbase,USDTUSDC,1678941120000,2023-03-16 04:32:00,1.0037,1.0037,1.0035,1.0035,1040.21
coinbase,USDTUSDC,1678941180000,2023-03-16 04:33:00,1.0035,1.0037,1.0035,1.0035,1748.81
coinbase,USDTUSDC,1678942680000,2023-03-16 04:58:00,1.0037,1.0037,1.0037,1.0037,1.16
coinbase,USDTUSDC,1678942980000,2023-03-16 05:03:00,1.0035,1.0037,1.0035,1.0037,464.03
coinbase,USDTUSDC,1678943460000,2023-03-16 05:11:00,1.0035,1.0037,1.0035,1.0037,558.36
coinbase,USDTUSDC,1678944060000,2023-03-16 05:21:00,1.0036,1.0036,1.0035,1.0035,2.46
coinbase,USDTUSDC,1678944540000,2023-03-16 05:29:00,1.0035,1.0035,1.0035,1.0035,5476.64
coinbase,USDTUSDC,1678944900000,2023-03-16 05:35:00,1.0035,1.0035,1.0035,1.0035,1074.31
coinbase,USDTUSDC,1678945020000,2023-03-16 05:37:00,1.0035,1.0035,1.0035,1.0035,1850.7
coinbase,USDTUSDC,1678945080000,2023-03-16 05:38:00,1.0035,1.0036,1.0035,1.0036,5367.22
coinbase,USDTUSDC,1678945200000,2023-03-16 05:40:00,1.0036,1.0036,1.0035,1.0035,3661.46
coinbase,USDTUSDC,1678945800000,2023-03-16 05:50:00,1.0037,1.0037,1.0037,1.0037,9612.21
coinbase,USDTUSDC,1678946340000,2023-03-16 05:59:00,1.0035,1.0035,1.0035,1.0035,3.19
coinbase,USDTUSDC,1678947420000,2023-03-16 06:17:00,1.0035,1.0035,1.0035,1.0035,36.02
coinbase,USDTUSDC,1678947900000,2023-03-16 06:25:00,1.0035,1.0035,1.0035,1.0035,6.77
coinbase,USDTUSDC,1678948200000,2023-03-16 06:30:00,1.0035,1.0035,1.0035,1.0035,9.64
coinbase,USDTUSDC,1678948560000,2023-03-16 06:36:00,1.0036,1.0036,1.0035,1.0035,529.07
coinbase,USDTUSDC,1678948800000,2023-03-16 06:40:00,1.0035,1.0036,1.0032,1.0036,1040.94
coinbase,USDTUSDC,1678949340000,2023-03-16 06:49:00,1.0031,1.0031,1.0026,1.003,79811.26
coinbase,USDTUSDC,1678949580000,2023-03-16 06:53:00,1.0028,1.0028,1.0028,1.0028,374.8
coinbase,USDTUSDC,1678950000000,2023-03-16 07:00:00,1.0031,1.0031,1.0031,1.0031,58.78
coinbase,USDTUSDC,1678950060000,2023-03-16 07:01:00,1.003,1.0033,1.003,1.0033,4759.52
coinbase,USDTUSDC,1678950360000,2023-03-16 07:06:00,1.0033,1.0033,1.0032,1.0032,164.75
coinbase,USDTUSDC,1678950540000,2023-03-16 07:09:00,1.0033,1.0033,1.003,1.003,173.27
coinbase,USDTUSDC,1678951140000,2023-03-16 07:19:00,1.003,1.003,1.003,1.003,3.76
coinbase,USDTUSDC,1678951320000,2023-03-16 07:22:00,1.003,1.003,1.003,1.003,5.48
coinbase,USDTUSDC,1678951500000,2023-03-16 07:25:00,1.003,1.0031,1.003,1.0031,6.18
coinbase,USDTUSDC,1678951800000,2023-03-16 07:30:00,1.0031,1.0032,1.0031,1.0032,407.97
coinbase,USDTUSDC,1678952400000,2023-03-16 07:40:00,1.0032,1.0032,1.0032,1.0032,1260.2
coinbase,USDTUSDC,1678952640000,2023-03-16 07:44:00,1.0033,1.0034,1.0033,1.0034,223.24
coinbase,USDTUSDC,1678953060000,2023-03-16 07:51:00,1.0032,1.0032,1.0032,1.0032,1344.88
coinbase,USDTUSDC,1678953660000,2023-03-16 08:01:00,1.0031,1.0033,1.0031,1.0033,1091.32
coinbase,USDTUSDC,1678953960000,2023-03-16 08:06:00,1.0033,1.0033,1.0033,1.0033,5370.66
coinbase,USDTUSDC,1678954500000,2023-03-16 08:15:00,1.0031,1.0033,1.0031,1.0033,70.07
coinbase,USDTUSDC,1678954860000,2023-03-16 08:21:00,1.0033,1.0033,1.0033,1.0033,69.44
coinbase,USDTUSDC,1678955340000,2023-03-16 08:29:00,1.0033,1.0033,1.0032,1.0032,3.98
coinbase,USDTUSDC,1678955640000,2023-03-16 08:34:00,1.0033,1.0033,1.0033,1.0033,176.46
coinbase,USDTUSDC,1678921260000,2023-03-15 23:01:00,1.0043,1.0044,1.0042,1.0042,1382.15
coinbase,USDTUSDC,1678921560000,2023-03-15 23:06:00,1.004,1.004,1.004,1.004,2009.7
coinbase,USDTUSDC,1678921920000,2023-03-15 23:12:00,1.0039,1.0041,1.0039,1.0041,268.02
coinbase,USDTUSDC,1678921980000,2023-03-15 23:13:00,1.0039,1.0039,1.0039,1.0039,852.39
coinbase,USDTUSDC,1678922280000,2023-03-15 23:18:00,1.0039,1.0039,1.0038,1.0038,347.28
coinbase,USDTUSDC,1678922460000,2023-03-15 23:21:00,1.0039,1.0039,1.0039,1.0039,2.11
coinbase,USDTUSDC,1678922580000,2023-03-15 23:23:00,1.0039,1.0039,1.0039,1.0039,1.69
coinbase,USDTUSDC,1678922940000,2023-03-15 23:29:00,1.0039,1.0039,1.0039,1.0039,2247.81
coinbase,USDTUSDC,1678923360000,2023-03-15 23:36:00,1.0039,1.0039,1.0039,1.0039,2240.77
coinbase,USDTUSDC,1678923420000,2023-03-15 23:37:00,1.0039,1.0039,1.0039,1.0039,3275.95
coinbase,USDTUSDC,1678923780000,2023-03-15 23:43:00,1.004,1.004,1.004,1.004,706.27
coinbase,USDTUSDC,1678924620000,2023-03-15 23:57:00,1.004,1.004,1.004,1.004,1038.66
coinbase,USDTUSDC,1678924860000,2023-03-16 00:01:00,1.004,1.004,1.004,1.004,11732.24
coinbase,USDTUSDC,1678924920000,2023-03-16 00:02:00,1.004,1.0041,1.004,1.004,10531.76
coinbase,USDTUSDC,1678925460000,2023-03-16 00:11:00,1.0042,1.0042,1.0042,1.0042,9010.75
coinbase,USDTUSDC,1678925700000,2023-03-16 00:15:00,1.0041,1.0041,1.004,1.0041,16114.69
coinbase,USDTUSDC,1678926060000,2023-03-16 00:21:00,1.0041,1.0041,1.0041,1.0041,1092.65
coinbase,USDTUSDC,1678926120000,2023-03-16 00:22:00,1.0041,1.0041,1.0041,1.0041,476.25
coinbase,USDTUSDC,1678926180000,2023-03-16 00:23:00,1.0041,1.0041,1.0041,1.0041,70272.45
coinbase,USDTUSDC,1678926240000,2023-03-16 00:24:00,1.0041,1.0041,1.0041,1.0041,28547.9
coinbase,USDTUSDC,1678926300000,2023-03-16 00:25:00,1.0041,1.0041,1.0038,1.0038,7800.24
coinbase,USDTUSDC,1678926660000,2023-03-16 00:31:00,1.0039,1.0039,1.0039,1.0039,724.28
coinbase,USDTUSDC,1678926720000,2023-03-16 00:32:00,1.0038,1.0039,1.0038,1.0039,859.61
coinbase,USDTUSDC,1678926900000,2023-03-16 00:35:00,1.0037,1.0039,1.0037,1.0039,3.86
coinbase,USDTUSDC,1678927380000,2023-03-16 00:43:00,1.0038,1.0038,1.0038,1.0038,3103.47
coinbase,USDTUSDC,1678927680000,2023-03-16 00:48:00,1.0037,1.0037,1.0037,1.0037,3703.19
coinbase,USDTUSDC,1678927800000,2023-03-16 00:50:00,1.0037,1.0037,1.0036,1.0036,2749.13
coinbase,USDTUSDC,1678927920000,2023-03-16 00:52:00,1.0035,1.0038,1.0035,1.0038,1145.81
coinbase,USDTUSDC,1678928280000,2023-03-16 00:58:00,1.0039,1.0041,1.0039,1.0041,3059.9
coinbase,USDTUSDC,1678928340000,2023-03-16 00:59:00,1.004,1.004,1.0037,1.0037,80.35
coinbase,USDTUSDC,1678928700000,2023-03-16 01:05:00,1.0037,1.0037,1.0036,1.0036,1072.56
coinbase,USDTUSDC,1678929180000,2023-03-16 01:13:00,1.0036,1.0036,1.0036,1.0036,3.91
coinbase,USDTUSDC,1678929660000,2023-03-16 01:21:00,1.0036,1.0036,1.0036,1.0036,7.87
coinbase,USDTUSDC,1678929780000,2023-03-16 01:23:00,1.0036,1.0036,1.0036,1.0036,4.94
coinbase,USDTUSDC,1678929900000,2023-03-16 01:25:00,1.0036,1.0036,1.0036,1.0036,4.61
coinbase,USDTUSDC,1678930140000,2023-03-16 01:29:00,1.0036,1.0036,1.0036,1.0036,1043.07
coinbase,USDTUSDC,1678930380000,2023-03-16 01:33:00,1.0036,1.0037,1.0036,1.0037,368.37
coinbase,USDTUSDC,1678931880000,2023-03-16 01:58:00,1.0037,1.0038,1.0037,1.0038,58.91
coinbase,USDTUSDC,1678932780000,2023-03-16 02:13:00,1.0037,1.0037,1.0037,1.0037,3.83
coinbase,USDTUSDC,1678933440000,2023-03-16 02:24:00,1.0037,1.0038,1.0037,1.0038,164.77
coinbase,USDTUSDC,1678933800000,2023-03-16 02:30:00,1.0037,1.0037,1.0037,1.0037,3.32
coinbase,USDTUSDC,1678934280000,2023-03-16 02:38:00,1.0037,1.0037,1.0037,1.0037,35.65
coinbase,USDTUSDC,1678934400000,2023-03-16 02:40:00,1.0037,1.0037,1.0036,1.0036,1074.39
coinbase,USDTUSDC,1678934880000,2023-03-16 02:48:00,1.0036,1.0036,1.0035,1.0035,2079.41
coinbase,USDTUSDC,1678935120000,2023-03-16 02:52:00,1.0036,1.0036,1.0035,1.0035,1068.93
coinbase,USDTUSDC,1678935540000,2023-03-16 02:59:00,1.0035,1.0037,1.0035,1.0035,2504.77
coinbase,USDTUSDC,1678935600000,2023-03-16 03:00:00,1.0036,1.0037,1.0036,1.0037,51.83
coinbase,USDTUSDC,1678935720000,2023-03-16 03:02:00,1.0035,1.0035,1.0034,1.0034,1037.82
coinbase,USDTUSDC,1678935780000,2023-03-16 03:03:00,1.0035,1.0035,1.0034,1.0034,2076.23
coinbase,USDTUSDC,1678935840000,2023-03-16 03:04:00,1.0034,1.0034,1.0034,1.0034,4889.35
coinbase,USDTUSDC,1678935900000,2023-03-16 03:05:00,1.0034,1.0034,1.0034,1.0034,3716.4
coinbase,USDTUSDC,1678935960000,2023-03-16 03:06:00,1.0034,1.0034,1.0033,1.0033,2078.18
coinbase,USDTUSDC,1678936500000,2023-03-16 03:15:00,1.0033,1.0033,1.0033,1.0033,1037.89
coinbase,USDTUSDC,1678936920000,2023-03-16 03:22:00,1.0033,1.0035,1.0033,1.0035,2.6
coinbase,USDTUSDC,1678937580000,2023-03-16 03:33:00,1.0035,1.0035,1.0034,1.0034,513.22
coinbase,USDTUSDC,1678939080000,2023-03-16 03:58:00,1.0036,1.0036,1.0036,1.0036,503.42
coinbase,USDTUSDC,1678903200000,2023-03-15 18:00:00,1.0025,1.0031,1.0024,1.0031,24576.14
coinbase,USDTUSDC,1678903320000,2023-03-15 18:02:00,1.0027,1.0027,1.0027,1.0027,649.95
coinbase,USDTUSDC,1678903500000,2023-03-15 18:05:00,1.0028,1.0029,1.0028,1.0028,7488.97
coinbase,USDTUSDC,1678903560000,2023-03-15 18:06:00,1.0028,1.0028,1.0027,1.0027,3647.39
coinbase,USDTUSDC,1678903800000,2023-03-15 18:10:00,1.0026,1.0026,1.0024,1.0024,2013.52
coinbase,USDTUSDC,1678903860000,2023-03-15 18:11:00,1.0025,1.0027,1.0024,1.0027,1095.79
coinbase,USDTUSDC,1678903980000,2023-03-15 18:13:00,1.0027,1.0029,1.0024,1.0024,30463.75
coinbase,USDTUSDC,1678904100000,2023-03-15 18:15:00,1.0027,1.0028,1.0026,1.0028,3242.48
coinbase,USDTUSDC,1678904160000,2023-03-15 18:16:00,1.0028,1.0028,1.0027,1.0028,1433.42
coinbase,USDTUSDC,1678904340000,2023-03-15 18:19:00,1.0027,1.0028,1.0027,1.0028,1166.34
coinbase,USDTUSDC,1678904400000,2023-03-15 18:20:00,1.0027,1.0028,1.0027,1.0028,815.25
coinbase,USDTUSDC,1678904520000,2023-03-15 18:22:00,1.0025,1.0026,1.0025,1.0026,1222.78
coinbase,USDTUSDC,1678904820000,2023-03-15 18:27:00,1.0027,1.0027,1.0025,1.0025,5485.38
coinbase,USDTUSDC,1678904880000,2023-03-15 18:28:00,1.0026,1.0028,1.0025,1.0025,51230.07
coinbase,USDTUSDC,1678905000000,2023-03-15 18:30:00,1.0027,1.0027,1.0027,1.0027,68.01
coinbase,USDTUSDC,1678905120000,2023-03-15 18:32:00,1.0028,1.0028,1.0027,1.0027,1491.08
coinbase,USDTUSDC,1678905180000,2023-03-15 18:33:00,1.0026,1.0027,1.0026,1.0027,1371.65
coinbase,USDTUSDC,1678905540000,2023-03-15 18:39:00,1.0027,1.0028,1.0027,1.0028,67056.7
coinbase,USDTUSDC,1678905600000,2023-03-15 18:40:00,1.0027,1.0027,1.0027,1.0027,1197
coinbase,USDTUSDC,1678905720000,2023-03-15 18:42:00,1.0027,1.0027,1.0027,1.0027,2768.57
coinbase,USDTUSDC,1678906020000,2023-03-15 18:47:00,1.0026,1.0026,1.0025,1.0026,2114.44
coinbase,USDTUSDC,1678906200000,2023-03-15 18:50:00,1.0026,1.0026,1.0026,1.0026,1025.85
coinbase,USDTUSDC,1678906380000,2023-03-15 18:53:00,1.0026,1.0026,1.0026,1.0026,3648.68
coinbase,USDTUSDC,1678906620000,2023-03-15 18:57:00,1.0026,1.0026,1.0026,1.0026,1091.56
coinbase,USDTUSDC,1678906740000,2023-03-15 18:59:00,1.0026,1.0026,1.0025,1.0025,1171.08
coinbase,USDTUSDC,1678906800000,2023-03-15 19:00:00,1.0025,1.0026,1.0025,1.0026,180.95
coinbase,USDTUSDC,1678906920000,2023-03-15 19:02:00,1.0026,1.0026,1.0026,1.0026,2431.7
coinbase,USDTUSDC,1678907100000,2023-03-15 19:05:00,1.0026,1.0026,1.0026,1.0026,107.99
coinbase,USDTUSDC,1678907340000,2023-03-15 19:09:00,1.0027,1.0029,1.0027,1.0029,800.65
coinbase,USDTUSDC,1678907460000,2023-03-15 19:11:00,1.0028,1.0028,1.0028,1.0028,17.76
coinbase,USDTUSDC,1678907640000,2023-03-15 19:14:00,1.0028,1.0029,1.0028,1.0028,101.94
coinbase,USDTUSDC,1678907700000,2023-03-15 19:15:00,1.0029,1.003,1.0029,1.0029,340.39
coinbase,USDTUSDC,1678907760000,2023-03-15 19:16:00,1.0029,1.0029,1.0029,1.0029,599.59
coinbase,USDTUSDC,1678908000000,2023-03-15 19:20:00,1.0028,1.0031,1.0028,1.0031,2801.48
coinbase,USDTUSDC,1678908120000,2023-03-15 19:22:00,1.0029,1.003,1.0026,1.0026,3912.78
coinbase,USDTUSDC,1678908240000,2023-03-15 19:24:00,1.0026,1.0028,1.0026,1.0028,3010.53
coinbase,USDTUSDC,1678908360000,2023-03-15 19:26:00,1.0028,1.0028,1.0027,1.0027,15832.27
coinbase,USDTUSDC,1678908660000,2023-03-15 19:31:00,1.0027,1.0031,1.0027,1.0031,13.16
coinbase,USDTUSDC,1678908720000,2023-03-15 19:32:00,1.0026,1.0026,1.0026,1.0026,7.78
coinbase,USDTUSDC,1678909080000,2023-03-15 19:38:00,1.0029,1.0029,1.0027,1.0027,1015.81
coinbase,USDTUSDC,1678909140000,2023-03-15 19:39:00,1.0027,1.0027,1.0027,1.0027,296.16
coinbase,USDTUSDC,1678909200000,2023-03-15 19:40:00,1.0027,1.0027,1.0026,1.0026,10856.88
coinbase,USDTUSDC,1678909320000,2023-03-15 19:42:00,1.0026,1.0026,1.0026,1.0026,10585.34
coinbase,USDTUSDC,1678909380000,2023-03-15 19:43:00,1.0027,1.0027,1.0026,1.0026,24098.12
coinbase,USDTUSDC,1678909440000,2023-03-15 19:44:00,1.0026,1.0026,1.0026,1.0026,118.48
coinbase,USDTUSDC,1678909500000,2023-03-15 19:45:00,1.0026,1.0028,1.0026,1.0027,37972.71
coinbase,USDTUSDC,1678909680000,2023-03-15 19:48:00,1.0027,1.0027,1.0026,1.0026,3618.63
coinbase,USDTUSDC,1678909860000,2023-03-15 19:51:00,1.0031,1.0032,1.0031,1.0032,1312.45
coinbase,USDTUSDC,1678910160000,2023-03-15 19:56:00,1.0031,1.0031,1.0031,1.0031,2570.9
coinbase,USDTUSDC,1678910460000,2023-03-15 20:01:00,1.0028,1.0028,1.0028,1.0028,2248.6
coinbase,USDTUSDC,1678911120000,2023-03-15 20:12:00,1.0029,1.0036,1.0029,1.0032,7041.72
coinbase,USDTUSDC,1678911300000,2023-03-15 20:15:00,1.0032,1.0034,1.0032,1.0034,466.61
coinbase,USDTUSDC,1678911720000,2023-03-15 20:22:00,1.0035,1.0038,1.0034,1.0034,13545.29
coinbase,USDTUSDC,1678911840000,2023-03-15 20:24:00,1.0034,1.0035,1.0034,1.0035,782.62
coinbase,USDTUSDC,1678911900000,2023-03-15 20:25:00,1.0035,1.0035,1.0034,1.0034,1043.18
coinbase,USDTUSDC,1678911960000,2023-03-15 20:26:00,1.0035,1.0035,1.0034,1.0034,1042.56
coinbase,USDTUSDC,1678912020000,2023-03-15 20:27:00,1.0036,1.0036,1.0034,1.0034,6626.91
coinbase,USDTUSDC,1678912080000,2023-03-15 20:28:00,1.0033,1.0037,1.0033,1.0037,36.61
coinbase,USDTUSDC,1678912260000,2023-03-15 20:31:00,1.0037,1.0037,1.0035,1.0035,1041.7
coinbase,USDTUSDC,1678912380000,2023-03-15 20:33:00,1.0038,1.0038,1.0035,1.0036,15839.66
coinbase,USDTUSDC,1678912560000,2023-03-15 20:36:00,1.0035,1.0035,1.0035,1.0035,961.26
coinbase,USDTUSDC,1678914120000,2023-03-15 21:02:00,1.0038,1.0038,1.0038,1.0038,56.82
coinbase,USDTUSDC,1678914180000,2023-03-15 21:03:00,1.0038,1.0038,1.0037,1.0037,2583.08
coinbase,USDTUSDC,1678914240000,2023-03-15 21:04:00,1.0037,1.0037,1.0036,1.0036,487.57
coinbase,USDTUSDC,1678914480000,2023-03-15 21:08:00,1.0037,1.0037,1.0036,1.0036,369.82
coinbase,USDTUSDC,1678914540000,2023-03-15 21:09:00,1.0036,1.0036,1.0036,1.0036,423.68
coinbase,USDTUSDC,1678914780000,2023-03-15 21:13:00,1.0038,1.0038,1.0035,1.0038,88.82
coinbase,USDTUSDC,1678915020000,2023-03-15 21:17:00,1.0038,1.0038,1.0038,1.0038,1041.7
coinbase,USDTUSDC,1678915080000,2023-03-15 21:18:00,1.0038,1.0039,1.0038,1.0039,2947.6
coinbase,USDTUSDC,1678915140000,2023-03-15 21:19:00,1.0039,1.0039,1.0038,1.0038,5995.72
coinbase,USDTUSDC,1678915260000,2023-03-15 21:21:00,1.0039,1.004,1.0038,1.004,4698.17
coinbase,USDTUSDC,1678915320000,2023-03-15 21:22:00,1.004,1.004,1.004,1.004,95.53
coinbase,USDTUSDC,1678915440000,2023-03-15 21:24:00,1.0038,1.0042,1.0038,1.0041,2114.47
coinbase,USDTUSDC,1678915500000,2023-03-15 21:25:00,1.0041,1.0042,1.0041,1.0042,1049.4
coinbase,USDTUSDC,1678915560000,2023-03-15 21:26:00,1.0043,1.0043,1.004,1.004,465.8
coinbase,USDTUSDC,1678915680000,2023-03-15 21:28:00,1.0042,1.0042,1.0041,1.0041,1069.16
coinbase,USDTUSDC,1678915740000,2023-03-15 21:29:00,1.0042,1.0043,1.004,1.0042,1360.02
coinbase,USDTUSDC,1678915800000,2023-03-15 21:30:00,1.0042,1.0043,1.004,1.004,1138.82
coinbase,USDTUSDC,1678916040000,2023-03-15 21:34:00,1.0042,1.0042,1.0041,1.0041,3236.15
coinbase,USDTUSDC,1678916100000,2023-03-15 21:35:00,1.0041,1.0041,1.0041,1.0041,528.43
coinbase,USDTUSDC,1678916580000,2023-03-15 21:43:00,1.0039,1.004,1.0039,1.004,1041.52
coinbase,USDTUSDC,1678917000000,2023-03-15 21:50:00,1.004,1.0041,1.004,1.0041,1058.05
coinbase,USDTUSDC,1678917420000,2023-03-15 21:57:00,1.004,1.004,1.004,1.004,1041.27
coinbase,USDTUSDC,1678917900000,2023-03-15 22:05:00,1.004,1.004,1.004,1.004,7.09
coinbase,USDTUSDC,1678918140000,2023-03-15 22:09:00,1.004,1.0041,1.004,1.0041,171.75
coinbase,USDTUSDC,1678918380000,2023-03-15 22:13:00,1.0041,1.0041,1.0041,1.0041,1952.45
coinbase,USDTUSDC,1678918500000,2023-03-15 22:15:00,1.0041,1.0041,1.0041,1.0041,461.81
coinbase,USDTUSDC,1678918620000,2023-03-15 22:17:00,1.0041,1.0042,1.0041,1.0041,5468.49
coinbase,USDTUSDC,1678918860000,2023-03-15 22:21:00,1.0041,1.0041,1.0041,1.0041,463.37
coinbase,USDTUSDC,1678918980000,2023-03-15 22:23:00,1.0041,1.0041,1.0041,1.0041,6.09
coinbase,USDTUSDC,1678919160000,2023-03-15 22:26:00,1.0042,1.0043,1.0042,1.0043,1170.47
coinbase,USDTUSDC,1678919280000,2023-03-15 22:28:00,1.0043,1.0043,1.0041,1.0041,732.56
coinbase,USDTUSDC,1678919460000,2023-03-15 22:31:00,1.0041,1.0043,1.0041,1.0043,8173.77
coinbase,USDTUSDC,1678919700000,2023-03-15 22:35:00,1.0044,1.0044,1.0044,1.0044,310.71
coinbase,USDTUSDC,1678919940000,2023-03-15 22:39:00,1.0043,1.0044,1.0043,1.0044,10031.39
coinbase,USDTUSDC,1678920660000,2023-03-15 22:51:00,1.0043,1.0043,1.0043,1.0043,3414.64
coinbase,USDTUSDC,1678885200000,2023-03-15 13:00:00,1.0055,1.0057,1.0055,1.0057,604.61
coinbase,USDTUSDC,1678885380000,2023-03-15 13:03:00,1.0055,1.0056,1.0055,1.0055,704.69
coinbase,USDTUSDC,1678885560000,2023-03-15 13:06:00,1.0054,1.0054,1.0049,1.0049,5259.75
coinbase,USDTUSDC,1678885620000,2023-03-15 13:07:00,1.0049,1.0052,1.0049,1.0052,1725.97
coinbase,USDTUSDC,1678886100000,2023-03-15 13:15:00,1.0052,1.0052,1.0052,1.0052,5.29
coinbase,USDTUSDC,1678886520000,2023-03-15 13:22:00,1.0054,1.0054,1.0052,1.0052,29.2
coinbase,USDTUSDC,1678886640000,2023-03-15 13:24:00,1.0051,1.0051,1.0051,1.0051,13.84
coinbase,USDTUSDC,1678886880000,2023-03-15 13:28:00,1.0051,1.0055,1.0051,1.0055,3282.4
coinbase,USDTUSDC,1678886940000,2023-03-15 13:29:00,1.0055,1.0055,1.0051,1.0051,10557.18
coinbase,USDTUSDC,1678887000000,2023-03-15 13:30:00,1.0054,1.0054,1.0053,1.0053,131.21
coinbase,USDTUSDC,1678887060000,2023-03-15 13:31:00,1.0053,1.0056,1.005,1.0054,26430.48
coinbase,USDTUSDC,1678887120000,2023-03-15 13:32:00,1.005,1.005,1.005,1.005,2074.87
coinbase,USDTUSDC,1678887180000,2023-03-15 13:33:00,1.005,1.005,1.005,1.005,2770.64
coinbase,USDTUSDC,1678887240000,2023-03-15 13:34:00,1.005,1.005,1.005,1.005,4151.49
coinbase,USDTUSDC,1678887300000,2023-03-15 13:35:00,1.005,1.005,1.005,1.005,2173.74
coinbase,USDTUSDC,1678887360000,2023-03-15 13:36:00,1.005,1.005,1.0048,1.0048,11003.82
coinbase,USDTUSDC,1678887720000,2023-03-15 13:42:00,1.0049,1.0051,1.0047,1.0047,2564.42
coinbase,USDTUSDC,1678888080000,2023-03-15 13:48:00,1.0045,1.0045,1.0043,1.0043,1311.02
coinbase,USDTUSDC,1678888560000,2023-03-15 13:56:00,1.0041,1.0046,1.0041,1.0046,11.37
coinbase,USDTUSDC,1678888680000,2023-03-15 13:58:00,1.0041,1.0041,1.004,1.004,2728.4
coinbase,USDTUSDC,1678888740000,2023-03-15 13:59:00,1.0041,1.0041,1.0041,1.0041,1066.53
coinbase,USDTUSDC,1678889040000,2023-03-15 14:04:00,1.0041,1.0042,1.0041,1.0042,1083.81
coinbase,USDTUSDC,1678889220000,2023-03-15 14:07:00,1.0043,1.0043,1.0042,1.0042,3789.06
coinbase,USDTUSDC,1678889280000,2023-03-15 14:08:00,1.0044,1.005,1.0042,1.0044,48862.31
coinbase,USDTUSDC,1678889520000,2023-03-15 14:12:00,1.0039,1.004,1.0038,1.004,115.39
coinbase,USDTUSDC,1678889700000,2023-03-15 14:15:00,1.004,1.004,1.0039,1.0039,85.85
coinbase,USDTUSDC,1678889940000,2023-03-15 14:19:00,1.0037,1.0039,1.0005,1.0039,70521.73
coinbase,USDTUSDC,1678890060000,2023-03-15 14:21:00,1.0037,1.0037,1.0036,1.0036,12.06
coinbase,USDTUSDC,1678890360000,2023-03-15 14:26:00,1.0036,1.0036,1.0036,1.0036,578.55
coinbase,USDTUSDC,1678890540000,2023-03-15 14:29:00,1.0036,1.0036,1.0036,1.0036,5.66
coinbase,USDTUSDC,1678890660000,2023-03-15 14:31:00,1.0036,1.0036,1.0034,1.0034,1041.7
coinbase,USDTUSDC,1678891020000,2023-03-15 14:37:00,1.0035,1.0035,1.0035,1.0035,1039.31
coinbase,USDTUSDC,1678891080000,2023-03-15 14:38:00,1.0035,1.0035,1.0035,1.0035,5337.57
coinbase,USDTUSDC,1678891140000,2023-03-15 14:39:00,1.0035,1.0035,1.0035,1.0035,1029.8
coinbase,USDTUSDC,1678891200000,2023-03-15 14:40:00,1.0035,1.0036,1.0035,1.0036,3815.69
coinbase,USDTUSDC,1678891320000,2023-03-15 14:42:00,1.0035,1.0035,1.0034,1.0034,6119.41
coinbase,USDTUSDC,1678891380000,2023-03-15 14:43:00,1.0034,1.0034,1.0033,1.0034,1765.8
coinbase,USDTUSDC,1678891620000,2023-03-15 14:47:00,1.0034,1.0034,1.0034,1.0034,1040.1
coinbase,USDTUSDC,1678892040000,2023-03-15 14:54:00,1.0034,1.0035,1.0034,1.0035,2623.13
coinbase,USDTUSDC,1678892160000,2023-03-15 14:56:00,1.0035,1.0035,1.0034,1.0034,614.37
coinbase,USDTUSDC,1678892820000,2023-03-15 15:07:00,1.0033,1.0033,1.0032,1.0033,526.1
coinbase,USDTUSDC,1678893180000,2023-03-15 15:13:00,1.0033,1.0034,1.0033,1.0034,1005.74
coinbase,USDTUSDC,1678893600000,2023-03-15 15:20:00,1.0034,1.0034,1.0034,1.0034,1045.4
coinbase,USDTUSDC,1678893660000,2023-03-15 15:21:00,1.0034,1.0034,1.0034,1.0034,1061.71
coinbase,USDTUSDC,1678893720000,2023-03-15 15:22:00,1.0033,1.0034,1.0033,1.0034,1046.98
coinbase,USDTUSDC,1678893840000,2023-03-15 15:24:00,1.0034,1.0034,1.0034,1.0034,1040.46
coinbase,USDTUSDC,1678893960000,2023-03-15 15:26:00,1.0034,1.0038,1.0034,1.0038,15002.86
coinbase,USDTUSDC,1678894020000,2023-03-15 15:27:00,1.0035,1.0035,1.0033,1.0033,1130.4
coinbase,USDTUSDC,1678894140000,2023-03-15 15:29:00,1.0035,1.0035,1.0033,1.0033,529.65
coinbase,USDTUSDC,1678894260000,2023-03-15 15:31:00,1.0033,1.0037,1.0033,1.0035,31590.13
coinbase,USDTUSDC,1678894320000,2023-03-15 15:32:00,1.0036,1.0045,1.0031,1.0031,32407.87
coinbase,USDTUSDC,1678894380000,2023-03-15 15:33:00,1.0032,1.0033,1.0032,1.0032,3219.15
coinbase,USDTUSDC,1678894440000,2023-03-15 15:34:00,1.0033,1.0033,1.0032,1.0033,1642.9
coinbase,USDTUSDC,1678894500000,2023-03-15 15:35:00,1.0033,1.0033,1.003,1.003,1106.04
coinbase,USDTUSDC,1678894680000,2023-03-15 15:38:00,1.003,1.0031,1.003,1.0031,1144.78
coinbase,USDTUSDC,1678894800000,2023-03-15 15:40:00,1.0031,1.0031,1.0031,1.0031,4877.5
coinbase,USDTUSDC,1678894860000,2023-03-15 15:41:00,1.0031,1.0032,1.0031,1.0032,11006.9
coinbase,USDTUSDC,1678894920000,2023-03-15 15:42:00,1.0032,1.0033,1.0031,1.0033,5166.14
coinbase,USDTUSDC,1678894980000,2023-03-15 15:43:00,1.0033,1.0033,1.0031,1.0032,16767.52
coinbase,USDTUSDC,1678895040000,2023-03-15 15:44:00,1.003,1.003,1.0029,1.0029,5265.63
coinbase,USDTUSDC,1678895220000,2023-03-15 15:47:00,1.0029,1.0029,1.0028,1.0029,3996.12
coinbase,USDTUSDC,1678895280000,2023-03-15 15:48:00,1.0029,1.003,1.0027,1.0027,969.4
coinbase,USDTUSDC,1678895580000,2023-03-15 15:53:00,1.0029,1.0029,1.0028,1.0028,1561.47
coinbase,USDTUSDC,1678895700000,2023-03-15 15:55:00,1.0028,1.0029,1.0028,1.0028,1590.38
coinbase,USDTUSDC,1678895760000,2023-03-15 15:56:00,1.0029,1.0029,1.0029,1.0029,1517.81
coinbase,USDTUSDC,1678895940000,2023-03-15 15:59:00,1.0029,1.0029,1.0028,1.0028,1045.46
coinbase,USDTUSDC,1678896120000,2023-03-15 16:02:00,1.0028,1.0028,1.0028,1.0028,1495.82
coinbase,USDTUSDC,1678896180000,2023-03-15 16:03:00,1.0028,1.0028,1.0028,1.0028,1561.62
coinbase,USDTUSDC,1678896240000,2023-03-15 16:04:00,1.0028,1.0028,1.0028,1.0028,8496.17
coinbase,USDTUSDC,1678896300000,2023-03-15 16:05:00,1.0028,1.0028,1.0028,1.0028,3853.99
coinbase,USDTUSDC,1678896420000,2023-03-15 16:07:00,1.0028,1.0028,1.0028,1.0028,1048.77
coinbase,USDTUSDC,1678896540000,2023-03-15 16:09:00,1.0028,1.0028,1.0028,1.0028,13194.21
coinbase,USDTUSDC,1678896780000,2023-03-15 16:13:00,1.0028,1.0028,1.0027,1.0027,118.67
coinbase,USDTUSDC,1678896900000,2023-03-15 16:15:00,1.0027,1.0027,1.0019,1.0019,2567.87
coinbase,USDTUSDC,1678897020000,2023-03-15 16:17:00,1.0026,1.0026,1.0024,1.0025,2918.36
coinbase,USDTUSDC,1678897080000,2023-03-15 16:18:00,1.0026,1.0027,1.0026,1.0026,13935.27
coinbase,USDTUSDC,1678897140000,2023-03-15 16:19:00,1.0026,1.0026,1.0026,1.0026,1288.06
coinbase,USDTUSDC,1678897260000,2023-03-15 16:21:00,1.0026,1.0027,1.0024,1.0024,1104.74
coinbase,USDTUSDC,1678897380000,2023-03-15 16:23:00,1.0025,1.0025,1.0025,1.0025,13.33
coinbase,USDTUSDC,1678897680000,2023-03-15 16:28:00,1.0024,1.0025,1.0024,1.0024,263.58
coinbase,USDTUSDC,1678897740000,2023-03-15 16:29:00,1.0025,1.0025,1.0025,1.0025,526.45
coinbase,USDTUSDC,1678897860000,2023-03-15 16:31:00,1.0025,1.0025,1.0025,1.0025,2.91
coinbase,USDTUSDC,1678897920000,2023-03-15 16:32:00,1.0025,1.0025,1.0024,1.0025,1120.01
coinbase,USDTUSDC,1678897980000,2023-03-15 16:33:00,1.0023,1.0024,1.0023,1.0024,6002.38
coinbase,USDTUSDC,1678898040000,2023-03-15 16:34:00,1.0024,1.0024,1.0023,1.0023,9237.2
coinbase,USDTUSDC,1678898100000,2023-03-15 16:35:00,1.0023,1.0025,1.0023,1.0023,3111.44
coinbase,USDTUSDC,1678898160000,2023-03-15 16:36:00,1.0023,1.0025,1.0023,1.0025,12766.57
coinbase,USDTUSDC,1678898220000,2023-03-15 16:37:00,1.0023,1.0025,1.0023,1.0023,3512.13
coinbase,USDTUSDC,1678898280000,2023-03-15 16:38:00,1.0023,1.0025,1.0023,1.0025,3124.24
coinbase,USDTUSDC,1678898400000,2023-03-15 16:40:00,1.0024,1.0024,1.0024,1.0024,540.79
coinbase,USDTUSDC,1678899000000,2023-03-15 16:50:00,1.0023,1.0023,1.0022,1.0022,45648.5
coinbase,USDTUSDC,1678899180000,2023-03-15 16:53:00,1.0022,1.0025,1.0022,1.0024,1146.82
coinbase,USDTUSDC,1678899540000,2023-03-15 16:59:00,1.0025,1.0025,1.0023,1.0023,171.97
coinbase,USDTUSDC,1678899720000,2023-03-15 17:02:00,1.0025,1.0026,1.0025,1.0026,3343.84
coinbase,USDTUSDC,1678899780000,2023-03-15 17:03:00,1.0026,1.0027,1.0023,1.0023,25502.41
coinbase,USDTUSDC,1678899900000,2023-03-15 17:05:00,1.0022,1.0022,1.0021,1.0021,1801.12
coinbase,USDTUSDC,1678899960000,2023-03-15 17:06:00,1.0021,1.0021,1.002,1.002,1038.73
coinbase,USDTUSDC,1678900020000,2023-03-15 17:07:00,1.0024,1.0024,1.0019,1.002,1560.12
coinbase,USDTUSDC,1678900140000,2023-03-15 17:09:00,1.002,1.0021,1.002,1.0021,178.69
coinbase,USDTUSDC,1678900260000,2023-03-15 17:11:00,1.0023,1.0023,1.0023,1.0023,525.27
coinbase,USDTUSDC,1678900500000,2023-03-15 17:15:00,1.0023,1.0025,1.0023,1.0025,28.14
coinbase,USDTUSDC,1678900860000,2023-03-15 17:21:00,1.0025,1.0025,1.0025,1.0025,9.32
coinbase,USDTUSDC,1678900980000,2023-03-15 17:23:00,1.0025,1.0025,1.0025,1.0025,674.63
coinbase,USDTUSDC,1678901040000,2023-03-15 17:24:00,1.0025,1.0026,1.0025,1.0026,30744.59
coinbase,USDTUSDC,1678901340000,2023-03-15 17:29:00,1.0026,1.0026,1.0026,1.0026,1.24
coinbase,USDTUSDC,1678901460000,2023-03-15 17:31:00,1.0025,1.0025,1.0025,1.0025,500.78
coinbase,USDTUSDC,1678902180000,2023-03-15 17:43:00,1.0025,1.0026,1.0025,1.0025,12156.12
coinbase,USDTUSDC,1678902480000,2023-03-15 17:48:00,1.0025,1.0025,1.0025,1.0025,69.37
coinbase,USDTUSDC,1678902540000,2023-03-15 17:49:00,1.0025,1.0026,1.0025,1.0026,1151.75
coinbase,USDTUSDC,1678902600000,2023-03-15 17:50:00,1.0025,1.0025,1.0025,1.0025,1561.59
coinbase,USDTUSDC,1678902780000,2023-03-15 17:53:00,1.0026,1.0026,1.0026,1.0026,99.73
coinbase,USDTUSDC,1678902960000,2023-03-15 17:56:00,1.0025,1.0025,1.0024,1.0024,2080.44
coinbase,USDTUSDC,1678903140000,2023-03-15 17:59:00,1.0024,1.0028,1.0024,1.0028,8095.59
coinbase,USDTUSDC,1678903200000,2023-03-15 18:00:00,1.0025,1.0031,1.0024,1.0031,24576.14
coinbase,USDTUSDC,1678867200000,2023-03-15 08:00:00,1.0051,1.0051,1.005,1.005,138637.36
coinbase,USDTUSDC,1678867560000,2023-03-15 08:06:00,1.005,1.005,1.005,1.005,1499.59
coinbase,USDTUSDC,1678867620000,2023-03-15 08:07:00,1.005,1.005,1.005,1.005,2046.5
coinbase,USDTUSDC,1678867740000,2023-03-15 08:09:00,1.005,1.0051,1.005,1.0051,200559.54
coinbase,USDTUSDC,1678867800000,2023-03-15 08:10:00,1.005,1.0054,1.005,1.0054,645.98
coinbase,USDTUSDC,1678867860000,2023-03-15 08:11:00,1.0053,1.0053,1.0053,1.0053,699.67
coinbase,USDTUSDC,1678867980000,2023-03-15 08:13:00,1.005,1.0052,1.005,1.0052,573.08
coinbase,USDTUSDC,1678868160000,2023-03-15 08:16:00,1.0054,1.0054,1.005,1.005,208.48
coinbase,USDTUSDC,1678868400000,2023-03-15 08:20:00,1.0052,1.0053,1.005,1.0053,1348.09
coinbase,USDTUSDC,1678868520000,2023-03-15 08:22:00,1.0053,1.0054,1.005,1.0053,1335.06
coinbase,USDTUSDC,1678868580000,2023-03-15 08:23:00,1.0053,1.0054,1.005,1.0054,1165.64
coinbase,USDTUSDC,1678868760000,2023-03-15 08:26:00,1.0053,1.0053,1.0052,1.0052,2087.82
coinbase,USDTUSDC,1678869360000,2023-03-15 08:36:00,1.0052,1.0052,1.0052,1.0052,3146.82
coinbase,USDTUSDC,1678869600000,2023-03-15 08:40:00,1.0052,1.0053,1.0052,1.0053,2279.31
coinbase,USDTUSDC,1678869720000,2023-03-15 08:42:00,1.0053,1.0053,1.0052,1.0052,1071.79
coinbase,USDTUSDC,1678869840000,2023-03-15 08:44:00,1.0054,1.0054,1.0053,1.0053,200035.12
coinbase,USDTUSDC,1678870080000,2023-03-15 08:48:00,1.0053,1.0054,1.0053,1.0053,5803.43
coinbase,USDTUSDC,1678870200000,2023-03-15 08:50:00,1.0053,1.0055,1.0053,1.0054,4969.84
coinbase,USDTUSDC,1678870560000,2023-03-15 08:56:00,1.0055,1.0055,1.0053,1.0053,7358.6
coinbase,USDTUSDC,1678870680000,2023-03-15 08:58:00,1.0054,1.0055,1.0054,1.0055,4341.92
coinbase,USDTUSDC,1678870740000,2023-03-15 08:59:00,1.0054,1.0055,1.0051,1.0051,1586.05
coinbase,USDTUSDC,1678870920000,2023-03-15 09:02:00,1.0054,1.0054,1.0054,1.0054,1038.75
coinbase,USDTUSDC,1678871040000,2023-03-15 09:04:00,1.0054,1.0055,1.0054,1.0055,4477.47
coinbase,USDTUSDC,1678871100000,2023-03-15 09:05:00,1.0055,1.0055,1.0052,1.0052,203562.87
coinbase,USDTUSDC,1678871280000,2023-03-15 09:08:00,1.0051,1.0054,1.005,1.0053,202706.96
coinbase,USDTUSDC,1678871880000,2023-03-15 09:18:00,1.0053,1.0053,1.0053,1.0053,2.19
coinbase,USDTUSDC,1678871940000,2023-03-15 09:19:00,1.0053,1.0053,1.0053,1.0053,986
coinbase,USDTUSDC,1678872120000,2023-03-15 09:22:00,1.0053,1.0055,1.0053,1.0055,4.17
coinbase,USDTUSDC,1678872300000,2023-03-15 09:25:00,1.0053,1.0053,1.0053,1.0053,1.09
coinbase,USDTUSDC,1678872360000,2023-03-15 09:26:00,1.0051,1.0051,1.0051,1.0051,1038.65
coinbase,USDTUSDC,1678872540000,2023-03-15 09:29:00,1.0055,1.0056,1.0055,1.0056,957.18
coinbase,USDTUSDC,1678872720000,2023-03-15 09:32:00,1.0055,1.0056,1.0055,1.0056,2861.63
coinbase,USDTUSDC,1678872780000,2023-03-15 09:33:00,1.0056,1.0057,1.0056,1.0056,3475.17
coinbase,USDTUSDC,1678872840000,2023-03-15 09:34:00,1.0057,1.0057,1.0055,1.0056,10879.63
coinbase,USDTUSDC,1678872960000,2023-03-15 09:36:00,1.0056,1.0056,1.0056,1.0056,3346.32
coinbase,USDTUSDC,1678873080000,2023-03-15 09:38:00,1.0058,1.0058,1.0057,1.0057,9104.4
coinbase,USDTUSDC,1678873140000,2023-03-15 09:39:00,1.0057,1.0057,1.0057,1.0057,4154.72
coinbase,USDTUSDC,1678873200000,2023-03-15 09:40:00,1.0058,1.0061,1.0055,1.0057,16905.81
coinbase,USDTUSDC,1678873260000,2023-03-15 09:41:00,1.0056,1.0056,1.0056,1.0056,28.13
coinbase,USDTUSDC,1678873920000,2023-03-15 09:52:00,1.0057,1.0058,1.0057,1.0058,950
coinbase,USDTUSDC,1678873980000,2023-03-15 09:53:00,1.0058,1.0063,1.0057,1.0058,14091.12
coinbase,USDTUSDC,1678874040000,2023-03-15 09:54:00,1.0056,1.006,1.0056,1.0057,2383.13
coinbase,USDTUSDC,1678874100000,2023-03-15 09:55:00,1.0057,1.0057,1.0054,1.0054,1360.95
coinbase,USDTUSDC,1678874280000,2023-03-15 09:58:00,1.0058,1.0058,1.0057,1.0057,953.03
coinbase,USDTUSDC,1678874640000,2023-03-15 10:04:00,1.0056,1.0058,1.0056,1.0058,464.7
coinbase,USDTUSDC,1678874880000,2023-03-15 10:08:00,1.0056,1.0058,1.0056,1.0058,878.01
coinbase,USDTUSDC,1678875360000,2023-03-15 10:16:00,1.0056,1.0056,1.0054,1.0054,1038.4
coinbase,USDTUSDC,1678875420000,2023-03-15 10:17:00,1.0058,1.0058,1.0057,1.0058,1120.13
coinbase,USDTUSDC,1678875540000,2023-03-15 10:19:00,1.0056,1.0056,1.0056,1.0056,435.94
coinbase,USDTUSDC,1678875600000,2023-03-15 10:20:00,1.0054,1.0054,1.0053,1.0054,786.85
coinbase,USDTUSDC,1678875660000,2023-03-15 10:21:00,1.0054,1.0054,1.0054,1.0054,9.62
coinbase,USDTUSDC,1678875780000,2023-03-15 10:23:00,1.0054,1.0055,1.0054,1.0055,9511.49
coinbase,USDTUSDC,1678876020000,2023-03-15 10:27:00,1.0055,1.0055,1.0055,1.0055,123.07
coinbase,USDTUSDC,1678876080000,2023-03-15 10:28:00,1.0055,1.0057,1.0054,1.0057,1988.69
coinbase,USDTUSDC,1678876140000,2023-03-15 10:29:00,1.0057,1.0057,1.0052,1.0052,2222.98
coinbase,USDTUSDC,1678876200000,2023-03-15 10:30:00,1.0056,1.0057,1.0056,1.0057,3923.01
coinbase,USDTUSDC,1678876260000,2023-03-15 10:31:00,1.0056,1.0057,1.0056,1.0057,1094.92
coinbase,USDTUSDC,1678876320000,2023-03-15 10:32:00,1.0057,1.0058,1.0054,1.0057,2653.76
coinbase,USDTUSDC,1678876380000,2023-03-15 10:33:00,1.0058,1.0059,1.0058,1.0059,5536.01
coinbase,USDTUSDC,1678876440000,2023-03-15 10:34:00,1.0059,1.0061,1.0057,1.0058,73120.47
coinbase,USDTUSDC,1678876500000,2023-03-15 10:35:00,1.0058,1.0058,1.0054,1.0056,3119.6
coinbase,USDTUSDC,1678876560000,2023-03-15 10:36:00,1.0056,1.0056,1.0054,1.0056,1505.49
coinbase,USDTUSDC,1678876620000,2023-03-15 10:37:00,1.0054,1.0056,1.0052,1.0056,4955.55
coinbase,USDTUSDC,1678876800000,2023-03-15 10:40:00,1.0054,1.0055,1.0054,1.0055,1158.44
coinbase,USDTUSDC,1678876860000,2023-03-15 10:41:00,1.0055,1.0055,1.0055,1.0055,2805.67
coinbase,USDTUSDC,1678876920000,2023-03-15 10:42:00,1.0054,1.0055,1.0054,1.0055,7403.34
coinbase,USDTUSDC,1678877100000,2023-03-15 10:45:00,1.0053,1.0053,1.005,1.005,2716.52
coinbase,USDTUSDC,1678877160000,2023-03-15 10:46:00,1.005,1.005,1.005,1.005,885.85
coinbase,USDTUSDC,1678877220000,2023-03-15 10:47:00,1.005,1.0051,1.0049,1.0051,2472.19
coinbase,USDTUSDC,1678877280000,2023-03-15 10:48:00,1.0052,1.0052,1.005,1.005,1600.99
coinbase,USDTUSDC,1678877520000,2023-03-15 10:52:00,1.005,1.005,1.005,1.005,198.85
coinbase,USDTUSDC,1678877640000,2023-03-15 10:54:00,1.005,1.005,1.0048,1.0048,1044.25
coinbase,USDTUSDC,1678877820000,2023-03-15 10:57:00,1.0048,1.0048,1.0048,1.0048,20991.96
coinbase,USDTUSDC,1678877940000,2023-03-15 10:59:00,1.0048,1.0048,1.0043,1.0043,710.89
coinbase,USDTUSDC,1678878060000,2023-03-15 11:01:00,1.0047,1.0047,1.0047,1.0047,40474.33
coinbase,USDTUSDC,1678878240000,2023-03-15 11:04:00,1.0047,1.0047,1.0047,1.0047,20833.02
coinbase,USDTUSDC,1678878300000,2023-03-15 11:05:00,1.0047,1.0047,1.0047,1.0047,37960.57
coinbase,USDTUSDC,1678878360000,2023-03-15 11:06:00,1.0047,1.0047,1.0047,1.0047,2597.79
coinbase,USDTUSDC,1678878420000,2023-03-15 11:07:00,1.0047,1.0047,1.0047,1.0047,52115.69
coinbase,USDTUSDC,1678878480000,2023-03-15 11:08:00,1.0047,1.0048,1.0047,1.0047,12965.58
coinbase,USDTUSDC,1678878540000,2023-03-15 11:09:00,1.0047,1.0047,1.0047,1.0047,37741.14
coinbase,USDTUSDC,1678878660000,2023-03-15 11:11:00,1.0047,1.0047,1.0047,1.0047,6100.32
coinbase,USDTUSDC,1678878900000,2023-03-15 11:15:00,1.0047,1.0047,1.0047,1.0047,25408.77
coinbase,USDTUSDC,1678879020000,2023-03-15 11:17:00,1.0049,1.0049,1.0047,1.0049,16741.65
coinbase,USDTUSDC,1678879080000,2023-03-15 11:18:00,1.0049,1.005,1.0047,1.0049,61356.09
coinbase,USDTUSDC,1678879140000,2023-03-15 11:19:00,1.0048,1.005,1.0045,1.0049,104434.67
coinbase,USDTUSDC,1678879200000,2023-03-15 11:20:00,1.005,1.0051,1.0049,1.0051,44939.3
coinbase,USDTUSDC,1678879260000,2023-03-15 11:21:00,1.0051,1.0052,1.0049,1.0051,202332.75
coinbase,USDTUSDC,1678879320000,2023-03-15 11:22:00,1.0053,1.0053,1.0051,1.0053,2689.98
coinbase,USDTUSDC,1678879380000,2023-03-15 11:23:00,1.0054,1.0054,1.0054,1.0054,14.12
coinbase,USDTUSDC,1678879440000,2023-03-15 11:24:00,1.0053,1.0053,1.0053,1.0053,5874.22
coinbase,USDTUSDC,1678879620000,2023-03-15 11:27:00,1.0053,1.0053,1.0053,1.0053,2976.58
coinbase,USDTUSDC,1678879680000,2023-03-15 11:28:00,1.0053,1.0053,1.0053,1.0053,5125.4
coinbase,USDTUSDC,1678879740000,2023-03-15 11:29:00,1.0053,1.0054,1.0053,1.0053,29604.64
coinbase,USDTUSDC,1678879860000,2023-03-15 11:31:00,1.0053,1.0053,1.0051,1.0051,58858.84
coinbase,USDTUSDC,1678879920000,2023-03-15 11:32:00,1.0051,1.0052,1.0051,1.0052,20624.28
coinbase,USDTUSDC,1678879980000,2023-03-15 11:33:00,1.0051,1.0052,1.0051,1.0052,21531.27
coinbase,USDTUSDC,1678880040000,2023-03-15 11:34:00,1.0051,1.0051,1.0048,1.0049,19259.37
coinbase,USDTUSDC,1678880160000,2023-03-15 11:36:00,1.0049,1.005,1.0048,1.005,43551.4
coinbase,USDTUSDC,1678880280000,2023-03-15 11:38:00,1.005,1.005,1.0048,1.0048,1509.9
coinbase,USDTUSDC,1678880340000,2023-03-15 11:39:00,1.0048,1.0048,1.0047,1.0047,70597.79
coinbase,USDTUSDC,1678880580000,2023-03-15 11:43:00,1.0047,1.0049,1.0047,1.0049,24432.72
coinbase,USDTUSDC,1678880880000,2023-03-15 11:48:00,1.0047,1.0049,1.0047,1.0048,20600.09
coinbase,USDTUSDC,1678881240000,2023-03-15 11:54:00,1.0049,1.0049,1.0049,1.0049,2603.62
coinbase,USDTUSDC,1678881300000,2023-03-15 11:55:00,1.0049,1.0049,1.0049,1.0049,1316.3
coinbase,USDTUSDC,1678881360000,2023-03-15 11:56:00,1.0049,1.0049,1.0047,1.0049,1510.08
coinbase,USDTUSDC,1678881660000,2023-03-15 12:01:00,1.0049,1.0049,1.0049,1.0049,7648.22
coinbase,USDTUSDC,1678881720000,2023-03-15 12:02:00,1.0049,1.005,1.0049,1.005,3208.7
coinbase,USDTUSDC,1678881900000,2023-03-15 12:05:00,1.0048,1.0048,1.0048,1.0048,1595.49
coinbase,USDTUSDC,1678881960000,2023-03-15 12:06:00,1.0048,1.0051,1.0047,1.0048,1315.06
coinbase,USDTUSDC,1678882020000,2023-03-15 12:07:00,1.0049,1.0049,1.0049,1.0049,3577.14
coinbase,USDTUSDC,1678882080000,2023-03-15 12:08:00,1.0049,1.005,1.0049,1.005,26669.58
coinbase,USDTUSDC,1678882200000,2023-03-15 12:10:00,1.005,1.005,1.005,1.005,1549.32
coinbase,USDTUSDC,1678882380000,2023-03-15 12:13:00,1.005,1.005,1.0048,1.005,6179.35
coinbase,USDTUSDC,1678882440000,2023-03-15 12:14:00,1.005,1.0051,1.0049,1.005,18603.39
coinbase,USDTUSDC,1678882680000,2023-03-15 12:18:00,1.0049,1.005,1.0049,1.005,1195.22
coinbase,USDTUSDC,1678882740000,2023-03-15 12:19:00,1.005,1.0052,1.005,1.0052,1775.1
coinbase,USDTUSDC,1678882920000,2023-03-15 12:22:00,1.0053,1.0055,1.0053,1.0055,3191.13
coinbase,USDTUSDC,1678882980000,2023-03-15 12:23:00,1.0056,1.0056,1.0051,1.0056,67.82
coinbase,USDTUSDC,1678883280000,2023-03-15 12:28:00,1.0055,1.0055,1.0055,1.0055,6016.84
coinbase,USDTUSDC,1678883340000,2023-03-15 12:29:00,1.0051,1.0051,1.0048,1.0048,1040.8
coinbase,USDTUSDC,1678883460000,2023-03-15 12:31:00,1.005,1.005,1.005,1.005,4.46
coinbase,USDTUSDC,1678883640000,2023-03-15 12:34:00,1.0054,1.0054,1.0054,1.0054,15.31
coinbase,USDTUSDC,1678883820000,2023-03-15 12:37:00,1.0055,1.0058,1.0051,1.0051,1150.8
coinbase,USDTUSDC,1678884240000,2023-03-15 12:44:00,1.0058,1.0059,1.0051,1.0051,497.32
coinbase,USDTUSDC,1678884900000,2023-03-15 12:55:00,1.0056,1.0056,1.0055,1.0056,1840.42
coinbase,USDTUSDC,1678885200000,2023-03-15 13:00:00,1.0055,1.0057,1.0055,1.0057,604.61
coinbase,USDTUSDC,1678849200000,2023-03-15 03:00:00,1.0044,1.0045,1.0043,1.0045,15653.02
coinbase,USDTUSDC,1678849620000,2023-03-15 03:07:00,1.0044,1.0047,1.0044,1.0047,463.31
coinbase,USDTUSDC,1678849980000,2023-03-15 03:13:00,1.0047,1.0047,1.0045,1.0045,2358.25
coinbase,USDTUSDC,1678850460000,2023-03-15 03:21:00,1.0044,1.0044,1.0044,1.0044,2.82
coinbase,USDTUSDC,1678850580000,2023-03-15 03:23:00,1.0044,1.0046,1.0044,1.0046,121.84
coinbase,USDTUSDC,1678851060000,2023-03-15 03:31:00,1.0048,1.0048,1.0047,1.0048,8.67
coinbase,USDTUSDC,1678851360000,2023-03-15 03:36:00,1.0048,1.0049,1.0048,1.0049,232.67
coinbase,USDTUSDC,1678852380000,2023-03-15 03:53:00,1.0049,1.005,1.0049,1.005,2109.65
coinbase,USDTUSDC,1678852440000,2023-03-15 03:54:00,1.0049,1.0049,1.0047,1.0047,2400
coinbase,USDTUSDC,1678852500000,2023-03-15 03:55:00,1.0046,1.0047,1.0045,1.0045,3702.43
coinbase,USDTUSDC,1678852800000,2023-03-15 04:00:00,1.005,1.005,1.0045,1.0045,1440.2
coinbase,USDTUSDC,1678852860000,2023-03-15 04:01:00,1.0045,1.0045,1.0044,1.0044,1900.45
coinbase,USDTUSDC,1678852920000,2023-03-15 04:02:00,1.0044,1.0044,1.0044,1.0044,4203.69
coinbase,USDTUSDC,1678852980000,2023-03-15 04:03:00,1.0044,1.0047,1.0044,1.0047,14034.59
coinbase,USDTUSDC,1678853460000,2023-03-15 04:11:00,1.0046,1.0049,1.0046,1.0049,971.88
coinbase,USDTUSDC,1678854120000,2023-03-15 04:22:00,1.0046,1.0055,1.0046,1.0055,520.71
coinbase,USDTUSDC,1678854660000,2023-03-15 04:31:00,1.0049,1.0049,1.0049,1.0049,67.3
coinbase,USDTUSDC,1678854720000,2023-03-15 04:32:00,1.0049,1.0049,1.0046,1.0046,14100.87
coinbase,USDTUSDC,1678854780000,2023-03-15 04:33:00,1.0044,1.0044,1.0041,1.0041,314.08
coinbase,USDTUSDC,1678854900000,2023-03-15 04:35:00,1.0048,1.0048,1.0048,1.0048,519.45
coinbase,USDTUSDC,1678854960000,2023-03-15 04:36:00,1.0048,1.0051,1.0048,1.0048,544.33
coinbase,USDTUSDC,1678855320000,2023-03-15 04:42:00,1.0046,1.0057,1.0046,1.0046,6219.35
coinbase,USDTUSDC,1678855500000,2023-03-15 04:45:00,1.0047,1.0047,1.0047,1.0047,438.23
coinbase,USDTUSDC,1678855740000,2023-03-15 04:49:00,1.0052,1.0055,1.0052,1.0055,1038.7
coinbase,USDTUSDC,1678856100000,2023-03-15 04:55:00,1.0048,1.0049,1.0047,1.0047,2278.74
coinbase,USDTUSDC,1678856460000,2023-03-15 05:01:00,1.0055,1.0055,1.0051,1.0051,11272.05
coinbase,USDTUSDC,1678856880000,2023-03-15 05:08:00,1.0053,1.0053,1.0053,1.0053,3114.79
coinbase,USDTUSDC,1678857000000,2023-03-15 05:10:00,1.0054,1.0056,1.0054,1.0056,3111.77
coinbase,USDTUSDC,1678857060000,2023-03-15 05:11:00,1.0056,1.0056,1.0056,1.0056,3105.35
coinbase,USDTUSDC,1678857180000,2023-03-15 05:13:00,1.0056,1.0056,1.0055,1.0055,4315.17
coinbase,USDTUSDC,1678857300000,2023-03-15 05:15:00,1.0055,1.0055,1.0053,1.0053,2073.21
coinbase,USDTUSDC,1678857540000,2023-03-15 05:19:00,1.0053,1.0057,1.0048,1.0048,12208.12
coinbase,USDTUSDC,1678857660000,2023-03-15 05:21:00,1.0049,1.0049,1.0049,1.0049,9.47
coinbase,USDTUSDC,1678857840000,2023-03-15 05:24:00,1.005,1.0053,1.005,1.0053,1919.91
coinbase,USDTUSDC,1678857960000,2023-03-15 05:26:00,1.0052,1.0054,1.005,1.0053,1560.05
coinbase,USDTUSDC,1678858020000,2023-03-15 05:27:00,1.0052,1.0053,1.0052,1.0053,1038.1
coinbase,USDTUSDC,1678858080000,2023-03-15 05:28:00,1.0053,1.0054,1.0053,1.0054,1038.05
coinbase,USDTUSDC,1678858200000,2023-03-15 05:30:00,1.0054,1.0054,1.0054,1.0054,2519.38
coinbase,USDTUSDC,1678858260000,2023-03-15 05:31:00,1.0054,1.0054,1.005,1.005,1555.99
coinbase,USDTUSDC,1678858380000,2023-03-15 05:33:00,1.0054,1.0054,1.005,1.0051,1613.42
coinbase,USDTUSDC,1678858500000,2023-03-15 05:35:00,1.0052,1.0059,1.0051,1.0051,982.84
coinbase,USDTUSDC,1678858560000,2023-03-15 05:36:00,1.0051,1.0054,1.005,1.0054,1505.61
coinbase,USDTUSDC,1678858740000,2023-03-15 05:39:00,1.0053,1.0054,1.0051,1.0054,2576.54
coinbase,USDTUSDC,1678858920000,2023-03-15 05:42:00,1.0054,1.0054,1.0054,1.0054,519.09
coinbase,USDTUSDC,1678859040000,2023-03-15 05:44:00,1.0054,1.0056,1.0054,1.0056,980.42
coinbase,USDTUSDC,1678859100000,2023-03-15 05:45:00,1.0056,1.0056,1.0054,1.0054,1038.17
coinbase,USDTUSDC,1678859160000,2023-03-15 05:46:00,1.0054,1.0054,1.0054,1.0054,519.19
coinbase,USDTUSDC,1678859220000,2023-03-15 05:47:00,1.0054,1.0054,1.0054,1.0054,1499.61
coinbase,USDTUSDC,1678859520000,2023-03-15 05:52:00,1.0054,1.0054,1.0054,1.0054,16.97
coinbase,USDTUSDC,1678860000000,2023-03-15 06:00:00,1.0054,1.0056,1.0054,1.0054,828.1
coinbase,USDTUSDC,1678860060000,2023-03-15 06:01:00,1.0054,1.0054,1.0054,1.0054,1038.38
coinbase,USDTUSDC,1678860120000,2023-03-15 06:02:00,1.0054,1.0054,1.0054,1.0054,1038.38
coinbase,USDTUSDC,1678860300000,2023-03-15 06:05:00,1.0054,1.0054,1.0053,1.0053,1567.3
coinbase,USDTUSDC,1678860360000,2023-03-15 06:06:00,1.0054,1.0054,1.0054,1.0054,521.74
coinbase,USDTUSDC,1678860480000,2023-03-15 06:08:00,1.0054,1.0054,1.0054,1.0054,2595.75
coinbase,USDTUSDC,1678860540000,2023-03-15 06:09:00,1.0054,1.0054,1.0053,1.0054,4037.59
coinbase,USDTUSDC,1678860600000,2023-03-15 06:10:00,1.0054,1.0054,1.0054,1.0054,1037.98
coinbase,USDTUSDC,1678860660000,2023-03-15 06:11:00,1.0054,1.0054,1.0054,1.0054,2075.97
coinbase,USDTUSDC,1678860720000,2023-03-15 06:12:00,1.0054,1.0054,1.0054,1.0054,1556.93
coinbase,USDTUSDC,1678860780000,2023-03-15 06:13:00,1.0052,1.0054,1.0052,1.0054,2052.81
coinbase,USDTUSDC,1678860840000,2023-03-15 06:14:00,1.0054,1.0054,1.005,1.0053,2456.46
coinbase,USDTUSDC,1678860900000,2023-03-15 06:15:00,1.0053,1.0053,1.0053,1.0053,4152.47
coinbase,USDTUSDC,1678860960000,2023-03-15 06:16:00,1.0053,1.0053,1.0053,1.0053,2596.2
coinbase,USDTUSDC,1678861020000,2023-03-15 06:17:00,1.0053,1.0054,1.0053,1.0053,2537.86
coinbase,USDTUSDC,1678861080000,2023-03-15 06:18:00,1.0053,1.0053,1.0053,1.0053,2076.96
coinbase,USDTUSDC,1678861140000,2023-03-15 06:19:00,1.0053,1.0054,1.0052,1.0054,3115.39
coinbase,USDTUSDC,1678861260000,2023-03-15 06:21:00,1.0053,1.0054,1.0053,1.0054,522.63
coinbase,USDTUSDC,1678861320000,2023-03-15 06:22:00,1.0054,1.0054,1.0053,1.0053,2095.36
coinbase,USDTUSDC,1678861380000,2023-03-15 06:23:00,1.0053,1.0053,1.0053,1.0053,2980.98
coinbase,USDTUSDC,1678861440000,2023-03-15 06:24:00,1.0053,1.0055,1.0051,1.0055,339867.55
coinbase,USDTUSDC,1678861500000,2023-03-15 06:25:00,1.0055,1.0055,1.005,1.005,61191.26
coinbase,USDTUSDC,1678861740000,2023-03-15 06:29:00,1.0052,1.0053,1.0051,1.0052,3636.48
coinbase,USDTUSDC,1678862040000,2023-03-15 06:34:00,1.0052,1.0052,1.0052,1.0052,200002.05
coinbase,USDTUSDC,1678862400000,2023-03-15 06:40:00,1.0052,1.0054,1.0052,1.0054,131113.81
coinbase,USDTUSDC,1678862460000,2023-03-15 06:41:00,1.0054,1.006,1.0052,1.0053,119724.72
coinbase,USDTUSDC,1678862520000,2023-03-15 06:42:00,1.0051,1.0054,1.0051,1.0054,341250.81
coinbase,USDTUSDC,1678862580000,2023-03-15 06:43:00,1.0054,1.0055,1.0053,1.0054,155611.53
coinbase,USDTUSDC,1678862640000,2023-03-15 06:44:00,1.0054,1.0054,1.0054,1.0054,82814.9
coinbase,USDTUSDC,1678862700000,2023-03-15 06:45:00,1.0054,1.0054,1.0054,1.0054,10627.45
coinbase,USDTUSDC,1678862820000,2023-03-15 06:47:00,1.0054,1.0054,1.0054,1.0054,5548.77
coinbase,USDTUSDC,1678863000000,2023-03-15 06:50:00,1.0054,1.0055,1.0054,1.0055,380439.26
coinbase,USDTUSDC,1678863180000,2023-03-15 06:53:00,1.0054,1.0055,1.0054,1.0055,52239.19
coinbase,USDTUSDC,1678863240000,2023-03-15 06:54:00,1.0056,1.0056,1.0054,1.0056,295403.6
coinbase,USDTUSDC,1678863420000,2023-03-15 06:57:00,1.0056,1.0056,1.0049,1.0056,157258.62
coinbase,USDTUSDC,1678863780000,2023-03-15 07:03:00,1.0056,1.0056,1.0055,1.0055,4679.68
coinbase,USDTUSDC,1678863960000,2023-03-15 07:06:00,1.0055,1.0056,1.0055,1.0056,7443.01
coinbase,USDTUSDC,1678864020000,2023-03-15 07:07:00,1.0056,1.0056,1.0054,1.0056,10024.28
coinbase,USDTUSDC,1678864080000,2023-03-15 07:08:00,1.0056,1.0056,1.0053,1.0056,2311.77
coinbase,USDTUSDC,1678864140000,2023-03-15 07:09:00,1.0055,1.0056,1.0055,1.0055,119.31
coinbase,USDTUSDC,1678864380000,2023-03-15 07:13:00,1.0054,1.0056,1.0054,1.0054,426.44
coinbase,USDTUSDC,1678864500000,2023-03-15 07:15:00,1.0055,1.0055,1.0052,1.0054,1429.64
coinbase,USDTUSDC,1678864560000,2023-03-15 07:16:00,1.0051,1.0052,1.0049,1.0049,7154.64
coinbase,USDTUSDC,1678864680000,2023-03-15 07:18:00,1.0051,1.0051,1.005,1.0051,14482.09
coinbase,USDTUSDC,1678864740000,2023-03-15 07:19:00,1.0051,1.0051,1.0048,1.005,229823.11
coinbase,USDTUSDC,1678864860000,2023-03-15 07:21:00,1.005,1.005,1.0048,1.0048,100001.67
coinbase,USDTUSDC,1678864920000,2023-03-15 07:22:00,1.005,1.005,1.005,1.005,3.98
coinbase,USDTUSDC,1678864980000,2023-03-15 07:23:00,1.0049,1.005,1.0049,1.005,400001.29
coinbase,USDTUSDC,1678865040000,2023-03-15 07:24:00,1.005,1.0051,1.005,1.0051,101000
coinbase,USDTUSDC,1678865460000,2023-03-15 07:31:00,1.005,1.005,1.005,1.005,1506.51
coinbase,USDTUSDC,1678865520000,2023-03-15 07:32:00,1.005,1.0053,1.005,1.005,457.91
coinbase,USDTUSDC,1678865700000,2023-03-15 07:35:00,1.0051,1.0051,1.005,1.005,4943.61
coinbase,USDTUSDC,1678865760000,2023-03-15 07:36:00,1.005,1.005,1.005,1.005,2593.75
coinbase,USDTUSDC,1678865880000,2023-03-15 07:38:00,1.005,1.0051,1.005,1.005,206126.84
coinbase,USDTUSDC,1678865940000,2023-03-15 07:39:00,1.005,1.005,1.005,1.005,13960.62
coinbase,USDTUSDC,1678866000000,2023-03-15 07:40:00,1.0052,1.0052,1.005,1.0051,168815.17
coinbase,USDTUSDC,1678866060000,2023-03-15 07:41:00,1.005,1.005,1.005,1.005,4307
coinbase,USDTUSDC,1678866240000,2023-03-15 07:44:00,1.005,1.0053,1.005,1.005,4554.53
coinbase,USDTUSDC,1678866300000,2023-03-15 07:45:00,1.005,1.0051,1.005,1.0051,201996.87
coinbase,USDTUSDC,1678866360000,2023-03-15 07:46:00,1.0052,1.0052,1.0051,1.0051,1545.83
coinbase,USDTUSDC,1678866420000,2023-03-15 07:47:00,1.0051,1.0052,1.0051,1.0051,4935.74
coinbase,USDTUSDC,1678866480000,2023-03-15 07:48:00,1.005,1.0051,1.005,1.005,7615.34
coinbase,USDTUSDC,1678866600000,2023-03-15 07:50:00,1.005,1.005,1.005,1.005,4620.62
coinbase,USDTUSDC,1678866720000,2023-03-15 07:52:00,1.0051,1.0053,1.005,1.0052,206525.52
coinbase,USDTUSDC,1678866780000,2023-03-15 07:53:00,1.0051,1.0051,1.0051,1.0051,878.64
coinbase,USDTUSDC,1678866840000,2023-03-15 07:54:00,1.0051,1.0051,1.005,1.005,1744.71
coinbase,USDTUSDC,1678866900000,2023-03-15 07:55:00,1.005,1.005,1.005,1.005,1915.03
coinbase,USDTUSDC,1678867080000,2023-03-15 07:58:00,1.0055,1.0055,1.005,1.005,1390.25
coinbase,USDTUSDC,1678867140000,2023-03-15 07:59:00,1.005,1.0055,1.005,1.0051,63800.08
coinbase,USDTUSDC,1678867200000,2023-03-15 08:00:00,1.0051,1.0051,1.005,1.005,138637.36
coinbase,USDTUSDC,1678831200000,2023-03-14 22:00:00,1.0041,1.0044,1.0041,1.0044,1990.64
coinbase,USDTUSDC,1678831440000,2023-03-14 22:04:00,1.0042,1.0044,1.0042,1.0044,7400.3
coinbase,USDTUSDC,1678831800000,2023-03-14 22:10:00,1.0043,1.0044,1.0042,1.0043,51718.58
coinbase,USDTUSDC,1678831860000,2023-03-14 22:11:00,1.0041,1.0041,1.0041,1.0041,164.24
coinbase,USDTUSDC,1678831980000,2023-03-14 22:13:00,1.0043,1.0044,1.004,1.0044,1258.46
coinbase,USDTUSDC,1678832040000,2023-03-14 22:14:00,1.004,1.004,1.004,1.004,52.07
coinbase,USDTUSDC,1678832100000,2023-03-14 22:15:00,1.0039,1.0041,1.0039,1.0041,34.1
coinbase,USDTUSDC,1678832280000,2023-03-14 22:18:00,1.0041,1.0042,1.004,1.004,122823.92
coinbase,USDTUSDC,1678832340000,2023-03-14 22:19:00,1.0042,1.0042,1.0042,1.0042,400299.33
coinbase,USDTUSDC,1678832400000,2023-03-14 22:20:00,1.0042,1.0042,1.0042,1.0042,697904.39
coinbase,USDTUSDC,1678832460000,2023-03-14 22:21:00,1.0042,1.0042,1.0042,1.0042,736158.78
coinbase,USDTUSDC,1678832520000,2023-03-14 22:22:00,1.0042,1.0042,1.0038,1.004,32019.46
coinbase,USDTUSDC,1678832640000,2023-03-14 22:24:00,1.0039,1.0041,1.0039,1.004,5773.67
coinbase,USDTUSDC,1678832700000,2023-03-14 22:25:00,1.0039,1.0042,1.0038,1.0042,1430.72
coinbase,USDTUSDC,1678832940000,2023-03-14 22:29:00,1.0039,1.0042,1.0039,1.0042,142.9
coinbase,USDTUSDC,1678833180000,2023-03-14 22:33:00,1.004,1.0041,1.004,1.0041,180.79
coinbase,USDTUSDC,1678833420000,2023-03-14 22:37:00,1.0041,1.0044,1.0041,1.0044,7027.71
coinbase,USDTUSDC,1678833660000,2023-03-14 22:41:00,1.0043,1.0043,1.0039,1.0039,9505.6
coinbase,USDTUSDC,1678833720000,2023-03-14 22:42:00,1.0038,1.004,1.0038,1.0038,1217.52
coinbase,USDTUSDC,1678833780000,2023-03-14 22:43:00,1.0038,1.0039,1.0038,1.0039,4700.3
coinbase,USDTUSDC,1678833900000,2023-03-14 22:45:00,1.0039,1.0039,1.0038,1.0038,1250.58
coinbase,USDTUSDC,1678834260000,2023-03-14 22:51:00,1.0039,1.004,1.0039,1.004,273.48
coinbase,USDTUSDC,1678834380000,2023-03-14 22:53:00,1.004,1.004,1.004,1.004,95.22
coinbase,USDTUSDC,1678834800000,2023-03-14 23:00:00,1.004,1.004,1.0037,1.0038,585.64
coinbase,USDTUSDC,1678835220000,2023-03-14 23:07:00,1.004,1.0042,1.0037,1.0037,29.58
coinbase,USDTUSDC,1678836120000,2023-03-14 23:22:00,1.0039,1.0041,1.0039,1.0039,2114.11
coinbase,USDTUSDC,1678836240000,2023-03-14 23:24:00,1.0042,1.0043,1.0038,1.0038,11734.92
coinbase,USDTUSDC,1678836360000,2023-03-14 23:26:00,1.0039,1.0041,1.0036,1.0041,7310.18
coinbase,USDTUSDC,1678836420000,2023-03-14 23:27:00,1.0037,1.0037,1.0036,1.0036,7368.95
coinbase,USDTUSDC,1678836600000,2023-03-14 23:30:00,1.0036,1.0038,1.0036,1.0038,233.64
coinbase,USDTUSDC,1678836840000,2023-03-14 23:34:00,1.0038,1.0041,1.0038,1.0041,793.82
coinbase,USDTUSDC,1678836960000,2023-03-14 23:36:00,1.0039,1.0039,1.0039,1.0039,1039.94
coinbase,USDTUSDC,1678837080000,2023-03-14 23:38:00,1.0037,1.0037,1.0036,1.0037,676.67
coinbase,USDTUSDC,1678837260000,2023-03-14 23:41:00,1.0037,1.0037,1.0035,1.0035,1072.55
coinbase,USDTUSDC,1678837620000,2023-03-14 23:47:00,1.0038,1.0038,1.0038,1.0038,1040.04
coinbase,USDTUSDC,1678837680000,2023-03-14 23:48:00,1.0038,1.004,1.0038,1.004,1039.84
coinbase,USDTUSDC,1678837740000,2023-03-14 23:49:00,1.004,1.004,1.0038,1.0038,1039.72
coinbase,USDTUSDC,1678837860000,2023-03-14 23:51:00,1.0038,1.0038,1.0038,1.0038,1507.59
coinbase,USDTUSDC,1678838040000,2023-03-14 23:54:00,1.0038,1.0038,1.0038,1.0038,1040.04
coinbase,USDTUSDC,1678838100000,2023-03-14 23:55:00,1.0038,1.0038,1.0038,1.0038,1488.52
coinbase,USDTUSDC,1678838160000,2023-03-14 23:56:00,1.0038,1.0038,1.0038,1.0038,982.1
coinbase,USDTUSDC,1678838280000,2023-03-14 23:58:00,1.0038,1.0039,1.0038,1.0039,2603.87
coinbase,USDTUSDC,1678838460000,2023-03-15 00:01:00,1.0039,1.0039,1.0039,1.0039,2120.25
coinbase,USDTUSDC,1678838700000,2023-03-15 00:05:00,1.0038,1.0039,1.0038,1.0039,5370.4
coinbase,USDTUSDC,1678839000000,2023-03-15 00:10:00,1.0037,1.0038,1.0037,1.0038,3.42
coinbase,USDTUSDC,1678839120000,2023-03-15 00:12:00,1.0038,1.004,1.0038,1.0038,2582.53
coinbase,USDTUSDC,1678839180000,2023-03-15 00:13:00,1.0038,1.0038,1.0038,1.0038,915.95
coinbase,USDTUSDC,1678839300000,2023-03-15 00:15:00,1.0038,1.0038,1.0037,1.0037,1186.66
coinbase,USDTUSDC,1678839480000,2023-03-15 00:18:00,1.0036,1.0036,1.0036,1.0036,155.02
coinbase,USDTUSDC,1678839540000,2023-03-15 00:19:00,1.0036,1.0036,1.0036,1.0036,148.57
coinbase,USDTUSDC,1678839900000,2023-03-15 00:25:00,1.004,1.004,1.004,1.004,47.25
coinbase,USDTUSDC,1678840140000,2023-03-15 00:29:00,1.004,1.004,1.0035,1.0035,10002.66
coinbase,USDTUSDC,1678840320000,2023-03-15 00:32:00,1.0036,1.004,1.0035,1.004,559.67
coinbase,USDTUSDC,1678841580000,2023-03-15 00:53:00,1.0038,1.0038,1.0035,1.0035,1058.7
coinbase,USDTUSDC,1678841760000,2023-03-15 00:56:00,1.0039,1.004,1.0035,1.0035,10526.42
coinbase,USDTUSDC,1678842180000,2023-03-15 01:03:00,1.0035,1.0039,1.0035,1.0039,225.52
coinbase,USDTUSDC,1678842240000,2023-03-15 01:04:00,1.0035,1.0035,1.0035,1.0035,43.12
coinbase,USDTUSDC,1678842420000,2023-03-15 01:07:00,1.0036,1.0036,1.0035,1.0035,19900.89
coinbase,USDTUSDC,1678842780000,2023-03-15 01:13:00,1.0035,1.0035,1.0034,1.0035,3006.3
coinbase,USDTUSDC,1678843080000,2023-03-15 01:18:00,1.0034,1.0035,1.0034,1.0035,1409.84
coinbase,USDTUSDC,1678843200000,2023-03-15 01:20:00,1.0035,1.0035,1.0035,1.0035,1040.12
coinbase,USDTUSDC,1678843260000,2023-03-15 01:21:00,1.0034,1.0034,1.0034,1.0034,13.98
coinbase,USDTUSDC,1678843440000,2023-03-15 01:24:00,1.0034,1.0034,1.0034,1.0034,4.53
coinbase,USDTUSDC,1678843500000,2023-03-15 01:25:00,1.0034,1.0034,1.0034,1.0034,5.1
coinbase,USDTUSDC,1678843560000,2023-03-15 01:26:00,1.0035,1.0035,1.0035,1.0035,445.69
coinbase,USDTUSDC,1678843620000,2023-03-15 01:27:00,1.0035,1.0035,1.0034,1.0034,1047.2
coinbase,USDTUSDC,1678843800000,2023-03-15 01:30:00,1.0035,1.0035,1.0034,1.0034,602.25
coinbase,USDTUSDC,1678843980000,2023-03-15 01:33:00,1.0038,1.0038,1.0034,1.0034,186.61
coinbase,USDTUSDC,1678844400000,2023-03-15 01:40:00,1.0037,1.0039,1.0037,1.0039,1078.24
coinbase,USDTUSDC,1678845660000,2023-03-15 02:01:00,1.0034,1.0034,1.0034,1.0034,3788.33
coinbase,USDTUSDC,1678846140000,2023-03-15 02:09:00,1.0035,1.0035,1.0034,1.0034,201.87
coinbase,USDTUSDC,1678846680000,2023-03-15 02:18:00,1.0037,1.0041,1.0037,1.0041,2737.21
coinbase,USDTUSDC,1678846740000,2023-03-15 02:19:00,1.0036,1.0036,1.0036,1.0036,13.84
coinbase,USDTUSDC,1678846860000,2023-03-15 02:21:00,1.0038,1.0038,1.0037,1.0037,3122.87
coinbase,USDTUSDC,1678846920000,2023-03-15 02:22:00,1.0038,1.0038,1.0038,1.0038,2
coinbase,USDTUSDC,1678846980000,2023-03-15 02:23:00,1.0038,1.004,1.0038,1.004,5725.49
coinbase,USDTUSDC,1678847040000,2023-03-15 02:24:00,1.0037,1.004,1.0037,1.0038,9365.44
coinbase,USDTUSDC,1678847100000,2023-03-15 02:25:00,1.0038,1.0038,1.0037,1.0037,3712.73
coinbase,USDTUSDC,1678847160000,2023-03-15 02:26:00,1.0038,1.0038,1.0037,1.0037,2075.53
coinbase,USDTUSDC,1678847220000,2023-03-15 02:27:00,1.0037,1.0037,1.0037,1.0037,1150.11
coinbase,USDTUSDC,1678847280000,2023-03-15 02:28:00,1.0037,1.0039,1.0037,1.0038,3713.48
coinbase,USDTUSDC,1678847340000,2023-03-15 02:29:00,1.0038,1.0038,1.0038,1.0038,4160.06
coinbase,USDTUSDC,1678847460000,2023-03-15 02:31:00,1.0038,1.0038,1.0037,1.0037,1489.44
coinbase,USDTUSDC,1678847700000,2023-03-15 02:35:00,1.0037,1.0039,1.0037,1.0039,1040.13
coinbase,USDTUSDC,1678847760000,2023-03-15 02:36:00,1.0038,1.0038,1.0038,1.0038,1075.26
coinbase,USDTUSDC,1678847880000,2023-03-15 02:38:00,1.0037,1.0038,1.0037,1.0038,1606.73
coinbase,USDTUSDC,1678848000000,2023-03-15 02:40:00,1.0037,1.0038,1.0037,1.0038,1416.8
coinbase,USDTUSDC,1678848060000,2023-03-15 02:41:00,1.0038,1.004,1.0038,1.0038,5206.56
coinbase,USDTUSDC,1678848120000,2023-03-15 02:42:00,1.0038,1.0039,1.0038,1.0039,3119.93
coinbase,USDTUSDC,1678848180000,2023-03-15 02:43:00,1.0039,1.004,1.0039,1.004,1039.83
coinbase,USDTUSDC,1678848240000,2023-03-15 02:44:00,1.0039,1.004,1.0039,1.0039,1988.46
coinbase,USDTUSDC,1678848420000,2023-03-15 02:47:00,1.004,1.004,1.004,1.004,1067.48
coinbase,USDTUSDC,1678848600000,2023-03-15 02:50:00,1.004,1.004,1.004,1.004,1501.7
coinbase,USDTUSDC,1678848660000,2023-03-15 02:51:00,1.0038,1.0038,1.0038,1.0038,3119.72
coinbase,USDTUSDC,1678848840000,2023-03-15 02:54:00,1.0038,1.0039,1.0038,1.0038,3079.87
coinbase,USDTUSDC,1678848900000,2023-03-15 02:55:00,1.0039,1.004,1.0039,1.004,6295.68
coinbase,USDTUSDC,1678849140000,2023-03-15 02:59:00,1.004,1.0044,1.004,1.0044,45825.95
coinbase,USDTUSDC,1678849200000,2023-03-15 03:00:00,1.0044,1.0045,1.0043,1.0045,15653.02
coinbase,USDTUSDC,1678813200000,2023-03-14 17:00:00,1.0043,1.0049,1.0043,1.0049,560.56
coinbase,USDTUSDC,1678813440000,2023-03-14 17:04:00,1.0045,1.0045,1.0038,1.0038,3118.44
coinbase,USDTUSDC,1678813680000,2023-03-14 17:08:00,1.0045,1.0045,1.0044,1.0044,295.48
coinbase,USDTUSDC,1678813740000,2023-03-14 17:09:00,1.0044,1.0045,1.0042,1.0042,3181.1
coinbase,USDTUSDC,1678813800000,2023-03-14 17:10:00,1.0041,1.0044,1.0039,1.0041,454.55
coinbase,USDTUSDC,1678813860000,2023-03-14 17:11:00,1.0045,1.0045,1.004,1.0044,7797.09
coinbase,USDTUSDC,1678813920000,2023-03-14 17:12:00,1.0044,1.0044,1.0042,1.0043,15137
coinbase,USDTUSDC,1678813980000,2023-03-14 17:13:00,1.0042,1.0043,1.0042,1.0042,9413.67
coinbase,USDTUSDC,1678814040000,2023-03-14 17:14:00,1.0042,1.0042,1.0041,1.0041,1258.45
coinbase,USDTUSDC,1678814100000,2023-03-14 17:15:00,1.0041,1.0041,1.004,1.004,4162.5
coinbase,USDTUSDC,1678814160000,2023-03-14 17:16:00,1.0039,1.0042,1.0035,1.0036,1492.09
coinbase,USDTUSDC,1678814220000,2023-03-14 17:17:00,1.0036,1.0036,1.0035,1.0035,19131.12
coinbase,USDTUSDC,1678814280000,2023-03-14 17:18:00,1.0035,1.0035,1.0035,1.0035,946.69
coinbase,USDTUSDC,1678814400000,2023-03-14 17:20:00,1.0035,1.0035,1.0035,1.0035,946.69
coinbase,USDTUSDC,1678814460000,2023-03-14 17:21:00,1.004,1.004,1.0035,1.0036,8341.93
coinbase,USDTUSDC,1678814520000,2023-03-14 17:22:00,1.0036,1.0036,1.0036,1.0036,38.67
coinbase,USDTUSDC,1678814580000,2023-03-14 17:23:00,1.0036,1.0036,1.0035,1.0035,2497.85
coinbase,USDTUSDC,1678814700000,2023-03-14 17:25:00,1.004,1.004,1.004,1.004,2599.6
coinbase,USDTUSDC,1678814760000,2023-03-14 17:26:00,1.0039,1.004,1.0039,1.0039,3640.77
coinbase,USDTUSDC,1678815060000,2023-03-14 17:31:00,1.0039,1.004,1.0039,1.004,1040.89
coinbase,USDTUSDC,1678815180000,2023-03-14 17:33:00,1.004,1.004,1.0038,1.0038,1565.47
coinbase,USDTUSDC,1678815480000,2023-03-14 17:38:00,1.0039,1.0039,1.0039,1.0039,2263.93
coinbase,USDTUSDC,1678815600000,2023-03-14 17:40:00,1.0039,1.004,1.0038,1.0039,2682.03
coinbase,USDTUSDC,1678815660000,2023-03-14 17:41:00,1.0038,1.0039,1.0038,1.0039,2532.72
coinbase,USDTUSDC,1678815720000,2023-03-14 17:42:00,1.0038,1.0039,1.0038,1.0039,24145.49
coinbase,USDTUSDC,1678815780000,2023-03-14 17:43:00,1.0039,1.0039,1.0038,1.0038,19803.83
coinbase,USDTUSDC,1678815840000,2023-03-14 17:44:00,1.0038,1.0038,1.0038,1.0038,3120.12
coinbase,USDTUSDC,1678815900000,2023-03-14 17:45:00,1.0038,1.0038,1.0038,1.0038,1040.04
coinbase,USDTUSDC,1678815960000,2023-03-14 17:46:00,1.0038,1.0038,1.0037,1.0038,4678.41
coinbase,USDTUSDC,1678816080000,2023-03-14 17:48:00,1.0038,1.0038,1.0037,1.0038,3061.69
coinbase,USDTUSDC,1678816140000,2023-03-14 17:49:00,1.0038,1.0038,1.0038,1.0038,2080.08
coinbase,USDTUSDC,1678816260000,2023-03-14 17:51:00,1.0037,1.0038,1.0033,1.0038,12047.09
coinbase,USDTUSDC,1678816440000,2023-03-14 17:54:00,1.0037,1.0037,1.0033,1.0033,1446.9
coinbase,USDTUSDC,1678816500000,2023-03-14 17:55:00,1.0036,1.0036,1.0036,1.0036,1043.49
coinbase,USDTUSDC,1678816740000,2023-03-14 17:59:00,1.0036,1.0036,1.0036,1.0036,1161.25
coinbase,USDTUSDC,1678816860000,2023-03-14 18:01:00,1.0034,1.0036,1.0033,1.0036,7238.17
coinbase,USDTUSDC,1678816920000,2023-03-14 18:02:00,1.0033,1.0036,1.0033,1.0036,2387.51
coinbase,USDTUSDC,1678816980000,2023-03-14 18:03:00,1.0036,1.0036,1.0033,1.0036,3035.2
coinbase,USDTUSDC,1678817040000,2023-03-14 18:04:00,1.0034,1.0036,1.0033,1.0036,4872.4
coinbase,USDTUSDC,1678817220000,2023-03-14 18:07:00,1.0038,1.0038,1.0034,1.0034,1005.75
coinbase,USDTUSDC,1678817400000,2023-03-14 18:10:00,1.0034,1.0035,1.0034,1.0035,1165.31
coinbase,USDTUSDC,1678817460000,2023-03-14 18:11:00,1.0033,1.0033,1.0033,1.0033,458.01
coinbase,USDTUSDC,1678817520000,2023-03-14 18:12:00,1.0033,1.0035,1.0033,1.0035,18211.21
coinbase,USDTUSDC,1678817580000,2023-03-14 18:13:00,1.0032,1.0032,1.0032,1.0032,2.46
coinbase,USDTUSDC,1678817700000,2023-03-14 18:15:00,1.0031,1.0036,1.0031,1.0031,2605.16
coinbase,USDTUSDC,1678817760000,2023-03-14 18:16:00,1.003,1.0031,1.0029,1.0029,16113.72
coinbase,USDTUSDC,1678817820000,2023-03-14 18:17:00,1.0029,1.003,1.0026,1.003,2172.21
coinbase,USDTUSDC,1678818060000,2023-03-14 18:21:00,1.0026,1.0031,1.0026,1.0027,7.84
coinbase,USDTUSDC,1678818360000,2023-03-14 18:26:00,1.0029,1.0031,1.0029,1.0031,201.98
coinbase,USDTUSDC,1678818540000,2023-03-14 18:29:00,1.0031,1.0031,1.0012,1.0029,30073.09
coinbase,USDTUSDC,1678818660000,2023-03-14 18:31:00,1.0029,1.0033,1.0028,1.0033,6704.68
coinbase,USDTUSDC,1678818780000,2023-03-14 18:33:00,1.0028,1.0036,1.0028,1.0036,302.52
coinbase,USDTUSDC,1678818900000,2023-03-14 18:35:00,1.0031,1.0031,1.003,1.0031,2773.69
coinbase,USDTUSDC,1678818960000,2023-03-14 18:36:00,1.0031,1.0031,1.003,1.0031,1616.62
coinbase,USDTUSDC,1678819200000,2023-03-14 18:40:00,1.0031,1.0034,1.0031,1.0034,2601.17
coinbase,USDTUSDC,1678819680000,2023-03-14 18:48:00,1.0036,1.0037,1.0034,1.0034,521.19
coinbase,USDTUSDC,1678819800000,2023-03-14 18:50:00,1.0033,1.0033,1.003,1.003,9659.96
coinbase,USDTUSDC,1678819860000,2023-03-14 18:51:00,1.003,1.003,1.0029,1.0029,5326.2
coinbase,USDTUSDC,1678819920000,2023-03-14 18:52:00,1.0037,1.0038,1.0037,1.0038,357.4
coinbase,USDTUSDC,1678819980000,2023-03-14 18:53:00,1.0037,1.0037,1.003,1.003,5869.46
coinbase,USDTUSDC,1678820160000,2023-03-14 18:56:00,1.0036,1.0036,1.003,1.003,856.22
coinbase,USDTUSDC,1678820220000,2023-03-14 18:57:00,1.003,1.0032,1.003,1.0032,1559.68
coinbase,USDTUSDC,1678820340000,2023-03-14 18:59:00,1.0032,1.0032,1.0032,1.0032,6268.06
coinbase,USDTUSDC,1678820400000,2023-03-14 19:00:00,1.0036,1.0042,1.0036,1.0042,5006.04
coinbase,USDTUSDC,1678820580000,2023-03-14 19:03:00,1.0037,1.0039,1.0037,1.0039,219.48
coinbase,USDTUSDC,1678820880000,2023-03-14 19:08:00,1.0037,1.0037,1.0037,1.0037,167.55
coinbase,USDTUSDC,1678821060000,2023-03-14 19:11:00,1.0037,1.0037,1.0035,1.0035,1.16
coinbase,USDTUSDC,1678821120000,2023-03-14 19:12:00,1.0038,1.0038,1.0034,1.0037,2087.67
coinbase,USDTUSDC,1678821180000,2023-03-14 19:13:00,1.0035,1.0039,1.0034,1.0039,1095.64
coinbase,USDTUSDC,1678821240000,2023-03-14 19:14:00,1.0035,1.0037,1.0032,1.0037,4129.67
coinbase,USDTUSDC,1678821300000,2023-03-14 19:15:00,1.0033,1.0033,1.0033,1.0033,197.42
coinbase,USDTUSDC,1678821360000,2023-03-14 19:16:00,1.0034,1.0037,1.0032,1.0037,8234.51
coinbase,USDTUSDC,1678821420000,2023-03-14 19:17:00,1.0037,1.004,1.0037,1.004,111.73
coinbase,USDTUSDC,1678821600000,2023-03-14 19:20:00,1.0038,1.0038,1.0038,1.0038,7.35
coinbase,USDTUSDC,1678821660000,2023-03-14 19:21:00,1.0036,1.0036,1.0031,1.0031,2094.39
coinbase,USDTUSDC,1678821780000,2023-03-14 19:23:00,1.0032,1.0036,1.0031,1.0036,2314.39
coinbase,USDTUSDC,1678821840000,2023-03-14 19:24:00,1.0035,1.0039,1.0033,1.0033,1989.47
coinbase,USDTUSDC,1678821900000,2023-03-14 19:25:00,1.0038,1.0038,1.0033,1.0033,1277.98
coinbase,USDTUSDC,1678822020000,2023-03-14 19:27:00,1.0033,1.0039,1.0031,1.0039,2102.94
coinbase,USDTUSDC,1678822140000,2023-03-14 19:29:00,1.0039,1.004,1.0039,1.004,17.69
coinbase,USDTUSDC,1678822500000,2023-03-14 19:35:00,1.0038,1.004,1.0038,1.004,236.74
coinbase,USDTUSDC,1678822680000,2023-03-14 19:38:00,1.004,1.0041,1.004,1.0041,1297.57
coinbase,USDTUSDC,1678822740000,2023-03-14 19:39:00,1.004,1.004,1.004,1.004,27.9
coinbase,USDTUSDC,1678822920000,2023-03-14 19:42:00,1.004,1.0047,1.0039,1.0039,1071.53
coinbase,USDTUSDC,1678822980000,2023-03-14 19:43:00,1.0039,1.0041,1.0038,1.0038,139.6
coinbase,USDTUSDC,1678823220000,2023-03-14 19:47:00,1.0039,1.0039,1.0032,1.0032,2110.76
coinbase,USDTUSDC,1678823280000,2023-03-14 19:48:00,1.0039,1.0039,1.0039,1.0039,110.82
coinbase,USDTUSDC,1678823520000,2023-03-14 19:52:00,1.0039,1.0039,1.0039,1.0039,179.12
coinbase,USDTUSDC,1678823580000,2023-03-14 19:53:00,1.0039,1.0039,1.0036,1.0036,59.31
coinbase,USDTUSDC,1678823760000,2023-03-14 19:56:00,1.0033,1.0039,1.0031,1.0039,313.15
coinbase,USDTUSDC,1678824060000,2023-03-14 20:01:00,1.0039,1.004,1.0039,1.004,59.38
coinbase,USDTUSDC,1678824120000,2023-03-14 20:02:00,1.004,1.004,1.004,1.004,22.68
coinbase,USDTUSDC,1678824360000,2023-03-14 20:06:00,1.004,1.0045,1.004,1.0041,4.16
coinbase,USDTUSDC,1678824420000,2023-03-14 20:07:00,1.0044,1.0046,1.0044,1.0046,774.08
coinbase,USDTUSDC,1678824480000,2023-03-14 20:08:00,1.0044,1.0044,1.0041,1.0041,137.8
coinbase,USDTUSDC,1678824660000,2023-03-14 20:11:00,1.0042,1.0043,1.004,1.004,7384.11
coinbase,USDTUSDC,1678824720000,2023-03-14 20:12:00,1.0039,1.0042,1.0039,1.0042,1948.62
coinbase,USDTUSDC,1678824840000,2023-03-14 20:14:00,1.0038,1.0041,1.0038,1.0041,134.49
coinbase,USDTUSDC,1678825080000,2023-03-14 20:18:00,1.0043,1.0043,1.0043,1.0043,1.98
coinbase,USDTUSDC,1678825140000,2023-03-14 20:19:00,1.0041,1.0046,1.004,1.0045,1127.35
coinbase,USDTUSDC,1678825260000,2023-03-14 20:21:00,1.0045,1.0046,1.0041,1.0041,5.06
coinbase,USDTUSDC,1678825320000,2023-03-14 20:22:00,1.0045,1.0048,1.0045,1.0048,1789.26
coinbase,USDTUSDC,1678825500000,2023-03-14 20:25:00,1.0047,1.0048,1.0041,1.0041,1092.1
coinbase,USDTUSDC,1678825620000,2023-03-14 20:27:00,1.0039,1.0043,1.0038,1.0043,1179.5
coinbase,USDTUSDC,1678825680000,2023-03-14 20:28:00,1.0038,1.0044,1.0038,1.004,12754.95
coinbase,USDTUSDC,1678825740000,2023-03-14 20:29:00,1.004,1.004,1.004,1.004,5092.7
coinbase,USDTUSDC,1678825800000,2023-03-14 20:30:00,1.004,1.0041,1.004,1.004,4743.9
coinbase,USDTUSDC,1678825860000,2023-03-14 20:31:00,1.0041,1.0048,1.004,1.0048,24798
coinbase,USDTUSDC,1678826040000,2023-03-14 20:34:00,1.0048,1.0049,1.0047,1.0049,11416.91
coinbase,USDTUSDC,1678826100000,2023-03-14 20:35:00,1.0049,1.0049,1.0041,1.0041,1132.23
coinbase,USDTUSDC,1678826160000,2023-03-14 20:36:00,1.004,1.004,1.0039,1.0039,7.61
coinbase,USDTUSDC,1678826400000,2023-03-14 20:40:00,1.0039,1.0039,1.0036,1.0036,236129.74
coinbase,USDTUSDC,1678826460000,2023-03-14 20:41:00,1.0034,1.0037,1.0031,1.0037,433.91
coinbase,USDTUSDC,1678826760000,2023-03-14 20:46:00,1.0037,1.0039,1.0037,1.0039,28.7
coinbase,USDTUSDC,1678826880000,2023-03-14 20:48:00,1.0039,1.004,1.0039,1.0039,3440.31
coinbase,USDTUSDC,1678826940000,2023-03-14 20:49:00,1.004,1.004,1.0035,1.0035,1037.37
coinbase,USDTUSDC,1678827360000,2023-03-14 20:56:00,1.004,1.0044,1.004,1.0043,35002.61
coinbase,USDTUSDC,1678827660000,2023-03-14 21:01:00,1.0038,1.0038,1.0038,1.0038,6718.05
coinbase,USDTUSDC,1678827720000,2023-03-14 21:02:00,1.0039,1.0039,1.0039,1.0039,13436.1
coinbase,USDTUSDC,1678827780000,2023-03-14 21:03:00,1.0039,1.004,1.0039,1.004,1039.74
coinbase,USDTUSDC,1678827840000,2023-03-14 21:04:00,1.004,1.004,1.004,1.004,650.34
coinbase,USDTUSDC,1678827960000,2023-03-14 21:06:00,1.004,1.004,1.004,1.004,2775.63
coinbase,USDTUSDC,1678828080000,2023-03-14 21:08:00,1.004,1.0043,1.0034,1.0037,1215.87
coinbase,USDTUSDC,1678828140000,2023-03-14 21:09:00,1.0037,1.0043,1.0035,1.0042,160.79
coinbase,USDTUSDC,1678828500000,2023-03-14 21:15:00,1.0042,1.0042,1.0042,1.0042,13.79
coinbase,USDTUSDC,1678828740000,2023-03-14 21:19:00,1.0042,1.0046,1.0042,1.0046,1038.51
coinbase,USDTUSDC,1678828800000,2023-03-14 21:20:00,1.0046,1.0046,1.0046,1.0046,8.9
coinbase,USDTUSDC,1678828860000,2023-03-14 21:21:00,1.0046,1.0046,1.0046,1.0046,18.6
coinbase,USDTUSDC,1678828980000,2023-03-14 21:23:00,1.0035,1.0045,1.0035,1.0045,56.82
coinbase,USDTUSDC,1678829040000,2023-03-14 21:24:00,1.0044,1.0044,1.0039,1.0039,1041.21
coinbase,USDTUSDC,1678829220000,2023-03-14 21:27:00,1.0039,1.0043,1.0039,1.0043,11507.52
coinbase,USDTUSDC,1678829340000,2023-03-14 21:29:00,1.0043,1.0043,1.0043,1.0043,13.39
coinbase,USDTUSDC,1678829460000,2023-03-14 21:31:00,1.0041,1.0043,1.0037,1.0037,6756.74
coinbase,USDTUSDC,1678829880000,2023-03-14 21:38:00,1.0035,1.0035,1.0034,1.0034,257.05
coinbase,USDTUSDC,1678830000000,2023-03-14 21:40:00,1.004,1.004,1.0039,1.0039,152.87
coinbase,USDTUSDC,1678830240000,2023-03-14 21:44:00,1.0039,1.0042,1.0039,1.0042,224.22
coinbase,USDTUSDC,1678830540000,2023-03-14 21:49:00,1.0042,1.0044,1.0042,1.0043,155.54
coinbase,USDTUSDC,1678830840000,2023-03-14 21:54:00,1.0043,1.0046,1.0042,1.0042,3252.99
coinbase,USDTUSDC,1678830900000,2023-03-14 21:55:00,1.0042,1.0044,1.0041,1.0044,445.01
coinbase,USDTUSDC,1678830960000,2023-03-14 21:56:00,1.0044,1.0044,1.0041,1.0041,199.99
coinbase,USDTUSDC,1678831020000,2023-03-14 21:57:00,1.004,1.0041,1.004,1.0041,227.9
coinbase,USDTUSDC,1678831080000,2023-03-14 21:58:00,1.004,1.0045,1.0039,1.0045,171.08
coinbase,USDTUSDC,1678831200000,2023-03-14 22:00:00,1.0041,1.0044,1.0041,1.0044,1990.64
coinbase,USDTUSDC,1678795380000,2023-03-14 12:03:00,1.0054,1.0054,1.0054,1.0054,1224.74
coinbase,USDTUSDC,1678795740000,2023-03-14 12:09:00,1.0051,1.0051,1.0051,1.0051,3823.92
coinbase,USDTUSDC,1678795800000,2023-03-14 12:10:00,1.0049,1.0051,1.0049,1.0051,1057.07
coinbase,USDTUSDC,1678795920000,2023-03-14 12:12:00,1.0051,1.0051,1.0051,1.0051,1313.34
coinbase,USDTUSDC,1678795980000,2023-03-14 12:13:00,1.0051,1.0051,1.0051,1.0051,3218.86
coinbase,USDTUSDC,1678796040000,2023-03-14 12:14:00,1.0051,1.0051,1.0051,1.0051,5444.93
coinbase,USDTUSDC,1678796100000,2023-03-14 12:15:00,1.0051,1.0051,1.0051,1.0051,9913.83
coinbase,USDTUSDC,1678796160000,2023-03-14 12:16:00,1.0051,1.0051,1.0051,1.0051,113.01
coinbase,USDTUSDC,1678796220000,2023-03-14 12:17:00,1.0051,1.0051,1.0051,1.0051,18755.89
coinbase,USDTUSDC,1678796340000,2023-03-14 12:19:00,1.0051,1.0051,1.0051,1.0051,2172.51
coinbase,USDTUSDC,1678796460000,2023-03-14 12:21:00,1.0051,1.0053,1.0051,1.0053,2446.41
coinbase,USDTUSDC,1678796640000,2023-03-14 12:24:00,1.0049,1.0049,1.0049,1.0049,1163.63
coinbase,USDTUSDC,1678796700000,2023-03-14 12:25:00,1.0048,1.0053,1.0048,1.0053,3114.1
coinbase,USDTUSDC,1678796760000,2023-03-14 12:26:00,1.0053,1.0053,1.0053,1.0053,247.18
coinbase,USDTUSDC,1678796820000,2023-03-14 12:27:00,1.0052,1.0053,1.0047,1.0047,545.39
coinbase,USDTUSDC,1678796880000,2023-03-14 12:28:00,1.0053,1.0053,1.0047,1.0047,3712.65
coinbase,USDTUSDC,1678797000000,2023-03-14 12:30:00,1.0045,1.0045,1.0044,1.0044,147.47
coinbase,USDTUSDC,1678797060000,2023-03-14 12:31:00,1.0044,1.0051,1.0037,1.0041,1049.17
coinbase,USDTUSDC,1678797180000,2023-03-14 12:33:00,1.0042,1.0055,1.0042,1.0055,462.84
coinbase,USDTUSDC,1678797300000,2023-03-14 12:35:00,1.0055,1.0056,1.0047,1.0056,1567.52
coinbase,USDTUSDC,1678797360000,2023-03-14 12:36:00,1.0057,1.0057,1.0053,1.0053,4.72
coinbase,USDTUSDC,1678797660000,2023-03-14 12:41:00,1.0057,1.0064,1.0057,1.0058,1309.26
coinbase,USDTUSDC,1678797840000,2023-03-14 12:44:00,1.0058,1.0058,1.0058,1.0058,25.98
coinbase,USDTUSDC,1678797900000,2023-03-14 12:45:00,1.0056,1.0057,1.0054,1.0057,1530.98
coinbase,USDTUSDC,1678797960000,2023-03-14 12:46:00,1.0057,1.0058,1.0053,1.0058,21372.58
coinbase,USDTUSDC,1678798020000,2023-03-14 12:47:00,1.0055,1.006,1.0048,1.0059,10000.89
coinbase,USDTUSDC,1678798080000,2023-03-14 12:48:00,1.0054,1.006,1.0054,1.006,10127.86
coinbase,USDTUSDC,1678798140000,2023-03-14 12:49:00,1.006,1.0061,1.006,1.0061,72422.92
coinbase,USDTUSDC,1678798200000,2023-03-14 12:50:00,1.0061,1.0064,1.006,1.0063,42408.57
coinbase,USDTUSDC,1678798260000,2023-03-14 12:51:00,1.0063,1.0065,1.0062,1.0062,61993.81
coinbase,USDTUSDC,1678798380000,2023-03-14 12:53:00,1.0062,1.0066,1.0062,1.0066,1215.89
coinbase,USDTUSDC,1678798440000,2023-03-14 12:54:00,1.0059,1.0059,1.0059,1.0059,26.39
coinbase,USDTUSDC,1678798500000,2023-03-14 12:55:00,1.0066,1.0066,1.0066,1.0066,1421.09
coinbase,USDTUSDC,1678798560000,2023-03-14 12:56:00,1.0062,1.0065,1.0062,1.0065,141.37
coinbase,USDTUSDC,1678798620000,2023-03-14 12:57:00,1.0065,1.0066,1.0065,1.0066,3578.88
coinbase,USDTUSDC,1678798800000,2023-03-14 13:00:00,1.0064,1.0064,1.006,1.006,4509.67
coinbase,USDTUSDC,1678798860000,2023-03-14 13:01:00,1.0061,1.0061,1.0058,1.0058,84.79
coinbase,USDTUSDC,1678798920000,2023-03-14 13:02:00,1.0062,1.0062,1.0058,1.006,2555.57
coinbase,USDTUSDC,1678798980000,2023-03-14 13:03:00,1.0053,1.0063,1.0053,1.0063,834.19
coinbase,USDTUSDC,1678799100000,2023-03-14 13:05:00,1.006,1.0064,1.006,1.0064,1647.22
coinbase,USDTUSDC,1678799220000,2023-03-14 13:07:00,1.0063,1.0071,1.0063,1.0071,554.15
coinbase,USDTUSDC,1678799280000,2023-03-14 13:08:00,1.007,1.0076,1.0063,1.0067,6988.31
coinbase,USDTUSDC,1678799340000,2023-03-14 13:09:00,1.0067,1.0068,1.0058,1.0058,4003.9
coinbase,USDTUSDC,1678799400000,2023-03-14 13:10:00,1.0067,1.0067,1.0067,1.0067,12950
coinbase,USDTUSDC,1678799580000,2023-03-14 13:13:00,1.0059,1.0065,1.0059,1.0065,11.74
coinbase,USDTUSDC,1678799760000,2023-03-14 13:16:00,1.0067,1.0067,1.0065,1.0065,30.34
coinbase,USDTUSDC,1678799880000,2023-03-14 13:18:00,1.0067,1.0073,1.006,1.0061,3069.85
coinbase,USDTUSDC,1678799940000,2023-03-14 13:19:00,1.0067,1.0075,1.0067,1.0075,3866.68
coinbase,USDTUSDC,1678800000000,2023-03-14 13:20:00,1.0061,1.0063,1.006,1.0063,10183.77
coinbase,USDTUSDC,1678800180000,2023-03-14 13:23:00,1.006,1.006,1.0058,1.0059,395.32
coinbase,USDTUSDC,1678800240000,2023-03-14 13:24:00,1.0059,1.0059,1.0056,1.0056,93.47
coinbase,USDTUSDC,1678800360000,2023-03-14 13:26:00,1.0056,1.0061,1.0054,1.0061,17.55
coinbase,USDTUSDC,1678800540000,2023-03-14 13:29:00,1.0055,1.006,1.0055,1.006,361.43
coinbase,USDTUSDC,1678800720000,2023-03-14 13:32:00,1.0054,1.0054,1.0054,1.0054,157.17
coinbase,USDTUSDC,1678800900000,2023-03-14 13:35:00,1.0057,1.0059,1.0057,1.0059,626.44
coinbase,USDTUSDC,1678801380000,2023-03-14 13:43:00,1.0059,1.0069,1.0059,1.006,1926.55
coinbase,USDTUSDC,1678801500000,2023-03-14 13:45:00,1.0062,1.0064,1.0057,1.0057,5219.18
coinbase,USDTUSDC,1678801740000,2023-03-14 13:49:00,1.0057,1.0057,1.0055,1.0055,605.69
coinbase,USDTUSDC,1678801800000,2023-03-14 13:50:00,1.0054,1.0054,1.0052,1.0052,4495.88
coinbase,USDTUSDC,1678802040000,2023-03-14 13:54:00,1.0051,1.0053,1.0051,1.0053,4910.64
coinbase,USDTUSDC,1678802220000,2023-03-14 13:57:00,1.005,1.0055,1.0049,1.0049,5002.91
coinbase,USDTUSDC,1678802280000,2023-03-14 13:58:00,1.005,1.005,1.0048,1.0048,5093.8
coinbase,USDTUSDC,1678802340000,2023-03-14 13:59:00,1.0048,1.0048,1.0047,1.0048,6531.67
coinbase,USDTUSDC,1678802400000,2023-03-14 14:00:00,1.0048,1.0048,1.0048,1.0048,2772.77
coinbase,USDTUSDC,1678802580000,2023-03-14 14:03:00,1.0048,1.0048,1.0047,1.0048,6137
coinbase,USDTUSDC,1678802640000,2023-03-14 14:04:00,1.0047,1.005,1.0047,1.005,3173.32
coinbase,USDTUSDC,1678802760000,2023-03-14 14:06:00,1.0051,1.0052,1.0047,1.0048,1553.18
coinbase,USDTUSDC,1678802940000,2023-03-14 14:09:00,1.0047,1.0047,1.0046,1.0046,3117.98
coinbase,USDTUSDC,1678803000000,2023-03-14 14:10:00,1.0046,1.0046,1.0043,1.0043,1044.13
coinbase,USDTUSDC,1678803060000,2023-03-14 14:11:00,1.0046,1.0046,1.0046,1.0046,2078.86
coinbase,USDTUSDC,1678803120000,2023-03-14 14:12:00,1.0045,1.0045,1.0045,1.0045,2507.83
coinbase,USDTUSDC,1678803240000,2023-03-14 14:14:00,1.0043,1.0044,1.0043,1.0044,347.42
coinbase,USDTUSDC,1678803300000,2023-03-14 14:15:00,1.0046,1.0046,1.0046,1.0046,3637.23
coinbase,USDTUSDC,1678803360000,2023-03-14 14:16:00,1.0046,1.0046,1.0046,1.0046,1942.49
coinbase,USDTUSDC,1678803420000,2023-03-14 14:17:00,1.0046,1.0046,1.0042,1.0042,268.23
coinbase,USDTUSDC,1678803480000,2023-03-14 14:18:00,1.0046,1.0046,1.0046,1.0046,128.35
coinbase,USDTUSDC,1678803600000,2023-03-14 14:20:00,1.0046,1.0046,1.0043,1.0043,3130.6
coinbase,USDTUSDC,1678803660000,2023-03-14 14:21:00,1.0043,1.0043,1.0043,1.0043,7788.55
coinbase,USDTUSDC,1678803720000,2023-03-14 14:22:00,1.0043,1.005,1.0043,1.0043,19645.8
coinbase,USDTUSDC,1678803780000,2023-03-14 14:23:00,1.0042,1.0042,1.0042,1.0042,44.51
coinbase,USDTUSDC,1678803900000,2023-03-14 14:25:00,1.0042,1.0042,1.0042,1.0042,25887.29
coinbase,USDTUSDC,1678804080000,2023-03-14 14:28:00,1.0043,1.0044,1.0042,1.0044,3069.71
coinbase,USDTUSDC,1678804140000,2023-03-14 14:29:00,1.0044,1.0044,1.0044,1.0044,1759.13
coinbase,USDTUSDC,1678804200000,2023-03-14 14:30:00,1.0044,1.0044,1.0043,1.0043,2759.68
coinbase,USDTUSDC,1678804260000,2023-03-14 14:31:00,1.0043,1.0043,1.0042,1.0043,3353.31
coinbase,USDTUSDC,1678804380000,2023-03-14 14:33:00,1.0043,1.0044,1.0042,1.0044,3679.28
coinbase,USDTUSDC,1678804440000,2023-03-14 14:34:00,1.0044,1.0051,1.0044,1.0044,2643.93
coinbase,USDTUSDC,1678804500000,2023-03-14 14:35:00,1.0044,1.0045,1.0044,1.0044,2900.96
coinbase,USDTUSDC,1678804560000,2023-03-14 14:36:00,1.0044,1.0045,1.0044,1.0044,6084.88
coinbase,USDTUSDC,1678804680000,2023-03-14 14:38:00,1.0045,1.0045,1.0045,1.0045,524.42
coinbase,USDTUSDC,1678804740000,2023-03-14 14:39:00,1.0045,1.0045,1.0042,1.0045,3261.53
coinbase,USDTUSDC,1678804800000,2023-03-14 14:40:00,1.0045,1.0047,1.0045,1.0047,3658.95
coinbase,USDTUSDC,1678804920000,2023-03-14 14:42:00,1.0051,1.0051,1.0051,1.0051,475
coinbase,USDTUSDC,1678804980000,2023-03-14 14:43:00,1.0048,1.005,1.0047,1.005,2609.64
coinbase,USDTUSDC,1678805040000,2023-03-14 14:44:00,1.0047,1.005,1.0046,1.0047,136283.27
coinbase,USDTUSDC,1678805100000,2023-03-14 14:45:00,1.0048,1.0048,1.0047,1.0048,6361.63
coinbase,USDTUSDC,1678805160000,2023-03-14 14:46:00,1.0048,1.005,1.0047,1.0048,47777.59
coinbase,USDTUSDC,1678805220000,2023-03-14 14:47:00,1.0046,1.0048,1.0046,1.0046,2997.48
coinbase,USDTUSDC,1678805340000,2023-03-14 14:49:00,1.0046,1.0046,1.0046,1.0046,174162.06
coinbase,USDTUSDC,1678805400000,2023-03-14 14:50:00,1.0046,1.0047,1.0046,1.0047,111913.89
coinbase,USDTUSDC,1678805460000,2023-03-14 14:51:00,1.0046,1.005,1.0046,1.005,215238.81
coinbase,USDTUSDC,1678805520000,2023-03-14 14:52:00,1.0047,1.0052,1.0047,1.0052,2105.14
coinbase,USDTUSDC,1678805640000,2023-03-14 14:54:00,1.0052,1.0052,1.0048,1.0048,1065.42
coinbase,USDTUSDC,1678805700000,2023-03-14 14:55:00,1.0049,1.0051,1.0046,1.0046,64262.78
coinbase,USDTUSDC,1678805760000,2023-03-14 14:56:00,1.0051,1.0052,1.0046,1.0046,39190.65
coinbase,USDTUSDC,1678805880000,2023-03-14 14:58:00,1.0046,1.0046,1.0046,1.0046,32399.12
coinbase,USDTUSDC,1678805940000,2023-03-14 14:59:00,1.0046,1.0046,1.0046,1.0046,108040.94
coinbase,USDTUSDC,1678806000000,2023-03-14 15:00:00,1.0047,1.0047,1.0039,1.004,19214.08
coinbase,USDTUSDC,1678806060000,2023-03-14 15:01:00,1.0051,1.0052,1.0039,1.0039,47330.43
coinbase,USDTUSDC,1678806120000,2023-03-14 15:02:00,1.0039,1.0042,1.0039,1.0042,10573.04
coinbase,USDTUSDC,1678806240000,2023-03-14 15:04:00,1.0042,1.0043,1.0039,1.0043,57772.75
coinbase,USDTUSDC,1678806300000,2023-03-14 15:05:00,1.0046,1.0047,1.0043,1.0043,11225.44
coinbase,USDTUSDC,1678806360000,2023-03-14 15:06:00,1.0046,1.0046,1.0043,1.0045,24420.05
coinbase,USDTUSDC,1678806480000,2023-03-14 15:08:00,1.0045,1.0045,1.0041,1.0043,5402.91
coinbase,USDTUSDC,1678806540000,2023-03-14 15:09:00,1.0043,1.0045,1.0043,1.0045,13160.08
coinbase,USDTUSDC,1678806600000,2023-03-14 15:10:00,1.0044,1.0045,1.0044,1.0044,2018.56
coinbase,USDTUSDC,1678806660000,2023-03-14 15:11:00,1.0045,1.0045,1.0045,1.0045,1037.82
coinbase,USDTUSDC,1678806780000,2023-03-14 15:13:00,1.004,1.0044,1.0039,1.0039,1582.34
coinbase,USDTUSDC,1678806840000,2023-03-14 15:14:00,1.0041,1.0045,1.004,1.0041,9322.43
coinbase,USDTUSDC,1678806900000,2023-03-14 15:15:00,1.004,1.004,1.0039,1.0039,32745.29
coinbase,USDTUSDC,1678806960000,2023-03-14 15:16:00,1.0039,1.0045,1.0036,1.0044,282159.36
coinbase,USDTUSDC,1678807020000,2023-03-14 15:17:00,1.0044,1.0044,1.0036,1.0038,25374.68
coinbase,USDTUSDC,1678807080000,2023-03-14 15:18:00,1.0038,1.0043,1.0034,1.0038,74558.84
coinbase,USDTUSDC,1678807140000,2023-03-14 15:19:00,1.0038,1.0043,1.0035,1.0038,76156.29
coinbase,USDTUSDC,1678807200000,2023-03-14 15:20:00,1.0038,1.0042,1.0035,1.0035,36383.57
coinbase,USDTUSDC,1678807260000,2023-03-14 15:21:00,1.0038,1.0043,1.0036,1.0036,511.47
coinbase,USDTUSDC,1678807320000,2023-03-14 15:22:00,1.0041,1.0045,1.004,1.0043,100192.23
coinbase,USDTUSDC,1678807380000,2023-03-14 15:23:00,1.0044,1.0045,1.0043,1.0044,17407.03
coinbase,USDTUSDC,1678807440000,2023-03-14 15:24:00,1.0041,1.0045,1.0038,1.0042,34119.78
coinbase,USDTUSDC,1678807500000,2023-03-14 15:25:00,1.0042,1.0044,1.0036,1.0044,27314.76
coinbase,USDTUSDC,1678807560000,2023-03-14 15:26:00,1.0043,1.0044,1.004,1.0043,678.85
coinbase,USDTUSDC,1678807620000,2023-03-14 15:27:00,1.0036,1.0036,1.0036,1.0036,15.33
coinbase,USDTUSDC,1678807740000,2023-03-14 15:29:00,1.0042,1.0044,1.0042,1.0044,6112.67
coinbase,USDTUSDC,1678807800000,2023-03-14 15:30:00,1.0044,1.0044,1.004,1.0044,18251.07
coinbase,USDTUSDC,1678807860000,2023-03-14 15:31:00,1.0044,1.0044,1.0038,1.0038,1306.49
coinbase,USDTUSDC,1678807920000,2023-03-14 15:32:00,1.0044,1.0044,1.0043,1.0044,10193.71
coinbase,USDTUSDC,1678807980000,2023-03-14 15:33:00,1.0044,1.0045,1.0044,1.0045,5782.7
coinbase,USDTUSDC,1678808040000,2023-03-14 15:34:00,1.0045,1.0045,1.0045,1.0045,5261.76
coinbase,USDTUSDC,1678808100000,2023-03-14 15:35:00,1.0045,1.0045,1.0045,1.0045,7425.81
coinbase,USDTUSDC,1678808160000,2023-03-14 15:36:00,1.0045,1.0045,1.0045,1.0045,18937.02
coinbase,USDTUSDC,1678808220000,2023-03-14 15:37:00,1.0045,1.0045,1.004,1.0044,20620.58
coinbase,USDTUSDC,1678808280000,2023-03-14 15:38:00,1.0042,1.0045,1.0042,1.0042,2269.2
coinbase,USDTUSDC,1678808340000,2023-03-14 15:39:00,1.0044,1.0045,1.0041,1.0044,5739.1
coinbase,USDTUSDC,1678808520000,2023-03-14 15:42:00,1.0042,1.0042,1.0042,1.0042,896.08
coinbase,USDTUSDC,1678808640000,2023-03-14 15:44:00,1.0044,1.0045,1.0042,1.0045,4608.13
coinbase,USDTUSDC,1678808700000,2023-03-14 15:45:00,1.0045,1.0045,1.0044,1.0045,5527.29
coinbase,USDTUSDC,1678808760000,2023-03-14 15:46:00,1.0042,1.0045,1.0042,1.0045,3324.26
coinbase,USDTUSDC,1678808820000,2023-03-14 15:47:00,1.0045,1.0045,1.0044,1.0045,1728.37
coinbase,USDTUSDC,1678808880000,2023-03-14 15:48:00,1.0045,1.0045,1.0044,1.0044,130033.15
coinbase,USDTUSDC,1678808940000,2023-03-14 15:49:00,1.0044,1.0052,1.0043,1.0043,21808.7
coinbase,USDTUSDC,1678809000000,2023-03-14 15:50:00,1.0048,1.0051,1.0043,1.0046,18375.57
coinbase,USDTUSDC,1678809060000,2023-03-14 15:51:00,1.0046,1.0051,1.0046,1.005,5018.43
coinbase,USDTUSDC,1678809120000,2023-03-14 15:52:00,1.0051,1.0051,1.0045,1.0045,2491.69
coinbase,USDTUSDC,1678809240000,2023-03-14 15:54:00,1.0047,1.0048,1.0047,1.0047,10449.47
coinbase,USDTUSDC,1678809300000,2023-03-14 15:55:00,1.005,1.005,1.0043,1.005,232922.34
coinbase,USDTUSDC,1678809360000,2023-03-14 15:56:00,1.0047,1.005,1.0044,1.0048,21283.06
coinbase,USDTUSDC,1678809420000,2023-03-14 15:57:00,1.0048,1.0049,1.0036,1.0048,13537.66
coinbase,USDTUSDC,1678809540000,2023-03-14 15:59:00,1.0047,1.0049,1.0043,1.0043,41088.75
coinbase,USDTUSDC,1678809600000,2023-03-14 16:00:00,1.0048,1.0049,1.0045,1.0045,10628.16
coinbase,USDTUSDC,1678809660000,2023-03-14 16:01:00,1.0045,1.0049,1.0037,1.0046,21164.27
coinbase,USDTUSDC,1678809720000,2023-03-14 16:02:00,1.0046,1.005,1.0046,1.0049,3005.01
coinbase,USDTUSDC,1678809780000,2023-03-14 16:03:00,1.0049,1.0049,1.0048,1.0048,707.89
coinbase,USDTUSDC,1678809840000,2023-03-14 16:04:00,1.0048,1.0049,1.0048,1.0049,7493.67
coinbase,USDTUSDC,1678809900000,2023-03-14 16:05:00,1.0049,1.0049,1.0046,1.0049,48220.83
coinbase,USDTUSDC,1678809960000,2023-03-14 16:06:00,1.0049,1.0049,1.0046,1.0046,1611.31
coinbase,USDTUSDC,1678810020000,2023-03-14 16:07:00,1.0046,1.0048,1.0046,1.0048,3436.36
coinbase,USDTUSDC,1678810080000,2023-03-14 16:08:00,1.0048,1.0049,1.0048,1.0049,6189.83
coinbase,USDTUSDC,1678810260000,2023-03-14 16:11:00,1.0049,1.0052,1.0049,1.0052,180.25
coinbase,USDTUSDC,1678810320000,2023-03-14 16:12:00,1.0049,1.005,1.0046,1.0049,41170.72
coinbase,USDTUSDC,1678810380000,2023-03-14 16:13:00,1.0046,1.0047,1.0045,1.0045,5889.36
coinbase,USDTUSDC,1678810440000,2023-03-14 16:14:00,1.0049,1.0049,1.0048,1.0049,10085.82
coinbase,USDTUSDC,1678810500000,2023-03-14 16:15:00,1.0048,1.0048,1.0046,1.0046,1443.98
coinbase,USDTUSDC,1678810620000,2023-03-14 16:17:00,1.0047,1.0049,1.0047,1.0049,16382.85
coinbase,USDTUSDC,1678810680000,2023-03-14 16:18:00,1.0049,1.0049,1.0047,1.0047,3693.37
coinbase,USDTUSDC,1678810740000,2023-03-14 16:19:00,1.0047,1.0047,1.0047,1.0047,453.96
coinbase,USDTUSDC,1678810800000,2023-03-14 16:20:00,1.0047,1.0047,1.0047,1.0047,2450.57
coinbase,USDTUSDC,1678810860000,2023-03-14 16:21:00,1.0047,1.0048,1.0044,1.0044,1098.78
coinbase,USDTUSDC,1678810980000,2023-03-14 16:23:00,1.0047,1.0047,1.0047,1.0047,1049.37
coinbase,USDTUSDC,1678811160000,2023-03-14 16:26:00,1.0046,1.0046,1.0045,1.0045,1136.04
coinbase,USDTUSDC,1678811220000,2023-03-14 16:27:00,1.0041,1.0041,1.0041,1.0041,1.71
coinbase,USDTUSDC,1678811460000,2023-03-14 16:31:00,1.0047,1.0048,1.0047,1.0048,1152.1
coinbase,USDTUSDC,1678811520000,2023-03-14 16:32:00,1.0048,1.0048,1.0045,1.0045,1244.4
coinbase,USDTUSDC,1678811640000,2023-03-14 16:34:00,1.0045,1.0048,1.0045,1.0048,587.76
coinbase,USDTUSDC,1678811760000,2023-03-14 16:36:00,1.0048,1.0048,1.0047,1.0048,1550.13
coinbase,USDTUSDC,1678812120000,2023-03-14 16:42:00,1.0048,1.0048,1.0048,1.0048,13147.65
coinbase,USDTUSDC,1678812240000,2023-03-14 16:44:00,1.0045,1.0045,1.004,1.0041,400.04
coinbase,USDTUSDC,1678812360000,2023-03-14 16:46:00,1.0041,1.0041,1.004,1.004,302.32
coinbase,USDTUSDC,1678812840000,2023-03-14 16:54:00,1.0039,1.0039,1.0039,1.0039,401.44
coinbase,USDTUSDC,1678813020000,2023-03-14 16:57:00,1.0039,1.0049,1.0039,1.0049,646.89
coinbase,USDTUSDC,1678813200000,2023-03-14 17:00:00,1.0043,1.0049,1.0043,1.0049,560.56
coinbase,USDTUSDC,1678777260000,2023-03-14 07:01:00,1.0057,1.0057,1.0057,1.0057,1081.77
coinbase,USDTUSDC,1678777320000,2023-03-14 07:02:00,1.0057,1.0057,1.0057,1.0057,901.79
coinbase,USDTUSDC,1678777500000,2023-03-14 07:05:00,1.0057,1.0057,1.0055,1.0055,1093.9
coinbase,USDTUSDC,1678777620000,2023-03-14 07:07:00,1.0057,1.0057,1.0057,1.0057,1915.34
coinbase,USDTUSDC,1678778220000,2023-03-14 07:17:00,1.0056,1.0056,1.0056,1.0056,4.25
coinbase,USDTUSDC,1678778880000,2023-03-14 07:28:00,1.0057,1.0063,1.0057,1.0063,210
coinbase,USDTUSDC,1678778940000,2023-03-14 07:29:00,1.0063,1.0064,1.0062,1.0062,932.32
coinbase,USDTUSDC,1678779000000,2023-03-14 07:30:00,1.0062,1.0065,1.0062,1.0065,537.35
coinbase,USDTUSDC,1678779060000,2023-03-14 07:31:00,1.0065,1.0065,1.0058,1.0058,633.39
coinbase,USDTUSDC,1678779780000,2023-03-14 07:43:00,1.0064,1.0064,1.0064,1.0064,518.68
coinbase,USDTUSDC,1678779840000,2023-03-14 07:44:00,1.0065,1.0065,1.0065,1.0065,950
coinbase,USDTUSDC,1678779900000,2023-03-14 07:45:00,1.0065,1.0065,1.0065,1.0065,1057.16
coinbase,USDTUSDC,1678780200000,2023-03-14 07:50:00,1.0059,1.0059,1.0059,1.0059,114.37
coinbase,USDTUSDC,1678780680000,2023-03-14 07:58:00,1.0059,1.0065,1.0059,1.0065,1872.96
coinbase,USDTUSDC,1678781160000,2023-03-14 08:06:00,1.0064,1.0064,1.006,1.006,99.51
coinbase,USDTUSDC,1678781460000,2023-03-14 08:11:00,1.0059,1.0061,1.0059,1.0061,5184.74
coinbase,USDTUSDC,1678781580000,2023-03-14 08:13:00,1.0061,1.0061,1.0061,1.0061,5154.91
coinbase,USDTUSDC,1678781640000,2023-03-14 08:14:00,1.0061,1.0061,1.0061,1.0061,4438.45
coinbase,USDTUSDC,1678781700000,2023-03-14 08:15:00,1.006,1.0061,1.006,1.0061,141.33
coinbase,USDTUSDC,1678782060000,2023-03-14 08:21:00,1.0061,1.0061,1.0061,1.0061,17.3
coinbase,USDTUSDC,1678782420000,2023-03-14 08:27:00,1.006,1.0065,1.006,1.0064,3712.72
coinbase,USDTUSDC,1678782480000,2023-03-14 08:28:00,1.0061,1.0061,1.0061,1.0061,34.21
coinbase,USDTUSDC,1678782660000,2023-03-14 08:31:00,1.0061,1.0064,1.0059,1.0059,3330.17
coinbase,USDTUSDC,1678783200000,2023-03-14 08:40:00,1.0059,1.0064,1.0059,1.0064,1817.45
coinbase,USDTUSDC,1678783320000,2023-03-14 08:42:00,1.006,1.006,1.0059,1.0059,2050.97
coinbase,USDTUSDC,1678783560000,2023-03-14 08:46:00,1.0059,1.0066,1.0059,1.006,373925.73
coinbase,USDTUSDC,1678783620000,2023-03-14 08:47:00,1.006,1.0061,1.006,1.006,98.44
coinbase,USDTUSDC,1678783680000,2023-03-14 08:48:00,1.0059,1.0065,1.0059,1.0065,1690.94
coinbase,USDTUSDC,1678783860000,2023-03-14 08:51:00,1.006,1.006,1.0052,1.0052,14295.83
coinbase,USDTUSDC,1678783920000,2023-03-14 08:52:00,1.0054,1.0054,1.0049,1.0049,4629.94
coinbase,USDTUSDC,1678783980000,2023-03-14 08:53:00,1.0054,1.0054,1.0048,1.0048,11772.72
coinbase,USDTUSDC,1678784040000,2023-03-14 08:54:00,1.0051,1.0051,1.0046,1.0046,7807.57
coinbase,USDTUSDC,1678784100000,2023-03-14 08:55:00,1.0052,1.0052,1.0041,1.0052,6551.86
coinbase,USDTUSDC,1678784220000,2023-03-14 08:57:00,1.0052,1.0052,1.005,1.005,91.88
coinbase,USDTUSDC,1678784400000,2023-03-14 09:00:00,1.0051,1.007,1.0049,1.0062,40743.5
coinbase,USDTUSDC,1678784700000,2023-03-14 09:05:00,1.0053,1.0053,1.0052,1.0052,192.4
coinbase,USDTUSDC,1678785360000,2023-03-14 09:16:00,1.006,1.006,1.0053,1.0053,9942.28
coinbase,USDTUSDC,1678785540000,2023-03-14 09:19:00,1.0053,1.0053,1.0042,1.0044,19335.1
coinbase,USDTUSDC,1678785840000,2023-03-14 09:24:00,1.0052,1.0055,1.0052,1.0055,520.59
coinbase,USDTUSDC,1678786140000,2023-03-14 09:29:00,1.0055,1.0055,1.0051,1.0051,219.13
coinbase,USDTUSDC,1678786200000,2023-03-14 09:30:00,1.0051,1.0051,1.0051,1.0051,2.85
coinbase,USDTUSDC,1678786260000,2023-03-14 09:31:00,1.0044,1.005,1.0036,1.005,69053.64
coinbase,USDTUSDC,1678786440000,2023-03-14 09:34:00,1.0051,1.0056,1.0051,1.0056,762.78
coinbase,USDTUSDC,1678786620000,2023-03-14 09:37:00,1.0056,1.0057,1.0056,1.0056,9535.61
coinbase,USDTUSDC,1678786740000,2023-03-14 09:39:00,1.0056,1.0057,1.0053,1.0053,6428.99
coinbase,USDTUSDC,1678787160000,2023-03-14 09:46:00,1.0057,1.0058,1.0057,1.0058,104.82
coinbase,USDTUSDC,1678787280000,2023-03-14 09:48:00,1.0058,1.0058,1.0058,1.0058,101.54
coinbase,USDTUSDC,1678787460000,2023-03-14 09:51:00,1.0058,1.0061,1.0058,1.0061,806.26
coinbase,USDTUSDC,1678787820000,2023-03-14 09:57:00,1.0059,1.0059,1.0059,1.0059,1086.02
coinbase,USDTUSDC,1678788060000,2023-03-14 10:01:00,1.0056,1.006,1.0056,1.006,748.29
coinbase,USDTUSDC,1678788420000,2023-03-14 10:07:00,1.0059,1.006,1.0059,1.006,6299.58
coinbase,USDTUSDC,1678788600000,2023-03-14 10:10:00,1.006,1.006,1.006,1.006,5143.31
coinbase,USDTUSDC,1678788660000,2023-03-14 10:11:00,1.006,1.006,1.0054,1.0054,417.51
coinbase,USDTUSDC,1678788960000,2023-03-14 10:16:00,1.0059,1.006,1.0041,1.0055,14445.98
coinbase,USDTUSDC,1678789020000,2023-03-14 10:17:00,1.0055,1.0055,1.0055,1.0055,97.16
coinbase,USDTUSDC,1678789080000,2023-03-14 10:18:00,1.0055,1.0055,1.0055,1.0055,107.81
coinbase,USDTUSDC,1678789200000,2023-03-14 10:20:00,1.0044,1.0055,1.0044,1.0055,1057.48
coinbase,USDTUSDC,1678789260000,2023-03-14 10:21:00,1.0055,1.0055,1.0055,1.0055,359.29
coinbase,USDTUSDC,1678789560000,2023-03-14 10:26:00,1.0044,1.0055,1.0044,1.0044,29.9
coinbase,USDTUSDC,1678789800000,2023-03-14 10:30:00,1.0055,1.0058,1.0055,1.0058,11854.58
coinbase,USDTUSDC,1678789920000,2023-03-14 10:32:00,1.0045,1.0058,1.0045,1.0058,10.44
coinbase,USDTUSDC,1678790040000,2023-03-14 10:34:00,1.0058,1.0058,1.0058,1.0058,1475.83
coinbase,USDTUSDC,1678790220000,2023-03-14 10:37:00,1.0058,1.0058,1.0058,1.0058,124.18
coinbase,USDTUSDC,1678790460000,2023-03-14 10:41:00,1.0058,1.006,1.0058,1.006,822.84
coinbase,USDTUSDC,1678790520000,2023-03-14 10:42:00,1.006,1.0061,1.006,1.006,23285.67
coinbase,USDTUSDC,1678790580000,2023-03-14 10:43:00,1.006,1.0061,1.006,1.006,31748.41
coinbase,USDTUSDC,1678790640000,2023-03-14 10:44:00,1.006,1.006,1.006,1.006,122.84
coinbase,USDTUSDC,1678790820000,2023-03-14 10:47:00,1.0058,1.0062,1.0058,1.0062,4418.95
coinbase,USDTUSDC,1678791060000,2023-03-14 10:51:00,1.006,1.006,1.006,1.006,1299.12
coinbase,USDTUSDC,1678791120000,2023-03-14 10:52:00,1.006,1.006,1.0058,1.0058,2623.83
coinbase,USDTUSDC,1678791240000,2023-03-14 10:54:00,1.0058,1.0058,1.0055,1.0055,38230.12
coinbase,USDTUSDC,1678791300000,2023-03-14 10:55:00,1.0058,1.0061,1.0058,1.0061,174.04
coinbase,USDTUSDC,1678791420000,2023-03-14 10:57:00,1.0056,1.0062,1.0056,1.0056,337.14
coinbase,USDTUSDC,1678791540000,2023-03-14 10:59:00,1.0059,1.0059,1.0059,1.0059,562.14
coinbase,USDTUSDC,1678791600000,2023-03-14 11:00:00,1.0057,1.0059,1.0057,1.0059,1517.51
coinbase,USDTUSDC,1678791660000,2023-03-14 11:01:00,1.0057,1.0063,1.0057,1.0059,1970.91
coinbase,USDTUSDC,1678791840000,2023-03-14 11:04:00,1.0058,1.006,1.0058,1.006,289.84
coinbase,USDTUSDC,1678791960000,2023-03-14 11:06:00,1.006,1.0061,1.0059,1.0059,13113.45
coinbase,USDTUSDC,1678792020000,2023-03-14 11:07:00,1.0056,1.0061,1.0056,1.0059,9860.9
coinbase,USDTUSDC,1678792080000,2023-03-14 11:08:00,1.006,1.006,1.006,1.006,25.44
coinbase,USDTUSDC,1678792140000,2023-03-14 11:09:00,1.0057,1.0062,1.0057,1.0059,80764.08
coinbase,USDTUSDC,1678792200000,2023-03-14 11:10:00,1.0059,1.006,1.0059,1.0059,9946.58
coinbase,USDTUSDC,1678792320000,2023-03-14 11:12:00,1.0059,1.0059,1.0056,1.0056,2873.45
coinbase,USDTUSDC,1678792380000,2023-03-14 11:13:00,1.0059,1.0059,1.0056,1.0056,2985.89
coinbase,USDTUSDC,1678792440000,2023-03-14 11:14:00,1.0059,1.0059,1.0059,1.0059,1491.97
coinbase,USDTUSDC,1678792500000,2023-03-14 11:15:00,1.0059,1.0059,1.0059,1.0059,8846.52
coinbase,USDTUSDC,1678792620000,2023-03-14 11:17:00,1.0059,1.0059,1.0056,1.0056,5362.43
coinbase,USDTUSDC,1678792740000,2023-03-14 11:19:00,1.0059,1.0059,1.0056,1.0056,12500.46
coinbase,USDTUSDC,1678792920000,2023-03-14 11:22:00,1.006,1.006,1.0056,1.0056,4907.26
coinbase,USDTUSDC,1678793340000,2023-03-14 11:29:00,1.0056,1.0056,1.0056,1.0056,2.77
coinbase,USDTUSDC,1678793400000,2023-03-14 11:30:00,1.0056,1.0056,1.0056,1.0056,3.58
coinbase,USDTUSDC,1678793520000,2023-03-14 11:32:00,1.0058,1.0058,1.0058,1.0058,273.39
coinbase,USDTUSDC,1678793880000,2023-03-14 11:38:00,1.0056,1.0056,1.0054,1.0054,1542.51
coinbase,USDTUSDC,1678794120000,2023-03-14 11:42:00,1.0053,1.0053,1.0052,1.0052,1050
coinbase,USDTUSDC,1678794660000,2023-03-14 11:51:00,1.0052,1.0054,1.0052,1.0054,978.47
coinbase,USDTUSDC,1678794780000,2023-03-14 11:53:00,1.0047,1.0054,1.0047,1.0054,99.76
coinbase,USDTUSDC,1678794840000,2023-03-14 11:54:00,1.0054,1.0055,1.0054,1.0055,567.71
coinbase,USDTUSDC,1678794900000,2023-03-14 11:55:00,1.0054,1.0054,1.0054,1.0054,556.95
coinbase,USDTUSDC,1678795140000,2023-03-14 11:59:00,1.0055,1.0055,1.0054,1.0054,17309.25
coinbase,USDTUSDC,1678759260000,2023-03-14 02:01:00,1.0042,1.0043,1.0041,1.0041,1633.05
coinbase,USDTUSDC,1678759560000,2023-03-14 02:06:00,1.004,1.004,1.004,1.004,5609.58
coinbase,USDTUSDC,1678759620000,2023-03-14 02:07:00,1.004,1.004,1.004,1.004,5606.02
coinbase,USDTUSDC,1678759680000,2023-03-14 02:08:00,1.004,1.004,1.004,1.004,8120.92
coinbase,USDTUSDC,1678759740000,2023-03-14 02:09:00,1.004,1.004,1.004,1.004,8939.08
coinbase,USDTUSDC,1678759800000,2023-03-14 02:10:00,1.004,1.0042,1.0038,1.0042,5652.59
coinbase,USDTUSDC,1678759860000,2023-03-14 02:11:00,1.004,1.0042,1.004,1.0042,4652.66
coinbase,USDTUSDC,1678759920000,2023-03-14 02:12:00,1.004,1.004,1.004,1.004,15454.13
coinbase,USDTUSDC,1678759980000,2023-03-14 02:13:00,1.004,1.004,1.004,1.004,4462.96
coinbase,USDTUSDC,1678760040000,2023-03-14 02:14:00,1.0039,1.0039,1.0039,1.0039,3410.72
coinbase,USDTUSDC,1678760100000,2023-03-14 02:15:00,1.0039,1.0042,1.0039,1.0039,6826.52
coinbase,USDTUSDC,1678760160000,2023-03-14 02:16:00,1.0041,1.0041,1.0039,1.004,10686.2
coinbase,USDTUSDC,1678760220000,2023-03-14 02:17:00,1.004,1.004,1.004,1.004,1195.21
coinbase,USDTUSDC,1678760280000,2023-03-14 02:18:00,1.004,1.0042,1.004,1.004,12467.33
coinbase,USDTUSDC,1678760400000,2023-03-14 02:20:00,1.004,1.0042,1.004,1.004,8456.09
coinbase,USDTUSDC,1678760880000,2023-03-14 02:28:00,1.0042,1.0043,1.0042,1.0043,157.88
coinbase,USDTUSDC,1678761060000,2023-03-14 02:31:00,1.0044,1.0047,1.0044,1.0044,1965.61
coinbase,USDTUSDC,1678761180000,2023-03-14 02:33:00,1.0042,1.0042,1.004,1.004,5761.98
coinbase,USDTUSDC,1678762380000,2023-03-14 02:53:00,1.0046,1.0048,1.0046,1.0048,515.7
coinbase,USDTUSDC,1678762680000,2023-03-14 02:58:00,1.0047,1.0047,1.0047,1.0047,70.56
coinbase,USDTUSDC,1678762740000,2023-03-14 02:59:00,1.0049,1.0054,1.0049,1.0054,925.35
coinbase,USDTUSDC,1678763040000,2023-03-14 03:04:00,1.0049,1.0049,1.0048,1.0048,4103.4
coinbase,USDTUSDC,1678764120000,2023-03-14 03:22:00,1.0044,1.0047,1.004,1.0047,300141.12
coinbase,USDTUSDC,1678765020000,2023-03-14 03:37:00,1.0047,1.0047,1.0047,1.0047,23.5
coinbase,USDTUSDC,1678766160000,2023-03-14 03:56:00,1.0047,1.0056,1.0044,1.0046,2826.41
coinbase,USDTUSDC,1678766400000,2023-03-14 04:00:00,1.0045,1.0065,1.0045,1.0065,17082.85
coinbase,USDTUSDC,1678767420000,2023-03-14 04:17:00,1.0049,1.0054,1.0049,1.0054,1044.97
coinbase,USDTUSDC,1678768200000,2023-03-14 04:30:00,1.0052,1.0054,1.0049,1.0049,100.97
coinbase,USDTUSDC,1678768260000,2023-03-14 04:31:00,1.0054,1.0054,1.0049,1.0054,218.7
coinbase,USDTUSDC,1678768380000,2023-03-14 04:33:00,1.0054,1.0057,1.0054,1.0057,1801.56
coinbase,USDTUSDC,1678768800000,2023-03-14 04:40:00,1.0053,1.0057,1.0051,1.0051,1420.66
coinbase,USDTUSDC,1678769100000,2023-03-14 04:45:00,1.0057,1.0057,1.0057,1.0057,882.97
coinbase,USDTUSDC,1678770420000,2023-03-14 05:07:00,1.0054,1.0057,1.0054,1.0057,809.51
coinbase,USDTUSDC,1678770660000,2023-03-14 05:11:00,1.0051,1.0057,1.005,1.005,896
coinbase,USDTUSDC,1678770720000,2023-03-14 05:12:00,1.005,1.005,1.005,1.005,614.36
coinbase,USDTUSDC,1678770840000,2023-03-14 05:14:00,1.005,1.005,1.0049,1.0049,752.12
coinbase,USDTUSDC,1678771320000,2023-03-14 05:22:00,1.0049,1.0049,1.0049,1.0049,2.18
coinbase,USDTUSDC,1678771620000,2023-03-14 05:27:00,1.0049,1.0049,1.0046,1.0046,975.52
coinbase,USDTUSDC,1678771800000,2023-03-14 05:30:00,1.0057,1.0057,1.0057,1.0057,742.66
coinbase,USDTUSDC,1678773300000,2023-03-14 05:55:00,1.0052,1.0057,1.0052,1.0057,9.59
coinbase,USDTUSDC,1678774920000,2023-03-14 06:22:00,1.0049,1.0049,1.0049,1.0049,7515.43
coinbase,USDTUSDC,1678774980000,2023-03-14 06:23:00,1.0049,1.0057,1.0049,1.0057,179.16
coinbase,USDTUSDC,1678775460000,2023-03-14 06:31:00,1.005,1.0057,1.005,1.0057,821.78
coinbase,USDTUSDC,1678775760000,2023-03-14 06:36:00,1.0051,1.0057,1.0051,1.0057,46970.47
coinbase,USDTUSDC,1678776060000,2023-03-14 06:41:00,1.0057,1.0057,1.0057,1.0057,181.89
coinbase,USDTUSDC,1678776360000,2023-03-14 06:46:00,1.0057,1.0057,1.0057,1.0057,535.79
coinbase,USDTUSDC,1678776420000,2023-03-14 06:47:00,1.0057,1.0057,1.0057,1.0057,347.05
coinbase,USDTUSDC,1678776480000,2023-03-14 06:48:00,1.0057,1.0057,1.0054,1.0054,195.32
coinbase,USDTUSDC,1678776840000,2023-03-14 06:54:00,1.0057,1.0057,1.0057,1.0057,146.42
coinbase,USDTUSDC,1678777140000,2023-03-14 06:59:00,1.0057,1.0057,1.0057,1.0057,171.89
coinbase,USDTUSDC,1678741320000,2023-03-13 21:02:00,1.005,1.005,1.0042,1.0042,2657.72
coinbase,USDTUSDC,1678741740000,2023-03-13 21:09:00,1.0046,1.0046,1.0042,1.0042,23.23
coinbase,USDTUSDC,1678741980000,2023-03-13 21:13:00,1.0046,1.0049,1.0042,1.0042,952.15
coinbase,USDTUSDC,1678742340000,2023-03-13 21:19:00,1.0049,1.005,1.0042,1.0042,87.02
coinbase,USDTUSDC,1678742460000,2023-03-13 21:21:00,1.0042,1.0042,1.0042,1.0042,244.24
coinbase,USDTUSDC,1678742520000,2023-03-13 21:22:00,1.0045,1.0046,1.0042,1.0046,561.56
coinbase,USDTUSDC,1678742640000,2023-03-13 21:24:00,1.0046,1.0046,1.0046,1.0046,236.41
coinbase,USDTUSDC,1678742700000,2023-03-13 21:25:00,1.0046,1.0046,1.0046,1.0046,82.5
coinbase,USDTUSDC,1678742760000,2023-03-13 21:26:00,1.0047,1.0047,1.0042,1.0042,2929.84
coinbase,USDTUSDC,1678742820000,2023-03-13 21:27:00,1.0048,1.0048,1.0042,1.0043,376.31
coinbase,USDTUSDC,1678742940000,2023-03-13 21:29:00,1.0044,1.0044,1.0044,1.0044,9227.98
coinbase,USDTUSDC,1678743000000,2023-03-13 21:30:00,1.0045,1.0045,1.0044,1.0044,1078.1
coinbase,USDTUSDC,1678743120000,2023-03-13 21:32:00,1.0044,1.0044,1.0044,1.0044,2667.89
coinbase,USDTUSDC,1678743180000,2023-03-13 21:33:00,1.0044,1.0044,1.0042,1.0042,1011.54
coinbase,USDTUSDC,1678743240000,2023-03-13 21:34:00,1.0043,1.0047,1.0043,1.0047,2453.42
coinbase,USDTUSDC,1678743300000,2023-03-13 21:35:00,1.0043,1.0046,1.0041,1.0041,1935.03
coinbase,USDTUSDC,1678743360000,2023-03-13 21:36:00,1.0043,1.005,1.0041,1.005,2114.08
coinbase,USDTUSDC,1678743420000,2023-03-13 21:37:00,1.0041,1.0042,1.0041,1.0042,1959.69
coinbase,USDTUSDC,1678743480000,2023-03-13 21:38:00,1.0042,1.0042,1.0041,1.0041,4600.01
coinbase,USDTUSDC,1678743540000,2023-03-13 21:39:00,1.0041,1.0041,1.0041,1.0041,946.13
coinbase,USDTUSDC,1678743600000,2023-03-13 21:40:00,1.0041,1.0041,1.0041,1.0041,2838.39
coinbase,USDTUSDC,1678743660000,2023-03-13 21:41:00,1.0041,1.0041,1.0041,1.0041,5872.91
coinbase,USDTUSDC,1678743720000,2023-03-13 21:42:00,1.0041,1.0041,1.0041,1.0041,5592.56
coinbase,USDTUSDC,1678743780000,2023-03-13 21:43:00,1.0041,1.0041,1.0041,1.0041,1431.26
coinbase,USDTUSDC,1678743840000,2023-03-13 21:44:00,1.0041,1.0041,1.0041,1.0041,3910.13
coinbase,USDTUSDC,1678743900000,2023-03-13 21:45:00,1.0041,1.0041,1.0041,1.0041,5874.02
coinbase,USDTUSDC,1678743960000,2023-03-13 21:46:00,1.0041,1.0048,1.0041,1.0048,4789.24
coinbase,USDTUSDC,1678744020000,2023-03-13 21:47:00,1.0041,1.0048,1.0041,1.0041,6859.04
coinbase,USDTUSDC,1678744080000,2023-03-13 21:48:00,1.0041,1.0044,1.0041,1.0041,5177.35
coinbase,USDTUSDC,1678744140000,2023-03-13 21:49:00,1.0041,1.0041,1.0041,1.0041,4453.52
coinbase,USDTUSDC,1678744200000,2023-03-13 21:50:00,1.0041,1.0041,1.0041,1.0041,6046.33
coinbase,USDTUSDC,1678744260000,2023-03-13 21:51:00,1.0041,1.0041,1.0041,1.0041,5488.59
coinbase,USDTUSDC,1678744320000,2023-03-13 21:52:00,1.0041,1.0044,1.0041,1.0044,12514.48
coinbase,USDTUSDC,1678744440000,2023-03-13 21:54:00,1.0041,1.0041,1.0041,1.0041,11886.34
coinbase,USDTUSDC,1678744500000,2023-03-13 21:55:00,1.0041,1.0047,1.0041,1.0041,15527.24
coinbase,USDTUSDC,1678744560000,2023-03-13 21:56:00,1.0041,1.0041,1.0041,1.0041,9105.04
coinbase,USDTUSDC,1678744620000,2023-03-13 21:57:00,1.0047,1.0047,1.0041,1.0041,13428.29
coinbase,USDTUSDC,1678744680000,2023-03-13 21:58:00,1.0041,1.0041,1.0041,1.0041,11798.27
coinbase,USDTUSDC,1678744740000,2023-03-13 21:59:00,1.0041,1.0041,1.0041,1.0041,6189.51
coinbase,USDTUSDC,1678744800000,2023-03-13 22:00:00,1.0041,1.0043,1.0041,1.0041,8590.91
coinbase,USDTUSDC,1678744860000,2023-03-13 22:01:00,1.0041,1.0041,1.0041,1.0041,5997.61
coinbase,USDTUSDC,1678744920000,2023-03-13 22:02:00,1.0041,1.0041,1.0041,1.0041,6160.04
coinbase,USDTUSDC,1678744980000,2023-03-13 22:03:00,1.0041,1.0041,1.0041,1.0041,11776.81
coinbase,USDTUSDC,1678745040000,2023-03-13 22:04:00,1.0041,1.0047,1.0041,1.0047,4944.8
coinbase,USDTUSDC,1678745100000,2023-03-13 22:05:00,1.0046,1.0047,1.0041,1.0041,5540.57
coinbase,USDTUSDC,1678745160000,2023-03-13 22:06:00,1.0041,1.0047,1.0041,1.0041,19463.25
coinbase,USDTUSDC,1678745220000,2023-03-13 22:07:00,1.0041,1.0041,1.0041,1.0041,12360.31
coinbase,USDTUSDC,1678745280000,2023-03-13 22:08:00,1.0041,1.0041,1.0041,1.0041,13394.68
coinbase,USDTUSDC,1678745340000,2023-03-13 22:09:00,1.0041,1.0041,1.0041,1.0041,13057.65
coinbase,USDTUSDC,1678745400000,2023-03-13 22:10:00,1.0041,1.0041,1.0041,1.0041,11260.88
coinbase,USDTUSDC,1678745460000,2023-03-13 22:11:00,1.0041,1.0041,1.0041,1.0041,11934.44
coinbase,USDTUSDC,1678745580000,2023-03-13 22:13:00,1.0041,1.0041,1.0041,1.0041,17860.16
coinbase,USDTUSDC,1678745640000,2023-03-13 22:14:00,1.0041,1.0041,1.0041,1.0041,14654.85
coinbase,USDTUSDC,1678745700000,2023-03-13 22:15:00,1.0041,1.0041,1.0041,1.0041,9459.18
coinbase,USDTUSDC,1678745760000,2023-03-13 22:16:00,1.0041,1.0041,1.0041,1.0041,8047.19
coinbase,USDTUSDC,1678745820000,2023-03-13 22:17:00,1.0041,1.0041,1.0041,1.0041,13750.27
coinbase,USDTUSDC,1678745880000,2023-03-13 22:18:00,1.0041,1.0041,1.0041,1.0041,15059.01
coinbase,USDTUSDC,1678745940000,2023-03-13 22:19:00,1.0046,1.0046,1.0041,1.0041,16651.49
coinbase,USDTUSDC,1678746000000,2023-03-13 22:20:00,1.0047,1.0047,1.0041,1.0046,8561.32
coinbase,USDTUSDC,1678746060000,2023-03-13 22:21:00,1.0041,1.0046,1.0041,1.0046,25682.12
coinbase,USDTUSDC,1678746120000,2023-03-13 22:22:00,1.0041,1.0046,1.0041,1.0046,9369.86
coinbase,USDTUSDC,1678746180000,2023-03-13 22:23:00,1.0041,1.0047,1.0041,1.0047,18959.45
coinbase,USDTUSDC,1678746240000,2023-03-13 22:24:00,1.0041,1.0043,1.0041,1.0041,21761.37
coinbase,USDTUSDC,1678746300000,2023-03-13 22:25:00,1.0041,1.0041,1.004,1.004,7917.97
coinbase,USDTUSDC,1678746360000,2023-03-13 22:26:00,1.004,1.004,1.004,1.004,19493.74
coinbase,USDTUSDC,1678746420000,2023-03-13 22:27:00,1.004,1.004,1.004,1.004,18230.75
coinbase,USDTUSDC,1678746480000,2023-03-13 22:28:00,1.004,1.004,1.004,1.004,8055.85
coinbase,USDTUSDC,1678746540000,2023-03-13 22:29:00,1.004,1.004,1.004,1.004,6516.73
coinbase,USDTUSDC,1678746600000,2023-03-13 22:30:00,1.004,1.004,1.004,1.004,946.22
coinbase,USDTUSDC,1678746660000,2023-03-13 22:31:00,1.004,1.004,1.004,1.004,10229.33
coinbase,USDTUSDC,1678746720000,2023-03-13 22:32:00,1.004,1.004,1.004,1.004,7965.89
coinbase,USDTUSDC,1678746780000,2023-03-13 22:33:00,1.0046,1.0047,1.004,1.004,15260.08
coinbase,USDTUSDC,1678746840000,2023-03-13 22:34:00,1.0046,1.0046,1.0041,1.0045,88.63
coinbase,USDTUSDC,1678747020000,2023-03-13 22:37:00,1.0041,1.0041,1.004,1.0041,5684.36
coinbase,USDTUSDC,1678747200000,2023-03-13 22:40:00,1.0043,1.0043,1.0043,1.0043,681.33
coinbase,USDTUSDC,1678747260000,2023-03-13 22:41:00,1.0043,1.0047,1.0043,1.0047,1439.69
coinbase,USDTUSDC,1678747440000,2023-03-13 22:44:00,1.0046,1.0047,1.0046,1.0047,1185.13
coinbase,USDTUSDC,1678747800000,2023-03-13 22:50:00,1.0043,1.0043,1.0043,1.0043,2363.3
coinbase,USDTUSDC,1678748280000,2023-03-13 22:58:00,1.0043,1.0043,1.0042,1.0042,5499.12
coinbase,USDTUSDC,1678748400000,2023-03-13 23:00:00,1.0041,1.0043,1.0041,1.0043,4990.52
coinbase,USDTUSDC,1678748700000,2023-03-13 23:05:00,1.0043,1.0043,1.0042,1.0042,153.04
coinbase,USDTUSDC,1678749180000,2023-03-13 23:13:00,1.0046,1.0049,1.0046,1.0049,999.81
coinbase,USDTUSDC,1678749240000,2023-03-13 23:14:00,1.0044,1.0044,1.0043,1.0043,45.19
coinbase,USDTUSDC,1678749480000,2023-03-13 23:18:00,1.0042,1.0044,1.0039,1.0044,1031.63
coinbase,USDTUSDC,1678749660000,2023-03-13 23:21:00,1.0044,1.0048,1.0038,1.0038,6967.71
coinbase,USDTUSDC,1678749780000,2023-03-13 23:23:00,1.004,1.005,1.004,1.005,5522.73
coinbase,USDTUSDC,1678750020000,2023-03-13 23:27:00,1.0039,1.0039,1.0039,1.0039,9029.15
coinbase,USDTUSDC,1678750260000,2023-03-13 23:31:00,1.0044,1.0044,1.0044,1.0044,8.21
coinbase,USDTUSDC,1678750560000,2023-03-13 23:36:00,1.004,1.004,1.004,1.004,832
coinbase,USDTUSDC,1678750740000,2023-03-13 23:39:00,1.004,1.004,1.004,1.004,1002.93
coinbase,USDTUSDC,1678750800000,2023-03-13 23:40:00,1.004,1.004,1.0039,1.0039,3592.12
coinbase,USDTUSDC,1678750860000,2023-03-13 23:41:00,1.0039,1.0059,1.0039,1.0059,23138.99
coinbase,USDTUSDC,1678750920000,2023-03-13 23:42:00,1.004,1.004,1.0039,1.0039,9708.44
coinbase,USDTUSDC,1678751040000,2023-03-13 23:44:00,1.0039,1.004,1.0039,1.0039,6303.25
coinbase,USDTUSDC,1678751100000,2023-03-13 23:45:00,1.004,1.004,1.0039,1.0039,11754.1
coinbase,USDTUSDC,1678751160000,2023-03-13 23:46:00,1.0039,1.0039,1.0039,1.0039,11362.18
coinbase,USDTUSDC,1678751220000,2023-03-13 23:47:00,1.0039,1.004,1.0039,1.0039,7390.08
coinbase,USDTUSDC,1678751280000,2023-03-13 23:48:00,1.0039,1.0039,1.0039,1.0039,15803.76
coinbase,USDTUSDC,1678751340000,2023-03-13 23:49:00,1.004,1.004,1.0039,1.0039,11781.8
coinbase,USDTUSDC,1678751400000,2023-03-13 23:50:00,1.0039,1.0039,1.0039,1.0039,6040.56
coinbase,USDTUSDC,1678751460000,2023-03-13 23:51:00,1.0039,1.0044,1.0039,1.0039,11813.12
coinbase,USDTUSDC,1678751520000,2023-03-13 23:52:00,1.0047,1.0047,1.0039,1.0043,4736.18
coinbase,USDTUSDC,1678751580000,2023-03-13 23:53:00,1.0043,1.0046,1.0039,1.0039,11902.82
coinbase,USDTUSDC,1678751640000,2023-03-13 23:54:00,1.0046,1.0048,1.0039,1.0039,13495.53
coinbase,USDTUSDC,1678751700000,2023-03-13 23:55:00,1.0039,1.0039,1.0039,1.0039,12586.58
coinbase,USDTUSDC,1678751760000,2023-03-13 23:56:00,1.0041,1.0041,1.0039,1.0039,10163.95
coinbase,USDTUSDC,1678751820000,2023-03-13 23:57:00,1.0039,1.004,1.0039,1.0039,13044.64
coinbase,USDTUSDC,1678751880000,2023-03-13 23:58:00,1.0039,1.0047,1.0039,1.0039,12149.81
coinbase,USDTUSDC,1678751940000,2023-03-13 23:59:00,1.0039,1.004,1.0039,1.004,8945.45
coinbase,USDTUSDC,1678752000000,2023-03-14 00:00:00,1.004,1.004,1.0039,1.004,6761.01
coinbase,USDTUSDC,1678752060000,2023-03-14 00:01:00,1.004,1.004,1.004,1.004,14021.8
coinbase,USDTUSDC,1678752120000,2023-03-14 00:02:00,1.0044,1.0044,1.004,1.004,12479.3
coinbase,USDTUSDC,1678752180000,2023-03-14 00:03:00,1.004,1.004,1.0039,1.004,12654.27
coinbase,USDTUSDC,1678752240000,2023-03-14 00:04:00,1.004,1.004,1.0039,1.0039,13362.4
coinbase,USDTUSDC,1678752300000,2023-03-14 00:05:00,1.004,1.0043,1.004,1.0042,56102.41
coinbase,USDTUSDC,1678752360000,2023-03-14 00:06:00,1.004,1.0042,1.004,1.0042,10248.96
coinbase,USDTUSDC,1678752480000,2023-03-14 00:08:00,1.004,1.0044,1.004,1.0044,12636.6
coinbase,USDTUSDC,1678752540000,2023-03-14 00:09:00,1.004,1.004,1.004,1.004,3211.14
coinbase,USDTUSDC,1678752600000,2023-03-14 00:10:00,1.0043,1.0043,1.004,1.004,5149.76
coinbase,USDTUSDC,1678752780000,2023-03-14 00:13:00,1.0043,1.0044,1.004,1.004,10431.96
coinbase,USDTUSDC,1678753020000,2023-03-14 00:17:00,1.004,1.004,1.004,1.004,13444.61
coinbase,USDTUSDC,1678753080000,2023-03-14 00:18:00,1.004,1.004,1.004,1.004,14156.75
coinbase,USDTUSDC,1678753140000,2023-03-14 00:19:00,1.004,1.004,1.004,1.004,14482.66
coinbase,USDTUSDC,1678753200000,2023-03-14 00:20:00,1.004,1.004,1.004,1.004,14031.54
coinbase,USDTUSDC,1678753260000,2023-03-14 00:21:00,1.004,1.004,1.004,1.004,3492.06
coinbase,USDTUSDC,1678753320000,2023-03-14 00:22:00,1.004,1.004,1.004,1.004,2.06
coinbase,USDTUSDC,1678753380000,2023-03-14 00:23:00,1.004,1.004,1.004,1.004,15216.14
coinbase,USDTUSDC,1678753440000,2023-03-14 00:24:00,1.004,1.004,1.004,1.004,3429.25
coinbase,USDTUSDC,1678753500000,2023-03-14 00:25:00,1.004,1.0041,1.004,1.0041,9055.02
coinbase,USDTUSDC,1678753560000,2023-03-14 00:26:00,1.0043,1.0043,1.0043,1.0043,22.08
coinbase,USDTUSDC,1678753740000,2023-03-14 00:29:00,1.0041,1.0041,1.0041,1.0041,5971.95
coinbase,USDTUSDC,1678753920000,2023-03-14 00:32:00,1.0041,1.0041,1.0041,1.0041,8132.8
coinbase,USDTUSDC,1678753980000,2023-03-14 00:33:00,1.0041,1.0041,1.0038,1.0039,24275.92
coinbase,USDTUSDC,1678754100000,2023-03-14 00:35:00,1.0039,1.0039,1.0039,1.0039,5628.86
coinbase,USDTUSDC,1678754160000,2023-03-14 00:36:00,1.0039,1.0039,1.0039,1.0039,13076.68
coinbase,USDTUSDC,1678754280000,2023-03-14 00:38:00,1.0039,1.0039,1.0039,1.0039,15493.42
coinbase,USDTUSDC,1678754340000,2023-03-14 00:39:00,1.0039,1.0039,1.0039,1.0039,8527.57
coinbase,USDTUSDC,1678754400000,2023-03-14 00:40:00,1.0039,1.0039,1.0039,1.0039,3521.47
coinbase,USDTUSDC,1678754460000,2023-03-14 00:41:00,1.0039,1.004,1.0039,1.004,2439.46
coinbase,USDTUSDC,1678754580000,2023-03-14 00:43:00,1.004,1.004,1.004,1.004,3661.22
coinbase,USDTUSDC,1678754640000,2023-03-14 00:44:00,1.0042,1.0042,1.004,1.004,3844.99
coinbase,USDTUSDC,1678754820000,2023-03-14 00:47:00,1.004,1.004,1.004,1.004,14895.87
coinbase,USDTUSDC,1678755060000,2023-03-14 00:51:00,1.004,1.004,1.004,1.004,16272.41
coinbase,USDTUSDC,1678755120000,2023-03-14 00:52:00,1.004,1.004,1.004,1.004,4783.22
coinbase,USDTUSDC,1678755180000,2023-03-14 00:53:00,1.004,1.0041,1.0039,1.004,15947.26
coinbase,USDTUSDC,1678755300000,2023-03-14 00:55:00,1.004,1.0044,1.004,1.0044,7941.16
coinbase,USDTUSDC,1678755360000,2023-03-14 00:56:00,1.0043,1.0047,1.0043,1.0045,340.01
coinbase,USDTUSDC,1678755480000,2023-03-14 00:58:00,1.0046,1.0046,1.0046,1.0046,19
coinbase,USDTUSDC,1678755540000,2023-03-14 00:59:00,1.0045,1.0046,1.0045,1.0046,18951.82
coinbase,USDTUSDC,1678755660000,2023-03-14 01:01:00,1.0045,1.0045,1.0045,1.0045,16065.47
coinbase,USDTUSDC,1678755780000,2023-03-14 01:03:00,1.0046,1.0046,1.0045,1.0045,7096.63
coinbase,USDTUSDC,1678755840000,2023-03-14 01:04:00,1.0045,1.0046,1.0045,1.0046,644.36
coinbase,USDTUSDC,1678756260000,2023-03-14 01:11:00,1.0046,1.0046,1.0044,1.0044,2940.95
coinbase,USDTUSDC,1678756320000,2023-03-14 01:12:00,1.0044,1.0045,1.0041,1.0045,8175.81
coinbase,USDTUSDC,1678756440000,2023-03-14 01:14:00,1.0044,1.0049,1.0043,1.0049,12389.85
coinbase,USDTUSDC,1678756560000,2023-03-14 01:16:00,1.0046,1.0046,1.0045,1.0045,18323.29
coinbase,USDTUSDC,1678756680000,2023-03-14 01:18:00,1.0046,1.0046,1.0045,1.0046,10275.19
coinbase,USDTUSDC,1678756860000,2023-03-14 01:21:00,1.0046,1.0048,1.0046,1.0048,8967.05
coinbase,USDTUSDC,1678756920000,2023-03-14 01:22:00,1.0046,1.0048,1.0046,1.0048,598.38
coinbase,USDTUSDC,1678757040000,2023-03-14 01:24:00,1.0046,1.0046,1.004,1.0046,7423.94
coinbase,USDTUSDC,1678757100000,2023-03-14 01:25:00,1.004,1.004,1.004,1.004,8052.15
coinbase,USDTUSDC,1678757220000,2023-03-14 01:27:00,1.004,1.004,1.0039,1.0039,12306.63
coinbase,USDTUSDC,1678757280000,2023-03-14 01:28:00,1.0041,1.0047,1.0039,1.0046,3376.29
coinbase,USDTUSDC,1678757340000,2023-03-14 01:29:00,1.0046,1.0047,1.004,1.0042,16732.72
coinbase,USDTUSDC,1678757400000,2023-03-14 01:30:00,1.0042,1.0042,1.0042,1.0042,22040.14
coinbase,USDTUSDC,1678757460000,2023-03-14 01:31:00,1.0045,1.0045,1.004,1.004,17031.92
coinbase,USDTUSDC,1678757520000,2023-03-14 01:32:00,1.004,1.004,1.004,1.004,17839.19
coinbase,USDTUSDC,1678757640000,2023-03-14 01:34:00,1.0041,1.0047,1.0041,1.0047,7111.26
coinbase,USDTUSDC,1678757700000,2023-03-14 01:35:00,1.0047,1.0048,1.0044,1.0044,8705.69
coinbase,USDTUSDC,1678757820000,2023-03-14 01:37:00,1.0047,1.0048,1.0044,1.0047,3099.22
coinbase,USDTUSDC,1678757880000,2023-03-14 01:38:00,1.0045,1.0046,1.0045,1.0046,9677.9
coinbase,USDTUSDC,1678757940000,2023-03-14 01:39:00,1.0046,1.0048,1.0046,1.0048,9106.7
coinbase,USDTUSDC,1678758000000,2023-03-14 01:40:00,1.0046,1.0048,1.0045,1.0045,19544.54
coinbase,USDTUSDC,1678758120000,2023-03-14 01:42:00,1.0045,1.0045,1.0044,1.0044,16670.94
coinbase,USDTUSDC,1678758180000,2023-03-14 01:43:00,1.0044,1.0044,1.0044,1.0044,20146.35
coinbase,USDTUSDC,1678758240000,2023-03-14 01:44:00,1.0044,1.0044,1.0044,1.0044,18369.19
coinbase,USDTUSDC,1678758300000,2023-03-14 01:45:00,1.0044,1.0044,1.0042,1.0042,10561.73
coinbase,USDTUSDC,1678758360000,2023-03-14 01:46:00,1.0042,1.0043,1.0042,1.0043,19920.16
coinbase,USDTUSDC,1678758420000,2023-03-14 01:47:00,1.0041,1.0041,1.0041,1.0041,10227.19
coinbase,USDTUSDC,1678758480000,2023-03-14 01:48:00,1.0041,1.0041,1.0038,1.0038,12570.22
coinbase,USDTUSDC,1678758600000,2023-03-14 01:50:00,1.0039,1.0043,1.0038,1.0042,9479
coinbase,USDTUSDC,1678759080000,2023-03-14 01:58:00,1.0041,1.0041,1.0041,1.0041,1.08
coinbase,USDTUSDC,1678723200000,2023-03-13 16:00:00,1.0051,1.0058,1.0051,1.0058,3232.01
coinbase,USDTUSDC,1678723440000,2023-03-13 16:04:00,1.0062,1.0062,1.0061,1.0061,3574.99
coinbase,USDTUSDC,1678723500000,2023-03-13 16:05:00,1.0062,1.0062,1.0054,1.0062,13248.18
coinbase,USDTUSDC,1678723560000,2023-03-13 16:06:00,1.0062,1.0062,1.0062,1.0062,4614.24
coinbase,USDTUSDC,1678723620000,2023-03-13 16:07:00,1.0062,1.0062,1.0061,1.0062,801.05
coinbase,USDTUSDC,1678723680000,2023-03-13 16:08:00,1.0058,1.0058,1.0058,1.0058,2891.6
coinbase,USDTUSDC,1678723740000,2023-03-13 16:09:00,1.006,1.006,1.006,1.006,98.28
coinbase,USDTUSDC,1678723800000,2023-03-13 16:10:00,1.0062,1.0063,1.0058,1.0062,43794.03
coinbase,USDTUSDC,1678723860000,2023-03-13 16:11:00,1.0062,1.0063,1.0062,1.0063,5174.58
coinbase,USDTUSDC,1678723980000,2023-03-13 16:13:00,1.0063,1.0063,1.0063,1.0063,15862.06
coinbase,USDTUSDC,1678724100000,2023-03-13 16:15:00,1.0064,1.0064,1.0063,1.0063,27
coinbase,USDTUSDC,1678724280000,2023-03-13 16:18:00,1.0064,1.0065,1.0064,1.0065,11552.17
coinbase,USDTUSDC,1678724340000,2023-03-13 16:19:00,1.0065,1.0066,1.0063,1.0066,17011.83
coinbase,USDTUSDC,1678724400000,2023-03-13 16:20:00,1.0067,1.0072,1.0064,1.0064,72600.23
coinbase,USDTUSDC,1678724460000,2023-03-13 16:21:00,1.0066,1.0066,1.0064,1.0064,1435.35
coinbase,USDTUSDC,1678724520000,2023-03-13 16:22:00,1.0064,1.0064,1.0058,1.0062,20918.91
coinbase,USDTUSDC,1678724580000,2023-03-13 16:23:00,1.0059,1.0064,1.0058,1.0064,7271.84
coinbase,USDTUSDC,1678724640000,2023-03-13 16:24:00,1.0063,1.0068,1.0059,1.0068,975.87
coinbase,USDTUSDC,1678724760000,2023-03-13 16:26:00,1.0068,1.0068,1.0068,1.0068,7.57
coinbase,USDTUSDC,1678724940000,2023-03-13 16:29:00,1.0068,1.0068,1.0062,1.0062,168.15
coinbase,USDTUSDC,1678725240000,2023-03-13 16:34:00,1.0059,1.0059,1.0057,1.0057,146.4
coinbase,USDTUSDC,1678725300000,2023-03-13 16:35:00,1.0055,1.0062,1.0055,1.006,2500.12
coinbase,USDTUSDC,1678725360000,2023-03-13 16:36:00,1.0059,1.0061,1.0055,1.0055,78895.55
coinbase,USDTUSDC,1678725420000,2023-03-13 16:37:00,1.0055,1.0055,1.0055,1.0055,2637.15
coinbase,USDTUSDC,1678725480000,2023-03-13 16:38:00,1.0055,1.0063,1.0055,1.0063,289273.61
coinbase,USDTUSDC,1678725540000,2023-03-13 16:39:00,1.0063,1.0067,1.0062,1.0067,187816.64
coinbase,USDTUSDC,1678725600000,2023-03-13 16:40:00,1.0067,1.0067,1.0067,1.0067,316511.47
coinbase,USDTUSDC,1678725660000,2023-03-13 16:41:00,1.0067,1.0069,1.0064,1.0064,1808183.08
coinbase,USDTUSDC,1678725720000,2023-03-13 16:42:00,1.0064,1.0064,1.0053,1.0057,6735.16
coinbase,USDTUSDC,1678725780000,2023-03-13 16:43:00,1.0054,1.0054,1.0054,1.0054,3273.35
coinbase,USDTUSDC,1678725840000,2023-03-13 16:44:00,1.0054,1.0057,1.0054,1.0057,1449.65
coinbase,USDTUSDC,1678725900000,2023-03-13 16:45:00,1.0057,1.0057,1.0057,1.0057,1824.6
coinbase,USDTUSDC,1678725960000,2023-03-13 16:46:00,1.0057,1.0058,1.0051,1.0051,48793.97
coinbase,USDTUSDC,1678726020000,2023-03-13 16:47:00,1.0051,1.0051,1.0051,1.0051,70012.58
coinbase,USDTUSDC,1678726080000,2023-03-13 16:48:00,1.0051,1.0051,1.0051,1.0051,45074.71
coinbase,USDTUSDC,1678726140000,2023-03-13 16:49:00,1.0051,1.0051,1.005,1.0051,11528.57
coinbase,USDTUSDC,1678726200000,2023-03-13 16:50:00,1.0051,1.0051,1.0047,1.0051,2697.92
coinbase,USDTUSDC,1678726260000,2023-03-13 16:51:00,1.0051,1.0051,1.0051,1.0051,4259.77
coinbase,USDTUSDC,1678726380000,2023-03-13 16:53:00,1.0051,1.0051,1.0051,1.0051,1525.99
coinbase,USDTUSDC,1678726440000,2023-03-13 16:54:00,1.0051,1.0051,1.0051,1.0051,3213.3
coinbase,USDTUSDC,1678726560000,2023-03-13 16:56:00,1.0051,1.0051,1.0051,1.0051,1053.71
coinbase,USDTUSDC,1678726620000,2023-03-13 16:57:00,1.0051,1.0051,1.0051,1.0051,2007.74
coinbase,USDTUSDC,1678726680000,2023-03-13 16:58:00,1.0051,1.0051,1.0051,1.0051,6944.89
coinbase,USDTUSDC,1678726740000,2023-03-13 16:59:00,1.0051,1.0051,1.0051,1.0051,1507.92
coinbase,USDTUSDC,1678726800000,2023-03-13 17:00:00,1.005,1.005,1.005,1.005,2848
coinbase,USDTUSDC,1678726860000,2023-03-13 17:01:00,1.005,1.005,1.005,1.005,5194
coinbase,USDTUSDC,1678726920000,2023-03-13 17:02:00,1.005,1.005,1.0049,1.0049,627.94
coinbase,USDTUSDC,1678727040000,2023-03-13 17:04:00,1.0046,1.005,1.0046,1.005,525.79
coinbase,USDTUSDC,1678727220000,2023-03-13 17:07:00,1.005,1.005,1.0049,1.0049,98.83
coinbase,USDTUSDC,1678727280000,2023-03-13 17:08:00,1.0049,1.0049,1.0045,1.0045,947.31
coinbase,USDTUSDC,1678727340000,2023-03-13 17:09:00,1.0045,1.005,1.0045,1.0045,20738.15
coinbase,USDTUSDC,1678727400000,2023-03-13 17:10:00,1.0045,1.005,1.0044,1.005,6800.31
coinbase,USDTUSDC,1678727520000,2023-03-13 17:12:00,1.0049,1.0049,1.0049,1.0049,20.89
coinbase,USDTUSDC,1678727580000,2023-03-13 17:13:00,1.0049,1.005,1.0044,1.0048,7230.94
coinbase,USDTUSDC,1678727640000,2023-03-13 17:14:00,1.0047,1.0047,1.0046,1.0046,22.65
coinbase,USDTUSDC,1678727760000,2023-03-13 17:16:00,1.0049,1.0049,1.0049,1.0049,6.14
coinbase,USDTUSDC,1678727940000,2023-03-13 17:19:00,1.0045,1.0046,1.0045,1.0045,2078.04
coinbase,USDTUSDC,1678728000000,2023-03-13 17:20:00,1.0043,1.0045,1.0043,1.0045,1135.04
coinbase,USDTUSDC,1678728060000,2023-03-13 17:21:00,1.0045,1.0045,1.0045,1.0045,1045.14
coinbase,USDTUSDC,1678728120000,2023-03-13 17:22:00,1.0042,1.0044,1.004,1.0044,300.58
coinbase,USDTUSDC,1678728180000,2023-03-13 17:23:00,1.0035,1.0045,1.0035,1.0045,2204.84
coinbase,USDTUSDC,1678728240000,2023-03-13 17:24:00,1.0044,1.0045,1.0035,1.0045,2041.38
coinbase,USDTUSDC,1678728360000,2023-03-13 17:26:00,1.0044,1.0044,1.0044,1.0044,1521.24
coinbase,USDTUSDC,1678728420000,2023-03-13 17:27:00,1.0044,1.0045,1.0044,1.0045,3008.69
coinbase,USDTUSDC,1678728540000,2023-03-13 17:29:00,1.0045,1.0045,1.0045,1.0045,269.77
coinbase,USDTUSDC,1678728600000,2023-03-13 17:30:00,1.0045,1.0045,1.0041,1.0041,37865.44
coinbase,USDTUSDC,1678728660000,2023-03-13 17:31:00,1.0041,1.0041,1.0041,1.0041,19225.79
coinbase,USDTUSDC,1678728720000,2023-03-13 17:32:00,1.0041,1.0041,1.0041,1.0041,89844.96
coinbase,USDTUSDC,1678728780000,2023-03-13 17:33:00,1.0041,1.0041,1.0041,1.0041,56078.96
coinbase,USDTUSDC,1678728840000,2023-03-13 17:34:00,1.0041,1.0045,1.0041,1.0045,18724.54
coinbase,USDTUSDC,1678728900000,2023-03-13 17:35:00,1.0045,1.0056,1.0045,1.005,30764.1
coinbase,USDTUSDC,1678729260000,2023-03-13 17:41:00,1.005,1.005,1.005,1.005,4287.59
coinbase,USDTUSDC,1678729320000,2023-03-13 17:42:00,1.0049,1.0049,1.0045,1.0046,2162.28
coinbase,USDTUSDC,1678729500000,2023-03-13 17:45:00,1.0046,1.0046,1.0042,1.0042,2093.91
coinbase,USDTUSDC,1678729560000,2023-03-13 17:46:00,1.0045,1.0045,1.0045,1.0045,37.88
coinbase,USDTUSDC,1678729800000,2023-03-13 17:50:00,1.0044,1.0044,1.0044,1.0044,1.53
coinbase,USDTUSDC,1678729860000,2023-03-13 17:51:00,1.0044,1.0048,1.0042,1.0042,74.66
coinbase,USDTUSDC,1678729920000,2023-03-13 17:52:00,1.0042,1.0046,1.0042,1.0046,73.45
coinbase,USDTUSDC,1678730040000,2023-03-13 17:54:00,1.0042,1.0047,1.0042,1.0047,876.5
coinbase,USDTUSDC,1678730100000,2023-03-13 17:55:00,1.0048,1.0049,1.0042,1.0042,10468.53
coinbase,USDTUSDC,1678730280000,2023-03-13 17:58:00,1.0046,1.0046,1.0044,1.0044,35432.69
coinbase,USDTUSDC,1678730340000,2023-03-13 17:59:00,1.0044,1.0047,1.0043,1.0045,11828.31
coinbase,USDTUSDC,1678730460000,2023-03-13 18:01:00,1.0041,1.0044,1.0036,1.004,32579.71
coinbase,USDTUSDC,1678730520000,2023-03-13 18:02:00,1.004,1.0042,1.004,1.0042,1270.64
coinbase,USDTUSDC,1678730580000,2023-03-13 18:03:00,1.0043,1.0044,1.0042,1.0042,28433.46
coinbase,USDTUSDC,1678730640000,2023-03-13 18:04:00,1.0042,1.0044,1.0042,1.0042,115534.1
coinbase,USDTUSDC,1678730700000,2023-03-13 18:05:00,1.0042,1.0044,1.0042,1.0044,35403.76
coinbase,USDTUSDC,1678730760000,2023-03-13 18:06:00,1.0044,1.0045,1.0043,1.0045,4975.94
coinbase,USDTUSDC,1678730880000,2023-03-13 18:08:00,1.0045,1.0046,1.0045,1.0046,2153.75
coinbase,USDTUSDC,1678731060000,2023-03-13 18:11:00,1.0044,1.0057,1.0043,1.0043,30928.02
coinbase,USDTUSDC,1678731300000,2023-03-13 18:15:00,1.0043,1.0043,1.0039,1.0039,148.07
coinbase,USDTUSDC,1678731360000,2023-03-13 18:16:00,1.004,1.005,1.0038,1.0038,38038.9
coinbase,USDTUSDC,1678731420000,2023-03-13 18:17:00,1.0043,1.0044,1.0043,1.0043,4519.9
coinbase,USDTUSDC,1678731540000,2023-03-13 18:19:00,1.0041,1.0041,1.0041,1.0041,1526.4
coinbase,USDTUSDC,1678731660000,2023-03-13 18:21:00,1.0041,1.0041,1.0038,1.0039,955.01
coinbase,USDTUSDC,1678731720000,2023-03-13 18:22:00,1.004,1.0041,1.0038,1.0038,6364.96
coinbase,USDTUSDC,1678731780000,2023-03-13 18:23:00,1.0042,1.0042,1.0038,1.0038,952.39
coinbase,USDTUSDC,1678732020000,2023-03-13 18:27:00,1.0038,1.0038,1.0038,1.0038,1.81
coinbase,USDTUSDC,1678732260000,2023-03-13 18:31:00,1.0038,1.0042,1.0038,1.004,411.61
coinbase,USDTUSDC,1678732320000,2023-03-13 18:32:00,1.004,1.0043,1.004,1.0042,6782.34
coinbase,USDTUSDC,1678732500000,2023-03-13 18:35:00,1.0043,1.0044,1.0043,1.0044,8317.14
coinbase,USDTUSDC,1678732560000,2023-03-13 18:36:00,1.0043,1.0043,1.0043,1.0043,12140.02
coinbase,USDTUSDC,1678732620000,2023-03-13 18:37:00,1.0044,1.0045,1.0044,1.0044,2303.93
coinbase,USDTUSDC,1678732740000,2023-03-13 18:39:00,1.0045,1.0045,1.0045,1.0045,2339.25
coinbase,USDTUSDC,1678733160000,2023-03-13 18:46:00,1.0041,1.0045,1.0041,1.0045,72.04
coinbase,USDTUSDC,1678733220000,2023-03-13 18:47:00,1.0043,1.0043,1.0043,1.0043,828.2
coinbase,USDTUSDC,1678733280000,2023-03-13 18:48:00,1.0043,1.0043,1.0041,1.0041,4441.43
coinbase,USDTUSDC,1678733340000,2023-03-13 18:49:00,1.0043,1.0043,1.0043,1.0043,632.82
coinbase,USDTUSDC,1678733460000,2023-03-13 18:51:00,1.0043,1.0043,1.0041,1.0041,56198.81
coinbase,USDTUSDC,1678733880000,2023-03-13 18:58:00,1.0041,1.0041,1.0041,1.0041,176456.35
coinbase,USDTUSDC,1678733940000,2023-03-13 18:59:00,1.0041,1.0041,1.0041,1.0041,31282.03
coinbase,USDTUSDC,1678734240000,2023-03-13 19:04:00,1.0043,1.0043,1.0043,1.0043,1072.93
coinbase,USDTUSDC,1678734300000,2023-03-13 19:05:00,1.0043,1.0043,1.0043,1.0043,1043.55
coinbase,USDTUSDC,1678734360000,2023-03-13 19:06:00,1.0043,1.0043,1.0043,1.0043,2050.38
coinbase,USDTUSDC,1678734480000,2023-03-13 19:08:00,1.0043,1.0043,1.0036,1.0036,6480.26
coinbase,USDTUSDC,1678734540000,2023-03-13 19:09:00,1.0036,1.0043,1.0034,1.004,14072.53
coinbase,USDTUSDC,1678734600000,2023-03-13 19:10:00,1.0042,1.0043,1.0042,1.0043,3125.07
coinbase,USDTUSDC,1678734720000,2023-03-13 19:12:00,1.0039,1.0043,1.0039,1.0043,2536.37
coinbase,USDTUSDC,1678734780000,2023-03-13 19:13:00,1.0042,1.0043,1.0035,1.0035,5057.26
coinbase,USDTUSDC,1678734840000,2023-03-13 19:14:00,1.0034,1.0043,1.0034,1.0043,2092.18
coinbase,USDTUSDC,1678734960000,2023-03-13 19:16:00,1.0038,1.0042,1.0038,1.0042,424.58
coinbase,USDTUSDC,1678735080000,2023-03-13 19:18:00,1.0035,1.0043,1.0035,1.0035,2680.86
coinbase,USDTUSDC,1678735140000,2023-03-13 19:19:00,1.0034,1.0034,1.0033,1.0033,50819.96
coinbase,USDTUSDC,1678735200000,2023-03-13 19:20:00,1.0034,1.0037,1.0034,1.0037,70.88
coinbase,USDTUSDC,1678735320000,2023-03-13 19:22:00,1.0037,1.0037,1.0035,1.0035,1594.32
coinbase,USDTUSDC,1678735500000,2023-03-13 19:25:00,1.0037,1.0037,1.0033,1.0033,25684.31
coinbase,USDTUSDC,1678735980000,2023-03-13 19:33:00,1.0039,1.0044,1.0039,1.0044,1736.15
coinbase,USDTUSDC,1678736220000,2023-03-13 19:37:00,1.0037,1.0047,1.0037,1.0047,7408.99
coinbase,USDTUSDC,1678736520000,2023-03-13 19:42:00,1.0043,1.0043,1.004,1.004,56.35
coinbase,USDTUSDC,1678736640000,2023-03-13 19:44:00,1.0045,1.0045,1.0045,1.0045,1024.44
coinbase,USDTUSDC,1678737900000,2023-03-13 20:05:00,1.0046,1.005,1.0046,1.005,19528.98
coinbase,USDTUSDC,1678737960000,2023-03-13 20:06:00,1.0044,1.0049,1.0044,1.0049,156.12
coinbase,USDTUSDC,1678738320000,2023-03-13 20:12:00,1.0049,1.0049,1.0049,1.0049,68.83
coinbase,USDTUSDC,1678738380000,2023-03-13 20:13:00,1.0049,1.005,1.0049,1.0049,6953.05
coinbase,USDTUSDC,1678738440000,2023-03-13 20:14:00,1.0049,1.005,1.0049,1.0049,6723.73
coinbase,USDTUSDC,1678738560000,2023-03-13 20:16:00,1.0049,1.0049,1.0049,1.0049,190.37
coinbase,USDTUSDC,1678738620000,2023-03-13 20:17:00,1.0049,1.0049,1.0049,1.0049,1.36
coinbase,USDTUSDC,1678738740000,2023-03-13 20:19:00,1.0049,1.0049,1.0044,1.0044,1068.18
coinbase,USDTUSDC,1678738860000,2023-03-13 20:21:00,1.0049,1.0049,1.0049,1.0049,2.98
coinbase,USDTUSDC,1678738920000,2023-03-13 20:22:00,1.0044,1.0049,1.0044,1.0049,74.07
coinbase,USDTUSDC,1678739220000,2023-03-13 20:27:00,1.0049,1.0049,1.0049,1.0049,3.05
coinbase,USDTUSDC,1678739700000,2023-03-13 20:35:00,1.0049,1.0049,1.0049,1.0049,2018.09
coinbase,USDTUSDC,1678739940000,2023-03-13 20:39:00,1.0049,1.0049,1.0048,1.0049,232.94
coinbase,USDTUSDC,1678740540000,2023-03-13 20:49:00,1.0049,1.005,1.0049,1.005,37.41
coinbase,USDTUSDC,1678740660000,2023-03-13 20:51:00,1.005,1.005,1.0049,1.0049,126.65
coinbase,USDTUSDC,1678740720000,2023-03-13 20:52:00,1.0052,1.0052,1.0051,1.0051,1988.53
coinbase,USDTUSDC,1678740960000,2023-03-13 20:56:00,1.0052,1.0052,1.0052,1.0052,1064.45
coinbase,USDTUSDC,1678741080000,2023-03-13 20:58:00,1.005,1.005,1.005,1.005,1.47
coinbase,USDTUSDC,1678741140000,2023-03-13 20:59:00,1.005,1.005,1.005,1.005,55.76
coinbase,USDTUSDC,1678705260000,2023-03-13 11:01:00,1.0144,1.0144,1.0144,1.0144,2522.76
coinbase,USDTUSDC,1678705380000,2023-03-13 11:03:00,1.0144,1.0144,1.0144,1.0144,2052.14
coinbase,USDTUSDC,1678705500000,2023-03-13 11:05:00,1.0144,1.0145,1.0144,1.0144,12809.77
coinbase,USDTUSDC,1678705560000,2023-03-13 11:06:00,1.0144,1.0146,1.0144,1.0144,7037.76
coinbase,USDTUSDC,1678705740000,2023-03-13 11:09:00,1.0143,1.0145,1.0143,1.0145,2653.18
coinbase,USDTUSDC,1678705860000,2023-03-13 11:11:00,1.0143,1.0143,1.0141,1.0142,7364.99
coinbase,USDTUSDC,1678705920000,2023-03-13 11:12:00,1.0142,1.0142,1.0142,1.0142,5890.11
coinbase,USDTUSDC,1678705980000,2023-03-13 11:13:00,1.0142,1.0142,1.0142,1.0142,64.58
coinbase,USDTUSDC,1678706040000,2023-03-13 11:14:00,1.0142,1.0142,1.0142,1.0142,30241.95
coinbase,USDTUSDC,1678706100000,2023-03-13 11:15:00,1.0143,1.0143,1.0142,1.0142,2544.54
coinbase,USDTUSDC,1678706160000,2023-03-13 11:16:00,1.0143,1.0143,1.0142,1.0143,6492.48
coinbase,USDTUSDC,1678706220000,2023-03-13 11:17:00,1.0142,1.0146,1.0142,1.0143,14574.73
coinbase,USDTUSDC,1678706280000,2023-03-13 11:18:00,1.0143,1.0143,1.0143,1.0143,4934.05
coinbase,USDTUSDC,1678706460000,2023-03-13 11:21:00,1.0142,1.0143,1.0142,1.0143,393.74
coinbase,USDTUSDC,1678706580000,2023-03-13 11:23:00,1.0143,1.0145,1.0143,1.0145,1219.94
coinbase,USDTUSDC,1678706700000,2023-03-13 11:25:00,1.0145,1.0146,1.0145,1.0146,1991.75
coinbase,USDTUSDC,1678706760000,2023-03-13 11:26:00,1.0146,1.0147,1.0145,1.0147,11574.81
coinbase,USDTUSDC,1678706820000,2023-03-13 11:27:00,1.0145,1.0147,1.0145,1.0146,12884.15
coinbase,USDTUSDC,1678706880000,2023-03-13 11:28:00,1.0146,1.0147,1.0145,1.0147,14500.01
coinbase,USDTUSDC,1678706940000,2023-03-13 11:29:00,1.0145,1.0145,1.0143,1.0143,22331.51
coinbase,USDTUSDC,1678707000000,2023-03-13 11:30:00,1.0143,1.0144,1.0143,1.0144,32732.34
coinbase,USDTUSDC,1678707060000,2023-03-13 11:31:00,1.0144,1.0144,1.0143,1.0143,6153.22
coinbase,USDTUSDC,1678707120000,2023-03-13 11:32:00,1.0144,1.0144,1.0143,1.0143,4597.87
coinbase,USDTUSDC,1678707180000,2023-03-13 11:33:00,1.0145,1.0145,1.0143,1.0143,1506.16
coinbase,USDTUSDC,1678707240000,2023-03-13 11:34:00,1.0145,1.0145,1.0145,1.0145,2538.69
coinbase,USDTUSDC,1678707360000,2023-03-13 11:36:00,1.0145,1.0145,1.0144,1.0144,979.56
coinbase,USDTUSDC,1678707480000,2023-03-13 11:38:00,1.0144,1.0145,1.0143,1.0143,1115.67
coinbase,USDTUSDC,1678707660000,2023-03-13 11:41:00,1.0143,1.0143,1.0143,1.0143,6628.88
coinbase,USDTUSDC,1678707780000,2023-03-13 11:43:00,1.0146,1.0146,1.0146,1.0146,3495.47
coinbase,USDTUSDC,1678707840000,2023-03-13 11:44:00,1.0147,1.0147,1.0146,1.0147,3643.96
coinbase,USDTUSDC,1678707900000,2023-03-13 11:45:00,1.0146,1.0146,1.0143,1.0144,2073.07
coinbase,USDTUSDC,1678708020000,2023-03-13 11:47:00,1.0145,1.0145,1.0145,1.0145,2850
coinbase,USDTUSDC,1678708140000,2023-03-13 11:49:00,1.0144,1.0144,1.014,1.014,2083.6
coinbase,USDTUSDC,1678708200000,2023-03-13 11:50:00,1.0141,1.0141,1.0141,1.0141,538.54
coinbase,USDTUSDC,1678708320000,2023-03-13 11:52:00,1.014,1.014,1.014,1.014,932.92
coinbase,USDTUSDC,1678708500000,2023-03-13 11:55:00,1.0137,1.0137,1.0136,1.0136,118.78
coinbase,USDTUSDC,1678708740000,2023-03-13 11:59:00,1.0136,1.0136,1.0135,1.0135,1999.78
coinbase,USDTUSDC,1678708800000,2023-03-13 12:00:00,1.0135,1.0135,1.0133,1.0133,19306.4
coinbase,USDTUSDC,1678708860000,2023-03-13 12:01:00,1.013,1.0132,1.0126,1.0126,1290.18
coinbase,USDTUSDC,1678708920000,2023-03-13 12:02:00,1.0125,1.0126,1.0124,1.0126,2238.93
coinbase,USDTUSDC,1678708980000,2023-03-13 12:03:00,1.0125,1.0127,1.012,1.012,19042.15
coinbase,USDTUSDC,1678709040000,2023-03-13 12:04:00,1.012,1.012,1.012,1.012,1031.62
coinbase,USDTUSDC,1678709100000,2023-03-13 12:05:00,1.012,1.0137,1.012,1.0124,28504.13
coinbase,USDTUSDC,1678709160000,2023-03-13 12:06:00,1.0131,1.0132,1.0131,1.0131,4965.26
coinbase,USDTUSDC,1678709220000,2023-03-13 12:07:00,1.0131,1.0137,1.0131,1.0131,2572.06
coinbase,USDTUSDC,1678709400000,2023-03-13 12:10:00,1.0132,1.0132,1.0131,1.0131,951.18
coinbase,USDTUSDC,1678709460000,2023-03-13 12:11:00,1.0132,1.0139,1.0132,1.0134,1216.32
coinbase,USDTUSDC,1678709580000,2023-03-13 12:13:00,1.0129,1.0138,1.0129,1.0134,15342.38
coinbase,USDTUSDC,1678709760000,2023-03-13 12:16:00,1.0134,1.0137,1.0129,1.0133,55325.55
coinbase,USDTUSDC,1678709820000,2023-03-13 12:17:00,1.0133,1.0137,1.0126,1.0126,37854.95
coinbase,USDTUSDC,1678709880000,2023-03-13 12:18:00,1.0135,1.0135,1.0121,1.0121,8414.82
coinbase,USDTUSDC,1678709940000,2023-03-13 12:19:00,1.0122,1.0137,1.0121,1.0121,10458.65
coinbase,USDTUSDC,1678710000000,2023-03-13 12:20:00,1.0121,1.0129,1.0121,1.0129,1099.65
coinbase,USDTUSDC,1678710120000,2023-03-13 12:22:00,1.0127,1.0127,1.0125,1.0126,497.72
coinbase,USDTUSDC,1678710180000,2023-03-13 12:23:00,1.012,1.0126,1.012,1.0126,985.87
coinbase,USDTUSDC,1678710240000,2023-03-13 12:24:00,1.0125,1.0128,1.0123,1.0128,4295.71
coinbase,USDTUSDC,1678710480000,2023-03-13 12:28:00,1.0123,1.0133,1.0118,1.0122,11722.28
coinbase,USDTUSDC,1678710540000,2023-03-13 12:29:00,1.0122,1.0124,1.0122,1.0122,10253.8
coinbase,USDTUSDC,1678710600000,2023-03-13 12:30:00,1.0122,1.0123,1.0122,1.0123,23188.36
coinbase,USDTUSDC,1678710780000,2023-03-13 12:33:00,1.0123,1.0124,1.0123,1.0124,9892.33
coinbase,USDTUSDC,1678710960000,2023-03-13 12:36:00,1.0123,1.0129,1.0122,1.0129,627.67
coinbase,USDTUSDC,1678711020000,2023-03-13 12:37:00,1.0118,1.0118,1.0115,1.0116,4127.68
coinbase,USDTUSDC,1678711080000,2023-03-13 12:38:00,1.0117,1.0117,1.0115,1.0115,5159.7
coinbase,USDTUSDC,1678711860000,2023-03-13 12:51:00,1.0118,1.0119,1.0118,1.0119,730.7
coinbase,USDTUSDC,1678712100000,2023-03-13 12:55:00,1.0116,1.0117,1.0116,1.0117,660.74
coinbase,USDTUSDC,1678712160000,2023-03-13 12:56:00,1.0117,1.0118,1.0117,1.0118,702.54
coinbase,USDTUSDC,1678712220000,2023-03-13 12:57:00,1.0117,1.0117,1.0116,1.0116,22047.38
coinbase,USDTUSDC,1678712280000,2023-03-13 12:58:00,1.0116,1.0118,1.0116,1.0116,19490.08
coinbase,USDTUSDC,1678712340000,2023-03-13 12:59:00,1.0116,1.0116,1.0116,1.0116,17288.76
coinbase,USDTUSDC,1678712400000,2023-03-13 13:00:00,1.0116,1.0116,1.0116,1.0116,27007.15
coinbase,USDTUSDC,1678712460000,2023-03-13 13:01:00,1.0116,1.0116,1.0116,1.0116,23808.87
coinbase,USDTUSDC,1678712520000,2023-03-13 13:02:00,1.0116,1.0118,1.0116,1.0116,100871.89
coinbase,USDTUSDC,1678712580000,2023-03-13 13:03:00,1.0116,1.0116,1.0116,1.0116,124394.52
coinbase,USDTUSDC,1678712640000,2023-03-13 13:04:00,1.0116,1.0116,1.0116,1.0116,95199.55
coinbase,USDTUSDC,1678712700000,2023-03-13 13:05:00,1.0116,1.0117,1.0116,1.0116,39570.48
coinbase,USDTUSDC,1678712760000,2023-03-13 13:06:00,1.0116,1.0116,1.0116,1.0116,55343.14
coinbase,USDTUSDC,1678712820000,2023-03-13 13:07:00,1.0116,1.0117,1.0116,1.0116,60256.48
coinbase,USDTUSDC,1678712880000,2023-03-13 13:08:00,1.0116,1.0116,1.0116,1.0116,53253.15
coinbase,USDTUSDC,1678712940000,2023-03-13 13:09:00,1.0116,1.0116,1.0116,1.0116,45472.07
coinbase,USDTUSDC,1678713000000,2023-03-13 13:10:00,1.0116,1.0116,1.01,1.01,49775.95
coinbase,USDTUSDC,1678713060000,2023-03-13 13:11:00,1.01,1.0102,1.01,1.01,2545.97
coinbase,USDTUSDC,1678713120000,2023-03-13 13:12:00,1.01,1.0102,1.01,1.0102,579.21
coinbase,USDTUSDC,1678713180000,2023-03-13 13:13:00,1.0101,1.0101,1.01,1.01,1016.48
coinbase,USDTUSDC,1678713300000,2023-03-13 13:15:00,1.0101,1.0101,1.0101,1.0101,1222.79
coinbase,USDTUSDC,1678713420000,2023-03-13 13:17:00,1.0101,1.0101,1.0081,1.009,6582.45
coinbase,USDTUSDC,1678713480000,2023-03-13 13:18:00,1.0081,1.009,1.0081,1.0081,4170.06
coinbase,USDTUSDC,1678713540000,2023-03-13 13:19:00,1.0081,1.0085,1.0081,1.0085,3134.62
coinbase,USDTUSDC,1678713660000,2023-03-13 13:21:00,1.0085,1.0085,1.0085,1.0085,3536.15
coinbase,USDTUSDC,1678713720000,2023-03-13 13:22:00,1.0084,1.0084,1.0076,1.0076,2553.69
coinbase,USDTUSDC,1678713840000,2023-03-13 13:24:00,1.0076,1.0078,1.0076,1.0077,842.75
coinbase,USDTUSDC,1678713960000,2023-03-13 13:26:00,1.0077,1.008,1.0077,1.0079,1375.66
coinbase,USDTUSDC,1678714080000,2023-03-13 13:28:00,1.0079,1.0079,1.0077,1.0077,3640.32
coinbase,USDTUSDC,1678714140000,2023-03-13 13:29:00,1.0077,1.0077,1.0077,1.0077,11845.97
coinbase,USDTUSDC,1678714200000,2023-03-13 13:30:00,1.0077,1.0077,1.0076,1.0076,13.54
coinbase,USDTUSDC,1678714260000,2023-03-13 13:31:00,1.0077,1.0083,1.0077,1.0083,4403.44
coinbase,USDTUSDC,1678714380000,2023-03-13 13:33:00,1.0089,1.0089,1.0089,1.0089,5062.85
coinbase,USDTUSDC,1678714500000,2023-03-13 13:35:00,1.0089,1.0089,1.0088,1.0089,16131.18
coinbase,USDTUSDC,1678714620000,2023-03-13 13:37:00,1.0092,1.0092,1.0092,1.0092,1495.93
coinbase,USDTUSDC,1678714680000,2023-03-13 13:38:00,1.0093,1.0096,1.0093,1.0096,4484.99
coinbase,USDTUSDC,1678714740000,2023-03-13 13:39:00,1.0096,1.0097,1.0096,1.0097,3010.5
coinbase,USDTUSDC,1678714860000,2023-03-13 13:41:00,1.0098,1.0101,1.0098,1.0101,8022.3
coinbase,USDTUSDC,1678714920000,2023-03-13 13:42:00,1.0101,1.0101,1.0101,1.0101,2937.89
coinbase,USDTUSDC,1678714980000,2023-03-13 13:43:00,1.0101,1.0101,1.01,1.01,1203.06
coinbase,USDTUSDC,1678715040000,2023-03-13 13:44:00,1.01,1.0102,1.01,1.0101,7020.98
coinbase,USDTUSDC,1678715100000,2023-03-13 13:45:00,1.0101,1.0102,1.01,1.0101,80398.64
coinbase,USDTUSDC,1678715160000,2023-03-13 13:46:00,1.0101,1.0102,1.0095,1.0098,51875.95
coinbase,USDTUSDC,1678715220000,2023-03-13 13:47:00,1.0096,1.0097,1.0091,1.0095,16189.38
coinbase,USDTUSDC,1678715280000,2023-03-13 13:48:00,1.0093,1.0093,1.009,1.009,1035.49
coinbase,USDTUSDC,1678715340000,2023-03-13 13:49:00,1.009,1.0096,1.0071,1.0071,57607.32
coinbase,USDTUSDC,1678715400000,2023-03-13 13:50:00,1.0071,1.0071,1.007,1.007,74226.4
coinbase,USDTUSDC,1678715460000,2023-03-13 13:51:00,1.007,1.007,1.007,1.007,35086.01
coinbase,USDTUSDC,1678715520000,2023-03-13 13:52:00,1.007,1.007,1.007,1.007,16136.43
coinbase,USDTUSDC,1678715580000,2023-03-13 13:53:00,1.007,1.007,1.0053,1.0059,41732.55
coinbase,USDTUSDC,1678715640000,2023-03-13 13:54:00,1.0064,1.0065,1.005,1.006,84939.46
coinbase,USDTUSDC,1678715700000,2023-03-13 13:55:00,1.0047,1.0058,1.004,1.0058,27087.76
coinbase,USDTUSDC,1678715760000,2023-03-13 13:56:00,1.005,1.005,1.0034,1.005,48739.07
coinbase,USDTUSDC,1678715820000,2023-03-13 13:57:00,1.005,1.0054,1.0034,1.0048,40513.12
coinbase,USDTUSDC,1678715880000,2023-03-13 13:58:00,1.0048,1.0048,1.0033,1.0042,50306.77
coinbase,USDTUSDC,1678715940000,2023-03-13 13:59:00,1.0042,1.005,1.0042,1.005,13290.62
coinbase,USDTUSDC,1678716000000,2023-03-13 14:00:00,1.0045,1.0053,1.0045,1.0049,5905.76
coinbase,USDTUSDC,1678716060000,2023-03-13 14:01:00,1.0049,1.0052,1.0049,1.0052,3141.45
coinbase,USDTUSDC,1678716180000,2023-03-13 14:03:00,1.0053,1.0056,1.0053,1.0056,1505.01
coinbase,USDTUSDC,1678716240000,2023-03-13 14:04:00,1.0059,1.0059,1.0056,1.0056,9912.64
coinbase,USDTUSDC,1678716300000,2023-03-13 14:05:00,1.0057,1.0058,1.0056,1.0056,585.93
coinbase,USDTUSDC,1678716360000,2023-03-13 14:06:00,1.0057,1.0057,1.0056,1.0056,3745.3
coinbase,USDTUSDC,1678716420000,2023-03-13 14:07:00,1.0057,1.0058,1.005,1.005,4841.37
coinbase,USDTUSDC,1678716540000,2023-03-13 14:09:00,1.0057,1.0057,1.0052,1.0054,41429.24
coinbase,USDTUSDC,1678716600000,2023-03-13 14:10:00,1.0051,1.0053,1.0051,1.0053,3437.4
coinbase,USDTUSDC,1678716660000,2023-03-13 14:11:00,1.005,1.005,1.005,1.005,11586.94
coinbase,USDTUSDC,1678716720000,2023-03-13 14:12:00,1.005,1.0055,1.0048,1.0054,8186.66
coinbase,USDTUSDC,1678716780000,2023-03-13 14:13:00,1.0054,1.0054,1.0054,1.0054,329.05
coinbase,USDTUSDC,1678716840000,2023-03-13 14:14:00,1.0054,1.0058,1.005,1.0056,4629
coinbase,USDTUSDC,1678716900000,2023-03-13 14:15:00,1.0056,1.0058,1.0056,1.0056,6139.22
coinbase,USDTUSDC,1678716960000,2023-03-13 14:16:00,1.0057,1.0057,1.0054,1.0057,57052.89
coinbase,USDTUSDC,1678717020000,2023-03-13 14:17:00,1.0053,1.0057,1.0053,1.0057,3874.25
coinbase,USDTUSDC,1678717080000,2023-03-13 14:18:00,1.0057,1.0057,1.005,1.0057,9631.33
coinbase,USDTUSDC,1678717140000,2023-03-13 14:19:00,1.0057,1.0063,1.0057,1.0063,4439.89
coinbase,USDTUSDC,1678717200000,2023-03-13 14:20:00,1.0063,1.0066,1.006,1.0066,3515.36
coinbase,USDTUSDC,1678717260000,2023-03-13 14:21:00,1.0063,1.0063,1.0063,1.0063,9.84
coinbase,USDTUSDC,1678717320000,2023-03-13 14:22:00,1.0068,1.0068,1.006,1.0063,8288.52
coinbase,USDTUSDC,1678717380000,2023-03-13 14:23:00,1.0066,1.0068,1.0063,1.0068,2700.77
coinbase,USDTUSDC,1678717440000,2023-03-13 14:24:00,1.0068,1.0075,1.0063,1.0073,1649.74
coinbase,USDTUSDC,1678717500000,2023-03-13 14:25:00,1.0079,1.0082,1.0079,1.0082,3455.85
coinbase,USDTUSDC,1678717560000,2023-03-13 14:26:00,1.0085,1.009,1.007,1.0088,16279.03
coinbase,USDTUSDC,1678717620000,2023-03-13 14:27:00,1.0086,1.0086,1.0072,1.0086,7734.1
coinbase,USDTUSDC,1678717740000,2023-03-13 14:29:00,1.0089,1.0089,1.008,1.008,131.54
coinbase,USDTUSDC,1678717800000,2023-03-13 14:30:00,1.008,1.0087,1.008,1.0087,11.25
coinbase,USDTUSDC,1678717860000,2023-03-13 14:31:00,1.0089,1.0095,1.0079,1.0079,10554
coinbase,USDTUSDC,1678717980000,2023-03-13 14:33:00,1.0091,1.0091,1.0086,1.0086,950.04
coinbase,USDTUSDC,1678718220000,2023-03-13 14:37:00,1.0091,1.0091,1.0086,1.0086,21800.9
coinbase,USDTUSDC,1678718280000,2023-03-13 14:38:00,1.0086,1.0092,1.0086,1.0092,11568.43
coinbase,USDTUSDC,1678718400000,2023-03-13 14:40:00,1.0092,1.0092,1.009,1.009,1077.51
coinbase,USDTUSDC,1678718520000,2023-03-13 14:42:00,1.0087,1.0087,1.0085,1.0086,2683.68
coinbase,USDTUSDC,1678718640000,2023-03-13 14:44:00,1.0085,1.0085,1.0085,1.0085,3150.3
coinbase,USDTUSDC,1678718820000,2023-03-13 14:47:00,1.0085,1.0085,1.0085,1.0085,4207.36
coinbase,USDTUSDC,1678718880000,2023-03-13 14:48:00,1.0085,1.0085,1.0081,1.0081,7450.04
coinbase,USDTUSDC,1678718940000,2023-03-13 14:49:00,1.0081,1.0082,1.008,1.0082,3750.1
coinbase,USDTUSDC,1678719180000,2023-03-13 14:53:00,1.0081,1.0082,1.0081,1.0082,3112.41
coinbase,USDTUSDC,1678719360000,2023-03-13 14:56:00,1.0079,1.0079,1.0074,1.0074,4455.76
coinbase,USDTUSDC,1678719420000,2023-03-13 14:57:00,1.0074,1.0074,1.0074,1.0074,65.4
coinbase,USDTUSDC,1678719480000,2023-03-13 14:58:00,1.0074,1.0078,1.0073,1.0077,10654.88
coinbase,USDTUSDC,1678719600000,2023-03-13 15:00:00,1.0076,1.0076,1.0076,1.0076,1989.83
coinbase,USDTUSDC,1678719660000,2023-03-13 15:01:00,1.0074,1.0079,1.0074,1.0074,5822.32
coinbase,USDTUSDC,1678719720000,2023-03-13 15:02:00,1.0069,1.0073,1.0063,1.0064,32313.55
coinbase,USDTUSDC,1678719780000,2023-03-13 15:03:00,1.0065,1.0069,1.0064,1.0065,78597.37
coinbase,USDTUSDC,1678719840000,2023-03-13 15:04:00,1.0065,1.0068,1.0065,1.0067,21996.17
coinbase,USDTUSDC,1678719900000,2023-03-13 15:05:00,1.0067,1.0067,1.0063,1.0066,103406.11
coinbase,USDTUSDC,1678719960000,2023-03-13 15:06:00,1.0064,1.0064,1.0063,1.0064,4890.81
coinbase,USDTUSDC,1678720020000,2023-03-13 15:07:00,1.0064,1.0064,1.0064,1.0064,3457.5
coinbase,USDTUSDC,1678720080000,2023-03-13 15:08:00,1.0064,1.0068,1.006,1.0068,57219.48
coinbase,USDTUSDC,1678720140000,2023-03-13 15:09:00,1.0059,1.0075,1.0057,1.0068,18182.89
coinbase,USDTUSDC,1678720200000,2023-03-13 15:10:00,1.0072,1.0072,1.0067,1.0067,13217.61
coinbase,USDTUSDC,1678720260000,2023-03-13 15:11:00,1.0067,1.0069,1.0061,1.0069,77418.51
coinbase,USDTUSDC,1678720320000,2023-03-13 15:12:00,1.0068,1.0069,1.0063,1.0069,20903.25
coinbase,USDTUSDC,1678720380000,2023-03-13 15:13:00,1.0068,1.0071,1.0062,1.0066,16866.38
coinbase,USDTUSDC,1678720440000,2023-03-13 15:14:00,1.0066,1.0068,1.0063,1.0068,118497.72
coinbase,USDTUSDC,1678720500000,2023-03-13 15:15:00,1.0068,1.0071,1.0062,1.0064,157788.83
coinbase,USDTUSDC,1678720560000,2023-03-13 15:16:00,1.0066,1.0069,1.0061,1.0067,112190.15
coinbase,USDTUSDC,1678720620000,2023-03-13 15:17:00,1.0067,1.0067,1.0056,1.0061,6213.81
coinbase,USDTUSDC,1678720680000,2023-03-13 15:18:00,1.0061,1.0062,1.0051,1.0057,3122.62
coinbase,USDTUSDC,1678720740000,2023-03-13 15:19:00,1.0061,1.0064,1.0052,1.0063,7440.56
coinbase,USDTUSDC,1678720800000,2023-03-13 15:20:00,1.0064,1.0066,1.0059,1.0059,7996.5
coinbase,USDTUSDC,1678720860000,2023-03-13 15:21:00,1.0065,1.0065,1.0054,1.0061,12893.53
coinbase,USDTUSDC,1678720920000,2023-03-13 15:22:00,1.0061,1.0068,1.0054,1.0068,7557.88
coinbase,USDTUSDC,1678720980000,2023-03-13 15:23:00,1.0067,1.0068,1.0056,1.0066,7838.73
coinbase,USDTUSDC,1678721040000,2023-03-13 15:24:00,1.0066,1.0066,1.0061,1.0065,1871.87
coinbase,USDTUSDC,1678721100000,2023-03-13 15:25:00,1.0065,1.0073,1.0065,1.007,48911.02
coinbase,USDTUSDC,1678721160000,2023-03-13 15:26:00,1.007,1.007,1.0065,1.0065,27680.24
coinbase,USDTUSDC,1678721280000,2023-03-13 15:28:00,1.0065,1.0067,1.0061,1.0067,1419.77
coinbase,USDTUSDC,1678721340000,2023-03-13 15:29:00,1.0061,1.0069,1.0061,1.0069,1559.62
coinbase,USDTUSDC,1678721400000,2023-03-13 15:30:00,1.0069,1.007,1.0061,1.007,5609.21
coinbase,USDTUSDC,1678721460000,2023-03-13 15:31:00,1.0069,1.0071,1.0061,1.0071,3733.23
coinbase,USDTUSDC,1678721520000,2023-03-13 15:32:00,1.0061,1.0072,1.0061,1.007,8746.51
coinbase,USDTUSDC,1678721580000,2023-03-13 15:33:00,1.0069,1.0072,1.0059,1.0059,11163.5
coinbase,USDTUSDC,1678721640000,2023-03-13 15:34:00,1.0071,1.0071,1.007,1.0071,7163.1
coinbase,USDTUSDC,1678721700000,2023-03-13 15:35:00,1.0057,1.0071,1.0057,1.0071,3005.81
coinbase,USDTUSDC,1678721760000,2023-03-13 15:36:00,1.0069,1.0069,1.0058,1.0058,980.44
coinbase,USDTUSDC,1678721820000,2023-03-13 15:37:00,1.0063,1.0075,1.0063,1.0069,3021.21
coinbase,USDTUSDC,1678721880000,2023-03-13 15:38:00,1.007,1.0075,1.0059,1.0059,34342.88
coinbase,USDTUSDC,1678721940000,2023-03-13 15:39:00,1.0075,1.0078,1.0048,1.0069,29081.75
coinbase,USDTUSDC,1678722000000,2023-03-13 15:40:00,1.0069,1.007,1.0062,1.007,198892.94
coinbase,USDTUSDC,1678722060000,2023-03-13 15:41:00,1.007,1.007,1.007,1.007,954547.55
coinbase,USDTUSDC,1678722120000,2023-03-13 15:42:00,1.007,1.0072,1.007,1.007,510078.45
coinbase,USDTUSDC,1678722180000,2023-03-13 15:43:00,1.007,1.0075,1.007,1.007,196482.09
coinbase,USDTUSDC,1678722240000,2023-03-13 15:44:00,1.007,1.0076,1.007,1.0074,44639.55
coinbase,USDTUSDC,1678722300000,2023-03-13 15:45:00,1.0076,1.0077,1.0045,1.0077,316606.85
coinbase,USDTUSDC,1678722360000,2023-03-13 15:46:00,1.0077,1.0077,1.0077,1.0077,485623.2
coinbase,USDTUSDC,1678722420000,2023-03-13 15:47:00,1.0077,1.0077,1.007,1.0071,273608.48
coinbase,USDTUSDC,1678722480000,2023-03-13 15:48:00,1.0072,1.0073,1.0056,1.0056,2505
coinbase,USDTUSDC,1678722540000,2023-03-13 15:49:00,1.0069,1.0072,1.0054,1.0068,7592.06
coinbase,USDTUSDC,1678722600000,2023-03-13 15:50:00,1.0068,1.0071,1.0061,1.0071,2300.13
coinbase,USDTUSDC,1678722660000,2023-03-13 15:51:00,1.0061,1.0066,1.0055,1.0055,20028.56
coinbase,USDTUSDC,1678722720000,2023-03-13 15:52:00,1.0061,1.0061,1.0055,1.0055,832.33
coinbase,USDTUSDC,1678722900000,2023-03-13 15:55:00,1.0061,1.0061,1.0046,1.0047,3963.38
coinbase,USDTUSDC,1678722960000,2023-03-13 15:56:00,1.0061,1.0061,1.0051,1.0055,2093.49
coinbase,USDTUSDC,1678723080000,2023-03-13 15:58:00,1.0055,1.0055,1.0046,1.0046,4151.41
coinbase,USDTUSDC,1678723200000,2023-03-13 16:00:00,1.0051,1.0058,1.0051,1.0058,3232.01
coinbase,USDTUSDC,1678687200000,2023-03-13 06:00:00,1.0128,1.0128,1.012,1.0128,25848.96
coinbase,USDTUSDC,1678687500000,2023-03-13 06:05:00,1.0133,1.0133,1.0132,1.0132,589.82
coinbase,USDTUSDC,1678687560000,2023-03-13 06:06:00,1.0132,1.0132,1.013,1.0131,1610.42
coinbase,USDTUSDC,1678687680000,2023-03-13 06:08:00,1.0131,1.0131,1.0131,1.0131,527.14
coinbase,USDTUSDC,1678687800000,2023-03-13 06:10:00,1.0133,1.0144,1.0133,1.0137,1501.66
coinbase,USDTUSDC,1678688100000,2023-03-13 06:15:00,1.0141,1.0141,1.0139,1.0139,786.73
coinbase,USDTUSDC,1678688760000,2023-03-13 06:26:00,1.014,1.014,1.0132,1.0132,2072.39
coinbase,USDTUSDC,1678689180000,2023-03-13 06:33:00,1.0133,1.0134,1.0132,1.0134,5151.55
coinbase,USDTUSDC,1678689240000,2023-03-13 06:34:00,1.0137,1.0137,1.0134,1.0134,1046.46
coinbase,USDTUSDC,1678689300000,2023-03-13 06:35:00,1.0134,1.0134,1.0134,1.0134,1152.55
coinbase,USDTUSDC,1678689480000,2023-03-13 06:38:00,1.0134,1.0134,1.0134,1.0134,1313.39
coinbase,USDTUSDC,1678689600000,2023-03-13 06:40:00,1.0134,1.0134,1.0134,1.0134,4589.98
coinbase,USDTUSDC,1678689660000,2023-03-13 06:41:00,1.0134,1.0134,1.0134,1.0134,2002.09
coinbase,USDTUSDC,1678689720000,2023-03-13 06:42:00,1.0134,1.0135,1.0134,1.0134,3128.42
coinbase,USDTUSDC,1678689780000,2023-03-13 06:43:00,1.0134,1.0134,1.0134,1.0134,736.15
coinbase,USDTUSDC,1678689840000,2023-03-13 06:44:00,1.0134,1.0134,1.0134,1.0134,5625.13
coinbase,USDTUSDC,1678689960000,2023-03-13 06:46:00,1.0134,1.0134,1.0134,1.0134,2383.27
coinbase,USDTUSDC,1678690020000,2023-03-13 06:47:00,1.0135,1.0135,1.0135,1.0135,1130.84
coinbase,USDTUSDC,1678690080000,2023-03-13 06:48:00,1.0135,1.0135,1.0134,1.0134,2203.29
coinbase,USDTUSDC,1678690140000,2023-03-13 06:49:00,1.0134,1.0134,1.0134,1.0134,5165.41
coinbase,USDTUSDC,1678690260000,2023-03-13 06:51:00,1.0134,1.0135,1.0134,1.0135,2040.51
coinbase,USDTUSDC,1678690320000,2023-03-13 06:52:00,1.0135,1.0135,1.0135,1.0135,1030.09
coinbase,USDTUSDC,1678690380000,2023-03-13 06:53:00,1.0135,1.0135,1.0135,1.0135,1720.77
coinbase,USDTUSDC,1678690440000,2023-03-13 06:54:00,1.0135,1.0135,1.0135,1.0135,1268.09
coinbase,USDTUSDC,1678690500000,2023-03-13 06:55:00,1.0135,1.0135,1.0126,1.0126,21637.7
coinbase,USDTUSDC,1678690620000,2023-03-13 06:57:00,1.0126,1.0127,1.0126,1.0127,56.53
coinbase,USDTUSDC,1678691040000,2023-03-13 07:04:00,1.0133,1.0133,1.0133,1.0133,689.08
coinbase,USDTUSDC,1678691220000,2023-03-13 07:07:00,1.0126,1.0126,1.0125,1.0125,6162.97
coinbase,USDTUSDC,1678691280000,2023-03-13 07:08:00,1.0127,1.0127,1.0126,1.0126,7608.56
coinbase,USDTUSDC,1678691340000,2023-03-13 07:09:00,1.0126,1.0126,1.0126,1.0126,1096.35
coinbase,USDTUSDC,1678691400000,2023-03-13 07:10:00,1.0126,1.0126,1.0126,1.0126,574.1
coinbase,USDTUSDC,1678691460000,2023-03-13 07:11:00,1.0126,1.0126,1.0126,1.0126,13.58
coinbase,USDTUSDC,1678691520000,2023-03-13 07:12:00,1.0126,1.0126,1.0125,1.0125,513.61
coinbase,USDTUSDC,1678691580000,2023-03-13 07:13:00,1.0129,1.0131,1.0129,1.0131,2938.19
coinbase,USDTUSDC,1678691820000,2023-03-13 07:17:00,1.013,1.013,1.0128,1.0128,1413.88
coinbase,USDTUSDC,1678692240000,2023-03-13 07:24:00,1.0125,1.0129,1.0124,1.0129,1968.88
coinbase,USDTUSDC,1678692360000,2023-03-13 07:26:00,1.0129,1.0131,1.0129,1.0129,12914.04
coinbase,USDTUSDC,1678693020000,2023-03-13 07:37:00,1.0127,1.0127,1.0127,1.0127,2061.8
coinbase,USDTUSDC,1678693080000,2023-03-13 07:38:00,1.0127,1.0127,1.0127,1.0127,3608.16
coinbase,USDTUSDC,1678693200000,2023-03-13 07:40:00,1.0127,1.0127,1.0125,1.0125,4586.99
coinbase,USDTUSDC,1678693500000,2023-03-13 07:45:00,1.0125,1.0125,1.0124,1.0124,5084.41
coinbase,USDTUSDC,1678693560000,2023-03-13 07:46:00,1.0123,1.0123,1.0123,1.0123,5100.07
coinbase,USDTUSDC,1678693620000,2023-03-13 07:47:00,1.0122,1.0122,1.0122,1.0122,4370.13
coinbase,USDTUSDC,1678693680000,2023-03-13 07:48:00,1.0121,1.0122,1.0121,1.0121,10837.63
coinbase,USDTUSDC,1678693740000,2023-03-13 07:49:00,1.0121,1.0122,1.012,1.012,60160.65
coinbase,USDTUSDC,1678693800000,2023-03-13 07:50:00,1.012,1.0123,1.012,1.0123,8270.48
coinbase,USDTUSDC,1678693860000,2023-03-13 07:51:00,1.0123,1.0129,1.0123,1.0128,7059.32
coinbase,USDTUSDC,1678693920000,2023-03-13 07:52:00,1.0128,1.0128,1.0128,1.0128,2061.4
coinbase,USDTUSDC,1678693980000,2023-03-13 07:53:00,1.0128,1.0131,1.0128,1.013,1977.17
coinbase,USDTUSDC,1678694100000,2023-03-13 07:55:00,1.013,1.013,1.013,1.013,2209.03
coinbase,USDTUSDC,1678694220000,2023-03-13 07:57:00,1.013,1.013,1.013,1.013,8270.3
coinbase,USDTUSDC,1678694280000,2023-03-13 07:58:00,1.0131,1.0134,1.013,1.0134,13134.78
coinbase,USDTUSDC,1678694400000,2023-03-13 08:00:00,1.013,1.013,1.013,1.013,3.67
coinbase,USDTUSDC,1678694520000,2023-03-13 08:02:00,1.013,1.013,1.013,1.013,66.11
coinbase,USDTUSDC,1678694580000,2023-03-13 08:03:00,1.0127,1.0127,1.0127,1.0127,9874.49
coinbase,USDTUSDC,1678694760000,2023-03-13 08:06:00,1.0124,1.0124,1.0121,1.0121,635
coinbase,USDTUSDC,1678694880000,2023-03-13 08:08:00,1.0121,1.0121,1.0121,1.0121,3094.19
coinbase,USDTUSDC,1678694940000,2023-03-13 08:09:00,1.012,1.012,1.012,1.012,7681
coinbase,USDTUSDC,1678695000000,2023-03-13 08:10:00,1.012,1.012,1.012,1.012,3825.34
coinbase,USDTUSDC,1678695060000,2023-03-13 08:11:00,1.012,1.012,1.012,1.012,1129.99
coinbase,USDTUSDC,1678695240000,2023-03-13 08:14:00,1.012,1.0122,1.012,1.0122,9726.47
coinbase,USDTUSDC,1678695420000,2023-03-13 08:17:00,1.0122,1.0122,1.0119,1.0119,14261.92
coinbase,USDTUSDC,1678695540000,2023-03-13 08:19:00,1.012,1.0122,1.012,1.0122,12337.09
coinbase,USDTUSDC,1678695600000,2023-03-13 08:20:00,1.0122,1.0123,1.0122,1.0123,12025.43
coinbase,USDTUSDC,1678695660000,2023-03-13 08:21:00,1.0121,1.0122,1.012,1.0122,18015.27
coinbase,USDTUSDC,1678695720000,2023-03-13 08:22:00,1.0122,1.0124,1.012,1.012,18287.38
coinbase,USDTUSDC,1678695840000,2023-03-13 08:24:00,1.012,1.012,1.012,1.012,2062.25
coinbase,USDTUSDC,1678695900000,2023-03-13 08:25:00,1.012,1.0122,1.012,1.012,3451.81
coinbase,USDTUSDC,1678696020000,2023-03-13 08:27:00,1.0122,1.0122,1.012,1.012,3185.82
coinbase,USDTUSDC,1678696080000,2023-03-13 08:28:00,1.0121,1.0123,1.012,1.012,5854.98
coinbase,USDTUSDC,1678696140000,2023-03-13 08:29:00,1.0123,1.0123,1.012,1.012,1138.78
coinbase,USDTUSDC,1678696260000,2023-03-13 08:31:00,1.012,1.0121,1.012,1.0121,1122.49
coinbase,USDTUSDC,1678696500000,2023-03-13 08:35:00,1.0121,1.0123,1.0121,1.0123,3933.24
coinbase,USDTUSDC,1678696620000,2023-03-13 08:37:00,1.0123,1.0124,1.0123,1.0123,2569.33
coinbase,USDTUSDC,1678696680000,2023-03-13 08:38:00,1.0123,1.0123,1.0123,1.0123,2854.96
coinbase,USDTUSDC,1678696740000,2023-03-13 08:39:00,1.0124,1.0125,1.0123,1.0123,10311.51
coinbase,USDTUSDC,1678696800000,2023-03-13 08:40:00,1.0123,1.013,1.0123,1.0123,12745.79
coinbase,USDTUSDC,1678696860000,2023-03-13 08:41:00,1.0123,1.0124,1.0123,1.0123,18886.04
coinbase,USDTUSDC,1678696920000,2023-03-13 08:42:00,1.0123,1.0123,1.0123,1.0123,10416.26
coinbase,USDTUSDC,1678696980000,2023-03-13 08:43:00,1.0123,1.0123,1.0123,1.0123,4614.6
coinbase,USDTUSDC,1678697040000,2023-03-13 08:44:00,1.0123,1.0123,1.0123,1.0123,357.39
coinbase,USDTUSDC,1678697160000,2023-03-13 08:46:00,1.0123,1.0128,1.0123,1.0128,9916.64
coinbase,USDTUSDC,1678697400000,2023-03-13 08:50:00,1.0129,1.0132,1.0129,1.0132,1266.56
coinbase,USDTUSDC,1678697700000,2023-03-13 08:55:00,1.0125,1.0125,1.0125,1.0125,2210.3
coinbase,USDTUSDC,1678697760000,2023-03-13 08:56:00,1.0128,1.0128,1.0125,1.0128,1032.31
coinbase,USDTUSDC,1678697820000,2023-03-13 08:57:00,1.0124,1.0134,1.0124,1.0134,1890.32
coinbase,USDTUSDC,1678697880000,2023-03-13 08:58:00,1.0132,1.0132,1.0125,1.0131,981.59
coinbase,USDTUSDC,1678697940000,2023-03-13 08:59:00,1.0131,1.0132,1.0128,1.0128,7764.58
coinbase,USDTUSDC,1678698300000,2023-03-13 09:05:00,1.0128,1.0129,1.0127,1.0127,3094
coinbase,USDTUSDC,1678698360000,2023-03-13 09:06:00,1.0127,1.0128,1.0127,1.0128,1221.84
coinbase,USDTUSDC,1678698420000,2023-03-13 09:07:00,1.0127,1.0128,1.0127,1.0128,1441.89
coinbase,USDTUSDC,1678698540000,2023-03-13 09:09:00,1.0129,1.0129,1.0129,1.0129,98.19
coinbase,USDTUSDC,1678698600000,2023-03-13 09:10:00,1.0129,1.0129,1.0128,1.0129,1930.16
coinbase,USDTUSDC,1678698660000,2023-03-13 09:11:00,1.0129,1.0129,1.0128,1.0129,320.88
coinbase,USDTUSDC,1678698720000,2023-03-13 09:12:00,1.013,1.0136,1.013,1.0134,4498.11
coinbase,USDTUSDC,1678698780000,2023-03-13 09:13:00,1.0133,1.0135,1.0132,1.0132,2708.88
coinbase,USDTUSDC,1678698900000,2023-03-13 09:15:00,1.0128,1.0142,1.0128,1.0142,19182.62
coinbase,USDTUSDC,1678698960000,2023-03-13 09:16:00,1.0133,1.0133,1.0127,1.0127,3265.97
coinbase,USDTUSDC,1678699020000,2023-03-13 09:17:00,1.0134,1.0134,1.0127,1.0127,555.25
coinbase,USDTUSDC,1678699140000,2023-03-13 09:19:00,1.0128,1.0128,1.0127,1.0127,460.63
coinbase,USDTUSDC,1678699200000,2023-03-13 09:20:00,1.0128,1.0139,1.0127,1.0139,1433.16
coinbase,USDTUSDC,1678699320000,2023-03-13 09:22:00,1.0128,1.014,1.0127,1.0128,2282.58
coinbase,USDTUSDC,1678699500000,2023-03-13 09:25:00,1.0128,1.0139,1.0127,1.0139,2458.8
coinbase,USDTUSDC,1678699620000,2023-03-13 09:27:00,1.014,1.0142,1.014,1.0142,1154.22
coinbase,USDTUSDC,1678699680000,2023-03-13 09:28:00,1.0143,1.0143,1.0143,1.0143,1.46
coinbase,USDTUSDC,1678699740000,2023-03-13 09:29:00,1.0142,1.0143,1.0142,1.0143,5783.9
coinbase,USDTUSDC,1678699800000,2023-03-13 09:30:00,1.0149,1.015,1.0149,1.015,2881.24
coinbase,USDTUSDC,1678699860000,2023-03-13 09:31:00,1.0142,1.0142,1.0142,1.0142,4137.52
coinbase,USDTUSDC,1678700040000,2023-03-13 09:34:00,1.0142,1.0142,1.0142,1.0142,2111.46
coinbase,USDTUSDC,1678700100000,2023-03-13 09:35:00,1.0151,1.0151,1.0142,1.0142,2729.83
coinbase,USDTUSDC,1678700160000,2023-03-13 09:36:00,1.0142,1.0142,1.0142,1.0142,3301.42
coinbase,USDTUSDC,1678700220000,2023-03-13 09:37:00,1.0142,1.0142,1.0142,1.0142,7136.81
coinbase,USDTUSDC,1678700280000,2023-03-13 09:38:00,1.0142,1.0142,1.0142,1.0142,2803.56
coinbase,USDTUSDC,1678700460000,2023-03-13 09:41:00,1.0142,1.0146,1.0142,1.0146,1019.94
coinbase,USDTUSDC,1678700520000,2023-03-13 09:42:00,1.0146,1.0146,1.0142,1.0142,15431.02
coinbase,USDTUSDC,1678700700000,2023-03-13 09:45:00,1.0142,1.0142,1.0142,1.0142,3282.51
coinbase,USDTUSDC,1678700880000,2023-03-13 09:48:00,1.0142,1.0142,1.0142,1.0142,3087.24
coinbase,USDTUSDC,1678701060000,2023-03-13 09:51:00,1.0142,1.0142,1.0142,1.0142,1118.24
coinbase,USDTUSDC,1678701300000,2023-03-13 09:55:00,1.0142,1.0142,1.0142,1.0142,462.04
coinbase,USDTUSDC,1678701360000,2023-03-13 09:56:00,1.0142,1.0142,1.0142,1.0142,7148.46
coinbase,USDTUSDC,1678701420000,2023-03-13 09:57:00,1.0142,1.0149,1.0142,1.0149,3330.39
coinbase,USDTUSDC,1678701600000,2023-03-13 10:00:00,1.0149,1.015,1.0149,1.015,1046.56
coinbase,USDTUSDC,1678701660000,2023-03-13 10:01:00,1.0143,1.0149,1.0143,1.0149,7292.74
coinbase,USDTUSDC,1678701720000,2023-03-13 10:02:00,1.0149,1.0149,1.0143,1.0143,4146.38
coinbase,USDTUSDC,1678701900000,2023-03-13 10:05:00,1.0143,1.0143,1.0143,1.0143,595.39
coinbase,USDTUSDC,1678701960000,2023-03-13 10:06:00,1.0143,1.015,1.0143,1.015,1556.63
coinbase,USDTUSDC,1678702080000,2023-03-13 10:08:00,1.0144,1.0149,1.0143,1.0143,10826.15
coinbase,USDTUSDC,1678702140000,2023-03-13 10:09:00,1.0144,1.0149,1.0142,1.0149,9679.39
coinbase,USDTUSDC,1678702200000,2023-03-13 10:10:00,1.0143,1.0143,1.0142,1.0142,14461.12
coinbase,USDTUSDC,1678702260000,2023-03-13 10:11:00,1.0143,1.0148,1.0142,1.0142,20045.75
coinbase,USDTUSDC,1678702320000,2023-03-13 10:12:00,1.0143,1.0148,1.0142,1.0142,14485.43
coinbase,USDTUSDC,1678702380000,2023-03-13 10:13:00,1.0143,1.0149,1.0142,1.0149,8250.7
coinbase,USDTUSDC,1678702500000,2023-03-13 10:15:00,1.0136,1.0147,1.0134,1.0147,15145.89
coinbase,USDTUSDC,1678702560000,2023-03-13 10:16:00,1.0148,1.0148,1.0148,1.0148,4173.53
coinbase,USDTUSDC,1678702620000,2023-03-13 10:17:00,1.0148,1.0149,1.0145,1.0146,15890.07
coinbase,USDTUSDC,1678702680000,2023-03-13 10:18:00,1.0144,1.015,1.0144,1.015,5463.35
coinbase,USDTUSDC,1678702800000,2023-03-13 10:20:00,1.0145,1.0146,1.0134,1.0134,5701.78
coinbase,USDTUSDC,1678702860000,2023-03-13 10:21:00,1.0146,1.0146,1.0146,1.0146,2079.39
coinbase,USDTUSDC,1678703040000,2023-03-13 10:24:00,1.0146,1.0146,1.0145,1.0145,4.8
coinbase,USDTUSDC,1678703280000,2023-03-13 10:28:00,1.0144,1.0148,1.0144,1.0144,27050.84
coinbase,USDTUSDC,1678703340000,2023-03-13 10:29:00,1.0148,1.0148,1.0144,1.0144,65.02
coinbase,USDTUSDC,1678703400000,2023-03-13 10:30:00,1.0144,1.0151,1.0144,1.0151,1695.48
coinbase,USDTUSDC,1678703460000,2023-03-13 10:31:00,1.015,1.015,1.015,1.015,50
coinbase,USDTUSDC,1678703520000,2023-03-13 10:32:00,1.015,1.0153,1.014,1.014,12918.21
coinbase,USDTUSDC,1678703580000,2023-03-13 10:33:00,1.014,1.0147,1.0139,1.014,19239.52
coinbase,USDTUSDC,1678703880000,2023-03-13 10:38:00,1.014,1.0142,1.014,1.0142,164.11
coinbase,USDTUSDC,1678703940000,2023-03-13 10:39:00,1.0144,1.0146,1.0144,1.0146,2043.85
coinbase,USDTUSDC,1678704120000,2023-03-13 10:42:00,1.014,1.0143,1.014,1.0143,56.3
coinbase,USDTUSDC,1678704180000,2023-03-13 10:43:00,1.0145,1.0145,1.0145,1.0145,1288.71
coinbase,USDTUSDC,1678704240000,2023-03-13 10:44:00,1.0145,1.0145,1.0144,1.0144,58.88
coinbase,USDTUSDC,1678704360000,2023-03-13 10:46:00,1.0146,1.0146,1.0146,1.0146,74.08
coinbase,USDTUSDC,1678704540000,2023-03-13 10:49:00,1.0151,1.0161,1.0151,1.0157,4034.48
coinbase,USDTUSDC,1678704720000,2023-03-13 10:52:00,1.0157,1.0158,1.0155,1.0156,5582.44
coinbase,USDTUSDC,1678705080000,2023-03-13 10:58:00,1.0144,1.0144,1.0144,1.0144,202.9
coinbase,USDTUSDC,1678705140000,2023-03-13 10:59:00,1.0144,1.0144,1.0143,1.0143,985.54
coinbase,USDTUSDC,1678669200000,2023-03-13 01:00:00,1.0133,1.0133,1.0127,1.0127,7358.62
coinbase,USDTUSDC,1678669260000,2023-03-13 01:01:00,1.0132,1.0132,1.0129,1.0129,3163.06
coinbase,USDTUSDC,1678669380000,2023-03-13 01:03:00,1.0129,1.0129,1.0129,1.0129,421.54
coinbase,USDTUSDC,1678669440000,2023-03-13 01:04:00,1.013,1.013,1.013,1.013,8198.98
coinbase,USDTUSDC,1678669500000,2023-03-13 01:05:00,1.013,1.013,1.0129,1.013,7650.5
coinbase,USDTUSDC,1678669560000,2023-03-13 01:06:00,1.013,1.013,1.0129,1.0129,6129.5
coinbase,USDTUSDC,1678669680000,2023-03-13 01:08:00,1.0129,1.0129,1.0129,1.0129,17342.44
coinbase,USDTUSDC,1678669740000,2023-03-13 01:09:00,1.0129,1.013,1.0129,1.0129,2062.33
coinbase,USDTUSDC,1678669800000,2023-03-13 01:10:00,1.013,1.0134,1.013,1.0134,253.75
coinbase,USDTUSDC,1678670100000,2023-03-13 01:15:00,1.014,1.0141,1.014,1.0141,4704.41
coinbase,USDTUSDC,1678670160000,2023-03-13 01:16:00,1.0136,1.0139,1.0136,1.0139,753.99
coinbase,USDTUSDC,1678670280000,2023-03-13 01:18:00,1.014,1.014,1.0139,1.014,1506.71
coinbase,USDTUSDC,1678670340000,2023-03-13 01:19:00,1.014,1.014,1.014,1.014,2472.36
coinbase,USDTUSDC,1678670520000,2023-03-13 01:22:00,1.014,1.014,1.0135,1.0135,2035.33
coinbase,USDTUSDC,1678670580000,2023-03-13 01:23:00,1.0135,1.014,1.0135,1.014,3934.53
coinbase,USDTUSDC,1678670640000,2023-03-13 01:24:00,1.014,1.014,1.0135,1.0135,9979.13
coinbase,USDTUSDC,1678670700000,2023-03-13 01:25:00,1.0138,1.0138,1.0138,1.0138,750.4
coinbase,USDTUSDC,1678670760000,2023-03-13 01:26:00,1.0135,1.0136,1.0135,1.0136,2575
coinbase,USDTUSDC,1678670880000,2023-03-13 01:28:00,1.0137,1.02,1.0137,1.0146,126366.64
coinbase,USDTUSDC,1678670940000,2023-03-13 01:29:00,1.0143,1.0143,1.0138,1.014,6407.01
coinbase,USDTUSDC,1678671000000,2023-03-13 01:30:00,1.014,1.014,1.014,1.014,2025.01
coinbase,USDTUSDC,1678671060000,2023-03-13 01:31:00,1.014,1.014,1.0132,1.014,32393.07
coinbase,USDTUSDC,1678671120000,2023-03-13 01:32:00,1.0134,1.0134,1.0129,1.0129,7395.6
coinbase,USDTUSDC,1678671180000,2023-03-13 01:33:00,1.0133,1.0161,1.0129,1.0135,30070.69
coinbase,USDTUSDC,1678671240000,2023-03-13 01:34:00,1.0135,1.0135,1.0129,1.0129,9344.14
coinbase,USDTUSDC,1678671300000,2023-03-13 01:35:00,1.0128,1.0129,1.0126,1.0126,3731.18
coinbase,USDTUSDC,1678671420000,2023-03-13 01:37:00,1.0126,1.0126,1.0126,1.0126,1312.82
coinbase,USDTUSDC,1678671480000,2023-03-13 01:38:00,1.0126,1.0126,1.0125,1.0125,8449.03
coinbase,USDTUSDC,1678671660000,2023-03-13 01:41:00,1.0124,1.0124,1.0124,1.0124,844.27
coinbase,USDTUSDC,1678671720000,2023-03-13 01:42:00,1.0124,1.0125,1.0124,1.0125,7047.63
coinbase,USDTUSDC,1678671840000,2023-03-13 01:44:00,1.0126,1.0127,1.0126,1.0127,2479
coinbase,USDTUSDC,1678671900000,2023-03-13 01:45:00,1.0127,1.0127,1.0127,1.0127,3198.37
coinbase,USDTUSDC,1678671960000,2023-03-13 01:46:00,1.0127,1.0128,1.0127,1.0128,6249.21
coinbase,USDTUSDC,1678672080000,2023-03-13 01:48:00,1.0127,1.0128,1.0127,1.0127,7369.42
coinbase,USDTUSDC,1678672140000,2023-03-13 01:49:00,1.0127,1.0128,1.0125,1.0125,4179.85
coinbase,USDTUSDC,1678672200000,2023-03-13 01:50:00,1.0126,1.0126,1.0126,1.0126,1550.61
coinbase,USDTUSDC,1678672260000,2023-03-13 01:51:00,1.0125,1.0125,1.0125,1.0125,897.45
coinbase,USDTUSDC,1678672320000,2023-03-13 01:52:00,1.0125,1.0125,1.0125,1.0125,5127.83
coinbase,USDTUSDC,1678672440000,2023-03-13 01:54:00,1.0125,1.0125,1.0124,1.0124,3473.32
coinbase,USDTUSDC,1678672500000,2023-03-13 01:55:00,1.0124,1.0131,1.0124,1.0131,504.92
coinbase,USDTUSDC,1678672620000,2023-03-13 01:57:00,1.0127,1.0128,1.0127,1.0128,3658.86
coinbase,USDTUSDC,1678672920000,2023-03-13 02:02:00,1.0128,1.0129,1.0128,1.0129,2538.22
coinbase,USDTUSDC,1678673100000,2023-03-13 02:05:00,1.0128,1.013,1.0128,1.0129,6059.95
coinbase,USDTUSDC,1678673220000,2023-03-13 02:07:00,1.0129,1.0129,1.0125,1.0125,6952.8
coinbase,USDTUSDC,1678673340000,2023-03-13 02:09:00,1.0128,1.0128,1.0128,1.0128,4764.33
coinbase,USDTUSDC,1678673400000,2023-03-13 02:10:00,1.0128,1.013,1.0127,1.013,12413.48
coinbase,USDTUSDC,1678673460000,2023-03-13 02:11:00,1.013,1.013,1.013,1.013,6069.09
coinbase,USDTUSDC,1678673520000,2023-03-13 02:12:00,1.013,1.0133,1.0127,1.0133,13395.84
coinbase,USDTUSDC,1678673640000,2023-03-13 02:14:00,1.0133,1.0135,1.0133,1.0135,15481.26
coinbase,USDTUSDC,1678673820000,2023-03-13 02:17:00,1.0128,1.0129,1.0126,1.0126,10045.6
coinbase,USDTUSDC,1678673880000,2023-03-13 02:18:00,1.0126,1.0128,1.0126,1.0128,5897.67
coinbase,USDTUSDC,1678674000000,2023-03-13 02:20:00,1.0128,1.0128,1.0128,1.0128,768.16
coinbase,USDTUSDC,1678674060000,2023-03-13 02:21:00,1.0129,1.0129,1.0128,1.0129,5580.23
coinbase,USDTUSDC,1678674120000,2023-03-13 02:22:00,1.0129,1.0129,1.0129,1.0129,6710.04
coinbase,USDTUSDC,1678674180000,2023-03-13 02:23:00,1.013,1.013,1.0128,1.0128,6043.55
coinbase,USDTUSDC,1678674300000,2023-03-13 02:25:00,1.013,1.013,1.0127,1.0127,4085.09
coinbase,USDTUSDC,1678674600000,2023-03-13 02:30:00,1.0127,1.0127,1.0125,1.0125,1210.85
coinbase,USDTUSDC,1678674720000,2023-03-13 02:32:00,1.0128,1.0128,1.0125,1.0125,4987.83
coinbase,USDTUSDC,1678674780000,2023-03-13 02:33:00,1.0125,1.0126,1.0121,1.0121,5625.92
coinbase,USDTUSDC,1678674840000,2023-03-13 02:34:00,1.0123,1.0128,1.0123,1.0128,1788.14
coinbase,USDTUSDC,1678674900000,2023-03-13 02:35:00,1.0128,1.0131,1.0124,1.0128,16355.76
coinbase,USDTUSDC,1678675020000,2023-03-13 02:37:00,1.0122,1.0122,1.0122,1.0122,669.83
coinbase,USDTUSDC,1678675080000,2023-03-13 02:38:00,1.0121,1.0121,1.0121,1.0121,1081.3
coinbase,USDTUSDC,1678675140000,2023-03-13 02:39:00,1.0121,1.0121,1.012,1.012,4744.37
coinbase,USDTUSDC,1678675200000,2023-03-13 02:40:00,1.012,1.012,1.0114,1.0117,3172.71
coinbase,USDTUSDC,1678675320000,2023-03-13 02:42:00,1.0111,1.0112,1.011,1.0112,3686.23
coinbase,USDTUSDC,1678675620000,2023-03-13 02:47:00,1.0112,1.0112,1.0112,1.0112,2425.65
coinbase,USDTUSDC,1678675740000,2023-03-13 02:49:00,1.0112,1.0112,1.0112,1.0112,921.62
coinbase,USDTUSDC,1678675800000,2023-03-13 02:50:00,1.0112,1.0158,1.0112,1.0112,83206.47
coinbase,USDTUSDC,1678675860000,2023-03-13 02:51:00,1.0112,1.0112,1.0112,1.0112,6997.17
coinbase,USDTUSDC,1678675920000,2023-03-13 02:52:00,1.0112,1.0112,1.0112,1.0112,2088.43
coinbase,USDTUSDC,1678675980000,2023-03-13 02:53:00,1.0112,1.0112,1.0112,1.0112,3137.68
coinbase,USDTUSDC,1678676040000,2023-03-13 02:54:00,1.0112,1.0112,1.0112,1.0112,2520.17
coinbase,USDTUSDC,1678676100000,2023-03-13 02:55:00,1.0112,1.0112,1.0112,1.0112,3197.18
coinbase,USDTUSDC,1678676160000,2023-03-13 02:56:00,1.0112,1.0112,1.0112,1.0112,65538.14
coinbase,USDTUSDC,1678676220000,2023-03-13 02:57:00,1.0112,1.0112,1.011,1.011,20440.47
coinbase,USDTUSDC,1678676460000,2023-03-13 03:01:00,1.011,1.011,1.011,1.011,19967.74
coinbase,USDTUSDC,1678676760000,2023-03-13 03:06:00,1.011,1.011,1.011,1.011,30564.95
coinbase,USDTUSDC,1678676880000,2023-03-13 03:08:00,1.011,1.011,1.011,1.011,26439.59
coinbase,USDTUSDC,1678676940000,2023-03-13 03:09:00,1.0108,1.0108,1.0108,1.0108,6761.1
coinbase,USDTUSDC,1678677000000,2023-03-13 03:10:00,1.0106,1.0106,1.01,1.0103,15755.36
coinbase,USDTUSDC,1678677060000,2023-03-13 03:11:00,1.0101,1.0101,1.01,1.01,457.61
coinbase,USDTUSDC,1678677120000,2023-03-13 03:12:00,1.01,1.0101,1.01,1.0101,1143.95
coinbase,USDTUSDC,1678677240000,2023-03-13 03:14:00,1.01,1.01,1.01,1.01,920.18
coinbase,USDTUSDC,1678677300000,2023-03-13 03:15:00,1.01,1.01,1.01,1.01,3568.19
coinbase,USDTUSDC,1678677360000,2023-03-13 03:16:00,1.0101,1.0103,1.01,1.01,27751.44
coinbase,USDTUSDC,1678677420000,2023-03-13 03:17:00,1.01,1.0101,1.01,1.0101,4809.37
coinbase,USDTUSDC,1678677480000,2023-03-13 03:18:00,1.01,1.0103,1.01,1.0103,20290.05
coinbase,USDTUSDC,1678677540000,2023-03-13 03:19:00,1.01,1.0101,1.01,1.01,4266.22
coinbase,USDTUSDC,1678677600000,2023-03-13 03:20:00,1.01,1.01,1.01,1.01,7752.45
coinbase,USDTUSDC,1678677720000,2023-03-13 03:22:00,1.01,1.01,1.01,1.01,2906.8
coinbase,USDTUSDC,1678677780000,2023-03-13 03:23:00,1.0101,1.0102,1.01,1.01,56434.64
coinbase,USDTUSDC,1678677840000,2023-03-13 03:24:00,1.01,1.01,1.01,1.01,17259.69
coinbase,USDTUSDC,1678677900000,2023-03-13 03:25:00,1.01,1.01,1.01,1.01,10006.02
coinbase,USDTUSDC,1678677960000,2023-03-13 03:26:00,1.01,1.01,1.01,1.01,23951.45
coinbase,USDTUSDC,1678678140000,2023-03-13 03:29:00,1.0101,1.0101,1.01,1.01,6210.1
coinbase,USDTUSDC,1678678200000,2023-03-13 03:30:00,1.0101,1.0101,1.01,1.01,23345.71
coinbase,USDTUSDC,1678678260000,2023-03-13 03:31:00,1.01,1.01,1.01,1.01,58277.14
coinbase,USDTUSDC,1678678320000,2023-03-13 03:32:00,1.01,1.0102,1.01,1.0102,81011.83
coinbase,USDTUSDC,1678678380000,2023-03-13 03:33:00,1.0102,1.0102,1.01,1.01,28619.13
coinbase,USDTUSDC,1678678440000,2023-03-13 03:34:00,1.01,1.0102,1.01,1.0102,7670.86
coinbase,USDTUSDC,1678678500000,2023-03-13 03:35:00,1.0102,1.0102,1.0102,1.0102,31795.44
coinbase,USDTUSDC,1678678560000,2023-03-13 03:36:00,1.0102,1.0102,1.0102,1.0102,4515.96
coinbase,USDTUSDC,1678678620000,2023-03-13 03:37:00,1.0102,1.0102,1.0102,1.0102,6923.03
coinbase,USDTUSDC,1678678680000,2023-03-13 03:38:00,1.0102,1.0102,1.01,1.01,9565.68
coinbase,USDTUSDC,1678678800000,2023-03-13 03:40:00,1.01,1.0102,1.01,1.0102,106918.96
coinbase,USDTUSDC,1678678860000,2023-03-13 03:41:00,1.0102,1.0102,1.0102,1.0102,2426.59
coinbase,USDTUSDC,1678678920000,2023-03-13 03:42:00,1.0102,1.0102,1.0102,1.0102,27499.98
coinbase,USDTUSDC,1678678980000,2023-03-13 03:43:00,1.0102,1.0102,1.0102,1.0102,515.18
coinbase,USDTUSDC,1678679100000,2023-03-13 03:45:00,1.0103,1.011,1.0103,1.011,3211.06
coinbase,USDTUSDC,1678679160000,2023-03-13 03:46:00,1.011,1.011,1.011,1.011,3721.09
coinbase,USDTUSDC,1678679220000,2023-03-13 03:47:00,1.011,1.011,1.011,1.011,2536.15
coinbase,USDTUSDC,1678679280000,2023-03-13 03:48:00,1.011,1.0128,1.011,1.012,8974.97
coinbase,USDTUSDC,1678679340000,2023-03-13 03:49:00,1.012,1.0122,1.012,1.0122,10637.48
coinbase,USDTUSDC,1678679400000,2023-03-13 03:50:00,1.0125,1.013,1.0109,1.0129,57254.66
coinbase,USDTUSDC,1678679460000,2023-03-13 03:51:00,1.0129,1.0129,1.0129,1.0129,42930.27
coinbase,USDTUSDC,1678679520000,2023-03-13 03:52:00,1.0129,1.0129,1.0108,1.0129,31002.55
coinbase,USDTUSDC,1678679580000,2023-03-13 03:53:00,1.0129,1.013,1.0129,1.013,47228.44
coinbase,USDTUSDC,1678679640000,2023-03-13 03:54:00,1.0129,1.0129,1.0116,1.0119,10940.83
coinbase,USDTUSDC,1678679700000,2023-03-13 03:55:00,1.0119,1.0122,1.0119,1.0122,10173.54
coinbase,USDTUSDC,1678679760000,2023-03-13 03:56:00,1.0124,1.0124,1.0124,1.0124,28248.1
coinbase,USDTUSDC,1678679820000,2023-03-13 03:57:00,1.0124,1.0124,1.0124,1.0124,15190.44
coinbase,USDTUSDC,1678679880000,2023-03-13 03:58:00,1.0124,1.0124,1.0119,1.0119,25302.48
coinbase,USDTUSDC,1678679940000,2023-03-13 03:59:00,1.0119,1.0122,1.0119,1.0119,44318.93
coinbase,USDTUSDC,1678680000000,2023-03-13 04:00:00,1.0119,1.0125,1.0119,1.0125,18248.66
coinbase,USDTUSDC,1678680060000,2023-03-13 04:01:00,1.0126,1.0126,1.0126,1.0126,89937.01
coinbase,USDTUSDC,1678680120000,2023-03-13 04:02:00,1.0126,1.0126,1.0107,1.0107,18819.07
coinbase,USDTUSDC,1678680360000,2023-03-13 04:06:00,1.0107,1.0107,1.0107,1.0107,1726.15
coinbase,USDTUSDC,1678680420000,2023-03-13 04:07:00,1.0107,1.0107,1.0104,1.0104,4596.62
coinbase,USDTUSDC,1678680600000,2023-03-13 04:10:00,1.0105,1.0107,1.0105,1.0107,689.73
coinbase,USDTUSDC,1678680900000,2023-03-13 04:15:00,1.0107,1.0107,1.0104,1.0104,59903.26
coinbase,USDTUSDC,1678680960000,2023-03-13 04:16:00,1.0104,1.0104,1.0103,1.0104,38350.82
coinbase,USDTUSDC,1678681020000,2023-03-13 04:17:00,1.0104,1.0104,1.0103,1.0104,32623.16
coinbase,USDTUSDC,1678681080000,2023-03-13 04:18:00,1.0107,1.012,1.0106,1.012,176943.74
coinbase,USDTUSDC,1678681200000,2023-03-13 04:20:00,1.012,1.012,1.011,1.012,195898.04
coinbase,USDTUSDC,1678681260000,2023-03-13 04:21:00,1.012,1.012,1.0108,1.0108,196636.15
coinbase,USDTUSDC,1678681320000,2023-03-13 04:22:00,1.0108,1.011,1.0107,1.0107,14796.68
coinbase,USDTUSDC,1678681380000,2023-03-13 04:23:00,1.0107,1.012,1.0107,1.012,5566.68
coinbase,USDTUSDC,1678681980000,2023-03-13 04:33:00,1.0117,1.0126,1.0117,1.0126,13709.94
coinbase,USDTUSDC,1678682040000,2023-03-13 04:34:00,1.0125,1.0125,1.0125,1.0125,7786.15
coinbase,USDTUSDC,1678682340000,2023-03-13 04:39:00,1.0126,1.0126,1.0117,1.0117,1577.82
coinbase,USDTUSDC,1678683060000,2023-03-13 04:51:00,1.0125,1.0125,1.0125,1.0125,1.96
coinbase,USDTUSDC,1678683120000,2023-03-13 04:52:00,1.0125,1.0125,1.0124,1.0125,1250.68
coinbase,USDTUSDC,1678683180000,2023-03-13 04:53:00,1.0124,1.0125,1.0124,1.0125,33.95
coinbase,USDTUSDC,1678683240000,2023-03-13 04:54:00,1.0125,1.0125,1.0125,1.0125,13.72
coinbase,USDTUSDC,1678683300000,2023-03-13 04:55:00,1.0125,1.0125,1.0125,1.0125,9.8
coinbase,USDTUSDC,1678683360000,2023-03-13 04:56:00,1.0125,1.0125,1.0125,1.0125,50.9
coinbase,USDTUSDC,1678683420000,2023-03-13 04:57:00,1.0125,1.0125,1.0125,1.0125,21.56
coinbase,USDTUSDC,1678683480000,2023-03-13 04:58:00,1.0125,1.0125,1.0124,1.0124,527.31
coinbase,USDTUSDC,1678683540000,2023-03-13 04:59:00,1.0124,1.0124,1.0124,1.0124,275.93
coinbase,USDTUSDC,1678683600000,2023-03-13 05:00:00,1.0124,1.0124,1.0123,1.0123,606.34
coinbase,USDTUSDC,1678683660000,2023-03-13 05:01:00,1.0123,1.0132,1.0123,1.0132,701.77
coinbase,USDTUSDC,1678684140000,2023-03-13 05:09:00,1.0132,1.0132,1.013,1.013,1622.77
coinbase,USDTUSDC,1678684200000,2023-03-13 05:10:00,1.0133,1.0135,1.0133,1.0134,4248.94
coinbase,USDTUSDC,1678684260000,2023-03-13 05:11:00,1.0134,1.0134,1.0134,1.0134,3117.83
coinbase,USDTUSDC,1678684380000,2023-03-13 05:13:00,1.013,1.0132,1.013,1.0132,5992.22
coinbase,USDTUSDC,1678684500000,2023-03-13 05:15:00,1.0132,1.0132,1.0132,1.0132,1547.86
coinbase,USDTUSDC,1678684560000,2023-03-13 05:16:00,1.0132,1.0132,1.0132,1.0132,81030.39
coinbase,USDTUSDC,1678684680000,2023-03-13 05:18:00,1.013,1.0135,1.013,1.0135,1585.36
coinbase,USDTUSDC,1678684800000,2023-03-13 05:20:00,1.0135,1.0135,1.0135,1.0135,1442.32
coinbase,USDTUSDC,1678684860000,2023-03-13 05:21:00,1.0136,1.0136,1.0135,1.0135,5011.75
coinbase,USDTUSDC,1678685100000,2023-03-13 05:25:00,1.013,1.0136,1.013,1.0136,2129.06
coinbase,USDTUSDC,1678685520000,2023-03-13 05:32:00,1.0133,1.0133,1.0132,1.0132,36.81
coinbase,USDTUSDC,1678685580000,2023-03-13 05:33:00,1.0134,1.0134,1.0132,1.0132,1029.92
coinbase,USDTUSDC,1678685640000,2023-03-13 05:34:00,1.0132,1.0132,1.0132,1.0132,3115.63
coinbase,USDTUSDC,1678685700000,2023-03-13 05:35:00,1.0132,1.0132,1.0132,1.0132,1044.48
coinbase,USDTUSDC,1678685760000,2023-03-13 05:36:00,1.0132,1.0132,1.0132,1.0132,1474.45
coinbase,USDTUSDC,1678685880000,2023-03-13 05:38:00,1.0132,1.0132,1.0132,1.0132,422.41
coinbase,USDTUSDC,1678685940000,2023-03-13 05:39:00,1.0132,1.0133,1.0132,1.0133,3434.94
coinbase,USDTUSDC,1678686000000,2023-03-13 05:40:00,1.0132,1.0132,1.0132,1.0132,1038.74
coinbase,USDTUSDC,1678686060000,2023-03-13 05:41:00,1.0132,1.0132,1.013,1.013,3632.84
coinbase,USDTUSDC,1678686420000,2023-03-13 05:47:00,1.0132,1.0132,1.0132,1.0132,1825.76
coinbase,USDTUSDC,1678686540000,2023-03-13 05:49:00,1.0132,1.0132,1.0132,1.0132,1237.18
coinbase,USDTUSDC,1678686960000,2023-03-13 05:56:00,1.0135,1.0135,1.0135,1.0135,426.92
coinbase,USDTUSDC,1678687020000,2023-03-13 05:57:00,1.0135,1.0135,1.0135,1.0135,597.34
coinbase,USDTUSDC,1678687140000,2023-03-13 05:59:00,1.0133,1.0133,1.0127,1.0128,45075.49
coinbase,USDTUSDC,1678687200000,2023-03-13 06:00:00,1.0128,1.0128,1.012,1.0128,25848.96
coinbase,USDTUSDC,1678651200000,2023-03-12 20:00:00,1.0496,1.0498,1.0496,1.0498,2034.8
coinbase,USDTUSDC,1678651320000,2023-03-12 20:02:00,1.0496,1.0496,1.0496,1.0496,3263.75
coinbase,USDTUSDC,1678651380000,2023-03-12 20:03:00,1.0497,1.0497,1.0496,1.0496,1183.78
coinbase,USDTUSDC,1678651440000,2023-03-12 20:04:00,1.0496,1.0496,1.0485,1.0485,15560.73
coinbase,USDTUSDC,1678651500000,2023-03-12 20:05:00,1.0485,1.0485,1.0477,1.0477,7700.23
coinbase,USDTUSDC,1678651620000,2023-03-12 20:07:00,1.0477,1.0477,1.0466,1.0466,9044.72
coinbase,USDTUSDC,1678651740000,2023-03-12 20:09:00,1.0467,1.0467,1.0452,1.0452,32472.6
coinbase,USDTUSDC,1678651800000,2023-03-12 20:10:00,1.0467,1.0467,1.0463,1.0463,4780.1
coinbase,USDTUSDC,1678651860000,2023-03-12 20:11:00,1.0458,1.0466,1.0458,1.0458,5105.46
coinbase,USDTUSDC,1678651920000,2023-03-12 20:12:00,1.0449,1.0456,1.0446,1.0456,2095.72
coinbase,USDTUSDC,1678651980000,2023-03-12 20:13:00,1.0456,1.0488,1.0448,1.0488,28932.96
coinbase,USDTUSDC,1678652040000,2023-03-12 20:14:00,1.0451,1.0469,1.0448,1.0448,9949.74
coinbase,USDTUSDC,1678652100000,2023-03-12 20:15:00,1.0458,1.046,1.0448,1.0448,2918.39
coinbase,USDTUSDC,1678652280000,2023-03-12 20:18:00,1.0468,1.0472,1.0446,1.0452,5928.76
coinbase,USDTUSDC,1678652340000,2023-03-12 20:19:00,1.0463,1.0463,1.0454,1.046,2498.22
coinbase,USDTUSDC,1678652400000,2023-03-12 20:20:00,1.0459,1.0459,1.045,1.045,1186.49
coinbase,USDTUSDC,1678652460000,2023-03-12 20:21:00,1.045,1.045,1.0447,1.0447,2982.03
coinbase,USDTUSDC,1678652520000,2023-03-12 20:22:00,1.0447,1.0458,1.0447,1.0458,1324.37
coinbase,USDTUSDC,1678652580000,2023-03-12 20:23:00,1.0456,1.0457,1.0456,1.0457,7097.55
coinbase,USDTUSDC,1678652640000,2023-03-12 20:24:00,1.0459,1.0459,1.0457,1.0459,15812.77
coinbase,USDTUSDC,1678652700000,2023-03-12 20:25:00,1.0459,1.0459,1.0457,1.0457,4303.72
coinbase,USDTUSDC,1678652880000,2023-03-12 20:28:00,1.0459,1.0464,1.0459,1.0464,490.33
coinbase,USDTUSDC,1678653060000,2023-03-12 20:31:00,1.046,1.0469,1.0457,1.0457,11542.25
coinbase,USDTUSDC,1678653180000,2023-03-12 20:33:00,1.0462,1.047,1.0457,1.0464,12243.72
coinbase,USDTUSDC,1678653300000,2023-03-12 20:35:00,1.0461,1.0461,1.046,1.046,1529.38
coinbase,USDTUSDC,1678653360000,2023-03-12 20:36:00,1.0461,1.0465,1.046,1.046,4833.36
coinbase,USDTUSDC,1678653540000,2023-03-12 20:39:00,1.046,1.046,1.046,1.046,294.16
coinbase,USDTUSDC,1678653660000,2023-03-12 20:41:00,1.0464,1.0464,1.0464,1.0464,11.64
coinbase,USDTUSDC,1678653780000,2023-03-12 20:43:00,1.0461,1.0475,1.0456,1.0458,47884.89
coinbase,USDTUSDC,1678653840000,2023-03-12 20:44:00,1.0454,1.0454,1.0452,1.0452,1165.7
coinbase,USDTUSDC,1678653900000,2023-03-12 20:45:00,1.0451,1.0451,1.045,1.045,1249.06
coinbase,USDTUSDC,1678653960000,2023-03-12 20:46:00,1.045,1.0451,1.0446,1.0451,13132.96
coinbase,USDTUSDC,1678654020000,2023-03-12 20:47:00,1.0445,1.0445,1.0443,1.0443,3876.46
coinbase,USDTUSDC,1678654140000,2023-03-12 20:49:00,1.0443,1.0452,1.0443,1.0452,1666.52
coinbase,USDTUSDC,1678654200000,2023-03-12 20:50:00,1.044,1.0451,1.044,1.0449,5620.41
coinbase,USDTUSDC,1678654260000,2023-03-12 20:51:00,1.0449,1.045,1.0449,1.045,9124.48
coinbase,USDTUSDC,1678654440000,2023-03-12 20:54:00,1.045,1.045,1.0449,1.0449,802.38
coinbase,USDTUSDC,1678654500000,2023-03-12 20:55:00,1.0449,1.0458,1.0448,1.0448,20171.36
coinbase,USDTUSDC,1678654560000,2023-03-12 20:56:00,1.0448,1.0451,1.0448,1.0448,3213.36
coinbase,USDTUSDC,1678654680000,2023-03-12 20:58:00,1.0448,1.0448,1.0435,1.0435,779.08
coinbase,USDTUSDC,1678654740000,2023-03-12 20:59:00,1.0435,1.0441,1.0433,1.0441,209.62
coinbase,USDTUSDC,1678654800000,2023-03-12 21:00:00,1.0439,1.0442,1.0425,1.0425,13204.48
coinbase,USDTUSDC,1678654860000,2023-03-12 21:01:00,1.0425,1.0425,1.0422,1.0422,3416.68
coinbase,USDTUSDC,1678654920000,2023-03-12 21:02:00,1.0422,1.0422,1.0419,1.0419,4157.62
coinbase,USDTUSDC,1678654980000,2023-03-12 21:03:00,1.0419,1.0419,1.0418,1.0419,1003.05
coinbase,USDTUSDC,1678655100000,2023-03-12 21:05:00,1.042,1.0426,1.042,1.0426,652.09
coinbase,USDTUSDC,1678655220000,2023-03-12 21:07:00,1.0419,1.0421,1.0419,1.0421,92.56
coinbase,USDTUSDC,1678655280000,2023-03-12 21:08:00,1.042,1.042,1.042,1.042,8489.63
coinbase,USDTUSDC,1678655340000,2023-03-12 21:09:00,1.042,1.042,1.0411,1.0411,4224.4
coinbase,USDTUSDC,1678655400000,2023-03-12 21:10:00,1.041,1.0422,1.041,1.0419,1050.04
coinbase,USDTUSDC,1678655520000,2023-03-12 21:12:00,1.041,1.041,1.041,1.041,3008.82
coinbase,USDTUSDC,1678655580000,2023-03-12 21:13:00,1.0416,1.0417,1.0409,1.0413,3115.26
coinbase,USDTUSDC,1678656060000,2023-03-12 21:21:00,1.0415,1.0415,1.0413,1.0413,1001.22
coinbase,USDTUSDC,1678656120000,2023-03-12 21:22:00,1.0408,1.0408,1.0401,1.0401,736.26
coinbase,USDTUSDC,1678656180000,2023-03-12 21:23:00,1.0402,1.0412,1.0402,1.0411,12886.93
coinbase,USDTUSDC,1678656240000,2023-03-12 21:24:00,1.0401,1.041,1.04,1.04,11822
coinbase,USDTUSDC,1678656300000,2023-03-12 21:25:00,1.04,1.04,1.04,1.04,2093.31
coinbase,USDTUSDC,1678656360000,2023-03-12 21:26:00,1.0411,1.0411,1.04,1.041,3561.19
coinbase,USDTUSDC,1678656420000,2023-03-12 21:27:00,1.041,1.0411,1.04,1.0411,3543.87
coinbase,USDTUSDC,1678656540000,2023-03-12 21:29:00,1.041,1.041,1.04,1.04,11925.8
coinbase,USDTUSDC,1678656600000,2023-03-12 21:30:00,1.04,1.0401,1.04,1.04,19456.47
coinbase,USDTUSDC,1678656660000,2023-03-12 21:31:00,1.04,1.0405,1.04,1.04,18472.03
coinbase,USDTUSDC,1678656720000,2023-03-12 21:32:00,1.04,1.041,1.04,1.04,13775.43
coinbase,USDTUSDC,1678656840000,2023-03-12 21:34:00,1.0401,1.0408,1.04,1.04,5238.19
coinbase,USDTUSDC,1678656900000,2023-03-12 21:35:00,1.04,1.0402,1.0391,1.0402,1290.53
coinbase,USDTUSDC,1678657080000,2023-03-12 21:38:00,1.0401,1.0401,1.0393,1.04,541.69
coinbase,USDTUSDC,1678657140000,2023-03-12 21:39:00,1.0402,1.0402,1.0391,1.0391,1045.33
coinbase,USDTUSDC,1678657320000,2023-03-12 21:42:00,1.0408,1.0408,1.0407,1.0408,5375.86
coinbase,USDTUSDC,1678657380000,2023-03-12 21:43:00,1.0408,1.0408,1.04,1.0402,6215.42
coinbase,USDTUSDC,1678657440000,2023-03-12 21:44:00,1.0407,1.0407,1.0406,1.0406,17.19
coinbase,USDTUSDC,1678657500000,2023-03-12 21:45:00,1.0406,1.0411,1.04,1.0406,4826.17
coinbase,USDTUSDC,1678657560000,2023-03-12 21:46:00,1.0406,1.0406,1.04,1.0406,3468.94
coinbase,USDTUSDC,1678657680000,2023-03-12 21:48:00,1.0406,1.0415,1.0406,1.0415,2202.06
coinbase,USDTUSDC,1678657740000,2023-03-12 21:49:00,1.0415,1.042,1.0415,1.0419,30.4
coinbase,USDTUSDC,1678657800000,2023-03-12 21:50:00,1.0419,1.0425,1.0419,1.0425,905.59
coinbase,USDTUSDC,1678657920000,2023-03-12 21:52:00,1.0424,1.0426,1.0424,1.0426,1061.1
coinbase,USDTUSDC,1678657980000,2023-03-12 21:53:00,1.043,1.0437,1.042,1.0436,9459.93
coinbase,USDTUSDC,1678658040000,2023-03-12 21:54:00,1.0436,1.0436,1.0418,1.0418,7753.99
coinbase,USDTUSDC,1678658100000,2023-03-12 21:55:00,1.0435,1.0435,1.0432,1.0435,9.5
coinbase,USDTUSDC,1678658160000,2023-03-12 21:56:00,1.0435,1.0439,1.0418,1.0439,1065.6
coinbase,USDTUSDC,1678658340000,2023-03-12 21:59:00,1.0421,1.0435,1.0421,1.0435,1068.25
coinbase,USDTUSDC,1678658400000,2023-03-12 22:00:00,1.0434,1.0434,1.0426,1.0426,2085.99
coinbase,USDTUSDC,1678658460000,2023-03-12 22:01:00,1.0433,1.0439,1.0421,1.0421,10345.6
coinbase,USDTUSDC,1678658520000,2023-03-12 22:02:00,1.0421,1.0421,1.0419,1.0419,3005.83
coinbase,USDTUSDC,1678658580000,2023-03-12 22:03:00,1.0428,1.0428,1.0427,1.0427,7044.47
coinbase,USDTUSDC,1678658640000,2023-03-12 22:04:00,1.0427,1.0433,1.0427,1.0433,2052.1
coinbase,USDTUSDC,1678658760000,2023-03-12 22:06:00,1.0431,1.0431,1.0421,1.0421,2718.2
coinbase,USDTUSDC,1678658880000,2023-03-12 22:08:00,1.0431,1.0438,1.0431,1.0438,1045.01
coinbase,USDTUSDC,1678658940000,2023-03-12 22:09:00,1.044,1.0442,1.0432,1.0437,2051.18
coinbase,USDTUSDC,1678659060000,2023-03-12 22:11:00,1.0437,1.0442,1.0437,1.0439,1064.48
coinbase,USDTUSDC,1678659120000,2023-03-12 22:12:00,1.0439,1.0444,1.0439,1.0443,4355.12
coinbase,USDTUSDC,1678659180000,2023-03-12 22:13:00,1.0443,1.0445,1.0442,1.0443,16040.81
coinbase,USDTUSDC,1678659240000,2023-03-12 22:14:00,1.0442,1.0444,1.0442,1.0442,5239.4
coinbase,USDTUSDC,1678659300000,2023-03-12 22:15:00,1.0442,1.0443,1.0417,1.0417,2714.29
coinbase,USDTUSDC,1678659360000,2023-03-12 22:16:00,1.044,1.044,1.0435,1.044,2029.13
coinbase,USDTUSDC,1678659420000,2023-03-12 22:17:00,1.0435,1.044,1.035,1.035,26382.54
coinbase,USDTUSDC,1678659480000,2023-03-12 22:18:00,1.0352,1.041,1.0333,1.0347,108568.77
coinbase,USDTUSDC,1678659540000,2023-03-12 22:19:00,1.0346,1.0361,1.0333,1.0361,2419.16
coinbase,USDTUSDC,1678659660000,2023-03-12 22:21:00,1.0342,1.0342,1.0313,1.0313,165657.65
coinbase,USDTUSDC,1678659720000,2023-03-12 22:22:00,1.0314,1.0314,1.0305,1.0305,3033.67
coinbase,USDTUSDC,1678659780000,2023-03-12 22:23:00,1.0305,1.0318,1.03,1.03,9017.95
coinbase,USDTUSDC,1678659840000,2023-03-12 22:24:00,1.03,1.0307,1.0284,1.0307,47698.64
coinbase,USDTUSDC,1678659900000,2023-03-12 22:25:00,1.0283,1.0283,1.0265,1.0282,3075.12
coinbase,USDTUSDC,1678659960000,2023-03-12 22:26:00,1.027,1.0282,1.0259,1.0278,3763.1
coinbase,USDTUSDC,1678660020000,2023-03-12 22:27:00,1.0281,1.0281,1.0268,1.0278,3970.33
coinbase,USDTUSDC,1678660080000,2023-03-12 22:28:00,1.0278,1.0278,1.0252,1.0252,2294.14
coinbase,USDTUSDC,1678660140000,2023-03-12 22:29:00,1.0253,1.0254,1.0252,1.0252,3985.84
coinbase,USDTUSDC,1678660200000,2023-03-12 22:30:00,1.0257,1.0263,1.0242,1.0256,47764.99
coinbase,USDTUSDC,1678660260000,2023-03-12 22:31:00,1.0255,1.0257,1.0234,1.0234,14020.28
coinbase,USDTUSDC,1678660320000,2023-03-12 22:32:00,1.0235,1.0235,1.0231,1.0231,2085.77
coinbase,USDTUSDC,1678660380000,2023-03-12 22:33:00,1.0231,1.0231,1.0231,1.0231,4146.46
coinbase,USDTUSDC,1678660440000,2023-03-12 22:34:00,1.0231,1.0231,1.0228,1.0228,25505.98
coinbase,USDTUSDC,1678660500000,2023-03-12 22:35:00,1.0223,1.0236,1.0223,1.0236,27478.2
coinbase,USDTUSDC,1678660560000,2023-03-12 22:36:00,1.0235,1.0239,1.0226,1.0226,5386.68
coinbase,USDTUSDC,1678660620000,2023-03-12 22:37:00,1.0241,1.025,1.0238,1.0244,10664.38
coinbase,USDTUSDC,1678660680000,2023-03-12 22:38:00,1.0245,1.0258,1.0244,1.0247,7020.8
coinbase,USDTUSDC,1678660740000,2023-03-12 22:39:00,1.0247,1.0258,1.0247,1.0258,20555.5
coinbase,USDTUSDC,1678660800000,2023-03-12 22:40:00,1.0247,1.0247,1.0244,1.0244,1960.37
coinbase,USDTUSDC,1678660860000,2023-03-12 22:41:00,1.0226,1.0226,1.0226,1.0226,17.02
coinbase,USDTUSDC,1678660920000,2023-03-12 22:42:00,1.0235,1.024,1.0235,1.024,59186.33
coinbase,USDTUSDC,1678660980000,2023-03-12 22:43:00,1.0226,1.0234,1.0226,1.0234,1232.81
coinbase,USDTUSDC,1678661040000,2023-03-12 22:44:00,1.0226,1.0236,1.0218,1.0223,12144.34
coinbase,USDTUSDC,1678661100000,2023-03-12 22:45:00,1.0215,1.0223,1.021,1.021,9250.47
coinbase,USDTUSDC,1678661160000,2023-03-12 22:46:00,1.021,1.021,1.0208,1.021,4852.29
coinbase,USDTUSDC,1678661220000,2023-03-12 22:47:00,1.021,1.021,1.021,1.021,464
coinbase,USDTUSDC,1678661340000,2023-03-12 22:49:00,1.0209,1.0209,1.02,1.02,38523.01
coinbase,USDTUSDC,1678661400000,2023-03-12 22:50:00,1.0199,1.02,1.0184,1.0184,10074.04
coinbase,USDTUSDC,1678661460000,2023-03-12 22:51:00,1.0184,1.0185,1.0166,1.0166,10009.7
coinbase,USDTUSDC,1678661520000,2023-03-12 22:52:00,1.0158,1.0185,1.0158,1.0185,14948.83
coinbase,USDTUSDC,1678661580000,2023-03-12 22:53:00,1.0185,1.0185,1.0185,1.0185,1693.3
coinbase,USDTUSDC,1678661640000,2023-03-12 22:54:00,1.0185,1.0201,1.0184,1.0201,31331.59
coinbase,USDTUSDC,1678661700000,2023-03-12 22:55:00,1.0201,1.0201,1.0195,1.0195,8543.23
coinbase,USDTUSDC,1678661760000,2023-03-12 22:56:00,1.0195,1.0197,1.0195,1.0195,14908.43
coinbase,USDTUSDC,1678661820000,2023-03-12 22:57:00,1.0195,1.0195,1.0195,1.0195,10938.1
coinbase,USDTUSDC,1678661940000,2023-03-12 22:59:00,1.0195,1.0195,1.0179,1.0179,3642.81
coinbase,USDTUSDC,1678662000000,2023-03-12 23:00:00,1.0179,1.0179,1.0176,1.0176,7387.37
coinbase,USDTUSDC,1678662060000,2023-03-12 23:01:00,1.0176,1.0176,1.0176,1.0176,19101.28
coinbase,USDTUSDC,1678662120000,2023-03-12 23:02:00,1.0176,1.0194,1.0174,1.0194,23994.64
coinbase,USDTUSDC,1678662360000,2023-03-12 23:06:00,1.018,1.0188,1.018,1.0188,2168.27
coinbase,USDTUSDC,1678662420000,2023-03-12 23:07:00,1.0182,1.0182,1.0182,1.0182,5126.68
coinbase,USDTUSDC,1678662480000,2023-03-12 23:08:00,1.018,1.0192,1.0178,1.0192,7295.35
coinbase,USDTUSDC,1678662660000,2023-03-12 23:11:00,1.0183,1.0188,1.0183,1.0188,26678.96
coinbase,USDTUSDC,1678662720000,2023-03-12 23:12:00,1.0187,1.0187,1.017,1.0176,60754.57
coinbase,USDTUSDC,1678662780000,2023-03-12 23:13:00,1.0176,1.0176,1.0166,1.017,4818.2
coinbase,USDTUSDC,1678662840000,2023-03-12 23:14:00,1.017,1.017,1.017,1.017,1215.57
coinbase,USDTUSDC,1678662900000,2023-03-12 23:15:00,1.017,1.0171,1.0155,1.0162,14158.64
coinbase,USDTUSDC,1678662960000,2023-03-12 23:16:00,1.0162,1.0162,1.0161,1.0161,7986.68
coinbase,USDTUSDC,1678663020000,2023-03-12 23:17:00,1.0161,1.0162,1.0161,1.0161,3379.18
coinbase,USDTUSDC,1678663080000,2023-03-12 23:18:00,1.0161,1.0176,1.0161,1.0176,36207.15
coinbase,USDTUSDC,1678663140000,2023-03-12 23:19:00,1.0161,1.0161,1.0158,1.0158,491.5
coinbase,USDTUSDC,1678663200000,2023-03-12 23:20:00,1.0163,1.017,1.0163,1.0168,5111.94
coinbase,USDTUSDC,1678663380000,2023-03-12 23:23:00,1.0162,1.0163,1.016,1.016,9048.38
coinbase,USDTUSDC,1678663440000,2023-03-12 23:24:00,1.016,1.016,1.016,1.016,7.76
coinbase,USDTUSDC,1678663500000,2023-03-12 23:25:00,1.0159,1.016,1.0152,1.0157,2462.61
coinbase,USDTUSDC,1678663560000,2023-03-12 23:26:00,1.015,1.0154,1.015,1.015,2203.41
coinbase,USDTUSDC,1678663620000,2023-03-12 23:27:00,1.015,1.0155,1.015,1.0155,3999.3
coinbase,USDTUSDC,1678663740000,2023-03-12 23:29:00,1.0152,1.0155,1.015,1.0155,4427.91
coinbase,USDTUSDC,1678663860000,2023-03-12 23:31:00,1.015,1.0202,1.015,1.0153,56077.48
coinbase,USDTUSDC,1678663920000,2023-03-12 23:32:00,1.0155,1.0155,1.015,1.015,17704.91
coinbase,USDTUSDC,1678663980000,2023-03-12 23:33:00,1.015,1.015,1.0147,1.0148,42970.86
coinbase,USDTUSDC,1678664040000,2023-03-12 23:34:00,1.0145,1.0145,1.0139,1.0139,9403.1
coinbase,USDTUSDC,1678664100000,2023-03-12 23:35:00,1.0139,1.0139,1.0138,1.0139,27824.73
coinbase,USDTUSDC,1678664340000,2023-03-12 23:39:00,1.0139,1.0141,1.0136,1.0139,8882.61
coinbase,USDTUSDC,1678664400000,2023-03-12 23:40:00,1.0136,1.0139,1.0136,1.0138,2463.75
coinbase,USDTUSDC,1678664580000,2023-03-12 23:43:00,1.0139,1.014,1.0136,1.0138,9607.87
coinbase,USDTUSDC,1678664700000,2023-03-12 23:45:00,1.0135,1.0135,1.0131,1.0131,2971.51
coinbase,USDTUSDC,1678664760000,2023-03-12 23:46:00,1.0133,1.0133,1.0133,1.0133,314.74
coinbase,USDTUSDC,1678664820000,2023-03-12 23:47:00,1.0135,1.0138,1.0135,1.0137,4085.51
coinbase,USDTUSDC,1678664940000,2023-03-12 23:49:00,1.014,1.0142,1.014,1.0142,171.94
coinbase,USDTUSDC,1678665000000,2023-03-12 23:50:00,1.0145,1.0154,1.0145,1.0154,325.46
coinbase,USDTUSDC,1678665060000,2023-03-12 23:51:00,1.0153,1.0168,1.0149,1.0155,4972.01
coinbase,USDTUSDC,1678665120000,2023-03-12 23:52:00,1.017,1.0171,1.017,1.0171,2088.04
coinbase,USDTUSDC,1678665240000,2023-03-12 23:54:00,1.0165,1.0169,1.0156,1.0158,30464.17
coinbase,USDTUSDC,1678665360000,2023-03-12 23:56:00,1.0153,1.0163,1.0153,1.0153,15366.8
coinbase,USDTUSDC,1678665420000,2023-03-12 23:57:00,1.0153,1.0157,1.0153,1.0157,951.86
coinbase,USDTUSDC,1678665480000,2023-03-12 23:58:00,1.0154,1.0155,1.0154,1.0155,2295.61
coinbase,USDTUSDC,1678665540000,2023-03-12 23:59:00,1.0154,1.0161,1.0154,1.0161,661.34
coinbase,USDTUSDC,1678665600000,2023-03-13 00:00:00,1.0154,1.016,1.0154,1.016,1020.75
coinbase,USDTUSDC,1678665660000,2023-03-13 00:01:00,1.0154,1.016,1.015,1.0152,9636.41
coinbase,USDTUSDC,1678665720000,2023-03-13 00:02:00,1.0152,1.0155,1.0152,1.0155,3388.08
coinbase,USDTUSDC,1678665780000,2023-03-13 00:03:00,1.0154,1.0154,1.0154,1.0154,1028.16
coinbase,USDTUSDC,1678665840000,2023-03-13 00:04:00,1.0154,1.0154,1.0154,1.0154,3590.43
coinbase,USDTUSDC,1678665900000,2023-03-13 00:05:00,1.0154,1.0154,1.015,1.015,4472.68
coinbase,USDTUSDC,1678665960000,2023-03-13 00:06:00,1.016,1.016,1.015,1.0152,10983.13
coinbase,USDTUSDC,1678666020000,2023-03-13 00:07:00,1.015,1.0155,1.015,1.0155,8528.28
coinbase,USDTUSDC,1678666080000,2023-03-13 00:08:00,1.0152,1.0154,1.015,1.015,8152.73
coinbase,USDTUSDC,1678666200000,2023-03-13 00:10:00,1.015,1.015,1.015,1.015,680.62
coinbase,USDTUSDC,1678666260000,2023-03-13 00:11:00,1.015,1.0162,1.015,1.0162,3095.59
coinbase,USDTUSDC,1678666320000,2023-03-13 00:12:00,1.0162,1.0165,1.0162,1.0165,5590.28
coinbase,USDTUSDC,1678666380000,2023-03-13 00:13:00,1.0165,1.017,1.0124,1.0124,71735.7
coinbase,USDTUSDC,1678666500000,2023-03-13 00:15:00,1.0164,1.0166,1.0164,1.0166,482.81
coinbase,USDTUSDC,1678666560000,2023-03-13 00:16:00,1.0165,1.0167,1.0165,1.0166,9547.19
coinbase,USDTUSDC,1678666620000,2023-03-13 00:17:00,1.0163,1.0164,1.0162,1.0162,6090.27
coinbase,USDTUSDC,1678666680000,2023-03-13 00:18:00,1.0162,1.0163,1.0162,1.0162,5486.51
coinbase,USDTUSDC,1678666740000,2023-03-13 00:19:00,1.0162,1.0168,1.0162,1.0162,56539.87
coinbase,USDTUSDC,1678666800000,2023-03-13 00:20:00,1.0167,1.0167,1.0162,1.0162,15060.65
coinbase,USDTUSDC,1678666860000,2023-03-13 00:21:00,1.0162,1.0163,1.0162,1.0162,22450.14
coinbase,USDTUSDC,1678666920000,2023-03-13 00:22:00,1.0162,1.017,1.016,1.016,30639.61
coinbase,USDTUSDC,1678666980000,2023-03-13 00:23:00,1.0168,1.0168,1.016,1.0165,9182.8
coinbase,USDTUSDC,1678667040000,2023-03-13 00:24:00,1.0168,1.0175,1.0165,1.0166,9758.44
coinbase,USDTUSDC,1678667100000,2023-03-13 00:25:00,1.0166,1.0178,1.0156,1.0164,12668.15
coinbase,USDTUSDC,1678667160000,2023-03-13 00:26:00,1.0164,1.0166,1.0164,1.0166,4712.13
coinbase,USDTUSDC,1678667220000,2023-03-13 00:27:00,1.0165,1.0166,1.0159,1.0166,3036.7
coinbase,USDTUSDC,1678667280000,2023-03-13 00:28:00,1.0165,1.017,1.0157,1.0157,2751.41
coinbase,USDTUSDC,1678667340000,2023-03-13 00:29:00,1.0159,1.017,1.0159,1.017,1342.38
coinbase,USDTUSDC,1678667400000,2023-03-13 00:30:00,1.017,1.0174,1.0159,1.0166,7643.76
coinbase,USDTUSDC,1678667460000,2023-03-13 00:31:00,1.0166,1.0174,1.0166,1.0171,7873.92
coinbase,USDTUSDC,1678667520000,2023-03-13 00:32:00,1.017,1.017,1.0159,1.0159,6870.66
coinbase,USDTUSDC,1678667580000,2023-03-13 00:33:00,1.0167,1.0167,1.0163,1.0164,3116.37
coinbase,USDTUSDC,1678667820000,2023-03-13 00:37:00,1.0164,1.0166,1.0164,1.0165,19767.78
coinbase,USDTUSDC,1678667880000,2023-03-13 00:38:00,1.0165,1.0166,1.0165,1.0165,30192.57
coinbase,USDTUSDC,1678667940000,2023-03-13 00:39:00,1.0165,1.0165,1.0165,1.0165,5631.18
coinbase,USDTUSDC,1678668000000,2023-03-13 00:40:00,1.0166,1.0166,1.0166,1.0166,5017.3
coinbase,USDTUSDC,1678668060000,2023-03-13 00:41:00,1.0165,1.0166,1.0164,1.0165,10854.32
coinbase,USDTUSDC,1678668120000,2023-03-13 00:42:00,1.0164,1.0164,1.0149,1.0152,2131.86
coinbase,USDTUSDC,1678668180000,2023-03-13 00:43:00,1.015,1.015,1.0141,1.0142,5126.48
coinbase,USDTUSDC,1678668240000,2023-03-13 00:44:00,1.0139,1.0143,1.0135,1.0135,8831.76
coinbase,USDTUSDC,1678668360000,2023-03-13 00:46:00,1.0137,1.0139,1.0135,1.0139,3089.45
coinbase,USDTUSDC,1678668420000,2023-03-13 00:47:00,1.014,1.014,1.0133,1.0133,1497.26
coinbase,USDTUSDC,1678668600000,2023-03-13 00:50:00,1.0138,1.014,1.0138,1.014,6335.2
coinbase,USDTUSDC,1678668660000,2023-03-13 00:51:00,1.014,1.014,1.0137,1.0137,38914.97
coinbase,USDTUSDC,1678668720000,2023-03-13 00:52:00,1.0137,1.0138,1.0137,1.0138,3089.27
coinbase,USDTUSDC,1678668780000,2023-03-13 00:53:00,1.0135,1.0136,1.0134,1.0134,3090.47
coinbase,USDTUSDC,1678668840000,2023-03-13 00:54:00,1.0134,1.0134,1.0134,1.0134,4119.77
coinbase,USDTUSDC,1678668900000,2023-03-13 00:55:00,1.0134,1.0134,1.0133,1.0133,5774.12
coinbase,USDTUSDC,1678668960000,2023-03-13 00:56:00,1.0133,1.0133,1.0133,1.0133,4294.35
coinbase,USDTUSDC,1678669020000,2023-03-13 00:57:00,1.0133,1.0134,1.0133,1.0133,2489.67
coinbase,USDTUSDC,1678669200000,2023-03-13 01:00:00,1.0133,1.0133,1.0127,1.0127,7358.62
coinbase,USDTUSDC,1678633320000,2023-03-12 15:02:00,1.0537,1.0537,1.0537,1.0537,76.03
coinbase,USDTUSDC,1678633380000,2023-03-12 15:03:00,1.0537,1.0537,1.0531,1.0531,2334.12
coinbase,USDTUSDC,1678633560000,2023-03-12 15:06:00,1.0531,1.0531,1.0531,1.0531,899.15
coinbase,USDTUSDC,1678633680000,2023-03-12 15:08:00,1.0531,1.0531,1.0525,1.0525,4492.4
coinbase,USDTUSDC,1678633740000,2023-03-12 15:09:00,1.0529,1.0529,1.0529,1.0529,29.69
coinbase,USDTUSDC,1678633800000,2023-03-12 15:10:00,1.0525,1.0525,1.0525,1.0525,1938.83
coinbase,USDTUSDC,1678633860000,2023-03-12 15:11:00,1.0525,1.0525,1.0524,1.0525,10296.08
coinbase,USDTUSDC,1678633920000,2023-03-12 15:12:00,1.0525,1.0525,1.0525,1.0525,648.52
coinbase,USDTUSDC,1678634160000,2023-03-12 15:16:00,1.0526,1.0526,1.0526,1.0526,2248.69
coinbase,USDTUSDC,1678634220000,2023-03-12 15:17:00,1.0526,1.0526,1.0526,1.0526,3047.55
coinbase,USDTUSDC,1678634280000,2023-03-12 15:18:00,1.0525,1.0525,1.0524,1.0524,130.3
coinbase,USDTUSDC,1678634520000,2023-03-12 15:22:00,1.0525,1.0525,1.0513,1.0519,3800.7
coinbase,USDTUSDC,1678634580000,2023-03-12 15:23:00,1.0519,1.052,1.0519,1.052,1319.41
coinbase,USDTUSDC,1678634640000,2023-03-12 15:24:00,1.052,1.052,1.052,1.052,1037.88
coinbase,USDTUSDC,1678634760000,2023-03-12 15:26:00,1.052,1.052,1.052,1.052,2086.27
coinbase,USDTUSDC,1678634880000,2023-03-12 15:28:00,1.0516,1.0516,1.0515,1.0515,6747.98
coinbase,USDTUSDC,1678634940000,2023-03-12 15:29:00,1.0518,1.0525,1.0518,1.0524,4588.22
coinbase,USDTUSDC,1678635000000,2023-03-12 15:30:00,1.0524,1.0524,1.0524,1.0524,2917.15
coinbase,USDTUSDC,1678635060000,2023-03-12 15:31:00,1.0522,1.0523,1.0522,1.0523,5829.98
coinbase,USDTUSDC,1678635120000,2023-03-12 15:32:00,1.0523,1.0523,1.0523,1.0523,3537.5
coinbase,USDTUSDC,1678635180000,2023-03-12 15:33:00,1.0523,1.053,1.0523,1.053,5599.49
coinbase,USDTUSDC,1678635360000,2023-03-12 15:36:00,1.053,1.0536,1.053,1.0533,4991.98
coinbase,USDTUSDC,1678635420000,2023-03-12 15:37:00,1.0532,1.0533,1.0532,1.0532,19375.72
coinbase,USDTUSDC,1678635480000,2023-03-12 15:38:00,1.0532,1.0534,1.0532,1.0534,14548.71
coinbase,USDTUSDC,1678635540000,2023-03-12 15:39:00,1.0534,1.0541,1.0534,1.0541,2548.89
coinbase,USDTUSDC,1678635600000,2023-03-12 15:40:00,1.0546,1.0549,1.0536,1.0548,11605.48
coinbase,USDTUSDC,1678635660000,2023-03-12 15:41:00,1.0542,1.0546,1.0536,1.0542,3582.28
coinbase,USDTUSDC,1678635840000,2023-03-12 15:44:00,1.0545,1.0546,1.0544,1.0545,6913.65
coinbase,USDTUSDC,1678636080000,2023-03-12 15:48:00,1.0543,1.0548,1.0542,1.0547,10388.73
coinbase,USDTUSDC,1678636200000,2023-03-12 15:50:00,1.0548,1.0556,1.0547,1.0547,5892.18
coinbase,USDTUSDC,1678636260000,2023-03-12 15:51:00,1.0547,1.0557,1.0547,1.0557,3825.68
coinbase,USDTUSDC,1678636380000,2023-03-12 15:53:00,1.0547,1.0549,1.0547,1.0549,2217.46
coinbase,USDTUSDC,1678636440000,2023-03-12 15:54:00,1.0549,1.055,1.0549,1.055,1667.59
coinbase,USDTUSDC,1678636560000,2023-03-12 15:56:00,1.055,1.055,1.055,1.055,950
coinbase,USDTUSDC,1678636620000,2023-03-12 15:57:00,1.0549,1.055,1.0547,1.0547,6506.4
coinbase,USDTUSDC,1678636680000,2023-03-12 15:58:00,1.0547,1.055,1.0547,1.0547,10854.05
coinbase,USDTUSDC,1678636740000,2023-03-12 15:59:00,1.0547,1.0548,1.0547,1.0547,4783.17
coinbase,USDTUSDC,1678636860000,2023-03-12 16:01:00,1.0547,1.0548,1.0547,1.0548,16445.2
coinbase,USDTUSDC,1678636920000,2023-03-12 16:02:00,1.0548,1.0548,1.0548,1.0548,14979.14
coinbase,USDTUSDC,1678637040000,2023-03-12 16:04:00,1.0548,1.0548,1.0548,1.0548,5487.55
coinbase,USDTUSDC,1678637100000,2023-03-12 16:05:00,1.0548,1.0548,1.0547,1.0548,2921.71
coinbase,USDTUSDC,1678637160000,2023-03-12 16:06:00,1.0548,1.0548,1.0548,1.0548,10250.57
coinbase,USDTUSDC,1678637220000,2023-03-12 16:07:00,1.0548,1.0548,1.0548,1.0548,521.5
coinbase,USDTUSDC,1678637340000,2023-03-12 16:09:00,1.0548,1.055,1.0548,1.055,41728.07
coinbase,USDTUSDC,1678637580000,2023-03-12 16:13:00,1.055,1.055,1.055,1.055,14496.95
coinbase,USDTUSDC,1678637640000,2023-03-12 16:14:00,1.055,1.055,1.055,1.055,3024.25
coinbase,USDTUSDC,1678637760000,2023-03-12 16:16:00,1.0549,1.055,1.0547,1.0547,12523.13
coinbase,USDTUSDC,1678637820000,2023-03-12 16:17:00,1.0547,1.0549,1.0547,1.0547,13944.04
coinbase,USDTUSDC,1678637880000,2023-03-12 16:18:00,1.0547,1.0547,1.0542,1.0547,11240.83
coinbase,USDTUSDC,1678637940000,2023-03-12 16:19:00,1.0542,1.0542,1.0534,1.0534,990.44
coinbase,USDTUSDC,1678638000000,2023-03-12 16:20:00,1.0534,1.0547,1.0533,1.0537,10579.03
coinbase,USDTUSDC,1678638060000,2023-03-12 16:21:00,1.0536,1.0536,1.0529,1.0529,1043.33
coinbase,USDTUSDC,1678638120000,2023-03-12 16:22:00,1.0537,1.0537,1.0537,1.0537,44.02
coinbase,USDTUSDC,1678638240000,2023-03-12 16:24:00,1.0537,1.0541,1.0534,1.0541,3182.65
coinbase,USDTUSDC,1678638300000,2023-03-12 16:25:00,1.0531,1.0531,1.0527,1.0527,4017.94
coinbase,USDTUSDC,1678638360000,2023-03-12 16:26:00,1.0527,1.0529,1.0527,1.0529,2036.21
coinbase,USDTUSDC,1678638420000,2023-03-12 16:27:00,1.0529,1.0544,1.0529,1.0531,8967.9
coinbase,USDTUSDC,1678638480000,2023-03-12 16:28:00,1.053,1.053,1.053,1.053,14896.67
coinbase,USDTUSDC,1678638540000,2023-03-12 16:29:00,1.053,1.053,1.053,1.053,2355.45
coinbase,USDTUSDC,1678639140000,2023-03-12 16:39:00,1.0539,1.0539,1.0539,1.0539,4.75
coinbase,USDTUSDC,1678639320000,2023-03-12 16:42:00,1.0538,1.0539,1.0538,1.0539,497.35
coinbase,USDTUSDC,1678639440000,2023-03-12 16:44:00,1.0539,1.0539,1.0538,1.0538,2152.33
coinbase,USDTUSDC,1678639680000,2023-03-12 16:48:00,1.0539,1.0539,1.0539,1.0539,2669.74
coinbase,USDTUSDC,1678639740000,2023-03-12 16:49:00,1.0538,1.0547,1.0538,1.0538,4484.16
coinbase,USDTUSDC,1678639920000,2023-03-12 16:52:00,1.0543,1.0543,1.0542,1.0542,3131.64
coinbase,USDTUSDC,1678640100000,2023-03-12 16:55:00,1.0547,1.0547,1.0547,1.0547,1250.83
coinbase,USDTUSDC,1678640160000,2023-03-12 16:56:00,1.0547,1.0547,1.0547,1.0547,1196.1
coinbase,USDTUSDC,1678640220000,2023-03-12 16:57:00,1.0547,1.0547,1.0546,1.0547,12364.72
coinbase,USDTUSDC,1678640280000,2023-03-12 16:58:00,1.0547,1.0547,1.0547,1.0547,3193.31
coinbase,USDTUSDC,1678640340000,2023-03-12 16:59:00,1.0547,1.0547,1.0547,1.0547,4442.97
coinbase,USDTUSDC,1678640400000,2023-03-12 17:00:00,1.0547,1.055,1.0547,1.055,2999.99
coinbase,USDTUSDC,1678640460000,2023-03-12 17:01:00,1.055,1.055,1.055,1.055,689.09
coinbase,USDTUSDC,1678640520000,2023-03-12 17:02:00,1.0548,1.055,1.054,1.054,8294.82
coinbase,USDTUSDC,1678640580000,2023-03-12 17:03:00,1.0541,1.0545,1.054,1.054,8003.86
coinbase,USDTUSDC,1678640640000,2023-03-12 17:04:00,1.054,1.0541,1.0538,1.0538,24190.46
coinbase,USDTUSDC,1678640700000,2023-03-12 17:05:00,1.0538,1.0538,1.0538,1.0538,2106.04
coinbase,USDTUSDC,1678640760000,2023-03-12 17:06:00,1.0538,1.0538,1.0538,1.0538,3279.17
coinbase,USDTUSDC,1678640820000,2023-03-12 17:07:00,1.0538,1.0539,1.0538,1.0539,11.34
coinbase,USDTUSDC,1678640880000,2023-03-12 17:08:00,1.0539,1.054,1.0538,1.0538,6018.62
coinbase,USDTUSDC,1678640940000,2023-03-12 17:09:00,1.0538,1.0538,1.0527,1.0527,7088.09
coinbase,USDTUSDC,1678641000000,2023-03-12 17:10:00,1.0527,1.0536,1.0527,1.0527,191.13
coinbase,USDTUSDC,1678641120000,2023-03-12 17:12:00,1.0527,1.0533,1.0527,1.0533,17.16
coinbase,USDTUSDC,1678641180000,2023-03-12 17:13:00,1.0533,1.0533,1.0533,1.0533,3096.18
coinbase,USDTUSDC,1678641240000,2023-03-12 17:14:00,1.0533,1.0533,1.0527,1.0531,3658.97
coinbase,USDTUSDC,1678641300000,2023-03-12 17:15:00,1.0533,1.0534,1.0531,1.0531,2800.16
coinbase,USDTUSDC,1678641360000,2023-03-12 17:16:00,1.0531,1.0531,1.0531,1.0531,991.73
coinbase,USDTUSDC,1678641420000,2023-03-12 17:17:00,1.0531,1.0531,1.0525,1.0528,4508.27
coinbase,USDTUSDC,1678641540000,2023-03-12 17:19:00,1.0525,1.0526,1.0523,1.0523,1571.3
coinbase,USDTUSDC,1678641600000,2023-03-12 17:20:00,1.0523,1.0523,1.0523,1.0523,8839.19
coinbase,USDTUSDC,1678641660000,2023-03-12 17:21:00,1.0522,1.0523,1.0512,1.0512,5304.23
coinbase,USDTUSDC,1678641720000,2023-03-12 17:22:00,1.0511,1.0512,1.0503,1.0503,3020.05
coinbase,USDTUSDC,1678641780000,2023-03-12 17:23:00,1.0503,1.0507,1.0503,1.0507,465.99
coinbase,USDTUSDC,1678641840000,2023-03-12 17:24:00,1.0501,1.0503,1.0498,1.0498,7654.06
coinbase,USDTUSDC,1678641960000,2023-03-12 17:26:00,1.0493,1.0493,1.0461,1.0469,13741.58
coinbase,USDTUSDC,1678642020000,2023-03-12 17:27:00,1.046,1.0466,1.045,1.0456,12804.62
coinbase,USDTUSDC,1678642080000,2023-03-12 17:28:00,1.0448,1.0453,1.0448,1.0449,657.21
coinbase,USDTUSDC,1678642140000,2023-03-12 17:29:00,1.0448,1.0451,1.0431,1.0431,5263.97
coinbase,USDTUSDC,1678642200000,2023-03-12 17:30:00,1.0432,1.044,1.0431,1.044,3258.6
coinbase,USDTUSDC,1678642260000,2023-03-12 17:31:00,1.044,1.0445,1.044,1.0445,1499.72
coinbase,USDTUSDC,1678642380000,2023-03-12 17:33:00,1.0439,1.0442,1.0418,1.0442,10151.54
coinbase,USDTUSDC,1678642500000,2023-03-12 17:35:00,1.0441,1.0444,1.0441,1.0443,2044.08
coinbase,USDTUSDC,1678642560000,2023-03-12 17:36:00,1.0443,1.0445,1.0443,1.0443,122.26
coinbase,USDTUSDC,1678642620000,2023-03-12 17:37:00,1.0438,1.0453,1.0437,1.0453,613.95
coinbase,USDTUSDC,1678642680000,2023-03-12 17:38:00,1.0444,1.0469,1.0444,1.0454,521.58
coinbase,USDTUSDC,1678642740000,2023-03-12 17:39:00,1.0454,1.0459,1.045,1.0458,24.42
coinbase,USDTUSDC,1678642800000,2023-03-12 17:40:00,1.0458,1.0458,1.0457,1.0457,32.47
coinbase,USDTUSDC,1678642860000,2023-03-12 17:41:00,1.0457,1.0462,1.0457,1.0462,560.55
coinbase,USDTUSDC,1678642920000,2023-03-12 17:42:00,1.0466,1.0466,1.0446,1.0446,293.69
coinbase,USDTUSDC,1678643040000,2023-03-12 17:44:00,1.0456,1.0462,1.0451,1.0462,21.56
coinbase,USDTUSDC,1678643100000,2023-03-12 17:45:00,1.0466,1.0467,1.0466,1.0467,2245.43
coinbase,USDTUSDC,1678643160000,2023-03-12 17:46:00,1.0456,1.0472,1.0456,1.0468,21706.96
coinbase,USDTUSDC,1678643220000,2023-03-12 17:47:00,1.0468,1.0468,1.0466,1.0466,33.92
coinbase,USDTUSDC,1678643400000,2023-03-12 17:50:00,1.0466,1.0468,1.0451,1.0468,686.49
coinbase,USDTUSDC,1678643460000,2023-03-12 17:51:00,1.0468,1.0469,1.0467,1.0467,951.91
coinbase,USDTUSDC,1678643700000,2023-03-12 17:55:00,1.0468,1.0483,1.0468,1.0482,3728.21
coinbase,USDTUSDC,1678643820000,2023-03-12 17:57:00,1.0482,1.0495,1.048,1.048,4557.06
coinbase,USDTUSDC,1678643880000,2023-03-12 17:58:00,1.048,1.048,1.0474,1.048,4856.57
coinbase,USDTUSDC,1678643940000,2023-03-12 17:59:00,1.0479,1.048,1.0464,1.0464,1049.85
coinbase,USDTUSDC,1678644060000,2023-03-12 18:01:00,1.0481,1.0483,1.0481,1.0483,952.98
coinbase,USDTUSDC,1678644240000,2023-03-12 18:04:00,1.0486,1.0496,1.0479,1.0485,31870.88
coinbase,USDTUSDC,1678644300000,2023-03-12 18:05:00,1.0485,1.0485,1.048,1.0485,6455.74
coinbase,USDTUSDC,1678644420000,2023-03-12 18:07:00,1.0486,1.0497,1.0481,1.0485,3273.14
coinbase,USDTUSDC,1678644480000,2023-03-12 18:08:00,1.0485,1.049,1.0485,1.049,33435.34
coinbase,USDTUSDC,1678644540000,2023-03-12 18:09:00,1.0482,1.049,1.0481,1.049,1884.62
coinbase,USDTUSDC,1678644600000,2023-03-12 18:10:00,1.049,1.0491,1.049,1.0491,603.68
coinbase,USDTUSDC,1678644660000,2023-03-12 18:11:00,1.049,1.0494,1.0484,1.0494,1540.85
coinbase,USDTUSDC,1678644780000,2023-03-12 18:13:00,1.0497,1.0497,1.0493,1.0493,3049.98
coinbase,USDTUSDC,1678644900000,2023-03-12 18:15:00,1.0493,1.0503,1.0493,1.0503,709.29
coinbase,USDTUSDC,1678644960000,2023-03-12 18:16:00,1.0504,1.0504,1.0504,1.0504,21.77
coinbase,USDTUSDC,1678645020000,2023-03-12 18:17:00,1.0504,1.0516,1.0504,1.0516,22.02
coinbase,USDTUSDC,1678645080000,2023-03-12 18:18:00,1.0516,1.0525,1.0516,1.0525,562.7
coinbase,USDTUSDC,1678645140000,2023-03-12 18:19:00,1.0525,1.0526,1.0525,1.0526,2223.99
coinbase,USDTUSDC,1678645260000,2023-03-12 18:21:00,1.052,1.053,1.052,1.052,4249.77
coinbase,USDTUSDC,1678645320000,2023-03-12 18:22:00,1.0523,1.053,1.0522,1.053,24.64
coinbase,USDTUSDC,1678645380000,2023-03-12 18:23:00,1.053,1.053,1.053,1.053,510.98
coinbase,USDTUSDC,1678645440000,2023-03-12 18:24:00,1.053,1.053,1.053,1.053,1.89
coinbase,USDTUSDC,1678645500000,2023-03-12 18:25:00,1.053,1.0531,1.0522,1.0522,4473.65
coinbase,USDTUSDC,1678645560000,2023-03-12 18:26:00,1.0522,1.0529,1.0522,1.0522,7675.43
coinbase,USDTUSDC,1678645620000,2023-03-12 18:27:00,1.0522,1.0522,1.0497,1.0509,8181.34
coinbase,USDTUSDC,1678645680000,2023-03-12 18:28:00,1.0491,1.0491,1.0481,1.0481,18825.12
coinbase,USDTUSDC,1678645800000,2023-03-12 18:30:00,1.0494,1.05,1.0494,1.0494,53326.17
coinbase,USDTUSDC,1678645860000,2023-03-12 18:31:00,1.0494,1.0494,1.048,1.048,7421.28
coinbase,USDTUSDC,1678646040000,2023-03-12 18:34:00,1.0479,1.0497,1.0461,1.0472,14297.09
coinbase,USDTUSDC,1678646100000,2023-03-12 18:35:00,1.0462,1.0472,1.0461,1.0472,710.31
coinbase,USDTUSDC,1678646160000,2023-03-12 18:36:00,1.0472,1.0483,1.0461,1.0461,11891.03
coinbase,USDTUSDC,1678646220000,2023-03-12 18:37:00,1.0461,1.0461,1.0446,1.0457,7134.08
coinbase,USDTUSDC,1678646280000,2023-03-12 18:38:00,1.0457,1.0457,1.0457,1.0457,6159.16
coinbase,USDTUSDC,1678646340000,2023-03-12 18:39:00,1.0454,1.0468,1.0452,1.0452,15973.05
coinbase,USDTUSDC,1678646400000,2023-03-12 18:40:00,1.0452,1.0455,1.0446,1.0446,14548.3
coinbase,USDTUSDC,1678646460000,2023-03-12 18:41:00,1.0446,1.0447,1.0446,1.0447,842.78
coinbase,USDTUSDC,1678646520000,2023-03-12 18:42:00,1.0447,1.0455,1.0447,1.0455,115.38
coinbase,USDTUSDC,1678646580000,2023-03-12 18:43:00,1.0444,1.0454,1.0444,1.0454,9386.85
coinbase,USDTUSDC,1678646640000,2023-03-12 18:44:00,1.0447,1.0447,1.0447,1.0447,2276.6
coinbase,USDTUSDC,1678646700000,2023-03-12 18:45:00,1.0438,1.0438,1.0438,1.0438,13.37
coinbase,USDTUSDC,1678646760000,2023-03-12 18:46:00,1.0438,1.0441,1.0438,1.0441,2625.24
coinbase,USDTUSDC,1678646940000,2023-03-12 18:49:00,1.0441,1.0441,1.0438,1.0438,712.04
coinbase,USDTUSDC,1678647000000,2023-03-12 18:50:00,1.0438,1.0446,1.0431,1.0439,19930.51
coinbase,USDTUSDC,1678647060000,2023-03-12 18:51:00,1.0435,1.0436,1.0434,1.0436,3991.44
coinbase,USDTUSDC,1678647120000,2023-03-12 18:52:00,1.0433,1.0433,1.0433,1.0433,266.47
coinbase,USDTUSDC,1678647180000,2023-03-12 18:53:00,1.0433,1.044,1.0432,1.044,2066.43
coinbase,USDTUSDC,1678647360000,2023-03-12 18:56:00,1.0446,1.0453,1.0446,1.0453,7.14
coinbase,USDTUSDC,1678647480000,2023-03-12 18:58:00,1.0453,1.0455,1.0453,1.0455,1019.96
coinbase,USDTUSDC,1678647540000,2023-03-12 18:59:00,1.0455,1.0469,1.0455,1.0469,126.55
coinbase,USDTUSDC,1678647720000,2023-03-12 19:02:00,1.0473,1.0484,1.0473,1.0484,686.91
coinbase,USDTUSDC,1678647840000,2023-03-12 19:04:00,1.048,1.048,1.0476,1.0476,1117.94
coinbase,USDTUSDC,1678647900000,2023-03-12 19:05:00,1.0479,1.048,1.0479,1.048,3794.24
coinbase,USDTUSDC,1678647960000,2023-03-12 19:06:00,1.0479,1.0479,1.0474,1.0474,2463.06
coinbase,USDTUSDC,1678648020000,2023-03-12 19:07:00,1.0475,1.0475,1.0474,1.0474,308.38
coinbase,USDTUSDC,1678648080000,2023-03-12 19:08:00,1.0475,1.0476,1.0475,1.0476,150.83
coinbase,USDTUSDC,1678648320000,2023-03-12 19:12:00,1.0474,1.0476,1.0474,1.0476,5542.17
coinbase,USDTUSDC,1678648440000,2023-03-12 19:14:00,1.0479,1.0482,1.0478,1.0482,3046.98
coinbase,USDTUSDC,1678648560000,2023-03-12 19:16:00,1.0482,1.0482,1.0482,1.0482,361.09
coinbase,USDTUSDC,1678648620000,2023-03-12 19:17:00,1.0482,1.0485,1.0482,1.0485,1090.85
coinbase,USDTUSDC,1678648680000,2023-03-12 19:18:00,1.0489,1.0507,1.0488,1.0489,18910.85
coinbase,USDTUSDC,1678648740000,2023-03-12 19:19:00,1.0495,1.0502,1.0487,1.0502,13232.13
coinbase,USDTUSDC,1678648800000,2023-03-12 19:20:00,1.0493,1.0517,1.0493,1.0516,4758.35
coinbase,USDTUSDC,1678648860000,2023-03-12 19:21:00,1.0506,1.0517,1.0498,1.0498,20704.62
coinbase,USDTUSDC,1678648920000,2023-03-12 19:22:00,1.0496,1.0498,1.0496,1.0498,27052.49
coinbase,USDTUSDC,1678648980000,2023-03-12 19:23:00,1.0497,1.05,1.0493,1.0493,3710
coinbase,USDTUSDC,1678649040000,2023-03-12 19:24:00,1.0493,1.0496,1.0492,1.0493,13664.08
coinbase,USDTUSDC,1678649100000,2023-03-12 19:25:00,1.0493,1.0493,1.0492,1.0492,5596.82
coinbase,USDTUSDC,1678649220000,2023-03-12 19:27:00,1.0492,1.0492,1.0492,1.0492,1.9
coinbase,USDTUSDC,1678649280000,2023-03-12 19:28:00,1.0493,1.0493,1.0492,1.0492,10619.46
coinbase,USDTUSDC,1678649340000,2023-03-12 19:29:00,1.0492,1.0493,1.0492,1.0492,629.3
coinbase,USDTUSDC,1678649400000,2023-03-12 19:30:00,1.0492,1.0493,1.0474,1.048,54038.31
coinbase,USDTUSDC,1678649460000,2023-03-12 19:31:00,1.0479,1.0485,1.0479,1.0481,26508.12
coinbase,USDTUSDC,1678649520000,2023-03-12 19:32:00,1.0482,1.0492,1.0482,1.0492,1235.62
coinbase,USDTUSDC,1678649580000,2023-03-12 19:33:00,1.0492,1.0492,1.049,1.0491,47.78
coinbase,USDTUSDC,1678649640000,2023-03-12 19:34:00,1.0497,1.05,1.0497,1.05,506.14
coinbase,USDTUSDC,1678649700000,2023-03-12 19:35:00,1.0495,1.0498,1.049,1.0498,3882.79
coinbase,USDTUSDC,1678649760000,2023-03-12 19:36:00,1.0497,1.0501,1.0486,1.0486,416.44
coinbase,USDTUSDC,1678649820000,2023-03-12 19:37:00,1.0496,1.0497,1.0485,1.049,28695.54
coinbase,USDTUSDC,1678649880000,2023-03-12 19:38:00,1.0485,1.0491,1.0483,1.049,3290.11
coinbase,USDTUSDC,1678649940000,2023-03-12 19:39:00,1.0483,1.0489,1.0482,1.0488,4991.79
coinbase,USDTUSDC,1678650000000,2023-03-12 19:40:00,1.0481,1.0484,1.0481,1.0482,2149.28
coinbase,USDTUSDC,1678650060000,2023-03-12 19:41:00,1.0484,1.0484,1.048,1.048,2257.17
coinbase,USDTUSDC,1678650120000,2023-03-12 19:42:00,1.048,1.048,1.0477,1.0477,5079.87
coinbase,USDTUSDC,1678650180000,2023-03-12 19:43:00,1.0477,1.049,1.0477,1.049,82.83
coinbase,USDTUSDC,1678650240000,2023-03-12 19:44:00,1.0477,1.0481,1.0477,1.0479,4680.67
coinbase,USDTUSDC,1678650300000,2023-03-12 19:45:00,1.0477,1.0477,1.047,1.047,2312.8
coinbase,USDTUSDC,1678650420000,2023-03-12 19:47:00,1.0468,1.0468,1.0465,1.0465,4867.5
coinbase,USDTUSDC,1678650540000,2023-03-12 19:49:00,1.0467,1.0467,1.0467,1.0467,1142.39
coinbase,USDTUSDC,1678650600000,2023-03-12 19:50:00,1.0467,1.0467,1.0463,1.0465,7408.9
coinbase,USDTUSDC,1678650660000,2023-03-12 19:51:00,1.0465,1.0467,1.0463,1.0465,14140.46
coinbase,USDTUSDC,1678650720000,2023-03-12 19:52:00,1.0467,1.0467,1.0465,1.0467,86506.52
coinbase,USDTUSDC,1678650780000,2023-03-12 19:53:00,1.0467,1.0477,1.0467,1.0477,69542.26
coinbase,USDTUSDC,1678650900000,2023-03-12 19:55:00,1.0477,1.0482,1.0477,1.0482,244.28
coinbase,USDTUSDC,1678651020000,2023-03-12 19:57:00,1.0482,1.0489,1.0482,1.0482,1292.46
coinbase,USDTUSDC,1678651200000,2023-03-12 20:00:00,1.0496,1.0498,1.0496,1.0498,2034.8
coinbase,USDTUSDC,1678615260000,2023-03-12 10:01:00,1.0525,1.0534,1.0523,1.0534,2695.41
coinbase,USDTUSDC,1678615800000,2023-03-12 10:10:00,1.0531,1.0532,1.0529,1.0529,1221.83
coinbase,USDTUSDC,1678615980000,2023-03-12 10:13:00,1.0529,1.0529,1.0525,1.0525,353.97
coinbase,USDTUSDC,1678616280000,2023-03-12 10:18:00,1.0524,1.0524,1.0518,1.052,60.3
coinbase,USDTUSDC,1678616700000,2023-03-12 10:25:00,1.0516,1.0516,1.0516,1.0516,11
coinbase,USDTUSDC,1678616760000,2023-03-12 10:26:00,1.0521,1.0534,1.0513,1.0513,61757.38
coinbase,USDTUSDC,1678617000000,2023-03-12 10:30:00,1.0514,1.0541,1.0514,1.0515,78763.41
coinbase,USDTUSDC,1678617060000,2023-03-12 10:31:00,1.0515,1.0518,1.0513,1.0514,3164.17
coinbase,USDTUSDC,1678617120000,2023-03-12 10:32:00,1.0514,1.052,1.0512,1.052,3802.66
coinbase,USDTUSDC,1678617240000,2023-03-12 10:34:00,1.0518,1.0518,1.0518,1.0518,728.23
coinbase,USDTUSDC,1678617300000,2023-03-12 10:35:00,1.0517,1.0519,1.0517,1.0518,6116.57
coinbase,USDTUSDC,1678617420000,2023-03-12 10:37:00,1.0518,1.052,1.0518,1.052,4104.75
coinbase,USDTUSDC,1678617600000,2023-03-12 10:40:00,1.0513,1.0513,1.0513,1.0513,300.58
coinbase,USDTUSDC,1678617660000,2023-03-12 10:41:00,1.0518,1.0519,1.0509,1.0509,9621.29
coinbase,USDTUSDC,1678617720000,2023-03-12 10:42:00,1.051,1.051,1.05,1.0508,5458.4
coinbase,USDTUSDC,1678617780000,2023-03-12 10:43:00,1.0506,1.0507,1.0506,1.0507,1469.26
coinbase,USDTUSDC,1678617840000,2023-03-12 10:44:00,1.0506,1.0506,1.0499,1.0499,994.26
coinbase,USDTUSDC,1678617960000,2023-03-12 10:46:00,1.0501,1.0503,1.0501,1.0501,7355.19
coinbase,USDTUSDC,1678618080000,2023-03-12 10:48:00,1.0501,1.0501,1.0501,1.0501,1322.12
coinbase,USDTUSDC,1678618200000,2023-03-12 10:50:00,1.0501,1.0502,1.0498,1.0501,4655.36
coinbase,USDTUSDC,1678618380000,2023-03-12 10:53:00,1.0501,1.0501,1.0498,1.0498,1800.34
coinbase,USDTUSDC,1678618440000,2023-03-12 10:54:00,1.0498,1.0503,1.0498,1.0503,2991.39
coinbase,USDTUSDC,1678618500000,2023-03-12 10:55:00,1.05,1.05,1.0499,1.05,2272.8
coinbase,USDTUSDC,1678618680000,2023-03-12 10:58:00,1.0487,1.0498,1.0487,1.0498,2900.73
coinbase,USDTUSDC,1678618740000,2023-03-12 10:59:00,1.0487,1.05,1.0487,1.05,1385.9
coinbase,USDTUSDC,1678618980000,2023-03-12 11:03:00,1.0497,1.05,1.0487,1.0487,3958.65
coinbase,USDTUSDC,1678619040000,2023-03-12 11:04:00,1.0485,1.0485,1.0481,1.0485,2715.3
coinbase,USDTUSDC,1678619160000,2023-03-12 11:06:00,1.048,1.0482,1.0474,1.0482,3491.19
coinbase,USDTUSDC,1678619520000,2023-03-12 11:12:00,1.0479,1.048,1.0474,1.048,1116.14
coinbase,USDTUSDC,1678619580000,2023-03-12 11:13:00,1.0472,1.0477,1.0472,1.0477,1142.13
coinbase,USDTUSDC,1678619640000,2023-03-12 11:14:00,1.0477,1.0478,1.0473,1.0474,9423.58
coinbase,USDTUSDC,1678619700000,2023-03-12 11:15:00,1.0474,1.0474,1.0468,1.0468,5675.11
coinbase,USDTUSDC,1678619760000,2023-03-12 11:16:00,1.0471,1.0472,1.0471,1.0472,1900
coinbase,USDTUSDC,1678619820000,2023-03-12 11:17:00,1.0471,1.0472,1.0469,1.0471,4016.93
coinbase,USDTUSDC,1678619880000,2023-03-12 11:18:00,1.0465,1.047,1.0465,1.0468,8163.38
coinbase,USDTUSDC,1678619940000,2023-03-12 11:19:00,1.0467,1.0468,1.0464,1.0465,9809.8
coinbase,USDTUSDC,1678620000000,2023-03-12 11:20:00,1.0465,1.0465,1.0465,1.0465,949.99
coinbase,USDTUSDC,1678620180000,2023-03-12 11:23:00,1.0465,1.0465,1.0464,1.0464,1094.57
coinbase,USDTUSDC,1678620360000,2023-03-12 11:26:00,1.0451,1.0457,1.0448,1.0451,4360.27
coinbase,USDTUSDC,1678620540000,2023-03-12 11:29:00,1.0448,1.0459,1.0448,1.0459,1528.73
coinbase,USDTUSDC,1678621260000,2023-03-12 11:41:00,1.0464,1.048,1.0464,1.0479,3260.14
coinbase,USDTUSDC,1678621320000,2023-03-12 11:42:00,1.0479,1.0479,1.0479,1.0479,745.07
coinbase,USDTUSDC,1678621380000,2023-03-12 11:43:00,1.0477,1.0483,1.0474,1.0483,3275.82
coinbase,USDTUSDC,1678621620000,2023-03-12 11:47:00,1.0477,1.0484,1.0477,1.0484,112.15
coinbase,USDTUSDC,1678621800000,2023-03-12 11:50:00,1.0487,1.0487,1.0487,1.0487,106.41
coinbase,USDTUSDC,1678621980000,2023-03-12 11:53:00,1.0499,1.0501,1.0499,1.0501,838.16
coinbase,USDTUSDC,1678622340000,2023-03-12 11:59:00,1.05,1.05,1.05,1.05,5191.1
coinbase,USDTUSDC,1678622400000,2023-03-12 12:00:00,1.05,1.05,1.0492,1.0492,1200.66
coinbase,USDTUSDC,1678622580000,2023-03-12 12:03:00,1.0503,1.0505,1.0503,1.0505,116.81
coinbase,USDTUSDC,1678622640000,2023-03-12 12:04:00,1.0513,1.0513,1.0513,1.0513,38.04
coinbase,USDTUSDC,1678622820000,2023-03-12 12:07:00,1.0512,1.0515,1.0512,1.0515,5316.96
coinbase,USDTUSDC,1678622880000,2023-03-12 12:08:00,1.0513,1.0514,1.0513,1.0514,155.79
coinbase,USDTUSDC,1678623180000,2023-03-12 12:13:00,1.0514,1.0517,1.0514,1.0517,63.55
coinbase,USDTUSDC,1678623240000,2023-03-12 12:14:00,1.052,1.0543,1.0517,1.0543,5165.85
coinbase,USDTUSDC,1678623300000,2023-03-12 12:15:00,1.0531,1.0531,1.0531,1.0531,2034.98
coinbase,USDTUSDC,1678623420000,2023-03-12 12:17:00,1.0532,1.0532,1.0531,1.0531,4911.49
coinbase,USDTUSDC,1678623480000,2023-03-12 12:18:00,1.0531,1.0531,1.0531,1.0531,991
coinbase,USDTUSDC,1678623540000,2023-03-12 12:19:00,1.0531,1.0531,1.0531,1.0531,2344.26
coinbase,USDTUSDC,1678623600000,2023-03-12 12:20:00,1.0528,1.0529,1.0528,1.0529,36.35
coinbase,USDTUSDC,1678623840000,2023-03-12 12:24:00,1.0528,1.0528,1.052,1.052,992.12
coinbase,USDTUSDC,1678623900000,2023-03-12 12:25:00,1.0514,1.0514,1.0508,1.0508,1192.05
coinbase,USDTUSDC,1678624020000,2023-03-12 12:27:00,1.0513,1.0513,1.0507,1.0507,4720.63
coinbase,USDTUSDC,1678624440000,2023-03-12 12:34:00,1.0512,1.0512,1.051,1.051,10894.28
coinbase,USDTUSDC,1678624620000,2023-03-12 12:37:00,1.0522,1.0533,1.0522,1.0533,98.58
coinbase,USDTUSDC,1678624920000,2023-03-12 12:42:00,1.0537,1.054,1.0532,1.054,4753.07
coinbase,USDTUSDC,1678625460000,2023-03-12 12:51:00,1.0537,1.0539,1.0534,1.0537,10008.68
coinbase,USDTUSDC,1678625700000,2023-03-12 12:55:00,1.0537,1.0537,1.0537,1.0537,1058.17
coinbase,USDTUSDC,1678625760000,2023-03-12 12:56:00,1.0537,1.0538,1.0532,1.0532,88680.01
coinbase,USDTUSDC,1678626060000,2023-03-12 13:01:00,1.0529,1.0529,1.0517,1.0517,1984.81
coinbase,USDTUSDC,1678626120000,2023-03-12 13:02:00,1.0524,1.0524,1.0522,1.0522,1160.76
coinbase,USDTUSDC,1678626300000,2023-03-12 13:05:00,1.0518,1.0518,1.051,1.051,137.95
coinbase,USDTUSDC,1678626360000,2023-03-12 13:06:00,1.0518,1.0518,1.0516,1.0518,10279.82
coinbase,USDTUSDC,1678626720000,2023-03-12 13:12:00,1.0515,1.0515,1.051,1.051,1986.86
coinbase,USDTUSDC,1678626780000,2023-03-12 13:13:00,1.051,1.051,1.0505,1.0505,962.6
coinbase,USDTUSDC,1678626840000,2023-03-12 13:14:00,1.0504,1.0504,1.0501,1.0501,3713.35
coinbase,USDTUSDC,1678626900000,2023-03-12 13:15:00,1.0504,1.0504,1.0499,1.0499,518.7
coinbase,USDTUSDC,1678627020000,2023-03-12 13:17:00,1.049,1.049,1.0487,1.0487,995.51
coinbase,USDTUSDC,1678627080000,2023-03-12 13:18:00,1.0485,1.0485,1.0482,1.0482,2341.26
coinbase,USDTUSDC,1678627140000,2023-03-12 13:19:00,1.0482,1.0484,1.0475,1.0483,10777.93
coinbase,USDTUSDC,1678627200000,2023-03-12 13:20:00,1.0482,1.0484,1.0473,1.0473,12775.45
coinbase,USDTUSDC,1678627260000,2023-03-12 13:21:00,1.0474,1.0474,1.0472,1.0472,2041.03
coinbase,USDTUSDC,1678627380000,2023-03-12 13:23:00,1.0482,1.0483,1.0471,1.0471,5567.06
coinbase,USDTUSDC,1678627440000,2023-03-12 13:24:00,1.0474,1.0474,1.0471,1.0471,1651.36
coinbase,USDTUSDC,1678627560000,2023-03-12 13:26:00,1.0465,1.0467,1.046,1.046,3832.67
coinbase,USDTUSDC,1678627620000,2023-03-12 13:27:00,1.046,1.046,1.0453,1.046,5226.43
coinbase,USDTUSDC,1678627800000,2023-03-12 13:30:00,1.046,1.046,1.0457,1.0457,7874.04
coinbase,USDTUSDC,1678627860000,2023-03-12 13:31:00,1.0457,1.046,1.0457,1.0459,5410
coinbase,USDTUSDC,1678628160000,2023-03-12 13:36:00,1.0459,1.0461,1.0459,1.0459,4442.41
coinbase,USDTUSDC,1678628460000,2023-03-12 13:41:00,1.0458,1.0458,1.0458,1.0458,303.34
coinbase,USDTUSDC,1678628580000,2023-03-12 13:43:00,1.0458,1.0459,1.0458,1.0459,2869.1
coinbase,USDTUSDC,1678628820000,2023-03-12 13:47:00,1.0461,1.047,1.0461,1.047,43901.2
coinbase,USDTUSDC,1678628880000,2023-03-12 13:48:00,1.047,1.047,1.047,1.047,8119.26
coinbase,USDTUSDC,1678628940000,2023-03-12 13:49:00,1.047,1.047,1.047,1.047,997.22
coinbase,USDTUSDC,1678629120000,2023-03-12 13:52:00,1.0478,1.048,1.0478,1.048,727.72
coinbase,USDTUSDC,1678629600000,2023-03-12 14:00:00,1.0485,1.0485,1.0485,1.0485,1903.99
coinbase,USDTUSDC,1678629660000,2023-03-12 14:01:00,1.0485,1.0502,1.0478,1.0502,26303.17
coinbase,USDTUSDC,1678629960000,2023-03-12 14:06:00,1.049,1.05,1.049,1.05,7639.44
coinbase,USDTUSDC,1678630080000,2023-03-12 14:08:00,1.0497,1.0497,1.0497,1.0497,13977.23
coinbase,USDTUSDC,1678630140000,2023-03-12 14:09:00,1.0497,1.05,1.0497,1.0497,27410.99
coinbase,USDTUSDC,1678630200000,2023-03-12 14:10:00,1.0498,1.0499,1.0498,1.0499,6087.97
coinbase,USDTUSDC,1678630260000,2023-03-12 14:11:00,1.0499,1.0499,1.0499,1.0499,7102.06
coinbase,USDTUSDC,1678630380000,2023-03-12 14:13:00,1.0501,1.0506,1.0499,1.0499,2897.91
coinbase,USDTUSDC,1678630800000,2023-03-12 14:20:00,1.0507,1.0507,1.0503,1.0506,375.51
coinbase,USDTUSDC,1678630860000,2023-03-12 14:21:00,1.0514,1.0514,1.0514,1.0514,62.4
coinbase,USDTUSDC,1678630920000,2023-03-12 14:22:00,1.0515,1.0531,1.0514,1.0528,8973.01
coinbase,USDTUSDC,1678631100000,2023-03-12 14:25:00,1.053,1.053,1.053,1.053,44.26
coinbase,USDTUSDC,1678631220000,2023-03-12 14:27:00,1.0538,1.0541,1.0538,1.0541,234.99
coinbase,USDTUSDC,1678631400000,2023-03-12 14:30:00,1.0543,1.0559,1.0543,1.0559,313.89
coinbase,USDTUSDC,1678631520000,2023-03-12 14:32:00,1.0543,1.055,1.054,1.0547,8767.59
coinbase,USDTUSDC,1678631580000,2023-03-12 14:33:00,1.0545,1.0546,1.054,1.0546,3798.94
coinbase,USDTUSDC,1678631700000,2023-03-12 14:35:00,1.0539,1.054,1.0527,1.0533,1889.94
coinbase,USDTUSDC,1678631820000,2023-03-12 14:37:00,1.0533,1.0533,1.0533,1.0533,66.42
coinbase,USDTUSDC,1678631880000,2023-03-12 14:38:00,1.0533,1.0533,1.0529,1.0529,473.94
coinbase,USDTUSDC,1678632000000,2023-03-12 14:40:00,1.0529,1.0529,1.0529,1.0529,656.87
coinbase,USDTUSDC,1678632060000,2023-03-12 14:41:00,1.0529,1.053,1.0529,1.053,5043.62
coinbase,USDTUSDC,1678632120000,2023-03-12 14:42:00,1.0529,1.0529,1.0529,1.0529,5168.19
coinbase,USDTUSDC,1678632180000,2023-03-12 14:43:00,1.0529,1.0529,1.0529,1.0529,1044.44
coinbase,USDTUSDC,1678632240000,2023-03-12 14:44:00,1.0529,1.0529,1.0527,1.0527,14.87
coinbase,USDTUSDC,1678632300000,2023-03-12 14:45:00,1.0529,1.0529,1.0529,1.0529,1061.44
coinbase,USDTUSDC,1678632360000,2023-03-12 14:46:00,1.053,1.053,1.053,1.053,3876.86
coinbase,USDTUSDC,1678632420000,2023-03-12 14:47:00,1.053,1.053,1.0523,1.0523,3131.94
coinbase,USDTUSDC,1678632480000,2023-03-12 14:48:00,1.0529,1.0529,1.0529,1.0529,7335.55
coinbase,USDTUSDC,1678632540000,2023-03-12 14:49:00,1.0529,1.0529,1.0522,1.0526,11507.76
coinbase,USDTUSDC,1678632600000,2023-03-12 14:50:00,1.0525,1.0528,1.0525,1.0526,2411.88
coinbase,USDTUSDC,1678632660000,2023-03-12 14:51:00,1.0526,1.0527,1.0524,1.0524,1993.19
coinbase,USDTUSDC,1678632840000,2023-03-12 14:54:00,1.0524,1.0524,1.0524,1.0524,292.29
coinbase,USDTUSDC,1678633140000,2023-03-12 14:59:00,1.0526,1.054,1.0526,1.054,5385.89
coinbase,USDTUSDC,1678597200000,2023-03-12 05:00:00,1.0395,1.0406,1.0395,1.0406,2219.94
coinbase,USDTUSDC,1678597320000,2023-03-12 05:02:00,1.0406,1.0409,1.0402,1.0409,12577.11
coinbase,USDTUSDC,1678597440000,2023-03-12 05:04:00,1.0409,1.0411,1.0409,1.0411,7414.78
coinbase,USDTUSDC,1678597560000,2023-03-12 05:06:00,1.0419,1.0427,1.0419,1.0426,82098.53
coinbase,USDTUSDC,1678597920000,2023-03-12 05:12:00,1.0411,1.0421,1.0406,1.0406,6970.08
coinbase,USDTUSDC,1678597980000,2023-03-12 05:13:00,1.0406,1.041,1.0404,1.041,2104.31
coinbase,USDTUSDC,1678598340000,2023-03-12 05:19:00,1.0407,1.0413,1.0407,1.0409,3912.05
coinbase,USDTUSDC,1678598400000,2023-03-12 05:20:00,1.0409,1.0409,1.0407,1.0407,3962.07
coinbase,USDTUSDC,1678598580000,2023-03-12 05:23:00,1.0408,1.0411,1.0407,1.0411,4134.08
coinbase,USDTUSDC,1678598640000,2023-03-12 05:24:00,1.0411,1.0413,1.0411,1.0413,2090.06
coinbase,USDTUSDC,1678598820000,2023-03-12 05:27:00,1.0413,1.0416,1.0413,1.0416,2962.42
coinbase,USDTUSDC,1678599240000,2023-03-12 05:34:00,1.0406,1.0406,1.04,1.04,3630.5
coinbase,USDTUSDC,1678599300000,2023-03-12 05:35:00,1.04,1.0408,1.04,1.04,10056.36
coinbase,USDTUSDC,1678599360000,2023-03-12 05:36:00,1.04,1.04,1.04,1.04,4563.78
coinbase,USDTUSDC,1678599480000,2023-03-12 05:38:00,1.04,1.0405,1.04,1.0405,2047.13
coinbase,USDTUSDC,1678599780000,2023-03-12 05:43:00,1.0403,1.0404,1.04,1.04,2046.52
coinbase,USDTUSDC,1678600200000,2023-03-12 05:50:00,1.0403,1.0403,1.0401,1.0401,596.56
coinbase,USDTUSDC,1678600320000,2023-03-12 05:52:00,1.0401,1.0408,1.0401,1.0408,1365.43
coinbase,USDTUSDC,1678600680000,2023-03-12 05:58:00,1.0408,1.0416,1.0408,1.0413,2489.3
coinbase,USDTUSDC,1678601100000,2023-03-12 06:05:00,1.0416,1.0429,1.0416,1.0429,325.99
coinbase,USDTUSDC,1678601160000,2023-03-12 06:06:00,1.0434,1.044,1.0434,1.044,5223.37
coinbase,USDTUSDC,1678601220000,2023-03-12 06:07:00,1.044,1.044,1.044,1.044,28373.53
coinbase,USDTUSDC,1678601280000,2023-03-12 06:08:00,1.044,1.045,1.044,1.0449,25915.62
coinbase,USDTUSDC,1678601340000,2023-03-12 06:09:00,1.0449,1.045,1.0449,1.045,23381.56
coinbase,USDTUSDC,1678601400000,2023-03-12 06:10:00,1.0449,1.045,1.0441,1.0441,3381.64
coinbase,USDTUSDC,1678601580000,2023-03-12 06:13:00,1.0444,1.0464,1.0444,1.0464,65.96
coinbase,USDTUSDC,1678602000000,2023-03-12 06:20:00,1.0476,1.0481,1.0476,1.0481,2652.72
coinbase,USDTUSDC,1678602420000,2023-03-12 06:27:00,1.0484,1.05,1.0484,1.0489,4028.86
coinbase,USDTUSDC,1678602480000,2023-03-12 06:28:00,1.05,1.05,1.05,1.05,533.02
coinbase,USDTUSDC,1678602540000,2023-03-12 06:29:00,1.0499,1.05,1.0499,1.05,6087.04
coinbase,USDTUSDC,1678602600000,2023-03-12 06:30:00,1.05,1.05,1.0488,1.05,13041.83
coinbase,USDTUSDC,1678602660000,2023-03-12 06:31:00,1.05,1.0501,1.05,1.0501,3357.28
coinbase,USDTUSDC,1678602720000,2023-03-12 06:32:00,1.0501,1.0501,1.0501,1.0501,6858.15
coinbase,USDTUSDC,1678602780000,2023-03-12 06:33:00,1.0508,1.0508,1.0504,1.0504,1060.09
coinbase,USDTUSDC,1678602840000,2023-03-12 06:34:00,1.0504,1.0504,1.0504,1.0504,2009.01
coinbase,USDTUSDC,1678602960000,2023-03-12 06:36:00,1.0504,1.052,1.0504,1.0513,12671.08
coinbase,USDTUSDC,1678603200000,2023-03-12 06:40:00,1.0518,1.0538,1.0518,1.0532,4166.23
coinbase,USDTUSDC,1678603500000,2023-03-12 06:45:00,1.0537,1.0537,1.0537,1.0537,181.61
coinbase,USDTUSDC,1678603560000,2023-03-12 06:46:00,1.0538,1.054,1.0538,1.054,380.1
coinbase,USDTUSDC,1678603740000,2023-03-12 06:49:00,1.0538,1.054,1.0538,1.054,1393.04
coinbase,USDTUSDC,1678603800000,2023-03-12 06:50:00,1.054,1.054,1.054,1.054,105.98
coinbase,USDTUSDC,1678603860000,2023-03-12 06:51:00,1.054,1.0549,1.0539,1.0549,11904.55
coinbase,USDTUSDC,1678603980000,2023-03-12 06:53:00,1.0549,1.0563,1.0549,1.0563,11384.71
coinbase,USDTUSDC,1678604520000,2023-03-12 07:02:00,1.0562,1.0571,1.0558,1.0558,1863.16
coinbase,USDTUSDC,1678605060000,2023-03-12 07:11:00,1.0585,1.0585,1.0585,1.0585,20.94
coinbase,USDTUSDC,1678605120000,2023-03-12 07:12:00,1.0584,1.059,1.0584,1.0589,18671.19
coinbase,USDTUSDC,1678605180000,2023-03-12 07:13:00,1.0589,1.059,1.0578,1.0584,7296.27
coinbase,USDTUSDC,1678605240000,2023-03-12 07:14:00,1.0589,1.0612,1.0589,1.0612,493.75
coinbase,USDTUSDC,1678605420000,2023-03-12 07:17:00,1.0597,1.0597,1.0597,1.0597,4098.17
coinbase,USDTUSDC,1678605600000,2023-03-12 07:20:00,1.0589,1.0591,1.0587,1.0587,4506.94
coinbase,USDTUSDC,1678606140000,2023-03-12 07:29:00,1.0595,1.0616,1.0595,1.0615,2997.63
coinbase,USDTUSDC,1678606320000,2023-03-12 07:32:00,1.0623,1.0645,1.0622,1.0645,1491.97
coinbase,USDTUSDC,1678606740000,2023-03-12 07:39:00,1.0645,1.0651,1.0627,1.0627,6493.09
coinbase,USDTUSDC,1678606800000,2023-03-12 07:40:00,1.0627,1.0637,1.0627,1.0627,55.1
coinbase,USDTUSDC,1678606920000,2023-03-12 07:42:00,1.0632,1.0645,1.0632,1.0645,471.43
coinbase,USDTUSDC,1678607880000,2023-03-12 07:58:00,1.0635,1.0635,1.063,1.063,2438.31
coinbase,USDTUSDC,1678607940000,2023-03-12 07:59:00,1.063,1.063,1.06,1.06,38488.49
coinbase,USDTUSDC,1678608000000,2023-03-12 08:00:00,1.06,1.0603,1.0576,1.0576,32401.51
coinbase,USDTUSDC,1678608060000,2023-03-12 08:01:00,1.0617,1.0617,1.0617,1.0617,600
coinbase,USDTUSDC,1678608120000,2023-03-12 08:02:00,1.0617,1.0617,1.0613,1.0613,8164.92
coinbase,USDTUSDC,1678608180000,2023-03-12 08:03:00,1.0613,1.0613,1.0604,1.0604,11281.39
coinbase,USDTUSDC,1678608240000,2023-03-12 08:04:00,1.0603,1.0603,1.0601,1.0601,50.43
coinbase,USDTUSDC,1678608300000,2023-03-12 08:05:00,1.06,1.06,1.0598,1.0598,6.8
coinbase,USDTUSDC,1678608360000,2023-03-12 08:06:00,1.0598,1.0598,1.0598,1.0598,5.1
coinbase,USDTUSDC,1678608420000,2023-03-12 08:07:00,1.0598,1.0612,1.0598,1.0611,1050.98
coinbase,USDTUSDC,1678608480000,2023-03-12 08:08:00,1.061,1.061,1.061,1.061,89.07
coinbase,USDTUSDC,1678608540000,2023-03-12 08:09:00,1.0617,1.0618,1.061,1.0618,1618.06
coinbase,USDTUSDC,1678608600000,2023-03-12 08:10:00,1.0618,1.0618,1.0617,1.0617,538.69
coinbase,USDTUSDC,1678608660000,2023-03-12 08:11:00,1.0617,1.0618,1.0609,1.0618,4435.21
coinbase,USDTUSDC,1678608720000,2023-03-12 08:12:00,1.061,1.0618,1.061,1.0618,3461.92
coinbase,USDTUSDC,1678608780000,2023-03-12 08:13:00,1.0618,1.0618,1.061,1.0616,4108.43
coinbase,USDTUSDC,1678608900000,2023-03-12 08:15:00,1.0618,1.0618,1.0618,1.0618,2644.11
coinbase,USDTUSDC,1678609020000,2023-03-12 08:17:00,1.0618,1.0618,1.0609,1.0618,477.77
coinbase,USDTUSDC,1678609080000,2023-03-12 08:18:00,1.0618,1.0618,1.0618,1.0618,1132.47
coinbase,USDTUSDC,1678609140000,2023-03-12 08:19:00,1.0618,1.0618,1.0618,1.0618,1043.94
coinbase,USDTUSDC,1678609200000,2023-03-12 08:20:00,1.0618,1.0618,1.0618,1.0618,1146.84
coinbase,USDTUSDC,1678609500000,2023-03-12 08:25:00,1.061,1.061,1.0598,1.0598,6291.67
coinbase,USDTUSDC,1678609560000,2023-03-12 08:26:00,1.0593,1.06,1.058,1.058,865.81
coinbase,USDTUSDC,1678609800000,2023-03-12 08:30:00,1.0577,1.0577,1.0569,1.0569,279.48
coinbase,USDTUSDC,1678609860000,2023-03-12 08:31:00,1.0561,1.0561,1.0558,1.0558,4735.04
coinbase,USDTUSDC,1678610160000,2023-03-12 08:36:00,1.0549,1.055,1.0547,1.055,1080.95
coinbase,USDTUSDC,1678610280000,2023-03-12 08:38:00,1.0549,1.0549,1.0548,1.0548,1063.7
coinbase,USDTUSDC,1678610340000,2023-03-12 08:39:00,1.0548,1.0548,1.0545,1.0545,2033.03
coinbase,USDTUSDC,1678610400000,2023-03-12 08:40:00,1.0546,1.0547,1.0546,1.0546,3958.47
coinbase,USDTUSDC,1678610460000,2023-03-12 08:41:00,1.0547,1.0547,1.0544,1.0544,11551.31
coinbase,USDTUSDC,1678610640000,2023-03-12 08:44:00,1.0547,1.0548,1.0547,1.0548,1190.12
coinbase,USDTUSDC,1678610700000,2023-03-12 08:45:00,1.0548,1.0565,1.0548,1.0565,14060.91
coinbase,USDTUSDC,1678610940000,2023-03-12 08:49:00,1.0573,1.058,1.0573,1.058,1029.38
coinbase,USDTUSDC,1678611360000,2023-03-12 08:56:00,1.0581,1.0584,1.0581,1.0581,4110.8
coinbase,USDTUSDC,1678611540000,2023-03-12 08:59:00,1.0581,1.0581,1.0581,1.0581,1478.5
coinbase,USDTUSDC,1678611600000,2023-03-12 09:00:00,1.0581,1.0581,1.0573,1.0573,12241.91
coinbase,USDTUSDC,1678611720000,2023-03-12 09:02:00,1.0554,1.0564,1.0554,1.0564,895.07
coinbase,USDTUSDC,1678612080000,2023-03-12 09:08:00,1.0554,1.0591,1.0552,1.0561,48922
coinbase,USDTUSDC,1678612140000,2023-03-12 09:09:00,1.0553,1.0553,1.0544,1.0544,256663.79
coinbase,USDTUSDC,1678612260000,2023-03-12 09:11:00,1.055,1.0557,1.055,1.0557,1045.47
coinbase,USDTUSDC,1678612620000,2023-03-12 09:17:00,1.0552,1.0552,1.0552,1.0552,2180.56
coinbase,USDTUSDC,1678612800000,2023-03-12 09:20:00,1.055,1.055,1.0543,1.0546,1114.58
coinbase,USDTUSDC,1678613340000,2023-03-12 09:29:00,1.0544,1.0544,1.0539,1.0541,1189.65
coinbase,USDTUSDC,1678613700000,2023-03-12 09:35:00,1.0538,1.0538,1.053,1.0532,4799.22
coinbase,USDTUSDC,1678613880000,2023-03-12 09:38:00,1.0527,1.0528,1.0519,1.052,9118.89
coinbase,USDTUSDC,1678614060000,2023-03-12 09:41:00,1.0514,1.0525,1.0513,1.0525,1055.37
coinbase,USDTUSDC,1678579320000,2023-03-12 00:02:00,1.0418,1.048,1.0418,1.048,43275
coinbase,USDTUSDC,1678579440000,2023-03-12 00:04:00,1.0468,1.0475,1.0429,1.0429,5420.62
coinbase,USDTUSDC,1678579740000,2023-03-12 00:09:00,1.0429,1.0445,1.0429,1.0429,7578.76
coinbase,USDTUSDC,1678579800000,2023-03-12 00:10:00,1.0429,1.0429,1.042,1.0428,12705.59
coinbase,USDTUSDC,1678579920000,2023-03-12 00:12:00,1.0421,1.0425,1.042,1.0425,5172.34
coinbase,USDTUSDC,1678579980000,2023-03-12 00:13:00,1.043,1.0478,1.043,1.0478,38205.63
coinbase,USDTUSDC,1678580040000,2023-03-12 00:14:00,1.0478,1.0478,1.0459,1.0459,5089.35
coinbase,USDTUSDC,1678580160000,2023-03-12 00:16:00,1.046,1.046,1.046,1.046,6
coinbase,USDTUSDC,1678580220000,2023-03-12 00:17:00,1.046,1.0508,1.046,1.0508,125617.44
coinbase,USDTUSDC,1678580280000,2023-03-12 00:18:00,1.0508,1.0509,1.0508,1.0509,2435.54
coinbase,USDTUSDC,1678580340000,2023-03-12 00:19:00,1.0508,1.0513,1.0508,1.0513,1120.88
coinbase,USDTUSDC,1678580400000,2023-03-12 00:20:00,1.0508,1.0517,1.0508,1.0508,12733.6
coinbase,USDTUSDC,1678580460000,2023-03-12 00:21:00,1.0508,1.0509,1.0508,1.0508,18464.92
coinbase,USDTUSDC,1678580520000,2023-03-12 00:22:00,1.0508,1.0508,1.0508,1.0508,20569.92
coinbase,USDTUSDC,1678580580000,2023-03-12 00:23:00,1.0508,1.0508,1.0508,1.0508,12657.12
coinbase,USDTUSDC,1678580640000,2023-03-12 00:24:00,1.0508,1.0508,1.0508,1.0508,15369.36
coinbase,USDTUSDC,1678580700000,2023-03-12 00:25:00,1.0508,1.0508,1.0508,1.0508,17177.52
coinbase,USDTUSDC,1678580760000,2023-03-12 00:26:00,1.0508,1.051,1.0508,1.0508,15369.02
coinbase,USDTUSDC,1678580820000,2023-03-12 00:27:00,1.0508,1.0508,1.0508,1.0508,13561.2
coinbase,USDTUSDC,1678580880000,2023-03-12 00:28:00,1.0508,1.0509,1.0508,1.0508,4783.78
coinbase,USDTUSDC,1678580940000,2023-03-12 00:29:00,1.0508,1.0508,1.0508,1.0508,20844.99
coinbase,USDTUSDC,1678581000000,2023-03-12 00:30:00,1.0508,1.0508,1.0508,1.0508,73215.05
coinbase,USDTUSDC,1678581060000,2023-03-12 00:31:00,1.0508,1.0508,1.0508,1.0508,31775.23
coinbase,USDTUSDC,1678581120000,2023-03-12 00:32:00,1.0508,1.0508,1.0508,1.0508,35868.93
coinbase,USDTUSDC,1678581180000,2023-03-12 00:33:00,1.0508,1.0508,1.0508,1.0508,15146.25
coinbase,USDTUSDC,1678581240000,2023-03-12 00:34:00,1.0508,1.0509,1.0508,1.0508,43532.33
coinbase,USDTUSDC,1678581300000,2023-03-12 00:35:00,1.0508,1.0508,1.0442,1.0447,21723.91
coinbase,USDTUSDC,1678581360000,2023-03-12 00:36:00,1.0449,1.0449,1.0449,1.0449,258.25
coinbase,USDTUSDC,1678581480000,2023-03-12 00:38:00,1.05,1.05,1.05,1.05,128.27
coinbase,USDTUSDC,1678581660000,2023-03-12 00:41:00,1.0476,1.0476,1.0464,1.0464,57871.9
coinbase,USDTUSDC,1678581960000,2023-03-12 00:46:00,1.0458,1.0458,1.0458,1.0458,8000
coinbase,USDTUSDC,1678582020000,2023-03-12 00:47:00,1.0452,1.0452,1.0452,1.0452,114.4
coinbase,USDTUSDC,1678582140000,2023-03-12 00:49:00,1.0452,1.0452,1.0437,1.0437,31
coinbase,USDTUSDC,1678582500000,2023-03-12 00:55:00,1.0456,1.0464,1.0438,1.0438,1331.87
coinbase,USDTUSDC,1678582560000,2023-03-12 00:56:00,1.0438,1.0438,1.0425,1.0431,37253.23
coinbase,USDTUSDC,1678582620000,2023-03-12 00:57:00,1.0433,1.0433,1.0428,1.0428,4916.05
coinbase,USDTUSDC,1678582740000,2023-03-12 00:59:00,1.0427,1.0429,1.0421,1.0425,44214.74
coinbase,USDTUSDC,1678582800000,2023-03-12 01:00:00,1.0425,1.0425,1.0416,1.0417,1501.71
coinbase,USDTUSDC,1678582860000,2023-03-12 01:01:00,1.0417,1.0417,1.0412,1.0412,2498.73
coinbase,USDTUSDC,1678582920000,2023-03-12 01:02:00,1.0412,1.0412,1.04,1.04,28752.37
coinbase,USDTUSDC,1678582980000,2023-03-12 01:03:00,1.0398,1.0398,1.0394,1.0394,5466.61
coinbase,USDTUSDC,1678583040000,2023-03-12 01:04:00,1.0394,1.0394,1.0369,1.0369,39466.42
coinbase,USDTUSDC,1678583100000,2023-03-12 01:05:00,1.0379,1.038,1.0354,1.0356,164304.33
coinbase,USDTUSDC,1678583160000,2023-03-12 01:06:00,1.0364,1.0364,1.0351,1.0351,203133.95
coinbase,USDTUSDC,1678583220000,2023-03-12 01:07:00,1.0356,1.0356,1.0348,1.0348,105928.04
coinbase,USDTUSDC,1678583640000,2023-03-12 01:14:00,1.0348,1.0353,1.0345,1.0353,1566.3
coinbase,USDTUSDC,1678583700000,2023-03-12 01:15:00,1.0353,1.0353,1.0353,1.0353,0.01
coinbase,USDTUSDC,1678583760000,2023-03-12 01:16:00,1.0349,1.0349,1.0334,1.0334,2708.22
coinbase,USDTUSDC,1678583820000,2023-03-12 01:17:00,1.0334,1.0334,1.0317,1.0317,128622.04
coinbase,USDTUSDC,1678583880000,2023-03-12 01:18:00,1.0316,1.0329,1.0315,1.0329,494.96
coinbase,USDTUSDC,1678584360000,2023-03-12 01:26:00,1.0317,1.0317,1.0317,1.0317,2504.02
coinbase,USDTUSDC,1678584420000,2023-03-12 01:27:00,1.0317,1.0317,1.0317,1.0317,3129.76
coinbase,USDTUSDC,1678584480000,2023-03-12 01:28:00,1.0315,1.0315,1.0301,1.0301,2001.64
coinbase,USDTUSDC,1678584600000,2023-03-12 01:30:00,1.0304,1.0304,1.0304,1.0304,7687.77
coinbase,USDTUSDC,1678584660000,2023-03-12 01:31:00,1.0303,1.0303,1.0303,1.0303,353.99
coinbase,USDTUSDC,1678584720000,2023-03-12 01:32:00,1.0303,1.0303,1.0302,1.0302,44086.58
coinbase,USDTUSDC,1678584840000,2023-03-12 01:34:00,1.0303,1.0303,1.0301,1.0303,9703.43
coinbase,USDTUSDC,1678584960000,2023-03-12 01:36:00,1.0301,1.0301,1.0301,1.0301,2474.74
coinbase,USDTUSDC,1678585020000,2023-03-12 01:37:00,1.0301,1.0302,1.0301,1.0301,24802.27
coinbase,USDTUSDC,1678585080000,2023-03-12 01:38:00,1.0301,1.0301,1.0269,1.0269,189182.25
coinbase,USDTUSDC,1678585140000,2023-03-12 01:39:00,1.0269,1.0275,1.0265,1.0275,3211.01
coinbase,USDTUSDC,1678585200000,2023-03-12 01:40:00,1.0269,1.0269,1.0269,1.0269,189.37
coinbase,USDTUSDC,1678585260000,2023-03-12 01:41:00,1.0267,1.0269,1.0267,1.0269,761.78
coinbase,USDTUSDC,1678585320000,2023-03-12 01:42:00,1.0269,1.0269,1.0269,1.0269,12
coinbase,USDTUSDC,1678585380000,2023-03-12 01:43:00,1.0269,1.0269,1.0269,1.0269,329.8
coinbase,USDTUSDC,1678585440000,2023-03-12 01:44:00,1.0269,1.0269,1.0269,1.0269,1053.93
coinbase,USDTUSDC,1678585500000,2023-03-12 01:45:00,1.0269,1.0269,1.0269,1.0269,14026.97
coinbase,USDTUSDC,1678585680000,2023-03-12 01:48:00,1.027,1.027,1.0268,1.027,8221.43
coinbase,USDTUSDC,1678585740000,2023-03-12 01:49:00,1.0272,1.0284,1.0272,1.0284,18363.96
coinbase,USDTUSDC,1678585800000,2023-03-12 01:50:00,1.0283,1.0297,1.0283,1.0297,9518.29
coinbase,USDTUSDC,1678585920000,2023-03-12 01:52:00,1.0298,1.0305,1.0298,1.0305,11208.17
coinbase,USDTUSDC,1678585980000,2023-03-12 01:53:00,1.0298,1.0302,1.0292,1.0302,3741.12
coinbase,USDTUSDC,1678586040000,2023-03-12 01:54:00,1.03,1.03,1.0292,1.0292,4789.25
coinbase,USDTUSDC,1678586100000,2023-03-12 01:55:00,1.0297,1.0297,1.0292,1.0292,2278.47
coinbase,USDTUSDC,1678586160000,2023-03-12 01:56:00,1.0292,1.0298,1.0292,1.0294,4576.31
coinbase,USDTUSDC,1678586220000,2023-03-12 01:57:00,1.0294,1.03,1.0292,1.0299,2166.12
coinbase,USDTUSDC,1678586280000,2023-03-12 01:58:00,1.0298,1.0303,1.0298,1.0303,1802.93
coinbase,USDTUSDC,1678586340000,2023-03-12 01:59:00,1.0303,1.0304,1.0303,1.0304,2458.36
coinbase,USDTUSDC,1678586400000,2023-03-12 02:00:00,1.0304,1.0309,1.0304,1.0309,1043.94
coinbase,USDTUSDC,1678586520000,2023-03-12 02:02:00,1.0308,1.0316,1.0308,1.0316,1264.88
coinbase,USDTUSDC,1678586580000,2023-03-12 02:03:00,1.0313,1.0316,1.0302,1.0302,6212.31
coinbase,USDTUSDC,1678586640000,2023-03-12 02:04:00,1.0306,1.0312,1.0303,1.0312,8437.74
coinbase,USDTUSDC,1678586760000,2023-03-12 02:06:00,1.0317,1.032,1.0317,1.032,1411.05
coinbase,USDTUSDC,1678586820000,2023-03-12 02:07:00,1.0323,1.0327,1.0323,1.0327,2647.99
coinbase,USDTUSDC,1678586880000,2023-03-12 02:08:00,1.0328,1.0333,1.0328,1.0333,1265.96
coinbase,USDTUSDC,1678586940000,2023-03-12 02:09:00,1.0331,1.0339,1.0331,1.0338,893.88
coinbase,USDTUSDC,1678587060000,2023-03-12 02:11:00,1.0337,1.0348,1.0337,1.0348,7741.15
coinbase,USDTUSDC,1678587120000,2023-03-12 02:12:00,1.0347,1.0348,1.032,1.0332,31786.77
coinbase,USDTUSDC,1678587180000,2023-03-12 02:13:00,1.0334,1.0335,1.0332,1.0335,2060.31
coinbase,USDTUSDC,1678587240000,2023-03-12 02:14:00,1.0333,1.0334,1.0332,1.0332,6194.92
coinbase,USDTUSDC,1678587300000,2023-03-12 02:15:00,1.0333,1.0333,1.0327,1.0327,7198.29
coinbase,USDTUSDC,1678587360000,2023-03-12 02:16:00,1.0327,1.0327,1.0327,1.0327,11894.59
coinbase,USDTUSDC,1678587480000,2023-03-12 02:18:00,1.0332,1.0334,1.0332,1.0334,1888.96
coinbase,USDTUSDC,1678587540000,2023-03-12 02:19:00,1.0337,1.0337,1.033,1.033,3670.2
coinbase,USDTUSDC,1678587600000,2023-03-12 02:20:00,1.0336,1.0336,1.033,1.033,1089.25
coinbase,USDTUSDC,1678587660000,2023-03-12 02:21:00,1.033,1.033,1.033,1.033,1718.18
coinbase,USDTUSDC,1678587720000,2023-03-12 02:22:00,1.0333,1.0333,1.0332,1.0332,714.14
coinbase,USDTUSDC,1678587780000,2023-03-12 02:23:00,1.0334,1.0335,1.0334,1.0335,1710.81
coinbase,USDTUSDC,1678587900000,2023-03-12 02:25:00,1.0334,1.0334,1.0315,1.0318,33876.65
coinbase,USDTUSDC,1678587960000,2023-03-12 02:26:00,1.0317,1.0321,1.0304,1.0321,8843.92
coinbase,USDTUSDC,1678588020000,2023-03-12 02:27:00,1.0328,1.0328,1.0319,1.0324,2308.27
coinbase,USDTUSDC,1678588080000,2023-03-12 02:28:00,1.0324,1.0325,1.0324,1.0325,3930.63
coinbase,USDTUSDC,1678588140000,2023-03-12 02:29:00,1.0324,1.0325,1.0316,1.0317,13127.13
coinbase,USDTUSDC,1678588200000,2023-03-12 02:30:00,1.0319,1.0321,1.0309,1.031,6734.41
coinbase,USDTUSDC,1678588260000,2023-03-12 02:31:00,1.0314,1.0321,1.0313,1.0321,7097.37
coinbase,USDTUSDC,1678588320000,2023-03-12 02:32:00,1.032,1.0327,1.0318,1.0326,7308.34
coinbase,USDTUSDC,1678588380000,2023-03-12 02:33:00,1.0325,1.033,1.0324,1.0329,5212.88
coinbase,USDTUSDC,1678588440000,2023-03-12 02:34:00,1.0327,1.034,1.0327,1.034,4175.61
coinbase,USDTUSDC,1678588500000,2023-03-12 02:35:00,1.0338,1.034,1.0333,1.0333,20758.43
coinbase,USDTUSDC,1678588560000,2023-03-12 02:36:00,1.0333,1.0337,1.0333,1.0337,3228.31
coinbase,USDTUSDC,1678588620000,2023-03-12 02:37:00,1.0335,1.0338,1.0333,1.0335,9445.99
coinbase,USDTUSDC,1678588680000,2023-03-12 02:38:00,1.0336,1.0339,1.0336,1.0339,5745.24
coinbase,USDTUSDC,1678588740000,2023-03-12 02:39:00,1.0342,1.0344,1.0342,1.0342,5679.2
coinbase,USDTUSDC,1678588800000,2023-03-12 02:40:00,1.0335,1.0343,1.0335,1.0343,4073.25
coinbase,USDTUSDC,1678588860000,2023-03-12 02:41:00,1.0335,1.0345,1.0335,1.0343,27216.59
coinbase,USDTUSDC,1678588920000,2023-03-12 02:42:00,1.0335,1.0348,1.0335,1.0344,4678.97
coinbase,USDTUSDC,1678588980000,2023-03-12 02:43:00,1.0335,1.0366,1.0335,1.0364,5286.19
coinbase,USDTUSDC,1678589040000,2023-03-12 02:44:00,1.0368,1.038,1.0348,1.0351,7206.4
coinbase,USDTUSDC,1678589100000,2023-03-12 02:45:00,1.0354,1.0354,1.0354,1.0354,1656.63
coinbase,USDTUSDC,1678589160000,2023-03-12 02:46:00,1.0351,1.0353,1.0337,1.0349,12273.45
coinbase,USDTUSDC,1678589220000,2023-03-12 02:47:00,1.0345,1.0345,1.0345,1.0345,2467.46
coinbase,USDTUSDC,1678589280000,2023-03-12 02:48:00,1.035,1.035,1.035,1.035,3179.36
coinbase,USDTUSDC,1678589520000,2023-03-12 02:52:00,1.0353,1.0353,1.0353,1.0353,11921.06
coinbase,USDTUSDC,1678589640000,2023-03-12 02:54:00,1.0354,1.0354,1.0353,1.0353,4926.58
coinbase,USDTUSDC,1678589820000,2023-03-12 02:57:00,1.0354,1.0354,1.0354,1.0354,1007.34
coinbase,USDTUSDC,1678589880000,2023-03-12 02:58:00,1.0354,1.0354,1.0353,1.0353,5667.52
coinbase,USDTUSDC,1678589940000,2023-03-12 02:59:00,1.0353,1.0353,1.0353,1.0353,1857
coinbase,USDTUSDC,1678590060000,2023-03-12 03:01:00,1.0353,1.0353,1.0353,1.0353,5396.95
coinbase,USDTUSDC,1678590120000,2023-03-12 03:02:00,1.0353,1.0353,1.0353,1.0353,15584.31
coinbase,USDTUSDC,1678590300000,2023-03-12 03:05:00,1.0353,1.0353,1.0315,1.0315,5983.8
coinbase,USDTUSDC,1678590360000,2023-03-12 03:06:00,1.0315,1.0324,1.0315,1.0324,1885.04
coinbase,USDTUSDC,1678590480000,2023-03-12 03:08:00,1.0319,1.0319,1.0303,1.031,7235.21
coinbase,USDTUSDC,1678590720000,2023-03-12 03:12:00,1.031,1.0311,1.031,1.0311,1084.37
coinbase,USDTUSDC,1678590780000,2023-03-12 03:13:00,1.0309,1.0309,1.0309,1.0309,501.64
coinbase,USDTUSDC,1678590840000,2023-03-12 03:14:00,1.0309,1.0309,1.0308,1.0308,820.66
coinbase,USDTUSDC,1678590900000,2023-03-12 03:15:00,1.0307,1.0307,1.0305,1.0306,1706.03
coinbase,USDTUSDC,1678591020000,2023-03-12 03:17:00,1.0305,1.0306,1.0305,1.0306,1011.74
coinbase,USDTUSDC,1678591080000,2023-03-12 03:18:00,1.0305,1.0307,1.0305,1.0307,4310.63
coinbase,USDTUSDC,1678591140000,2023-03-12 03:19:00,1.0305,1.0307,1.0305,1.0306,5150.8
coinbase,USDTUSDC,1678591200000,2023-03-12 03:20:00,1.0305,1.0308,1.03,1.0308,7724.68
coinbase,USDTUSDC,1678591260000,2023-03-12 03:21:00,1.0304,1.0314,1.0303,1.0314,12184.99
coinbase,USDTUSDC,1678591320000,2023-03-12 03:22:00,1.0299,1.0316,1.0299,1.0308,4661.47
coinbase,USDTUSDC,1678591380000,2023-03-12 03:23:00,1.0314,1.0317,1.0309,1.0317,6133.18
coinbase,USDTUSDC,1678591440000,2023-03-12 03:24:00,1.0318,1.0322,1.0318,1.0321,4694.12
coinbase,USDTUSDC,1678591500000,2023-03-12 03:25:00,1.0321,1.0322,1.0321,1.0322,2397.32
coinbase,USDTUSDC,1678591560000,2023-03-12 03:26:00,1.0323,1.0326,1.0323,1.0326,2054.37
coinbase,USDTUSDC,1678591620000,2023-03-12 03:27:00,1.0323,1.0327,1.0323,1.0327,1557.21
coinbase,USDTUSDC,1678591680000,2023-03-12 03:28:00,1.0328,1.0328,1.0328,1.0328,541.76
coinbase,USDTUSDC,1678591740000,2023-03-12 03:29:00,1.0341,1.0341,1.0334,1.0341,4973.53
coinbase,USDTUSDC,1678591800000,2023-03-12 03:30:00,1.0334,1.0338,1.0324,1.0335,5119.06
coinbase,USDTUSDC,1678591860000,2023-03-12 03:31:00,1.0335,1.0342,1.0328,1.0342,5084.25
coinbase,USDTUSDC,1678591920000,2023-03-12 03:32:00,1.0342,1.0342,1.033,1.033,3269.01
coinbase,USDTUSDC,1678591980000,2023-03-12 03:33:00,1.0337,1.0339,1.0331,1.0339,4287.59
coinbase,USDTUSDC,1678592040000,2023-03-12 03:34:00,1.0334,1.0335,1.033,1.0335,3577.18
coinbase,USDTUSDC,1678592100000,2023-03-12 03:35:00,1.0333,1.0334,1.0328,1.0328,1031.78
coinbase,USDTUSDC,1678592160000,2023-03-12 03:36:00,1.0333,1.0333,1.0322,1.0322,4108.19
coinbase,USDTUSDC,1678592220000,2023-03-12 03:37:00,1.0331,1.0332,1.0326,1.0326,4229.55
coinbase,USDTUSDC,1678592280000,2023-03-12 03:38:00,1.0328,1.0331,1.0322,1.0322,6969.75
coinbase,USDTUSDC,1678592340000,2023-03-12 03:39:00,1.0321,1.0335,1.0321,1.0333,11446.01
coinbase,USDTUSDC,1678592460000,2023-03-12 03:41:00,1.0332,1.0337,1.0332,1.0337,4402.29
coinbase,USDTUSDC,1678592520000,2023-03-12 03:42:00,1.0335,1.0339,1.0335,1.0335,1146.98
coinbase,USDTUSDC,1678592580000,2023-03-12 03:43:00,1.0335,1.0335,1.0335,1.0335,2020.11
coinbase,USDTUSDC,1678592640000,2023-03-12 03:44:00,1.0335,1.0335,1.0304,1.0305,39901.57
coinbase,USDTUSDC,1678592700000,2023-03-12 03:45:00,1.0304,1.0304,1.0299,1.0299,24346.52
coinbase,USDTUSDC,1678592760000,2023-03-12 03:46:00,1.0299,1.0299,1.0299,1.0299,6223.99
coinbase,USDTUSDC,1678592820000,2023-03-12 03:47:00,1.0299,1.0299,1.0299,1.0299,2584.84
coinbase,USDTUSDC,1678592880000,2023-03-12 03:48:00,1.0299,1.0299,1.0299,1.0299,7305.26
coinbase,USDTUSDC,1678592940000,2023-03-12 03:49:00,1.0299,1.0299,1.0299,1.0299,4145.17
coinbase,USDTUSDC,1678593000000,2023-03-12 03:50:00,1.0299,1.0317,1.0298,1.0317,3618.22
coinbase,USDTUSDC,1678593120000,2023-03-12 03:52:00,1.0315,1.0315,1.0312,1.0312,2187.45
coinbase,USDTUSDC,1678593180000,2023-03-12 03:53:00,1.0316,1.0316,1.0316,1.0316,1044
coinbase,USDTUSDC,1678593240000,2023-03-12 03:54:00,1.0312,1.0312,1.0311,1.0311,2056.41
coinbase,USDTUSDC,1678593300000,2023-03-12 03:55:00,1.0309,1.0313,1.0308,1.0308,4131.86
coinbase,USDTUSDC,1678593360000,2023-03-12 03:56:00,1.0315,1.0315,1.0306,1.031,5131.29
coinbase,USDTUSDC,1678593420000,2023-03-12 03:57:00,1.0312,1.0312,1.0312,1.0312,3069.2
coinbase,USDTUSDC,1678593480000,2023-03-12 03:58:00,1.0312,1.0312,1.03,1.03,3133.66
coinbase,USDTUSDC,1678593540000,2023-03-12 03:59:00,1.0307,1.0307,1.0298,1.0301,3621.64
coinbase,USDTUSDC,1678593600000,2023-03-12 04:00:00,1.0301,1.0306,1.0296,1.0296,2145.59
coinbase,USDTUSDC,1678593660000,2023-03-12 04:01:00,1.0311,1.0314,1.031,1.0314,5904.57
coinbase,USDTUSDC,1678593720000,2023-03-12 04:02:00,1.0309,1.0309,1.0309,1.0309,2223.06
coinbase,USDTUSDC,1678593780000,2023-03-12 04:03:00,1.0309,1.0312,1.0309,1.0309,1991.27
coinbase,USDTUSDC,1678593840000,2023-03-12 04:04:00,1.0312,1.0317,1.0312,1.0317,904.58
coinbase,USDTUSDC,1678593960000,2023-03-12 04:06:00,1.0316,1.0317,1.0316,1.0317,1411.33
coinbase,USDTUSDC,1678594020000,2023-03-12 04:07:00,1.0321,1.0321,1.0321,1.0321,111.43
coinbase,USDTUSDC,1678594080000,2023-03-12 04:08:00,1.0317,1.0317,1.0317,1.0317,1677.76
coinbase,USDTUSDC,1678594140000,2023-03-12 04:09:00,1.0317,1.0318,1.0317,1.0318,5214.78
coinbase,USDTUSDC,1678594320000,2023-03-12 04:12:00,1.0317,1.0318,1.0317,1.0318,1262.55
coinbase,USDTUSDC,1678594380000,2023-03-12 04:13:00,1.0317,1.0318,1.0317,1.0317,2087.84
coinbase,USDTUSDC,1678594500000,2023-03-12 04:15:00,1.0317,1.0318,1.0317,1.0317,1477.64
coinbase,USDTUSDC,1678594620000,2023-03-12 04:17:00,1.0317,1.0317,1.0312,1.0314,6356.71
coinbase,USDTUSDC,1678594680000,2023-03-12 04:18:00,1.0312,1.0318,1.0309,1.0318,4323.28
coinbase,USDTUSDC,1678594740000,2023-03-12 04:19:00,1.0314,1.0325,1.0309,1.0325,13526.03
coinbase,USDTUSDC,1678594800000,2023-03-12 04:20:00,1.032,1.0323,1.032,1.032,2795.82
coinbase,USDTUSDC,1678594860000,2023-03-12 04:21:00,1.031,1.0328,1.031,1.031,7186.7
coinbase,USDTUSDC,1678594920000,2023-03-12 04:22:00,1.0328,1.0332,1.0311,1.0321,4190.05
coinbase,USDTUSDC,1678594980000,2023-03-12 04:23:00,1.0321,1.0333,1.0312,1.0333,1366.42
coinbase,USDTUSDC,1678595040000,2023-03-12 04:24:00,1.0331,1.034,1.0326,1.0336,4692.12
coinbase,USDTUSDC,1678595100000,2023-03-12 04:25:00,1.0347,1.0347,1.0343,1.0343,1904.93
coinbase,USDTUSDC,1678595160000,2023-03-12 04:26:00,1.033,1.0343,1.0326,1.0343,2054.39
coinbase,USDTUSDC,1678595220000,2023-03-12 04:27:00,1.0345,1.0345,1.0345,1.0345,777.8
coinbase,USDTUSDC,1678595280000,2023-03-12 04:28:00,1.0346,1.0346,1.0346,1.0346,2253.05
coinbase,USDTUSDC,1678595340000,2023-03-12 04:29:00,1.0352,1.0352,1.0346,1.0351,1548.19
coinbase,USDTUSDC,1678595460000,2023-03-12 04:31:00,1.0347,1.036,1.0347,1.036,1569.13
coinbase,USDTUSDC,1678595520000,2023-03-12 04:32:00,1.0362,1.037,1.0362,1.0365,2195.19
coinbase,USDTUSDC,1678595580000,2023-03-12 04:33:00,1.0365,1.0373,1.0363,1.037,6960.82
coinbase,USDTUSDC,1678595640000,2023-03-12 04:34:00,1.0373,1.0376,1.0373,1.0376,3093.79
coinbase,USDTUSDC,1678595760000,2023-03-12 04:36:00,1.0375,1.0381,1.0371,1.0381,1935.25
coinbase,USDTUSDC,1678596060000,2023-03-12 04:41:00,1.0384,1.0395,1.0384,1.0395,5020.87
coinbase,USDTUSDC,1678596360000,2023-03-12 04:46:00,1.0395,1.0399,1.0391,1.0391,11898.37
coinbase,USDTUSDC,1678596540000,2023-03-12 04:49:00,1.0383,1.0391,1.0382,1.0389,4175.52
coinbase,USDTUSDC,1678596660000,2023-03-12 04:51:00,1.039,1.0399,1.0389,1.0393,4289.78
coinbase,USDTUSDC,1678596720000,2023-03-12 04:52:00,1.0398,1.0398,1.0394,1.0394,2087.7
coinbase,USDTUSDC,1678596780000,2023-03-12 04:53:00,1.0399,1.0399,1.0393,1.0393,4157.52
coinbase,USDTUSDC,1678596840000,2023-03-12 04:54:00,1.0397,1.0404,1.0395,1.0395,5488.62
coinbase,USDTUSDC,1678596960000,2023-03-12 04:56:00,1.0395,1.0395,1.0395,1.0395,298.82
coinbase,USDTUSDC,1678597020000,2023-03-12 04:57:00,1.0405,1.0406,1.0394,1.0405,1927.57
coinbase,USDTUSDC,1678597080000,2023-03-12 04:58:00,1.0405,1.0407,1.0405,1.0407,3842.87
coinbase,USDTUSDC,1678597200000,2023-03-12 05:00:00,1.0395,1.0406,1.0395,1.0406,2219.94
coinbase,USDTUSDC,1678561320000,2023-03-11 19:02:00,1.0648,1.0648,1.0646,1.0648,123.6
coinbase,USDTUSDC,1678561440000,2023-03-11 19:04:00,1.0648,1.0648,1.0622,1.0635,12151.11
coinbase,USDTUSDC,1678561500000,2023-03-11 19:05:00,1.0622,1.0645,1.0622,1.0627,1089.91
coinbase,USDTUSDC,1678561620000,2023-03-11 19:07:00,1.0638,1.0645,1.063,1.0634,20928.17
coinbase,USDTUSDC,1678561740000,2023-03-11 19:09:00,1.0635,1.0648,1.0635,1.0647,4371.3
coinbase,USDTUSDC,1678561980000,2023-03-11 19:13:00,1.0647,1.0649,1.064,1.064,1922.53
coinbase,USDTUSDC,1678562040000,2023-03-11 19:14:00,1.064,1.0649,1.064,1.0649,17893.71
coinbase,USDTUSDC,1678562100000,2023-03-11 19:15:00,1.064,1.0645,1.064,1.064,1490.38
coinbase,USDTUSDC,1678562160000,2023-03-11 19:16:00,1.064,1.0647,1.064,1.0642,8884.35
coinbase,USDTUSDC,1678562220000,2023-03-11 19:17:00,1.0643,1.0644,1.0643,1.0644,3068.66
coinbase,USDTUSDC,1678562280000,2023-03-11 19:18:00,1.0644,1.0649,1.0644,1.0644,12095.25
coinbase,USDTUSDC,1678562340000,2023-03-11 19:19:00,1.0649,1.0649,1.0649,1.0649,10000
coinbase,USDTUSDC,1678562400000,2023-03-11 19:20:00,1.0644,1.0644,1.0644,1.0644,2087.88
coinbase,USDTUSDC,1678562520000,2023-03-11 19:22:00,1.0646,1.0647,1.0644,1.0644,1124.39
coinbase,USDTUSDC,1678562580000,2023-03-11 19:23:00,1.0644,1.0647,1.0644,1.0644,5285.81
coinbase,USDTUSDC,1678562640000,2023-03-11 19:24:00,1.0644,1.0647,1.0643,1.0647,3637.49
coinbase,USDTUSDC,1678562700000,2023-03-11 19:25:00,1.0646,1.0647,1.0646,1.0647,3231
coinbase,USDTUSDC,1678562760000,2023-03-11 19:26:00,1.0648,1.0649,1.0648,1.0648,5642.39
coinbase,USDTUSDC,1678562940000,2023-03-11 19:29:00,1.0648,1.065,1.0648,1.065,951.86
coinbase,USDTUSDC,1678563060000,2023-03-11 19:31:00,1.0651,1.0656,1.0651,1.0652,3441.72
coinbase,USDTUSDC,1678563120000,2023-03-11 19:32:00,1.0652,1.0652,1.0652,1.0652,1260.64
coinbase,USDTUSDC,1678563240000,2023-03-11 19:34:00,1.0652,1.0653,1.0652,1.0653,22432.57
coinbase,USDTUSDC,1678563300000,2023-03-11 19:35:00,1.0652,1.0652,1.0651,1.0651,1012.97
coinbase,USDTUSDC,1678563360000,2023-03-11 19:36:00,1.0648,1.0648,1.0641,1.0642,91180.13
coinbase,USDTUSDC,1678563420000,2023-03-11 19:37:00,1.0642,1.0642,1.0641,1.0642,20333.01
coinbase,USDTUSDC,1678563480000,2023-03-11 19:38:00,1.0642,1.0651,1.0642,1.0651,17010
coinbase,USDTUSDC,1678563600000,2023-03-11 19:40:00,1.0651,1.0651,1.0651,1.0651,532.34
coinbase,USDTUSDC,1678563660000,2023-03-11 19:41:00,1.0651,1.0651,1.0648,1.0651,2837.42
coinbase,USDTUSDC,1678563780000,2023-03-11 19:43:00,1.0651,1.0654,1.0645,1.0645,12628.47
coinbase,USDTUSDC,1678563840000,2023-03-11 19:44:00,1.0645,1.0645,1.064,1.064,59828.34
coinbase,USDTUSDC,1678563900000,2023-03-11 19:45:00,1.064,1.0646,1.064,1.0646,10800.14
coinbase,USDTUSDC,1678563960000,2023-03-11 19:46:00,1.0646,1.0655,1.0646,1.0655,9704.2
coinbase,USDTUSDC,1678564020000,2023-03-11 19:47:00,1.0656,1.0656,1.0656,1.0656,2155.48
coinbase,USDTUSDC,1678564260000,2023-03-11 19:51:00,1.0656,1.0656,1.0639,1.0645,15999.91
coinbase,USDTUSDC,1678564440000,2023-03-11 19:54:00,1.0646,1.0651,1.0646,1.0651,5624.98
coinbase,USDTUSDC,1678564620000,2023-03-11 19:57:00,1.065,1.065,1.065,1.065,1075.75
coinbase,USDTUSDC,1678564680000,2023-03-11 19:58:00,1.065,1.0652,1.0648,1.0648,14509.18
coinbase,USDTUSDC,1678564800000,2023-03-11 20:00:00,1.0653,1.0653,1.0653,1.0653,15473.05
coinbase,USDTUSDC,1678564860000,2023-03-11 20:01:00,1.0653,1.0653,1.065,1.065,21700.02
coinbase,USDTUSDC,1678564920000,2023-03-11 20:02:00,1.065,1.065,1.065,1.065,16546.26
coinbase,USDTUSDC,1678564980000,2023-03-11 20:03:00,1.065,1.065,1.0626,1.0645,16659.07
coinbase,USDTUSDC,1678565040000,2023-03-11 20:04:00,1.0656,1.0656,1.064,1.0648,6463.12
coinbase,USDTUSDC,1678565160000,2023-03-11 20:06:00,1.0646,1.0646,1.0635,1.0639,8177.36
coinbase,USDTUSDC,1678565220000,2023-03-11 20:07:00,1.0636,1.0637,1.0635,1.0635,15621.57
coinbase,USDTUSDC,1678565280000,2023-03-11 20:08:00,1.0636,1.0636,1.0626,1.0626,9857.23
coinbase,USDTUSDC,1678565340000,2023-03-11 20:09:00,1.0626,1.0626,1.0623,1.0623,12758.98
coinbase,USDTUSDC,1678565400000,2023-03-11 20:10:00,1.061,1.061,1.0586,1.0586,4456.09
coinbase,USDTUSDC,1678565460000,2023-03-11 20:11:00,1.0587,1.0587,1.0584,1.0584,3118.56
coinbase,USDTUSDC,1678565520000,2023-03-11 20:12:00,1.0584,1.0601,1.058,1.0581,6728.41
coinbase,USDTUSDC,1678565580000,2023-03-11 20:13:00,1.0582,1.059,1.0582,1.059,1797.75
coinbase,USDTUSDC,1678565700000,2023-03-11 20:15:00,1.0579,1.0579,1.0547,1.0548,8646.04
coinbase,USDTUSDC,1678565760000,2023-03-11 20:16:00,1.0561,1.057,1.0561,1.057,2106.87
coinbase,USDTUSDC,1678565820000,2023-03-11 20:17:00,1.057,1.057,1.0559,1.057,604.11
coinbase,USDTUSDC,1678565940000,2023-03-11 20:19:00,1.0576,1.0576,1.0548,1.0567,2974.45
coinbase,USDTUSDC,1678566000000,2023-03-11 20:20:00,1.0548,1.0557,1.0548,1.0557,1846.19
coinbase,USDTUSDC,1678566060000,2023-03-11 20:21:00,1.0548,1.0548,1.052,1.052,1895.19
coinbase,USDTUSDC,1678566120000,2023-03-11 20:22:00,1.0551,1.0561,1.0541,1.0545,4286.12
coinbase,USDTUSDC,1678566240000,2023-03-11 20:24:00,1.0532,1.0532,1.052,1.052,6470.34
coinbase,USDTUSDC,1678566300000,2023-03-11 20:25:00,1.052,1.0532,1.052,1.052,41831.31
coinbase,USDTUSDC,1678566360000,2023-03-11 20:26:00,1.052,1.052,1.0427,1.0467,2722.36
coinbase,USDTUSDC,1678566480000,2023-03-11 20:28:00,1.0428,1.049,1.0427,1.0427,12904.35
coinbase,USDTUSDC,1678566540000,2023-03-11 20:29:00,1.0427,1.0462,1.0427,1.0456,8329.51
coinbase,USDTUSDC,1678566600000,2023-03-11 20:30:00,1.0427,1.0427,1.0427,1.0427,6295.86
coinbase,USDTUSDC,1678566660000,2023-03-11 20:31:00,1.0427,1.0427,1.041,1.0419,46529.46
coinbase,USDTUSDC,1678566720000,2023-03-11 20:32:00,1.041,1.0419,1.041,1.041,33046.58
coinbase,USDTUSDC,1678566780000,2023-03-11 20:33:00,1.041,1.044,1.041,1.041,39745.27
coinbase,USDTUSDC,1678566840000,2023-03-11 20:34:00,1.041,1.041,1.041,1.041,15964.54
coinbase,USDTUSDC,1678566900000,2023-03-11 20:35:00,1.041,1.041,1.0303,1.0303,14594.52
coinbase,USDTUSDC,1678566960000,2023-03-11 20:36:00,1.0396,1.0396,1.0305,1.0346,6839.21
coinbase,USDTUSDC,1678567020000,2023-03-11 20:37:00,1.04,1.04,1.04,1.04,11724.5
coinbase,USDTUSDC,1678567080000,2023-03-11 20:38:00,1.04,1.0438,1.0372,1.0372,14852.05
coinbase,USDTUSDC,1678567140000,2023-03-11 20:39:00,1.0373,1.04,1.0316,1.0366,16932.27
coinbase,USDTUSDC,1678567320000,2023-03-11 20:42:00,1.0383,1.0385,1.0383,1.0385,115.85
coinbase,USDTUSDC,1678567380000,2023-03-11 20:43:00,1.0384,1.0384,1.0384,1.0384,914.87
coinbase,USDTUSDC,1678567500000,2023-03-11 20:45:00,1.0384,1.0384,1.0377,1.0377,110224.06
coinbase,USDTUSDC,1678567560000,2023-03-11 20:46:00,1.0379,1.0383,1.0379,1.0382,40077.11
coinbase,USDTUSDC,1678567620000,2023-03-11 20:47:00,1.0383,1.04,1.0381,1.04,10321.27
coinbase,USDTUSDC,1678567680000,2023-03-11 20:48:00,1.04,1.04,1.04,1.04,22890.58
coinbase,USDTUSDC,1678567740000,2023-03-11 20:49:00,1.04,1.0411,1.04,1.0411,3417.48
coinbase,USDTUSDC,1678567800000,2023-03-11 20:50:00,1.0411,1.0411,1.0411,1.0411,1322.99
coinbase,USDTUSDC,1678567920000,2023-03-11 20:52:00,1.0413,1.0416,1.0413,1.0413,12408.72
coinbase,USDTUSDC,1678567980000,2023-03-11 20:53:00,1.0413,1.0413,1.0381,1.0381,6723.05
coinbase,USDTUSDC,1678568040000,2023-03-11 20:54:00,1.0381,1.0388,1.0381,1.0388,6583.64
coinbase,USDTUSDC,1678568100000,2023-03-11 20:55:00,1.0381,1.0381,1.034,1.0341,13576.12
coinbase,USDTUSDC,1678568160000,2023-03-11 20:56:00,1.0341,1.0341,1.0333,1.0333,40992.07
coinbase,USDTUSDC,1678568220000,2023-03-11 20:57:00,1.0333,1.0333,1.0333,1.0333,52
coinbase,USDTUSDC,1678568280000,2023-03-11 20:58:00,1.0334,1.0335,1.0334,1.0335,819.88
coinbase,USDTUSDC,1678568340000,2023-03-11 20:59:00,1.0335,1.0335,1.0335,1.0335,257.67
coinbase,USDTUSDC,1678568400000,2023-03-11 21:00:00,1.0335,1.0336,1.0334,1.0335,108113
coinbase,USDTUSDC,1678568460000,2023-03-11 21:01:00,1.0338,1.0374,1.0338,1.0374,408.56
coinbase,USDTUSDC,1678568520000,2023-03-11 21:02:00,1.0348,1.0375,1.0336,1.0336,5842.59
coinbase,USDTUSDC,1678568580000,2023-03-11 21:03:00,1.0336,1.0355,1.0336,1.0355,987.91
coinbase,USDTUSDC,1678568700000,2023-03-11 21:05:00,1.0355,1.0355,1.0336,1.0336,4060.66
coinbase,USDTUSDC,1678568760000,2023-03-11 21:06:00,1.0336,1.0336,1.0336,1.0336,3542.42
coinbase,USDTUSDC,1678568880000,2023-03-11 21:08:00,1.0337,1.0339,1.0337,1.0339,3.24
coinbase,USDTUSDC,1678569000000,2023-03-11 21:10:00,1.034,1.0341,1.034,1.0341,4.33
coinbase,USDTUSDC,1678569120000,2023-03-11 21:12:00,1.0342,1.0365,1.0342,1.0365,13368.29
coinbase,USDTUSDC,1678569180000,2023-03-11 21:13:00,1.0359,1.0359,1.0359,1.0359,1007.81
coinbase,USDTUSDC,1678569240000,2023-03-11 21:14:00,1.0361,1.0365,1.0361,1.0364,8513.53
coinbase,USDTUSDC,1678569300000,2023-03-11 21:15:00,1.0364,1.0366,1.0364,1.0366,1232.56
coinbase,USDTUSDC,1678569360000,2023-03-11 21:16:00,1.0367,1.042,1.0367,1.0388,829.48
coinbase,USDTUSDC,1678569420000,2023-03-11 21:17:00,1.0409,1.0416,1.0409,1.0416,136.54
coinbase,USDTUSDC,1678569480000,2023-03-11 21:18:00,1.042,1.0438,1.042,1.0438,308.47
coinbase,USDTUSDC,1678569600000,2023-03-11 21:20:00,1.0438,1.0438,1.0438,1.0438,30.04
coinbase,USDTUSDC,1678569660000,2023-03-11 21:21:00,1.0438,1.0438,1.0434,1.0434,1443.41
coinbase,USDTUSDC,1678569720000,2023-03-11 21:22:00,1.0438,1.0438,1.0437,1.0438,3989.21
coinbase,USDTUSDC,1678569780000,2023-03-11 21:23:00,1.0437,1.0499,1.0426,1.0443,52362.45
coinbase,USDTUSDC,1678569840000,2023-03-11 21:24:00,1.0447,1.0462,1.0445,1.0462,5697.64
coinbase,USDTUSDC,1678569900000,2023-03-11 21:25:00,1.0455,1.0463,1.0455,1.046,5347.35
coinbase,USDTUSDC,1678569960000,2023-03-11 21:26:00,1.0465,1.0465,1.0465,1.0465,4074.17
coinbase,USDTUSDC,1678570020000,2023-03-11 21:27:00,1.0482,1.0482,1.0463,1.0471,6457.44
coinbase,USDTUSDC,1678570080000,2023-03-11 21:28:00,1.0474,1.0474,1.0474,1.0474,1217.82
coinbase,USDTUSDC,1678570140000,2023-03-11 21:29:00,1.048,1.048,1.048,1.048,938.72
coinbase,USDTUSDC,1678570200000,2023-03-11 21:30:00,1.048,1.0545,1.048,1.0545,1661.67
coinbase,USDTUSDC,1678570260000,2023-03-11 21:31:00,1.0525,1.0573,1.0525,1.0556,9207.9
coinbase,USDTUSDC,1678570320000,2023-03-11 21:32:00,1.0556,1.0586,1.0525,1.0525,11944.38
coinbase,USDTUSDC,1678570380000,2023-03-11 21:33:00,1.0525,1.0525,1.0525,1.0525,5985.64
coinbase,USDTUSDC,1678570440000,2023-03-11 21:34:00,1.0581,1.0581,1.0526,1.0526,1909.05
coinbase,USDTUSDC,1678570500000,2023-03-11 21:35:00,1.0526,1.0585,1.0525,1.0582,8471.26
coinbase,USDTUSDC,1678570560000,2023-03-11 21:36:00,1.0526,1.0556,1.0525,1.0525,3799.9
coinbase,USDTUSDC,1678570620000,2023-03-11 21:37:00,1.0526,1.0556,1.0525,1.0556,24798
coinbase,USDTUSDC,1678570680000,2023-03-11 21:38:00,1.0542,1.0542,1.0534,1.0534,4683.01
coinbase,USDTUSDC,1678570920000,2023-03-11 21:42:00,1.0542,1.0542,1.0538,1.054,3693.6
coinbase,USDTUSDC,1678570980000,2023-03-11 21:43:00,1.0541,1.0581,1.054,1.054,2287.53
coinbase,USDTUSDC,1678571100000,2023-03-11 21:45:00,1.0561,1.0561,1.0525,1.0525,3706.6
coinbase,USDTUSDC,1678571160000,2023-03-11 21:46:00,1.0525,1.055,1.05,1.0524,69782.1
coinbase,USDTUSDC,1678571220000,2023-03-11 21:47:00,1.0524,1.0524,1.0524,1.0524,453.35
coinbase,USDTUSDC,1678571280000,2023-03-11 21:48:00,1.0536,1.0536,1.0524,1.0524,4373.17
coinbase,USDTUSDC,1678571400000,2023-03-11 21:50:00,1.0524,1.0524,1.0524,1.0524,1298.95
coinbase,USDTUSDC,1678571460000,2023-03-11 21:51:00,1.0524,1.0524,1.05,1.0524,2043.68
coinbase,USDTUSDC,1678571520000,2023-03-11 21:52:00,1.0524,1.0524,1.0508,1.0508,121.86
coinbase,USDTUSDC,1678571580000,2023-03-11 21:53:00,1.0511,1.0511,1.0511,1.0511,96.63
coinbase,USDTUSDC,1678571640000,2023-03-11 21:54:00,1.051,1.0518,1.051,1.0513,183.18
coinbase,USDTUSDC,1678571700000,2023-03-11 21:55:00,1.0508,1.0508,1.0508,1.0508,993.13
coinbase,USDTUSDC,1678571880000,2023-03-11 21:58:00,1.0513,1.0524,1.0509,1.0509,1998.7
coinbase,USDTUSDC,1678571940000,2023-03-11 21:59:00,1.0509,1.0509,1.0507,1.0507,1070.36
coinbase,USDTUSDC,1678572000000,2023-03-11 22:00:00,1.0523,1.0523,1.0507,1.0523,2250.43
coinbase,USDTUSDC,1678572060000,2023-03-11 22:01:00,1.0507,1.0522,1.05,1.05,12244.71
coinbase,USDTUSDC,1678572180000,2023-03-11 22:03:00,1.0501,1.0516,1.0501,1.0515,2321.9
coinbase,USDTUSDC,1678572480000,2023-03-11 22:08:00,1.0515,1.0516,1.0515,1.0516,3886.24
coinbase,USDTUSDC,1678572720000,2023-03-11 22:12:00,1.0513,1.052,1.0513,1.052,1011.42
coinbase,USDTUSDC,1678572780000,2023-03-11 22:13:00,1.052,1.052,1.052,1.052,2238.56
coinbase,USDTUSDC,1678572840000,2023-03-11 22:14:00,1.052,1.0549,1.052,1.0541,24458.17
coinbase,USDTUSDC,1678573020000,2023-03-11 22:17:00,1.0544,1.0544,1.0544,1.0544,5141.8
coinbase,USDTUSDC,1678573140000,2023-03-11 22:19:00,1.0548,1.0548,1.0544,1.0544,2503.22
coinbase,USDTUSDC,1678573260000,2023-03-11 22:21:00,1.0544,1.0544,1.0513,1.0513,14448.17
coinbase,USDTUSDC,1678573320000,2023-03-11 22:22:00,1.0513,1.0513,1.05,1.0512,1226.2
coinbase,USDTUSDC,1678573380000,2023-03-11 22:23:00,1.0501,1.0501,1.0496,1.0496,25721.22
coinbase,USDTUSDC,1678573500000,2023-03-11 22:25:00,1.0505,1.0513,1.0488,1.0513,25942.33
coinbase,USDTUSDC,1678573620000,2023-03-11 22:27:00,1.0494,1.0494,1.0493,1.0493,24994.05
coinbase,USDTUSDC,1678573740000,2023-03-11 22:29:00,1.0505,1.0509,1.0493,1.0509,26238.64
coinbase,USDTUSDC,1678573800000,2023-03-11 22:30:00,1.0509,1.0527,1.0495,1.0525,72871.17
coinbase,USDTUSDC,1678573920000,2023-03-11 22:32:00,1.0525,1.0529,1.0501,1.0525,85475.88
coinbase,USDTUSDC,1678573980000,2023-03-11 22:33:00,1.053,1.053,1.0527,1.0527,3081.91
coinbase,USDTUSDC,1678574100000,2023-03-11 22:35:00,1.0527,1.053,1.0527,1.053,7319
coinbase,USDTUSDC,1678574160000,2023-03-11 22:36:00,1.053,1.0532,1.0529,1.0532,8255.66
coinbase,USDTUSDC,1678574220000,2023-03-11 22:37:00,1.0532,1.0537,1.0493,1.0534,121207.06
coinbase,USDTUSDC,1678574280000,2023-03-11 22:38:00,1.0529,1.0529,1.0523,1.0523,8310.45
coinbase,USDTUSDC,1678574340000,2023-03-11 22:39:00,1.0523,1.0523,1.0475,1.0514,157873.87
coinbase,USDTUSDC,1678574400000,2023-03-11 22:40:00,1.0516,1.0521,1.0516,1.052,25413.45
coinbase,USDTUSDC,1678574460000,2023-03-11 22:41:00,1.052,1.0523,1.052,1.0523,14863.74
coinbase,USDTUSDC,1678574520000,2023-03-11 22:42:00,1.0523,1.0525,1.0485,1.0519,82940.06
coinbase,USDTUSDC,1678574580000,2023-03-11 22:43:00,1.0519,1.0534,1.0467,1.0534,139350.89
coinbase,USDTUSDC,1678574700000,2023-03-11 22:45:00,1.0533,1.0533,1.0533,1.0533,559.98
coinbase,USDTUSDC,1678574880000,2023-03-11 22:48:00,1.0532,1.0541,1.0532,1.0541,3145.09
coinbase,USDTUSDC,1678575240000,2023-03-11 22:54:00,1.0542,1.0543,1.054,1.0543,2660.96
coinbase,USDTUSDC,1678575360000,2023-03-11 22:56:00,1.0543,1.0543,1.0543,1.0543,1709.45
coinbase,USDTUSDC,1678575420000,2023-03-11 22:57:00,1.0542,1.0542,1.0538,1.0538,3668.5
coinbase,USDTUSDC,1678575600000,2023-03-11 23:00:00,1.0538,1.0538,1.0524,1.0526,1666.91
coinbase,USDTUSDC,1678575660000,2023-03-11 23:01:00,1.0526,1.0526,1.0522,1.0526,3092.53
coinbase,USDTUSDC,1678575840000,2023-03-11 23:04:00,1.0524,1.0524,1.0521,1.0521,5792.55
coinbase,USDTUSDC,1678576080000,2023-03-11 23:08:00,1.0526,1.0526,1.0526,1.0526,269.97
coinbase,USDTUSDC,1678576200000,2023-03-11 23:10:00,1.0526,1.0531,1.0526,1.0531,3132.04
coinbase,USDTUSDC,1678576320000,2023-03-11 23:12:00,1.0528,1.0531,1.0528,1.0531,1080.07
coinbase,USDTUSDC,1678576440000,2023-03-11 23:14:00,1.0529,1.0531,1.0525,1.0525,4070.97
coinbase,USDTUSDC,1678576500000,2023-03-11 23:15:00,1.0529,1.0529,1.0523,1.0526,7089.29
coinbase,USDTUSDC,1678576560000,2023-03-11 23:16:00,1.0526,1.0529,1.0526,1.0529,7737.07
coinbase,USDTUSDC,1678576620000,2023-03-11 23:17:00,1.0529,1.053,1.0528,1.0528,27425.25
coinbase,USDTUSDC,1678576680000,2023-03-11 23:18:00,1.0527,1.0527,1.0526,1.0526,8922.87
coinbase,USDTUSDC,1678576740000,2023-03-11 23:19:00,1.0526,1.0527,1.0526,1.0527,10051.47
coinbase,USDTUSDC,1678576860000,2023-03-11 23:21:00,1.0527,1.0529,1.0527,1.0527,7697.32
coinbase,USDTUSDC,1678576920000,2023-03-11 23:22:00,1.0527,1.0527,1.0527,1.0527,743.96
coinbase,USDTUSDC,1678576980000,2023-03-11 23:23:00,1.0527,1.0528,1.0527,1.0528,2130.21
coinbase,USDTUSDC,1678577100000,2023-03-11 23:25:00,1.0528,1.0528,1.0528,1.0528,39696.73
coinbase,USDTUSDC,1678577220000,2023-03-11 23:27:00,1.0528,1.0528,1.0526,1.0526,64703.14
coinbase,USDTUSDC,1678577280000,2023-03-11 23:28:00,1.0527,1.0527,1.0511,1.0511,218328.99
coinbase,USDTUSDC,1678577340000,2023-03-11 23:29:00,1.051,1.0511,1.0507,1.0507,4021.72
coinbase,USDTUSDC,1678577400000,2023-03-11 23:30:00,1.05,1.0509,1.0476,1.0476,50196.66
coinbase,USDTUSDC,1678577520000,2023-03-11 23:32:00,1.0474,1.0475,1.0467,1.0467,10919.95
coinbase,USDTUSDC,1678577580000,2023-03-11 23:33:00,1.0478,1.0479,1.0477,1.0477,4413.08
coinbase,USDTUSDC,1678577640000,2023-03-11 23:34:00,1.0477,1.0481,1.0467,1.0467,18152.09
coinbase,USDTUSDC,1678577700000,2023-03-11 23:35:00,1.0473,1.0474,1.0467,1.0469,9550.19
coinbase,USDTUSDC,1678577760000,2023-03-11 23:36:00,1.0465,1.0468,1.046,1.0461,31874.54
coinbase,USDTUSDC,1678577820000,2023-03-11 23:37:00,1.046,1.046,1.0445,1.0446,13355.33
coinbase,USDTUSDC,1678577940000,2023-03-11 23:39:00,1.0446,1.0449,1.044,1.044,5097.46
coinbase,USDTUSDC,1678578000000,2023-03-11 23:40:00,1.0438,1.044,1.0426,1.0426,10960.82
coinbase,USDTUSDC,1678578060000,2023-03-11 23:41:00,1.042,1.042,1.042,1.042,3841.13
coinbase,USDTUSDC,1678578120000,2023-03-11 23:42:00,1.041,1.041,1.0409,1.0409,1066.55
coinbase,USDTUSDC,1678578180000,2023-03-11 23:43:00,1.0409,1.0409,1.04,1.04,10366
coinbase,USDTUSDC,1678578240000,2023-03-11 23:44:00,1.0405,1.0405,1.0387,1.0387,9591.61
coinbase,USDTUSDC,1678578360000,2023-03-11 23:46:00,1.0387,1.0399,1.0381,1.0392,2071.42
coinbase,USDTUSDC,1678578480000,2023-03-11 23:48:00,1.0392,1.0392,1.039,1.039,2811.95
coinbase,USDTUSDC,1678578600000,2023-03-11 23:50:00,1.039,1.0409,1.0373,1.0373,13134.32
coinbase,USDTUSDC,1678578780000,2023-03-11 23:53:00,1.0365,1.0376,1.0348,1.0376,3709.72
coinbase,USDTUSDC,1678578840000,2023-03-11 23:54:00,1.0359,1.0364,1.0351,1.0364,17820.59
coinbase,USDTUSDC,1678578900000,2023-03-11 23:55:00,1.0364,1.0385,1.0364,1.0385,23534.43
coinbase,USDTUSDC,1678578960000,2023-03-11 23:56:00,1.0385,1.0394,1.0369,1.0388,10178.32
coinbase,USDTUSDC,1678579020000,2023-03-11 23:57:00,1.0388,1.039,1.0388,1.039,8117.37
coinbase,USDTUSDC,1678579080000,2023-03-11 23:58:00,1.039,1.0405,1.039,1.0404,4145.05
coinbase,USDTUSDC,1678543200000,2023-03-11 14:00:00,1.11,1.1101,1.11,1.1101,6386.42
coinbase,USDTUSDC,1678543260000,2023-03-11 14:01:00,1.11,1.1101,1.11,1.11,8631.2
coinbase,USDTUSDC,1678543320000,2023-03-11 14:02:00,1.11,1.1101,1.11,1.11,45575.41
coinbase,USDTUSDC,1678543380000,2023-03-11 14:03:00,1.11,1.1101,1.11,1.11,15948.33
coinbase,USDTUSDC,1678543440000,2023-03-11 14:04:00,1.11,1.1101,1.11,1.11,12901.12
coinbase,USDTUSDC,1678543500000,2023-03-11 14:05:00,1.1101,1.1101,1.11,1.11,63894.37
coinbase,USDTUSDC,1678543560000,2023-03-11 14:06:00,1.1101,1.1101,1.1047,1.1056,15638.27
coinbase,USDTUSDC,1678543620000,2023-03-11 14:07:00,1.1056,1.1069,1.1039,1.1053,7301.92
coinbase,USDTUSDC,1678543680000,2023-03-11 14:08:00,1.1048,1.1051,1.1047,1.1051,9595.67
coinbase,USDTUSDC,1678543740000,2023-03-11 14:09:00,1.1049,1.106,1.1049,1.106,4206.46
coinbase,USDTUSDC,1678543800000,2023-03-11 14:10:00,1.106,1.1061,1.1057,1.1061,14218.83
coinbase,USDTUSDC,1678543860000,2023-03-11 14:11:00,1.1062,1.1062,1.1057,1.1057,4469.37
coinbase,USDTUSDC,1678543980000,2023-03-11 14:13:00,1.1064,1.1064,1.1062,1.1062,317.66
coinbase,USDTUSDC,1678544100000,2023-03-11 14:15:00,1.1065,1.1065,1.1055,1.1055,10699.37
coinbase,USDTUSDC,1678544160000,2023-03-11 14:16:00,1.1057,1.1059,1.1054,1.1054,10586.96
coinbase,USDTUSDC,1678544220000,2023-03-11 14:17:00,1.1054,1.1062,1.1054,1.1056,11792.57
coinbase,USDTUSDC,1678544280000,2023-03-11 14:18:00,1.1061,1.1062,1.1061,1.1062,1899.98
coinbase,USDTUSDC,1678544340000,2023-03-11 14:19:00,1.1061,1.1061,1.1036,1.1055,140176.01
coinbase,USDTUSDC,1678544400000,2023-03-11 14:20:00,1.1051,1.1051,1.1044,1.1044,1380.22
coinbase,USDTUSDC,1678544460000,2023-03-11 14:21:00,1.104,1.104,1.1035,1.1035,3911.85
coinbase,USDTUSDC,1678544520000,2023-03-11 14:22:00,1.1034,1.104,1.1033,1.104,1190.28
coinbase,USDTUSDC,1678544580000,2023-03-11 14:23:00,1.1033,1.104,1.1031,1.1038,6310.67
coinbase,USDTUSDC,1678544640000,2023-03-11 14:24:00,1.1038,1.1038,1.1038,1.1038,11345.42
coinbase,USDTUSDC,1678544700000,2023-03-11 14:25:00,1.1038,1.1038,1.1038,1.1038,3781.52
coinbase,USDTUSDC,1678544760000,2023-03-11 14:26:00,1.1038,1.1038,1.1038,1.1038,1890.76
coinbase,USDTUSDC,1678544820000,2023-03-11 14:27:00,1.1038,1.1038,1.1038,1.1038,16615.03
coinbase,USDTUSDC,1678544880000,2023-03-11 14:28:00,1.1038,1.1038,1.1038,1.1038,12878.87
coinbase,USDTUSDC,1678544940000,2023-03-11 14:29:00,1.1038,1.1038,1.1038,1.1038,16410.34
coinbase,USDTUSDC,1678545000000,2023-03-11 14:30:00,1.1038,1.1039,1.1038,1.1038,20922.14
coinbase,USDTUSDC,1678545060000,2023-03-11 14:31:00,1.1038,1.104,1.1038,1.1038,3492.36
coinbase,USDTUSDC,1678545120000,2023-03-11 14:32:00,1.1038,1.104,1.1024,1.1024,11988.67
coinbase,USDTUSDC,1678545180000,2023-03-11 14:33:00,1.1022,1.1023,1.1022,1.1023,1900.55
coinbase,USDTUSDC,1678545240000,2023-03-11 14:34:00,1.1023,1.1023,1.1023,1.1023,217.05
coinbase,USDTUSDC,1678545300000,2023-03-11 14:35:00,1.1022,1.1023,1.1022,1.1022,1783.73
coinbase,USDTUSDC,1678545360000,2023-03-11 14:36:00,1.1022,1.1029,1.1017,1.1023,28164.15
coinbase,USDTUSDC,1678545420000,2023-03-11 14:37:00,1.1023,1.1023,1.1014,1.1014,2520.14
coinbase,USDTUSDC,1678545480000,2023-03-11 14:38:00,1.1014,1.1016,1.1014,1.1016,133.47
coinbase,USDTUSDC,1678545540000,2023-03-11 14:39:00,1.1017,1.1017,1.1013,1.1013,4811.74
coinbase,USDTUSDC,1678545600000,2023-03-11 14:40:00,1.1016,1.1017,1.1011,1.1011,7136.2
coinbase,USDTUSDC,1678545660000,2023-03-11 14:41:00,1.1016,1.1017,1.1,1.1012,7298.08
coinbase,USDTUSDC,1678545720000,2023-03-11 14:42:00,1.1001,1.1007,1.0997,1.1003,16684.19
coinbase,USDTUSDC,1678545780000,2023-03-11 14:43:00,1.0999,1.0999,1.0993,1.0996,13420.09
coinbase,USDTUSDC,1678545840000,2023-03-11 14:44:00,1.0996,1.0997,1.0993,1.0993,14025.9
coinbase,USDTUSDC,1678545900000,2023-03-11 14:45:00,1.0993,1.0994,1.0989,1.0989,6684.08
coinbase,USDTUSDC,1678545960000,2023-03-11 14:46:00,1.0989,1.1036,1.0989,1.0989,41165.85
coinbase,USDTUSDC,1678546020000,2023-03-11 14:47:00,1.0989,1.0989,1.0985,1.0985,9109.27
coinbase,USDTUSDC,1678546080000,2023-03-11 14:48:00,1.0986,1.0986,1.0984,1.0984,1964.58
coinbase,USDTUSDC,1678546140000,2023-03-11 14:49:00,1.0985,1.0996,1.0985,1.0996,1629.12
coinbase,USDTUSDC,1678546260000,2023-03-11 14:51:00,1.0994,1.0994,1.0994,1.0994,135
coinbase,USDTUSDC,1678546320000,2023-03-11 14:52:00,1.0991,1.0993,1.0988,1.0988,1900.25
coinbase,USDTUSDC,1678546380000,2023-03-11 14:53:00,1.0988,1.0988,1.0983,1.0983,6069.03
coinbase,USDTUSDC,1678546440000,2023-03-11 14:54:00,1.0978,1.0979,1.0978,1.0979,5726.44
coinbase,USDTUSDC,1678546500000,2023-03-11 14:55:00,1.0978,1.0983,1.0976,1.0982,1840.35
coinbase,USDTUSDC,1678546560000,2023-03-11 14:56:00,1.0983,1.0987,1.0983,1.0984,3040.49
coinbase,USDTUSDC,1678546620000,2023-03-11 14:57:00,1.0983,1.0987,1.0981,1.0981,9854.47
coinbase,USDTUSDC,1678546680000,2023-03-11 14:58:00,1.0981,1.0986,1.098,1.0986,13428.36
coinbase,USDTUSDC,1678546740000,2023-03-11 14:59:00,1.0985,1.0985,1.0977,1.0979,4881.75
coinbase,USDTUSDC,1678546800000,2023-03-11 15:00:00,1.0976,1.0976,1.0971,1.0971,9517.71
coinbase,USDTUSDC,1678546860000,2023-03-11 15:01:00,1.0971,1.0972,1.0971,1.0972,1054.95
coinbase,USDTUSDC,1678546920000,2023-03-11 15:02:00,1.0971,1.0971,1.0964,1.0964,2801.84
coinbase,USDTUSDC,1678546980000,2023-03-11 15:03:00,1.0964,1.0966,1.0964,1.0966,5412.63
coinbase,USDTUSDC,1678547040000,2023-03-11 15:04:00,1.0966,1.0968,1.096,1.0961,32013.06
coinbase,USDTUSDC,1678547100000,2023-03-11 15:05:00,1.0961,1.0963,1.096,1.096,40753.67
coinbase,USDTUSDC,1678547160000,2023-03-11 15:06:00,1.096,1.0962,1.096,1.0962,4934.06
coinbase,USDTUSDC,1678547220000,2023-03-11 15:07:00,1.0962,1.0962,1.0962,1.0962,6258.44
coinbase,USDTUSDC,1678547280000,2023-03-11 15:08:00,1.0962,1.0963,1.0962,1.0963,2087.9
coinbase,USDTUSDC,1678547340000,2023-03-11 15:09:00,1.0962,1.0962,1.096,1.0961,3399.38
coinbase,USDTUSDC,1678547460000,2023-03-11 15:11:00,1.0961,1.0962,1.0961,1.0961,5641.1
coinbase,USDTUSDC,1678547580000,2023-03-11 15:13:00,1.0963,1.0963,1.0956,1.0956,3913.64
coinbase,USDTUSDC,1678547700000,2023-03-11 15:15:00,1.0953,1.0954,1.0953,1.0954,3391.74
coinbase,USDTUSDC,1678547820000,2023-03-11 15:17:00,1.0954,1.0954,1.0954,1.0954,7697.11
coinbase,USDTUSDC,1678547880000,2023-03-11 15:18:00,1.0954,1.0954,1.0953,1.0953,1996.72
coinbase,USDTUSDC,1678547940000,2023-03-11 15:19:00,1.0953,1.0953,1.0953,1.0953,1906.34
coinbase,USDTUSDC,1678548060000,2023-03-11 15:21:00,1.0953,1.0953,1.0949,1.0949,953.47
coinbase,USDTUSDC,1678548120000,2023-03-11 15:22:00,1.0948,1.095,1.0948,1.095,847.05
coinbase,USDTUSDC,1678548180000,2023-03-11 15:23:00,1.0954,1.0958,1.0954,1.0958,10992.85
coinbase,USDTUSDC,1678548240000,2023-03-11 15:24:00,1.0963,1.0963,1.0962,1.0962,1864.52
coinbase,USDTUSDC,1678548300000,2023-03-11 15:25:00,1.0963,1.0966,1.0963,1.0966,3272.37
coinbase,USDTUSDC,1678548360000,2023-03-11 15:26:00,1.0966,1.0972,1.0966,1.0971,4352.11
coinbase,USDTUSDC,1678548420000,2023-03-11 15:27:00,1.0966,1.0968,1.0966,1.0966,3583.29
coinbase,USDTUSDC,1678548480000,2023-03-11 15:28:00,1.0968,1.0969,1.0966,1.0966,3182.47
coinbase,USDTUSDC,1678548540000,2023-03-11 15:29:00,1.0966,1.097,1.0966,1.0968,2937.71
coinbase,USDTUSDC,1678548600000,2023-03-11 15:30:00,1.0968,1.0968,1.0968,1.0968,3705.06
coinbase,USDTUSDC,1678548660000,2023-03-11 15:31:00,1.097,1.0972,1.097,1.097,4409.75
coinbase,USDTUSDC,1678548780000,2023-03-11 15:33:00,1.097,1.0972,1.0968,1.0969,14154.88
coinbase,USDTUSDC,1678548840000,2023-03-11 15:34:00,1.0969,1.0972,1.0969,1.0969,16047.24
coinbase,USDTUSDC,1678548900000,2023-03-11 15:35:00,1.0971,1.0971,1.0967,1.0967,3133.12
coinbase,USDTUSDC,1678548960000,2023-03-11 15:36:00,1.0967,1.0967,1.0967,1.0967,3558.53
coinbase,USDTUSDC,1678549080000,2023-03-11 15:38:00,1.0967,1.0967,1.0961,1.0964,5775.92
coinbase,USDTUSDC,1678549140000,2023-03-11 15:39:00,1.0964,1.0964,1.0964,1.0964,8.46
coinbase,USDTUSDC,1678549200000,2023-03-11 15:40:00,1.0963,1.0964,1.0962,1.0964,20596.55
coinbase,USDTUSDC,1678549260000,2023-03-11 15:41:00,1.0964,1.0965,1.0959,1.0964,12456.35
coinbase,USDTUSDC,1678549320000,2023-03-11 15:42:00,1.0959,1.0962,1.0957,1.0959,15386.68
coinbase,USDTUSDC,1678549380000,2023-03-11 15:43:00,1.0959,1.096,1.0943,1.0943,10434.52
coinbase,USDTUSDC,1678549500000,2023-03-11 15:45:00,1.0946,1.0946,1.0941,1.0943,8961.28
coinbase,USDTUSDC,1678549560000,2023-03-11 15:46:00,1.0941,1.0941,1.0938,1.0938,1668.36
coinbase,USDTUSDC,1678549620000,2023-03-11 15:47:00,1.0941,1.0942,1.0939,1.0939,20868.72
coinbase,USDTUSDC,1678549680000,2023-03-11 15:48:00,1.0939,1.0945,1.0938,1.094,12141.56
coinbase,USDTUSDC,1678549740000,2023-03-11 15:49:00,1.0933,1.0933,1.0933,1.0933,4959.45
coinbase,USDTUSDC,1678549860000,2023-03-11 15:51:00,1.0933,1.0938,1.0933,1.0936,2181.28
coinbase,USDTUSDC,1678549920000,2023-03-11 15:52:00,1.0936,1.0938,1.0936,1.0938,9694.27
coinbase,USDTUSDC,1678550040000,2023-03-11 15:54:00,1.0938,1.0939,1.0933,1.0933,8122.39
coinbase,USDTUSDC,1678550100000,2023-03-11 15:55:00,1.0937,1.0937,1.0935,1.0935,422.11
coinbase,USDTUSDC,1678550160000,2023-03-11 15:56:00,1.0938,1.0938,1.0938,1.0938,3105.66
coinbase,USDTUSDC,1678550280000,2023-03-11 15:58:00,1.0938,1.0942,1.0938,1.0942,5748.56
coinbase,USDTUSDC,1678550340000,2023-03-11 15:59:00,1.0942,1.0948,1.0942,1.0946,1401.12
coinbase,USDTUSDC,1678550400000,2023-03-11 16:00:00,1.0948,1.0948,1.0948,1.0948,4752.43
coinbase,USDTUSDC,1678550460000,2023-03-11 16:01:00,1.0948,1.095,1.0948,1.0949,3005.37
coinbase,USDTUSDC,1678550520000,2023-03-11 16:02:00,1.095,1.0951,1.095,1.0951,2686.77
coinbase,USDTUSDC,1678550580000,2023-03-11 16:03:00,1.0952,1.0953,1.0952,1.0952,10000.09
coinbase,USDTUSDC,1678550640000,2023-03-11 16:04:00,1.0952,1.0952,1.0951,1.0951,58987.98
coinbase,USDTUSDC,1678550700000,2023-03-11 16:05:00,1.0948,1.0956,1.0948,1.0956,28856.46
coinbase,USDTUSDC,1678550760000,2023-03-11 16:06:00,1.0956,1.0965,1.0956,1.0964,35142.82
coinbase,USDTUSDC,1678550820000,2023-03-11 16:07:00,1.0964,1.0964,1.0908,1.0947,98655.34
coinbase,USDTUSDC,1678550940000,2023-03-11 16:09:00,1.0949,1.0954,1.0949,1.0949,21218.94
coinbase,USDTUSDC,1678551000000,2023-03-11 16:10:00,1.0957,1.0957,1.0949,1.0952,16747.82
coinbase,USDTUSDC,1678551060000,2023-03-11 16:11:00,1.0952,1.0952,1.0949,1.095,12123.01
coinbase,USDTUSDC,1678551120000,2023-03-11 16:12:00,1.095,1.0952,1.0949,1.0949,13816.81
coinbase,USDTUSDC,1678551180000,2023-03-11 16:13:00,1.0952,1.0952,1.0951,1.0951,300.94
coinbase,USDTUSDC,1678551240000,2023-03-11 16:14:00,1.0951,1.0951,1.0951,1.0951,1901.19
coinbase,USDTUSDC,1678551300000,2023-03-11 16:15:00,1.0951,1.0951,1.095,1.095,2161.32
coinbase,USDTUSDC,1678551360000,2023-03-11 16:16:00,1.095,1.095,1.095,1.095,2184.95
coinbase,USDTUSDC,1678551420000,2023-03-11 16:17:00,1.095,1.0951,1.0949,1.0951,3014.62
coinbase,USDTUSDC,1678551480000,2023-03-11 16:18:00,1.095,1.0951,1.0931,1.0938,3190.1
coinbase,USDTUSDC,1678551540000,2023-03-11 16:19:00,1.0931,1.0939,1.0931,1.0939,42044.91
coinbase,USDTUSDC,1678551600000,2023-03-11 16:20:00,1.0937,1.0937,1.0936,1.0936,1860.95
coinbase,USDTUSDC,1678551660000,2023-03-11 16:21:00,1.0936,1.0947,1.0936,1.0947,17453.02
coinbase,USDTUSDC,1678551720000,2023-03-11 16:22:00,1.0942,1.0944,1.0937,1.0937,11184.87
coinbase,USDTUSDC,1678551780000,2023-03-11 16:23:00,1.0938,1.0942,1.0938,1.094,3396.67
coinbase,USDTUSDC,1678551840000,2023-03-11 16:24:00,1.094,1.0943,1.094,1.0942,3525.77
coinbase,USDTUSDC,1678551900000,2023-03-11 16:25:00,1.0942,1.0943,1.094,1.0941,14168.09
coinbase,USDTUSDC,1678551960000,2023-03-11 16:26:00,1.0941,1.0943,1.094,1.094,5163.78
coinbase,USDTUSDC,1678552020000,2023-03-11 16:27:00,1.0943,1.0944,1.0942,1.0942,1810.18
coinbase,USDTUSDC,1678552080000,2023-03-11 16:28:00,1.0942,1.0947,1.0941,1.0942,10499.63
coinbase,USDTUSDC,1678552140000,2023-03-11 16:29:00,1.0942,1.0945,1.0942,1.0942,3535.37
coinbase,USDTUSDC,1678552200000,2023-03-11 16:30:00,1.0942,1.0943,1.0942,1.0942,7959.68
coinbase,USDTUSDC,1678552260000,2023-03-11 16:31:00,1.0942,1.0944,1.094,1.0942,11051.06
coinbase,USDTUSDC,1678552320000,2023-03-11 16:32:00,1.0942,1.0943,1.094,1.0943,3996
coinbase,USDTUSDC,1678552440000,2023-03-11 16:34:00,1.0943,1.0943,1.094,1.0942,7307.8
coinbase,USDTUSDC,1678552500000,2023-03-11 16:35:00,1.0935,1.094,1.0935,1.0936,9267.64
coinbase,USDTUSDC,1678552560000,2023-03-11 16:36:00,1.0936,1.0939,1.0931,1.0937,13311.98
coinbase,USDTUSDC,1678552620000,2023-03-11 16:37:00,1.0937,1.094,1.0928,1.093,30066.46
coinbase,USDTUSDC,1678552680000,2023-03-11 16:38:00,1.093,1.093,1.0918,1.0922,17674.56
coinbase,USDTUSDC,1678552740000,2023-03-11 16:39:00,1.0922,1.0923,1.0913,1.0918,12216.95
coinbase,USDTUSDC,1678552800000,2023-03-11 16:40:00,1.0918,1.0918,1.0909,1.091,3995.23
coinbase,USDTUSDC,1678552860000,2023-03-11 16:41:00,1.0917,1.0917,1.0906,1.0906,5816.21
coinbase,USDTUSDC,1678552980000,2023-03-11 16:43:00,1.0907,1.0908,1.0907,1.0907,1506.42
coinbase,USDTUSDC,1678553040000,2023-03-11 16:44:00,1.0907,1.0908,1.0907,1.0908,3466.45
coinbase,USDTUSDC,1678553100000,2023-03-11 16:45:00,1.0908,1.0908,1.0906,1.0907,12268.41
coinbase,USDTUSDC,1678553160000,2023-03-11 16:46:00,1.0907,1.0912,1.0906,1.0906,17233.9
coinbase,USDTUSDC,1678553220000,2023-03-11 16:47:00,1.0906,1.0906,1.0906,1.0906,3047.06
coinbase,USDTUSDC,1678553280000,2023-03-11 16:48:00,1.0902,1.0906,1.0901,1.0901,11097.69
coinbase,USDTUSDC,1678553340000,2023-03-11 16:49:00,1.0901,1.0901,1.0884,1.0884,3836.62
coinbase,USDTUSDC,1678553400000,2023-03-11 16:50:00,1.0888,1.089,1.0888,1.089,5078.34
coinbase,USDTUSDC,1678553460000,2023-03-11 16:51:00,1.089,1.089,1.0888,1.0888,6798.07
coinbase,USDTUSDC,1678553520000,2023-03-11 16:52:00,1.0888,1.089,1.0872,1.089,2900.02
coinbase,USDTUSDC,1678553580000,2023-03-11 16:53:00,1.0882,1.089,1.0881,1.089,17408.28
coinbase,USDTUSDC,1678553640000,2023-03-11 16:54:00,1.089,1.089,1.0876,1.0876,8363.33
coinbase,USDTUSDC,1678553700000,2023-03-11 16:55:00,1.0885,1.0899,1.0881,1.0899,33501.28
coinbase,USDTUSDC,1678553760000,2023-03-11 16:56:00,1.0899,1.0899,1.0872,1.0872,13705.31
coinbase,USDTUSDC,1678553820000,2023-03-11 16:57:00,1.0873,1.0879,1.0873,1.0878,6075.86
coinbase,USDTUSDC,1678553880000,2023-03-11 16:58:00,1.0878,1.0884,1.0878,1.0884,5031.9
coinbase,USDTUSDC,1678553940000,2023-03-11 16:59:00,1.0873,1.0874,1.0872,1.0874,3552.91
coinbase,USDTUSDC,1678554000000,2023-03-11 17:00:00,1.0874,1.0877,1.0874,1.0877,12411.52
coinbase,USDTUSDC,1678554060000,2023-03-11 17:01:00,1.0877,1.0881,1.0875,1.0875,12117.06
coinbase,USDTUSDC,1678554180000,2023-03-11 17:03:00,1.0885,1.0885,1.0884,1.0884,3899.98
coinbase,USDTUSDC,1678554240000,2023-03-11 17:04:00,1.0886,1.0886,1.0876,1.0876,313.19
coinbase,USDTUSDC,1678554300000,2023-03-11 17:05:00,1.0877,1.0877,1.0876,1.0876,9340.04
coinbase,USDTUSDC,1678554360000,2023-03-11 17:06:00,1.0876,1.0876,1.0876,1.0876,6
coinbase,USDTUSDC,1678554420000,2023-03-11 17:07:00,1.0876,1.0876,1.085,1.085,7741.62
coinbase,USDTUSDC,1678554540000,2023-03-11 17:09:00,1.0854,1.0856,1.084,1.0851,11697.87
coinbase,USDTUSDC,1678554600000,2023-03-11 17:10:00,1.0851,1.0851,1.0835,1.0835,2128.84
coinbase,USDTUSDC,1678554720000,2023-03-11 17:12:00,1.084,1.084,1.0835,1.0835,7339
coinbase,USDTUSDC,1678554780000,2023-03-11 17:13:00,1.0835,1.0841,1.0833,1.0841,7624.78
coinbase,USDTUSDC,1678554840000,2023-03-11 17:14:00,1.0833,1.0854,1.08,1.08,11441.19
coinbase,USDTUSDC,1678554960000,2023-03-11 17:16:00,1.0789,1.0789,1.0721,1.0724,2352.5
coinbase,USDTUSDC,1678555020000,2023-03-11 17:17:00,1.0724,1.0778,1.0719,1.0778,1133.82
coinbase,USDTUSDC,1678555140000,2023-03-11 17:19:00,1.072,1.072,1.0702,1.0703,376.79
coinbase,USDTUSDC,1678555200000,2023-03-11 17:20:00,1.0704,1.0705,1.0701,1.0701,5425.58
coinbase,USDTUSDC,1678555260000,2023-03-11 17:21:00,1.0701,1.0701,1.0701,1.0701,3936.14
coinbase,USDTUSDC,1678555320000,2023-03-11 17:22:00,1.0701,1.0702,1.0701,1.0701,8881.25
coinbase,USDTUSDC,1678555440000,2023-03-11 17:24:00,1.0702,1.0702,1.0701,1.0701,4015.23
coinbase,USDTUSDC,1678555500000,2023-03-11 17:25:00,1.0702,1.0725,1.0701,1.0725,3090.43
coinbase,USDTUSDC,1678555560000,2023-03-11 17:26:00,1.075,1.075,1.0725,1.0725,787.08
coinbase,USDTUSDC,1678555620000,2023-03-11 17:27:00,1.0725,1.0725,1.0701,1.0722,2984.8
coinbase,USDTUSDC,1678555740000,2023-03-11 17:29:00,1.0722,1.0725,1.0722,1.0725,68
coinbase,USDTUSDC,1678555800000,2023-03-11 17:30:00,1.0725,1.0725,1.0725,1.0725,8
coinbase,USDTUSDC,1678555860000,2023-03-11 17:31:00,1.0725,1.0725,1.0722,1.0725,1137.68
coinbase,USDTUSDC,1678555920000,2023-03-11 17:32:00,1.0732,1.074,1.0732,1.074,290.24
coinbase,USDTUSDC,1678555980000,2023-03-11 17:33:00,1.074,1.0743,1.074,1.074,10775.2
coinbase,USDTUSDC,1678556040000,2023-03-11 17:34:00,1.074,1.074,1.074,1.074,426.73
coinbase,USDTUSDC,1678556100000,2023-03-11 17:35:00,1.074,1.0749,1.074,1.0749,5165.39
coinbase,USDTUSDC,1678556220000,2023-03-11 17:37:00,1.0749,1.0749,1.0744,1.0744,8683.17
coinbase,USDTUSDC,1678556280000,2023-03-11 17:38:00,1.0742,1.0756,1.074,1.074,17469.2
coinbase,USDTUSDC,1678556340000,2023-03-11 17:39:00,1.074,1.0749,1.0729,1.0729,4654.09
coinbase,USDTUSDC,1678556400000,2023-03-11 17:40:00,1.0729,1.0733,1.0722,1.0722,973.57
coinbase,USDTUSDC,1678556460000,2023-03-11 17:41:00,1.0722,1.0724,1.0722,1.0724,1989.3
coinbase,USDTUSDC,1678556520000,2023-03-11 17:42:00,1.0724,1.074,1.0724,1.074,3420.86
coinbase,USDTUSDC,1678556580000,2023-03-11 17:43:00,1.074,1.074,1.072,1.0726,9788.86
coinbase,USDTUSDC,1678556640000,2023-03-11 17:44:00,1.072,1.0731,1.072,1.072,2531.83
coinbase,USDTUSDC,1678556700000,2023-03-11 17:45:00,1.072,1.0731,1.0714,1.0715,10820.72
coinbase,USDTUSDC,1678556760000,2023-03-11 17:46:00,1.0715,1.0715,1.0709,1.0709,3139.63
coinbase,USDTUSDC,1678556820000,2023-03-11 17:47:00,1.0726,1.0726,1.0725,1.0725,3369.08
coinbase,USDTUSDC,1678556880000,2023-03-11 17:48:00,1.0721,1.0726,1.0702,1.0705,6452.1
coinbase,USDTUSDC,1678556940000,2023-03-11 17:49:00,1.0702,1.0714,1.0702,1.0709,1979.58
coinbase,USDTUSDC,1678557000000,2023-03-11 17:50:00,1.0709,1.0709,1.0701,1.0701,3968.39
coinbase,USDTUSDC,1678557060000,2023-03-11 17:51:00,1.0713,1.0714,1.07,1.07,5127.9
coinbase,USDTUSDC,1678557120000,2023-03-11 17:52:00,1.0701,1.0701,1.07,1.07,7170.87
coinbase,USDTUSDC,1678557180000,2023-03-11 17:53:00,1.0707,1.0707,1.0695,1.0695,10292.3
coinbase,USDTUSDC,1678557240000,2023-03-11 17:54:00,1.0699,1.0715,1.069,1.0693,25179.47
coinbase,USDTUSDC,1678557300000,2023-03-11 17:55:00,1.0688,1.0692,1.0669,1.0669,20398.75
coinbase,USDTUSDC,1678557360000,2023-03-11 17:56:00,1.0689,1.069,1.065,1.065,13527.95
coinbase,USDTUSDC,1678557420000,2023-03-11 17:57:00,1.0651,1.0664,1.065,1.0664,10596.97
coinbase,USDTUSDC,1678557480000,2023-03-11 17:58:00,1.0665,1.0665,1.065,1.065,3164.87
coinbase,USDTUSDC,1678557600000,2023-03-11 18:00:00,1.065,1.065,1.065,1.065,4654.81
coinbase,USDTUSDC,1678557660000,2023-03-11 18:01:00,1.065,1.065,1.065,1.065,15101.05
coinbase,USDTUSDC,1678557720000,2023-03-11 18:02:00,1.065,1.0655,1.065,1.065,19519.56
coinbase,USDTUSDC,1678557780000,2023-03-11 18:03:00,1.065,1.065,1.065,1.065,19259.32
coinbase,USDTUSDC,1678557840000,2023-03-11 18:04:00,1.065,1.065,1.065,1.065,13576.56
coinbase,USDTUSDC,1678557900000,2023-03-11 18:05:00,1.065,1.065,1.065,1.065,14479.08
coinbase,USDTUSDC,1678557960000,2023-03-11 18:06:00,1.065,1.065,1.065,1.065,9395.48
coinbase,USDTUSDC,1678558020000,2023-03-11 18:07:00,1.065,1.065,1.065,1.065,20084.08
coinbase,USDTUSDC,1678558080000,2023-03-11 18:08:00,1.065,1.0658,1.065,1.065,18063.97
coinbase,USDTUSDC,1678558140000,2023-03-11 18:09:00,1.0654,1.066,1.0652,1.066,2811.65
coinbase,USDTUSDC,1678558200000,2023-03-11 18:10:00,1.066,1.0661,1.065,1.065,5995.67
coinbase,USDTUSDC,1678558260000,2023-03-11 18:11:00,1.0651,1.0651,1.065,1.0651,10946.01
coinbase,USDTUSDC,1678558320000,2023-03-11 18:12:00,1.0651,1.0651,1.065,1.065,6960.8
coinbase,USDTUSDC,1678558380000,2023-03-11 18:13:00,1.0651,1.0651,1.0651,1.0651,84.83
coinbase,USDTUSDC,1678558440000,2023-03-11 18:14:00,1.0658,1.0662,1.0658,1.0661,1370.61
coinbase,USDTUSDC,1678558500000,2023-03-11 18:15:00,1.0666,1.0666,1.0664,1.0664,104.68
coinbase,USDTUSDC,1678558560000,2023-03-11 18:16:00,1.0664,1.0691,1.0664,1.0691,1060.72
coinbase,USDTUSDC,1678558620000,2023-03-11 18:17:00,1.0691,1.0691,1.0691,1.0691,2711.17
coinbase,USDTUSDC,1678558680000,2023-03-11 18:18:00,1.0691,1.0692,1.0691,1.0691,1926.57
coinbase,USDTUSDC,1678558740000,2023-03-11 18:19:00,1.0689,1.0689,1.0684,1.0689,921.5
coinbase,USDTUSDC,1678558800000,2023-03-11 18:20:00,1.0678,1.0678,1.067,1.0671,3085.69
coinbase,USDTUSDC,1678559040000,2023-03-11 18:24:00,1.067,1.067,1.0666,1.0666,3915.4
coinbase,USDTUSDC,1678559100000,2023-03-11 18:25:00,1.0664,1.0671,1.0653,1.066,11461.41
coinbase,USDTUSDC,1678559160000,2023-03-11 18:26:00,1.066,1.066,1.065,1.0659,10092.99
coinbase,USDTUSDC,1678559220000,2023-03-11 18:27:00,1.0651,1.0661,1.065,1.0661,1680.47
coinbase,USDTUSDC,1678559280000,2023-03-11 18:28:00,1.0655,1.0658,1.065,1.065,5064.43
coinbase,USDTUSDC,1678559340000,2023-03-11 18:29:00,1.0658,1.0661,1.065,1.0653,2762.01
coinbase,USDTUSDC,1678559400000,2023-03-11 18:30:00,1.0653,1.0657,1.065,1.0657,3403.05
coinbase,USDTUSDC,1678559460000,2023-03-11 18:31:00,1.0651,1.0653,1.0651,1.0653,5867.58
coinbase,USDTUSDC,1678559520000,2023-03-11 18:32:00,1.0651,1.0651,1.065,1.065,7921.26
coinbase,USDTUSDC,1678559580000,2023-03-11 18:33:00,1.0653,1.0654,1.065,1.065,10214.87
coinbase,USDTUSDC,1678559640000,2023-03-11 18:34:00,1.065,1.065,1.0644,1.0644,6482.73
coinbase,USDTUSDC,1678559700000,2023-03-11 18:35:00,1.0649,1.0651,1.0649,1.0651,3028.46
coinbase,USDTUSDC,1678559820000,2023-03-11 18:37:00,1.0645,1.0657,1.0642,1.0653,11282.8
coinbase,USDTUSDC,1678559880000,2023-03-11 18:38:00,1.0653,1.0653,1.0653,1.0653,986.6
coinbase,USDTUSDC,1678559940000,2023-03-11 18:39:00,1.0653,1.0653,1.0649,1.0651,1996.85
coinbase,USDTUSDC,1678560000000,2023-03-11 18:40:00,1.0652,1.0653,1.065,1.0653,4367
coinbase,USDTUSDC,1678560060000,2023-03-11 18:41:00,1.0653,1.0657,1.0652,1.0652,6418.76
coinbase,USDTUSDC,1678560120000,2023-03-11 18:42:00,1.0651,1.0657,1.0651,1.0656,7483.31
coinbase,USDTUSDC,1678560180000,2023-03-11 18:43:00,1.0654,1.0657,1.0648,1.0648,7096.51
coinbase,USDTUSDC,1678560240000,2023-03-11 18:44:00,1.0652,1.0655,1.0648,1.0648,4335.13
coinbase,USDTUSDC,1678560300000,2023-03-11 18:45:00,1.0648,1.0657,1.0648,1.0654,8718.12
coinbase,USDTUSDC,1678560360000,2023-03-11 18:46:00,1.0651,1.0651,1.0644,1.0644,2313.39
coinbase,USDTUSDC,1678560420000,2023-03-11 18:47:00,1.0646,1.0646,1.0643,1.0643,175.63
coinbase,USDTUSDC,1678560480000,2023-03-11 18:48:00,1.0642,1.0642,1.0638,1.0638,3862.41
coinbase,USDTUSDC,1678560540000,2023-03-11 18:49:00,1.0639,1.0656,1.0638,1.0638,37502.41
coinbase,USDTUSDC,1678560600000,2023-03-11 18:50:00,1.0639,1.0639,1.0633,1.0633,6015.11
coinbase,USDTUSDC,1678560660000,2023-03-11 18:51:00,1.0637,1.064,1.0629,1.0629,26024.75
coinbase,USDTUSDC,1678560720000,2023-03-11 18:52:00,1.0635,1.0635,1.0634,1.0634,1215.69
coinbase,USDTUSDC,1678560780000,2023-03-11 18:53:00,1.0628,1.0632,1.0626,1.0632,2850.96
coinbase,USDTUSDC,1678560840000,2023-03-11 18:54:00,1.0631,1.0631,1.0627,1.0627,969.74
coinbase,USDTUSDC,1678560900000,2023-03-11 18:55:00,1.0627,1.063,1.0626,1.063,2068.7
coinbase,USDTUSDC,1678560960000,2023-03-11 18:56:00,1.0635,1.0635,1.0633,1.0633,335.59
coinbase,USDTUSDC,1678561080000,2023-03-11 18:58:00,1.0633,1.0657,1.063,1.0657,39745.6
coinbase,USDTUSDC,1678525200000,2023-03-11 09:00:00,1.0749,1.0749,1.055,1.0645,11644.61
coinbase,USDTUSDC,1678525260000,2023-03-11 09:01:00,1.07,1.07,1.0625,1.0625,4863.39
coinbase,USDTUSDC,1678525320000,2023-03-11 09:02:00,1.0625,1.0808,1.054,1.08,18235.29
coinbase,USDTUSDC,1678525380000,2023-03-11 09:03:00,1.08,1.08,1.0755,1.0755,4790.25
coinbase,USDTUSDC,1678525440000,2023-03-11 09:04:00,1.0755,1.08,1.0755,1.08,9293.12
coinbase,USDTUSDC,1678525500000,2023-03-11 09:05:00,1.08,1.08,1.0697,1.0799,7377.77
coinbase,USDTUSDC,1678525560000,2023-03-11 09:06:00,1.0796,1.0799,1.0796,1.0799,7115.73
coinbase,USDTUSDC,1678525620000,2023-03-11 09:07:00,1.0799,1.0849,1.0799,1.084,17131.37
coinbase,USDTUSDC,1678525680000,2023-03-11 09:08:00,1.0781,1.084,1.078,1.084,10022.33
coinbase,USDTUSDC,1678525740000,2023-03-11 09:09:00,1.084,1.0864,1.0781,1.0843,16834.43
coinbase,USDTUSDC,1678525800000,2023-03-11 09:10:00,1.0844,1.0845,1.0761,1.0845,25809.82
coinbase,USDTUSDC,1678525860000,2023-03-11 09:11:00,1.0786,1.0786,1.06,1.0763,35748.19
coinbase,USDTUSDC,1678525920000,2023-03-11 09:12:00,1.0763,1.0763,1.0749,1.075,5235.47
coinbase,USDTUSDC,1678525980000,2023-03-11 09:13:00,1.075,1.076,1.0748,1.076,10216.53
coinbase,USDTUSDC,1678526040000,2023-03-11 09:14:00,1.07,1.07,1.06,1.06,12378.14
coinbase,USDTUSDC,1678526100000,2023-03-11 09:15:00,1.0602,1.0699,1.054,1.0699,36617.61
coinbase,USDTUSDC,1678526160000,2023-03-11 09:16:00,1.0697,1.0698,1.0695,1.0696,2261.21
coinbase,USDTUSDC,1678526220000,2023-03-11 09:17:00,1.0696,1.0697,1.0644,1.0697,7094.5
coinbase,USDTUSDC,1678526280000,2023-03-11 09:18:00,1.0697,1.0698,1.0697,1.0697,8145.28
coinbase,USDTUSDC,1678526340000,2023-03-11 09:19:00,1.0697,1.0697,1.0697,1.0697,3064.83
coinbase,USDTUSDC,1678526400000,2023-03-11 09:20:00,1.0697,1.0698,1.0592,1.0698,7981.14
coinbase,USDTUSDC,1678526460000,2023-03-11 09:21:00,1.0697,1.0699,1.0658,1.0699,11248.24
coinbase,USDTUSDC,1678526520000,2023-03-11 09:22:00,1.0699,1.0699,1.0699,1.0699,2192.07
coinbase,USDTUSDC,1678526580000,2023-03-11 09:23:00,1.0699,1.0699,1.0657,1.0699,10366.99
coinbase,USDTUSDC,1678526640000,2023-03-11 09:24:00,1.0699,1.07,1.0657,1.07,11674.39
coinbase,USDTUSDC,1678526700000,2023-03-11 09:25:00,1.07,1.0867,1.07,1.0867,37157.94
coinbase,USDTUSDC,1678526760000,2023-03-11 09:26:00,1.0809,1.089,1.0809,1.089,16810.69
coinbase,USDTUSDC,1678526820000,2023-03-11 09:27:00,1.089,1.097,1.089,1.097,8088.87
coinbase,USDTUSDC,1678526880000,2023-03-11 09:28:00,1.0969,1.097,1.0965,1.097,5248.38
coinbase,USDTUSDC,1678526940000,2023-03-11 09:29:00,1.0969,1.0986,1.0954,1.098,8126.02
coinbase,USDTUSDC,1678527000000,2023-03-11 09:30:00,1.0975,1.0975,1.0973,1.0973,4400.52
coinbase,USDTUSDC,1678527060000,2023-03-11 09:31:00,1.0973,1.0973,1.0917,1.0937,38803
coinbase,USDTUSDC,1678527120000,2023-03-11 09:32:00,1.0913,1.0936,1.0913,1.0922,5879.89
coinbase,USDTUSDC,1678527180000,2023-03-11 09:33:00,1.0923,1.0923,1.0912,1.0922,13315.9
coinbase,USDTUSDC,1678527240000,2023-03-11 09:34:00,1.0922,1.0929,1.0878,1.0898,21089.3
coinbase,USDTUSDC,1678527300000,2023-03-11 09:35:00,1.088,1.0929,1.088,1.0929,19125.42
coinbase,USDTUSDC,1678527360000,2023-03-11 09:36:00,1.0933,1.0933,1.0932,1.0933,4061.64
coinbase,USDTUSDC,1678527420000,2023-03-11 09:37:00,1.0937,1.0957,1.0937,1.0957,4614.22
coinbase,USDTUSDC,1678527480000,2023-03-11 09:38:00,1.0956,1.098,1.0956,1.098,4589.87
coinbase,USDTUSDC,1678527540000,2023-03-11 09:39:00,1.0977,1.0987,1.0977,1.0987,13349.68
coinbase,USDTUSDC,1678527600000,2023-03-11 09:40:00,1.0987,1.1,1.0987,1.0999,28871.11
coinbase,USDTUSDC,1678527660000,2023-03-11 09:41:00,1.0999,1.1086,1.0999,1.105,31625.51
coinbase,USDTUSDC,1678527720000,2023-03-11 09:42:00,1.1058,1.1087,1.1058,1.1082,11842.44
coinbase,USDTUSDC,1678527780000,2023-03-11 09:43:00,1.1081,1.1083,1.1063,1.1082,30537.6
coinbase,USDTUSDC,1678527840000,2023-03-11 09:44:00,1.1081,1.1087,1.1081,1.1082,9630.5
coinbase,USDTUSDC,1678527900000,2023-03-11 09:45:00,1.109,1.1092,1.1081,1.1092,8214.89
coinbase,USDTUSDC,1678527960000,2023-03-11 09:46:00,1.1082,1.11,1.1081,1.11,22215.66
coinbase,USDTUSDC,1678528020000,2023-03-11 09:47:00,1.11,1.11,1.1081,1.1081,12470.52
coinbase,USDTUSDC,1678528080000,2023-03-11 09:48:00,1.1082,1.1083,1.1062,1.1062,13874.54
coinbase,USDTUSDC,1678528140000,2023-03-11 09:49:00,1.1063,1.1063,1.1034,1.1034,5842.8
coinbase,USDTUSDC,1678528200000,2023-03-11 09:50:00,1.1033,1.1033,1.1023,1.1025,3021.23
coinbase,USDTUSDC,1678528260000,2023-03-11 09:51:00,1.1025,1.1025,1.0996,1.1002,3338.65
coinbase,USDTUSDC,1678528320000,2023-03-11 09:52:00,1.1002,1.1002,1.1,1.1,2057.24
coinbase,USDTUSDC,1678528380000,2023-03-11 09:53:00,1.1,1.1,1.0999,1.0999,1859.84
coinbase,USDTUSDC,1678528440000,2023-03-11 09:54:00,1.0999,1.0999,1.0996,1.0999,4371.04
coinbase,USDTUSDC,1678528500000,2023-03-11 09:55:00,1.0996,1.0996,1.0995,1.0995,9791.62
coinbase,USDTUSDC,1678528560000,2023-03-11 09:56:00,1.0995,1.0995,1.0995,1.0995,16209.05
coinbase,USDTUSDC,1678528620000,2023-03-11 09:57:00,1.0995,1.0995,1.0995,1.0995,26556.04
coinbase,USDTUSDC,1678528680000,2023-03-11 09:58:00,1.0995,1.1023,1.0995,1.1018,66329.83
coinbase,USDTUSDC,1678528740000,2023-03-11 09:59:00,1.1018,1.1029,1.1018,1.1029,10880.82
coinbase,USDTUSDC,1678528800000,2023-03-11 10:00:00,1.1025,1.104,1.1025,1.104,9316.38
coinbase,USDTUSDC,1678528860000,2023-03-11 10:01:00,1.104,1.1051,1.1022,1.1022,13868.14
coinbase,USDTUSDC,1678528920000,2023-03-11 10:02:00,1.1022,1.1022,1.1022,1.1022,13556.45
coinbase,USDTUSDC,1678528980000,2023-03-11 10:03:00,1.1022,1.1022,1.1022,1.1022,14192.84
coinbase,USDTUSDC,1678529040000,2023-03-11 10:04:00,1.1022,1.1022,1.1021,1.1022,9499.91
coinbase,USDTUSDC,1678529100000,2023-03-11 10:05:00,1.1022,1.1022,1.1021,1.1022,5832.77
coinbase,USDTUSDC,1678529160000,2023-03-11 10:06:00,1.1022,1.1022,1.1021,1.1022,7972.76
coinbase,USDTUSDC,1678529220000,2023-03-11 10:07:00,1.1022,1.1022,1.1021,1.1022,6206.68
coinbase,USDTUSDC,1678529280000,2023-03-11 10:08:00,1.1022,1.1022,1.1022,1.1022,9709.83
coinbase,USDTUSDC,1678529340000,2023-03-11 10:09:00,1.1022,1.1031,1.1021,1.1021,22601.67
coinbase,USDTUSDC,1678529400000,2023-03-11 10:10:00,1.1021,1.1021,1.102,1.1021,10827.29
coinbase,USDTUSDC,1678529460000,2023-03-11 10:11:00,1.1021,1.105,1.102,1.105,8509.4
coinbase,USDTUSDC,1678529520000,2023-03-11 10:12:00,1.105,1.105,1.1049,1.105,3597.93
coinbase,USDTUSDC,1678529580000,2023-03-11 10:13:00,1.105,1.105,1.1049,1.105,5960.56
coinbase,USDTUSDC,1678529640000,2023-03-11 10:14:00,1.1049,1.1059,1.1037,1.1037,11680.63
coinbase,USDTUSDC,1678529700000,2023-03-11 10:15:00,1.1037,1.1046,1.1037,1.1046,13776.5
coinbase,USDTUSDC,1678529760000,2023-03-11 10:16:00,1.1046,1.1046,1.1042,1.1042,9090.2
coinbase,USDTUSDC,1678529820000,2023-03-11 10:17:00,1.1045,1.1046,1.1045,1.1046,4482.55
coinbase,USDTUSDC,1678529880000,2023-03-11 10:18:00,1.1046,1.1047,1.1045,1.1047,6962.32
coinbase,USDTUSDC,1678529940000,2023-03-11 10:19:00,1.1047,1.1047,1.1047,1.1047,6639.63
coinbase,USDTUSDC,1678530000000,2023-03-11 10:20:00,1.1047,1.1047,1.1047,1.1047,5188.18
coinbase,USDTUSDC,1678530060000,2023-03-11 10:21:00,1.1047,1.1047,1.1047,1.1047,5351.02
coinbase,USDTUSDC,1678530120000,2023-03-11 10:22:00,1.1047,1.1047,1.1046,1.1046,5998.93
coinbase,USDTUSDC,1678530180000,2023-03-11 10:23:00,1.1046,1.1047,1.1045,1.1045,2840.44
coinbase,USDTUSDC,1678530240000,2023-03-11 10:24:00,1.1045,1.1047,1.104,1.1041,5643.05
coinbase,USDTUSDC,1678530300000,2023-03-11 10:25:00,1.1043,1.1043,1.1043,1.1043,2850
coinbase,USDTUSDC,1678530360000,2023-03-11 10:26:00,1.1043,1.1043,1.1043,1.1043,5700
coinbase,USDTUSDC,1678530420000,2023-03-11 10:27:00,1.1043,1.1047,1.104,1.1047,15427.27
coinbase,USDTUSDC,1678530480000,2023-03-11 10:28:00,1.1046,1.1047,1.1046,1.1047,8594.99
coinbase,USDTUSDC,1678530540000,2023-03-11 10:29:00,1.1046,1.1047,1.1032,1.1044,16697.4
coinbase,USDTUSDC,1678530600000,2023-03-11 10:30:00,1.1036,1.1036,1.1018,1.1018,52131.56
coinbase,USDTUSDC,1678530660000,2023-03-11 10:31:00,1.1018,1.1018,1.1018,1.1018,30385.81
coinbase,USDTUSDC,1678530720000,2023-03-11 10:32:00,1.1018,1.103,1.1018,1.103,8143.65
coinbase,USDTUSDC,1678530780000,2023-03-11 10:33:00,1.1034,1.1038,1.1034,1.1034,1092.98
coinbase,USDTUSDC,1678530900000,2023-03-11 10:35:00,1.1038,1.1038,1.1037,1.1037,1893.65
coinbase,USDTUSDC,1678530960000,2023-03-11 10:36:00,1.1037,1.1037,1.1037,1.1037,4836.61
coinbase,USDTUSDC,1678531020000,2023-03-11 10:37:00,1.1037,1.1037,1.1036,1.1037,5749.51
coinbase,USDTUSDC,1678531080000,2023-03-11 10:38:00,1.1037,1.1045,1.1037,1.1043,25116.06
coinbase,USDTUSDC,1678531140000,2023-03-11 10:39:00,1.1042,1.107,1.1034,1.1043,42217.22
coinbase,USDTUSDC,1678531200000,2023-03-11 10:40:00,1.1043,1.1102,1.104,1.1062,35971.38
coinbase,USDTUSDC,1678531260000,2023-03-11 10:41:00,1.1071,1.1071,1.1037,1.1037,22238.01
coinbase,USDTUSDC,1678531320000,2023-03-11 10:42:00,1.1036,1.1059,1.1036,1.1046,11430.8
coinbase,USDTUSDC,1678531380000,2023-03-11 10:43:00,1.1046,1.105,1.1046,1.105,5401.92
coinbase,USDTUSDC,1678531440000,2023-03-11 10:44:00,1.105,1.105,1.1048,1.105,35300.47
coinbase,USDTUSDC,1678531500000,2023-03-11 10:45:00,1.105,1.1054,1.1049,1.1049,12116.26
coinbase,USDTUSDC,1678531560000,2023-03-11 10:46:00,1.105,1.1054,1.1049,1.1053,12332.24
coinbase,USDTUSDC,1678531620000,2023-03-11 10:47:00,1.1049,1.1054,1.1049,1.1054,9678.06
coinbase,USDTUSDC,1678531680000,2023-03-11 10:48:00,1.1054,1.1054,1.1049,1.1054,7290.69
coinbase,USDTUSDC,1678531740000,2023-03-11 10:49:00,1.1054,1.1059,1.1054,1.1059,10676.6
coinbase,USDTUSDC,1678531800000,2023-03-11 10:50:00,1.1085,1.109,1.1066,1.1066,159.7
coinbase,USDTUSDC,1678531860000,2023-03-11 10:51:00,1.1087,1.1087,1.1087,1.1087,1684.86
coinbase,USDTUSDC,1678531920000,2023-03-11 10:52:00,1.1087,1.1087,1.107,1.1075,4585
coinbase,USDTUSDC,1678532040000,2023-03-11 10:54:00,1.1075,1.1095,1.1075,1.1095,2837.88
coinbase,USDTUSDC,1678532100000,2023-03-11 10:55:00,1.1095,1.1096,1.1077,1.1083,3037.22
coinbase,USDTUSDC,1678532160000,2023-03-11 10:56:00,1.1083,1.1124,1.1083,1.1124,5539.78
coinbase,USDTUSDC,1678532220000,2023-03-11 10:57:00,1.1091,1.1127,1.1091,1.1123,2701.18
coinbase,USDTUSDC,1678532340000,2023-03-11 10:59:00,1.1121,1.1125,1.1104,1.1105,2754.67
coinbase,USDTUSDC,1678532520000,2023-03-11 11:02:00,1.1128,1.115,1.1128,1.115,2028.86
coinbase,USDTUSDC,1678532640000,2023-03-11 11:04:00,1.1151,1.1151,1.1151,1.1151,190
coinbase,USDTUSDC,1678532700000,2023-03-11 11:05:00,1.115,1.115,1.1141,1.1144,2684.97
coinbase,USDTUSDC,1678532820000,2023-03-11 11:07:00,1.1144,1.1145,1.1144,1.1145,1086.97
coinbase,USDTUSDC,1678532880000,2023-03-11 11:08:00,1.1146,1.1182,1.1146,1.1182,7769.43
coinbase,USDTUSDC,1678532940000,2023-03-11 11:09:00,1.1182,1.1183,1.1182,1.1182,6154.57
coinbase,USDTUSDC,1678533000000,2023-03-11 11:10:00,1.1182,1.1185,1.1165,1.117,3628.9
coinbase,USDTUSDC,1678533060000,2023-03-11 11:11:00,1.117,1.117,1.117,1.117,4358.89
coinbase,USDTUSDC,1678533120000,2023-03-11 11:12:00,1.117,1.117,1.117,1.117,922.84
coinbase,USDTUSDC,1678533180000,2023-03-11 11:13:00,1.1166,1.1193,1.1166,1.1193,120.4
coinbase,USDTUSDC,1678533300000,2023-03-11 11:15:00,1.1165,1.1193,1.1165,1.1169,3395.8
coinbase,USDTUSDC,1678533360000,2023-03-11 11:16:00,1.1169,1.1194,1.1164,1.1164,3923.1
coinbase,USDTUSDC,1678533420000,2023-03-11 11:17:00,1.1164,1.1178,1.1134,1.1135,9870.59
coinbase,USDTUSDC,1678533480000,2023-03-11 11:18:00,1.1135,1.1153,1.1135,1.1135,8554.74
coinbase,USDTUSDC,1678533540000,2023-03-11 11:19:00,1.1135,1.115,1.111,1.1111,13621.43
coinbase,USDTUSDC,1678533600000,2023-03-11 11:20:00,1.111,1.111,1.1105,1.1105,5028.27
coinbase,USDTUSDC,1678533660000,2023-03-11 11:21:00,1.1105,1.1147,1.1102,1.1107,5955.04
coinbase,USDTUSDC,1678533720000,2023-03-11 11:22:00,1.1104,1.1104,1.1101,1.1103,6581.89
coinbase,USDTUSDC,1678533780000,2023-03-11 11:23:00,1.1101,1.1143,1.1101,1.1107,7271.08
coinbase,USDTUSDC,1678533840000,2023-03-11 11:24:00,1.1108,1.1142,1.1108,1.1118,11408.65
coinbase,USDTUSDC,1678533900000,2023-03-11 11:25:00,1.1118,1.1118,1.107,1.1115,5839.59
coinbase,USDTUSDC,1678533960000,2023-03-11 11:26:00,1.1109,1.111,1.1109,1.111,2819.23
coinbase,USDTUSDC,1678534020000,2023-03-11 11:27:00,1.1126,1.1135,1.1113,1.1124,5819.48
coinbase,USDTUSDC,1678534140000,2023-03-11 11:29:00,1.1124,1.1124,1.1124,1.1124,4299.37
coinbase,USDTUSDC,1678534200000,2023-03-11 11:30:00,1.1122,1.1137,1.1122,1.1125,7693.83
coinbase,USDTUSDC,1678534260000,2023-03-11 11:31:00,1.112,1.113,1.1119,1.1119,9623.04
coinbase,USDTUSDC,1678534320000,2023-03-11 11:32:00,1.1119,1.1119,1.105,1.11,9629.62
coinbase,USDTUSDC,1678534380000,2023-03-11 11:33:00,1.11,1.11,1.1087,1.1087,2229.85
coinbase,USDTUSDC,1678534440000,2023-03-11 11:34:00,1.1099,1.11,1.1087,1.1098,1586.94
coinbase,USDTUSDC,1678534500000,2023-03-11 11:35:00,1.1087,1.1087,1.1086,1.1086,2043.48
coinbase,USDTUSDC,1678534620000,2023-03-11 11:37:00,1.109,1.1098,1.1085,1.1095,4533.23
coinbase,USDTUSDC,1678534680000,2023-03-11 11:38:00,1.1085,1.1091,1.1081,1.1091,2248.3
coinbase,USDTUSDC,1678534740000,2023-03-11 11:39:00,1.1094,1.1097,1.1087,1.1097,3837.5
coinbase,USDTUSDC,1678534800000,2023-03-11 11:40:00,1.1097,1.11,1.1096,1.11,1650.66
coinbase,USDTUSDC,1678534860000,2023-03-11 11:41:00,1.1098,1.11,1.1097,1.11,4527.34
coinbase,USDTUSDC,1678534920000,2023-03-11 11:42:00,1.1088,1.1095,1.1088,1.1095,2518.54
coinbase,USDTUSDC,1678534980000,2023-03-11 11:43:00,1.1087,1.1098,1.1082,1.1082,4951.36
coinbase,USDTUSDC,1678535040000,2023-03-11 11:44:00,1.1082,1.1083,1.1067,1.1078,5810.25
coinbase,USDTUSDC,1678535100000,2023-03-11 11:45:00,1.1068,1.1082,1.1058,1.1062,7774.45
coinbase,USDTUSDC,1678535160000,2023-03-11 11:46:00,1.1058,1.1072,1.1048,1.1048,8474.52
coinbase,USDTUSDC,1678535220000,2023-03-11 11:47:00,1.1048,1.1073,1.103,1.1061,13529.76
coinbase,USDTUSDC,1678535280000,2023-03-11 11:48:00,1.1058,1.1058,1.1021,1.1055,1519.25
coinbase,USDTUSDC,1678535340000,2023-03-11 11:49:00,1.1054,1.106,1.1025,1.1059,1957.87
coinbase,USDTUSDC,1678535460000,2023-03-11 11:51:00,1.1059,1.106,1.1059,1.106,1919.02
coinbase,USDTUSDC,1678535520000,2023-03-11 11:52:00,1.106,1.1079,1.1051,1.1079,31705.84
coinbase,USDTUSDC,1678535580000,2023-03-11 11:53:00,1.1058,1.1076,1.1058,1.1076,2043.59
coinbase,USDTUSDC,1678535640000,2023-03-11 11:54:00,1.1076,1.1083,1.1058,1.1058,3014.63
coinbase,USDTUSDC,1678535700000,2023-03-11 11:55:00,1.1058,1.1059,1.1048,1.1048,14671.12
coinbase,USDTUSDC,1678535760000,2023-03-11 11:56:00,1.1083,1.1089,1.1048,1.1048,9205.78
coinbase,USDTUSDC,1678535820000,2023-03-11 11:57:00,1.1049,1.105,1.1048,1.1048,8802.19
coinbase,USDTUSDC,1678535880000,2023-03-11 11:58:00,1.1066,1.1066,1.1048,1.1048,14269.73
coinbase,USDTUSDC,1678535940000,2023-03-11 11:59:00,1.1049,1.1061,1.1048,1.1052,17928.48
coinbase,USDTUSDC,1678536000000,2023-03-11 12:00:00,1.1048,1.1048,1.103,1.1046,8688.67
coinbase,USDTUSDC,1678536060000,2023-03-11 12:01:00,1.1046,1.1046,1.1038,1.1038,1954.75
coinbase,USDTUSDC,1678536120000,2023-03-11 12:02:00,1.1035,1.1047,1.1035,1.1047,3571.66
coinbase,USDTUSDC,1678536180000,2023-03-11 12:03:00,1.1031,1.1048,1.1022,1.1036,3519.32
coinbase,USDTUSDC,1678536240000,2023-03-11 12:04:00,1.1022,1.1038,1.1018,1.1018,7120
coinbase,USDTUSDC,1678536300000,2023-03-11 12:05:00,1.1036,1.1051,1.1036,1.1051,3193.17
coinbase,USDTUSDC,1678536360000,2023-03-11 12:06:00,1.1051,1.1051,1.1018,1.1037,915.08
coinbase,USDTUSDC,1678536420000,2023-03-11 12:07:00,1.1037,1.1052,1.1018,1.1039,3155.04
coinbase,USDTUSDC,1678536480000,2023-03-11 12:08:00,1.1018,1.1018,1.101,1.101,2088
coinbase,USDTUSDC,1678536600000,2023-03-11 12:10:00,1.101,1.1013,1.1005,1.1013,1211.63
coinbase,USDTUSDC,1678536660000,2023-03-11 12:11:00,1.1005,1.1012,1.0996,1.0996,10380.41
coinbase,USDTUSDC,1678536720000,2023-03-11 12:12:00,1.0996,1.0996,1.099,1.099,6003.65
coinbase,USDTUSDC,1678536780000,2023-03-11 12:13:00,1.0989,1.0989,1.0988,1.0988,1449.46
coinbase,USDTUSDC,1678536840000,2023-03-11 12:14:00,1.0988,1.0988,1.0979,1.0979,1854.67
coinbase,USDTUSDC,1678536900000,2023-03-11 12:15:00,1.1001,1.1001,1.0964,1.0964,2704.44
coinbase,USDTUSDC,1678536960000,2023-03-11 12:16:00,1.0994,1.0994,1.0937,1.0937,3050.8
coinbase,USDTUSDC,1678537020000,2023-03-11 12:17:00,1.0937,1.0983,1.0905,1.0905,5273.5
coinbase,USDTUSDC,1678537080000,2023-03-11 12:18:00,1.0957,1.0958,1.0957,1.0957,1016.97
coinbase,USDTUSDC,1678537140000,2023-03-11 12:19:00,1.095,1.095,1.0949,1.0949,553.89
coinbase,USDTUSDC,1678537260000,2023-03-11 12:21:00,1.0948,1.0948,1.092,1.092,960.14
coinbase,USDTUSDC,1678537320000,2023-03-11 12:22:00,1.095,1.095,1.0926,1.0926,354.82
coinbase,USDTUSDC,1678537380000,2023-03-11 12:23:00,1.0918,1.0945,1.0892,1.0945,3700.4
coinbase,USDTUSDC,1678537440000,2023-03-11 12:24:00,1.0893,1.0945,1.0885,1.0918,2846.69
coinbase,USDTUSDC,1678537560000,2023-03-11 12:26:00,1.09,1.09,1.09,1.09,1000
coinbase,USDTUSDC,1678537620000,2023-03-11 12:27:00,1.0885,1.0885,1.0814,1.085,25874.57
coinbase,USDTUSDC,1678537680000,2023-03-11 12:28:00,1.085,1.085,1.0818,1.085,8747.06
coinbase,USDTUSDC,1678537740000,2023-03-11 12:29:00,1.085,1.085,1.085,1.085,2545.05
coinbase,USDTUSDC,1678537800000,2023-03-11 12:30:00,1.085,1.085,1.0833,1.0833,1127.57
coinbase,USDTUSDC,1678537860000,2023-03-11 12:31:00,1.0833,1.0833,1.0813,1.0833,1234.26
coinbase,USDTUSDC,1678537920000,2023-03-11 12:32:00,1.0833,1.0883,1.082,1.082,9293.68
coinbase,USDTUSDC,1678537980000,2023-03-11 12:33:00,1.082,1.0903,1.082,1.089,23458.33
coinbase,USDTUSDC,1678538100000,2023-03-11 12:35:00,1.089,1.0903,1.089,1.0903,20944.79
coinbase,USDTUSDC,1678538160000,2023-03-11 12:36:00,1.0916,1.0939,1.0908,1.0939,2925.3
coinbase,USDTUSDC,1678538220000,2023-03-11 12:37:00,1.0942,1.0942,1.0916,1.0916,779.73
coinbase,USDTUSDC,1678538280000,2023-03-11 12:38:00,1.0916,1.0916,1.0896,1.0896,1988.51
coinbase,USDTUSDC,1678538340000,2023-03-11 12:39:00,1.0929,1.0958,1.0916,1.0916,33444.04
coinbase,USDTUSDC,1678538400000,2023-03-11 12:40:00,1.0916,1.0958,1.0903,1.0916,11857.09
coinbase,USDTUSDC,1678538460000,2023-03-11 12:41:00,1.0916,1.0936,1.0904,1.0933,4785.68
coinbase,USDTUSDC,1678538520000,2023-03-11 12:42:00,1.0936,1.0952,1.0903,1.0903,32197.25
coinbase,USDTUSDC,1678538580000,2023-03-11 12:43:00,1.0983,1.1013,1.0983,1.1013,19083
coinbase,USDTUSDC,1678538640000,2023-03-11 12:44:00,1.0992,1.104,1.0992,1.104,7025.15
coinbase,USDTUSDC,1678538700000,2023-03-11 12:45:00,1.0992,1.1052,1.0992,1.1022,12667.35
coinbase,USDTUSDC,1678538760000,2023-03-11 12:46:00,1.1049,1.1052,1.1018,1.1018,13447.97
coinbase,USDTUSDC,1678538820000,2023-03-11 12:47:00,1.104,1.1044,1.1031,1.1044,6817.5
coinbase,USDTUSDC,1678538880000,2023-03-11 12:48:00,1.1031,1.1034,1.0944,1.0944,11075.27
coinbase,USDTUSDC,1678538940000,2023-03-11 12:49:00,1.0945,1.1041,1.0944,1.0944,2003.56
coinbase,USDTUSDC,1678539000000,2023-03-11 12:50:00,1.0945,1.0953,1.0944,1.0953,10857.65
coinbase,USDTUSDC,1678539060000,2023-03-11 12:51:00,1.0944,1.097,1.0936,1.097,20356.27
coinbase,USDTUSDC,1678539120000,2023-03-11 12:52:00,1.0946,1.097,1.0946,1.0966,12301.96
coinbase,USDTUSDC,1678539180000,2023-03-11 12:53:00,1.0958,1.0967,1.0945,1.0958,11343.67
coinbase,USDTUSDC,1678539240000,2023-03-11 12:54:00,1.0958,1.0964,1.0952,1.0955,11127.59
coinbase,USDTUSDC,1678539300000,2023-03-11 12:55:00,1.0956,1.0967,1.0954,1.0957,8177.81
coinbase,USDTUSDC,1678539360000,2023-03-11 12:56:00,1.0957,1.0967,1.0947,1.0947,11213.45
coinbase,USDTUSDC,1678539420000,2023-03-11 12:57:00,1.0947,1.0947,1.0936,1.0936,20917.25
coinbase,USDTUSDC,1678539540000,2023-03-11 12:59:00,1.0935,1.0935,1.0932,1.0935,1430.39
coinbase,USDTUSDC,1678539600000,2023-03-11 13:00:00,1.0935,1.0962,1.09,1.09,86837.63
coinbase,USDTUSDC,1678539720000,2023-03-11 13:02:00,1.09,1.0957,1.09,1.0957,443.93
coinbase,USDTUSDC,1678539780000,2023-03-11 13:03:00,1.0956,1.0968,1.0956,1.0968,3299.64
coinbase,USDTUSDC,1678539840000,2023-03-11 13:04:00,1.0952,1.0952,1.0952,1.0952,12627.03
coinbase,USDTUSDC,1678539900000,2023-03-11 13:05:00,1.0952,1.0981,1.0946,1.098,7461.67
coinbase,USDTUSDC,1678539960000,2023-03-11 13:06:00,1.098,1.099,1.0966,1.0987,6054.05
coinbase,USDTUSDC,1678540080000,2023-03-11 13:08:00,1.0978,1.0978,1.097,1.097,43890.78
coinbase,USDTUSDC,1678540140000,2023-03-11 13:09:00,1.097,1.0987,1.097,1.097,17218.03
coinbase,USDTUSDC,1678540200000,2023-03-11 13:10:00,1.097,1.1015,1.0961,1.1015,53937.13
coinbase,USDTUSDC,1678540260000,2023-03-11 13:11:00,1.1018,1.1018,1.1004,1.1004,1055.79
coinbase,USDTUSDC,1678540320000,2023-03-11 13:12:00,1.099,1.099,1.098,1.098,1901.26
coinbase,USDTUSDC,1678540440000,2023-03-11 13:14:00,1.1008,1.1008,1.1,1.1005,3984.95
coinbase,USDTUSDC,1678540560000,2023-03-11 13:16:00,1.1017,1.102,1.1005,1.1005,5885.74
coinbase,USDTUSDC,1678540620000,2023-03-11 13:17:00,1.1005,1.1005,1.1005,1.1005,3212.58
coinbase,USDTUSDC,1678540680000,2023-03-11 13:18:00,1.1005,1.1015,1.1005,1.1015,681.5
coinbase,USDTUSDC,1678540740000,2023-03-11 13:19:00,1.1015,1.1016,1.1015,1.1016,400.54
coinbase,USDTUSDC,1678540800000,2023-03-11 13:20:00,1.1005,1.1005,1.0991,1.1,1165.39
coinbase,USDTUSDC,1678540920000,2023-03-11 13:22:00,1.0999,1.0999,1.098,1.0981,2342.2
coinbase,USDTUSDC,1678540980000,2023-03-11 13:23:00,1.0981,1.0981,1.0969,1.0969,1830.42
coinbase,USDTUSDC,1678541040000,2023-03-11 13:24:00,1.0969,1.0997,1.0969,1.0997,4697.86
coinbase,USDTUSDC,1678541100000,2023-03-11 13:25:00,1.0982,1.0982,1.0982,1.0982,50.01
coinbase,USDTUSDC,1678541160000,2023-03-11 13:26:00,1.099,1.099,1.0981,1.0981,1918.79
coinbase,USDTUSDC,1678541220000,2023-03-11 13:27:00,1.0981,1.0984,1.0981,1.0984,1134.53
coinbase,USDTUSDC,1678541280000,2023-03-11 13:28:00,1.0974,1.0974,1.0973,1.0973,771.18
coinbase,USDTUSDC,1678541340000,2023-03-11 13:29:00,1.098,1.0984,1.0972,1.0972,10757.98
coinbase,USDTUSDC,1678541400000,2023-03-11 13:30:00,1.0971,1.0984,1.0971,1.0984,3095.52
coinbase,USDTUSDC,1678541460000,2023-03-11 13:31:00,1.0983,1.099,1.0983,1.0986,2010.35
coinbase,USDTUSDC,1678541520000,2023-03-11 13:32:00,1.0989,1.099,1.0988,1.0988,1050.12
coinbase,USDTUSDC,1678541640000,2023-03-11 13:34:00,1.099,1.099,1.0989,1.099,13316.26
coinbase,USDTUSDC,1678541700000,2023-03-11 13:35:00,1.099,1.099,1.0989,1.099,5549.73
coinbase,USDTUSDC,1678541760000,2023-03-11 13:36:00,1.099,1.1001,1.099,1.1001,51919.57
coinbase,USDTUSDC,1678541880000,2023-03-11 13:38:00,1.1003,1.1009,1.1001,1.1009,2487.06
coinbase,USDTUSDC,1678542000000,2023-03-11 13:40:00,1.1005,1.1011,1.1005,1.101,1906.38
coinbase,USDTUSDC,1678542060000,2023-03-11 13:41:00,1.1011,1.1014,1.101,1.101,1901.04
coinbase,USDTUSDC,1678542180000,2023-03-11 13:43:00,1.1011,1.1014,1.101,1.1013,1895.95
coinbase,USDTUSDC,1678542240000,2023-03-11 13:44:00,1.101,1.11,1.101,1.11,179555.3
coinbase,USDTUSDC,1678542300000,2023-03-11 13:45:00,1.11,1.1101,1.11,1.1101,35083.54
coinbase,USDTUSDC,1678542360000,2023-03-11 13:46:00,1.1101,1.1102,1.11,1.1102,31283.01
coinbase,USDTUSDC,1678542420000,2023-03-11 13:47:00,1.11,1.11,1.11,1.11,39423.61
coinbase,USDTUSDC,1678542480000,2023-03-11 13:48:00,1.11,1.11,1.11,1.11,46160.57
coinbase,USDTUSDC,1678542540000,2023-03-11 13:49:00,1.11,1.1102,1.11,1.11,29846.48
coinbase,USDTUSDC,1678542600000,2023-03-11 13:50:00,1.11,1.11,1.11,1.11,16764.06
coinbase,USDTUSDC,1678542660000,2023-03-11 13:51:00,1.11,1.1101,1.11,1.1101,13997.18
coinbase,USDTUSDC,1678542720000,2023-03-11 13:52:00,1.1101,1.1102,1.11,1.11,61702.1
coinbase,USDTUSDC,1678542780000,2023-03-11 13:53:00,1.11,1.1102,1.11,1.11,34189.34
coinbase,USDTUSDC,1678542840000,2023-03-11 13:54:00,1.11,1.11,1.11,1.11,6743.19
coinbase,USDTUSDC,1678542900000,2023-03-11 13:55:00,1.11,1.1104,1.11,1.11,13502.72
coinbase,USDTUSDC,1678542960000,2023-03-11 13:56:00,1.11,1.1105,1.11,1.1103,20799.54
coinbase,USDTUSDC,1678543020000,2023-03-11 13:57:00,1.1103,1.1105,1.11,1.11,20805.37
coinbase,USDTUSDC,1678543080000,2023-03-11 13:58:00,1.11,1.1104,1.11,1.1104,10425.47
coinbase,USDTUSDC,1678543140000,2023-03-11 13:59:00,1.11,1.11,1.11,1.11,14975.39
coinbase,USDTUSDC,1678543200000,2023-03-11 14:00:00,1.11,1.1101,1.11,1.1101,6386.42
coinbase,USDTUSDC,1678507200000,2023-03-11 04:00:00,1.07,1.07,1.07,1.07,3407.96
coinbase,USDTUSDC,1678507260000,2023-03-11 04:01:00,1.07,1.0777,1.0695,1.0695,3056.17
coinbase,USDTUSDC,1678507320000,2023-03-11 04:02:00,1.0695,1.0777,1.0695,1.0775,8047.51
coinbase,USDTUSDC,1678507380000,2023-03-11 04:03:00,1.0775,1.0777,1.0704,1.0704,4357.49
coinbase,USDTUSDC,1678507440000,2023-03-11 04:04:00,1.0704,1.08,1.0704,1.075,6084.6
coinbase,USDTUSDC,1678507620000,2023-03-11 04:07:00,1.075,1.075,1.0728,1.075,983.57
coinbase,USDTUSDC,1678507680000,2023-03-11 04:08:00,1.075,1.08,1.075,1.08,2585.95
coinbase,USDTUSDC,1678507740000,2023-03-11 04:09:00,1.08,1.08,1.08,1.08,1068.35
coinbase,USDTUSDC,1678507800000,2023-03-11 04:10:00,1.0782,1.0782,1.077,1.077,2785.24
coinbase,USDTUSDC,1678507860000,2023-03-11 04:11:00,1.077,1.077,1.0768,1.0768,5013.19
coinbase,USDTUSDC,1678507920000,2023-03-11 04:12:00,1.0769,1.0769,1.0768,1.0769,2991.95
coinbase,USDTUSDC,1678507980000,2023-03-11 04:13:00,1.0769,1.077,1.0769,1.077,9351.19
coinbase,USDTUSDC,1678508040000,2023-03-11 04:14:00,1.0769,1.077,1.0769,1.077,9517.82
coinbase,USDTUSDC,1678508100000,2023-03-11 04:15:00,1.077,1.0792,1.077,1.0785,8159.18
coinbase,USDTUSDC,1678508160000,2023-03-11 04:16:00,1.0785,1.0785,1.0785,1.0785,7203.94
coinbase,USDTUSDC,1678508220000,2023-03-11 04:17:00,1.0792,1.0796,1.0792,1.0796,2009.92
coinbase,USDTUSDC,1678508280000,2023-03-11 04:18:00,1.0796,1.0797,1.0792,1.0792,11389.29
coinbase,USDTUSDC,1678508340000,2023-03-11 04:19:00,1.0792,1.0794,1.0792,1.0793,28910.23
coinbase,USDTUSDC,1678508400000,2023-03-11 04:20:00,1.0793,1.0801,1.0793,1.08,74859.96
coinbase,USDTUSDC,1678508460000,2023-03-11 04:21:00,1.08,1.0801,1.08,1.08,9022.21
coinbase,USDTUSDC,1678508520000,2023-03-11 04:22:00,1.08,1.0801,1.08,1.08,24610.54
coinbase,USDTUSDC,1678508580000,2023-03-11 04:23:00,1.08,1.0801,1.08,1.08,37945.54
coinbase,USDTUSDC,1678508640000,2023-03-11 04:24:00,1.08,1.081,1.0793,1.0793,47080.7
coinbase,USDTUSDC,1678508700000,2023-03-11 04:25:00,1.0793,1.0851,1.0785,1.0801,84938.42
coinbase,USDTUSDC,1678508760000,2023-03-11 04:26:00,1.0801,1.091,1.08,1.08,17103.87
coinbase,USDTUSDC,1678508820000,2023-03-11 04:27:00,1.08,1.097,1.08,1.0801,20883.41
coinbase,USDTUSDC,1678508880000,2023-03-11 04:28:00,1.0802,1.0884,1.08,1.0805,11780.72
coinbase,USDTUSDC,1678508940000,2023-03-11 04:29:00,1.0807,1.09,1.0806,1.09,16931.42
coinbase,USDTUSDC,1678509000000,2023-03-11 04:30:00,1.09,1.09,1.0806,1.09,8499.88
coinbase,USDTUSDC,1678509060000,2023-03-11 04:31:00,1.09,1.09,1.09,1.09,10340.59
coinbase,USDTUSDC,1678509120000,2023-03-11 04:32:00,1.09,1.09,1.09,1.09,32087.29
coinbase,USDTUSDC,1678509180000,2023-03-11 04:33:00,1.09,1.09,1.08,1.0827,77859.35
coinbase,USDTUSDC,1678509240000,2023-03-11 04:34:00,1.08,1.0817,1.0785,1.0786,32340.3
coinbase,USDTUSDC,1678509300000,2023-03-11 04:35:00,1.0786,1.0786,1.0785,1.0785,26407.06
coinbase,USDTUSDC,1678509360000,2023-03-11 04:36:00,1.0785,1.0895,1.0785,1.0785,68835.18
coinbase,USDTUSDC,1678509420000,2023-03-11 04:37:00,1.0786,1.0901,1.0785,1.0786,20068.38
coinbase,USDTUSDC,1678509480000,2023-03-11 04:38:00,1.0786,1.0786,1.0785,1.0785,10529.66
coinbase,USDTUSDC,1678509540000,2023-03-11 04:39:00,1.0785,1.0785,1.0785,1.0785,12987.71
coinbase,USDTUSDC,1678509600000,2023-03-11 04:40:00,1.0785,1.0785,1.0785,1.0785,22626.37
coinbase,USDTUSDC,1678509660000,2023-03-11 04:41:00,1.0785,1.0785,1.0785,1.0785,9331.42
coinbase,USDTUSDC,1678509720000,2023-03-11 04:42:00,1.0785,1.0785,1.0785,1.0785,265159.75
coinbase,USDTUSDC,1678509780000,2023-03-11 04:43:00,1.0785,1.0787,1.0785,1.0785,24322.62
coinbase,USDTUSDC,1678509840000,2023-03-11 04:44:00,1.0785,1.0786,1.0785,1.0785,6274.52
coinbase,USDTUSDC,1678509900000,2023-03-11 04:45:00,1.0785,1.0786,1.0785,1.0785,18685.86
coinbase,USDTUSDC,1678509960000,2023-03-11 04:46:00,1.0785,1.0786,1.0785,1.0785,9447.66
coinbase,USDTUSDC,1678510020000,2023-03-11 04:47:00,1.0785,1.0786,1.0784,1.0784,28559.85
coinbase,USDTUSDC,1678510080000,2023-03-11 04:48:00,1.0782,1.0782,1.0674,1.0733,27203.34
coinbase,USDTUSDC,1678510140000,2023-03-11 04:49:00,1.0734,1.0734,1.0575,1.0674,7661.43
coinbase,USDTUSDC,1678510200000,2023-03-11 04:50:00,1.0574,1.065,1.0574,1.065,9529.91
coinbase,USDTUSDC,1678510260000,2023-03-11 04:51:00,1.0649,1.0649,1.0574,1.0615,4855.15
coinbase,USDTUSDC,1678510320000,2023-03-11 04:52:00,1.0582,1.065,1.0582,1.0648,5775.85
coinbase,USDTUSDC,1678510380000,2023-03-11 04:53:00,1.0618,1.0649,1.0617,1.0617,13135.78
coinbase,USDTUSDC,1678510440000,2023-03-11 04:54:00,1.0617,1.0617,1.06,1.06,1772.39
coinbase,USDTUSDC,1678510500000,2023-03-11 04:55:00,1.06,1.06,1.0581,1.06,17708.43
coinbase,USDTUSDC,1678510620000,2023-03-11 04:57:00,1.0604,1.062,1.0572,1.0572,2095.25
coinbase,USDTUSDC,1678510680000,2023-03-11 04:58:00,1.0621,1.0621,1.0619,1.0621,961.36
coinbase,USDTUSDC,1678510740000,2023-03-11 04:59:00,1.0621,1.0621,1.0621,1.0621,230.71
coinbase,USDTUSDC,1678510800000,2023-03-11 05:00:00,1.062,1.062,1.062,1.062,2531.13
coinbase,USDTUSDC,1678510860000,2023-03-11 05:01:00,1.0616,1.0649,1.0616,1.0648,4185.08
coinbase,USDTUSDC,1678510920000,2023-03-11 05:02:00,1.0649,1.0649,1.064,1.064,9829.32
coinbase,USDTUSDC,1678510980000,2023-03-11 05:03:00,1.064,1.064,1.0611,1.0625,24080
coinbase,USDTUSDC,1678511160000,2023-03-11 05:06:00,1.0625,1.0649,1.0625,1.0649,4200.62
coinbase,USDTUSDC,1678511220000,2023-03-11 05:07:00,1.0648,1.0648,1.0625,1.0625,1883.68
coinbase,USDTUSDC,1678511280000,2023-03-11 05:08:00,1.0625,1.0636,1.0625,1.0636,82.09
coinbase,USDTUSDC,1678511340000,2023-03-11 05:09:00,1.0625,1.0625,1.0571,1.0571,20347.65
coinbase,USDTUSDC,1678511400000,2023-03-11 05:10:00,1.0605,1.0605,1.0547,1.055,29407.52
coinbase,USDTUSDC,1678511460000,2023-03-11 05:11:00,1.055,1.055,1.0544,1.0545,20016.83
coinbase,USDTUSDC,1678511520000,2023-03-11 05:12:00,1.0545,1.0547,1.054,1.0547,62369.23
coinbase,USDTUSDC,1678511580000,2023-03-11 05:13:00,1.0547,1.0547,1.054,1.0544,60592.63
coinbase,USDTUSDC,1678511640000,2023-03-11 05:14:00,1.0544,1.0547,1.054,1.0547,58465.88
coinbase,USDTUSDC,1678511700000,2023-03-11 05:15:00,1.0547,1.0636,1.0544,1.06,7110.3
coinbase,USDTUSDC,1678511760000,2023-03-11 05:16:00,1.0594,1.0618,1.0594,1.0612,4206.42
coinbase,USDTUSDC,1678511820000,2023-03-11 05:17:00,1.0612,1.0612,1.0612,1.0612,5198.88
coinbase,USDTUSDC,1678511880000,2023-03-11 05:18:00,1.0606,1.064,1.0606,1.0617,20290.9
coinbase,USDTUSDC,1678511940000,2023-03-11 05:19:00,1.0639,1.0652,1.062,1.0648,5118.74
coinbase,USDTUSDC,1678512000000,2023-03-11 05:20:00,1.0643,1.0649,1.0643,1.0649,15029.14
coinbase,USDTUSDC,1678512060000,2023-03-11 05:21:00,1.0649,1.0649,1.0649,1.0649,5659.63
coinbase,USDTUSDC,1678512120000,2023-03-11 05:22:00,1.0649,1.0649,1.0643,1.0643,2829.84
coinbase,USDTUSDC,1678512180000,2023-03-11 05:23:00,1.0638,1.0641,1.0638,1.0638,11030.57
coinbase,USDTUSDC,1678512240000,2023-03-11 05:24:00,1.0638,1.0641,1.0638,1.0641,2457.61
coinbase,USDTUSDC,1678512300000,2023-03-11 05:25:00,1.0639,1.0641,1.0639,1.0641,3310.31
coinbase,USDTUSDC,1678512360000,2023-03-11 05:26:00,1.064,1.064,1.064,1.064,1324.27
coinbase,USDTUSDC,1678512420000,2023-03-11 05:27:00,1.0641,1.0641,1.0641,1.0641,3167.96
coinbase,USDTUSDC,1678512480000,2023-03-11 05:28:00,1.0641,1.0666,1.0641,1.0666,3454.88
coinbase,USDTUSDC,1678512540000,2023-03-11 05:29:00,1.0666,1.0669,1.0666,1.0667,5705.6
coinbase,USDTUSDC,1678512600000,2023-03-11 05:30:00,1.0667,1.0667,1.0665,1.0665,7353.83
coinbase,USDTUSDC,1678512660000,2023-03-11 05:31:00,1.0665,1.0665,1.0663,1.0663,1863.46
coinbase,USDTUSDC,1678512780000,2023-03-11 05:33:00,1.0664,1.0664,1.0663,1.0664,1823.86
coinbase,USDTUSDC,1678512840000,2023-03-11 05:34:00,1.0664,1.07,1.0662,1.07,47218.11
coinbase,USDTUSDC,1678512900000,2023-03-11 05:35:00,1.07,1.0765,1.07,1.0765,5970.65
coinbase,USDTUSDC,1678512960000,2023-03-11 05:36:00,1.0782,1.0795,1.0782,1.0794,32897.25
coinbase,USDTUSDC,1678513020000,2023-03-11 05:37:00,1.0795,1.0795,1.079,1.0795,22224.44
coinbase,USDTUSDC,1678513080000,2023-03-11 05:38:00,1.0795,1.0805,1.0795,1.08,2980.51
coinbase,USDTUSDC,1678513140000,2023-03-11 05:39:00,1.0805,1.0805,1.08,1.08,20029.88
coinbase,USDTUSDC,1678513200000,2023-03-11 05:40:00,1.0814,1.0814,1.0814,1.0814,1454.2
coinbase,USDTUSDC,1678513320000,2023-03-11 05:42:00,1.08,1.08,1.0662,1.0666,18429.33
coinbase,USDTUSDC,1678513380000,2023-03-11 05:43:00,1.0662,1.0814,1.0662,1.0814,2223.08
coinbase,USDTUSDC,1678513440000,2023-03-11 05:44:00,1.0814,1.0842,1.0706,1.0706,1072.52
coinbase,USDTUSDC,1678513500000,2023-03-11 05:45:00,1.0705,1.0705,1.0705,1.0705,2087.96
coinbase,USDTUSDC,1678513620000,2023-03-11 05:47:00,1.0705,1.0778,1.0705,1.0778,1995.87
coinbase,USDTUSDC,1678513680000,2023-03-11 05:48:00,1.074,1.074,1.0701,1.074,4205.82
coinbase,USDTUSDC,1678513740000,2023-03-11 05:49:00,1.074,1.074,1.074,1.074,1045.58
coinbase,USDTUSDC,1678513800000,2023-03-11 05:50:00,1.0733,1.074,1.0732,1.0737,1920.6
coinbase,USDTUSDC,1678513860000,2023-03-11 05:51:00,1.0739,1.0739,1.0738,1.0738,5948.99
coinbase,USDTUSDC,1678513920000,2023-03-11 05:52:00,1.0738,1.0738,1.0738,1.0738,1289.49
coinbase,USDTUSDC,1678513980000,2023-03-11 05:53:00,1.0738,1.0738,1.0737,1.0738,3130.36
coinbase,USDTUSDC,1678514040000,2023-03-11 05:54:00,1.073,1.073,1.073,1.073,715.16
coinbase,USDTUSDC,1678514100000,2023-03-11 05:55:00,1.073,1.073,1.0722,1.0722,5261.91
coinbase,USDTUSDC,1678514160000,2023-03-11 05:56:00,1.0722,1.0722,1.07,1.07,75201.73
coinbase,USDTUSDC,1678514220000,2023-03-11 05:57:00,1.0695,1.0696,1.0693,1.0693,5152.04
coinbase,USDTUSDC,1678514280000,2023-03-11 05:58:00,1.0692,1.0693,1.0685,1.0692,12393.95
coinbase,USDTUSDC,1678514340000,2023-03-11 05:59:00,1.0666,1.0693,1.0666,1.0689,7310.92
coinbase,USDTUSDC,1678514400000,2023-03-11 06:00:00,1.0685,1.0685,1.0682,1.0682,11180.63
coinbase,USDTUSDC,1678514520000,2023-03-11 06:02:00,1.0682,1.0693,1.0682,1.0693,11541.73
coinbase,USDTUSDC,1678514580000,2023-03-11 06:03:00,1.0693,1.0693,1.0693,1.0693,4172.68
coinbase,USDTUSDC,1678514640000,2023-03-11 06:04:00,1.0691,1.0691,1.0682,1.0687,2966.87
coinbase,USDTUSDC,1678514700000,2023-03-11 06:05:00,1.0687,1.0693,1.0687,1.0693,4365.68
coinbase,USDTUSDC,1678514760000,2023-03-11 06:06:00,1.0693,1.0798,1.0683,1.074,20423.59
coinbase,USDTUSDC,1678514820000,2023-03-11 06:07:00,1.0742,1.0799,1.0684,1.0742,4682.74
coinbase,USDTUSDC,1678514880000,2023-03-11 06:08:00,1.0742,1.0742,1.0728,1.0742,7804.81
coinbase,USDTUSDC,1678514940000,2023-03-11 06:09:00,1.0742,1.0742,1.0742,1.0742,4150.94
coinbase,USDTUSDC,1678515000000,2023-03-11 06:10:00,1.0742,1.0742,1.0739,1.074,14445.68
coinbase,USDTUSDC,1678515060000,2023-03-11 06:11:00,1.074,1.0795,1.074,1.0795,7280.2
coinbase,USDTUSDC,1678515120000,2023-03-11 06:12:00,1.0794,1.0795,1.0767,1.0795,7143.21
coinbase,USDTUSDC,1678515180000,2023-03-11 06:13:00,1.0795,1.0795,1.0794,1.0794,183.74
coinbase,USDTUSDC,1678515240000,2023-03-11 06:14:00,1.0795,1.0795,1.078,1.078,1068.76
coinbase,USDTUSDC,1678515360000,2023-03-11 06:16:00,1.0792,1.0792,1.0767,1.0767,2418.94
coinbase,USDTUSDC,1678515420000,2023-03-11 06:17:00,1.0779,1.0779,1.0767,1.0767,1426.9
coinbase,USDTUSDC,1678515480000,2023-03-11 06:18:00,1.0768,1.0785,1.0767,1.0783,6125.51
coinbase,USDTUSDC,1678515600000,2023-03-11 06:20:00,1.0779,1.0779,1.0778,1.0779,1090.24
coinbase,USDTUSDC,1678515660000,2023-03-11 06:21:00,1.0779,1.0779,1.0778,1.0779,146277.95
coinbase,USDTUSDC,1678515720000,2023-03-11 06:22:00,1.0779,1.0779,1.0779,1.0779,8291.32
coinbase,USDTUSDC,1678515780000,2023-03-11 06:23:00,1.0779,1.0779,1.0779,1.0779,8810.54
coinbase,USDTUSDC,1678515840000,2023-03-11 06:24:00,1.0778,1.0784,1.0778,1.0784,18541.38
coinbase,USDTUSDC,1678515900000,2023-03-11 06:25:00,1.0784,1.0784,1.0783,1.0783,10487.01
coinbase,USDTUSDC,1678515960000,2023-03-11 06:26:00,1.0783,1.0784,1.0783,1.0784,14537.55
coinbase,USDTUSDC,1678516020000,2023-03-11 06:27:00,1.0784,1.0792,1.0783,1.0792,27654.58
coinbase,USDTUSDC,1678516080000,2023-03-11 06:28:00,1.0792,1.0799,1.0789,1.0799,10736.18
coinbase,USDTUSDC,1678516140000,2023-03-11 06:29:00,1.0799,1.084,1.0799,1.0833,11140.89
coinbase,USDTUSDC,1678516200000,2023-03-11 06:30:00,1.0837,1.084,1.0815,1.0815,3102.17
coinbase,USDTUSDC,1678516260000,2023-03-11 06:31:00,1.0815,1.084,1.081,1.0821,10400.92
coinbase,USDTUSDC,1678516320000,2023-03-11 06:32:00,1.0821,1.087,1.0821,1.087,8840.62
coinbase,USDTUSDC,1678516380000,2023-03-11 06:33:00,1.0876,1.0883,1.0876,1.0876,14397.84
coinbase,USDTUSDC,1678516440000,2023-03-11 06:34:00,1.0859,1.0876,1.0859,1.0876,818.59
coinbase,USDTUSDC,1678516500000,2023-03-11 06:35:00,1.0876,1.0951,1.0876,1.0947,113093.52
coinbase,USDTUSDC,1678516560000,2023-03-11 06:36:00,1.0915,1.0928,1.0874,1.0922,47619.67
coinbase,USDTUSDC,1678516620000,2023-03-11 06:37:00,1.0922,1.096,1.0922,1.095,1282.71
coinbase,USDTUSDC,1678516680000,2023-03-11 06:38:00,1.0955,1.0955,1.095,1.0955,10821.52
coinbase,USDTUSDC,1678516800000,2023-03-11 06:40:00,1.0955,1.098,1.0955,1.098,14707.42
coinbase,USDTUSDC,1678516860000,2023-03-11 06:41:00,1.0979,1.0979,1.0977,1.0979,9808.6
coinbase,USDTUSDC,1678516920000,2023-03-11 06:42:00,1.0979,1.1,1.0979,1.1,3872.85
coinbase,USDTUSDC,1678516980000,2023-03-11 06:43:00,1.1,1.105,1.1,1.1016,2825.92
coinbase,USDTUSDC,1678517040000,2023-03-11 06:44:00,1.1016,1.1016,1.0998,1.1016,6975.6
coinbase,USDTUSDC,1678517100000,2023-03-11 06:45:00,1.1,1.1016,1.0973,1.0999,12086.81
coinbase,USDTUSDC,1678517160000,2023-03-11 06:46:00,1.1015,1.1016,1.1015,1.1016,2858.38
coinbase,USDTUSDC,1678517220000,2023-03-11 06:47:00,1.1016,1.1243,1.1016,1.124,47864.75
coinbase,USDTUSDC,1678517280000,2023-03-11 06:48:00,1.1239,1.138,1.1239,1.13,8578.86
coinbase,USDTUSDC,1678517340000,2023-03-11 06:49:00,1.1379,1.138,1.13,1.13,8584.6
coinbase,USDTUSDC,1678517400000,2023-03-11 06:50:00,1.13,1.13,1.1226,1.13,8010.45
coinbase,USDTUSDC,1678517460000,2023-03-11 06:51:00,1.1269,1.1269,1.1181,1.1241,4108.53
coinbase,USDTUSDC,1678517520000,2023-03-11 06:52:00,1.1287,1.1287,1.1182,1.1281,5885.12
coinbase,USDTUSDC,1678517580000,2023-03-11 06:53:00,1.1288,1.1299,1.1181,1.1239,2931.1
coinbase,USDTUSDC,1678517640000,2023-03-11 06:54:00,1.1239,1.1279,1.1181,1.1181,9621.8
coinbase,USDTUSDC,1678517700000,2023-03-11 06:55:00,1.1181,1.1265,1.1157,1.1222,10561.85
coinbase,USDTUSDC,1678517760000,2023-03-11 06:56:00,1.1222,1.1285,1.1222,1.1243,53087.91
coinbase,USDTUSDC,1678517820000,2023-03-11 06:57:00,1.1243,1.1279,1.1222,1.1222,28297.41
coinbase,USDTUSDC,1678517880000,2023-03-11 06:58:00,1.1201,1.1201,1.12,1.12,28.72
coinbase,USDTUSDC,1678517940000,2023-03-11 06:59:00,1.116,1.116,1.11,1.1109,29897.9
coinbase,USDTUSDC,1678518000000,2023-03-11 07:00:00,1.116,1.116,1.1109,1.116,5674.31
coinbase,USDTUSDC,1678518060000,2023-03-11 07:01:00,1.116,1.116,1.1157,1.1157,8901.58
coinbase,USDTUSDC,1678518120000,2023-03-11 07:02:00,1.1158,1.1241,1.1158,1.124,5857.1
coinbase,USDTUSDC,1678518180000,2023-03-11 07:03:00,1.124,1.124,1.1212,1.1212,4788.21
coinbase,USDTUSDC,1678518240000,2023-03-11 07:04:00,1.1207,1.1212,1.1199,1.1199,21424.58
coinbase,USDTUSDC,1678518300000,2023-03-11 07:05:00,1.1199,1.1199,1.1199,1.1199,7752.44
coinbase,USDTUSDC,1678518360000,2023-03-11 07:06:00,1.1199,1.1199,1.1199,1.1199,7194.41
coinbase,USDTUSDC,1678518420000,2023-03-11 07:07:00,1.1199,1.1199,1.1184,1.1184,29104.18
coinbase,USDTUSDC,1678518480000,2023-03-11 07:08:00,1.1184,1.1198,1.1171,1.1171,17422.45
coinbase,USDTUSDC,1678518540000,2023-03-11 07:09:00,1.117,1.117,1.1132,1.1135,12933.81
coinbase,USDTUSDC,1678518600000,2023-03-11 07:10:00,1.1146,1.1176,1.1066,1.1151,12494.28
coinbase,USDTUSDC,1678518660000,2023-03-11 07:11:00,1.1175,1.1176,1.1153,1.1176,5661.18
coinbase,USDTUSDC,1678518720000,2023-03-11 07:12:00,1.1167,1.1176,1.1158,1.1176,8366.88
coinbase,USDTUSDC,1678518780000,2023-03-11 07:13:00,1.1176,1.1176,1.1167,1.1176,4302.78
coinbase,USDTUSDC,1678518840000,2023-03-11 07:14:00,1.1176,1.1176,1.1176,1.1176,3927.6
coinbase,USDTUSDC,1678518900000,2023-03-11 07:15:00,1.1176,1.118,1.1176,1.118,3773.05
coinbase,USDTUSDC,1678518960000,2023-03-11 07:16:00,1.1178,1.118,1.1178,1.1179,5456.77
coinbase,USDTUSDC,1678519020000,2023-03-11 07:17:00,1.1179,1.118,1.1179,1.118,13837.71
coinbase,USDTUSDC,1678519080000,2023-03-11 07:18:00,1.118,1.1238,1.118,1.1238,10069.55
coinbase,USDTUSDC,1678519140000,2023-03-11 07:19:00,1.1237,1.1283,1.1237,1.1283,8276.65
coinbase,USDTUSDC,1678519200000,2023-03-11 07:20:00,1.1283,1.1284,1.1239,1.1284,4188.6
coinbase,USDTUSDC,1678519260000,2023-03-11 07:21:00,1.1274,1.1274,1.126,1.1272,179.15
coinbase,USDTUSDC,1678519320000,2023-03-11 07:22:00,1.1272,1.1284,1.126,1.1261,16667.37
coinbase,USDTUSDC,1678519380000,2023-03-11 07:23:00,1.1261,1.1348,1.1178,1.1346,67771.68
coinbase,USDTUSDC,1678519440000,2023-03-11 07:24:00,1.1345,1.1385,1.1275,1.1276,61703.49
coinbase,USDTUSDC,1678519500000,2023-03-11 07:25:00,1.1276,1.135,1.1199,1.135,67436.33
coinbase,USDTUSDC,1678519560000,2023-03-11 07:26:00,1.1199,1.136,1.1199,1.1337,29265.04
coinbase,USDTUSDC,1678519620000,2023-03-11 07:27:00,1.1337,1.1375,1.1219,1.1297,27771.25
coinbase,USDTUSDC,1678519680000,2023-03-11 07:28:00,1.1297,1.1374,1.124,1.1355,10258.52
coinbase,USDTUSDC,1678519740000,2023-03-11 07:29:00,1.1355,1.136,1.1328,1.1328,2183.07
coinbase,USDTUSDC,1678519800000,2023-03-11 07:30:00,1.1328,1.1344,1.1307,1.1344,6677.27
coinbase,USDTUSDC,1678519860000,2023-03-11 07:31:00,1.1344,1.135,1.133,1.133,2761.3
coinbase,USDTUSDC,1678519920000,2023-03-11 07:32:00,1.1347,1.135,1.1288,1.135,12081.73
coinbase,USDTUSDC,1678519980000,2023-03-11 07:33:00,1.1305,1.1351,1.1304,1.1304,16455.74
coinbase,USDTUSDC,1678520040000,2023-03-11 07:34:00,1.1331,1.1331,1.1304,1.1331,39209.38
coinbase,USDTUSDC,1678520100000,2023-03-11 07:35:00,1.1305,1.1331,1.1304,1.1331,9574.37
coinbase,USDTUSDC,1678520160000,2023-03-11 07:36:00,1.1325,1.1331,1.1304,1.1304,19223.71
coinbase,USDTUSDC,1678520220000,2023-03-11 07:37:00,1.1305,1.1331,1.1304,1.1304,9532.56
coinbase,USDTUSDC,1678520280000,2023-03-11 07:38:00,1.1305,1.1357,1.1304,1.1304,23313.39
coinbase,USDTUSDC,1678520340000,2023-03-11 07:39:00,1.1304,1.133,1.13,1.1313,9984.2
coinbase,USDTUSDC,1678520400000,2023-03-11 07:40:00,1.1308,1.1308,1.1264,1.1308,5592.1
coinbase,USDTUSDC,1678520460000,2023-03-11 07:41:00,1.1295,1.1329,1.1295,1.1325,3399.57
coinbase,USDTUSDC,1678520520000,2023-03-11 07:42:00,1.1325,1.133,1.1325,1.133,5908.21
coinbase,USDTUSDC,1678520580000,2023-03-11 07:43:00,1.133,1.133,1.133,1.133,1205.31
coinbase,USDTUSDC,1678520640000,2023-03-11 07:44:00,1.133,1.1357,1.133,1.1357,3531.06
coinbase,USDTUSDC,1678520700000,2023-03-11 07:45:00,1.1357,1.1385,1.1345,1.1385,13853.87
coinbase,USDTUSDC,1678520760000,2023-03-11 07:46:00,1.1394,1.1399,1.136,1.1398,14450.71
coinbase,USDTUSDC,1678520820000,2023-03-11 07:47:00,1.1398,1.1399,1.1389,1.1399,3846.34
coinbase,USDTUSDC,1678520880000,2023-03-11 07:48:00,1.1399,1.1399,1.1392,1.1392,2494.32
coinbase,USDTUSDC,1678520940000,2023-03-11 07:49:00,1.1393,1.1393,1.139,1.139,5997.48
coinbase,USDTUSDC,1678521000000,2023-03-11 07:50:00,1.139,1.145,1.138,1.1421,13790.01
coinbase,USDTUSDC,1678521060000,2023-03-11 07:51:00,1.1389,1.145,1.1389,1.145,23123.28
coinbase,USDTUSDC,1678521120000,2023-03-11 07:52:00,1.1427,1.1449,1.14,1.1447,15318.81
coinbase,USDTUSDC,1678521180000,2023-03-11 07:53:00,1.1447,1.195,1.1447,1.1563,14208.76
coinbase,USDTUSDC,1678521240000,2023-03-11 07:54:00,1.1775,1.195,1.1695,1.1695,1054.18
coinbase,USDTUSDC,1678521300000,2023-03-11 07:55:00,1.1716,1.173,1.1564,1.173,29978.08
coinbase,USDTUSDC,1678521360000,2023-03-11 07:56:00,1.1565,1.1729,1.1421,1.1648,24469
coinbase,USDTUSDC,1678521420000,2023-03-11 07:57:00,1.1648,1.17,1.1511,1.17,8434.7
coinbase,USDTUSDC,1678521480000,2023-03-11 07:58:00,1.1539,1.1697,1.1512,1.1695,1595.11
coinbase,USDTUSDC,1678521540000,2023-03-11 07:59:00,1.15,1.1695,1.15,1.1597,37527.84
coinbase,USDTUSDC,1678521600000,2023-03-11 08:00:00,1.1597,1.1695,1.155,1.1624,15203.32
coinbase,USDTUSDC,1678521660000,2023-03-11 08:01:00,1.1658,1.1658,1.1176,1.1404,253032.85
coinbase,USDTUSDC,1678521720000,2023-03-11 08:02:00,1.14,1.141,1.1175,1.1386,243056.69
coinbase,USDTUSDC,1678521780000,2023-03-11 08:03:00,1.1386,1.1455,1.1333,1.1412,142713.11
coinbase,USDTUSDC,1678521840000,2023-03-11 08:04:00,1.1401,1.1404,1.1153,1.1351,422939.94
coinbase,USDTUSDC,1678521900000,2023-03-11 08:05:00,1.1349,1.1349,1.1282,1.133,17392.65
coinbase,USDTUSDC,1678521960000,2023-03-11 08:06:00,1.1329,1.1329,1.1275,1.1303,14704.41
coinbase,USDTUSDC,1678522020000,2023-03-11 08:07:00,1.1303,1.1392,1.1301,1.1301,7556.86
coinbase,USDTUSDC,1678522080000,2023-03-11 08:08:00,1.1301,1.131,1.1269,1.131,33155.71
coinbase,USDTUSDC,1678522140000,2023-03-11 08:09:00,1.131,1.131,1.1299,1.1299,12378.5
coinbase,USDTUSDC,1678522200000,2023-03-11 08:10:00,1.13,1.1328,1.13,1.1328,7763.03
coinbase,USDTUSDC,1678522260000,2023-03-11 08:11:00,1.1318,1.1318,1.1258,1.1275,32208.26
coinbase,USDTUSDC,1678522320000,2023-03-11 08:12:00,1.1275,1.1293,1.1275,1.1293,18664.08
coinbase,USDTUSDC,1678522380000,2023-03-11 08:13:00,1.1286,1.1286,1.1276,1.1279,4376.8
coinbase,USDTUSDC,1678522440000,2023-03-11 08:14:00,1.1289,1.13,1.1272,1.1297,41129.81
coinbase,USDTUSDC,1678522500000,2023-03-11 08:15:00,1.1297,1.1297,1.1295,1.1295,9832.47
coinbase,USDTUSDC,1678522560000,2023-03-11 08:16:00,1.1295,1.1299,1.1286,1.1286,21980.68
coinbase,USDTUSDC,1678522620000,2023-03-11 08:17:00,1.1276,1.1276,1.1251,1.1251,8726.24
coinbase,USDTUSDC,1678522680000,2023-03-11 08:18:00,1.1246,1.1246,1.1229,1.124,18343.71
coinbase,USDTUSDC,1678522740000,2023-03-11 08:19:00,1.124,1.124,1.1212,1.1226,1110.94
coinbase,USDTUSDC,1678522800000,2023-03-11 08:20:00,1.1164,1.1164,1.112,1.112,7177.32
coinbase,USDTUSDC,1678522860000,2023-03-11 08:21:00,1.1114,1.1114,1.109,1.1096,1008.82
coinbase,USDTUSDC,1678522920000,2023-03-11 08:22:00,1.1096,1.1096,1.0981,1.1,59291.18
coinbase,USDTUSDC,1678522980000,2023-03-11 08:23:00,1.1,1.1,1.0987,1.1,7365.95
coinbase,USDTUSDC,1678523040000,2023-03-11 08:24:00,1.0993,1.0994,1.0993,1.0994,774.27
coinbase,USDTUSDC,1678523100000,2023-03-11 08:25:00,1.0994,1.0994,1.0991,1.0993,24137.16
coinbase,USDTUSDC,1678523160000,2023-03-11 08:26:00,1.0993,1.0993,1.099,1.099,2622.96
coinbase,USDTUSDC,1678523220000,2023-03-11 08:27:00,1.0988,1.0988,1.0987,1.0987,3212.87
coinbase,USDTUSDC,1678523280000,2023-03-11 08:28:00,1.0987,1.0987,1.09,1.09,12975.95
coinbase,USDTUSDC,1678523340000,2023-03-11 08:29:00,1.09,1.0987,1.09,1.0987,3962.29
coinbase,USDTUSDC,1678523400000,2023-03-11 08:30:00,1.0987,1.0987,1.0958,1.0986,5109.07
coinbase,USDTUSDC,1678523460000,2023-03-11 08:31:00,1.0986,1.0986,1.0969,1.0969,6469.7
coinbase,USDTUSDC,1678523520000,2023-03-11 08:32:00,1.0981,1.0987,1.097,1.097,9224.36
coinbase,USDTUSDC,1678523580000,2023-03-11 08:33:00,1.097,1.097,1.0966,1.0968,10605.88
coinbase,USDTUSDC,1678523640000,2023-03-11 08:34:00,1.0967,1.0968,1.0966,1.0968,8745.19
coinbase,USDTUSDC,1678523700000,2023-03-11 08:35:00,1.0967,1.0968,1.0967,1.0968,4306.88
coinbase,USDTUSDC,1678523760000,2023-03-11 08:36:00,1.0966,1.0968,1.09,1.0968,2959.69
coinbase,USDTUSDC,1678523820000,2023-03-11 08:37:00,1.0901,1.097,1.0863,1.097,13718.1
coinbase,USDTUSDC,1678523880000,2023-03-11 08:38:00,1.0918,1.097,1.0918,1.0918,5278.2
coinbase,USDTUSDC,1678523940000,2023-03-11 08:39:00,1.0969,1.097,1.0959,1.0959,4710.99
coinbase,USDTUSDC,1678524000000,2023-03-11 08:40:00,1.0959,1.097,1.0912,1.097,6283.64
coinbase,USDTUSDC,1678524060000,2023-03-11 08:41:00,1.0967,1.097,1.0954,1.0954,2157.35
coinbase,USDTUSDC,1678524120000,2023-03-11 08:42:00,1.0946,1.0952,1.086,1.086,8946.9
coinbase,USDTUSDC,1678524180000,2023-03-11 08:43:00,1.085,1.09,1.0831,1.0846,5030.13
coinbase,USDTUSDC,1678524240000,2023-03-11 08:44:00,1.0846,1.0917,1.081,1.0844,16967.04
coinbase,USDTUSDC,1678524300000,2023-03-11 08:45:00,1.0812,1.0844,1.08,1.0844,7907.26
coinbase,USDTUSDC,1678524360000,2023-03-11 08:46:00,1.0833,1.0833,1.0833,1.0833,2025.78
coinbase,USDTUSDC,1678524420000,2023-03-11 08:47:00,1.0833,1.0844,1.0833,1.0844,7291.68
coinbase,USDTUSDC,1678524480000,2023-03-11 08:48:00,1.0871,1.0905,1.0822,1.0822,39417.01
coinbase,USDTUSDC,1678524540000,2023-03-11 08:49:00,1.0822,1.0859,1.0791,1.0791,13896.79
coinbase,USDTUSDC,1678524600000,2023-03-11 08:50:00,1.0825,1.0825,1.0803,1.0803,9878.61
coinbase,USDTUSDC,1678524660000,2023-03-11 08:51:00,1.0802,1.0802,1.0722,1.0722,9642.33
coinbase,USDTUSDC,1678524720000,2023-03-11 08:52:00,1.0722,1.074,1.071,1.074,10166.79
coinbase,USDTUSDC,1678524780000,2023-03-11 08:53:00,1.074,1.074,1.072,1.072,9421.36
coinbase,USDTUSDC,1678524840000,2023-03-11 08:54:00,1.0725,1.0822,1.0724,1.0755,67752.15
coinbase,USDTUSDC,1678524900000,2023-03-11 08:55:00,1.0759,1.0766,1.0758,1.0758,10387.02
coinbase,USDTUSDC,1678524960000,2023-03-11 08:56:00,1.0758,1.0758,1.0753,1.0753,7965.46
coinbase,USDTUSDC,1678525020000,2023-03-11 08:57:00,1.0753,1.0779,1.0749,1.0749,36431.32
coinbase,USDTUSDC,1678525080000,2023-03-11 08:58:00,1.0775,1.078,1.0774,1.078,3133.07
coinbase,USDTUSDC,1678525140000,2023-03-11 08:59:00,1.0722,1.0753,1.0577,1.0749,24714.3
coinbase,USDTUSDC,1678525200000,2023-03-11 09:00:00,1.0749,1.0749,1.055,1.0645,11644.61
coinbase,USDTUSDC,1678489200000,2023-03-10 23:00:00,1.0039,1.0039,1.0036,1.0036,978.05
coinbase,USDTUSDC,1678489380000,2023-03-10 23:03:00,1.0037,1.0042,1.0037,1.0042,1054.44
coinbase,USDTUSDC,1678489440000,2023-03-10 23:04:00,1.0042,1.0042,1.0038,1.0038,2053.33
coinbase,USDTUSDC,1678489500000,2023-03-10 23:05:00,1.0043,1.0043,1.0039,1.0039,3400.9
coinbase,USDTUSDC,1678489560000,2023-03-10 23:06:00,1.0039,1.0043,1.0039,1.0039,3370.5
coinbase,USDTUSDC,1678489680000,2023-03-10 23:08:00,1.0042,1.0042,1.0039,1.0039,1091.33
coinbase,USDTUSDC,1678489740000,2023-03-10 23:09:00,1.0038,1.0038,1.0038,1.0038,1041.36
coinbase,USDTUSDC,1678489800000,2023-03-10 23:10:00,1.0042,1.0052,1.004,1.0044,20759.62
coinbase,USDTUSDC,1678489860000,2023-03-10 23:11:00,1.004,1.0042,1.0039,1.0042,3288.87
coinbase,USDTUSDC,1678489920000,2023-03-10 23:12:00,1.0039,1.0043,1.0039,1.0043,2794.73
coinbase,USDTUSDC,1678489980000,2023-03-10 23:13:00,1.004,1.004,1.0039,1.0039,1232.48
coinbase,USDTUSDC,1678490040000,2023-03-10 23:14:00,1.0039,1.0041,1.0039,1.0039,4920.56
coinbase,USDTUSDC,1678490100000,2023-03-10 23:15:00,1.0039,1.0043,1.0039,1.0042,9150.15
coinbase,USDTUSDC,1678490160000,2023-03-10 23:16:00,1.0042,1.0042,1.0039,1.0041,10241.92
coinbase,USDTUSDC,1678490220000,2023-03-10 23:17:00,1.0041,1.0041,1.0039,1.0039,13435.02
coinbase,USDTUSDC,1678490280000,2023-03-10 23:18:00,1.0042,1.0042,1.003,1.0042,54813.12
coinbase,USDTUSDC,1678490340000,2023-03-10 23:19:00,1.0042,1.0045,1.004,1.004,23328.93
coinbase,USDTUSDC,1678490400000,2023-03-10 23:20:00,1.0046,1.0046,1.0043,1.0043,3371.49
coinbase,USDTUSDC,1678490460000,2023-03-10 23:21:00,1.0043,1.0045,1.0043,1.0045,5006.91
coinbase,USDTUSDC,1678490520000,2023-03-10 23:22:00,1.0043,1.0046,1.0043,1.0043,9294.39
coinbase,USDTUSDC,1678490580000,2023-03-10 23:23:00,1.0047,1.0047,1.0043,1.0047,5459.37
coinbase,USDTUSDC,1678490640000,2023-03-10 23:24:00,1.0047,1.0049,1.0043,1.0043,14993.71
coinbase,USDTUSDC,1678490700000,2023-03-10 23:25:00,1.0043,1.0046,1.0042,1.0046,16477.57
coinbase,USDTUSDC,1678490760000,2023-03-10 23:26:00,1.0043,1.0047,1.0042,1.0042,4635.36
coinbase,USDTUSDC,1678490820000,2023-03-10 23:27:00,1.0042,1.0042,1.0042,1.0042,5490.01
coinbase,USDTUSDC,1678491000000,2023-03-10 23:30:00,1.004,1.004,1.0034,1.0034,7862.93
coinbase,USDTUSDC,1678491120000,2023-03-10 23:32:00,1.004,1.004,1.004,1.004,2120.37
coinbase,USDTUSDC,1678491240000,2023-03-10 23:34:00,1.004,1.004,1.004,1.004,3054.66
coinbase,USDTUSDC,1678491300000,2023-03-10 23:35:00,1.004,1.004,1.004,1.004,1574.97
coinbase,USDTUSDC,1678491360000,2023-03-10 23:36:00,1.004,1.004,1.004,1.004,1802.51
coinbase,USDTUSDC,1678491480000,2023-03-10 23:38:00,1.004,1.004,1.004,1.004,37416.93
coinbase,USDTUSDC,1678491540000,2023-03-10 23:39:00,1.004,1.004,1.004,1.004,2857.19
coinbase,USDTUSDC,1678491600000,2023-03-10 23:40:00,1.0041,1.0043,1.0041,1.0043,950.33
coinbase,USDTUSDC,1678491660000,2023-03-10 23:41:00,1.0041,1.0041,1.0041,1.0041,1854.68
coinbase,USDTUSDC,1678491900000,2023-03-10 23:45:00,1.0044,1.0046,1.0044,1.0046,2038.57
coinbase,USDTUSDC,1678491960000,2023-03-10 23:46:00,1.0044,1.005,1.0044,1.005,5829.59
coinbase,USDTUSDC,1678492020000,2023-03-10 23:47:00,1.0049,1.005,1.0049,1.005,790.24
coinbase,USDTUSDC,1678492080000,2023-03-10 23:48:00,1.005,1.005,1.0047,1.0047,421.22
coinbase,USDTUSDC,1678492140000,2023-03-10 23:49:00,1.0046,1.005,1.0046,1.005,3852.65
coinbase,USDTUSDC,1678492200000,2023-03-10 23:50:00,1.0044,1.0044,1.0043,1.0043,2731.17
coinbase,USDTUSDC,1678492260000,2023-03-10 23:51:00,1.0043,1.0043,1.0043,1.0043,7.03
coinbase,USDTUSDC,1678492320000,2023-03-10 23:52:00,1.0043,1.0043,1.0038,1.0039,13743.33
coinbase,USDTUSDC,1678492740000,2023-03-10 23:59:00,1.0039,1.0041,1.0039,1.0041,1046.24
coinbase,USDTUSDC,1678493040000,2023-03-11 00:04:00,1.0041,1.0041,1.0039,1.0039,1416.86
coinbase,USDTUSDC,1678493100000,2023-03-11 00:05:00,1.004,1.004,1.0037,1.0037,5001.18
coinbase,USDTUSDC,1678493220000,2023-03-11 00:07:00,1.0039,1.0042,1.0039,1.0042,1791.17
coinbase,USDTUSDC,1678493400000,2023-03-11 00:10:00,1.0043,1.0045,1.0043,1.0045,3647.52
coinbase,USDTUSDC,1678493460000,2023-03-11 00:11:00,1.0046,1.0046,1.0044,1.0046,7099.68
coinbase,USDTUSDC,1678493580000,2023-03-11 00:13:00,1.0045,1.0046,1.004,1.0041,10308.35
coinbase,USDTUSDC,1678493700000,2023-03-11 00:15:00,1.0043,1.0044,1.0039,1.0044,1784.01
coinbase,USDTUSDC,1678493760000,2023-03-11 00:16:00,1.0044,1.0047,1.0044,1.0046,2636.65
coinbase,USDTUSDC,1678493820000,2023-03-11 00:17:00,1.0046,1.0047,1.0046,1.0047,2067.03
coinbase,USDTUSDC,1678493880000,2023-03-11 00:18:00,1.0047,1.0051,1.0047,1.005,4818.34
coinbase,USDTUSDC,1678494000000,2023-03-11 00:20:00,1.0049,1.005,1.0049,1.005,3871.05
coinbase,USDTUSDC,1678494060000,2023-03-11 00:21:00,1.005,1.0052,1.005,1.0052,6385.42
coinbase,USDTUSDC,1678494120000,2023-03-11 00:22:00,1.0053,1.0056,1.005,1.0056,2472.02
coinbase,USDTUSDC,1678494180000,2023-03-11 00:23:00,1.0056,1.0056,1.0055,1.0055,1289.27
coinbase,USDTUSDC,1678494240000,2023-03-11 00:24:00,1.0054,1.0057,1.0054,1.0057,3755.75
coinbase,USDTUSDC,1678494300000,2023-03-11 00:25:00,1.0057,1.0059,1.0057,1.0059,4496.78
coinbase,USDTUSDC,1678494360000,2023-03-11 00:26:00,1.0057,1.0057,1.0057,1.0057,4922.48
coinbase,USDTUSDC,1678494420000,2023-03-11 00:27:00,1.0057,1.0061,1.0057,1.0061,60835.15
coinbase,USDTUSDC,1678494480000,2023-03-11 00:28:00,1.0062,1.0065,1.0057,1.0064,40905.94
coinbase,USDTUSDC,1678494540000,2023-03-11 00:29:00,1.0066,1.0066,1.0056,1.0059,4681.73
coinbase,USDTUSDC,1678494600000,2023-03-11 00:30:00,1.0059,1.006,1.0054,1.0059,14457.98
coinbase,USDTUSDC,1678494660000,2023-03-11 00:31:00,1.0059,1.0062,1.0055,1.006,13072
coinbase,USDTUSDC,1678494720000,2023-03-11 00:32:00,1.0064,1.0064,1.0054,1.0054,10913.92
coinbase,USDTUSDC,1678494780000,2023-03-11 00:33:00,1.0057,1.0057,1.0054,1.0055,4484.39
coinbase,USDTUSDC,1678494840000,2023-03-11 00:34:00,1.0056,1.0056,1.0056,1.0056,1284.14
coinbase,USDTUSDC,1678494900000,2023-03-11 00:35:00,1.0056,1.006,1.0055,1.0056,17542.13
coinbase,USDTUSDC,1678494960000,2023-03-11 00:36:00,1.006,1.0064,1.006,1.0064,11810.18
coinbase,USDTUSDC,1678495020000,2023-03-11 00:37:00,1.0064,1.0066,1.0057,1.006,26146.9
coinbase,USDTUSDC,1678495080000,2023-03-11 00:38:00,1.006,1.0061,1.006,1.006,7704.73
coinbase,USDTUSDC,1678495140000,2023-03-11 00:39:00,1.0062,1.0067,1.006,1.0067,2116.42
coinbase,USDTUSDC,1678495200000,2023-03-11 00:40:00,1.0064,1.01,1.0062,1.0063,30721.1
coinbase,USDTUSDC,1678495260000,2023-03-11 00:41:00,1.0064,1.0075,1.0059,1.0061,47241.85
coinbase,USDTUSDC,1678495320000,2023-03-11 00:42:00,1.006,1.0067,1.006,1.0067,465.01
coinbase,USDTUSDC,1678495380000,2023-03-11 00:43:00,1.0067,1.0067,1.006,1.0062,5013.5
coinbase,USDTUSDC,1678495440000,2023-03-11 00:44:00,1.0061,1.0071,1.0061,1.0071,7104.28
coinbase,USDTUSDC,1678495500000,2023-03-11 00:45:00,1.0061,1.0067,1.0061,1.0065,8581.9
coinbase,USDTUSDC,1678495560000,2023-03-11 00:46:00,1.0067,1.0071,1.0065,1.007,4560.82
coinbase,USDTUSDC,1678495620000,2023-03-11 00:47:00,1.0066,1.0072,1.0061,1.0065,22980.07
coinbase,USDTUSDC,1678495680000,2023-03-11 00:48:00,1.0064,1.007,1.0064,1.007,8633.94
coinbase,USDTUSDC,1678495740000,2023-03-11 00:49:00,1.0065,1.0071,1.0063,1.0063,12168.03
coinbase,USDTUSDC,1678495800000,2023-03-11 00:50:00,1.0065,1.0077,1.0062,1.0068,31131.38
coinbase,USDTUSDC,1678495860000,2023-03-11 00:51:00,1.0068,1.0069,1.0062,1.0065,20780.44
coinbase,USDTUSDC,1678495920000,2023-03-11 00:52:00,1.0066,1.0073,1.0063,1.0073,5458.51
coinbase,USDTUSDC,1678495980000,2023-03-11 00:53:00,1.0063,1.0071,1.0062,1.0069,13627.41
coinbase,USDTUSDC,1678496040000,2023-03-11 00:54:00,1.0069,1.0069,1.0063,1.0067,6606.89
coinbase,USDTUSDC,1678496100000,2023-03-11 00:55:00,1.0077,1.0089,1.007,1.007,8210.45
coinbase,USDTUSDC,1678496160000,2023-03-11 00:56:00,1.0072,1.009,1.0069,1.0072,12233.87
coinbase,USDTUSDC,1678496220000,2023-03-11 00:57:00,1.0072,1.0083,1.0069,1.0072,6095.24
coinbase,USDTUSDC,1678496280000,2023-03-11 00:58:00,1.0083,1.0092,1.0071,1.0074,17533.98
coinbase,USDTUSDC,1678496340000,2023-03-11 00:59:00,1.0074,1.0086,1.007,1.0072,18231.85
coinbase,USDTUSDC,1678496400000,2023-03-11 01:00:00,1.0072,1.0078,1.007,1.0072,14187.69
coinbase,USDTUSDC,1678496460000,2023-03-11 01:01:00,1.0072,1.0078,1.0072,1.0073,10552.65
coinbase,USDTUSDC,1678496520000,2023-03-11 01:02:00,1.0076,1.0084,1.0075,1.0078,4175.04
coinbase,USDTUSDC,1678496580000,2023-03-11 01:03:00,1.0075,1.0084,1.0073,1.0082,9647.39
coinbase,USDTUSDC,1678496640000,2023-03-11 01:04:00,1.0081,1.0107,1.0074,1.0082,13691.6
coinbase,USDTUSDC,1678496700000,2023-03-11 01:05:00,1.0076,1.0085,1.0072,1.0078,19046.08
coinbase,USDTUSDC,1678496760000,2023-03-11 01:06:00,1.0085,1.0085,1.0083,1.0083,1301.07
coinbase,USDTUSDC,1678496820000,2023-03-11 01:07:00,1.0081,1.0085,1.0079,1.0079,4082.99
coinbase,USDTUSDC,1678496880000,2023-03-11 01:08:00,1.0081,1.0096,1.0081,1.0096,10914.47
coinbase,USDTUSDC,1678496940000,2023-03-11 01:09:00,1.0083,1.0092,1.008,1.0092,15727.34
coinbase,USDTUSDC,1678497000000,2023-03-11 01:10:00,1.0087,1.0096,1.0084,1.0096,14166.62
coinbase,USDTUSDC,1678497060000,2023-03-11 01:11:00,1.0096,1.0099,1.0088,1.0095,25220.31
coinbase,USDTUSDC,1678497120000,2023-03-11 01:12:00,1.0097,1.0097,1.0088,1.0088,1488.61
coinbase,USDTUSDC,1678497180000,2023-03-11 01:13:00,1.0091,1.0091,1.0091,1.0091,1186.87
coinbase,USDTUSDC,1678497300000,2023-03-11 01:15:00,1.0095,1.0101,1.0094,1.0101,6438.51
coinbase,USDTUSDC,1678497420000,2023-03-11 01:17:00,1.01,1.01,1.0084,1.01,550.94
coinbase,USDTUSDC,1678497600000,2023-03-11 01:20:00,1.0091,1.0096,1.0091,1.0094,3047.62
coinbase,USDTUSDC,1678497660000,2023-03-11 01:21:00,1.01,1.01,1.0095,1.0099,2509.46
coinbase,USDTUSDC,1678497780000,2023-03-11 01:23:00,1.0096,1.0106,1.0096,1.0106,2744.82
coinbase,USDTUSDC,1678497840000,2023-03-11 01:24:00,1.0105,1.013,1.0105,1.0123,5465.22
coinbase,USDTUSDC,1678498020000,2023-03-11 01:27:00,1.0104,1.0107,1.0104,1.0107,2322.05
coinbase,USDTUSDC,1678498080000,2023-03-11 01:28:00,1.0106,1.0111,1.0099,1.0111,18180.09
coinbase,USDTUSDC,1678498140000,2023-03-11 01:29:00,1.0107,1.0108,1.0097,1.0103,27869.69
coinbase,USDTUSDC,1678498200000,2023-03-11 01:30:00,1.0103,1.011,1.0098,1.0102,16287.06
coinbase,USDTUSDC,1678498260000,2023-03-11 01:31:00,1.0099,1.012,1.0099,1.012,7304.08
coinbase,USDTUSDC,1678498320000,2023-03-11 01:32:00,1.0118,1.0118,1.0106,1.0112,7133.08
coinbase,USDTUSDC,1678498380000,2023-03-11 01:33:00,1.01,1.011,1.0097,1.0103,10323.78
coinbase,USDTUSDC,1678498440000,2023-03-11 01:34:00,1.0103,1.0108,1.0102,1.0107,6453.44
coinbase,USDTUSDC,1678498500000,2023-03-11 01:35:00,1.0103,1.0112,1.0103,1.0112,4364.23
coinbase,USDTUSDC,1678498560000,2023-03-11 01:36:00,1.0115,1.0122,1.0106,1.0121,9486.18
coinbase,USDTUSDC,1678498620000,2023-03-11 01:37:00,1.0122,1.0129,1.0116,1.0129,9930.52
coinbase,USDTUSDC,1678498680000,2023-03-11 01:38:00,1.0121,1.0129,1.0115,1.0119,20626.79
coinbase,USDTUSDC,1678498740000,2023-03-11 01:39:00,1.0128,1.0128,1.0123,1.0123,2052.02
coinbase,USDTUSDC,1678498800000,2023-03-11 01:40:00,1.0123,1.0123,1.0122,1.0122,48674.76
coinbase,USDTUSDC,1678498860000,2023-03-11 01:41:00,1.012,1.0127,1.012,1.0127,1053.73
coinbase,USDTUSDC,1678498920000,2023-03-11 01:42:00,1.0127,1.0131,1.0125,1.0128,5016.15
coinbase,USDTUSDC,1678498980000,2023-03-11 01:43:00,1.0125,1.0134,1.0125,1.0134,11795.22
coinbase,USDTUSDC,1678499040000,2023-03-11 01:44:00,1.0133,1.0141,1.0133,1.0139,23481.72
coinbase,USDTUSDC,1678499100000,2023-03-11 01:45:00,1.0145,1.0159,1.0142,1.0159,2962.83
coinbase,USDTUSDC,1678499160000,2023-03-11 01:46:00,1.015,1.0155,1.0148,1.015,6142.76
coinbase,USDTUSDC,1678499220000,2023-03-11 01:47:00,1.0159,1.0166,1.0158,1.0158,13801.56
coinbase,USDTUSDC,1678499280000,2023-03-11 01:48:00,1.0158,1.0158,1.0148,1.0153,84388.98
coinbase,USDTUSDC,1678499340000,2023-03-11 01:49:00,1.0153,1.0156,1.0145,1.0149,75340.73
coinbase,USDTUSDC,1678499400000,2023-03-11 01:50:00,1.0149,1.0159,1.0149,1.0149,66332.21
coinbase,USDTUSDC,1678499460000,2023-03-11 01:51:00,1.0158,1.0158,1.0141,1.0144,17529.04
coinbase,USDTUSDC,1678499520000,2023-03-11 01:52:00,1.014,1.0149,1.0135,1.0136,98607.42
coinbase,USDTUSDC,1678499580000,2023-03-11 01:53:00,1.014,1.014,1.0129,1.0131,2739.03
coinbase,USDTUSDC,1678499640000,2023-03-11 01:54:00,1.014,1.0145,1.0131,1.0141,6569.53
coinbase,USDTUSDC,1678499700000,2023-03-11 01:55:00,1.0135,1.0135,1.0135,1.0135,2568.28
coinbase,USDTUSDC,1678499760000,2023-03-11 01:56:00,1.0136,1.0144,1.0132,1.0144,16100.16
coinbase,USDTUSDC,1678499820000,2023-03-11 01:57:00,1.0134,1.0145,1.0133,1.0133,181226.42
coinbase,USDTUSDC,1678499880000,2023-03-11 01:58:00,1.0137,1.0137,1.0137,1.0137,113.28
coinbase,USDTUSDC,1678499940000,2023-03-11 01:59:00,1.013,1.014,1.0128,1.0128,4033.71
coinbase,USDTUSDC,1678500000000,2023-03-11 02:00:00,1.0128,1.0139,1.0128,1.0139,4848.54
coinbase,USDTUSDC,1678500060000,2023-03-11 02:01:00,1.0136,1.0141,1.0133,1.0141,5012.95
coinbase,USDTUSDC,1678500120000,2023-03-11 02:02:00,1.0133,1.0144,1.0131,1.0132,116044.73
coinbase,USDTUSDC,1678500180000,2023-03-11 02:03:00,1.0135,1.0141,1.0131,1.0131,117295.9
coinbase,USDTUSDC,1678500300000,2023-03-11 02:05:00,1.0131,1.015,1.0131,1.0133,170213.59
coinbase,USDTUSDC,1678500360000,2023-03-11 02:06:00,1.0144,1.0144,1.0132,1.0142,14740.71
coinbase,USDTUSDC,1678500420000,2023-03-11 02:07:00,1.0141,1.0145,1.0133,1.0143,21846.44
coinbase,USDTUSDC,1678500480000,2023-03-11 02:08:00,1.0131,1.0144,1.0131,1.0142,42417.3
coinbase,USDTUSDC,1678500540000,2023-03-11 02:09:00,1.0144,1.0147,1.0132,1.0141,40186.55
coinbase,USDTUSDC,1678500600000,2023-03-11 02:10:00,1.0133,1.0143,1.0132,1.0133,37808.53
coinbase,USDTUSDC,1678500660000,2023-03-11 02:11:00,1.0133,1.0137,1.0133,1.0135,83994.48
coinbase,USDTUSDC,1678500720000,2023-03-11 02:12:00,1.0134,1.0139,1.0133,1.0139,88182.14
coinbase,USDTUSDC,1678500780000,2023-03-11 02:13:00,1.0137,1.014,1.0132,1.0132,5641.41
coinbase,USDTUSDC,1678500840000,2023-03-11 02:14:00,1.0131,1.014,1.0128,1.014,109373.81
coinbase,USDTUSDC,1678500900000,2023-03-11 02:15:00,1.0139,1.0149,1.0139,1.0142,11944.75
coinbase,USDTUSDC,1678500960000,2023-03-11 02:16:00,1.0133,1.0143,1.0129,1.0143,9799.36
coinbase,USDTUSDC,1678501020000,2023-03-11 02:17:00,1.0136,1.0142,1.0127,1.0142,89388.1
coinbase,USDTUSDC,1678501080000,2023-03-11 02:18:00,1.0141,1.0143,1.0128,1.0137,132761.27
coinbase,USDTUSDC,1678501140000,2023-03-11 02:19:00,1.0135,1.0137,1.0127,1.0132,160101.35
coinbase,USDTUSDC,1678501200000,2023-03-11 02:20:00,1.0132,1.0136,1.0127,1.0133,89071.18
coinbase,USDTUSDC,1678501260000,2023-03-11 02:21:00,1.0136,1.014,1.013,1.013,3605.02
coinbase,USDTUSDC,1678501320000,2023-03-11 02:22:00,1.0129,1.0136,1.0124,1.013,20658.33
coinbase,USDTUSDC,1678501380000,2023-03-11 02:23:00,1.0129,1.0129,1.0113,1.0116,26853.39
coinbase,USDTUSDC,1678501440000,2023-03-11 02:24:00,1.0114,1.0129,1.0112,1.0116,70198.51
coinbase,USDTUSDC,1678501500000,2023-03-11 02:25:00,1.0114,1.0117,1.0114,1.0117,1371.96
coinbase,USDTUSDC,1678501560000,2023-03-11 02:26:00,1.0117,1.0118,1.0117,1.0118,3763.77
coinbase,USDTUSDC,1678501620000,2023-03-11 02:27:00,1.0119,1.0119,1.0118,1.0118,3632.99
coinbase,USDTUSDC,1678501680000,2023-03-11 02:28:00,1.0117,1.0122,1.0116,1.0119,187145.66
coinbase,USDTUSDC,1678501740000,2023-03-11 02:29:00,1.0124,1.0132,1.0122,1.0124,123765.23
coinbase,USDTUSDC,1678501800000,2023-03-11 02:30:00,1.013,1.0133,1.013,1.0133,6427
coinbase,USDTUSDC,1678501860000,2023-03-11 02:31:00,1.0135,1.0135,1.0129,1.0129,5292.56
coinbase,USDTUSDC,1678501920000,2023-03-11 02:32:00,1.0137,1.0143,1.0137,1.0143,5135.89
coinbase,USDTUSDC,1678501980000,2023-03-11 02:33:00,1.0134,1.0134,1.0132,1.0132,501.82
coinbase,USDTUSDC,1678502040000,2023-03-11 02:34:00,1.0126,1.0132,1.0126,1.0132,5096.98
coinbase,USDTUSDC,1678502100000,2023-03-11 02:35:00,1.014,1.014,1.014,1.014,1042.37
coinbase,USDTUSDC,1678502160000,2023-03-11 02:36:00,1.0142,1.016,1.0142,1.016,1863.69
coinbase,USDTUSDC,1678502220000,2023-03-11 02:37:00,1.0148,1.0165,1.0138,1.0153,6650.51
coinbase,USDTUSDC,1678502340000,2023-03-11 02:39:00,1.0141,1.015,1.0139,1.015,9992.4
coinbase,USDTUSDC,1678502400000,2023-03-11 02:40:00,1.0138,1.0165,1.0138,1.0165,367.55
coinbase,USDTUSDC,1678502460000,2023-03-11 02:41:00,1.0145,1.0164,1.0134,1.0164,1366.44
coinbase,USDTUSDC,1678502520000,2023-03-11 02:42:00,1.0164,1.0164,1.0164,1.0164,70.58
coinbase,USDTUSDC,1678502580000,2023-03-11 02:43:00,1.0164,1.0164,1.0164,1.0164,14.71
coinbase,USDTUSDC,1678502640000,2023-03-11 02:44:00,1.0164,1.018,1.0164,1.018,21.64
coinbase,USDTUSDC,1678502760000,2023-03-11 02:46:00,1.0173,1.0173,1.0165,1.0165,10015.85
coinbase,USDTUSDC,1678502880000,2023-03-11 02:48:00,1.0165,1.02,1.015,1.0151,34071.17
coinbase,USDTUSDC,1678503060000,2023-03-11 02:51:00,1.017,1.017,1.0152,1.0155,3093.46
coinbase,USDTUSDC,1678503180000,2023-03-11 02:53:00,1.016,1.0184,1.016,1.0165,7142.57
coinbase,USDTUSDC,1678503240000,2023-03-11 02:54:00,1.0165,1.0165,1.0165,1.0165,5456.65
coinbase,USDTUSDC,1678503300000,2023-03-11 02:55:00,1.0165,1.0165,1.0165,1.0165,22653.41
coinbase,USDTUSDC,1678503360000,2023-03-11 02:56:00,1.0165,1.02,1.0165,1.0165,4172.82
coinbase,USDTUSDC,1678503420000,2023-03-11 02:57:00,1.0165,1.0169,1.0142,1.0142,4158.67
coinbase,USDTUSDC,1678503480000,2023-03-11 02:58:00,1.0145,1.0145,1.0145,1.0145,1044
coinbase,USDTUSDC,1678503540000,2023-03-11 02:59:00,1.0145,1.0149,1.0145,1.0147,5202
coinbase,USDTUSDC,1678503600000,2023-03-11 03:00:00,1.015,1.015,1.0147,1.015,6955.81
coinbase,USDTUSDC,1678503660000,2023-03-11 03:01:00,1.015,1.0177,1.0147,1.0158,32891.17
coinbase,USDTUSDC,1678503720000,2023-03-11 03:02:00,1.0158,1.017,1.015,1.017,22840.91
coinbase,USDTUSDC,1678503780000,2023-03-11 03:03:00,1.017,1.017,1.017,1.017,2699.73
coinbase,USDTUSDC,1678503840000,2023-03-11 03:04:00,1.018,1.018,1.017,1.017,7405.39
coinbase,USDTUSDC,1678503900000,2023-03-11 03:05:00,1.017,1.018,1.017,1.0173,14202.76
coinbase,USDTUSDC,1678503960000,2023-03-11 03:06:00,1.018,1.02,1.018,1.02,10359.95
coinbase,USDTUSDC,1678504020000,2023-03-11 03:07:00,1.02,1.0227,1.02,1.0227,208.9
coinbase,USDTUSDC,1678504080000,2023-03-11 03:08:00,1.0208,1.0208,1.0208,1.0208,1044.55
coinbase,USDTUSDC,1678504140000,2023-03-11 03:09:00,1.02,1.0222,1.02,1.0222,2069.02
coinbase,USDTUSDC,1678504380000,2023-03-11 03:13:00,1.0228,1.0233,1.0228,1.0229,1032.59
coinbase,USDTUSDC,1678504440000,2023-03-11 03:14:00,1.023,1.0243,1.0229,1.0243,3317.01
coinbase,USDTUSDC,1678504560000,2023-03-11 03:16:00,1.0239,1.0239,1.0239,1.0239,46
coinbase,USDTUSDC,1678504620000,2023-03-11 03:17:00,1.0249,1.0288,1.0249,1.0288,1733.39
coinbase,USDTUSDC,1678504680000,2023-03-11 03:18:00,1.0282,1.0282,1.0282,1.0282,4226.6
coinbase,USDTUSDC,1678504740000,2023-03-11 03:19:00,1.0288,1.03,1.0288,1.03,8629.43
coinbase,USDTUSDC,1678504800000,2023-03-11 03:20:00,1.0288,1.0294,1.0282,1.0293,16903.16
coinbase,USDTUSDC,1678504860000,2023-03-11 03:21:00,1.0295,1.0386,1.0295,1.0295,14457.11
coinbase,USDTUSDC,1678504920000,2023-03-11 03:22:00,1.0375,1.0375,1.0295,1.0295,951.96
coinbase,USDTUSDC,1678504980000,2023-03-11 03:23:00,1.0336,1.0376,1.0295,1.0376,10212.68
coinbase,USDTUSDC,1678505100000,2023-03-11 03:25:00,1.0375,1.0375,1.031,1.0343,3276.51
coinbase,USDTUSDC,1678505160000,2023-03-11 03:26:00,1.0343,1.0358,1.0343,1.0343,228.13
coinbase,USDTUSDC,1678505220000,2023-03-11 03:27:00,1.0343,1.0357,1.0343,1.0357,3835.64
coinbase,USDTUSDC,1678505280000,2023-03-11 03:28:00,1.035,1.0383,1.035,1.0383,16588.63
coinbase,USDTUSDC,1678505340000,2023-03-11 03:29:00,1.0383,1.0385,1.036,1.0385,21915.4
coinbase,USDTUSDC,1678505400000,2023-03-11 03:30:00,1.04,1.0421,1.04,1.0421,4547.68
coinbase,USDTUSDC,1678505460000,2023-03-11 03:31:00,1.0443,1.0497,1.0443,1.0497,2534
coinbase,USDTUSDC,1678505520000,2023-03-11 03:32:00,1.05,1.05,1.0499,1.0499,1917.37
coinbase,USDTUSDC,1678505580000,2023-03-11 03:33:00,1.0499,1.0499,1.0499,1.0499,1210.12
coinbase,USDTUSDC,1678505640000,2023-03-11 03:34:00,1.0499,1.0577,1.0487,1.0577,30526.28
coinbase,USDTUSDC,1678505700000,2023-03-11 03:35:00,1.058,1.06,1.054,1.054,16344.17
coinbase,USDTUSDC,1678505760000,2023-03-11 03:36:00,1.062,1.07,1.054,1.054,28270.09
coinbase,USDTUSDC,1678505820000,2023-03-11 03:37:00,1.054,1.0621,1.054,1.062,2831.95
coinbase,USDTUSDC,1678505880000,2023-03-11 03:38:00,1.062,1.062,1.0541,1.062,3481.85
coinbase,USDTUSDC,1678505940000,2023-03-11 03:39:00,1.062,1.065,1.0542,1.065,12172.55
coinbase,USDTUSDC,1678506000000,2023-03-11 03:40:00,1.065,1.07,1.065,1.065,48072.46
coinbase,USDTUSDC,1678506060000,2023-03-11 03:41:00,1.065,1.0743,1.065,1.0742,1990.52
coinbase,USDTUSDC,1678506120000,2023-03-11 03:42:00,1.0743,1.0845,1.0743,1.0743,14725.78
coinbase,USDTUSDC,1678506180000,2023-03-11 03:43:00,1.0744,1.0744,1.0743,1.0743,9192.76
coinbase,USDTUSDC,1678506240000,2023-03-11 03:44:00,1.0768,1.0768,1.065,1.065,8329.24
coinbase,USDTUSDC,1678506300000,2023-03-11 03:45:00,1.0721,1.0721,1.0721,1.0721,3313.03
coinbase,USDTUSDC,1678506360000,2023-03-11 03:46:00,1.0786,1.0786,1.065,1.0678,814.64
coinbase,USDTUSDC,1678506420000,2023-03-11 03:47:00,1.0664,1.0664,1.0664,1.0664,2082.78
coinbase,USDTUSDC,1678506480000,2023-03-11 03:48:00,1.0679,1.0679,1.0542,1.0542,2125.81
coinbase,USDTUSDC,1678506600000,2023-03-11 03:50:00,1.0542,1.0674,1.0542,1.0674,2182.8
coinbase,USDTUSDC,1678506840000,2023-03-11 03:54:00,1.07,1.0718,1.0674,1.0675,1262.28
coinbase,USDTUSDC,1678506900000,2023-03-11 03:55:00,1.0676,1.0696,1.0675,1.0696,3120.73
coinbase,USDTUSDC,1678506960000,2023-03-11 03:56:00,1.0696,1.0696,1.0696,1.0696,3130.88
coinbase,USDTUSDC,1678507020000,2023-03-11 03:57:00,1.0696,1.07,1.0696,1.07,2016.11
coinbase,USDTUSDC,1678507140000,2023-03-11 03:59:00,1.069,1.07,1.069,1.069,59.96
coinbase,USDTUSDC,1678507200000,2023-03-11 04:00:00,1.07,1.07,1.07,1.07,3407.96
coinbase,USDTUSDC,1678471260000,2023-03-10 18:01:00,1.0001,1.0001,1,1,968.91
coinbase,USDTUSDC,1678471500000,2023-03-10 18:05:00,1.0001,1.0001,1,1,29.3
coinbase,USDTUSDC,1678472100000,2023-03-10 18:15:00,1,1,0.9999,1,1547.35
coinbase,USDTUSDC,1678472280000,2023-03-10 18:18:00,1,1.0001,1,1.0001,5599.35
coinbase,USDTUSDC,1678472400000,2023-03-10 18:20:00,1.0001,1.0001,1.0001,1.0001,12619.33
coinbase,USDTUSDC,1678474080000,2023-03-10 18:48:00,1.0001,1.0001,1.0001,1.0001,52.39
coinbase,USDTUSDC,1678474380000,2023-03-10 18:53:00,1,1.0001,1,1.0001,1047.69
coinbase,USDTUSDC,1678474680000,2023-03-10 18:58:00,1.0001,1.0001,1.0001,1.0001,18957.48
coinbase,USDTUSDC,1678474740000,2023-03-10 18:59:00,1.0001,1.0001,1.0001,1.0001,26.94
coinbase,USDTUSDC,1678474920000,2023-03-10 19:02:00,1,1,1,1,34.74
coinbase,USDTUSDC,1678474980000,2023-03-10 19:03:00,1,1.0001,1,1.0001,1044.11
coinbase,USDTUSDC,1678475040000,2023-03-10 19:04:00,1.0001,1.0001,1,1,465.37
coinbase,USDTUSDC,1678475160000,2023-03-10 19:06:00,1.0001,1.0001,1,1,3.85
coinbase,USDTUSDC,1678475520000,2023-03-10 19:12:00,1.0002,1.0002,1.0002,1.0002,6707.99
coinbase,USDTUSDC,1678475880000,2023-03-10 19:18:00,1.0002,1.0002,1.0002,1.0002,21212.74
coinbase,USDTUSDC,1678476060000,2023-03-10 19:21:00,1.0001,1.0002,1.0001,1.0002,13133.63
coinbase,USDTUSDC,1678476240000,2023-03-10 19:24:00,1.0001,1.0001,1.0001,1.0001,1051.92
coinbase,USDTUSDC,1678476480000,2023-03-10 19:28:00,1.0002,1.0002,1.0001,1.0001,89291.77
coinbase,USDTUSDC,1678477080000,2023-03-10 19:38:00,1.0001,1.0001,1.0001,1.0001,3941.47
coinbase,USDTUSDC,1678477320000,2023-03-10 19:42:00,1,1.0001,1,1.0001,12744.45
coinbase,USDTUSDC,1678477560000,2023-03-10 19:46:00,1.0001,1.0001,1.0001,1.0001,206.06
coinbase,USDTUSDC,1678477740000,2023-03-10 19:49:00,1.0001,1.0001,1.0001,1.0001,2079.24
coinbase,USDTUSDC,1678477800000,2023-03-10 19:50:00,1.0001,1.0001,1.0001,1.0001,1037.85
coinbase,USDTUSDC,1678477980000,2023-03-10 19:53:00,1.0002,1.0002,1.0001,1.0001,3074.91
coinbase,USDTUSDC,1678478280000,2023-03-10 19:58:00,1.0002,1.0002,1.0002,1.0002,6330.21
coinbase,USDTUSDC,1678478340000,2023-03-10 19:59:00,1.0001,1.0001,1.0001,1.0001,16.17
coinbase,USDTUSDC,1678478460000,2023-03-10 20:01:00,1.0002,1.0002,1.0002,1.0002,1015.55
coinbase,USDTUSDC,1678478640000,2023-03-10 20:04:00,1.0001,1.0002,1.0001,1.0002,23.96
coinbase,USDTUSDC,1678478700000,2023-03-10 20:05:00,1.0002,1.0002,1.0001,1.0001,510.11
coinbase,USDTUSDC,1678478880000,2023-03-10 20:08:00,1.0002,1.0002,1.0001,1.0001,11488.71
coinbase,USDTUSDC,1678479060000,2023-03-10 20:11:00,1.0003,1.0003,1.0003,1.0003,321.81
coinbase,USDTUSDC,1678479180000,2023-03-10 20:13:00,1.0001,1.0003,1.0001,1.0003,6005.4
coinbase,USDTUSDC,1678479480000,2023-03-10 20:18:00,1.0004,1.0004,1.0004,1.0004,109.46
coinbase,USDTUSDC,1678479540000,2023-03-10 20:19:00,1.0004,1.0004,1.0004,1.0004,12910.78
coinbase,USDTUSDC,1678479600000,2023-03-10 20:20:00,1.0004,1.0004,1.0004,1.0004,302.43
coinbase,USDTUSDC,1678479660000,2023-03-10 20:21:00,1.0003,1.0003,1.0003,1.0003,12881.56
coinbase,USDTUSDC,1678480020000,2023-03-10 20:27:00,1.0003,1.0003,1.0002,1.0002,4367.83
coinbase,USDTUSDC,1678480320000,2023-03-10 20:32:00,1.0001,1.0002,1.0001,1.0002,15870.46
coinbase,USDTUSDC,1678480560000,2023-03-10 20:36:00,1.0002,1.0003,1.0002,1.0003,2949.37
coinbase,USDTUSDC,1678480800000,2023-03-10 20:40:00,1.0003,1.0003,1.0003,1.0003,15672.65
coinbase,USDTUSDC,1678480980000,2023-03-10 20:43:00,1.0003,1.0003,1.0003,1.0003,9402.06
coinbase,USDTUSDC,1678481100000,2023-03-10 20:45:00,1.0003,1.0003,1.0003,1.0003,8477.58
coinbase,USDTUSDC,1678481280000,2023-03-10 20:48:00,1.0003,1.0003,1.0003,1.0003,65527.34
coinbase,USDTUSDC,1678481340000,2023-03-10 20:49:00,1.0003,1.0003,1.0003,1.0003,8409.64
coinbase,USDTUSDC,1678481460000,2023-03-10 20:51:00,1.0002,1.0002,1.0002,1.0002,1.63
coinbase,USDTUSDC,1678481700000,2023-03-10 20:55:00,1.0003,1.0003,1.0003,1.0003,1.69
coinbase,USDTUSDC,1678481760000,2023-03-10 20:56:00,1.0003,1.0003,1.0003,1.0003,1280.26
coinbase,USDTUSDC,1678481880000,2023-03-10 20:58:00,1.0003,1.0003,1.0003,1.0003,11.38
coinbase,USDTUSDC,1678481940000,2023-03-10 20:59:00,1.0004,1.0004,1.0004,1.0004,24902.57
coinbase,USDTUSDC,1678482060000,2023-03-10 21:01:00,1.0004,1.0004,1.0004,1.0004,8554.76
coinbase,USDTUSDC,1678482120000,2023-03-10 21:02:00,1.0004,1.0004,1.0004,1.0004,90.86
coinbase,USDTUSDC,1678482180000,2023-03-10 21:03:00,1.0004,1.0004,1.0004,1.0004,3742.68
coinbase,USDTUSDC,1678482360000,2023-03-10 21:06:00,1.0005,1.0005,1.0005,1.0005,6581.88
coinbase,USDTUSDC,1678482540000,2023-03-10 21:09:00,1.0005,1.0005,1.0004,1.0004,8434
coinbase,USDTUSDC,1678482660000,2023-03-10 21:11:00,1.0004,1.0004,1.0004,1.0004,864.32
coinbase,USDTUSDC,1678482840000,2023-03-10 21:14:00,1.0005,1.0005,1.0004,1.0005,6018.6
coinbase,USDTUSDC,1678483020000,2023-03-10 21:17:00,1.0005,1.0005,1.0005,1.0005,950
coinbase,USDTUSDC,1678483080000,2023-03-10 21:18:00,1.0005,1.0005,1.0005,1.0005,11868.08
coinbase,USDTUSDC,1678483260000,2023-03-10 21:21:00,1.0005,1.0005,1.0005,1.0005,11483.96
coinbase,USDTUSDC,1678483320000,2023-03-10 21:22:00,1.0005,1.0005,1.0005,1.0005,3027.68
coinbase,USDTUSDC,1678483380000,2023-03-10 21:23:00,1.0005,1.0005,1.0005,1.0005,1043.79
coinbase,USDTUSDC,1678483440000,2023-03-10 21:24:00,1.0005,1.0006,1.0005,1.0006,18281.31
coinbase,USDTUSDC,1678483500000,2023-03-10 21:25:00,1.0006,1.0006,1.0006,1.0006,9222.25
coinbase,USDTUSDC,1678483560000,2023-03-10 21:26:00,1.0006,1.0007,1.0006,1.0007,9634.24
coinbase,USDTUSDC,1678483680000,2023-03-10 21:28:00,1.0007,1.0011,1.0007,1.0008,14956.21
coinbase,USDTUSDC,1678483800000,2023-03-10 21:30:00,1.0011,1.002,1.0009,1.0018,19005.03
coinbase,USDTUSDC,1678483860000,2023-03-10 21:31:00,1.0015,1.0016,1.0011,1.0011,42411.01
coinbase,USDTUSDC,1678483920000,2023-03-10 21:32:00,1.001,1.0011,1.0007,1.0007,19241.93
coinbase,USDTUSDC,1678483980000,2023-03-10 21:33:00,1.0006,1.0014,1.0005,1.0014,16719.11
coinbase,USDTUSDC,1678484040000,2023-03-10 21:34:00,1.0015,1.0018,1.0013,1.0013,8374.82
coinbase,USDTUSDC,1678484220000,2023-03-10 21:37:00,1.0008,1.001,1.0008,1.0008,14429.5
coinbase,USDTUSDC,1678484400000,2023-03-10 21:40:00,1.0008,1.0012,1.0008,1.0012,951
coinbase,USDTUSDC,1678484700000,2023-03-10 21:45:00,1.0015,1.002,1.0015,1.0018,8600.74
coinbase,USDTUSDC,1678484820000,2023-03-10 21:47:00,1.0018,1.002,1.0018,1.0018,8823.08
coinbase,USDTUSDC,1678484880000,2023-03-10 21:48:00,1.0018,1.0018,1.0015,1.0015,2570.99
coinbase,USDTUSDC,1678484940000,2023-03-10 21:49:00,1.0015,1.0015,1.0015,1.0015,1284.14
coinbase,USDTUSDC,1678485000000,2023-03-10 21:50:00,1.0015,1.0015,1.0012,1.0012,7380.01
coinbase,USDTUSDC,1678485120000,2023-03-10 21:52:00,1.0016,1.0018,1.0016,1.0017,8080.59
coinbase,USDTUSDC,1678485240000,2023-03-10 21:54:00,1.0015,1.0017,1.0014,1.0017,1105.65
coinbase,USDTUSDC,1678485360000,2023-03-10 21:56:00,1.0016,1.0016,1.0015,1.0016,104059.97
coinbase,USDTUSDC,1678485420000,2023-03-10 21:57:00,1.0017,1.0017,1.0014,1.0014,2337.18
coinbase,USDTUSDC,1678485540000,2023-03-10 21:59:00,1.0016,1.0016,1.0016,1.0016,1825.59
coinbase,USDTUSDC,1678485660000,2023-03-10 22:01:00,1.0016,1.0017,1.0016,1.0017,45130.42
coinbase,USDTUSDC,1678485720000,2023-03-10 22:02:00,1.0017,1.0019,1.0016,1.0019,9213.6
coinbase,USDTUSDC,1678485780000,2023-03-10 22:03:00,1.0022,1.0022,1.002,1.0022,5513.49
coinbase,USDTUSDC,1678485840000,2023-03-10 22:04:00,1.0019,1.0019,1.0019,1.0019,405.38
coinbase,USDTUSDC,1678485900000,2023-03-10 22:05:00,1.0019,1.002,1.0019,1.002,1298.34
coinbase,USDTUSDC,1678485960000,2023-03-10 22:06:00,1.002,1.0021,1.002,1.002,2032.95
coinbase,USDTUSDC,1678486080000,2023-03-10 22:08:00,1.002,1.0024,1.002,1.0024,41.47
coinbase,USDTUSDC,1678486140000,2023-03-10 22:09:00,1.0022,1.0022,1.0022,1.0022,10024.78
coinbase,USDTUSDC,1678486200000,2023-03-10 22:10:00,1.002,1.002,1.002,1.002,2097.45
coinbase,USDTUSDC,1678486380000,2023-03-10 22:13:00,1.0024,1.0025,1.002,1.002,8712.01
coinbase,USDTUSDC,1678486500000,2023-03-10 22:15:00,1.0026,1.0029,1.0022,1.0029,3294.31
coinbase,USDTUSDC,1678486560000,2023-03-10 22:16:00,1.003,1.0038,1.003,1.0038,4048.58
coinbase,USDTUSDC,1678486620000,2023-03-10 22:17:00,1.003,1.0034,1.003,1.0033,7878.79
coinbase,USDTUSDC,1678486740000,2023-03-10 22:19:00,1.0035,1.0038,1.0035,1.0038,6538.76
coinbase,USDTUSDC,1678486800000,2023-03-10 22:20:00,1.0037,1.0037,1.0033,1.0034,6828.5
coinbase,USDTUSDC,1678486980000,2023-03-10 22:23:00,1.0032,1.004,1.0032,1.0035,16752.59
coinbase,USDTUSDC,1678487040000,2023-03-10 22:24:00,1.0039,1.0039,1.0035,1.0036,1900.07
coinbase,USDTUSDC,1678487160000,2023-03-10 22:26:00,1.0033,1.0034,1.0032,1.0034,4245.4
coinbase,USDTUSDC,1678487220000,2023-03-10 22:27:00,1.0033,1.0034,1.0031,1.0034,5865.73
coinbase,USDTUSDC,1678487280000,2023-03-10 22:28:00,1.0035,1.0038,1.0035,1.0038,6014.58
coinbase,USDTUSDC,1678487340000,2023-03-10 22:29:00,1.0039,1.0043,1.0039,1.0043,19549.04
coinbase,USDTUSDC,1678487400000,2023-03-10 22:30:00,1.0036,1.0044,1.0035,1.0038,7297.19
coinbase,USDTUSDC,1678487460000,2023-03-10 22:31:00,1.0037,1.0039,1.0036,1.0036,1533.17
coinbase,USDTUSDC,1678487520000,2023-03-10 22:32:00,1.0037,1.0039,1.0035,1.0036,16869.15
coinbase,USDTUSDC,1678487580000,2023-03-10 22:33:00,1.0036,1.0039,1.0036,1.0039,4899.37
coinbase,USDTUSDC,1678487640000,2023-03-10 22:34:00,1.0039,1.0039,1.0032,1.0032,17306.15
coinbase,USDTUSDC,1678487700000,2023-03-10 22:35:00,1.0031,1.0038,1.003,1.0035,27068.48
coinbase,USDTUSDC,1678487760000,2023-03-10 22:36:00,1.0035,1.0038,1.0035,1.0036,8084.26
coinbase,USDTUSDC,1678487820000,2023-03-10 22:37:00,1.0032,1.0041,1.0031,1.0031,35170.94
coinbase,USDTUSDC,1678487880000,2023-03-10 22:38:00,1.0031,1.0031,1.0031,1.0031,1284.14
coinbase,USDTUSDC,1678487940000,2023-03-10 22:39:00,1.0033,1.0034,1.003,1.0034,6462.99
coinbase,USDTUSDC,1678488060000,2023-03-10 22:41:00,1.0034,1.0034,1.0034,1.0034,2043.85
coinbase,USDTUSDC,1678488240000,2023-03-10 22:44:00,1.0033,1.0033,1.0032,1.0032,1658.63
coinbase,USDTUSDC,1678488360000,2023-03-10 22:46:00,1.0037,1.0037,1.0034,1.0034,1290.3
coinbase,USDTUSDC,1678488420000,2023-03-10 22:47:00,1.0036,1.0036,1.0034,1.0034,3398.83
coinbase,USDTUSDC,1678488480000,2023-03-10 22:48:00,1.0036,1.0036,1.0035,1.0035,254.5
coinbase,USDTUSDC,1678488840000,2023-03-10 22:54:00,1.0038,1.0039,1.0035,1.0038,7028.97
coinbase,USDTUSDC,1678488900000,2023-03-10 22:55:00,1.004,1.004,1.004,1.004,1319.58
coinbase,USDTUSDC,1678488960000,2023-03-10 22:56:00,1.0036,1.004,1.0036,1.004,2333.19
coinbase,USDTUSDC,1678489080000,2023-03-10 22:58:00,1.004,1.004,1.0039,1.0039,227.66
coinbase,USDTUSDC,1678489200000,2023-03-10 23:00:00,1.0039,1.0039,1.0036,1.0036,978.05
coinbase,USDTUSDC,1678453260000,2023-03-10 13:01:00,1,1,1,1,14999.85
coinbase,USDTUSDC,1678453380000,2023-03-10 13:03:00,0.9999,0.9999,0.9999,0.9999,15.41
coinbase,USDTUSDC,1678453560000,2023-03-10 13:06:00,0.9999,0.9999,0.9999,0.9999,14.03
coinbase,USDTUSDC,1678453920000,2023-03-10 13:12:00,1,1,1,1,51.03
coinbase,USDTUSDC,1678454040000,2023-03-10 13:14:00,1,1,0.9999,0.9999,40.37
coinbase,USDTUSDC,1678454280000,2023-03-10 13:18:00,1,1,0.9999,0.9999,17.63
coinbase,USDTUSDC,1678454520000,2023-03-10 13:22:00,1,1,1,1,1092.98
coinbase,USDTUSDC,1678455000000,2023-03-10 13:30:00,0.9999,1,0.9998,0.9998,7301.83
coinbase,USDTUSDC,1678455060000,2023-03-10 13:31:00,0.9999,0.9999,0.9998,0.9998,20424.79
coinbase,USDTUSDC,1678455600000,2023-03-10 13:40:00,1,1,1,1,1109.98
coinbase,USDTUSDC,1678455780000,2023-03-10 13:43:00,1,1,0.9999,0.9999,1046.37
coinbase,USDTUSDC,1678455900000,2023-03-10 13:45:00,0.9999,0.9999,0.9999,0.9999,12.1
coinbase,USDTUSDC,1678456020000,2023-03-10 13:47:00,1,1,1,1,2284.73
coinbase,USDTUSDC,1678456260000,2023-03-10 13:51:00,0.9999,0.9999,0.9999,0.9999,18.02
coinbase,USDTUSDC,1678456560000,2023-03-10 13:56:00,0.9999,0.9999,0.9998,0.9999,30.05
coinbase,USDTUSDC,1678456860000,2023-03-10 14:01:00,1,1,1,1,22.78
coinbase,USDTUSDC,1678457100000,2023-03-10 14:05:00,1.0001,1.0001,1,1,24.61
coinbase,USDTUSDC,1678457280000,2023-03-10 14:08:00,1,1,0.9998,0.9998,24.03
coinbase,USDTUSDC,1678457580000,2023-03-10 14:13:00,0.9998,0.9998,0.9998,0.9998,22.93
coinbase,USDTUSDC,1678457760000,2023-03-10 14:16:00,0.9998,1,0.9998,1,736.22
coinbase,USDTUSDC,1678458840000,2023-03-10 14:34:00,1.0001,1.0001,1.0001,1.0001,95.18
coinbase,USDTUSDC,1678459380000,2023-03-10 14:43:00,1.0001,1.0002,1.0001,1.0001,82.23
coinbase,USDTUSDC,1678459800000,2023-03-10 14:50:00,1.0001,1.0001,1.0001,1.0001,162.04
coinbase,USDTUSDC,1678460160000,2023-03-10 14:56:00,1.0001,1.0001,1.0001,1.0001,15.51
coinbase,USDTUSDC,1678460340000,2023-03-10 14:59:00,1,1.0001,1,1.0001,1392.51
coinbase,USDTUSDC,1678460520000,2023-03-10 15:02:00,1.0001,1.0001,1.0001,1.0001,30.01
coinbase,USDTUSDC,1678460700000,2023-03-10 15:05:00,1,1.0001,1,1.0001,1078.3
coinbase,USDTUSDC,1678461060000,2023-03-10 15:11:00,1,1.0001,1,1.0001,6.62
coinbase,USDTUSDC,1678461540000,2023-03-10 15:19:00,1.0001,1.0001,0.9999,1,35738.38
coinbase,USDTUSDC,1678462440000,2023-03-10 15:34:00,1,1.0001,1,1.0001,2117.43
coinbase,USDTUSDC,1678462740000,2023-03-10 15:39:00,1.0001,1.0001,1.0001,1.0001,1591.11
coinbase,USDTUSDC,1678462860000,2023-03-10 15:41:00,1.0001,1.0001,0.9999,0.9999,1438.22
coinbase,USDTUSDC,1678463100000,2023-03-10 15:45:00,0.9999,0.9999,0.9999,0.9999,3.96
coinbase,USDTUSDC,1678463280000,2023-03-10 15:48:00,0.9999,0.9999,0.9999,0.9999,9.33
coinbase,USDTUSDC,1678463460000,2023-03-10 15:51:00,1.0001,1.0001,0.9999,0.9999,256.78
coinbase,USDTUSDC,1678463760000,2023-03-10 15:56:00,0.9999,0.9999,0.9999,0.9999,16.03
coinbase,USDTUSDC,1678464060000,2023-03-10 16:01:00,0.9999,0.9999,0.9999,0.9999,8.92
coinbase,USDTUSDC,1678464240000,2023-03-10 16:04:00,0.9999,0.9999,0.9999,0.9999,28.57
coinbase,USDTUSDC,1678464420000,2023-03-10 16:07:00,1,1,1,1,10
coinbase,USDTUSDC,1678464600000,2023-03-10 16:10:00,1.0001,1.0001,1.0001,1.0001,1009.89
coinbase,USDTUSDC,1678464780000,2023-03-10 16:13:00,1,1.0001,1,1.0001,33525.58
coinbase,USDTUSDC,1678464900000,2023-03-10 16:15:00,1,1.0001,1,1.0001,1243.59
coinbase,USDTUSDC,1678465140000,2023-03-10 16:19:00,1.0001,1.0001,1,1,1032.72
coinbase,USDTUSDC,1678465560000,2023-03-10 16:26:00,1.0001,1.0001,1.0001,1.0001,31.56
coinbase,USDTUSDC,1678465860000,2023-03-10 16:31:00,1.0001,1.0001,1,1,3523.07
coinbase,USDTUSDC,1678466160000,2023-03-10 16:36:00,1,1.0001,1,1.0001,2123.14
coinbase,USDTUSDC,1678466460000,2023-03-10 16:41:00,1.0001,1.0001,1,1,120.42
coinbase,USDTUSDC,1678466580000,2023-03-10 16:43:00,1,1,1,1,2078.27
coinbase,USDTUSDC,1678467120000,2023-03-10 16:52:00,1,1,1,1,727.74
coinbase,USDTUSDC,1678467360000,2023-03-10 16:56:00,1,1,1,1,37.79
coinbase,USDTUSDC,1678467660000,2023-03-10 17:01:00,1,1,1,1,2081.34
coinbase,USDTUSDC,1678467780000,2023-03-10 17:03:00,1.0001,1.0001,1,1,2771.03
coinbase,USDTUSDC,1678467840000,2023-03-10 17:04:00,1,1,1,1,3574.06
coinbase,USDTUSDC,1678467900000,2023-03-10 17:05:00,1,1,1,1,2033.59
coinbase,USDTUSDC,1678467960000,2023-03-10 17:06:00,1,1,1,1,33808.15
coinbase,USDTUSDC,1678468260000,2023-03-10 17:11:00,1.0001,1.0001,1.0001,1.0001,2.22
coinbase,USDTUSDC,1678468320000,2023-03-10 17:12:00,1,1.0001,1,1.0001,127.9
coinbase,USDTUSDC,1678468500000,2023-03-10 17:15:00,1,1.0001,1,1.0001,1643.8
coinbase,USDTUSDC,1678468680000,2023-03-10 17:18:00,1.0001,1.0001,1,1,1890.78
coinbase,USDTUSDC,1678469760000,2023-03-10 17:36:00,1,1.0001,1,1.0001,1154.18
coinbase,USDTUSDC,1678470420000,2023-03-10 17:47:00,0.9999,1.0001,0.9999,1.0001,5.18
coinbase,USDTUSDC,1678470660000,2023-03-10 17:51:00,1,1.0001,0.9999,1.0001,969.17
coinbase,USDTUSDC,1678471080000,2023-03-10 17:58:00,1,1.0001,1,1.0001,544.81
coinbase,USDTUSDC,1678435260000,2023-03-10 08:01:00,1,1,1,1,159.84
coinbase,USDTUSDC,1678435440000,2023-03-10 08:04:00,1,1,0.9999,0.9999,8.05
coinbase,USDTUSDC,1678435920000,2023-03-10 08:12:00,0.9998,0.9998,0.9998,0.9998,2.69
coinbase,USDTUSDC,1678436100000,2023-03-10 08:15:00,0.9998,0.9998,0.9998,0.9998,13.1
coinbase,USDTUSDC,1678436160000,2023-03-10 08:16:00,0.9998,0.9998,0.9998,0.9998,3.17
coinbase,USDTUSDC,1678436280000,2023-03-10 08:18:00,0.9999,1,0.9999,1,5.69
coinbase,USDTUSDC,1678436400000,2023-03-10 08:20:00,1,1,1,1,1082.18
coinbase,USDTUSDC,1678436460000,2023-03-10 08:21:00,0.9998,0.9999,0.9998,0.9999,16.72
coinbase,USDTUSDC,1678437780000,2023-03-10 08:43:00,0.9998,1,0.9998,1,856.41
coinbase,USDTUSDC,1678438920000,2023-03-10 09:02:00,1,1,1,1,12.86
coinbase,USDTUSDC,1678439040000,2023-03-10 09:04:00,1,1,0.9999,0.9999,9.14
coinbase,USDTUSDC,1678439340000,2023-03-10 09:09:00,1,1,1,1,10.37
coinbase,USDTUSDC,1678439460000,2023-03-10 09:11:00,1,1,1,1,17.42
coinbase,USDTUSDC,1678439520000,2023-03-10 09:12:00,1,1,1,1,13.72
coinbase,USDTUSDC,1678439580000,2023-03-10 09:13:00,1,1,1,1,18.52
coinbase,USDTUSDC,1678439700000,2023-03-10 09:15:00,1,1,1,1,59.99
coinbase,USDTUSDC,1678439880000,2023-03-10 09:18:00,1,1,1,1,101.54
coinbase,USDTUSDC,1678440300000,2023-03-10 09:25:00,1,1,1,1,5879.59
coinbase,USDTUSDC,1678441020000,2023-03-10 09:37:00,0.9999,1,0.9999,1,3029.42
coinbase,USDTUSDC,1678441200000,2023-03-10 09:40:00,1,1,1,1,329.97
coinbase,USDTUSDC,1678441860000,2023-03-10 09:51:00,1,1,1,1,194.63
coinbase,USDTUSDC,1678441920000,2023-03-10 09:52:00,1,1,1,1,5.23
coinbase,USDTUSDC,1678442460000,2023-03-10 10:01:00,1,1,1,1,26.43
coinbase,USDTUSDC,1678442520000,2023-03-10 10:02:00,1,1.0001,1,1.0001,5020.86
coinbase,USDTUSDC,1678442820000,2023-03-10 10:07:00,1,1,0.9999,1,132.19
coinbase,USDTUSDC,1678442940000,2023-03-10 10:09:00,1,1,1,1,5.2
coinbase,USDTUSDC,1678443060000,2023-03-10 10:11:00,1,1,1,1,21.85
coinbase,USDTUSDC,1678443120000,2023-03-10 10:12:00,1,1,1,1,17.87
coinbase,USDTUSDC,1678443180000,2023-03-10 10:13:00,1,1,1,1,26.14
coinbase,USDTUSDC,1678443420000,2023-03-10 10:17:00,1,1,1,1,18.28
coinbase,USDTUSDC,1678443480000,2023-03-10 10:18:00,1,1,1,1,25.68
coinbase,USDTUSDC,1678443960000,2023-03-10 10:26:00,1,1,1,1,1172.45
coinbase,USDTUSDC,1678444080000,2023-03-10 10:28:00,1,1,1,1,2513.36
coinbase,USDTUSDC,1678444140000,2023-03-10 10:29:00,1,1,1,1,1139.73
coinbase,USDTUSDC,1678444380000,2023-03-10 10:33:00,1,1,1,1,1043.69
coinbase,USDTUSDC,1678444440000,2023-03-10 10:34:00,1,1,0.9999,1,1069.3
coinbase,USDTUSDC,1678444800000,2023-03-10 10:40:00,1,1,1,1,1046.06
coinbase,USDTUSDC,1678445040000,2023-03-10 10:44:00,0.9999,1,0.9999,1,970.49
coinbase,USDTUSDC,1678445160000,2023-03-10 10:46:00,1,1,1,1,130.14
coinbase,USDTUSDC,1678445400000,2023-03-10 10:50:00,1,1.0001,1,1.0001,5026.47
coinbase,USDTUSDC,1678445820000,2023-03-10 10:57:00,1,1,1,1,1007.64
coinbase,USDTUSDC,1678446180000,2023-03-10 11:03:00,1,1,0.9999,1,88.78
coinbase,USDTUSDC,1678446600000,2023-03-10 11:10:00,1,1,1,1,3.15
coinbase,USDTUSDC,1678446660000,2023-03-10 11:11:00,1,1,1,1,11.53
coinbase,USDTUSDC,1678446720000,2023-03-10 11:12:00,1,1,1,1,32.67
coinbase,USDTUSDC,1678446780000,2023-03-10 11:13:00,1.0001,1.0001,1,1,145.41
coinbase,USDTUSDC,1678446840000,2023-03-10 11:14:00,1.0001,1.0001,1,1.0001,953.31
coinbase,USDTUSDC,1678446960000,2023-03-10 11:16:00,1.0001,1.0001,1.0001,1.0001,50.92
coinbase,USDTUSDC,1678447080000,2023-03-10 11:18:00,1.0001,1.0001,0.9999,1.0001,18.9
coinbase,USDTUSDC,1678447500000,2023-03-10 11:25:00,1,1,1,1,1089.48
coinbase,USDTUSDC,1678447560000,2023-03-10 11:26:00,1.0001,1.0001,1.0001,1.0001,8.69
coinbase,USDTUSDC,1678447620000,2023-03-10 11:27:00,1,1,1,1,3110.07
coinbase,USDTUSDC,1678447800000,2023-03-10 11:30:00,1,1,1,1,2074.06
coinbase,USDTUSDC,1678447860000,2023-03-10 11:31:00,1,1,1,1,2074.26
coinbase,USDTUSDC,1678447980000,2023-03-10 11:33:00,1,1.0001,1,1,2559.93
coinbase,USDTUSDC,1678448040000,2023-03-10 11:34:00,1,1,1,1,986.08
coinbase,USDTUSDC,1678448100000,2023-03-10 11:35:00,1,1,1,1,3108.1
coinbase,USDTUSDC,1678448220000,2023-03-10 11:37:00,1,1,1,1,4132.8
coinbase,USDTUSDC,1678448280000,2023-03-10 11:38:00,1,1,1,1,1044.25
coinbase,USDTUSDC,1678448340000,2023-03-10 11:39:00,1,1,1,1,1155.06
coinbase,USDTUSDC,1678448460000,2023-03-10 11:41:00,1,1.0001,1,1,4217.25
coinbase,USDTUSDC,1678448520000,2023-03-10 11:42:00,1,1.0001,1,1.0001,969.84
coinbase,USDTUSDC,1678448580000,2023-03-10 11:43:00,1.0001,1.0001,1.0001,1.0001,28058.08
coinbase,USDTUSDC,1678448880000,2023-03-10 11:48:00,1.0001,1.0001,1.0001,1.0001,284.97
coinbase,USDTUSDC,1678449240000,2023-03-10 11:54:00,1,1,1,1,1308.15
coinbase,USDTUSDC,1678449540000,2023-03-10 11:59:00,1,1,1,1,13.88
coinbase,USDTUSDC,1678449600000,2023-03-10 12:00:00,1.0001,1.0001,1,1,1296.51
coinbase,USDTUSDC,1678449780000,2023-03-10 12:03:00,1,1,1,1,762
coinbase,USDTUSDC,1678449840000,2023-03-10 12:04:00,1,1,0.9999,1,2573.41
coinbase,USDTUSDC,1678450320000,2023-03-10 12:12:00,0.9999,0.9999,0.9999,0.9999,7.32
coinbase,USDTUSDC,1678450560000,2023-03-10 12:16:00,1,1,0.9999,0.9999,28.12
coinbase,USDTUSDC,1678451100000,2023-03-10 12:25:00,1,1,1,1,1144.87
coinbase,USDTUSDC,1678451280000,2023-03-10 12:28:00,1,1,1,1,503.02
coinbase,USDTUSDC,1678451460000,2023-03-10 12:31:00,1,1,1,1,652.5
coinbase,USDTUSDC,1678451700000,2023-03-10 12:35:00,1,1,1,1,22.96
coinbase,USDTUSDC,1678452300000,2023-03-10 12:45:00,0.9999,0.9999,0.9999,0.9999,302.68
coinbase,USDTUSDC,1678452600000,2023-03-10 12:50:00,0.9999,0.9999,0.9999,0.9999,4.98
coinbase,USDTUSDC,1678452900000,2023-03-10 12:55:00,0.9999,0.9999,0.9999,0.9999,87.92
coinbase,USDTUSDC,1678417380000,2023-03-10 03:03:00,1.0001,1.0001,1.0001,1.0001,2.48
coinbase,USDTUSDC,1678417740000,2023-03-10 03:09:00,1.0001,1.0001,1.0001,1.0001,5.59
coinbase,USDTUSDC,1678417860000,2023-03-10 03:11:00,1.0001,1.0001,1.0001,1.0001,9.74
coinbase,USDTUSDC,1678417920000,2023-03-10 03:12:00,1.0001,1.0001,1.0001,1.0001,4.65
coinbase,USDTUSDC,1678417980000,2023-03-10 03:13:00,1.0001,1.0001,1.0001,1.0001,11.21
coinbase,USDTUSDC,1678418100000,2023-03-10 03:15:00,1.0001,1.0001,1.0001,1.0001,12.58
coinbase,USDTUSDC,1678418580000,2023-03-10 03:23:00,1.0001,1.0001,1.0001,1.0001,5253.82
coinbase,USDTUSDC,1678419360000,2023-03-10 03:36:00,1.0001,1.0001,1,1,1631.14
coinbase,USDTUSDC,1678419960000,2023-03-10 03:46:00,1.0001,1.0001,1.0001,1.0001,1102.32
coinbase,USDTUSDC,1678420920000,2023-03-10 04:02:00,0.9999,0.9999,0.9999,0.9999,2.44
coinbase,USDTUSDC,1678421580000,2023-03-10 04:13:00,1,1,1,1,2.8
coinbase,USDTUSDC,1678421700000,2023-03-10 04:15:00,1,1,1,1,4.71
coinbase,USDTUSDC,1678422000000,2023-03-10 04:20:00,1,1.0001,1,1.0001,2425.07
coinbase,USDTUSDC,1678424040000,2023-03-10 04:54:00,1.0001,1.0001,1.0001,1.0001,249.99
coinbase,USDTUSDC,1678424160000,2023-03-10 04:56:00,1.0001,1.0001,1.0001,1.0001,1199.1
coinbase,USDTUSDC,1678424520000,2023-03-10 05:02:00,1.0001,1.0001,1.0001,1.0001,11.78
coinbase,USDTUSDC,1678424580000,2023-03-10 05:03:00,1.0001,1.0001,1.0001,1.0001,23806.59
coinbase,USDTUSDC,1678424640000,2023-03-10 05:04:00,1.0001,1.0001,1.0001,1.0001,115.04
coinbase,USDTUSDC,1678424940000,2023-03-10 05:09:00,1.0001,1.0001,1.0001,1.0001,4.63
coinbase,USDTUSDC,1678425120000,2023-03-10 05:12:00,1.0001,1.0001,1.0001,1.0001,22.66
coinbase,USDTUSDC,1678425240000,2023-03-10 05:14:00,1.0001,1.0001,1.0001,1.0001,3.04
coinbase,USDTUSDC,1678425480000,2023-03-10 05:18:00,1.0001,1.0001,1,1,15.34
coinbase,USDTUSDC,1678425720000,2023-03-10 05:22:00,1,1,0.9999,0.9999,135761.23
coinbase,USDTUSDC,1678425960000,2023-03-10 05:26:00,1,1,0.9999,0.9999,29.95
coinbase,USDTUSDC,1678426500000,2023-03-10 05:35:00,1,1,1,1,619.43
coinbase,USDTUSDC,1678426920000,2023-03-10 05:42:00,1,1,1,1,76.21
coinbase,USDTUSDC,1678428240000,2023-03-10 06:04:00,0.9999,0.9999,0.9999,0.9999,9.75
coinbase,USDTUSDC,1678428360000,2023-03-10 06:06:00,0.9999,0.9999,0.9999,0.9999,5.48
coinbase,USDTUSDC,1678428720000,2023-03-10 06:12:00,1,1,0.9999,0.9999,8.27
coinbase,USDTUSDC,1678428900000,2023-03-10 06:15:00,0.9999,0.9999,0.9999,0.9999,6.88
coinbase,USDTUSDC,1678429020000,2023-03-10 06:17:00,0.9999,0.9999,0.9999,0.9999,9.56
coinbase,USDTUSDC,1678429500000,2023-03-10 06:25:00,1,1,1,1,61.82
coinbase,USDTUSDC,1678431420000,2023-03-10 06:57:00,0.9999,1,0.9999,1,26.67
coinbase,USDTUSDC,1678431840000,2023-03-10 07:04:00,1.0001,1.0001,1.0001,1.0001,7121.28
coinbase,USDTUSDC,1678432200000,2023-03-10 07:10:00,1.0002,1.0002,1.0001,1.0001,5060.06
coinbase,USDTUSDC,1678432320000,2023-03-10 07:12:00,1.0001,1.0001,1.0001,1.0001,35.32
coinbase,USDTUSDC,1678432440000,2023-03-10 07:14:00,1.0001,1.0001,1.0001,1.0001,12598.41
coinbase,USDTUSDC,1678432680000,2023-03-10 07:18:00,1.0002,1.0002,1,1,707.56
coinbase,USDTUSDC,1678432860000,2023-03-10 07:21:00,1,1,1,1,779.08
coinbase,USDTUSDC,1678433820000,2023-03-10 07:37:00,1,1,1,1,14488.08
coinbase,USDTUSDC,1678399320000,2023-03-09 22:02:00,1.0001,1.0001,1,1,360
coinbase,USDTUSDC,1678399440000,2023-03-09 22:04:00,0.9999,1,0.9999,1,105.27
coinbase,USDTUSDC,1678399740000,2023-03-09 22:09:00,1,1.0001,1,1.0001,311.98
coinbase,USDTUSDC,1678399860000,2023-03-09 22:11:00,1,1.0001,1,1.0001,2761.51
coinbase,USDTUSDC,1678399920000,2023-03-09 22:12:00,0.9999,0.9999,0.9999,0.9999,22.58
coinbase,USDTUSDC,1678400040000,2023-03-09 22:14:00,1,1,1,1,317
coinbase,USDTUSDC,1678400100000,2023-03-09 22:15:00,0.9999,0.9999,0.9999,0.9999,76.6
coinbase,USDTUSDC,1678400460000,2023-03-09 22:21:00,1,1,1,1,50265.57
coinbase,USDTUSDC,1678401420000,2023-03-09 22:37:00,1.0001,1.0001,1.0001,1.0001,1050.01
coinbase,USDTUSDC,1678401720000,2023-03-09 22:42:00,1.0001,1.0002,1.0001,1.0002,139294.7
coinbase,USDTUSDC,1678402680000,2023-03-09 22:58:00,1.0002,1.0003,1.0002,1.0003,517.97
coinbase,USDTUSDC,1678402920000,2023-03-09 23:02:00,1.0002,1.0002,1.0001,1.0001,60.73
coinbase,USDTUSDC,1678402980000,2023-03-09 23:03:00,1.0003,1.0003,1.0001,1.0001,14.69
coinbase,USDTUSDC,1678403040000,2023-03-09 23:04:00,1.0001,1.0001,1.0001,1.0001,26.85
coinbase,USDTUSDC,1678403340000,2023-03-09 23:09:00,1.0001,1.0001,1.0001,1.0001,1.39
coinbase,USDTUSDC,1678403520000,2023-03-09 23:12:00,1.0001,1.0001,1.0001,1.0001,1011.34
coinbase,USDTUSDC,1678403640000,2023-03-09 23:14:00,1,1,0.9999,1,16529.13
coinbase,USDTUSDC,1678403820000,2023-03-09 23:17:00,0.9999,0.9999,0.9999,0.9999,2.12
coinbase,USDTUSDC,1678403880000,2023-03-09 23:18:00,0.9999,1,0.9999,1,138.13
coinbase,USDTUSDC,1678405380000,2023-03-09 23:43:00,1,1,1,1,1018.32
coinbase,USDTUSDC,1678405800000,2023-03-09 23:50:00,1,1,1,1,1290.57
coinbase,USDTUSDC,1678406400000,2023-03-10 00:00:00,1.0001,1.0001,1,1,1457.4
coinbase,USDTUSDC,1678406700000,2023-03-10 00:05:00,1,1,1,1,4214.12
coinbase,USDTUSDC,1678406940000,2023-03-10 00:09:00,0.9999,0.9999,0.9998,0.9998,5.8
coinbase,USDTUSDC,1678407120000,2023-03-10 00:12:00,1,1,0.9998,0.9999,13.3
coinbase,USDTUSDC,1678407180000,2023-03-10 00:13:00,0.9999,0.9999,0.9999,0.9999,11.29
coinbase,USDTUSDC,1678407300000,2023-03-10 00:15:00,0.9999,1.0001,0.9999,1.0001,9.82
coinbase,USDTUSDC,1678407480000,2023-03-10 00:18:00,1.0001,1.0001,1.0001,1.0001,1.69
coinbase,USDTUSDC,1678407600000,2023-03-10 00:20:00,0.9999,1.0001,0.9999,1.0001,16.83
coinbase,USDTUSDC,1678409460000,2023-03-10 00:51:00,1.0001,1.0001,1,1,1091.64
coinbase,USDTUSDC,1678410120000,2023-03-10 01:02:00,1.0001,1.0001,1.0001,1.0001,23.65
coinbase,USDTUSDC,1678410240000,2023-03-10 01:04:00,1,1.0002,1,1.0002,4676.66
coinbase,USDTUSDC,1678410420000,2023-03-10 01:07:00,1,1,1,1,82.74
coinbase,USDTUSDC,1678410540000,2023-03-10 01:09:00,1.0001,1.0001,1.0001,1.0001,8.06
coinbase,USDTUSDC,1678410660000,2023-03-10 01:11:00,1.0001,1.0001,1.0001,1.0001,12.08
coinbase,USDTUSDC,1678410720000,2023-03-10 01:12:00,1.0001,1.0001,1.0001,1.0001,28.37
coinbase,USDTUSDC,1678410840000,2023-03-10 01:14:00,1.0001,1.0001,1,1,309.87
coinbase,USDTUSDC,1678410960000,2023-03-10 01:16:00,0.9999,0.9999,0.9999,0.9999,1027.69
coinbase,USDTUSDC,1678411020000,2023-03-10 01:17:00,0.9999,1.0001,0.9999,1.0001,366.94
coinbase,USDTUSDC,1678411080000,2023-03-10 01:18:00,1.0001,1.0001,1,1,14.51
coinbase,USDTUSDC,1678411140000,2023-03-10 01:19:00,0.9999,1.0001,0.9999,1.0001,463.24
coinbase,USDTUSDC,1678411500000,2023-03-10 01:25:00,1,1,1,1,1044.18
coinbase,USDTUSDC,1678411680000,2023-03-10 01:28:00,1.0001,1.0001,1.0001,1.0001,145.16
coinbase,USDTUSDC,1678411800000,2023-03-10 01:30:00,1,1,1,1,1159.52
coinbase,USDTUSDC,1678411860000,2023-03-10 01:31:00,1,1,0.9999,0.9999,19.59
coinbase,USDTUSDC,1678411980000,2023-03-10 01:33:00,1.0001,1.0001,1,1,215.3
coinbase,USDTUSDC,1678412400000,2023-03-10 01:40:00,1,1,1,1,5440.9
coinbase,USDTUSDC,1678412940000,2023-03-10 01:49:00,1.0001,1.0001,1,1,5099.82
coinbase,USDTUSDC,1678413480000,2023-03-10 01:58:00,1,1,1,1,212.51
coinbase,USDTUSDC,1678413720000,2023-03-10 02:02:00,0.9999,0.9999,0.9999,0.9999,15.12
coinbase,USDTUSDC,1678414020000,2023-03-10 02:07:00,1,1,0.9999,0.9999,8.61
coinbase,USDTUSDC,1678414260000,2023-03-10 02:11:00,0.9999,0.9999,0.9999,0.9999,27.85
coinbase,USDTUSDC,1678414500000,2023-03-10 02:15:00,0.9999,0.9999,0.9999,0.9999,21.46
coinbase,USDTUSDC,1678414620000,2023-03-10 02:17:00,0.9999,0.9999,0.9999,0.9999,9.82
coinbase,USDTUSDC,1678415400000,2023-03-10 02:30:00,1.0001,1.0001,0.9999,1.0001,161
coinbase,USDTUSDC,1678416300000,2023-03-10 02:45:00,1,1.0001,1,1.0001,1506.5
coinbase,USDTUSDC,1678417080000,2023-03-10 02:58:00,1,1.0001,1,1.0001,13.77
coinbase,USDTUSDC,1678381320000,2023-03-09 17:02:00,0.9998,0.9999,0.9997,0.9999,722.49
coinbase,USDTUSDC,1678381440000,2023-03-09 17:04:00,0.9999,0.9999,0.9997,0.9998,243.01
coinbase,USDTUSDC,1678381800000,2023-03-09 17:10:00,0.9998,0.9998,0.9997,0.9997,383.6
coinbase,USDTUSDC,1678381860000,2023-03-09 17:11:00,0.9998,0.9998,0.9998,0.9998,12.79
coinbase,USDTUSDC,1678381920000,2023-03-09 17:12:00,0.9998,0.9998,0.9998,0.9998,530.56
coinbase,USDTUSDC,1678382040000,2023-03-09 17:14:00,0.9998,0.9998,0.9998,0.9998,8.58
coinbase,USDTUSDC,1678382280000,2023-03-09 17:18:00,0.9998,0.9998,0.9997,0.9997,111.03
coinbase,USDTUSDC,1678383120000,2023-03-09 17:32:00,0.9998,0.9998,0.9997,0.9997,527.05
coinbase,USDTUSDC,1678384140000,2023-03-09 17:49:00,0.9999,0.9999,0.9997,0.9997,1025.1
coinbase,USDTUSDC,1678385160000,2023-03-09 18:06:00,0.9997,0.9997,0.9997,0.9997,4.55
coinbase,USDTUSDC,1678385340000,2023-03-09 18:09:00,0.9998,0.9998,0.9998,0.9998,5.46
coinbase,USDTUSDC,1678385520000,2023-03-09 18:12:00,0.9998,0.9998,0.9998,0.9998,9.13
coinbase,USDTUSDC,1678385580000,2023-03-09 18:13:00,0.9997,0.9998,0.9997,0.9998,7.72
coinbase,USDTUSDC,1678385820000,2023-03-09 18:17:00,0.9998,0.9998,0.9998,0.9998,1.81
coinbase,USDTUSDC,1678386120000,2023-03-09 18:22:00,0.9998,0.9998,0.9997,0.9997,1030.52
coinbase,USDTUSDC,1678386600000,2023-03-09 18:30:00,0.9999,1,0.9999,0.9999,17073.35
coinbase,USDTUSDC,1678386720000,2023-03-09 18:32:00,1,1,1,1,2043.18
coinbase,USDTUSDC,1678388220000,2023-03-09 18:57:00,0.9999,1,0.9999,1,159.91
coinbase,USDTUSDC,1678388340000,2023-03-09 18:59:00,0.9999,0.9999,0.9997,0.9998,54197.72
coinbase,USDTUSDC,1678388460000,2023-03-09 19:01:00,0.9998,0.9999,0.9998,0.9999,31.02
coinbase,USDTUSDC,1678388520000,2023-03-09 19:02:00,0.9998,0.9998,0.9998,0.9998,42.55
coinbase,USDTUSDC,1678388640000,2023-03-09 19:04:00,0.9998,0.9998,0.9997,0.9997,1157.54
coinbase,USDTUSDC,1678388880000,2023-03-09 19:08:00,0.9997,0.9997,0.9997,0.9997,1074.02
coinbase,USDTUSDC,1678388940000,2023-03-09 19:09:00,0.9999,0.9999,0.9998,0.9999,38.31
coinbase,USDTUSDC,1678389060000,2023-03-09 19:11:00,0.9999,0.9999,0.9999,0.9999,44.84
coinbase,USDTUSDC,1678389120000,2023-03-09 19:12:00,0.9999,0.9999,0.9999,0.9999,100060.76
coinbase,USDTUSDC,1678389180000,2023-03-09 19:13:00,0.9998,0.9998,0.9998,0.9998,9081.32
coinbase,USDTUSDC,1678389240000,2023-03-09 19:14:00,0.9999,0.9999,0.9998,0.9998,131.98
coinbase,USDTUSDC,1678389360000,2023-03-09 19:16:00,0.9998,0.9998,0.9998,0.9998,34.76
coinbase,USDTUSDC,1678389480000,2023-03-09 19:18:00,0.9998,0.9998,0.9998,0.9998,2026.13
coinbase,USDTUSDC,1678389720000,2023-03-09 19:22:00,0.9998,0.9998,0.9998,0.9998,566.96
coinbase,USDTUSDC,1678389840000,2023-03-09 19:24:00,0.9998,0.9998,0.9998,0.9998,5.27
coinbase,USDTUSDC,1678390320000,2023-03-09 19:32:00,0.9999,1,0.9999,0.9999,285.1
coinbase,USDTUSDC,1678390500000,2023-03-09 19:35:00,0.9998,0.9998,0.9998,0.9998,95.43
coinbase,USDTUSDC,1678390620000,2023-03-09 19:37:00,0.9998,0.9998,0.9997,0.9997,9199.63
coinbase,USDTUSDC,1678390800000,2023-03-09 19:40:00,0.9998,0.9998,0.9998,0.9998,1502.2
coinbase,USDTUSDC,1678391220000,2023-03-09 19:47:00,0.9998,0.9998,0.9998,0.9998,1057.45
coinbase,USDTUSDC,1678391280000,2023-03-09 19:48:00,0.9999,0.9999,0.9998,0.9998,1143.93
coinbase,USDTUSDC,1678391340000,2023-03-09 19:49:00,0.9998,0.9998,0.9998,0.9998,162.43
coinbase,USDTUSDC,1678391700000,2023-03-09 19:55:00,0.9997,0.9997,0.9997,0.9997,4500
coinbase,USDTUSDC,1678391880000,2023-03-09 19:58:00,0.9998,0.9998,0.9998,0.9998,2085.91
coinbase,USDTUSDC,1678391940000,2023-03-09 19:59:00,0.9998,0.9998,0.9998,0.9998,2081.04
coinbase,USDTUSDC,1678392120000,2023-03-09 20:02:00,0.9998,0.9999,0.9998,0.9999,1069.54
coinbase,USDTUSDC,1678392180000,2023-03-09 20:03:00,0.9998,0.9999,0.9998,0.9999,156.54
coinbase,USDTUSDC,1678392540000,2023-03-09 20:09:00,0.9998,0.9998,0.9998,0.9998,10.17
coinbase,USDTUSDC,1678392600000,2023-03-09 20:10:00,0.9998,0.9998,0.9998,0.9998,181.89
coinbase,USDTUSDC,1678392660000,2023-03-09 20:11:00,0.9998,0.9999,0.9998,0.9999,1057.37
coinbase,USDTUSDC,1678392780000,2023-03-09 20:13:00,0.9999,0.9999,0.9999,0.9999,53.55
coinbase,USDTUSDC,1678392900000,2023-03-09 20:15:00,0.9999,0.9999,0.9998,0.9998,530.8
coinbase,USDTUSDC,1678393080000,2023-03-09 20:18:00,0.9999,0.9999,0.9998,0.9998,580.84
coinbase,USDTUSDC,1678393260000,2023-03-09 20:21:00,0.9999,0.9999,0.9998,0.9998,464.91
coinbase,USDTUSDC,1678393440000,2023-03-09 20:24:00,0.9997,0.9999,0.9997,0.9999,4.64
coinbase,USDTUSDC,1678393740000,2023-03-09 20:29:00,0.9999,0.9999,0.9999,0.9999,8971.56
coinbase,USDTUSDC,1678394100000,2023-03-09 20:35:00,0.9999,0.9999,0.9999,0.9999,1033.24
coinbase,USDTUSDC,1678394220000,2023-03-09 20:37:00,0.9999,0.9999,0.9999,0.9999,3128.65
coinbase,USDTUSDC,1678394400000,2023-03-09 20:40:00,0.9998,0.9999,0.9998,0.9999,1233.86
coinbase,USDTUSDC,1678394460000,2023-03-09 20:41:00,0.9998,0.9998,0.9998,0.9998,248.65
coinbase,USDTUSDC,1678394700000,2023-03-09 20:45:00,0.9999,1,0.9999,1,92657.74
coinbase,USDTUSDC,1678394880000,2023-03-09 20:48:00,0.9999,1,0.9998,0.9998,1558.63
coinbase,USDTUSDC,1678395180000,2023-03-09 20:53:00,0.9998,0.9999,0.9998,0.9999,1351.63
coinbase,USDTUSDC,1678395240000,2023-03-09 20:54:00,0.9999,1,0.9999,1,287.65
coinbase,USDTUSDC,1678395420000,2023-03-09 20:57:00,0.9999,1.0002,0.9999,1.0002,7931.55
coinbase,USDTUSDC,1678395480000,2023-03-09 20:58:00,1.0002,1.0002,0.9999,1.0001,12433.87
coinbase,USDTUSDC,1678395540000,2023-03-09 20:59:00,1.0001,1.0002,1,1,1107.45
coinbase,USDTUSDC,1678395600000,2023-03-09 21:00:00,1,1,1,1,66.92
coinbase,USDTUSDC,1678395720000,2023-03-09 21:02:00,1.0001,1.0002,1,1,43.17
coinbase,USDTUSDC,1678395780000,2023-03-09 21:03:00,1.0002,1.0002,1.0001,1.0001,62.1
coinbase,USDTUSDC,1678395900000,2023-03-09 21:05:00,1.0001,1.0002,1.0001,1.0002,1400.87
coinbase,USDTUSDC,1678395960000,2023-03-09 21:06:00,1.0001,1.0001,1.0001,1.0001,1045.91
coinbase,USDTUSDC,1678396020000,2023-03-09 21:07:00,1,1.0001,1,1.0001,2199.81
coinbase,USDTUSDC,1678396080000,2023-03-09 21:08:00,1.0001,1.0001,1.0001,1.0001,231.47
coinbase,USDTUSDC,1678396140000,2023-03-09 21:09:00,1.0002,1.0002,1.0002,1.0002,32.27
coinbase,USDTUSDC,1678396260000,2023-03-09 21:11:00,1.0002,1.0002,1.0002,1.0002,55.86
coinbase,USDTUSDC,1678396320000,2023-03-09 21:12:00,1.0002,1.0002,1.0002,1.0002,58.86
coinbase,USDTUSDC,1678396380000,2023-03-09 21:13:00,1.0002,1.0002,1.0001,1.0002,1110.62
coinbase,USDTUSDC,1678396680000,2023-03-09 21:18:00,1.0002,1.0002,1.0001,1.0001,68
coinbase,USDTUSDC,1678396800000,2023-03-09 21:20:00,1.0001,1.0001,1.0001,1.0001,3837.93
coinbase,USDTUSDC,1678397100000,2023-03-09 21:25:00,1.0001,1.0001,1.0001,1.0001,575.35
coinbase,USDTUSDC,1678397280000,2023-03-09 21:28:00,1,1,1,1,999.99
coinbase,USDTUSDC,1678397400000,2023-03-09 21:30:00,1,1,0.9999,0.9999,4336.97
coinbase,USDTUSDC,1678397700000,2023-03-09 21:35:00,0.9999,1,0.9999,1,36.62
coinbase,USDTUSDC,1678398060000,2023-03-09 21:41:00,1,1,1,1,791.13
coinbase,USDTUSDC,1678398360000,2023-03-09 21:46:00,1,1,1,1,317.58
coinbase,USDTUSDC,1678398540000,2023-03-09 21:49:00,1.0001,1.0001,1.0001,1.0001,110.18
coinbase,USDTUSDC,1678398660000,2023-03-09 21:51:00,1,1,1,1,25.18
coinbase,USDTUSDC,1678398840000,2023-03-09 21:54:00,1.0001,1.0001,1,1,258.96
coinbase,USDTUSDC,1678398900000,2023-03-09 21:55:00,1,1,1,1,7681.95
coinbase,USDTUSDC,1678363560000,2023-03-09 12:06:00,0.9995,0.9995,0.9995,0.9995,4.21
coinbase,USDTUSDC,1678363680000,2023-03-09 12:08:00,0.9997,0.9997,0.9995,0.9995,1041.6
coinbase,USDTUSDC,1678363800000,2023-03-09 12:10:00,0.9995,0.9995,0.9995,0.9995,5.06
coinbase,USDTUSDC,1678363980000,2023-03-09 12:13:00,0.9995,0.9995,0.9995,0.9995,9.14
coinbase,USDTUSDC,1678364280000,2023-03-09 12:18:00,0.9997,0.9997,0.9995,0.9997,467.43
coinbase,USDTUSDC,1678365300000,2023-03-09 12:35:00,0.9997,0.9997,0.9997,0.9997,2042.13
coinbase,USDTUSDC,1678365840000,2023-03-09 12:44:00,0.9997,0.9997,0.9997,0.9997,1078.08
coinbase,USDTUSDC,1678366860000,2023-03-09 13:01:00,0.9997,0.9997,0.9997,0.9997,45.14
coinbase,USDTUSDC,1678366980000,2023-03-09 13:03:00,0.9997,0.9997,0.9997,0.9997,6.81
coinbase,USDTUSDC,1678367100000,2023-03-09 13:05:00,0.9997,0.9997,0.9997,0.9997,1048.11
coinbase,USDTUSDC,1678367340000,2023-03-09 13:09:00,0.9997,0.9997,0.9997,0.9997,1000
coinbase,USDTUSDC,1678367400000,2023-03-09 13:10:00,0.9997,0.9997,0.9997,0.9997,8.31
coinbase,USDTUSDC,1678367520000,2023-03-09 13:12:00,0.9997,0.9997,0.9997,0.9997,10.44
coinbase,USDTUSDC,1678367640000,2023-03-09 13:14:00,0.9997,0.9997,0.9997,0.9997,6.62
coinbase,USDTUSDC,1678367700000,2023-03-09 13:15:00,0.9997,0.9997,0.9997,0.9997,20.32
coinbase,USDTUSDC,1678367880000,2023-03-09 13:18:00,0.9997,0.9997,0.9997,0.9997,14001.48
coinbase,USDTUSDC,1678368120000,2023-03-09 13:22:00,0.9997,0.9997,0.9997,0.9997,5079
coinbase,USDTUSDC,1678368720000,2023-03-09 13:32:00,0.9997,0.9997,0.9997,0.9997,1701.78
coinbase,USDTUSDC,1678368840000,2023-03-09 13:34:00,0.9997,0.9997,0.9997,0.9997,306.06
coinbase,USDTUSDC,1678369200000,2023-03-09 13:40:00,0.9997,0.9997,0.9997,0.9997,1048.85
coinbase,USDTUSDC,1678369800000,2023-03-09 13:50:00,0.9997,0.9997,0.9996,0.9996,176.41
coinbase,USDTUSDC,1678370040000,2023-03-09 13:54:00,0.9994,0.9995,0.9994,0.9995,93.31
coinbase,USDTUSDC,1678370100000,2023-03-09 13:55:00,0.9995,0.9996,0.9995,0.9996,904.1
coinbase,USDTUSDC,1678370400000,2023-03-09 14:00:00,0.9996,0.9996,0.9996,0.9996,79.82
coinbase,USDTUSDC,1678370640000,2023-03-09 14:04:00,0.9996,0.9996,0.9996,0.9996,9.43
coinbase,USDTUSDC,1678370700000,2023-03-09 14:05:00,0.9996,0.9997,0.9996,0.9997,433.51
coinbase,USDTUSDC,1678371120000,2023-03-09 14:12:00,0.9996,0.9996,0.9996,0.9996,9.32
coinbase,USDTUSDC,1678371180000,2023-03-09 14:13:00,0.9996,0.9996,0.9996,0.9996,21.38
coinbase,USDTUSDC,1678371300000,2023-03-09 14:15:00,0.9996,0.9996,0.9996,0.9996,42.85
coinbase,USDTUSDC,1678371360000,2023-03-09 14:16:00,0.9996,0.9996,0.9996,0.9996,35.87
coinbase,USDTUSDC,1678371540000,2023-03-09 14:19:00,0.9996,0.9996,0.9996,0.9996,22.13
coinbase,USDTUSDC,1678371600000,2023-03-09 14:20:00,0.9996,0.9998,0.9996,0.9998,32.03
coinbase,USDTUSDC,1678372500000,2023-03-09 14:35:00,0.9998,0.9998,0.9998,0.9998,93798.48
coinbase,USDTUSDC,1678372620000,2023-03-09 14:37:00,0.9999,1,0.9999,0.9999,36902.37
coinbase,USDTUSDC,1678374420000,2023-03-09 15:07:00,0.9996,0.9998,0.9996,0.9998,8.32
coinbase,USDTUSDC,1678374660000,2023-03-09 15:11:00,0.9998,0.9998,0.9998,0.9998,7.57
coinbase,USDTUSDC,1678374840000,2023-03-09 15:14:00,0.9998,0.9998,0.9998,0.9998,5.81
coinbase,USDTUSDC,1678374960000,2023-03-09 15:16:00,0.9998,0.9998,0.9997,0.9998,13.93
coinbase,USDTUSDC,1678375080000,2023-03-09 15:18:00,0.9998,0.9998,0.9998,0.9998,1502.22
coinbase,USDTUSDC,1678377300000,2023-03-09 15:55:00,0.9997,0.9997,0.9996,0.9996,109.84
coinbase,USDTUSDC,1678377720000,2023-03-09 16:02:00,0.9998,0.9998,0.9998,0.9998,14.59
coinbase,USDTUSDC,1678377900000,2023-03-09 16:05:00,0.9998,0.9998,0.9998,0.9998,38077.48
coinbase,USDTUSDC,1678378140000,2023-03-09 16:09:00,0.9998,0.9998,0.9998,0.9998,9.83
coinbase,USDTUSDC,1678378260000,2023-03-09 16:11:00,0.9998,0.9998,0.9998,0.9998,9.83
coinbase,USDTUSDC,1678378320000,2023-03-09 16:12:00,0.9998,0.9998,0.9998,0.9998,8.89
coinbase,USDTUSDC,1678378500000,2023-03-09 16:15:00,0.9998,0.9998,0.9997,0.9997,107.63
coinbase,USDTUSDC,1678379940000,2023-03-09 16:39:00,0.9999,1,0.9999,0.9999,1003.83
coinbase,USDTUSDC,1678380060000,2023-03-09 16:41:00,0.9999,0.9999,0.9998,0.9998,1850.21
coinbase,USDTUSDC,1678380240000,2023-03-09 16:44:00,0.9997,0.9999,0.9997,0.9999,1012.26
coinbase,USDTUSDC,1678380660000,2023-03-09 16:51:00,0.9998,0.9998,0.9998,0.9998,11027.76
coinbase,USDTUSDC,1678380780000,2023-03-09 16:53:00,0.9998,1,0.9998,1,1003.03
coinbase,USDTUSDC,1678381080000,2023-03-09 16:58:00,0.9998,0.9998,0.9998,0.9998,1.01
coinbase,USDTUSDC,1678345620000,2023-03-09 07:07:00,0.9998,0.9999,0.9998,0.9999,3.18
coinbase,USDTUSDC,1678346040000,2023-03-09 07:14:00,0.9999,0.9999,0.9999,0.9999,279.13
coinbase,USDTUSDC,1678348920000,2023-03-09 08:02:00,0.9999,0.9999,0.9999,0.9999,15.03
coinbase,USDTUSDC,1678349040000,2023-03-09 08:04:00,0.9999,0.9999,0.9997,0.9997,149.45
coinbase,USDTUSDC,1678349100000,2023-03-09 08:05:00,0.9997,0.9999,0.9997,0.9999,21.35
coinbase,USDTUSDC,1678349340000,2023-03-09 08:09:00,0.9999,0.9999,0.9999,0.9999,2.22
coinbase,USDTUSDC,1678349460000,2023-03-09 08:11:00,0.9999,0.9999,0.9999,0.9999,7.49
coinbase,USDTUSDC,1678349520000,2023-03-09 08:12:00,0.9999,0.9999,0.9999,0.9999,9.67
coinbase,USDTUSDC,1678349700000,2023-03-09 08:15:00,0.9999,0.9999,0.9999,0.9999,11.54
coinbase,USDTUSDC,1678350840000,2023-03-09 08:34:00,0.9999,0.9999,0.9999,0.9999,8.36
coinbase,USDTUSDC,1678351740000,2023-03-09 08:49:00,0.9998,0.9998,0.9997,0.9997,52.92
coinbase,USDTUSDC,1678352580000,2023-03-09 09:03:00,0.9998,0.9999,0.9998,0.9999,1048.05
coinbase,USDTUSDC,1678352940000,2023-03-09 09:09:00,0.9999,0.9999,0.9999,0.9999,4.75
coinbase,USDTUSDC,1678353060000,2023-03-09 09:11:00,0.9999,0.9999,0.9999,0.9999,8.14
coinbase,USDTUSDC,1678353120000,2023-03-09 09:12:00,0.9999,0.9999,0.9999,0.9999,3.36
coinbase,USDTUSDC,1678353480000,2023-03-09 09:18:00,0.9999,0.9999,0.9999,0.9999,125.13
coinbase,USDTUSDC,1678354560000,2023-03-09 09:36:00,0.9998,0.9998,0.9998,0.9998,123.91
coinbase,USDTUSDC,1678355100000,2023-03-09 09:45:00,0.9998,0.9998,0.9997,0.9997,17.73
coinbase,USDTUSDC,1678356000000,2023-03-09 10:00:00,0.9997,0.9998,0.9997,0.9998,170.75
coinbase,USDTUSDC,1678356480000,2023-03-09 10:08:00,0.9997,0.9997,0.9996,0.9996,23.7
coinbase,USDTUSDC,1678357140000,2023-03-09 10:19:00,0.9998,0.9998,0.9997,0.9997,67.87
coinbase,USDTUSDC,1678357500000,2023-03-09 10:25:00,0.9998,0.9998,0.9998,0.9998,1604.25
coinbase,USDTUSDC,1678359720000,2023-03-09 11:02:00,0.9997,0.9997,0.9996,0.9996,11.67
coinbase,USDTUSDC,1678359900000,2023-03-09 11:05:00,0.9996,0.9996,0.9996,0.9996,6.86
coinbase,USDTUSDC,1678360320000,2023-03-09 11:12:00,0.9996,0.9996,0.9996,0.9996,9.31
coinbase,USDTUSDC,1678360560000,2023-03-09 11:16:00,0.9996,0.9996,0.9996,0.9996,14.91
coinbase,USDTUSDC,1678360740000,2023-03-09 11:19:00,0.9996,0.9996,0.9996,0.9996,7.31
coinbase,USDTUSDC,1678362300000,2023-03-09 11:45:00,0.9997,0.9997,0.9996,0.9996,14660.67
coinbase,USDTUSDC,1678362780000,2023-03-09 11:53:00,0.9995,0.9995,0.9995,0.9995,1596.34
coinbase,USDTUSDC,1678327320000,2023-03-09 02:02:00,0.9999,0.9999,0.9998,0.9998,1044.94
coinbase,USDTUSDC,1678327620000,2023-03-09 02:07:00,0.9998,0.9998,0.9998,0.9998,5.46
coinbase,USDTUSDC,1678327800000,2023-03-09 02:10:00,0.9998,0.9998,0.9998,0.9998,6.67
coinbase,USDTUSDC,1678327980000,2023-03-09 02:13:00,0.9999,0.9999,0.9998,0.9998,3.32
coinbase,USDTUSDC,1678328100000,2023-03-09 02:15:00,0.9998,0.9999,0.9998,0.9999,303.93
coinbase,USDTUSDC,1678331100000,2023-03-09 03:05:00,0.9998,0.9998,0.9998,0.9998,15.58
coinbase,USDTUSDC,1678331400000,2023-03-09 03:10:00,0.9998,0.9998,0.9998,0.9998,6.49
coinbase,USDTUSDC,1678331640000,2023-03-09 03:14:00,0.9998,0.9998,0.9998,0.9998,7.99
coinbase,USDTUSDC,1678331880000,2023-03-09 03:18:00,0.9998,0.9998,0.9998,0.9998,5.73
coinbase,USDTUSDC,1678331940000,2023-03-09 03:19:00,0.9998,0.9998,0.9998,0.9998,2.76
coinbase,USDTUSDC,1678332000000,2023-03-09 03:20:00,0.9998,0.9999,0.9998,0.9999,110.13
coinbase,USDTUSDC,1678332180000,2023-03-09 03:23:00,0.9999,0.9999,0.9999,0.9999,3600.06
coinbase,USDTUSDC,1678333260000,2023-03-09 03:41:00,0.9999,1,0.9999,1,1024.71
coinbase,USDTUSDC,1678334880000,2023-03-09 04:08:00,0.9999,0.9999,0.9999,0.9999,602.69
coinbase,USDTUSDC,1678335120000,2023-03-09 04:12:00,0.9999,0.9999,0.9999,0.9999,2.96
coinbase,USDTUSDC,1678335480000,2023-03-09 04:18:00,1,1,1,1,1.67
coinbase,USDTUSDC,1678335600000,2023-03-09 04:20:00,1,1,1,1,4.13
coinbase,USDTUSDC,1678336140000,2023-03-09 04:29:00,0.9999,1,0.9999,1,1212.54
coinbase,USDTUSDC,1678337220000,2023-03-09 04:47:00,1,1,0.9998,0.9998,40597.31
coinbase,USDTUSDC,1678337880000,2023-03-09 04:58:00,0.9999,0.9999,0.9999,0.9999,2275.9
coinbase,USDTUSDC,1678337940000,2023-03-09 04:59:00,0.9999,1,0.9999,1,472.42
coinbase,USDTUSDC,1678338300000,2023-03-09 05:05:00,0.9999,0.9999,0.9999,0.9999,1507.89
coinbase,USDTUSDC,1678338660000,2023-03-09 05:11:00,0.9998,0.9998,0.9998,0.9998,3.17
coinbase,USDTUSDC,1678339020000,2023-03-09 05:17:00,0.9998,0.9998,0.9998,0.9998,4.5
coinbase,USDTUSDC,1678339380000,2023-03-09 05:23:00,0.9999,0.9999,0.9999,0.9999,1150.6
coinbase,USDTUSDC,1678339800000,2023-03-09 05:30:00,1,1,1,1,11060.59
coinbase,USDTUSDC,1678340100000,2023-03-09 05:35:00,0.9999,1,0.9999,1,1329.27
coinbase,USDTUSDC,1678340460000,2023-03-09 05:41:00,0.9999,0.9999,0.9999,0.9999,1077.83
coinbase,USDTUSDC,1678342260000,2023-03-09 06:11:00,1,1,1,1,7.58
coinbase,USDTUSDC,1678342440000,2023-03-09 06:14:00,0.9999,1,0.9999,1,534.59
coinbase,USDTUSDC,1678342500000,2023-03-09 06:15:00,0.9999,0.9999,0.9999,0.9999,2366.04
coinbase,USDTUSDC,1678342680000,2023-03-09 06:18:00,0.9999,0.9999,0.9999,0.9999,1046
coinbase,USDTUSDC,1678345020000,2023-03-09 06:57:00,0.9999,0.9999,0.9998,0.9998,960.31
coinbase,USDTUSDC,1678309320000,2023-03-08 21:02:00,0.9998,0.9998,0.9998,0.9998,16.32
coinbase,USDTUSDC,1678309500000,2023-03-08 21:05:00,0.9998,0.9998,0.9998,0.9998,5.31
coinbase,USDTUSDC,1678309980000,2023-03-08 21:13:00,0.9998,0.9998,0.9998,0.9998,27.25
coinbase,USDTUSDC,1678310040000,2023-03-08 21:14:00,0.9998,0.9998,0.9998,0.9998,3321.7
coinbase,USDTUSDC,1678310160000,2023-03-08 21:16:00,0.9997,0.9998,0.9997,0.9998,23.27
coinbase,USDTUSDC,1678310520000,2023-03-08 21:22:00,0.9998,0.9999,0.9998,0.9999,751.38
coinbase,USDTUSDC,1678312020000,2023-03-08 21:47:00,0.9999,0.9999,0.9998,0.9998,3821.53
coinbase,USDTUSDC,1678312800000,2023-03-08 22:00:00,0.9999,0.9999,0.9999,0.9999,19.02
coinbase,USDTUSDC,1678312980000,2023-03-08 22:03:00,0.9999,0.9999,0.9999,0.9999,10.73
coinbase,USDTUSDC,1678313280000,2023-03-08 22:08:00,1,1,1,1,10.44
coinbase,USDTUSDC,1678313340000,2023-03-08 22:09:00,1,1,1,1,2.62
coinbase,USDTUSDC,1678313400000,2023-03-08 22:10:00,1,1,1,1,17.92
coinbase,USDTUSDC,1678313460000,2023-03-08 22:11:00,1,1,1,1,55.01
coinbase,USDTUSDC,1678313520000,2023-03-08 22:12:00,1,1,1,1,38.1
coinbase,USDTUSDC,1678313880000,2023-03-08 22:18:00,1,1,0.9999,0.9999,22133.88
coinbase,USDTUSDC,1678314900000,2023-03-08 22:35:00,1,1,1,1,1053.94
coinbase,USDTUSDC,1678315020000,2023-03-08 22:37:00,0.9999,0.9999,0.9998,0.9998,21.13
coinbase,USDTUSDC,1678315440000,2023-03-08 22:44:00,0.9998,0.9998,0.9998,0.9998,293.39
coinbase,USDTUSDC,1678315680000,2023-03-08 22:48:00,1,1,1,1,2158.32
coinbase,USDTUSDC,1678315860000,2023-03-08 22:51:00,0.9999,0.9999,0.9999,0.9999,230.71
coinbase,USDTUSDC,1678316160000,2023-03-08 22:56:00,0.9999,1,0.9998,1,5402.29
coinbase,USDTUSDC,1678316400000,2023-03-08 23:00:00,1,1,0.9999,0.9999,129.72
coinbase,USDTUSDC,1678316520000,2023-03-08 23:02:00,0.9999,1,0.9999,1,136.54
coinbase,USDTUSDC,1678316640000,2023-03-08 23:04:00,1,1,1,1,8.72
coinbase,USDTUSDC,1678316940000,2023-03-08 23:09:00,1,1,1,1,17.21
coinbase,USDTUSDC,1678317000000,2023-03-08 23:10:00,1,1,1,1,3012.68
coinbase,USDTUSDC,1678317060000,2023-03-08 23:11:00,1,1,1,1,23.54
coinbase,USDTUSDC,1678317120000,2023-03-08 23:12:00,1,1,1,1,31.32
coinbase,USDTUSDC,1678317360000,2023-03-08 23:16:00,1,1,0.9999,1,1286.14
coinbase,USDTUSDC,1678317480000,2023-03-08 23:18:00,1,1,1,1,563.46
coinbase,USDTUSDC,1678317900000,2023-03-08 23:25:00,1,1,1,1,91758.82
coinbase,USDTUSDC,1678318440000,2023-03-08 23:34:00,0.9999,0.9999,0.9999,0.9999,2093.73
coinbase,USDTUSDC,1678319040000,2023-03-08 23:44:00,0.9999,0.9999,0.9998,0.9998,152.6
coinbase,USDTUSDC,1678319160000,2023-03-08 23:46:00,0.9999,0.9999,0.9999,0.9999,1.04
coinbase,USDTUSDC,1678319280000,2023-03-08 23:48:00,0.9998,0.9999,0.9998,0.9999,15532.55
coinbase,USDTUSDC,1678319460000,2023-03-08 23:51:00,0.9999,0.9999,0.9999,0.9999,3191.68
coinbase,USDTUSDC,1678320120000,2023-03-09 00:02:00,0.9998,0.9999,0.9998,0.9999,8.1
coinbase,USDTUSDC,1678320240000,2023-03-09 00:04:00,0.9999,0.9999,0.9998,0.9998,254.38
coinbase,USDTUSDC,1678320720000,2023-03-09 00:12:00,0.9998,0.9999,0.9998,0.9998,2348.6
coinbase,USDTUSDC,1678320840000,2023-03-09 00:14:00,0.9999,0.9999,0.9998,0.9998,5.83
coinbase,USDTUSDC,1678321020000,2023-03-09 00:17:00,0.9999,0.9999,0.9999,0.9999,1.55
coinbase,USDTUSDC,1678321500000,2023-03-09 00:25:00,0.9999,0.9999,0.9998,0.9998,53524.23
coinbase,USDTUSDC,1678321800000,2023-03-09 00:30:00,0.9998,0.9999,0.9998,0.9999,7849.81
coinbase,USDTUSDC,1678324080000,2023-03-09 01:08:00,0.9998,0.9998,0.9998,0.9998,6.88
coinbase,USDTUSDC,1678324320000,2023-03-09 01:12:00,0.9998,0.9999,0.9998,0.9999,33.36
coinbase,USDTUSDC,1678324500000,2023-03-09 01:15:00,0.9998,0.9998,0.9998,0.9998,18.55
coinbase,USDTUSDC,1678324680000,2023-03-09 01:18:00,0.9998,0.9998,0.9998,0.9998,40788.57
coinbase,USDTUSDC,1678324740000,2023-03-09 01:19:00,0.9997,0.9998,0.9997,0.9998,474.41
coinbase,USDTUSDC,1678325280000,2023-03-09 01:28:00,0.9998,0.9999,0.9998,0.9999,1142.32
coinbase,USDTUSDC,1678325760000,2023-03-09 01:36:00,0.9999,0.9999,0.9998,0.9998,102.81
coinbase,USDTUSDC,1678291200000,2023-03-08 16:00:00,1,1,0.9998,0.9998,44.39
coinbase,USDTUSDC,1678291440000,2023-03-08 16:04:00,0.9998,0.9998,0.9998,0.9998,14.86
coinbase,USDTUSDC,1678291500000,2023-03-08 16:05:00,0.9998,0.9998,0.9998,0.9998,15.88
coinbase,USDTUSDC,1678291680000,2023-03-08 16:08:00,0.9998,0.9998,0.9998,0.9998,88211.65
coinbase,USDTUSDC,1678291800000,2023-03-08 16:10:00,0.9998,0.9998,0.9998,0.9998,20.92
coinbase,USDTUSDC,1678292040000,2023-03-08 16:14:00,0.9999,1,0.9999,0.9999,13.62
coinbase,USDTUSDC,1678292160000,2023-03-08 16:16:00,1,1,1,1,724.17
coinbase,USDTUSDC,1678292400000,2023-03-08 16:20:00,0.9999,0.9999,0.9999,0.9999,18.11
coinbase,USDTUSDC,1678292820000,2023-03-08 16:27:00,1,1,1,1,6011.32
coinbase,USDTUSDC,1678293600000,2023-03-08 16:40:00,1,1,0.9999,0.9999,287.6
coinbase,USDTUSDC,1678294500000,2023-03-08 16:55:00,1,1,1,1,6.63
coinbase,USDTUSDC,1678294620000,2023-03-08 16:57:00,1,1,1,1,10.28
coinbase,USDTUSDC,1678294740000,2023-03-08 16:59:00,1,1,1,1,122.21
coinbase,USDTUSDC,1678294920000,2023-03-08 17:02:00,1,1,1,1,1911.69
coinbase,USDTUSDC,1678295040000,2023-03-08 17:04:00,1,1,1,1,1001.49
coinbase,USDTUSDC,1678295220000,2023-03-08 17:07:00,1,1,1,1,3.27
coinbase,USDTUSDC,1678295400000,2023-03-08 17:10:00,1,1,1,1,12.86
coinbase,USDTUSDC,1678295520000,2023-03-08 17:12:00,1,1,1,1,8.24
coinbase,USDTUSDC,1678295700000,2023-03-08 17:15:00,1,1,0.9999,0.9999,2110.76
coinbase,USDTUSDC,1678296300000,2023-03-08 17:25:00,0.9999,0.9999,0.9999,0.9999,6674.71
coinbase,USDTUSDC,1678296540000,2023-03-08 17:29:00,0.9999,0.9999,0.9999,0.9999,2000
coinbase,USDTUSDC,1678296720000,2023-03-08 17:32:00,0.9999,0.9999,0.9999,0.9999,2000
coinbase,USDTUSDC,1678298160000,2023-03-08 17:56:00,0.9998,1,0.9998,1,74.85
coinbase,USDTUSDC,1678298640000,2023-03-08 18:04:00,1,1,1,1,13.72
coinbase,USDTUSDC,1678298940000,2023-03-08 18:09:00,1,1,1,1,1.33
coinbase,USDTUSDC,1678299060000,2023-03-08 18:11:00,1,1,1,1,8.23
coinbase,USDTUSDC,1678299180000,2023-03-08 18:13:00,1,1,1,1,18.18
coinbase,USDTUSDC,1678299480000,2023-03-08 18:18:00,1,1,1,1,5.87
coinbase,USDTUSDC,1678300020000,2023-03-08 18:27:00,1,1,1,1,1043.9
coinbase,USDTUSDC,1678300980000,2023-03-08 18:43:00,1,1,0.9999,0.9999,296
coinbase,USDTUSDC,1678301880000,2023-03-08 18:58:00,0.9999,0.9999,0.9999,0.9999,1054.57
coinbase,USDTUSDC,1678302120000,2023-03-08 19:02:00,1,1,1,1,6.35
coinbase,USDTUSDC,1678302240000,2023-03-08 19:04:00,1,1,1,1,10041.57
coinbase,USDTUSDC,1678302480000,2023-03-08 19:08:00,0.9999,0.9999,0.9999,0.9999,122.88
coinbase,USDTUSDC,1678302600000,2023-03-08 19:10:00,1,1,1,1,9.19
coinbase,USDTUSDC,1678302720000,2023-03-08 19:12:00,1,1,1,1,18.97
coinbase,USDTUSDC,1678302840000,2023-03-08 19:14:00,1,1,0.9999,0.9999,14.17
coinbase,USDTUSDC,1678303080000,2023-03-08 19:18:00,0.9999,0.9999,0.9999,0.9999,11.02
coinbase,USDTUSDC,1678304160000,2023-03-08 19:36:00,0.9998,0.9998,0.9998,0.9998,12290.3
coinbase,USDTUSDC,1678305180000,2023-03-08 19:53:00,0.9999,1,0.9999,1,91.25
coinbase,USDTUSDC,1678306200000,2023-03-08 20:10:00,1,1,1,1,26.35
coinbase,USDTUSDC,1678306800000,2023-03-08 20:20:00,1,1,0.9999,0.9999,502.06
coinbase,USDTUSDC,1678273500000,2023-03-08 11:05:00,0.9998,0.9998,0.9998,0.9998,7.34
coinbase,USDTUSDC,1678273680000,2023-03-08 11:08:00,0.9998,0.9998,0.9998,0.9998,5.3
coinbase,USDTUSDC,1678273740000,2023-03-08 11:09:00,0.9998,0.9998,0.9998,0.9998,7.53
coinbase,USDTUSDC,1678274100000,2023-03-08 11:15:00,0.9998,0.9998,0.9998,0.9998,19.95
coinbase,USDTUSDC,1678274220000,2023-03-08 11:17:00,0.9998,1,0.9998,1,7.81
coinbase,USDTUSDC,1678275900000,2023-03-08 11:45:00,1,1,0.9998,0.9998,9320.63
coinbase,USDTUSDC,1678276920000,2023-03-08 12:02:00,0.9999,0.9999,0.9999,0.9999,12.56
coinbase,USDTUSDC,1678277220000,2023-03-08 12:07:00,0.9999,0.9999,0.9999,0.9999,3.87
coinbase,USDTUSDC,1678277460000,2023-03-08 12:11:00,0.9999,0.9999,0.9999,0.9999,5.64
coinbase,USDTUSDC,1678277520000,2023-03-08 12:12:00,0.9999,0.9999,0.9999,0.9999,5.54
coinbase,USDTUSDC,1678279440000,2023-03-08 12:44:00,0.9999,0.9999,0.9999,0.9999,33.4
coinbase,USDTUSDC,1678279740000,2023-03-08 12:49:00,0.9999,0.9999,0.9999,0.9999,10.07
coinbase,USDTUSDC,1678279860000,2023-03-08 12:51:00,0.9999,0.9999,0.9999,0.9999,9.65
coinbase,USDTUSDC,1678280520000,2023-03-08 13:02:00,0.9999,0.9999,0.9999,0.9999,12.81
coinbase,USDTUSDC,1678280700000,2023-03-08 13:05:00,0.9999,0.9999,0.9999,0.9999,29.41
coinbase,USDTUSDC,1678280760000,2023-03-08 13:06:00,0.9999,0.9999,0.9999,0.9999,10.62
coinbase,USDTUSDC,1678281000000,2023-03-08 13:10:00,0.9999,0.9999,0.9999,0.9999,30.99
coinbase,USDTUSDC,1678281120000,2023-03-08 13:12:00,0.9999,0.9999,0.9999,0.9999,23.55
coinbase,USDTUSDC,1678281360000,2023-03-08 13:16:00,0.9999,0.9999,0.9999,0.9999,4.09
coinbase,USDTUSDC,1678282440000,2023-03-08 13:34:00,0.9999,0.9999,0.9999,0.9999,98.5
coinbase,USDTUSDC,1678283040000,2023-03-08 13:44:00,0.9998,0.9999,0.9998,0.9999,1044.67
coinbase,USDTUSDC,1678283220000,2023-03-08 13:47:00,0.9999,1,0.9999,0.9999,2939.82
coinbase,USDTUSDC,1678283340000,2023-03-08 13:49:00,1,1.0001,1,1.0001,1900
coinbase,USDTUSDC,1678283460000,2023-03-08 13:51:00,1.0001,1.0001,1,1,1995.06
coinbase,USDTUSDC,1678283520000,2023-03-08 13:52:00,1.0001,1.0001,1,1,3854.94
coinbase,USDTUSDC,1678283640000,2023-03-08 13:54:00,1.0001,1.0001,1.0001,1.0001,592.9
coinbase,USDTUSDC,1678284060000,2023-03-08 14:01:00,1.0001,1.0001,1.0001,1.0001,15.52
coinbase,USDTUSDC,1678284120000,2023-03-08 14:02:00,1.0001,1.0001,0.9999,1.0001,27
coinbase,USDTUSDC,1678284300000,2023-03-08 14:05:00,1.0001,1.0001,1.0001,1.0001,19.97
coinbase,USDTUSDC,1678284480000,2023-03-08 14:08:00,0.9999,1.0001,0.9999,1.0001,17.58
coinbase,USDTUSDC,1678284600000,2023-03-08 14:10:00,1.0001,1.0001,1.0001,1.0001,21.36
coinbase,USDTUSDC,1678284660000,2023-03-08 14:11:00,1.0001,1.0001,1.0001,1.0001,23.94
coinbase,USDTUSDC,1678284960000,2023-03-08 14:16:00,1.0001,1.0001,1,1,253.5
coinbase,USDTUSDC,1678285140000,2023-03-08 14:19:00,1.0001,1.0001,1.0001,1.0001,7.14
coinbase,USDTUSDC,1678285320000,2023-03-08 14:22:00,1.0001,1.0001,0.9999,0.9999,54.16
coinbase,USDTUSDC,1678286280000,2023-03-08 14:38:00,1,1,0.9999,0.9999,848.2
coinbase,USDTUSDC,1678287600000,2023-03-08 15:00:00,0.9999,0.9999,0.9999,0.9999,2303.16
coinbase,USDTUSDC,1678287660000,2023-03-08 15:01:00,0.9999,1,0.9999,1,3062.26
coinbase,USDTUSDC,1678287780000,2023-03-08 15:03:00,0.9998,0.9998,0.9998,0.9998,139.81
coinbase,USDTUSDC,1678287900000,2023-03-08 15:05:00,0.9998,0.9998,0.9998,0.9998,7.17
coinbase,USDTUSDC,1678288260000,2023-03-08 15:11:00,0.9998,0.9998,0.9998,0.9998,72.55
coinbase,USDTUSDC,1678288320000,2023-03-08 15:12:00,0.9998,0.9998,0.9998,0.9998,25.52
coinbase,USDTUSDC,1678288380000,2023-03-08 15:13:00,0.9999,0.9999,0.9998,0.9998,4.2
coinbase,USDTUSDC,1678288560000,2023-03-08 15:16:00,0.9998,1,0.9998,1,5.16
coinbase,USDTUSDC,1678288920000,2023-03-08 15:22:00,0.9998,1,0.9998,1,9.44
coinbase,USDTUSDC,1678289580000,2023-03-08 15:33:00,0.9998,0.9999,0.9998,0.9999,29.49
coinbase,USDTUSDC,1678290360000,2023-03-08 15:46:00,0.9998,0.9998,0.9998,0.9998,2420.67
coinbase,USDTUSDC,1678291200000,2023-03-08 16:00:00,1,1,0.9998,0.9998,44.39
coinbase,USDTUSDC,1678255320000,2023-03-08 06:02:00,1.0001,1.0001,1.0001,1.0001,54.7
coinbase,USDTUSDC,1678255620000,2023-03-08 06:07:00,1.0001,1.0001,1.0001,1.0001,24.71
coinbase,USDTUSDC,1678255800000,2023-03-08 06:10:00,1.0001,1.0001,1.0001,1.0001,38.92
coinbase,USDTUSDC,1678255920000,2023-03-08 06:12:00,1.0001,1.0001,0.9999,0.9999,475.68
coinbase,USDTUSDC,1678256160000,2023-03-08 06:16:00,1,1,0.9999,1,5.5
coinbase,USDTUSDC,1678256280000,2023-03-08 06:18:00,1,1,1,1,6.01
coinbase,USDTUSDC,1678258200000,2023-03-08 06:50:00,0.9999,1,0.9999,1,2148.16
coinbase,USDTUSDC,1678258740000,2023-03-08 06:59:00,0.9999,0.9999,0.9998,0.9998,6.16
coinbase,USDTUSDC,1678259040000,2023-03-08 07:04:00,0.9998,0.9998,0.9998,0.9998,6.22
coinbase,USDTUSDC,1678259580000,2023-03-08 07:13:00,0.9998,1,0.9998,1,224.8
coinbase,USDTUSDC,1678262520000,2023-03-08 08:02:00,1,1,1,1,16.84
coinbase,USDTUSDC,1678262760000,2023-03-08 08:06:00,1,1,1,1,16.13
coinbase,USDTUSDC,1678263000000,2023-03-08 08:10:00,1,1.0001,1,1.0001,17.56
coinbase,USDTUSDC,1678263120000,2023-03-08 08:12:00,1.0001,1.0001,1.0001,1.0001,8.11
coinbase,USDTUSDC,1678263300000,2023-03-08 08:15:00,1.0001,1.0001,1.0001,1.0001,6.36
coinbase,USDTUSDC,1678264140000,2023-03-08 08:29:00,1,1.0001,1,1.0001,528.1
coinbase,USDTUSDC,1678266240000,2023-03-08 09:04:00,0.9999,0.9999,0.9999,0.9999,9.4
coinbase,USDTUSDC,1678266600000,2023-03-08 09:10:00,0.9999,0.9999,0.9999,0.9999,13.37
coinbase,USDTUSDC,1678266720000,2023-03-08 09:12:00,0.9999,0.9999,0.9999,0.9999,2.17
coinbase,USDTUSDC,1678266840000,2023-03-08 09:14:00,0.9999,0.9999,0.9999,0.9999,2.94
coinbase,USDTUSDC,1678267080000,2023-03-08 09:18:00,0.9999,0.9999,0.9999,0.9999,83.39
coinbase,USDTUSDC,1678269780000,2023-03-08 10:03:00,1,1,0.9999,0.9999,3.11
coinbase,USDTUSDC,1678270020000,2023-03-08 10:07:00,0.9998,0.9998,0.9998,0.9998,2.58
coinbase,USDTUSDC,1678270200000,2023-03-08 10:10:00,0.9999,0.9999,0.9999,0.9999,5.86
coinbase,USDTUSDC,1678270260000,2023-03-08 10:11:00,1,1,1,1,6.01
coinbase,USDTUSDC,1678270320000,2023-03-08 10:12:00,1,1,1,1,181.02
coinbase,USDTUSDC,1678270380000,2023-03-08 10:13:00,0.9999,0.9999,0.9999,0.9999,2.17
coinbase,USDTUSDC,1678270560000,2023-03-08 10:16:00,1.0001,1.0001,1.0001,1.0001,13.3
coinbase,USDTUSDC,1678271760000,2023-03-08 10:36:00,1,1,0.9999,0.9999,437.78
coinbase,USDTUSDC,1678237440000,2023-03-08 01:04:00,0.9999,0.9999,0.9998,0.9998,5.93
coinbase,USDTUSDC,1678237800000,2023-03-08 01:10:00,0.9999,0.9999,0.9999,0.9999,3.24
coinbase,USDTUSDC,1678237920000,2023-03-08 01:12:00,0.9999,0.9999,0.9999,0.9999,6.84
coinbase,USDTUSDC,1678238040000,2023-03-08 01:14:00,0.9999,0.9999,0.9999,0.9999,5.36
coinbase,USDTUSDC,1678238220000,2023-03-08 01:17:00,0.9999,0.9999,0.9999,0.9999,1000.19
coinbase,USDTUSDC,1678238580000,2023-03-08 01:23:00,0.9999,0.9999,0.9999,0.9999,707.04
coinbase,USDTUSDC,1678239120000,2023-03-08 01:32:00,0.9999,0.9999,0.9998,0.9998,636.84
coinbase,USDTUSDC,1678240380000,2023-03-08 01:53:00,0.9999,0.9999,0.9999,0.9999,13.34
coinbase,USDTUSDC,1678240920000,2023-03-08 02:02:00,0.9999,0.9999,0.9999,0.9999,8.56
coinbase,USDTUSDC,1678241160000,2023-03-08 02:06:00,0.9999,0.9999,0.9999,0.9999,9.27
coinbase,USDTUSDC,1678241400000,2023-03-08 02:10:00,0.9999,0.9999,0.9999,0.9999,6.96
coinbase,USDTUSDC,1678241520000,2023-03-08 02:12:00,0.9999,0.9999,0.9999,0.9999,7.85
coinbase,USDTUSDC,1678243560000,2023-03-08 02:46:00,0.9999,0.9999,0.9998,0.9998,874.15
coinbase,USDTUSDC,1678244040000,2023-03-08 02:54:00,0.9999,0.9999,0.9998,0.9998,5.85
coinbase,USDTUSDC,1678244640000,2023-03-08 03:04:00,0.9999,0.9999,0.9999,0.9999,2.91
coinbase,USDTUSDC,1678244820000,2023-03-08 03:07:00,0.9999,0.9999,0.9999,0.9999,51.13
coinbase,USDTUSDC,1678245120000,2023-03-08 03:12:00,0.9999,0.9999,0.9999,0.9999,6.55
coinbase,USDTUSDC,1678245360000,2023-03-08 03:16:00,0.9999,0.9999,0.9999,0.9999,646.14
coinbase,USDTUSDC,1678245540000,2023-03-08 03:19:00,0.9999,0.9999,0.9999,0.9999,118.74
coinbase,USDTUSDC,1678248060000,2023-03-08 04:01:00,0.9999,0.9999,0.9999,0.9999,2.02
coinbase,USDTUSDC,1678248120000,2023-03-08 04:02:00,0.9999,0.9999,0.9999,0.9999,2.63
coinbase,USDTUSDC,1678248360000,2023-03-08 04:06:00,0.9999,0.9999,0.9999,0.9999,2.44
coinbase,USDTUSDC,1678248600000,2023-03-08 04:10:00,0.9999,0.9999,0.9999,0.9999,5.06
coinbase,USDTUSDC,1678248780000,2023-03-08 04:13:00,0.9999,0.9999,0.9999,0.9999,1045.25
coinbase,USDTUSDC,1678250280000,2023-03-08 04:38:00,0.9999,0.9999,0.9999,0.9999,429.63
coinbase,USDTUSDC,1678251120000,2023-03-08 04:52:00,0.9999,0.9999,0.9999,0.9999,17324.77
coinbase,USDTUSDC,1678251600000,2023-03-08 05:00:00,0.9999,0.9999,0.9999,0.9999,239.15
coinbase,USDTUSDC,1678251660000,2023-03-08 05:01:00,0.9999,1,0.9999,1,38.48
coinbase,USDTUSDC,1678251840000,2023-03-08 05:04:00,0.9999,1,0.9999,1,195.46
coinbase,USDTUSDC,1678251900000,2023-03-08 05:05:00,0.9999,1,0.9999,1,255.9
coinbase,USDTUSDC,1678252080000,2023-03-08 05:08:00,0.9999,0.9999,0.9999,0.9999,940.11
coinbase,USDTUSDC,1678252200000,2023-03-08 05:10:00,1,1,1,1,18.01
coinbase,USDTUSDC,1678252320000,2023-03-08 05:12:00,1,1,1,1,2.33
coinbase,USDTUSDC,1678252440000,2023-03-08 05:14:00,1,1,1,1,6.69
coinbase,USDTUSDC,1678252680000,2023-03-08 05:18:00,1,1,0.9999,0.9999,6.57
coinbase,USDTUSDC,1678252860000,2023-03-08 05:21:00,0.9999,1,0.9999,1,1543.46
coinbase,USDTUSDC,1678253220000,2023-03-08 05:27:00,0.9999,0.9999,0.9999,0.9999,616.47
coinbase,USDTUSDC,1678253760000,2023-03-08 05:36:00,0.9999,0.9999,0.9999,0.9999,2087.28
coinbase,USDTUSDC,1678253940000,2023-03-08 05:39:00,0.9999,0.9999,0.9999,0.9999,1024
coinbase,USDTUSDC,1678254060000,2023-03-08 05:41:00,1,1,0.9999,0.9999,7.55
coinbase,USDTUSDC,1678255020000,2023-03-08 05:57:00,1,1.0001,1,1.0001,1344.29
coinbase,USDTUSDC,1678219380000,2023-03-07 20:03:00,1,1,1,1,8.35
coinbase,USDTUSDC,1678219560000,2023-03-07 20:06:00,1,1,0.9999,0.9999,18.74
coinbase,USDTUSDC,1678219800000,2023-03-07 20:10:00,0.9999,0.9999,0.9999,0.9999,34.69
coinbase,USDTUSDC,1678219920000,2023-03-07 20:12:00,0.9999,0.9999,0.9999,0.9999,27.65
coinbase,USDTUSDC,1678220280000,2023-03-07 20:18:00,0.9999,0.9999,0.9999,0.9999,11.36
coinbase,USDTUSDC,1678220580000,2023-03-07 20:23:00,0.9999,1,0.9999,1,1313.11
coinbase,USDTUSDC,1678221360000,2023-03-07 20:36:00,0.9999,1,0.9999,1,2080.36
coinbase,USDTUSDC,1678221480000,2023-03-07 20:38:00,1,1,0.9999,0.9999,2275.21
coinbase,USDTUSDC,1678222080000,2023-03-07 20:48:00,0.9999,0.9999,0.9999,0.9999,1274.52
coinbase,USDTUSDC,1678222380000,2023-03-07 20:53:00,0.9999,0.9999,0.9999,0.9999,1532.87
coinbase,USDTUSDC,1678222860000,2023-03-07 21:01:00,0.9999,0.9999,0.9999,0.9999,1.03
coinbase,USDTUSDC,1678222980000,2023-03-07 21:03:00,1,1,1,1,26.78
coinbase,USDTUSDC,1678223400000,2023-03-07 21:10:00,0.9998,1,0.9998,1,3.42
coinbase,USDTUSDC,1678223580000,2023-03-07 21:13:00,0.9998,0.9998,0.9998,0.9998,2.72
coinbase,USDTUSDC,1678224240000,2023-03-07 21:24:00,1,1,1,1,2085.15
coinbase,USDTUSDC,1678224300000,2023-03-07 21:25:00,1,1,1,1,2916.68
coinbase,USDTUSDC,1678225500000,2023-03-07 21:45:00,1,1.0001,1,1,92.39
coinbase,USDTUSDC,1678226520000,2023-03-07 22:02:00,1,1,1,1,7.74
coinbase,USDTUSDC,1678226640000,2023-03-07 22:04:00,1,1,1,1,300
coinbase,USDTUSDC,1678226700000,2023-03-07 22:05:00,1,1,1,1,26.14
coinbase,USDTUSDC,1678226940000,2023-03-07 22:09:00,0.9999,1,0.9999,1,11.72
coinbase,USDTUSDC,1678227000000,2023-03-07 22:10:00,1,1,1,1,21.47
coinbase,USDTUSDC,1678227240000,2023-03-07 22:14:00,1,1,1,1,7.06
coinbase,USDTUSDC,1678227360000,2023-03-07 22:16:00,1,1,1,1,6.01
coinbase,USDTUSDC,1678227600000,2023-03-07 22:20:00,0.9998,0.9999,0.9998,0.9999,536.83
coinbase,USDTUSDC,1678228500000,2023-03-07 22:35:00,0.9999,0.9999,0.9999,0.9999,30
coinbase,USDTUSDC,1678228560000,2023-03-07 22:36:00,0.9999,1.0001,0.9999,1.0001,937.44
coinbase,USDTUSDC,1678230120000,2023-03-07 23:02:00,0.9999,0.9999,0.9999,0.9999,7.36
coinbase,USDTUSDC,1678230360000,2023-03-07 23:06:00,0.9999,0.9999,0.9999,0.9999,9.87
coinbase,USDTUSDC,1678230480000,2023-03-07 23:08:00,0.9999,0.9999,0.9999,0.9999,21.84
coinbase,USDTUSDC,1678230780000,2023-03-07 23:13:00,0.9999,0.9999,0.9998,0.9998,24.98
coinbase,USDTUSDC,1678230900000,2023-03-07 23:15:00,0.9999,0.9999,0.9999,0.9999,10.44
coinbase,USDTUSDC,1678230960000,2023-03-07 23:16:00,0.9999,0.9999,0.9999,0.9999,15.68
coinbase,USDTUSDC,1678231200000,2023-03-07 23:20:00,0.9998,0.9999,0.9998,0.9999,4.45
coinbase,USDTUSDC,1678233480000,2023-03-07 23:58:00,0.9999,0.9999,0.9999,0.9999,482.01
coinbase,USDTUSDC,1678233540000,2023-03-07 23:59:00,0.9999,0.9999,0.9998,0.9998,475.01
coinbase,USDTUSDC,1678233840000,2023-03-08 00:04:00,0.9998,0.9998,0.9998,0.9998,18.17
coinbase,USDTUSDC,1678234080000,2023-03-08 00:08:00,0.9999,0.9999,0.9998,0.9998,1101.51
coinbase,USDTUSDC,1678234200000,2023-03-08 00:10:00,0.9998,0.9998,0.9998,0.9998,30.63
coinbase,USDTUSDC,1678234320000,2023-03-08 00:12:00,0.9998,0.9999,0.9998,0.9999,260.58
coinbase,USDTUSDC,1678234620000,2023-03-08 00:17:00,0.9998,0.9998,0.9998,0.9998,8.93
coinbase,USDTUSDC,1678234680000,2023-03-08 00:18:00,0.9998,0.9998,0.9998,0.9998,5.47
coinbase,USDTUSDC,1678234740000,2023-03-08 00:19:00,0.9998,0.9998,0.9998,0.9998,22.01
coinbase,USDTUSDC,1678234920000,2023-03-08 00:22:00,0.9999,0.9999,0.9999,0.9999,1139.27
coinbase,USDTUSDC,1678235280000,2023-03-08 00:28:00,0.9999,0.9999,0.9999,0.9999,1046.81
coinbase,USDTUSDC,1678235760000,2023-03-08 00:36:00,0.9999,0.9999,0.9998,0.9998,2084.3
coinbase,USDTUSDC,1678201200000,2023-03-07 15:00:00,0.9999,0.9999,0.9999,0.9999,559.34
coinbase,USDTUSDC,1678201260000,2023-03-07 15:01:00,1.0001,1.0001,0.9999,1.0001,3558.93
coinbase,USDTUSDC,1678201380000,2023-03-07 15:03:00,1.0001,1.0001,1.0001,1.0001,13.81
coinbase,USDTUSDC,1678201560000,2023-03-07 15:06:00,1,1,1,1,6.51
coinbase,USDTUSDC,1678201920000,2023-03-07 15:12:00,1.0001,1.0001,1.0001,1.0001,61.19
coinbase,USDTUSDC,1678201980000,2023-03-07 15:13:00,1.0001,1.0001,1.0001,1.0001,12.68
coinbase,USDTUSDC,1678202160000,2023-03-07 15:16:00,1.0001,1.0001,1.0001,1.0001,8.58
coinbase,USDTUSDC,1678202400000,2023-03-07 15:20:00,1.0001,1.0001,1.0001,1.0001,13.03
coinbase,USDTUSDC,1678202580000,2023-03-07 15:23:00,0.9999,1.0001,0.9999,1.0001,837.56
coinbase,USDTUSDC,1678203420000,2023-03-07 15:37:00,0.9999,1,0.9999,1,1043.65
coinbase,USDTUSDC,1678203480000,2023-03-07 15:38:00,1.0001,1.0001,1.0001,1.0001,7.18
coinbase,USDTUSDC,1678203720000,2023-03-07 15:42:00,1,1,0.9999,0.9999,914.02
coinbase,USDTUSDC,1678203960000,2023-03-07 15:46:00,0.9999,0.9999,0.9999,0.9999,2082.8
coinbase,USDTUSDC,1678204200000,2023-03-07 15:50:00,0.9999,1.0001,0.9999,1.0001,1092.56
coinbase,USDTUSDC,1678204560000,2023-03-07 15:56:00,1,1,1,1,275.66
coinbase,USDTUSDC,1678205040000,2023-03-07 16:04:00,1,1,0.9999,0.9999,730.85
coinbase,USDTUSDC,1678205160000,2023-03-07 16:06:00,0.9999,1,0.9999,1,27.68
coinbase,USDTUSDC,1678205400000,2023-03-07 16:10:00,1,1,0.9998,0.9998,31.61
coinbase,USDTUSDC,1678205520000,2023-03-07 16:12:00,0.9998,0.9998,0.9998,0.9998,27.38
coinbase,USDTUSDC,1678205880000,2023-03-07 16:18:00,0.9998,0.9998,0.9998,0.9998,23.9
coinbase,USDTUSDC,1678206000000,2023-03-07 16:20:00,0.9998,0.9999,0.9998,0.9999,48.36
coinbase,USDTUSDC,1678206060000,2023-03-07 16:21:00,0.9999,0.9999,0.9999,0.9999,43.42
coinbase,USDTUSDC,1678206180000,2023-03-07 16:23:00,0.9998,0.9998,0.9998,0.9998,16.66
coinbase,USDTUSDC,1678206480000,2023-03-07 16:28:00,0.9998,0.9999,0.9998,0.9999,6015.43
coinbase,USDTUSDC,1678206780000,2023-03-07 16:33:00,0.9999,0.9999,0.9998,0.9999,1413.76
coinbase,USDTUSDC,1678207260000,2023-03-07 16:41:00,0.9999,0.9999,0.9998,0.9998,93.75
coinbase,USDTUSDC,1678207440000,2023-03-07 16:44:00,0.9998,0.9998,0.9998,0.9998,140.52
coinbase,USDTUSDC,1678208400000,2023-03-07 17:00:00,0.9999,0.9999,0.9999,0.9999,10415.06
coinbase,USDTUSDC,1678208520000,2023-03-07 17:02:00,0.9999,1,0.9999,1,38183.3
coinbase,USDTUSDC,1678208700000,2023-03-07 17:05:00,1,1,1,1,15.95
coinbase,USDTUSDC,1678208820000,2023-03-07 17:07:00,1,1,0.9999,0.9999,44.09
coinbase,USDTUSDC,1678208940000,2023-03-07 17:09:00,0.9999,1,0.9999,1,9.59
coinbase,USDTUSDC,1678209000000,2023-03-07 17:10:00,1,1,1,1,4593.53
coinbase,USDTUSDC,1678209120000,2023-03-07 17:12:00,1,1,1,1,12.11
coinbase,USDTUSDC,1678209300000,2023-03-07 17:15:00,1,1,1,1,35316.66
coinbase,USDTUSDC,1678210200000,2023-03-07 17:30:00,0.9999,1.0001,0.9999,1.0001,1052.18
coinbase,USDTUSDC,1678211040000,2023-03-07 17:44:00,1.0001,1.0001,1.0001,1.0001,8.27
coinbase,USDTUSDC,1678211700000,2023-03-07 17:55:00,1,1.0001,0.9998,0.9998,1859.83
coinbase,USDTUSDC,1678212000000,2023-03-07 18:00:00,1.0001,1.0001,1,1,22.24
coinbase,USDTUSDC,1678212300000,2023-03-07 18:05:00,1,1,0.9999,0.9999,22.15
coinbase,USDTUSDC,1678212840000,2023-03-07 18:14:00,0.9999,0.9999,0.9999,0.9999,39.83
coinbase,USDTUSDC,1678212900000,2023-03-07 18:15:00,0.9999,0.9999,0.9999,0.9999,20.84
coinbase,USDTUSDC,1678213140000,2023-03-07 18:19:00,0.9999,0.9999,0.9999,0.9999,1043.16
coinbase,USDTUSDC,1678213560000,2023-03-07 18:26:00,0.9999,1,0.9999,1,185.16
coinbase,USDTUSDC,1678214880000,2023-03-07 18:48:00,1,1,1,1,100
coinbase,USDTUSDC,1678215720000,2023-03-07 19:02:00,1,1,1,1,499.87
coinbase,USDTUSDC,1678215780000,2023-03-07 19:03:00,1.0001,1.0001,1.0001,1.0001,1110.79
coinbase,USDTUSDC,1678215840000,2023-03-07 19:04:00,1.0001,1.0001,1.0001,1.0001,11.59
coinbase,USDTUSDC,1678216200000,2023-03-07 19:10:00,1,1,1,1,19.65
coinbase,USDTUSDC,1678216320000,2023-03-07 19:12:00,1,1,1,1,7.94
coinbase,USDTUSDC,1678216440000,2023-03-07 19:14:00,1,1,1,1,46.4
coinbase,USDTUSDC,1678216620000,2023-03-07 19:17:00,0.9999,0.9999,0.9999,0.9999,68.05
coinbase,USDTUSDC,1678216740000,2023-03-07 19:19:00,1,1,1,1,46.85
coinbase,USDTUSDC,1678217880000,2023-03-07 19:38:00,0.9999,1,0.9999,1,2056.46
coinbase,USDTUSDC,1678217940000,2023-03-07 19:39:00,1,1.0001,1,1.0001,1278.16
coinbase,USDTUSDC,1678219020000,2023-03-07 19:57:00,0.9999,1,0.9999,1,1061.61
coinbase,USDTUSDC,1678183440000,2023-03-07 10:04:00,1.0001,1.0001,1.0001,1.0001,6.12
coinbase,USDTUSDC,1678183620000,2023-03-07 10:07:00,1.0001,1.0001,0.9999,0.9999,1302.32
coinbase,USDTUSDC,1678183800000,2023-03-07 10:10:00,1.0001,1.0001,1.0001,1.0001,17.11
coinbase,USDTUSDC,1678183920000,2023-03-07 10:12:00,1.0001,1.0001,1.0001,1.0001,4.86
coinbase,USDTUSDC,1678184160000,2023-03-07 10:16:00,1.0001,1.0001,1.0001,1.0001,3.54
coinbase,USDTUSDC,1678184580000,2023-03-07 10:23:00,0.9999,1,0.9999,1,4174.94
coinbase,USDTUSDC,1678186320000,2023-03-07 10:52:00,1.0001,1.0001,1.0001,1.0001,604.67
coinbase,USDTUSDC,1678186920000,2023-03-07 11:02:00,1.0001,1.0001,1.0001,1.0001,6.59
coinbase,USDTUSDC,1678187160000,2023-03-07 11:06:00,1.0001,1.0001,1.0001,1.0001,9.75
coinbase,USDTUSDC,1678187400000,2023-03-07 11:10:00,1.0001,1.0001,1.0001,1.0001,8.4
coinbase,USDTUSDC,1678187460000,2023-03-07 11:11:00,1.0001,1.0001,1.0001,1.0001,10.27
coinbase,USDTUSDC,1678187520000,2023-03-07 11:12:00,1.0001,1.0001,1.0001,1.0001,17.99
coinbase,USDTUSDC,1678187880000,2023-03-07 11:18:00,1.0001,1.0001,1,1,2.81
coinbase,USDTUSDC,1678189620000,2023-03-07 11:47:00,0.9999,0.9999,0.9999,0.9999,2.34
coinbase,USDTUSDC,1678190460000,2023-03-07 12:01:00,1.0001,1.0001,1.0001,1.0001,8.33
coinbase,USDTUSDC,1678190520000,2023-03-07 12:02:00,1.0001,1.0001,1,1.0001,13156.3
coinbase,USDTUSDC,1678190820000,2023-03-07 12:07:00,1.0001,1.0001,1.0001,1.0001,10.86
coinbase,USDTUSDC,1678191060000,2023-03-07 12:11:00,1.0001,1.0001,1.0001,1.0001,3.37
coinbase,USDTUSDC,1678191120000,2023-03-07 12:12:00,1.0001,1.0001,0.9999,0.9999,432.87
coinbase,USDTUSDC,1678191540000,2023-03-07 12:19:00,1.0001,1.0001,0.9998,0.9998,14.35
coinbase,USDTUSDC,1678194120000,2023-03-07 13:02:00,0.9998,0.9998,0.9998,0.9998,11.1
coinbase,USDTUSDC,1678194540000,2023-03-07 13:09:00,0.9998,0.9998,0.9998,0.9998,6.47
coinbase,USDTUSDC,1678194840000,2023-03-07 13:14:00,0.9998,0.9998,0.9998,0.9998,7
coinbase,USDTUSDC,1678194900000,2023-03-07 13:15:00,0.9998,1,0.9998,1,1801.31
coinbase,USDTUSDC,1678197720000,2023-03-07 14:02:00,1,1,1,1,28.58
coinbase,USDTUSDC,1678197840000,2023-03-07 14:04:00,1,1,1,1,114.05
coinbase,USDTUSDC,1678198140000,2023-03-07 14:09:00,0.9999,1,0.9999,1,8.47
coinbase,USDTUSDC,1678198200000,2023-03-07 14:10:00,1,1,1,1,9.14
coinbase,USDTUSDC,1678198260000,2023-03-07 14:11:00,1,1,1,1,11.77
coinbase,USDTUSDC,1678198320000,2023-03-07 14:12:00,0.9999,1,0.9999,1,51.79
coinbase,USDTUSDC,1678198440000,2023-03-07 14:14:00,1,1,1,1,7.12
coinbase,USDTUSDC,1678198500000,2023-03-07 14:15:00,0.9999,1,0.9999,1,11041.51
coinbase,USDTUSDC,1678198560000,2023-03-07 14:16:00,1.0001,1.0001,0.9999,0.9999,1046.36
coinbase,USDTUSDC,1678199160000,2023-03-07 14:26:00,0.9999,0.9999,0.9999,0.9999,34.83
coinbase,USDTUSDC,1678199400000,2023-03-07 14:30:00,0.9999,1.0001,0.9999,0.9999,1566.77
coinbase,USDTUSDC,1678199580000,2023-03-07 14:33:00,1,1,1,1,615.28
coinbase,USDTUSDC,1678200000000,2023-03-07 14:40:00,1.0001,1.0001,1,1,1676.28
coinbase,USDTUSDC,1678201140000,2023-03-07 14:59:00,1,1.0001,1,1.0001,110.21
coinbase,USDTUSDC,1678201200000,2023-03-07 15:00:00,0.9999,0.9999,0.9999,0.9999,559.34
coinbase,USDTUSDC,1678165320000,2023-03-07 05:02:00,0.9999,0.9999,0.9999,0.9999,5.14
coinbase,USDTUSDC,1678165800000,2023-03-07 05:10:00,0.9999,0.9999,0.9999,0.9999,3.91
coinbase,USDTUSDC,1678165920000,2023-03-07 05:12:00,0.9999,1.0001,0.9999,1.0001,201.15
coinbase,USDTUSDC,1678169040000,2023-03-07 06:04:00,1.0001,1.0001,1,1,25.87
coinbase,USDTUSDC,1678169520000,2023-03-07 06:12:00,1,1.0001,1,1.0001,5.38
coinbase,USDTUSDC,1678169580000,2023-03-07 06:13:00,1.0001,1.0001,1.0001,1.0001,1.2
coinbase,USDTUSDC,1678169760000,2023-03-07 06:16:00,0.9999,0.9999,0.9999,0.9999,4.51
coinbase,USDTUSDC,1678172460000,2023-03-07 07:01:00,1.0001,1.0001,1.0001,1.0001,3.75
coinbase,USDTUSDC,1678172520000,2023-03-07 07:02:00,1.0001,1.0001,1.0001,1.0001,5.99
coinbase,USDTUSDC,1678172640000,2023-03-07 07:04:00,1.0001,1.0001,0.9999,0.9999,69.5
coinbase,USDTUSDC,1678172760000,2023-03-07 07:06:00,1.0001,1.0001,1.0001,1.0001,5.93
coinbase,USDTUSDC,1678172880000,2023-03-07 07:08:00,0.9999,1.0001,0.9999,1.0001,3.81
coinbase,USDTUSDC,1678173000000,2023-03-07 07:10:00,1.0001,1.0001,1.0001,1.0001,19.1
coinbase,USDTUSDC,1678173180000,2023-03-07 07:13:00,1.0001,1.0001,1.0001,1.0001,2.48
coinbase,USDTUSDC,1678174320000,2023-03-07 07:32:00,1,1,1,1,952.07
coinbase,USDTUSDC,1678176120000,2023-03-07 08:02:00,1.0001,1.0001,1.0001,1.0001,76.66
coinbase,USDTUSDC,1678176420000,2023-03-07 08:07:00,1.0001,1.0001,1.0001,1.0001,4.69
coinbase,USDTUSDC,1678176660000,2023-03-07 08:11:00,1.0001,1.0001,1.0001,1.0001,2.38
coinbase,USDTUSDC,1678176720000,2023-03-07 08:12:00,1.0001,1.0001,1.0001,1.0001,3.87
coinbase,USDTUSDC,1678176960000,2023-03-07 08:16:00,1.0001,1.0001,1,1,431.35
coinbase,USDTUSDC,1678177860000,2023-03-07 08:31:00,1,1,1,1,1905.11
coinbase,USDTUSDC,1678177980000,2023-03-07 08:33:00,1,1,1,1,1094.4
coinbase,USDTUSDC,1678178580000,2023-03-07 08:43:00,1,1,1,1,1500.02
coinbase,USDTUSDC,1678179480000,2023-03-07 08:58:00,1,1.0001,1,1.0001,121.43
coinbase,USDTUSDC,1678180260000,2023-03-07 09:11:00,0.9999,0.9999,0.9999,0.9999,2.21
coinbase,USDTUSDC,1678180680000,2023-03-07 09:18:00,1.0001,1.0001,1.0001,1.0001,246.19
coinbase,USDTUSDC,1678182360000,2023-03-07 09:46:00,1.0001,1.0001,1,1,786.13
coinbase,USDTUSDC,1678182960000,2023-03-07 09:56:00,0.9999,1.0001,0.9999,1.0001,89.49
coinbase,USDTUSDC,1678147560000,2023-03-07 00:06:00,0.9999,0.9999,0.9999,0.9999,4.71
coinbase,USDTUSDC,1678147800000,2023-03-07 00:10:00,1.0001,1.0002,1.0001,1.0002,3.52
coinbase,USDTUSDC,1678148040000,2023-03-07 00:14:00,1.0002,1.0002,1.0002,1.0002,7.74
coinbase,USDTUSDC,1678148880000,2023-03-07 00:28:00,1.0002,1.0002,1.0002,1.0002,1.08
coinbase,USDTUSDC,1678150500000,2023-03-07 00:55:00,1,1,0.9999,0.9999,815.74
coinbase,USDTUSDC,1678151040000,2023-03-07 01:04:00,0.9999,0.9999,0.9999,0.9999,7.15
coinbase,USDTUSDC,1678151400000,2023-03-07 01:10:00,0.9999,0.9999,0.9999,0.9999,2.12
coinbase,USDTUSDC,1678151520000,2023-03-07 01:12:00,0.9999,0.9999,0.9999,0.9999,46.89
coinbase,USDTUSDC,1678151640000,2023-03-07 01:14:00,0.9999,0.9999,0.9999,0.9999,15.59
coinbase,USDTUSDC,1678151760000,2023-03-07 01:16:00,0.9999,0.9999,0.9999,0.9999,10.59
coinbase,USDTUSDC,1678151940000,2023-03-07 01:19:00,0.9999,1.0001,0.9999,1.0001,251.01
coinbase,USDTUSDC,1678152720000,2023-03-07 01:32:00,0.9999,1.0001,0.9999,1.0001,1149.84
coinbase,USDTUSDC,1678153080000,2023-03-07 01:38:00,0.9999,1,0.9999,1,1065.48
coinbase,USDTUSDC,1678153920000,2023-03-07 01:52:00,0.9999,0.9999,0.9999,0.9999,2087.29
coinbase,USDTUSDC,1678154520000,2023-03-07 02:02:00,0.9999,0.9999,0.9999,0.9999,25.77
coinbase,USDTUSDC,1678154760000,2023-03-07 02:06:00,0.9999,0.9999,0.9999,0.9999,1043.34
coinbase,USDTUSDC,1678155000000,2023-03-07 02:10:00,0.9999,0.9999,0.9999,0.9999,22.5
coinbase,USDTUSDC,1678155120000,2023-03-07 02:12:00,0.9999,0.9999,0.9999,0.9999,14.79
coinbase,USDTUSDC,1678155420000,2023-03-07 02:17:00,0.9999,1.0001,0.9999,1.0001,46.99
coinbase,USDTUSDC,1678155480000,2023-03-07 02:18:00,0.9999,0.9999,0.9999,0.9999,9.25
coinbase,USDTUSDC,1678155720000,2023-03-07 02:22:00,0.9999,1.0001,0.9999,1.0001,107.75
coinbase,USDTUSDC,1678158180000,2023-03-07 03:03:00,0.9999,0.9999,0.9999,0.9999,3.35
coinbase,USDTUSDC,1678158600000,2023-03-07 03:10:00,0.9999,0.9999,0.9999,0.9999,3.04
coinbase,USDTUSDC,1678158840000,2023-03-07 03:14:00,0.9999,1.0001,0.9999,1.0001,702.25
coinbase,USDTUSDC,1678159020000,2023-03-07 03:17:00,0.9999,0.9999,0.9999,0.9999,6.32
coinbase,USDTUSDC,1678161660000,2023-03-07 04:01:00,1,1,1,1,5.29
coinbase,USDTUSDC,1678161720000,2023-03-07 04:02:00,1,1,1,1,8.35
coinbase,USDTUSDC,1678161840000,2023-03-07 04:04:00,1,1,1,1,9.23
coinbase,USDTUSDC,1678162200000,2023-03-07 04:10:00,1,1,1,1,14.07
coinbase,USDTUSDC,1678162320000,2023-03-07 04:12:00,1,1,1,1,4.61
coinbase,USDTUSDC,1678162440000,2023-03-07 04:14:00,1,1,1,1,43.45
coinbase,USDTUSDC,1678164660000,2023-03-07 04:51:00,1,1,1,1,55494.86
coinbase,USDTUSDC,1678164720000,2023-03-07 04:52:00,1,1,0.9999,0.9999,44555.37
coinbase,USDTUSDC,1678129560000,2023-03-06 19:06:00,1.0002,1.0002,1.0001,1.0001,1028.28
coinbase,USDTUSDC,1678129800000,2023-03-06 19:10:00,0.9999,0.9999,0.9999,0.9999,3.2
coinbase,USDTUSDC,1678129920000,2023-03-06 19:12:00,0.9999,1,0.9999,0.9999,769.24
coinbase,USDTUSDC,1678131660000,2023-03-06 19:41:00,1,1,1,1,800
coinbase,USDTUSDC,1678131900000,2023-03-06 19:45:00,1,1,1,1,1320.77
coinbase,USDTUSDC,1678132920000,2023-03-06 20:02:00,1.0001,1.0001,1.0001,1.0001,21.38
coinbase,USDTUSDC,1678133160000,2023-03-06 20:06:00,1.0001,1.0001,1,1,516.6
coinbase,USDTUSDC,1678133400000,2023-03-06 20:10:00,1.0001,1.0001,1.0001,1.0001,24.79
coinbase,USDTUSDC,1678133520000,2023-03-06 20:12:00,1.0001,1.0001,1.0001,1.0001,6.64
coinbase,USDTUSDC,1678133580000,2023-03-06 20:13:00,1.0001,1.0001,1,1,7.35
coinbase,USDTUSDC,1678133820000,2023-03-06 20:17:00,1,1,1,1,8.95
coinbase,USDTUSDC,1678134120000,2023-03-06 20:22:00,1,1,1,1,4826.83
coinbase,USDTUSDC,1678136460000,2023-03-06 21:01:00,1.0001,1.0001,1.0001,1.0001,6.99
coinbase,USDTUSDC,1678136520000,2023-03-06 21:02:00,1.0001,1.0001,1.0001,1.0001,10.26
coinbase,USDTUSDC,1678136760000,2023-03-06 21:06:00,1.0001,1.0001,1.0001,1.0001,11.97
coinbase,USDTUSDC,1678137000000,2023-03-06 21:10:00,1.0001,1.0001,1.0001,1.0001,17.63
coinbase,USDTUSDC,1678137120000,2023-03-06 21:12:00,1.0001,1.0001,1.0001,1.0001,3.93
coinbase,USDTUSDC,1678137240000,2023-03-06 21:14:00,1.0001,1.0001,1.0001,1.0001,5.47
coinbase,USDTUSDC,1678137300000,2023-03-06 21:15:00,1.0001,1.0001,1.0001,1.0001,7.13
coinbase,USDTUSDC,1678137360000,2023-03-06 21:16:00,1.0001,1.0001,0.9999,0.9999,30.14
coinbase,USDTUSDC,1678138920000,2023-03-06 21:42:00,0.9999,1,0.9999,1,464.08
coinbase,USDTUSDC,1678139820000,2023-03-06 21:57:00,0.9999,0.9999,0.9999,0.9999,58.17
coinbase,USDTUSDC,1678140120000,2023-03-06 22:02:00,0.9999,1,0.9999,1,526.96
coinbase,USDTUSDC,1678140240000,2023-03-06 22:04:00,0.9999,1.0002,0.9999,1.0002,952.52
coinbase,USDTUSDC,1678140360000,2023-03-06 22:06:00,1.0002,1.0002,0.9999,1.0002,2226.7
coinbase,USDTUSDC,1678140480000,2023-03-06 22:08:00,1.0002,1.0002,1.0002,1.0002,2450.52
coinbase,USDTUSDC,1678140660000,2023-03-06 22:11:00,0.9999,0.9999,0.9999,0.9999,11.87
coinbase,USDTUSDC,1678140720000,2023-03-06 22:12:00,0.9999,0.9999,0.9999,0.9999,16.79
coinbase,USDTUSDC,1678140960000,2023-03-06 22:16:00,0.9999,1.0002,0.9999,1.0002,2549.47
coinbase,USDTUSDC,1678141020000,2023-03-06 22:17:00,1,1.0002,0.9999,0.9999,112.1
coinbase,USDTUSDC,1678141200000,2023-03-06 22:20:00,0.9999,1.0001,0.9999,1.0001,74.47
coinbase,USDTUSDC,1678142520000,2023-03-06 22:42:00,0.9999,0.9999,0.9999,0.9999,3128.79
coinbase,USDTUSDC,1678142640000,2023-03-06 22:44:00,0.9999,1.0002,0.9999,1.0002,440.72
coinbase,USDTUSDC,1678143360000,2023-03-06 22:56:00,0.9999,1.0001,0.9999,1.0001,1224.88
coinbase,USDTUSDC,1678143780000,2023-03-06 23:03:00,0.9999,0.9999,0.9999,0.9999,2.46
coinbase,USDTUSDC,1678143840000,2023-03-06 23:04:00,0.9999,0.9999,0.9999,0.9999,656.37
coinbase,USDTUSDC,1678144680000,2023-03-06 23:18:00,0.9999,0.9999,0.9999,0.9999,1611.68
coinbase,USDTUSDC,1678144860000,2023-03-06 23:21:00,0.9999,0.9999,0.9999,0.9999,1112.27
coinbase,USDTUSDC,1678111320000,2023-03-06 14:02:00,0.9999,0.9999,0.9999,0.9999,10.77
coinbase,USDTUSDC,1678111800000,2023-03-06 14:10:00,0.9999,0.9999,0.9999,0.9999,12.99
coinbase,USDTUSDC,1678112160000,2023-03-06 14:16:00,0.9999,0.9999,0.9999,0.9999,8.25
coinbase,USDTUSDC,1678112280000,2023-03-06 14:18:00,0.9999,1,0.9999,1,8.74
coinbase,USDTUSDC,1678113300000,2023-03-06 14:35:00,1,1,1,1,1599
coinbase,USDTUSDC,1678113780000,2023-03-06 14:43:00,1,1,0.9999,0.9999,3368.52
coinbase,USDTUSDC,1678114680000,2023-03-06 14:58:00,0.9999,0.9999,0.9999,0.9999,51.78
coinbase,USDTUSDC,1678114800000,2023-03-06 15:00:00,1,1,1,1,10149.21
coinbase,USDTUSDC,1678115100000,2023-03-06 15:05:00,0.9999,0.9999,0.9999,0.9999,13.63
coinbase,USDTUSDC,1678115220000,2023-03-06 15:07:00,0.9999,0.9999,0.9999,0.9999,15.33
coinbase,USDTUSDC,1678115400000,2023-03-06 15:10:00,0.9999,0.9999,0.9999,0.9999,10.68
coinbase,USDTUSDC,1678115520000,2023-03-06 15:12:00,0.9999,0.9999,0.9999,0.9999,18.42
coinbase,USDTUSDC,1678115820000,2023-03-06 15:17:00,0.9999,0.9999,0.9999,0.9999,6.47
coinbase,USDTUSDC,1678115940000,2023-03-06 15:19:00,0.9999,0.9999,0.9998,0.9998,12.2
coinbase,USDTUSDC,1678116240000,2023-03-06 15:24:00,1,1,0.9999,0.9999,23.45
coinbase,USDTUSDC,1678116600000,2023-03-06 15:30:00,1,1,1,1,403.37
coinbase,USDTUSDC,1678117920000,2023-03-06 15:52:00,1,1,1,1,1183.42
coinbase,USDTUSDC,1678118520000,2023-03-06 16:02:00,1,1,0.9998,0.9998,42.62
coinbase,USDTUSDC,1678118580000,2023-03-06 16:03:00,1,1,1,1,1556.35
coinbase,USDTUSDC,1678118700000,2023-03-06 16:05:00,0.9998,0.9998,0.9998,0.9998,3.73
coinbase,USDTUSDC,1678118760000,2023-03-06 16:06:00,0.9998,1,0.9998,0.9999,4467.18
coinbase,USDTUSDC,1678119000000,2023-03-06 16:10:00,1,1.0002,0.9998,1.0002,118194.46
coinbase,USDTUSDC,1678119120000,2023-03-06 16:12:00,1.0001,1.0001,1.0001,1.0001,43.84
coinbase,USDTUSDC,1678119240000,2023-03-06 16:14:00,1.0001,1.0001,0.9999,0.9999,5.09
coinbase,USDTUSDC,1678119300000,2023-03-06 16:15:00,1.0001,1.0002,0.9999,0.9999,2097.83
coinbase,USDTUSDC,1678119480000,2023-03-06 16:18:00,0.9999,0.9999,0.9999,0.9999,10.68
coinbase,USDTUSDC,1678119600000,2023-03-06 16:20:00,1.0001,1.0001,1.0001,1.0001,917.98
coinbase,USDTUSDC,1678120800000,2023-03-06 16:40:00,1.0001,1.0002,1,1,357.36
coinbase,USDTUSDC,1678121700000,2023-03-06 16:55:00,1,1,0.9999,0.9999,101.37
coinbase,USDTUSDC,1678122120000,2023-03-06 17:02:00,1.0001,1.0001,1.0001,1.0001,8.96
coinbase,USDTUSDC,1678122240000,2023-03-06 17:04:00,1.0001,1.0001,1.0001,1.0001,2.87
coinbase,USDTUSDC,1678122600000,2023-03-06 17:10:00,1.0001,1.0001,1.0001,1.0001,3.65
coinbase,USDTUSDC,1678122720000,2023-03-06 17:12:00,1.0001,1.0001,1.0001,1.0001,106.14
coinbase,USDTUSDC,1678124700000,2023-03-06 17:45:00,1.0001,1.0001,0.9999,0.9999,1243.23
coinbase,USDTUSDC,1678125780000,2023-03-06 18:03:00,0.9999,1.0002,0.9999,1.0002,853.64
coinbase,USDTUSDC,1678126200000,2023-03-06 18:10:00,1.0002,1.0002,1.0002,1.0002,3.09
coinbase,USDTUSDC,1678126320000,2023-03-06 18:12:00,1.0002,1.0002,1.0002,1.0002,1.85
coinbase,USDTUSDC,1678126380000,2023-03-06 18:13:00,1.0002,1.0002,1.0002,1.0002,1.54
coinbase,USDTUSDC,1678126440000,2023-03-06 18:14:00,1.0002,1.0002,1.0002,1.0002,3.39
coinbase,USDTUSDC,1678126800000,2023-03-06 18:20:00,1.0002,1.0002,1.0002,1.0002,1140
coinbase,USDTUSDC,1678126980000,2023-03-06 18:23:00,1.0002,1.0002,1.0002,1.0002,55
coinbase,USDTUSDC,1678128120000,2023-03-06 18:42:00,0.9999,1.0002,0.9999,1.0002,599.71
coinbase,USDTUSDC,1678093440000,2023-03-06 09:04:00,0.9999,1,0.9999,1,1045.77
coinbase,USDTUSDC,1678093560000,2023-03-06 09:06:00,0.9999,0.9999,0.9999,0.9999,1.47
coinbase,USDTUSDC,1678093620000,2023-03-06 09:07:00,1,1,0.9999,0.9999,1813.35
coinbase,USDTUSDC,1678093740000,2023-03-06 09:09:00,1,1,1,1,749.04
coinbase,USDTUSDC,1678093800000,2023-03-06 09:10:00,0.9999,0.9999,0.9999,0.9999,5.31
coinbase,USDTUSDC,1678093860000,2023-03-06 09:11:00,1,1,0.9999,0.9999,957.88
coinbase,USDTUSDC,1678093920000,2023-03-06 09:12:00,1,1,0.9999,0.9999,1042.81
coinbase,USDTUSDC,1678094040000,2023-03-06 09:14:00,1,1,0.9999,0.9999,41.75
coinbase,USDTUSDC,1678094460000,2023-03-06 09:21:00,1,1,0.9999,1,2871.4
coinbase,USDTUSDC,1678094520000,2023-03-06 09:22:00,1,1,1,1,2087.87
coinbase,USDTUSDC,1678094640000,2023-03-06 09:24:00,1,1,1,1,2123.41
coinbase,USDTUSDC,1678095600000,2023-03-06 09:40:00,1,1,1,1,460.67
coinbase,USDTUSDC,1678095960000,2023-03-06 09:46:00,1,1,1,1,1451.08
coinbase,USDTUSDC,1678097160000,2023-03-06 10:06:00,0.9999,0.9999,0.9999,0.9999,2.88
coinbase,USDTUSDC,1678097400000,2023-03-06 10:10:00,1,1,1,1,2088.51
coinbase,USDTUSDC,1678097460000,2023-03-06 10:11:00,1,1,1,1,1078.92
coinbase,USDTUSDC,1678097760000,2023-03-06 10:16:00,0.9999,0.9999,0.9999,0.9999,3.41
coinbase,USDTUSDC,1678098000000,2023-03-06 10:20:00,1,1,1,1,2510.76
coinbase,USDTUSDC,1678098480000,2023-03-06 10:28:00,1,1,0.9999,0.9999,203.97
coinbase,USDTUSDC,1678098960000,2023-03-06 10:36:00,1,1,1,1,1559.02
coinbase,USDTUSDC,1678100280000,2023-03-06 10:58:00,1,1,1,1,1500
coinbase,USDTUSDC,1678100520000,2023-03-06 11:02:00,0.9999,0.9999,0.9999,0.9999,2.66
coinbase,USDTUSDC,1678100700000,2023-03-06 11:05:00,0.9999,1,0.9999,1,2.34
coinbase,USDTUSDC,1678101180000,2023-03-06 11:13:00,0.9999,1,0.9999,1,6.24
coinbase,USDTUSDC,1678102620000,2023-03-06 11:37:00,0.9999,1,0.9999,1,5290.09
coinbase,USDTUSDC,1678104060000,2023-03-06 12:01:00,1,1,1,1,4.84
coinbase,USDTUSDC,1678104120000,2023-03-06 12:02:00,1,1,1,1,6.76
coinbase,USDTUSDC,1678104300000,2023-03-06 12:05:00,1,1,1,1,4.73
coinbase,USDTUSDC,1678104420000,2023-03-06 12:07:00,1,1,1,1,40
coinbase,USDTUSDC,1678104600000,2023-03-06 12:10:00,1,1,1,1,17.03
coinbase,USDTUSDC,1678104720000,2023-03-06 12:12:00,1,1,1,1,6.1
coinbase,USDTUSDC,1678104780000,2023-03-06 12:13:00,1,1,1,1,5.99
coinbase,USDTUSDC,1678105020000,2023-03-06 12:17:00,0.9999,0.9999,0.9999,0.9999,7.76
coinbase,USDTUSDC,1678105380000,2023-03-06 12:23:00,1,1,1,1,155.35
coinbase,USDTUSDC,1678106700000,2023-03-06 12:45:00,1,1,1,1,103.85
coinbase,USDTUSDC,1678107840000,2023-03-06 13:04:00,0.9999,0.9999,0.9999,0.9999,5.84
coinbase,USDTUSDC,1678108020000,2023-03-06 13:07:00,0.9999,0.9999,0.9999,0.9999,2.94
coinbase,USDTUSDC,1678108200000,2023-03-06 13:10:00,0.9999,0.9999,0.9999,0.9999,12.31
coinbase,USDTUSDC,1678108320000,2023-03-06 13:12:00,0.9999,0.9999,0.9999,0.9999,14.84
coinbase,USDTUSDC,1678108500000,2023-03-06 13:15:00,0.9999,1,0.9999,0.9999,11.96
coinbase,USDTUSDC,1678110240000,2023-03-06 13:44:00,0.9999,0.9999,0.9999,0.9999,496.92
coinbase,USDTUSDC,1678110480000,2023-03-06 13:48:00,0.9999,0.9999,0.9999,0.9999,8.51
coinbase,USDTUSDC,1678075440000,2023-03-06 04:04:00,1.0001,1.0001,1.0001,1.0001,6.75
coinbase,USDTUSDC,1678075800000,2023-03-06 04:10:00,1.0001,1.0001,1.0001,1.0001,4.61
coinbase,USDTUSDC,1678075980000,2023-03-06 04:13:00,1.0001,1.0001,1,1,13.1
coinbase,USDTUSDC,1678076160000,2023-03-06 04:16:00,1,1.0001,1,1.0001,31.59
coinbase,USDTUSDC,1678078020000,2023-03-06 04:47:00,1.0002,1.0002,1.0002,1.0002,19.94
coinbase,USDTUSDC,1678078260000,2023-03-06 04:51:00,1.0002,1.0002,1.0002,1.0002,12.53
coinbase,USDTUSDC,1678078920000,2023-03-06 05:02:00,1.0002,1.0002,1.0002,1.0002,7.62
coinbase,USDTUSDC,1678079100000,2023-03-06 05:05:00,1.0002,1.0002,1.0002,1.0002,57.55
coinbase,USDTUSDC,1678079160000,2023-03-06 05:06:00,1.0002,1.0002,1.0002,1.0002,16.69
coinbase,USDTUSDC,1678079400000,2023-03-06 05:10:00,1.0002,1.0002,1.0002,1.0002,33.84
coinbase,USDTUSDC,1678079520000,2023-03-06 05:12:00,1.0002,1.0002,1.0002,1.0002,325.67
coinbase,USDTUSDC,1678079760000,2023-03-06 05:16:00,1.0002,1.0002,1.0002,1.0002,3.5
coinbase,USDTUSDC,1678080060000,2023-03-06 05:21:00,1.0002,1.0002,1.0001,1.0001,830.6
coinbase,USDTUSDC,1678081980000,2023-03-06 05:53:00,1.0002,1.0002,1.0001,1.0001,101.12
coinbase,USDTUSDC,1678082520000,2023-03-06 06:02:00,1,1,1,1,2.41
coinbase,USDTUSDC,1678082880000,2023-03-06 06:08:00,1.0001,1.0001,1,1,1012.43
coinbase,USDTUSDC,1678083180000,2023-03-06 06:13:00,1,1,1,1,6.11
coinbase,USDTUSDC,1678083360000,2023-03-06 06:16:00,1,1,1,1,6.62
coinbase,USDTUSDC,1678084320000,2023-03-06 06:32:00,1,1,1,1,1005.94
coinbase,USDTUSDC,1678085220000,2023-03-06 06:47:00,1.0002,1.0002,1,1,202.17
coinbase,USDTUSDC,1678086300000,2023-03-06 07:05:00,1,1,1,1,3.66
coinbase,USDTUSDC,1678086420000,2023-03-06 07:07:00,1,1,1,1,4.04
coinbase,USDTUSDC,1678086720000,2023-03-06 07:12:00,1,1,1,1,7.31
coinbase,USDTUSDC,1678086960000,2023-03-06 07:16:00,1,1,1,1,1003.81
coinbase,USDTUSDC,1678089120000,2023-03-06 07:52:00,1,1,1,1,32.54
coinbase,USDTUSDC,1678090260000,2023-03-06 08:11:00,1,1.0001,1,1.0001,2.61
coinbase,USDTUSDC,1678090380000,2023-03-06 08:13:00,1.0001,1.0001,1.0001,1.0001,8.4
coinbase,USDTUSDC,1678090800000,2023-03-06 08:20:00,1,1,1,1,16.17
coinbase,USDTUSDC,1678091160000,2023-03-06 08:26:00,1,1,1,1,4996.48
coinbase,USDTUSDC,1678091220000,2023-03-06 08:27:00,1,1,1,1,9405.2
coinbase,USDTUSDC,1678091640000,2023-03-06 08:34:00,1,1,1,1,107.55
coinbase,USDTUSDC,1678092240000,2023-03-06 08:44:00,1,1,1,1,1608.65
coinbase,USDTUSDC,1678092900000,2023-03-06 08:55:00,1,1,1,1,1112.24
coinbase,USDTUSDC,1678057320000,2023-03-05 23:02:00,1.0001,1.0001,1.0001,1.0001,16.1
coinbase,USDTUSDC,1678057560000,2023-03-05 23:06:00,1.0001,1.0001,1.0001,1.0001,10.85
coinbase,USDTUSDC,1678057620000,2023-03-05 23:07:00,1.0001,1.0001,1.0001,1.0001,10.44
coinbase,USDTUSDC,1678057800000,2023-03-05 23:10:00,1.0001,1.0001,1.0001,1.0001,11.73
coinbase,USDTUSDC,1678057860000,2023-03-05 23:11:00,1.0001,1.0001,1.0001,1.0001,25.34
coinbase,USDTUSDC,1678057920000,2023-03-05 23:12:00,1.0001,1.0001,1.0001,1.0001,3.7
coinbase,USDTUSDC,1678058100000,2023-03-05 23:15:00,1.0001,1.0001,1.0001,1.0001,9.14
coinbase,USDTUSDC,1678058280000,2023-03-05 23:18:00,1.0001,1.0001,1,1,57.04
coinbase,USDTUSDC,1678060800000,2023-03-06 00:00:00,1,1,1,1,869.87
coinbase,USDTUSDC,1678061520000,2023-03-06 00:12:00,1,1,1,1,4.13
coinbase,USDTUSDC,1678062540000,2023-03-06 00:29:00,1.0001,1.0001,1.0001,1.0001,12
coinbase,USDTUSDC,1678063020000,2023-03-06 00:37:00,1.0001,1.0002,1.0001,1.0002,1002.08
coinbase,USDTUSDC,1678064460000,2023-03-06 01:01:00,1.0002,1.0002,1.0002,1.0002,1.02
coinbase,USDTUSDC,1678064760000,2023-03-06 01:06:00,1.0002,1.0002,1.0002,1.0002,1.58
coinbase,USDTUSDC,1678065000000,2023-03-06 01:10:00,1.0001,1.0001,1,1,1678.68
coinbase,USDTUSDC,1678065240000,2023-03-06 01:14:00,1.0001,1.0001,1,1,3.85
coinbase,USDTUSDC,1678065360000,2023-03-06 01:16:00,1.0001,1.0001,1,1,32.9
coinbase,USDTUSDC,1678065480000,2023-03-06 01:18:00,1.0001,1.0002,1.0001,1.0002,36.56
coinbase,USDTUSDC,1678066560000,2023-03-06 01:36:00,1.0002,1.0002,1.0001,1.0002,1792.33
coinbase,USDTUSDC,1678066800000,2023-03-06 01:40:00,1.0002,1.0002,1.0002,1.0002,100.02
coinbase,USDTUSDC,1678067400000,2023-03-06 01:50:00,1.0002,1.0002,1.0002,1.0002,29.73
coinbase,USDTUSDC,1678068240000,2023-03-06 02:04:00,1.0002,1.0002,1.0002,1.0002,3.95
coinbase,USDTUSDC,1678068360000,2023-03-06 02:06:00,1.0002,1.0002,1.0002,1.0002,1071.52
coinbase,USDTUSDC,1678068540000,2023-03-06 02:09:00,1.0002,1.0002,1.0002,1.0002,7.39
coinbase,USDTUSDC,1678068600000,2023-03-06 02:10:00,1.0002,1.0002,1.0002,1.0002,34.83
coinbase,USDTUSDC,1678068720000,2023-03-06 02:12:00,1.0002,1.0002,1.0002,1.0002,6.74
coinbase,USDTUSDC,1678068780000,2023-03-06 02:13:00,1.0002,1.0002,1.0002,1.0002,12.9
coinbase,USDTUSDC,1678069080000,2023-03-06 02:18:00,1.0002,1.0002,1.0002,1.0002,53.28
coinbase,USDTUSDC,1678070640000,2023-03-06 02:44:00,1.0002,1.0002,1.0002,1.0002,2003.45
coinbase,USDTUSDC,1678071240000,2023-03-06 02:54:00,1.0002,1.0002,1.0001,1.0001,6.64
coinbase,USDTUSDC,1678071720000,2023-03-06 03:02:00,1.0001,1.0002,1.0001,1.0002,11.14
coinbase,USDTUSDC,1678072020000,2023-03-06 03:07:00,1.0001,1.0001,1.0001,1.0001,16.01
coinbase,USDTUSDC,1678072260000,2023-03-06 03:11:00,1.0001,1.0001,1,1,7.17
coinbase,USDTUSDC,1678072320000,2023-03-06 03:12:00,1,1,1,1,1.24
coinbase,USDTUSDC,1678072440000,2023-03-06 03:14:00,1,1,1,1,17.44
coinbase,USDTUSDC,1678072680000,2023-03-06 03:18:00,1,1.0001,1,1.0001,7.41
coinbase,USDTUSDC,1678039320000,2023-03-05 18:02:00,1.0001,1.0001,1.0001,1.0001,9.52
coinbase,USDTUSDC,1678039560000,2023-03-05 18:06:00,1.0001,1.0001,1.0001,1.0001,3.62
coinbase,USDTUSDC,1678039800000,2023-03-05 18:10:00,1.0001,1.0001,1.0001,1.0001,8.42
coinbase,USDTUSDC,1678039980000,2023-03-05 18:13:00,1.0001,1.0001,1.0001,1.0001,2.89
coinbase,USDTUSDC,1678040160000,2023-03-05 18:16:00,1.0001,1.0001,1.0001,1.0001,203.57
coinbase,USDTUSDC,1678041060000,2023-03-05 18:31:00,1,1.0001,1,1.0001,3.51
coinbase,USDTUSDC,1678042920000,2023-03-05 19:02:00,1,1,1,1,2.54
coinbase,USDTUSDC,1678043100000,2023-03-05 19:05:00,1,1,1,1,3.08
coinbase,USDTUSDC,1678043580000,2023-03-05 19:13:00,1,1,1,1,2.31
coinbase,USDTUSDC,1678043700000,2023-03-05 19:15:00,1,1,1,1,2.93
coinbase,USDTUSDC,1678045260000,2023-03-05 19:41:00,1,1,1,1,692.83
coinbase,USDTUSDC,1678045680000,2023-03-05 19:48:00,1,1.0001,1,1.0001,108.26
coinbase,USDTUSDC,1678046640000,2023-03-05 20:04:00,1.0001,1.0001,1.0001,1.0001,4.65
coinbase,USDTUSDC,1678046820000,2023-03-05 20:07:00,1.0001,1.0001,1.0001,1.0001,147.35
coinbase,USDTUSDC,1678047000000,2023-03-05 20:10:00,1.0001,1.0001,1.0001,1.0001,7.8
coinbase,USDTUSDC,1678047120000,2023-03-05 20:12:00,1.0001,1.0001,1.0001,1.0001,61.3
coinbase,USDTUSDC,1678047540000,2023-03-05 20:19:00,1.0001,1.0001,1,1,10842.68
coinbase,USDTUSDC,1678047900000,2023-03-05 20:25:00,1.0001,1.0001,1.0001,1.0001,32.7
coinbase,USDTUSDC,1678050240000,2023-03-05 21:04:00,1,1,1,1,9.57
coinbase,USDTUSDC,1678050420000,2023-03-05 21:07:00,1,1,1,1,9.49
coinbase,USDTUSDC,1678050720000,2023-03-05 21:12:00,1,1,1,1,2.11
coinbase,USDTUSDC,1678050780000,2023-03-05 21:13:00,1,1,1,1,13.29
coinbase,USDTUSDC,1678050960000,2023-03-05 21:16:00,1,1.0001,1,1.0001,737.77
coinbase,USDTUSDC,1678052520000,2023-03-05 21:42:00,1.0001,1.0001,1.0001,1.0001,416.96
coinbase,USDTUSDC,1678053720000,2023-03-05 22:02:00,1.0001,1.0001,1,1,2.85
coinbase,USDTUSDC,1678053960000,2023-03-05 22:06:00,1,1.0001,1,1.0001,11.35
coinbase,USDTUSDC,1678054260000,2023-03-05 22:11:00,1.0001,1.0001,1.0001,1.0001,6.38
coinbase,USDTUSDC,1678054320000,2023-03-05 22:12:00,1.0001,1.0001,1.0001,1.0001,6.45
coinbase,USDTUSDC,1678054560000,2023-03-05 22:16:00,1.0001,1.0001,1.0001,1.0001,1766.61
coinbase,USDTUSDC,1678056600000,2023-03-05 22:50:00,1.0001,1.0001,1.0001,1.0001,25.45
coinbase,USDTUSDC,1678021740000,2023-03-05 13:09:00,1,1,1,1,3.61
coinbase,USDTUSDC,1678021980000,2023-03-05 13:13:00,1,1,1,1,4.18
coinbase,USDTUSDC,1678022940000,2023-03-05 13:29:00,1,1,1,1,3502.36
coinbase,USDTUSDC,1678025220000,2023-03-05 14:07:00,1,1,1,1,6.79
coinbase,USDTUSDC,1678025280000,2023-03-05 14:08:00,1,1,1,1,3.31
coinbase,USDTUSDC,1678025700000,2023-03-05 14:15:00,1,1,1,1,2.89
coinbase,USDTUSDC,1678027080000,2023-03-05 14:38:00,1,1.0001,1,1.0001,94.21
coinbase,USDTUSDC,1678028520000,2023-03-05 15:02:00,1.0001,1.0001,1.0001,1.0001,720.06
coinbase,USDTUSDC,1678028580000,2023-03-05 15:03:00,1.0001,1.0001,1.0001,1.0001,3.52
coinbase,USDTUSDC,1678029060000,2023-03-05 15:11:00,1.0001,1.0001,1.0001,1.0001,1.59
coinbase,USDTUSDC,1678029180000,2023-03-05 15:13:00,1.0001,1.0001,1,1,277.71
coinbase,USDTUSDC,1678029480000,2023-03-05 15:18:00,1,1.0001,1,1.0001,15.9
coinbase,USDTUSDC,1678030980000,2023-03-05 15:43:00,1,1.0001,1,1.0001,12.49
coinbase,USDTUSDC,1678032600000,2023-03-05 16:10:00,1.0001,1.0001,1.0001,1.0001,8.53
coinbase,USDTUSDC,1678032780000,2023-03-05 16:13:00,1.0001,1.0001,1.0001,1.0001,2.75
coinbase,USDTUSDC,1678033080000,2023-03-05 16:18:00,1.0001,1.0001,1.0001,1.0001,1.23
coinbase,USDTUSDC,1678033500000,2023-03-05 16:25:00,1.0001,1.0001,1,1,10010.19
coinbase,USDTUSDC,1678034220000,2023-03-05 16:37:00,1.0001,1.0001,1.0001,1.0001,112.23
coinbase,USDTUSDC,1678036260000,2023-03-05 17:11:00,1,1,1,1,2.86
coinbase,USDTUSDC,1678036380000,2023-03-05 17:13:00,1,1,1,1,1.9
coinbase,USDTUSDC,1678036500000,2023-03-05 17:15:00,1,1.0001,1,1.0001,10400.93
coinbase,USDTUSDC,1678037760000,2023-03-05 17:36:00,1.0001,1.0001,1.0001,1.0001,1144.45
coinbase,USDTUSDC,1678003440000,2023-03-05 08:04:00,1.0002,1.0002,1.0001,1.0001,3.23
coinbase,USDTUSDC,1678004100000,2023-03-05 08:15:00,1.0001,1.0001,1.0001,1.0001,510.42
coinbase,USDTUSDC,1678005300000,2023-03-05 08:35:00,1.0002,1.0002,1.0002,1.0002,750
coinbase,USDTUSDC,1678006920000,2023-03-05 09:02:00,1.0002,1.0002,1.0002,1.0002,13.84
coinbase,USDTUSDC,1678007040000,2023-03-05 09:04:00,1.0002,1.0002,1.0002,1.0002,8.22
coinbase,USDTUSDC,1678007400000,2023-03-05 09:10:00,1.0002,1.0002,1.0002,1.0002,15.58
coinbase,USDTUSDC,1678007760000,2023-03-05 09:16:00,1.0002,1.0002,1.0002,1.0002,253.09
coinbase,USDTUSDC,1678008420000,2023-03-05 09:27:00,1.0001,1.0001,1.0001,1.0001,8.88
coinbase,USDTUSDC,1678010700000,2023-03-05 10:05:00,1.0001,1.0001,1.0001,1.0001,10.42
coinbase,USDTUSDC,1678010880000,2023-03-05 10:08:00,1.0001,1.0001,1.0001,1.0001,8.9
coinbase,USDTUSDC,1678011180000,2023-03-05 10:13:00,1.0001,1.0001,1.0001,1.0001,8.05
coinbase,USDTUSDC,1678011360000,2023-03-05 10:16:00,1.0001,1.0001,1.0001,1.0001,4.23
coinbase,USDTUSDC,1678014300000,2023-03-05 11:05:00,1.0001,1.0001,1.0001,1.0001,3.44
coinbase,USDTUSDC,1678014420000,2023-03-05 11:07:00,1.0001,1.0001,1.0001,1.0001,4.41
coinbase,USDTUSDC,1678014600000,2023-03-05 11:10:00,1.0001,1.0001,1.0001,1.0001,5.99
coinbase,USDTUSDC,1678014720000,2023-03-05 11:12:00,1.0001,1.0001,1.0001,1.0001,10.64
coinbase,USDTUSDC,1678015080000,2023-03-05 11:18:00,1.0001,1.0002,1.0001,1.0002,77.29
coinbase,USDTUSDC,1678015500000,2023-03-05 11:25:00,1.0001,1.0001,1.0001,1.0001,909.04
coinbase,USDTUSDC,1678016400000,2023-03-05 11:40:00,1.0001,1.0001,1.0001,1.0001,674.13
coinbase,USDTUSDC,1678017720000,2023-03-05 12:02:00,1.0001,1.0001,1.0001,1.0001,2.01
coinbase,USDTUSDC,1678017960000,2023-03-05 12:06:00,1.0001,1.0001,1.0001,1.0001,1.62
coinbase,USDTUSDC,1678018200000,2023-03-05 12:10:00,1.0001,1.0001,1.0001,1.0001,4.89
coinbase,USDTUSDC,1678018440000,2023-03-05 12:14:00,1.0001,1.0001,1.0001,1.0001,1.59
coinbase,USDTUSDC,1678019640000,2023-03-05 12:34:00,1.0001,1.0001,1,1,6000.49
coinbase,USDTUSDC,1677985320000,2023-03-05 03:02:00,1.0002,1.0002,1.0001,1.0001,1050.18
coinbase,USDTUSDC,1677985440000,2023-03-05 03:04:00,1.0002,1.0002,1.0002,1.0002,16.59
coinbase,USDTUSDC,1677985560000,2023-03-05 03:06:00,1.0002,1.0002,1.0002,1.0002,852.29
coinbase,USDTUSDC,1677985800000,2023-03-05 03:10:00,1.0002,1.0002,1.0002,1.0002,19.64
coinbase,USDTUSDC,1677985920000,2023-03-05 03:12:00,1.0002,1.0002,1.0002,1.0002,11.64
coinbase,USDTUSDC,1677986160000,2023-03-05 03:16:00,1.0002,1.0002,1.0002,1.0002,3.09
coinbase,USDTUSDC,1677986400000,2023-03-05 03:20:00,1.0002,1.0002,1.0002,1.0002,113.94
coinbase,USDTUSDC,1677986460000,2023-03-05 03:21:00,1.0001,1.0002,1.0001,1.0002,419.88
coinbase,USDTUSDC,1677986520000,2023-03-05 03:22:00,1.0001,1.0002,1.0001,1.0002,279.74
coinbase,USDTUSDC,1677988920000,2023-03-05 04:02:00,1.0001,1.0001,1.0001,1.0001,5.43
coinbase,USDTUSDC,1677989280000,2023-03-05 04:08:00,1.0001,1.0001,1.0001,1.0001,4.97
coinbase,USDTUSDC,1677989400000,2023-03-05 04:10:00,1.0001,1.0001,1.0001,1.0001,2.61
coinbase,USDTUSDC,1677989580000,2023-03-05 04:13:00,1.0001,1.0001,1.0001,1.0001,8.42
coinbase,USDTUSDC,1677989880000,2023-03-05 04:18:00,1.0001,1.0001,1.0001,1.0001,1.14
coinbase,USDTUSDC,1677990420000,2023-03-05 04:27:00,1.0002,1.0002,1.0001,1.0001,46.02
coinbase,USDTUSDC,1677992760000,2023-03-05 05:06:00,1.0002,1.0002,1.0002,1.0002,203.87
coinbase,USDTUSDC,1677992820000,2023-03-05 05:07:00,1.0002,1.0002,1.0001,1.0001,2.48
coinbase,USDTUSDC,1677993120000,2023-03-05 05:12:00,1.0001,1.0001,1.0001,1.0001,5.23
coinbase,USDTUSDC,1677993300000,2023-03-05 05:15:00,1.0001,1.0002,1.0001,1.0002,8768.5
coinbase,USDTUSDC,1677995160000,2023-03-05 05:46:00,1.0002,1.0002,1.0002,1.0002,24.99
coinbase,USDTUSDC,1677995220000,2023-03-05 05:47:00,1.0002,1.0002,1.0002,1.0002,356.02
coinbase,USDTUSDC,1677996060000,2023-03-05 06:01:00,1.0002,1.0002,1.0002,1.0002,4.4
coinbase,USDTUSDC,1677996120000,2023-03-05 06:02:00,1.0002,1.0002,1.0002,1.0002,6.5
coinbase,USDTUSDC,1677996360000,2023-03-05 06:06:00,1.0002,1.0002,1.0002,1.0002,5.45
coinbase,USDTUSDC,1677996600000,2023-03-05 06:10:00,1.0002,1.0002,1.0002,1.0002,16.05
coinbase,USDTUSDC,1677996780000,2023-03-05 06:13:00,1.0002,1.0002,1.0002,1.0002,5.37
coinbase,USDTUSDC,1677996960000,2023-03-05 06:16:00,1.0002,1.0002,1.0002,1.0002,10.63
coinbase,USDTUSDC,1677999780000,2023-03-05 07:03:00,1.0002,1.0002,1.0002,1.0002,6.8
coinbase,USDTUSDC,1678000200000,2023-03-05 07:10:00,1.0002,1.0002,1.0002,1.0002,8.64
coinbase,USDTUSDC,1678000320000,2023-03-05 07:12:00,1.0002,1.0002,1.0002,1.0002,6.04
coinbase,USDTUSDC,1678000560000,2023-03-05 07:16:00,1.0002,1.0002,1.0002,1.0002,2.95
coinbase,USDTUSDC,1677967320000,2023-03-04 22:02:00,1.0001,1.0001,1.0001,1.0001,24.58
coinbase,USDTUSDC,1677967440000,2023-03-04 22:04:00,1.0001,1.0001,1.0001,1.0001,18.72
coinbase,USDTUSDC,1677967800000,2023-03-04 22:10:00,1.0001,1.0001,1.0001,1.0001,26.83
coinbase,USDTUSDC,1677967860000,2023-03-04 22:11:00,1.0001,1.0001,1.0001,1.0001,39.22
coinbase,USDTUSDC,1677967980000,2023-03-04 22:13:00,1.0001,1.0001,1.0001,1.0001,18.13
coinbase,USDTUSDC,1677968220000,2023-03-04 22:17:00,1.0001,1.0001,1.0001,1.0001,21.21
coinbase,USDTUSDC,1677968940000,2023-03-04 22:29:00,1.0001,1.0001,1.0001,1.0001,6.35
coinbase,USDTUSDC,1677971040000,2023-03-04 23:04:00,1,1,1,1,9.88
coinbase,USDTUSDC,1677971220000,2023-03-04 23:07:00,1.0001,1.0001,1,1,11.17
coinbase,USDTUSDC,1677971400000,2023-03-04 23:10:00,1,1,1,1,1.36
coinbase,USDTUSDC,1677971700000,2023-03-04 23:15:00,1,1,1,1,18.29
coinbase,USDTUSDC,1677971820000,2023-03-04 23:17:00,1,1,1,1,7.81
coinbase,USDTUSDC,1677972000000,2023-03-04 23:20:00,1,1,1,1,10.8
coinbase,USDTUSDC,1677974580000,2023-03-05 00:03:00,1,1,1,1,8.32
coinbase,USDTUSDC,1677974760000,2023-03-05 00:06:00,1,1,1,1,5.29
coinbase,USDTUSDC,1677975000000,2023-03-05 00:10:00,1.0001,1.0001,1.0001,1.0001,1.01
coinbase,USDTUSDC,1677975060000,2023-03-05 00:11:00,1,1,1,1,5.71
coinbase,USDTUSDC,1677975120000,2023-03-05 00:12:00,1,1.0001,1,1.0001,28.04
coinbase,USDTUSDC,1677975240000,2023-03-05 00:14:00,1,1,1,1,5
coinbase,USDTUSDC,1677975480000,2023-03-05 00:18:00,1,1,1,1,1.51
coinbase,USDTUSDC,1677976140000,2023-03-05 00:29:00,1.0001,1.0001,1.0001,1.0001,194.76
coinbase,USDTUSDC,1677976740000,2023-03-05 00:39:00,1.0001,1.0001,1.0001,1.0001,1661.43
coinbase,USDTUSDC,1677977400000,2023-03-05 00:50:00,1,1.0001,1,1.0001,11833.2
coinbase,USDTUSDC,1677978120000,2023-03-05 01:02:00,1,1,1,1,11.14
coinbase,USDTUSDC,1677978660000,2023-03-05 01:11:00,1,1,1,1,11.57
coinbase,USDTUSDC,1677978960000,2023-03-05 01:16:00,1,1,1,1,8.04
coinbase,USDTUSDC,1677979020000,2023-03-05 01:17:00,1,1,1,1,8.77
coinbase,USDTUSDC,1677979080000,2023-03-05 01:18:00,1,1,1,1,9.23
coinbase,USDTUSDC,1677979260000,2023-03-05 01:21:00,1.0001,1.0001,1.0001,1.0001,50
coinbase,USDTUSDC,1677979440000,2023-03-05 01:24:00,1.0001,1.0001,1.0001,1.0001,1015.23
coinbase,USDTUSDC,1677981000000,2023-03-05 01:50:00,1.0001,1.0001,1,1,67.37
coinbase,USDTUSDC,1677981840000,2023-03-05 02:04:00,1,1,1,1,100.9
coinbase,USDTUSDC,1677981900000,2023-03-05 02:05:00,1,1,1,1,20.11
coinbase,USDTUSDC,1677982020000,2023-03-05 02:07:00,1,1,1,1,19.39
coinbase,USDTUSDC,1677982260000,2023-03-05 02:11:00,1,1,1,1,24.62
coinbase,USDTUSDC,1677982380000,2023-03-05 02:13:00,1,1,1,1,21.18
coinbase,USDTUSDC,1677982440000,2023-03-05 02:14:00,1,1.0001,1,1,137.44
coinbase,USDTUSDC,1677983640000,2023-03-05 02:34:00,1,1.0001,1,1.0001,719.45
coinbase,USDTUSDC,1677983760000,2023-03-05 02:36:00,1.0001,1.0001,1.0001,1.0001,1114.03
coinbase,USDTUSDC,1677984660000,2023-03-05 02:51:00,1.0001,1.0001,1.0001,1.0001,106.98
coinbase,USDTUSDC,1677985080000,2023-03-05 02:58:00,1.0001,1.0001,1.0001,1.0001,110
coinbase,USDTUSDC,1677985140000,2023-03-05 02:59:00,1.0001,1.0002,1.0001,1.0002,9875.59
coinbase,USDTUSDC,1677932880000,2023-03-04 12:28:00,1.0001,1.0001,1.0001,1.0001,4.26
coinbase,USDTUSDC,1677933000000,2023-03-04 12:30:00,1.0001,1.0001,1.0001,1.0001,12.7
coinbase,USDTUSDC,1677933300000,2023-03-04 12:35:00,1.0001,1.0001,1,1,22.77
coinbase,USDTUSDC,1677933480000,2023-03-04 12:38:00,1.0001,1.0001,1.0001,1.0001,1512.64
coinbase,USDTUSDC,1677933660000,2023-03-04 12:41:00,1.0001,1.0001,1.0001,1.0001,3.75
coinbase,USDTUSDC,1677934920000,2023-03-04 13:02:00,1.0001,1.0001,1,1,15.07
coinbase,USDTUSDC,1677935940000,2023-03-04 13:19:00,1,1,1,1,9.51
coinbase,USDTUSDC,1677936660000,2023-03-04 13:31:00,1,1,1,1,10.78
coinbase,USDTUSDC,1677937200000,2023-03-04 13:40:00,1.0001,1.0001,1,1,19.27
coinbase,USDTUSDC,1677938280000,2023-03-04 13:58:00,1.0001,1.0001,1.0001,1.0001,16.79
coinbase,USDTUSDC,1677938640000,2023-03-04 14:04:00,1.0001,1.0001,1.0001,1.0001,672.24
coinbase,USDTUSDC,1677940080000,2023-03-04 14:28:00,1.0001,1.0001,1,1.0001,10.95
coinbase,USDTUSDC,1677940260000,2023-03-04 14:31:00,1.0001,1.0001,1.0001,1.0001,8.49
coinbase,USDTUSDC,1677940740000,2023-03-04 14:39:00,1.0001,1.0001,1.0001,1.0001,12.14
coinbase,USDTUSDC,1677941580000,2023-03-04 14:53:00,1.0001,1.0001,1,1,20.21
coinbase,USDTUSDC,1677942060000,2023-03-04 15:01:00,1.0001,1.0001,1.0001,1.0001,3.71
coinbase,USDTUSDC,1677942780000,2023-03-04 15:13:00,1,1.0001,1,1.0001,24.93
coinbase,USDTUSDC,1677943140000,2023-03-04 15:19:00,1.0001,1.0001,1.0001,1.0001,1900.3
coinbase,USDTUSDC,1677943500000,2023-03-04 15:25:00,1.0001,1.0001,1,1,2.45
coinbase,USDTUSDC,1677943980000,2023-03-04 15:33:00,1.0001,1.0001,1.0001,1.0001,8.26
coinbase,USDTUSDC,1677944040000,2023-03-04 15:34:00,1,1.0001,1,1.0001,3.88
coinbase,USDTUSDC,1677944220000,2023-03-04 15:37:00,1.0001,1.0001,1.0001,1.0001,4637.14
coinbase,USDTUSDC,1677944280000,2023-03-04 15:38:00,1.0001,1.0001,1,1,5.42
coinbase,USDTUSDC,1677945000000,2023-03-04 15:50:00,1.0001,1.0001,1.0001,1.0001,6
coinbase,USDTUSDC,1677945720000,2023-03-04 16:02:00,1.0001,1.0001,1.0001,1.0001,5.99
coinbase,USDTUSDC,1677946440000,2023-03-04 16:14:00,1.0001,1.0001,1.0001,1.0001,1023.51
coinbase,USDTUSDC,1677947100000,2023-03-04 16:25:00,1.0001,1.0001,1.0001,1.0001,6.24
coinbase,USDTUSDC,1677947280000,2023-03-04 16:28:00,1.0001,1.0001,1.0001,1.0001,3.66
coinbase,USDTUSDC,1677947400000,2023-03-04 16:30:00,1.0001,1.0001,1.0001,1.0001,7.81
coinbase,USDTUSDC,1677947700000,2023-03-04 16:35:00,1.0001,1.0001,1.0001,1.0001,13
coinbase,USDTUSDC,1677913620000,2023-03-04 07:07:00,1,1,1,1,4.4
coinbase,USDTUSDC,1677915300000,2023-03-04 07:35:00,1,1,1,1,2.47
coinbase,USDTUSDC,1677918600000,2023-03-04 08:30:00,1.0002,1.0002,1.0002,1.0002,3.14
coinbase,USDTUSDC,1677919140000,2023-03-04 08:39:00,1.0002,1.0002,1.0002,1.0002,1.49
coinbase,USDTUSDC,1677919560000,2023-03-04 08:46:00,1.0002,1.0002,1.0002,1.0002,3.05
coinbase,USDTUSDC,1677921120000,2023-03-04 09:12:00,1.0002,1.0002,1.0002,1.0002,4471.57
coinbase,USDTUSDC,1677922500000,2023-03-04 09:35:00,1.0002,1.0002,1.0002,1.0002,3.07
coinbase,USDTUSDC,1677924060000,2023-03-04 10:01:00,1.0002,1.0002,1.0002,1.0002,1.22
coinbase,USDTUSDC,1677924360000,2023-03-04 10:06:00,1.0001,1.0002,1.0001,1.0002,2.9
coinbase,USDTUSDC,1677926100000,2023-03-04 10:35:00,1.0002,1.0002,1,1,3003.05
coinbase,USDTUSDC,1677926460000,2023-03-04 10:41:00,1.0002,1.0002,1.0002,1.0002,7.48
coinbase,USDTUSDC,1677927180000,2023-03-04 10:53:00,1.0002,1.0002,1,1.0002,157.38
coinbase,USDTUSDC,1677928080000,2023-03-04 11:08:00,1.0002,1.0002,1.0002,1.0002,6.53
coinbase,USDTUSDC,1677929400000,2023-03-04 11:30:00,1.0001,1.0001,1.0001,1.0001,5.86
coinbase,USDTUSDC,1677929700000,2023-03-04 11:35:00,1,1,1,1,22311.26
coinbase,USDTUSDC,1677930000000,2023-03-04 11:40:00,1.0001,1.0001,1.0001,1.0001,3663.9
coinbase,USDTUSDC,1677930660000,2023-03-04 11:51:00,1,1.0001,1,1.0001,1001.21
coinbase,USDTUSDC,1677931080000,2023-03-04 11:58:00,1.0001,1.0001,1,1,501.66
coinbase,USDTUSDC,1677895320000,2023-03-04 02:02:00,1.0002,1.0002,1.0002,1.0002,4.71
coinbase,USDTUSDC,1677895860000,2023-03-04 02:11:00,1,1,1,1,15.92
coinbase,USDTUSDC,1677896700000,2023-03-04 02:25:00,1.0001,1.0001,1,1,109945.48
coinbase,USDTUSDC,1677897060000,2023-03-04 02:31:00,1.0002,1.0002,1.0001,1.0001,31.77
coinbase,USDTUSDC,1677897960000,2023-03-04 02:46:00,1.0001,1.0001,1.0001,1.0001,5.87
coinbase,USDTUSDC,1677899040000,2023-03-04 03:04:00,1.0001,1.0001,1.0001,1.0001,13.05
coinbase,USDTUSDC,1677899940000,2023-03-04 03:19:00,1.0001,1.0001,1.0001,1.0001,22.25
coinbase,USDTUSDC,1677900420000,2023-03-04 03:27:00,1.0001,1.0002,1.0001,1.0002,11582.88
coinbase,USDTUSDC,1677900480000,2023-03-04 03:28:00,1.0001,1.0002,1.0001,1.0002,1049.89
coinbase,USDTUSDC,1677900660000,2023-03-04 03:31:00,1.0002,1.0002,1.0002,1.0002,5.85
coinbase,USDTUSDC,1677900840000,2023-03-04 03:34:00,1.0002,1.0002,1.0002,1.0002,40510.53
coinbase,USDTUSDC,1677900900000,2023-03-04 03:35:00,1.0002,1.0002,1.0002,1.0002,9.29
coinbase,USDTUSDC,1677901140000,2023-03-04 03:39:00,1.0002,1.0002,1.0002,1.0002,4.64
coinbase,USDTUSDC,1677901560000,2023-03-04 03:46:00,1.0002,1.0002,1.0002,1.0002,6.5
coinbase,USDTUSDC,1677902460000,2023-03-04 04:01:00,1.0002,1.0002,1.0002,1.0002,505.28
coinbase,USDTUSDC,1677903960000,2023-03-04 04:26:00,1.0002,1.0002,1.0002,1.0002,8.36
coinbase,USDTUSDC,1677904200000,2023-03-04 04:30:00,1.0002,1.0002,1.0002,1.0002,21.04
coinbase,USDTUSDC,1677904860000,2023-03-04 04:41:00,1.0002,1.0002,1.0002,1.0002,507.21
coinbase,USDTUSDC,1677905160000,2023-03-04 04:46:00,1.0002,1.0002,1.0002,1.0002,13.32
coinbase,USDTUSDC,1677906060000,2023-03-04 05:01:00,1.0002,1.0002,1.0002,1.0002,3573.04
coinbase,USDTUSDC,1677906960000,2023-03-04 05:16:00,1.0001,1.0002,1.0001,1.0002,3009.68
coinbase,USDTUSDC,1677907500000,2023-03-04 05:25:00,1.0002,1.0002,1.0002,1.0002,2.88
coinbase,USDTUSDC,1677907800000,2023-03-04 05:30:00,1.0002,1.0002,1.0002,1.0002,5.42
coinbase,USDTUSDC,1677908100000,2023-03-04 05:35:00,1.0002,1.0002,1.0002,1.0002,14.29
coinbase,USDTUSDC,1677908280000,2023-03-04 05:38:00,1.0002,1.0002,1.0002,1.0002,28.07
coinbase,USDTUSDC,1677908400000,2023-03-04 05:40:00,1.0002,1.0002,1.0002,1.0002,17.24
coinbase,USDTUSDC,1677908820000,2023-03-04 05:47:00,1.0002,1.0002,1.0002,1.0002,1.16
coinbase,USDTUSDC,1677909240000,2023-03-04 05:54:00,1.0001,1.0001,1,1,24417
coinbase,USDTUSDC,1677909660000,2023-03-04 06:01:00,1.0001,1.0001,1.0001,1.0001,10.97
coinbase,USDTUSDC,1677910680000,2023-03-04 06:18:00,1.0001,1.0001,1,1,714.59
coinbase,USDTUSDC,1677911280000,2023-03-04 06:28:00,1.0001,1.0001,1,1,4.63
coinbase,USDTUSDC,1677911580000,2023-03-04 06:33:00,1,1,1,1,1.64
coinbase,USDTUSDC,1677911820000,2023-03-04 06:37:00,1,1,1,1,3.07
coinbase,USDTUSDC,1677911940000,2023-03-04 06:39:00,1,1,1,1,11.96
coinbase,USDTUSDC,1677912840000,2023-03-04 06:54:00,1,1,1,1,8.61
coinbase,USDTUSDC,1677877260000,2023-03-03 21:01:00,1.0001,1.0001,1.0001,1.0001,2560.17
coinbase,USDTUSDC,1677877500000,2023-03-03 21:05:00,1.0001,1.0001,1.0001,1.0001,9.32
coinbase,USDTUSDC,1677878160000,2023-03-03 21:16:00,1.0001,1.0001,1.0001,1.0001,1001.47
coinbase,USDTUSDC,1677878880000,2023-03-03 21:28:00,1.0001,1.0001,1.0001,1.0001,8.07
coinbase,USDTUSDC,1677879000000,2023-03-03 21:30:00,1.0001,1.0001,1.0001,1.0001,10.55
coinbase,USDTUSDC,1677879120000,2023-03-03 21:32:00,1.0001,1.0001,1.0001,1.0001,2251.3
coinbase,USDTUSDC,1677879300000,2023-03-03 21:35:00,1.0001,1.0001,1.0001,1.0001,8.68
coinbase,USDTUSDC,1677879720000,2023-03-03 21:42:00,1.0001,1.0001,1.0001,1.0001,2.82
coinbase,USDTUSDC,1677879900000,2023-03-03 21:45:00,1.0001,1.0001,1.0001,1.0001,1129.61
coinbase,USDTUSDC,1677880080000,2023-03-03 21:48:00,1.0002,1.0002,1.0001,1.0001,92.27
coinbase,USDTUSDC,1677880380000,2023-03-03 21:53:00,1.0001,1.0001,1.0001,1.0001,4.8
coinbase,USDTUSDC,1677880860000,2023-03-03 22:01:00,1.0001,1.0002,1.0001,1.0002,6.58
coinbase,USDTUSDC,1677882900000,2023-03-03 22:35:00,1,1,1,1,2.77
coinbase,USDTUSDC,1677883260000,2023-03-03 22:41:00,1,1,1,1,2.47
coinbase,USDTUSDC,1677883560000,2023-03-03 22:46:00,1,1.0001,1,1.0001,12.07
coinbase,USDTUSDC,1677883980000,2023-03-03 22:53:00,1,1,1,1,8.54
coinbase,USDTUSDC,1677884640000,2023-03-03 23:04:00,1,1.0001,1,1.0001,102.66
coinbase,USDTUSDC,1677886020000,2023-03-03 23:27:00,1.0001,1.0001,1.0001,1.0001,9.02
coinbase,USDTUSDC,1677886140000,2023-03-03 23:29:00,1.0002,1.0002,1.0001,1.0001,1146.1
coinbase,USDTUSDC,1677886200000,2023-03-03 23:30:00,1.0001,1.0001,1.0001,1.0001,109.37
coinbase,USDTUSDC,1677886320000,2023-03-03 23:32:00,1.0001,1.0001,1.0001,1.0001,403.41
coinbase,USDTUSDC,1677886620000,2023-03-03 23:37:00,1.0001,1.0001,1.0001,1.0001,23.99
coinbase,USDTUSDC,1677886680000,2023-03-03 23:38:00,1.0002,1.0002,1.0002,1.0002,15.47
coinbase,USDTUSDC,1677886740000,2023-03-03 23:39:00,1.0001,1.0001,1.0001,1.0001,204.21
coinbase,USDTUSDC,1677887220000,2023-03-03 23:47:00,1.0001,1.0002,1.0001,1.0002,446.39
coinbase,USDTUSDC,1677887460000,2023-03-03 23:51:00,1.0002,1.0002,1.0001,1.0001,80.48
coinbase,USDTUSDC,1677887940000,2023-03-03 23:59:00,1.0002,1.0002,1.0001,1.0001,8.79
coinbase,USDTUSDC,1677888660000,2023-03-04 00:11:00,1.0001,1.0001,1.0001,1.0001,2097.54
coinbase,USDTUSDC,1677889560000,2023-03-04 00:26:00,1,1.0001,1,1.0001,90.01
coinbase,USDTUSDC,1677889860000,2023-03-04 00:31:00,1.0001,1.0001,1,1,16.9
coinbase,USDTUSDC,1677889920000,2023-03-04 00:32:00,1,1,1,1,10.56
coinbase,USDTUSDC,1677890280000,2023-03-04 00:38:00,1,1,1,1,8.11
coinbase,USDTUSDC,1677890520000,2023-03-04 00:42:00,1,1,1,1,93.11
coinbase,USDTUSDC,1677890880000,2023-03-04 00:48:00,1,1,1,1,8.79
coinbase,USDTUSDC,1677891780000,2023-03-04 01:03:00,1.0001,1.0001,1.0001,1.0001,51.98
coinbase,USDTUSDC,1677891960000,2023-03-04 01:06:00,1,1,1,1,5.7
coinbase,USDTUSDC,1677892200000,2023-03-04 01:10:00,1,1.0001,1,1.0001,61.92
coinbase,USDTUSDC,1677892740000,2023-03-04 01:19:00,1.0001,1.0002,1.0001,1.0002,10.99
coinbase,USDTUSDC,1677893040000,2023-03-04 01:24:00,1.0002,1.0002,1,1,13.86
coinbase,USDTUSDC,1677893280000,2023-03-04 01:28:00,1.0001,1.0002,1.0001,1.0002,20.79
coinbase,USDTUSDC,1677894360000,2023-03-04 01:46:00,1.0001,1.0001,1.0001,1.0001,3.81
coinbase,USDTUSDC,1677859500000,2023-03-03 16:05:00,1.0002,1.0002,1.0001,1.0001,646.54
coinbase,USDTUSDC,1677859800000,2023-03-03 16:10:00,1.0001,1.0001,1.0001,1.0001,2024.03
coinbase,USDTUSDC,1677859860000,2023-03-03 16:11:00,1.0001,1.0001,1.0001,1.0001,16578.49
coinbase,USDTUSDC,1677859980000,2023-03-03 16:13:00,1,1.0001,1,1.0001,3.96
coinbase,USDTUSDC,1677860460000,2023-03-03 16:21:00,1.0001,1.0001,1,1,42697.52
coinbase,USDTUSDC,1677860700000,2023-03-03 16:25:00,1,1.0002,1,1.0001,24853.31
coinbase,USDTUSDC,1677860760000,2023-03-03 16:26:00,1,1.0001,1,1.0001,32549.78
coinbase,USDTUSDC,1677861000000,2023-03-03 16:30:00,1.0001,1.0001,1,1,26.54
coinbase,USDTUSDC,1677861180000,2023-03-03 16:33:00,1,1.0001,1,1.0001,78.89
coinbase,USDTUSDC,1677861420000,2023-03-03 16:37:00,1,1.0002,1,1.0002,256.45
coinbase,USDTUSDC,1677861600000,2023-03-03 16:40:00,1.0001,1.0001,1,1,21.53
coinbase,USDTUSDC,1677861780000,2023-03-03 16:43:00,1,1,1,1,170.96
coinbase,USDTUSDC,1677861960000,2023-03-03 16:46:00,1.0002,1.0002,1.0001,1.0001,6.18
coinbase,USDTUSDC,1677862500000,2023-03-03 16:55:00,1,1,1,1,2626.1
coinbase,USDTUSDC,1677862680000,2023-03-03 16:58:00,1,1,1,1,153.51
coinbase,USDTUSDC,1677863220000,2023-03-03 17:07:00,1,1,1,1,242.64
coinbase,USDTUSDC,1677864120000,2023-03-03 17:22:00,1.0001,1.0001,1.0001,1.0001,3499.35
coinbase,USDTUSDC,1677864240000,2023-03-03 17:24:00,1.0001,1.0001,1,1,9233.5
coinbase,USDTUSDC,1677864600000,2023-03-03 17:30:00,1,1,1,1,9.64
coinbase,USDTUSDC,1677864720000,2023-03-03 17:32:00,1,1.0001,1,1,813.61
coinbase,USDTUSDC,1677865020000,2023-03-03 17:37:00,1.0001,1.0001,1,1,509.8
coinbase,USDTUSDC,1677865320000,2023-03-03 17:42:00,1,1,1,1,2.83
coinbase,USDTUSDC,1677865560000,2023-03-03 17:46:00,1,1,1,1,5.75
coinbase,USDTUSDC,1677865980000,2023-03-03 17:53:00,1,1.0001,1,1.0001,6359.91
coinbase,USDTUSDC,1677866160000,2023-03-03 17:56:00,1.0001,1.0001,1.0001,1.0001,24850.2
coinbase,USDTUSDC,1677866340000,2023-03-03 17:59:00,1.0001,1.0001,1.0001,1.0001,10
coinbase,USDTUSDC,1677866640000,2023-03-03 18:04:00,1,1,1,1,2.34
coinbase,USDTUSDC,1677867840000,2023-03-03 18:24:00,1.0001,1.0001,1.0001,1.0001,251.12
coinbase,USDTUSDC,1677868140000,2023-03-03 18:29:00,1.0001,1.0001,1.0001,1.0001,4.12
coinbase,USDTUSDC,1677868500000,2023-03-03 18:35:00,1.0001,1.0001,1.0001,1.0001,2569.2
coinbase,USDTUSDC,1677868740000,2023-03-03 18:39:00,1.0001,1.0001,1.0001,1.0001,1.75
coinbase,USDTUSDC,1677868800000,2023-03-03 18:40:00,1,1.0001,1,1.0001,2352.24
coinbase,USDTUSDC,1677869220000,2023-03-03 18:47:00,1.0001,1.0001,1.0001,1.0001,68.23
coinbase,USDTUSDC,1677869580000,2023-03-03 18:53:00,1.0001,1.0001,1.0001,1.0001,8.82
coinbase,USDTUSDC,1677870360000,2023-03-03 19:06:00,1.0001,1.0001,1,1,109.9
coinbase,USDTUSDC,1677870840000,2023-03-03 19:14:00,1,1,1,1,131
coinbase,USDTUSDC,1677871260000,2023-03-03 19:21:00,1.0001,1.0001,1.0001,1.0001,107.32
coinbase,USDTUSDC,1677871680000,2023-03-03 19:28:00,1.0001,1.0001,1.0001,1.0001,2130.06
coinbase,USDTUSDC,1677871800000,2023-03-03 19:30:00,1.0001,1.0001,1.0001,1.0001,29.86
coinbase,USDTUSDC,1677872100000,2023-03-03 19:35:00,1.0001,1.0001,1,1.0001,7972.36
coinbase,USDTUSDC,1677872220000,2023-03-03 19:37:00,1.0001,1.0001,1.0001,1.0001,7.56
coinbase,USDTUSDC,1677872940000,2023-03-03 19:49:00,1,1.0001,1,1.0001,5992.71
coinbase,USDTUSDC,1677873420000,2023-03-03 19:57:00,1,1,1,1,1082.72
coinbase,USDTUSDC,1677873660000,2023-03-03 20:01:00,1,1,1,1,68.64
coinbase,USDTUSDC,1677873720000,2023-03-03 20:02:00,1,1,1,1,2782.88
coinbase,USDTUSDC,1677873900000,2023-03-03 20:05:00,1,1.0001,1,1.0001,136.68
coinbase,USDTUSDC,1677874680000,2023-03-03 20:18:00,1.0001,1.0002,1.0001,1.0002,3208.55
coinbase,USDTUSDC,1677875040000,2023-03-03 20:24:00,1.0002,1.0002,1,1,37227.46
coinbase,USDTUSDC,1677875400000,2023-03-03 20:30:00,1,1,1,1,8.45
coinbase,USDTUSDC,1677875460000,2023-03-03 20:31:00,1.0001,1.0001,1.0001,1.0001,99.07
coinbase,USDTUSDC,1677875580000,2023-03-03 20:33:00,1,1,1,1,3.65
coinbase,USDTUSDC,1677876180000,2023-03-03 20:43:00,1,1,1,1,3.68
coinbase,USDTUSDC,1677876360000,2023-03-03 20:46:00,1.0001,1.0001,1.0001,1.0001,6017.28
coinbase,USDTUSDC,1677876480000,2023-03-03 20:48:00,1.0001,1.0001,1.0001,1.0001,107
coinbase,USDTUSDC,1677876660000,2023-03-03 20:51:00,1,1,1,1,10503.15
coinbase,USDTUSDC,1677876720000,2023-03-03 20:52:00,1,1,1,1,3143.35
coinbase,USDTUSDC,1677876960000,2023-03-03 20:56:00,1,1,1,1,11639.52
coinbase,USDTUSDC,1677841440000,2023-03-03 11:04:00,1.0002,1.0002,1.0002,1.0002,1.24
coinbase,USDTUSDC,1677841620000,2023-03-03 11:07:00,1.0002,1.0002,1.0002,1.0002,147.27
coinbase,USDTUSDC,1677842220000,2023-03-03 11:17:00,1.0001,1.0002,1.0001,1.0002,3.61
coinbase,USDTUSDC,1677842880000,2023-03-03 11:28:00,1.0002,1.0002,1.0002,1.0002,1506.6
coinbase,USDTUSDC,1677843000000,2023-03-03 11:30:00,1.0002,1.0002,1.0002,1.0002,4743.85
coinbase,USDTUSDC,1677843060000,2023-03-03 11:31:00,1.0002,1.0002,1.0002,1.0002,4.59
coinbase,USDTUSDC,1677843960000,2023-03-03 11:46:00,1.0002,1.0002,1.0001,1.0001,13.59
coinbase,USDTUSDC,1677844020000,2023-03-03 11:47:00,1.0002,1.0002,1.0001,1.0001,78.94
coinbase,USDTUSDC,1677844200000,2023-03-03 11:50:00,1.0002,1.0002,1.0002,1.0002,263.79
coinbase,USDTUSDC,1677844740000,2023-03-03 11:59:00,1.0001,1.0001,1.0001,1.0001,1205.29
coinbase,USDTUSDC,1677847140000,2023-03-03 12:39:00,1.0001,1.0001,1.0001,1.0001,1.7
coinbase,USDTUSDC,1677847440000,2023-03-03 12:44:00,1.0001,1.0001,1.0001,1.0001,1153.82
coinbase,USDTUSDC,1677848460000,2023-03-03 13:01:00,1,1,1,1,225.16
coinbase,USDTUSDC,1677848640000,2023-03-03 13:04:00,1.0001,1.0001,1.0001,1.0001,12
coinbase,USDTUSDC,1677849240000,2023-03-03 13:14:00,1,1.0001,1,1.0001,140.82
coinbase,USDTUSDC,1677850080000,2023-03-03 13:28:00,1.0001,1.0001,1.0001,1.0001,26.27
coinbase,USDTUSDC,1677850260000,2023-03-03 13:31:00,1,1,1,1,1.87
coinbase,USDTUSDC,1677850500000,2023-03-03 13:35:00,1,1.0002,1,1.0002,7.15
coinbase,USDTUSDC,1677851280000,2023-03-03 13:48:00,1.0001,1.0001,1.0001,1.0001,800.15
coinbase,USDTUSDC,1677851940000,2023-03-03 13:59:00,1.0002,1.0002,1.0001,1.0001,2.32
coinbase,USDTUSDC,1677852120000,2023-03-03 14:02:00,1,1,1,1,16.52
coinbase,USDTUSDC,1677853500000,2023-03-03 14:25:00,1,1,1,1,1.98
coinbase,USDTUSDC,1677853800000,2023-03-03 14:30:00,1,1,1,1,17.23
coinbase,USDTUSDC,1677853980000,2023-03-03 14:33:00,1,1,1,1,12.02
coinbase,USDTUSDC,1677854280000,2023-03-03 14:38:00,1,1,1,1,17.12
coinbase,USDTUSDC,1677854760000,2023-03-03 14:46:00,1.0001,1.0001,1.0001,1.0001,3930.67
coinbase,USDTUSDC,1677854880000,2023-03-03 14:48:00,1.0001,1.0001,1,1,59.23
coinbase,USDTUSDC,1677855180000,2023-03-03 14:53:00,1.0001,1.0002,1.0001,1.0002,11000.76
coinbase,USDTUSDC,1677855660000,2023-03-03 15:01:00,1.0002,1.0002,1.0002,1.0002,90144.95
coinbase,USDTUSDC,1677855720000,2023-03-03 15:02:00,1.0004,1.0004,1.0002,1.0002,391.47
coinbase,USDTUSDC,1677856020000,2023-03-03 15:07:00,1.0001,1.0001,1,1,529.23
coinbase,USDTUSDC,1677856380000,2023-03-03 15:13:00,1,1,1,1,390.33
coinbase,USDTUSDC,1677856440000,2023-03-03 15:14:00,1,1,1,1,427.91
coinbase,USDTUSDC,1677856920000,2023-03-03 15:22:00,1.0001,1.0001,1,1,136.65
coinbase,USDTUSDC,1677856980000,2023-03-03 15:23:00,1.0002,1.0002,1.0001,1.0001,40.27
coinbase,USDTUSDC,1677857040000,2023-03-03 15:24:00,1.0001,1.0001,1.0001,1.0001,245.29
coinbase,USDTUSDC,1677857100000,2023-03-03 15:25:00,1.0001,1.0002,1,1.0002,330.11
coinbase,USDTUSDC,1677857280000,2023-03-03 15:28:00,1.0002,1.0002,1.0001,1.0001,75.31
coinbase,USDTUSDC,1677857460000,2023-03-03 15:31:00,1.0002,1.0002,1.0001,1.0001,416.32
coinbase,USDTUSDC,1677857520000,2023-03-03 15:32:00,1,1.0001,1,1.0001,85.18
coinbase,USDTUSDC,1677857700000,2023-03-03 15:35:00,1.0001,1.0002,1.0001,1.0002,10.38
coinbase,USDTUSDC,1677857940000,2023-03-03 15:39:00,1.0001,1.0001,1.0001,1.0001,14.08
coinbase,USDTUSDC,1677858420000,2023-03-03 15:47:00,1.0001,1.0001,1.0001,1.0001,709.06
coinbase,USDTUSDC,1677858780000,2023-03-03 15:53:00,1.0001,1.0002,1.0001,1.0002,9.54
coinbase,USDTUSDC,1677823500000,2023-03-03 06:05:00,1.0004,1.0004,1.0004,1.0004,11.57
coinbase,USDTUSDC,1677824100000,2023-03-03 06:15:00,1.0004,1.0004,1.0003,1.0003,17.82
coinbase,USDTUSDC,1677824580000,2023-03-03 06:23:00,1.0004,1.0004,1.0004,1.0004,1029.29
coinbase,USDTUSDC,1677825000000,2023-03-03 06:30:00,1.0003,1.0003,1.0003,1.0003,5.02
coinbase,USDTUSDC,1677825240000,2023-03-03 06:34:00,1.0003,1.0003,1.0003,1.0003,4.82
coinbase,USDTUSDC,1677825300000,2023-03-03 06:35:00,1.0003,1.0003,1.0003,1.0003,31.22
coinbase,USDTUSDC,1677825540000,2023-03-03 06:39:00,1.0003,1.0003,1.0003,1.0003,11.94
coinbase,USDTUSDC,1677826020000,2023-03-03 06:47:00,1.0004,1.0004,1.0003,1.0003,104.59
coinbase,USDTUSDC,1677826380000,2023-03-03 06:53:00,1.0003,1.0004,1.0003,1.0004,2371.69
coinbase,USDTUSDC,1677828480000,2023-03-03 07:28:00,1.0003,1.0003,1.0003,1.0003,499.85
coinbase,USDTUSDC,1677828900000,2023-03-03 07:35:00,1.0003,1.0003,1.0003,1.0003,4.75
coinbase,USDTUSDC,1677830160000,2023-03-03 07:56:00,1.0002,1.0002,1.0002,1.0002,3.89
coinbase,USDTUSDC,1677830760000,2023-03-03 08:06:00,1.0002,1.0002,1.0002,1.0002,51.76
coinbase,USDTUSDC,1677832080000,2023-03-03 08:28:00,1.0002,1.0003,1.0002,1.0003,476.73
coinbase,USDTUSDC,1677832260000,2023-03-03 08:31:00,1.0002,1.0002,1.0002,1.0002,3.61
coinbase,USDTUSDC,1677832320000,2023-03-03 08:32:00,1.0002,1.0003,1.0002,1.0003,34.38
coinbase,USDTUSDC,1677832620000,2023-03-03 08:37:00,1.0002,1.0003,1.0002,1.0003,13.03
coinbase,USDTUSDC,1677833280000,2023-03-03 08:48:00,1.0002,1.0003,1.0002,1.0003,1754.46
coinbase,USDTUSDC,1677833460000,2023-03-03 08:51:00,1.0002,1.0003,1.0002,1.0003,2337.15
coinbase,USDTUSDC,1677833640000,2023-03-03 08:54:00,1.0002,1.0002,1.0002,1.0002,7.31
coinbase,USDTUSDC,1677834420000,2023-03-03 09:07:00,1.0002,1.0002,1.0001,1.0001,10039.4
coinbase,USDTUSDC,1677834480000,2023-03-03 09:08:00,1.0001,1.0001,1.0001,1.0001,29.93
coinbase,USDTUSDC,1677834900000,2023-03-03 09:15:00,1.0003,1.0003,1.0003,1.0003,39.85
coinbase,USDTUSDC,1677835800000,2023-03-03 09:30:00,1.0002,1.0002,1.0001,1.0001,40.87
coinbase,USDTUSDC,1677835980000,2023-03-03 09:33:00,1.0001,1.0001,1.0001,1.0001,2.65
coinbase,USDTUSDC,1677836220000,2023-03-03 09:37:00,1.0001,1.0001,1.0001,1.0001,5.76
coinbase,USDTUSDC,1677836820000,2023-03-03 09:47:00,1.0001,1.0002,1.0001,1.0002,4.96
coinbase,USDTUSDC,1677837840000,2023-03-03 10:04:00,1.0002,1.0002,1.0002,1.0002,72.79
coinbase,USDTUSDC,1677838620000,2023-03-03 10:17:00,1.0002,1.0002,1.0002,1.0002,132.61
coinbase,USDTUSDC,1677839100000,2023-03-03 10:25:00,1.0001,1.0001,1.0001,1.0001,91.34
coinbase,USDTUSDC,1677839340000,2023-03-03 10:29:00,1.0001,1.0002,1.0001,1.0002,320.12
coinbase,USDTUSDC,1677839400000,2023-03-03 10:30:00,1.0002,1.0002,1.0002,1.0002,319.95
coinbase,USDTUSDC,1677839580000,2023-03-03 10:33:00,1.0001,1.0002,1.0001,1.0002,1033.54
coinbase,USDTUSDC,1677839700000,2023-03-03 10:35:00,1.0001,1.0001,1.0001,1.0001,105.42
coinbase,USDTUSDC,1677840000000,2023-03-03 10:40:00,1.0002,1.0002,1.0002,1.0002,7.79
coinbase,USDTUSDC,1677840780000,2023-03-03 10:53:00,1.0002,1.0002,1.0002,1.0002,4.85
coinbase,USDTUSDC,1677805260000,2023-03-03 01:01:00,1,1,1,1,272.59
coinbase,USDTUSDC,1677805500000,2023-03-03 01:05:00,1.0001,1.0001,1.0001,1.0001,15.73
coinbase,USDTUSDC,1677806100000,2023-03-03 01:15:00,1.0001,1.0001,1.0001,1.0001,1046.62
coinbase,USDTUSDC,1677806340000,2023-03-03 01:19:00,1.0001,1.0001,1.0001,1.0001,2094.37
coinbase,USDTUSDC,1677806460000,2023-03-03 01:21:00,1.0001,1.0001,1.0001,1.0001,1118.85
coinbase,USDTUSDC,1677806520000,2023-03-03 01:22:00,1.0001,1.0001,1.0001,1.0001,1974.48
coinbase,USDTUSDC,1677806700000,2023-03-03 01:25:00,1.0001,1.0001,1.0001,1.0001,22.21
coinbase,USDTUSDC,1677806880000,2023-03-03 01:28:00,1.0001,1.0002,1.0001,1.0001,4047.99
coinbase,USDTUSDC,1677807000000,2023-03-03 01:30:00,1.0002,1.0002,1.0001,1.0001,1826.79
coinbase,USDTUSDC,1677807060000,2023-03-03 01:31:00,1.0002,1.0002,1.0002,1.0002,9716.09
coinbase,USDTUSDC,1677807120000,2023-03-03 01:32:00,1.0002,1.0002,1.0002,1.0002,4086.2
coinbase,USDTUSDC,1677807240000,2023-03-03 01:34:00,1.0002,1.0002,1.0002,1.0002,3148.51
coinbase,USDTUSDC,1677807300000,2023-03-03 01:35:00,1.0002,1.0002,1.0001,1.0002,3719.63
coinbase,USDTUSDC,1677807360000,2023-03-03 01:36:00,1.0002,1.0002,1.0001,1.0002,6392.85
coinbase,USDTUSDC,1677807420000,2023-03-03 01:37:00,1.0002,1.0002,1.0002,1.0002,840.94
coinbase,USDTUSDC,1677807540000,2023-03-03 01:39:00,1.0002,1.0002,1.0001,1.0002,78.9
coinbase,USDTUSDC,1677807600000,2023-03-03 01:40:00,1.0002,1.0004,1.0002,1.0004,45063.13
coinbase,USDTUSDC,1677807900000,2023-03-03 01:45:00,1.0005,1.0005,1.0003,1.0003,90.25
coinbase,USDTUSDC,1677808020000,2023-03-03 01:47:00,1.0003,1.0005,1.0003,1.0005,1052.66
coinbase,USDTUSDC,1677808140000,2023-03-03 01:49:00,1.0003,1.0003,1.0003,1.0003,2101.36
coinbase,USDTUSDC,1677808260000,2023-03-03 01:51:00,1.0003,1.0004,1.0003,1.0004,2101.26
coinbase,USDTUSDC,1677808380000,2023-03-03 01:53:00,1.0004,1.0004,1.0004,1.0004,32.06
coinbase,USDTUSDC,1677808440000,2023-03-03 01:54:00,1.0004,1.0004,1.0002,1.0002,133.14
coinbase,USDTUSDC,1677808500000,2023-03-03 01:55:00,1.0003,1.0003,1.0003,1.0003,2083.7
coinbase,USDTUSDC,1677808620000,2023-03-03 01:57:00,1.0003,1.0006,1.0003,1.0005,6985.7
coinbase,USDTUSDC,1677808740000,2023-03-03 01:59:00,1.0005,1.0005,1.0005,1.0005,7.98
coinbase,USDTUSDC,1677808860000,2023-03-03 02:01:00,1.0005,1.0005,1.0004,1.0004,179.38
coinbase,USDTUSDC,1677809160000,2023-03-03 02:06:00,1.0004,1.0005,1.0004,1.0005,2608
coinbase,USDTUSDC,1677809520000,2023-03-03 02:12:00,1.0005,1.0005,1.0005,1.0005,74.27
coinbase,USDTUSDC,1677809580000,2023-03-03 02:13:00,1.0005,1.0005,1.0005,1.0005,1289.02
coinbase,USDTUSDC,1677810300000,2023-03-03 02:25:00,1.0005,1.0005,1.0005,1.0005,50.04
coinbase,USDTUSDC,1677810480000,2023-03-03 02:28:00,1.0005,1.0005,1.0005,1.0005,5023.53
coinbase,USDTUSDC,1677810660000,2023-03-03 02:31:00,1.0005,1.0005,1.0005,1.0005,15.15
coinbase,USDTUSDC,1677810780000,2023-03-03 02:33:00,1.0004,1.0005,1.0004,1.0005,538.14
coinbase,USDTUSDC,1677810900000,2023-03-03 02:35:00,1.0005,1.0005,1.0005,1.0005,106
coinbase,USDTUSDC,1677811080000,2023-03-03 02:38:00,1.0005,1.0005,1.0005,1.0005,149.82
coinbase,USDTUSDC,1677811140000,2023-03-03 02:39:00,1.0005,1.0005,1.0003,1.0005,3251.37
coinbase,USDTUSDC,1677811380000,2023-03-03 02:43:00,1.0004,1.0004,1.0003,1.0003,4.62
coinbase,USDTUSDC,1677812280000,2023-03-03 02:58:00,1.0004,1.0005,1.0004,1.0004,6008.75
coinbase,USDTUSDC,1677812580000,2023-03-03 03:03:00,1.0004,1.0004,1.0004,1.0004,7.8
coinbase,USDTUSDC,1677812700000,2023-03-03 03:05:00,1.0004,1.0005,1.0004,1.0005,9.79
coinbase,USDTUSDC,1677813000000,2023-03-03 03:10:00,1.0005,1.0005,1.0004,1.0004,33.86
coinbase,USDTUSDC,1677813060000,2023-03-03 03:11:00,1.0005,1.0005,1.0005,1.0005,26.03
coinbase,USDTUSDC,1677813900000,2023-03-03 03:25:00,1.0005,1.0005,1.0005,1.0005,499.69
coinbase,USDTUSDC,1677814140000,2023-03-03 03:29:00,1.0004,1.0004,1.0004,1.0004,3130.4
coinbase,USDTUSDC,1677814260000,2023-03-03 03:31:00,1.0004,1.0004,1.0004,1.0004,4.27
coinbase,USDTUSDC,1677814560000,2023-03-03 03:36:00,1.0004,1.0004,1.0004,1.0004,5.67
coinbase,USDTUSDC,1677814620000,2023-03-03 03:37:00,1.0004,1.0004,1.0004,1.0004,10.85
coinbase,USDTUSDC,1677814920000,2023-03-03 03:42:00,1.0005,1.0005,1.0004,1.0004,1002.87
coinbase,USDTUSDC,1677815160000,2023-03-03 03:46:00,1.0004,1.0004,1.0004,1.0004,5.17
coinbase,USDTUSDC,1677815280000,2023-03-03 03:48:00,1.0005,1.0005,1.0005,1.0005,5
coinbase,USDTUSDC,1677815520000,2023-03-03 03:52:00,1.0005,1.0005,1.0004,1.0004,101.6
coinbase,USDTUSDC,1677815940000,2023-03-03 03:59:00,1.0004,1.0004,1.0003,1.0003,4771.54
coinbase,USDTUSDC,1677816540000,2023-03-03 04:09:00,1.0004,1.0004,1.0004,1.0004,101.5
coinbase,USDTUSDC,1677817440000,2023-03-03 04:24:00,1.0003,1.0003,1.0003,1.0003,413.11
coinbase,USDTUSDC,1677817560000,2023-03-03 04:26:00,1.0003,1.0004,1.0003,1.0004,498.47
coinbase,USDTUSDC,1677817740000,2023-03-03 04:29:00,1.0003,1.0003,1.0003,1.0003,14.9
coinbase,USDTUSDC,1677818100000,2023-03-03 04:35:00,1.0003,1.0005,1.0003,1.0005,467.95
coinbase,USDTUSDC,1677818340000,2023-03-03 04:39:00,1.0005,1.0005,1.0003,1.0003,22.89
coinbase,USDTUSDC,1677818820000,2023-03-03 04:47:00,1.0003,1.0003,1.0003,1.0003,13.03
coinbase,USDTUSDC,1677819240000,2023-03-03 04:54:00,1.0003,1.0005,1.0003,1.0005,310.77
coinbase,USDTUSDC,1677819720000,2023-03-03 05:02:00,1.0003,1.0003,1.0003,1.0003,22.16
coinbase,USDTUSDC,1677821640000,2023-03-03 05:34:00,1.0003,1.0003,1.0003,1.0003,5.15
coinbase,USDTUSDC,1677821880000,2023-03-03 05:38:00,1.0004,1.0004,1.0004,1.0004,19.61
coinbase,USDTUSDC,1677822060000,2023-03-03 05:41:00,1.0004,1.0004,1.0003,1.0003,4744.13
coinbase,USDTUSDC,1677822120000,2023-03-03 05:42:00,1.0003,1.0003,1.0003,1.0003,3.29
coinbase,USDTUSDC,1677822300000,2023-03-03 05:45:00,1.0004,1.0004,1.0003,1.0003,1060.71
coinbase,USDTUSDC,1677787320000,2023-03-02 20:02:00,1,1.0001,1,1.0001,752.22
coinbase,USDTUSDC,1677787740000,2023-03-02 20:09:00,1.0001,1.0001,1.0001,1.0001,12
coinbase,USDTUSDC,1677789180000,2023-03-02 20:33:00,1,1,1,1,12.01
coinbase,USDTUSDC,1677789600000,2023-03-02 20:40:00,1,1,1,1,7.94
coinbase,USDTUSDC,1677789960000,2023-03-02 20:46:00,1,1,1,1,42.54
coinbase,USDTUSDC,1677790380000,2023-03-02 20:53:00,1,1,1,1,1.15
coinbase,USDTUSDC,1677790560000,2023-03-02 20:56:00,1.0001,1.0001,1,1,437.67
coinbase,USDTUSDC,1677790740000,2023-03-02 20:59:00,1.0001,1.0001,1.0001,1.0001,271.01
coinbase,USDTUSDC,1677790920000,2023-03-02 21:02:00,1.0001,1.0001,1.0001,1.0001,6.56
coinbase,USDTUSDC,1677791220000,2023-03-02 21:07:00,1.0001,1.0001,1.0001,1.0001,12.77
coinbase,USDTUSDC,1677792480000,2023-03-02 21:28:00,1.0001,1.0001,1.0001,1.0001,11.47
coinbase,USDTUSDC,1677792660000,2023-03-02 21:31:00,1.0001,1.0001,1,1,169.2
coinbase,USDTUSDC,1677792900000,2023-03-02 21:35:00,1.0001,1.0001,1.0001,1.0001,7.99
coinbase,USDTUSDC,1677793140000,2023-03-02 21:39:00,1.0001,1.0001,1.0001,1.0001,112.38
coinbase,USDTUSDC,1677793980000,2023-03-02 21:53:00,1.0001,1.0001,1.0001,1.0001,2.65
coinbase,USDTUSDC,1677794880000,2023-03-02 22:08:00,1.0001,1.0001,1.0001,1.0001,652.07
coinbase,USDTUSDC,1677795600000,2023-03-02 22:20:00,1,1,1,1,224.47
coinbase,USDTUSDC,1677796080000,2023-03-02 22:28:00,1,1,1,1,3.4
coinbase,USDTUSDC,1677796260000,2023-03-02 22:31:00,1,1,1,1,10.27
coinbase,USDTUSDC,1677796440000,2023-03-02 22:34:00,1,1,1,1,15.01
coinbase,USDTUSDC,1677796800000,2023-03-02 22:40:00,1,1.0001,1,1.0001,15.56
coinbase,USDTUSDC,1677797160000,2023-03-02 22:46:00,1,1.0001,1,1.0001,75.99
coinbase,USDTUSDC,1677797640000,2023-03-02 22:54:00,1,1,1,1,1.58
coinbase,USDTUSDC,1677798180000,2023-03-02 23:03:00,1,1,1,1,10.42
coinbase,USDTUSDC,1677799320000,2023-03-02 23:22:00,1,1,1,1,507.93
coinbase,USDTUSDC,1677799800000,2023-03-02 23:30:00,1.0001,1.0001,1.0001,1.0001,5.42
coinbase,USDTUSDC,1677799920000,2023-03-02 23:32:00,1.0001,1.0001,1.0001,1.0001,5.82
coinbase,USDTUSDC,1677800340000,2023-03-02 23:39:00,1.0001,1.0001,1.0001,1.0001,1.9
coinbase,USDTUSDC,1677800760000,2023-03-02 23:46:00,1.0001,1.0002,1.0001,1.0002,5079.27
coinbase,USDTUSDC,1677801600000,2023-03-03 00:00:00,1.0001,1.0001,1,1,7.8
coinbase,USDTUSDC,1677803040000,2023-03-03 00:24:00,1.0002,1.0002,1.0001,1.0001,501.46
coinbase,USDTUSDC,1677803160000,2023-03-03 00:26:00,1,1.0001,1,1.0001,502.94
coinbase,USDTUSDC,1677803460000,2023-03-03 00:31:00,1.0001,1.0001,1.0001,1.0001,8.93
coinbase,USDTUSDC,1677803700000,2023-03-03 00:35:00,1.0001,1.0001,1.0001,1.0001,6.21
coinbase,USDTUSDC,1677804360000,2023-03-03 00:46:00,1.0001,1.0001,1.0001,1.0001,228.85
coinbase,USDTUSDC,1677804780000,2023-03-03 00:53:00,1.0001,1.0001,1.0001,1.0001,10.58
coinbase,USDTUSDC,1677769260000,2023-03-02 15:01:00,1.0001,1.0001,1.0001,1.0001,5.08
coinbase,USDTUSDC,1677769740000,2023-03-02 15:09:00,1.0001,1.0001,1,1,106.75
coinbase,USDTUSDC,1677770400000,2023-03-02 15:20:00,1.0001,1.0001,1.0001,1.0001,977.89
coinbase,USDTUSDC,1677770640000,2023-03-02 15:24:00,1.0001,1.0001,1.0001,1.0001,10
coinbase,USDTUSDC,1677771000000,2023-03-02 15:30:00,1,1,1,1,4.02
coinbase,USDTUSDC,1677771180000,2023-03-02 15:33:00,1,1,1,1,4.67
coinbase,USDTUSDC,1677771720000,2023-03-02 15:42:00,1.0001,1.0001,1,1,52.94
coinbase,USDTUSDC,1677771960000,2023-03-02 15:46:00,1,1,1,1,7.33
coinbase,USDTUSDC,1677772500000,2023-03-02 15:55:00,1,1,1,1,4.8
coinbase,USDTUSDC,1677773280000,2023-03-02 16:08:00,1,1,1,1,13.38
coinbase,USDTUSDC,1677774300000,2023-03-02 16:25:00,1,1.0001,1,1,103.95
coinbase,USDTUSDC,1677774600000,2023-03-02 16:30:00,1.0001,1.0001,1.0001,1.0001,7.27
coinbase,USDTUSDC,1677774960000,2023-03-02 16:36:00,1.0001,1.0001,1,1,1020.06
coinbase,USDTUSDC,1677775200000,2023-03-02 16:40:00,1.0001,1.0001,1.0001,1.0001,70.44
coinbase,USDTUSDC,1677775380000,2023-03-02 16:43:00,1.0001,1.0001,1,1,1060.13
coinbase,USDTUSDC,1677775560000,2023-03-02 16:46:00,1.0001,1.0001,1,1,1049.24
coinbase,USDTUSDC,1677776340000,2023-03-02 16:59:00,1.0001,1.0001,1.0001,1.0001,103.58
coinbase,USDTUSDC,1677776520000,2023-03-02 17:02:00,1.0001,1.0001,1.0001,1.0001,16.27
coinbase,USDTUSDC,1677776880000,2023-03-02 17:08:00,1,1.0001,1,1.0001,707.79
coinbase,USDTUSDC,1677777420000,2023-03-02 17:17:00,1.0001,1.0001,1.0001,1.0001,977
coinbase,USDTUSDC,1677777900000,2023-03-02 17:25:00,1.0001,1.0001,1.0001,1.0001,5.46
coinbase,USDTUSDC,1677778200000,2023-03-02 17:30:00,1.0001,1.0001,1.0001,1.0001,9.68
coinbase,USDTUSDC,1677778800000,2023-03-02 17:40:00,1.0001,1.0001,1,1,301.05
coinbase,USDTUSDC,1677779160000,2023-03-02 17:46:00,1,1.0001,1,1.0001,108.5
coinbase,USDTUSDC,1677779520000,2023-03-02 17:52:00,1,1,1,1,1043.41
coinbase,USDTUSDC,1677779580000,2023-03-02 17:53:00,1,1,1,1,1.37
coinbase,USDTUSDC,1677779700000,2023-03-02 17:55:00,1,1,1,1,20530.77
coinbase,USDTUSDC,1677780180000,2023-03-02 18:03:00,1,1.0001,1,1.0001,697.56
coinbase,USDTUSDC,1677781500000,2023-03-02 18:25:00,1,1,1,1,1080.32
coinbase,USDTUSDC,1677781800000,2023-03-02 18:30:00,1.0001,1.0001,1.0001,1.0001,4.44
coinbase,USDTUSDC,1677781980000,2023-03-02 18:33:00,1.0001,1.0001,1.0001,1.0001,1004.89
coinbase,USDTUSDC,1677782100000,2023-03-02 18:35:00,1.0001,1.0001,1,1,2.55
coinbase,USDTUSDC,1677782160000,2023-03-02 18:36:00,1.0001,1.0001,1,1,2963.05
coinbase,USDTUSDC,1677782580000,2023-03-02 18:43:00,1,1,1,1,10.56
coinbase,USDTUSDC,1677783060000,2023-03-02 18:51:00,1.0001,1.0001,1.0001,1.0001,836.89
coinbase,USDTUSDC,1677783180000,2023-03-02 18:53:00,1,1,1,1,1.96
coinbase,USDTUSDC,1677783300000,2023-03-02 18:55:00,1,1,1,1,6113.4
coinbase,USDTUSDC,1677783720000,2023-03-02 19:02:00,0.9999,0.9999,0.9999,0.9999,10.81
coinbase,USDTUSDC,1677783960000,2023-03-02 19:06:00,1,1,1,1,2041.41
coinbase,USDTUSDC,1677784020000,2023-03-02 19:07:00,0.9999,1,0.9999,1,82.94
coinbase,USDTUSDC,1677784380000,2023-03-02 19:13:00,1,1,0.9999,0.9999,920.43
coinbase,USDTUSDC,1677785400000,2023-03-02 19:30:00,0.9999,1,0.9999,1,1878.2
coinbase,USDTUSDC,1677785520000,2023-03-02 19:32:00,1,1,1,1,26.11
coinbase,USDTUSDC,1677785880000,2023-03-02 19:38:00,1,1,1,1,33.2
coinbase,USDTUSDC,1677786240000,2023-03-02 19:44:00,1,1,1,1,56.02
coinbase,USDTUSDC,1677786480000,2023-03-02 19:48:00,1,1,1,1,2.78
coinbase,USDTUSDC,1677786540000,2023-03-02 19:49:00,1,1.0001,1,1.0001,3506.26
coinbase,USDTUSDC,1677786780000,2023-03-02 19:53:00,1,1,1,1,21.47
coinbase,USDTUSDC,1677751200000,2023-03-02 10:00:00,1.0002,1.0002,1.0002,1.0002,21.33
coinbase,USDTUSDC,1677751500000,2023-03-02 10:05:00,1.0001,1.0002,1.0001,1.0002,31.81
coinbase,USDTUSDC,1677752220000,2023-03-02 10:17:00,1.0001,1.0001,1.0001,1.0001,51599.33
coinbase,USDTUSDC,1677752880000,2023-03-02 10:28:00,1.0001,1.0001,1.0001,1.0001,22.68
coinbase,USDTUSDC,1677753060000,2023-03-02 10:31:00,1.0001,1.0001,1,1,71.09
coinbase,USDTUSDC,1677753300000,2023-03-02 10:35:00,1.0001,1.0001,1.0001,1.0001,17.57
coinbase,USDTUSDC,1677753660000,2023-03-02 10:41:00,1.0001,1.0001,1.0001,1.0001,15.04
coinbase,USDTUSDC,1677754020000,2023-03-02 10:47:00,1.0001,1.0001,1.0001,1.0001,4.46
coinbase,USDTUSDC,1677755040000,2023-03-02 11:04:00,1.0001,1.0001,1.0001,1.0001,5996.47
coinbase,USDTUSDC,1677755640000,2023-03-02 11:14:00,1.0001,1.0002,1.0001,1.0002,19647.22
coinbase,USDTUSDC,1677755940000,2023-03-02 11:19:00,1.0001,1.0002,1.0001,1.0001,6199.59
coinbase,USDTUSDC,1677756480000,2023-03-02 11:28:00,1.0001,1.0001,1.0001,1.0001,401.11
coinbase,USDTUSDC,1677756720000,2023-03-02 11:32:00,1.0001,1.0001,1.0001,1.0001,104.35
coinbase,USDTUSDC,1677756900000,2023-03-02 11:35:00,1.0001,1.0001,1,1.0001,71.78
coinbase,USDTUSDC,1677757200000,2023-03-02 11:40:00,1,1,1,1,1501.7
coinbase,USDTUSDC,1677758160000,2023-03-02 11:56:00,1,1,1,1,2.04
coinbase,USDTUSDC,1677758460000,2023-03-02 12:01:00,1.0001,1.0001,1,1,1020.26
coinbase,USDTUSDC,1677758880000,2023-03-02 12:08:00,1,1,1,1,290.75
coinbase,USDTUSDC,1677759180000,2023-03-02 12:13:00,1.0001,1.0001,1,1,1342.01
coinbase,USDTUSDC,1677759420000,2023-03-02 12:17:00,1,1,1,1,2085.62
coinbase,USDTUSDC,1677759540000,2023-03-02 12:19:00,1,1.0001,1,1.0001,81.45
coinbase,USDTUSDC,1677759960000,2023-03-02 12:26:00,1,1.0001,1,1.0001,2087.91
coinbase,USDTUSDC,1677760200000,2023-03-02 12:30:00,1.0001,1.0001,1,1,1048.01
coinbase,USDTUSDC,1677760440000,2023-03-02 12:34:00,1.0001,1.0001,1.0001,1.0001,2.89
coinbase,USDTUSDC,1677760500000,2023-03-02 12:35:00,1.0001,1.0001,1.0001,1.0001,5.61
coinbase,USDTUSDC,1677760860000,2023-03-02 12:41:00,1,1,1,1,6093.03
coinbase,USDTUSDC,1677761160000,2023-03-02 12:46:00,1.0001,1.0001,1,1.0001,136945.29
coinbase,USDTUSDC,1677761400000,2023-03-02 12:50:00,1,1,1,1,5240.55
coinbase,USDTUSDC,1677761520000,2023-03-02 12:52:00,1,1,1,1,16103.79
coinbase,USDTUSDC,1677761580000,2023-03-02 12:53:00,1.0001,1.0001,1,1,501.4
coinbase,USDTUSDC,1677762060000,2023-03-02 13:01:00,1.0001,1.0001,1.0001,1.0001,19.3
coinbase,USDTUSDC,1677762240000,2023-03-02 13:04:00,1.0001,1.0001,1.0001,1.0001,23.9
coinbase,USDTUSDC,1677762300000,2023-03-02 13:05:00,1,1,1,1,52047.67
coinbase,USDTUSDC,1677762420000,2023-03-02 13:07:00,1,1,1,1,624.03
coinbase,USDTUSDC,1677762480000,2023-03-02 13:08:00,1,1,1,1,2173.38
coinbase,USDTUSDC,1677762600000,2023-03-02 13:10:00,1.0002,1.0002,1,1,1052.02
coinbase,USDTUSDC,1677762660000,2023-03-02 13:11:00,1,1,1,1,11561.29
coinbase,USDTUSDC,1677762720000,2023-03-02 13:12:00,1,1,1,1,3465.94
coinbase,USDTUSDC,1677762960000,2023-03-02 13:16:00,1,1,1,1,889.64
coinbase,USDTUSDC,1677763080000,2023-03-02 13:18:00,1,1,1,1,186.05
coinbase,USDTUSDC,1677763200000,2023-03-02 13:20:00,1,1,1,1,1178.87
coinbase,USDTUSDC,1677763320000,2023-03-02 13:22:00,1.0001,1.0001,1.0001,1.0001,170.79
coinbase,USDTUSDC,1677763380000,2023-03-02 13:23:00,1.0001,1.0001,1.0001,1.0001,79.41
coinbase,USDTUSDC,1677763560000,2023-03-02 13:26:00,1.0001,1.0002,1.0001,1.0002,24.44
coinbase,USDTUSDC,1677763800000,2023-03-02 13:30:00,1.0002,1.0002,1.0002,1.0002,4
coinbase,USDTUSDC,1677763980000,2023-03-02 13:33:00,1.0001,1.0001,1.0001,1.0001,190
coinbase,USDTUSDC,1677764040000,2023-03-02 13:34:00,1.0001,1.0002,1,1.0002,440.02
coinbase,USDTUSDC,1677764220000,2023-03-02 13:37:00,1,1,1,1,684.58
coinbase,USDTUSDC,1677764340000,2023-03-02 13:39:00,1.0002,1.0002,1,1,538.13
coinbase,USDTUSDC,1677764580000,2023-03-02 13:43:00,1,1,1,1,98.62
coinbase,USDTUSDC,1677764640000,2023-03-02 13:44:00,1,1,1,1,2308.93
coinbase,USDTUSDC,1677764880000,2023-03-02 13:48:00,1,1,1,1,34.77
coinbase,USDTUSDC,1677765000000,2023-03-02 13:50:00,1,1.0001,1,1.0001,84.5
coinbase,USDTUSDC,1677765120000,2023-03-02 13:52:00,1,1,1,1,20608.79
coinbase,USDTUSDC,1677765300000,2023-03-02 13:55:00,0.9999,1,0.9999,1,8.49
coinbase,USDTUSDC,1677766020000,2023-03-02 14:07:00,1,1,1,1,11.23
coinbase,USDTUSDC,1677767280000,2023-03-02 14:28:00,1,1,1,1,23.85
coinbase,USDTUSDC,1677767460000,2023-03-02 14:31:00,1,1.0001,1,1.0001,72.56
coinbase,USDTUSDC,1677767700000,2023-03-02 14:35:00,1.0001,1.0001,1.0001,1.0001,14.2
coinbase,USDTUSDC,1677768360000,2023-03-02 14:46:00,1.0001,1.0001,1.0001,1.0001,15.12
coinbase,USDTUSDC,1677768660000,2023-03-02 14:51:00,1,1.0001,1,1.0001,13.21
coinbase,USDTUSDC,1677733680000,2023-03-02 05:08:00,1.0001,1.0002,1.0001,1.0002,7.72
coinbase,USDTUSDC,1677735000000,2023-03-02 05:30:00,1.0002,1.0002,1.0002,1.0002,8.1
coinbase,USDTUSDC,1677735300000,2023-03-02 05:35:00,1.0002,1.0002,1.0002,1.0002,20.03
coinbase,USDTUSDC,1677735960000,2023-03-02 05:46:00,1.0002,1.0002,1.0002,1.0002,27.91
coinbase,USDTUSDC,1677736380000,2023-03-02 05:53:00,1.0002,1.0002,1.0001,1.0001,18.31
coinbase,USDTUSDC,1677736860000,2023-03-02 06:01:00,1.0002,1.0002,1.0002,1.0002,25.9
coinbase,USDTUSDC,1677737220000,2023-03-02 06:07:00,1.0002,1.0002,1.0002,1.0002,134.96
coinbase,USDTUSDC,1677737580000,2023-03-02 06:13:00,1.0002,1.0002,1.0002,1.0002,1133.65
coinbase,USDTUSDC,1677738300000,2023-03-02 06:25:00,1.0002,1.0002,1.0001,1.0001,3.78
coinbase,USDTUSDC,1677738660000,2023-03-02 06:31:00,1.0002,1.0002,1.0001,1.0001,4.08
coinbase,USDTUSDC,1677738840000,2023-03-02 06:34:00,1.0002,1.0002,1.0001,1.0001,4.9
coinbase,USDTUSDC,1677738900000,2023-03-02 06:35:00,1.0002,1.0002,1.0002,1.0002,102.09
coinbase,USDTUSDC,1677739140000,2023-03-02 06:39:00,1.0001,1.0001,1.0001,1.0001,6.69
coinbase,USDTUSDC,1677739800000,2023-03-02 06:50:00,1.0001,1.0001,1.0001,1.0001,18.46
coinbase,USDTUSDC,1677740040000,2023-03-02 06:54:00,1.0002,1.0002,1.0002,1.0002,268.38
coinbase,USDTUSDC,1677740880000,2023-03-02 07:08:00,1.0001,1.0002,1.0001,1.0002,7.7
coinbase,USDTUSDC,1677741900000,2023-03-02 07:25:00,1.0002,1.0002,1.0002,1.0002,10.77
coinbase,USDTUSDC,1677742200000,2023-03-02 07:30:00,1.0002,1.0002,1.0002,1.0002,8.25
coinbase,USDTUSDC,1677742260000,2023-03-02 07:31:00,1.0002,1.0002,1.0002,1.0002,6.93
coinbase,USDTUSDC,1677742500000,2023-03-02 07:35:00,1.0002,1.0002,1.0002,1.0002,12.79
coinbase,USDTUSDC,1677743160000,2023-03-02 07:46:00,1.0002,1.0002,1.0002,1.0002,8.34
coinbase,USDTUSDC,1677743940000,2023-03-02 07:59:00,1.0002,1.0002,1.0002,1.0002,20576.49
coinbase,USDTUSDC,1677744120000,2023-03-02 08:02:00,1.0002,1.0002,1.0002,1.0002,53.38
coinbase,USDTUSDC,1677745260000,2023-03-02 08:21:00,1.0002,1.0002,1.0001,1.0001,7.2
coinbase,USDTUSDC,1677746100000,2023-03-02 08:35:00,1.0002,1.0002,1.0002,1.0002,7.97
coinbase,USDTUSDC,1677746340000,2023-03-02 08:39:00,1.0002,1.0002,1.0001,1.0001,4.59
coinbase,USDTUSDC,1677747000000,2023-03-02 08:50:00,1.0002,1.0002,1.0001,1.0001,340.24
coinbase,USDTUSDC,1677747660000,2023-03-02 09:01:00,1.0001,1.0001,1.0001,1.0001,2.24
coinbase,USDTUSDC,1677747840000,2023-03-02 09:04:00,1.0001,1.0002,1.0001,1.0002,4.86
coinbase,USDTUSDC,1677749100000,2023-03-02 09:25:00,1.0001,1.0001,1.0001,1.0001,3.74
coinbase,USDTUSDC,1677749580000,2023-03-02 09:33:00,1.0001,1.0002,1.0001,1.0002,46764.11
coinbase,USDTUSDC,1677749640000,2023-03-02 09:34:00,1.0001,1.0001,1.0001,1.0001,452
coinbase,USDTUSDC,1677749700000,2023-03-02 09:35:00,1.0001,1.0001,1.0001,1.0001,7.02
coinbase,USDTUSDC,1677749760000,2023-03-02 09:36:00,1.0001,1.0001,1.0001,1.0001,625.61
coinbase,USDTUSDC,1677749940000,2023-03-02 09:39:00,1.0001,1.0001,1.0001,1.0001,30.89
coinbase,USDTUSDC,1677750360000,2023-03-02 09:46:00,1.0002,1.0002,1.0002,1.0002,3.07
coinbase,USDTUSDC,1677751200000,2023-03-02 10:00:00,1.0002,1.0002,1.0002,1.0002,21.33
coinbase,USDTUSDC,1677715260000,2023-03-02 00:01:00,1,1.0001,1,1.0001,1055.8
coinbase,USDTUSDC,1677715800000,2023-03-02 00:10:00,1,1,1,1,203.92
coinbase,USDTUSDC,1677716640000,2023-03-02 00:24:00,1.0001,1.0001,1.0001,1.0001,1
coinbase,USDTUSDC,1677716700000,2023-03-02 00:25:00,1.0001,1.0001,1.0001,1.0001,21.33
coinbase,USDTUSDC,1677717000000,2023-03-02 00:30:00,1.0001,1.0001,1.0001,1.0001,22.66
coinbase,USDTUSDC,1677717300000,2023-03-02 00:35:00,1.0001,1.0002,1.0001,1.0001,2969.72
coinbase,USDTUSDC,1677717540000,2023-03-02 00:39:00,1.0001,1.0001,1.0001,1.0001,4.18
coinbase,USDTUSDC,1677717780000,2023-03-02 00:43:00,1.0002,1.0002,1.0001,1.0001,2952.66
coinbase,USDTUSDC,1677718980000,2023-03-02 01:03:00,1.0002,1.0002,1.0002,1.0002,5000
coinbase,USDTUSDC,1677719160000,2023-03-02 01:06:00,1.0002,1.0002,1.0002,1.0002,4.11
coinbase,USDTUSDC,1677719700000,2023-03-02 01:15:00,1.0002,1.0002,1.0002,1.0002,1216.52
coinbase,USDTUSDC,1677720240000,2023-03-02 01:24:00,1.0002,1.0002,1.0002,1.0002,15.04
coinbase,USDTUSDC,1677720480000,2023-03-02 01:28:00,1.0002,1.0002,1.0002,1.0002,24.58
coinbase,USDTUSDC,1677720660000,2023-03-02 01:31:00,1.0002,1.0002,1.0002,1.0002,104.11
coinbase,USDTUSDC,1677720720000,2023-03-02 01:32:00,1.0002,1.0002,1.0002,1.0002,309.44
coinbase,USDTUSDC,1677720900000,2023-03-02 01:35:00,1.0002,1.0002,1.0002,1.0002,23.84
coinbase,USDTUSDC,1677721140000,2023-03-02 01:39:00,1.0002,1.0002,1.0002,1.0002,9.62
coinbase,USDTUSDC,1677721560000,2023-03-02 01:46:00,1.0001,1.0002,1.0001,1.0002,4.52
coinbase,USDTUSDC,1677721680000,2023-03-02 01:48:00,1.0002,1.0002,1.0001,1.0002,17.07
coinbase,USDTUSDC,1677721980000,2023-03-02 01:53:00,1.0001,1.0002,1.0001,1.0002,7.81
coinbase,USDTUSDC,1677723060000,2023-03-02 02:11:00,1.0002,1.0002,1.0002,1.0002,1003.95
coinbase,USDTUSDC,1677724080000,2023-03-02 02:28:00,1.0001,1.0002,1.0001,1.0002,63.33
coinbase,USDTUSDC,1677724200000,2023-03-02 02:30:00,1.0001,1.0002,1.0001,1.0002,22.07
coinbase,USDTUSDC,1677724260000,2023-03-02 02:31:00,1.0002,1.0002,1.0001,1.0001,23.63
coinbase,USDTUSDC,1677724500000,2023-03-02 02:35:00,1.0002,1.0002,1.0002,1.0002,2.47
coinbase,USDTUSDC,1677724800000,2023-03-02 02:40:00,1.0001,1.0001,1.0001,1.0001,54.8
coinbase,USDTUSDC,1677724860000,2023-03-02 02:41:00,1.0001,1.0002,1.0001,1.0002,172
coinbase,USDTUSDC,1677725040000,2023-03-02 02:44:00,1.0002,1.0002,1.0001,1.0001,6.31
coinbase,USDTUSDC,1677725580000,2023-03-02 02:53:00,1.0002,1.0002,1.0002,1.0002,60283.44
coinbase,USDTUSDC,1677726060000,2023-03-02 03:01:00,1.0002,1.0002,1.0002,1.0002,10.09
coinbase,USDTUSDC,1677726480000,2023-03-02 03:08:00,1.0001,1.0002,1.0001,1.0002,550.93
coinbase,USDTUSDC,1677727680000,2023-03-02 03:28:00,1.0001,1.0002,1.0001,1.0002,17.41
coinbase,USDTUSDC,1677727860000,2023-03-02 03:31:00,1.0002,1.0002,1.0002,1.0002,5.77
coinbase,USDTUSDC,1677728100000,2023-03-02 03:35:00,1.0002,1.0002,1.0002,1.0002,18.66
coinbase,USDTUSDC,1677728580000,2023-03-02 03:43:00,1.0002,1.0002,1.0002,1.0002,9992.61
coinbase,USDTUSDC,1677728820000,2023-03-02 03:47:00,1.0002,1.0002,1.0002,1.0002,2.55
coinbase,USDTUSDC,1677729660000,2023-03-02 04:01:00,1.0002,1.0002,1.0002,1.0002,4.46
coinbase,USDTUSDC,1677730260000,2023-03-02 04:11:00,1.0001,1.0002,1.0001,1.0002,152.44
coinbase,USDTUSDC,1677731100000,2023-03-02 04:25:00,1.0002,1.0002,1.0002,1.0002,254.07
coinbase,USDTUSDC,1677731400000,2023-03-02 04:30:00,1.0002,1.0002,1.0002,1.0002,797.83
coinbase,USDTUSDC,1677731940000,2023-03-02 04:39:00,1.0001,1.0001,1.0001,1.0001,3.96
coinbase,USDTUSDC,1677732360000,2023-03-02 04:46:00,1.0001,1.0002,1.0001,1.0002,20.62
coinbase,USDTUSDC,1677732600000,2023-03-02 04:50:00,1.0001,1.0002,1.0001,1.0002,215.3
coinbase,USDTUSDC,1677697260000,2023-03-01 19:01:00,1.0002,1.0002,1.0002,1.0002,2684.16
coinbase,USDTUSDC,1677697560000,2023-03-01 19:06:00,1.0002,1.0002,1.0002,1.0002,1002.66
coinbase,USDTUSDC,1677698700000,2023-03-01 19:25:00,1.0002,1.0002,1.0001,1.0001,2757.31
coinbase,USDTUSDC,1677698820000,2023-03-01 19:27:00,1.0001,1.0002,1.0001,1.0002,920.42
coinbase,USDTUSDC,1677698880000,2023-03-01 19:28:00,1.0002,1.0002,1.0001,1.0001,883.8
coinbase,USDTUSDC,1677699000000,2023-03-01 19:30:00,1.0001,1.0002,1.0001,1.0002,1047.25
coinbase,USDTUSDC,1677699060000,2023-03-01 19:31:00,1.0001,1.0002,1.0001,1.0001,1478.69
coinbase,USDTUSDC,1677699180000,2023-03-01 19:33:00,1.0001,1.0002,1.0001,1.0002,28
coinbase,USDTUSDC,1677699300000,2023-03-01 19:35:00,1.0002,1.0002,1.0002,1.0002,2.35
coinbase,USDTUSDC,1677699540000,2023-03-01 19:39:00,1.0002,1.0002,1.0002,1.0002,3.87
coinbase,USDTUSDC,1677699960000,2023-03-01 19:46:00,1.0002,1.0002,1.0001,1.0001,370.28
coinbase,USDTUSDC,1677700200000,2023-03-01 19:50:00,1.0001,1.0001,1.0001,1.0001,2549.85
coinbase,USDTUSDC,1677700380000,2023-03-01 19:53:00,1.0002,1.0002,1.0001,1.0001,1047.44
coinbase,USDTUSDC,1677700860000,2023-03-01 20:01:00,1.0002,1.0002,1.0002,1.0002,27.65
coinbase,USDTUSDC,1677702300000,2023-03-01 20:25:00,1.0002,1.0002,1.0002,1.0002,16.2
coinbase,USDTUSDC,1677702600000,2023-03-01 20:30:00,1.0001,1.0001,1.0001,1.0001,27.87
coinbase,USDTUSDC,1677702900000,2023-03-01 20:35:00,1.0001,1.0001,1.0001,1.0001,15.88
coinbase,USDTUSDC,1677703200000,2023-03-01 20:40:00,1.0001,1.0001,1.0001,1.0001,163.95
coinbase,USDTUSDC,1677703560000,2023-03-01 20:46:00,1.0001,1.0001,1.0001,1.0001,5.39
coinbase,USDTUSDC,1677704220000,2023-03-01 20:57:00,1,1,1,1,8.47
coinbase,USDTUSDC,1677704940000,2023-03-01 21:09:00,1,1.0001,1,1.0001,3.9
coinbase,USDTUSDC,1677706200000,2023-03-01 21:30:00,1.0002,1.0002,1.0001,1.0001,16.23
coinbase,USDTUSDC,1677706260000,2023-03-01 21:31:00,1.0001,1.0001,1.0001,1.0001,16.06
coinbase,USDTUSDC,1677706440000,2023-03-01 21:34:00,1.0001,1.0001,1.0001,1.0001,17.62
coinbase,USDTUSDC,1677706560000,2023-03-01 21:36:00,1.0001,1.0001,1.0001,1.0001,8.18
coinbase,USDTUSDC,1677706680000,2023-03-01 21:38:00,1.0002,1.0002,1.0002,1.0002,6688.53
coinbase,USDTUSDC,1677707100000,2023-03-01 21:45:00,1.0001,1.0001,1.0001,1.0001,12.22
coinbase,USDTUSDC,1677707340000,2023-03-01 21:49:00,1.0001,1.0001,1,1,573.2
coinbase,USDTUSDC,1677707700000,2023-03-01 21:55:00,1.0001,1.0001,1.0001,1.0001,3.57
coinbase,USDTUSDC,1677707760000,2023-03-01 21:56:00,1.0002,1.0002,1.0002,1.0002,1000.71
coinbase,USDTUSDC,1677708240000,2023-03-01 22:04:00,1.0001,1.0001,1.0001,1.0001,23.48
coinbase,USDTUSDC,1677709020000,2023-03-01 22:17:00,1.0002,1.0002,1.0001,1.0001,1822.13
coinbase,USDTUSDC,1677709380000,2023-03-01 22:23:00,1,1.0001,1,1.0001,545.9
coinbase,USDTUSDC,1677709680000,2023-03-01 22:28:00,1.0001,1.0001,1,1,205.31
coinbase,USDTUSDC,1677709740000,2023-03-01 22:29:00,1.0002,1.0002,1.0001,1.0001,56.3
coinbase,USDTUSDC,1677710100000,2023-03-01 22:35:00,1.0002,1.0002,1.0002,1.0002,1.16
coinbase,USDTUSDC,1677710160000,2023-03-01 22:36:00,1.0001,1.0001,1.0001,1.0001,37.09
coinbase,USDTUSDC,1677710220000,2023-03-01 22:37:00,1,1,1,1,172.17
coinbase,USDTUSDC,1677710640000,2023-03-01 22:44:00,1.0001,1.0001,1,1,56.19
coinbase,USDTUSDC,1677711180000,2023-03-01 22:53:00,1.0001,1.0001,1.0001,1.0001,3.48
coinbase,USDTUSDC,1677712560000,2023-03-01 23:16:00,1.0002,1.0002,1.0001,1.0001,2420.25
coinbase,USDTUSDC,1677713280000,2023-03-01 23:28:00,1.0001,1.0001,1.0001,1.0001,13.72
coinbase,USDTUSDC,1677713400000,2023-03-01 23:30:00,1.0001,1.0001,1.0001,1.0001,3.65
coinbase,USDTUSDC,1677713460000,2023-03-01 23:31:00,1.0001,1.0001,1.0001,1.0001,20.51
coinbase,USDTUSDC,1677713760000,2023-03-01 23:36:00,1.0002,1.0002,1.0001,1.0001,2601.38
coinbase,USDTUSDC,1677714060000,2023-03-01 23:41:00,1.0002,1.0002,1.0001,1.0001,110.73
coinbase,USDTUSDC,1677714300000,2023-03-01 23:45:00,1.0002,1.0002,1.0001,1.0001,288.06
coinbase,USDTUSDC,1677714660000,2023-03-01 23:51:00,1.0001,1.0001,1,1,6.77
coinbase,USDTUSDC,1677679800000,2023-03-01 14:10:00,1.0002,1.0002,1.0002,1.0002,3014.56
coinbase,USDTUSDC,1677680700000,2023-03-01 14:25:00,1.0001,1.0001,1,1,100
coinbase,USDTUSDC,1677680940000,2023-03-01 14:29:00,1.0002,1.0002,1,1,1053.38
coinbase,USDTUSDC,1677681060000,2023-03-01 14:31:00,1,1.0001,1,1.0001,4.12
coinbase,USDTUSDC,1677681420000,2023-03-01 14:37:00,1,1,1,1,5
coinbase,USDTUSDC,1677681960000,2023-03-01 14:46:00,1,1,1,1,5.9
coinbase,USDTUSDC,1677682140000,2023-03-01 14:49:00,1,1,1,1,8.88
coinbase,USDTUSDC,1677682500000,2023-03-01 14:55:00,1,1,1,1,3.47
coinbase,USDTUSDC,1677684060000,2023-03-01 15:21:00,1.0001,1.0001,1.0001,1.0001,2
coinbase,USDTUSDC,1677684180000,2023-03-01 15:23:00,1,1.0002,1,1.0002,754.95
coinbase,USDTUSDC,1677684660000,2023-03-01 15:31:00,1.0002,1.0002,1.0001,1.0001,70.55
coinbase,USDTUSDC,1677684900000,2023-03-01 15:35:00,1.0001,1.0001,1.0001,1.0001,69.92
coinbase,USDTUSDC,1677685320000,2023-03-01 15:42:00,1.0001,1.0001,1.0001,1.0001,1.83
coinbase,USDTUSDC,1677685680000,2023-03-01 15:48:00,1.0002,1.0002,1.0002,1.0002,1.21
coinbase,USDTUSDC,1677685740000,2023-03-01 15:49:00,1.0002,1.0002,1.0002,1.0002,190.65
coinbase,USDTUSDC,1677685920000,2023-03-01 15:52:00,1.0002,1.0002,1.0002,1.0002,509.3
coinbase,USDTUSDC,1677686160000,2023-03-01 15:56:00,1.0002,1.0002,1.0001,1.0001,600.54
coinbase,USDTUSDC,1677686460000,2023-03-01 16:01:00,1.0001,1.0001,1.0001,1.0001,2.59
coinbase,USDTUSDC,1677686520000,2023-03-01 16:02:00,1.0001,1.0001,1.0001,1.0001,50.7
coinbase,USDTUSDC,1677686880000,2023-03-01 16:08:00,1.0002,1.0002,1.0001,1.0001,1870.38
coinbase,USDTUSDC,1677687060000,2023-03-01 16:11:00,1.0001,1.0001,1.0001,1.0001,2736.94
coinbase,USDTUSDC,1677687600000,2023-03-01 16:20:00,1.0001,1.0001,1.0001,1.0001,2985.15
coinbase,USDTUSDC,1677687900000,2023-03-01 16:25:00,1.0002,1.0002,1.0002,1.0002,8.26
coinbase,USDTUSDC,1677688260000,2023-03-01 16:31:00,1.0002,1.0002,1.0001,1.0001,22.93
coinbase,USDTUSDC,1677688500000,2023-03-01 16:35:00,1.0002,1.0002,1.0002,1.0002,19.82
coinbase,USDTUSDC,1677688740000,2023-03-01 16:39:00,1.0002,1.0002,1.0001,1.0001,6.26
coinbase,USDTUSDC,1677689160000,2023-03-01 16:46:00,1.0002,1.0002,1.0002,1.0002,5.57
coinbase,USDTUSDC,1677689280000,2023-03-01 16:48:00,1.0002,1.0002,1.0002,1.0002,500
coinbase,USDTUSDC,1677689580000,2023-03-01 16:53:00,1.0001,1.0002,1.0001,1.0002,92.3
coinbase,USDTUSDC,1677690060000,2023-03-01 17:01:00,1.0002,1.0002,1.0001,1.0001,1046.62
coinbase,USDTUSDC,1677690360000,2023-03-01 17:06:00,1.0002,1.0002,1.0001,1.0001,498.57
coinbase,USDTUSDC,1677690660000,2023-03-01 17:11:00,1.0001,1.0001,1.0001,1.0001,2019.58
coinbase,USDTUSDC,1677690720000,2023-03-01 17:12:00,1.0001,1.0001,1.0001,1.0001,1042.69
coinbase,USDTUSDC,1677691020000,2023-03-01 17:17:00,1.0001,1.0001,1.0001,1.0001,911
coinbase,USDTUSDC,1677691140000,2023-03-01 17:19:00,1.0001,1.0001,1.0001,1.0001,195.49
coinbase,USDTUSDC,1677691200000,2023-03-01 17:20:00,1.0001,1.0001,1.0001,1.0001,1078.17
coinbase,USDTUSDC,1677691260000,2023-03-01 17:21:00,1.0001,1.0001,1.0001,1.0001,1265.26
coinbase,USDTUSDC,1677691440000,2023-03-01 17:24:00,1.0001,1.0001,1.0001,1.0001,2186
coinbase,USDTUSDC,1677691560000,2023-03-01 17:26:00,1.0001,1.0001,1.0001,1.0001,1046.48
coinbase,USDTUSDC,1677691680000,2023-03-01 17:28:00,1.0001,1.0001,1.0001,1.0001,2117.05
coinbase,USDTUSDC,1677691740000,2023-03-01 17:29:00,1.0001,1.0001,1.0001,1.0001,1013.01
coinbase,USDTUSDC,1677691860000,2023-03-01 17:31:00,1.0001,1.0001,1.0001,1.0001,2.89
coinbase,USDTUSDC,1677691920000,2023-03-01 17:32:00,1.0001,1.0001,1.0001,1.0001,40.77
coinbase,USDTUSDC,1677691980000,2023-03-01 17:33:00,1.0001,1.0001,1.0001,1.0001,1044.2
coinbase,USDTUSDC,1677692040000,2023-03-01 17:34:00,1.0001,1.0001,1.0001,1.0001,1046.61
coinbase,USDTUSDC,1677692100000,2023-03-01 17:35:00,1.0001,1.0001,1.0001,1.0001,2.87
coinbase,USDTUSDC,1677692280000,2023-03-01 17:38:00,1.0001,1.0001,1.0001,1.0001,6.39
coinbase,USDTUSDC,1677692700000,2023-03-01 17:45:00,1.0001,1.0001,1.0001,1.0001,213.19
coinbase,USDTUSDC,1677692940000,2023-03-01 17:49:00,1.0001,1.0002,1.0001,1.0002,2043.97
coinbase,USDTUSDC,1677693300000,2023-03-01 17:55:00,1.0001,1.0001,1,1.0001,465.68
coinbase,USDTUSDC,1677693840000,2023-03-01 18:04:00,1.0001,1.0001,1.0001,1.0001,345.96
coinbase,USDTUSDC,1677694260000,2023-03-01 18:11:00,1.0001,1.0002,1.0001,1.0002,1052.82
coinbase,USDTUSDC,1677695460000,2023-03-01 18:31:00,1.0002,1.0002,1.0002,1.0002,2.63
coinbase,USDTUSDC,1677695700000,2023-03-01 18:35:00,1.0002,1.0002,1.0001,1.0001,1048.95
coinbase,USDTUSDC,1677695880000,2023-03-01 18:38:00,1.0001,1.0001,1.0001,1.0001,1037.84
coinbase,USDTUSDC,1677695940000,2023-03-01 18:39:00,1.0001,1.0002,1.0001,1.0002,1050.27
coinbase,USDTUSDC,1677696420000,2023-03-01 18:47:00,1.0002,1.0002,1.0002,1.0002,2.8
coinbase,USDTUSDC,1677661440000,2023-03-01 09:04:00,1.0002,1.0002,1.0002,1.0002,499.89
coinbase,USDTUSDC,1677661620000,2023-03-01 09:07:00,1.0001,1.0001,1.0001,1.0001,2083.63
coinbase,USDTUSDC,1677662640000,2023-03-01 09:24:00,1.0001,1.0001,1.0001,1.0001,1045.08
coinbase,USDTUSDC,1677662940000,2023-03-01 09:29:00,1.0001,1.0001,1.0001,1.0001,1530.4
coinbase,USDTUSDC,1677663060000,2023-03-01 09:31:00,1.0002,1.0002,1.0001,1.0001,1501.58
coinbase,USDTUSDC,1677663240000,2023-03-01 09:34:00,1.0001,1.0001,1.0001,1.0001,3.3
coinbase,USDTUSDC,1677663540000,2023-03-01 09:39:00,1.0001,1.0002,1.0001,1.0002,6.45
coinbase,USDTUSDC,1677663840000,2023-03-01 09:44:00,1.0001,1.0001,1.0001,1.0001,13.31
coinbase,USDTUSDC,1677664380000,2023-03-01 09:53:00,1.0001,1.0002,1.0001,1.0002,7.5
coinbase,USDTUSDC,1677666000000,2023-03-01 10:20:00,1.0002,1.0002,1.0001,1.0001,73.45
coinbase,USDTUSDC,1677666420000,2023-03-01 10:27:00,1.0001,1.0002,1.0001,1.0002,147.16
coinbase,USDTUSDC,1677666720000,2023-03-01 10:32:00,1.0001,1.0001,1.0001,1.0001,164.49
coinbase,USDTUSDC,1677667380000,2023-03-01 10:43:00,1.0001,1.0001,1,1,1681.48
coinbase,USDTUSDC,1677667620000,2023-03-01 10:47:00,1.0001,1.0001,1,1,69.99
coinbase,USDTUSDC,1677667800000,2023-03-01 10:50:00,1,1,1,1,14.78
coinbase,USDTUSDC,1677667860000,2023-03-01 10:51:00,1,1.0001,1,1.0001,278.75
coinbase,USDTUSDC,1677670020000,2023-03-01 11:27:00,1.0002,1.0002,1,1,18.1
coinbase,USDTUSDC,1677670200000,2023-03-01 11:30:00,1,1,1,1,2.63
coinbase,USDTUSDC,1677670800000,2023-03-01 11:40:00,1.0002,1.0002,1,1,18.43
coinbase,USDTUSDC,1677670980000,2023-03-01 11:43:00,1,1,1,1,3.72
coinbase,USDTUSDC,1677671220000,2023-03-01 11:47:00,1,1,1,1,2.15
coinbase,USDTUSDC,1677671520000,2023-03-01 11:52:00,1,1,1,1,2.33
coinbase,USDTUSDC,1677673800000,2023-03-01 12:30:00,1,1,1,1,4.56
coinbase,USDTUSDC,1677673920000,2023-03-01 12:32:00,1,1,1,1,4.33
coinbase,USDTUSDC,1677674100000,2023-03-01 12:35:00,1.0002,1.0002,1,1,2083.26
coinbase,USDTUSDC,1677674760000,2023-03-01 12:46:00,1.0002,1.0002,1.0001,1.0001,2073.17
coinbase,USDTUSDC,1677674940000,2023-03-01 12:49:00,1.0001,1.0001,1,1,1158.26
coinbase,USDTUSDC,1677675300000,2023-03-01 12:55:00,1,1,1,1,3.61
coinbase,USDTUSDC,1677675840000,2023-03-01 13:04:00,1,1,1,1,3.84
coinbase,USDTUSDC,1677676680000,2023-03-01 13:18:00,1,1,1,1,1043.7
coinbase,USDTUSDC,1677677100000,2023-03-01 13:25:00,1.0001,1.0002,1,1.0002,1049.99
coinbase,USDTUSDC,1677677340000,2023-03-01 13:29:00,1,1.0002,1,1.0002,1046.42
coinbase,USDTUSDC,1677677400000,2023-03-01 13:30:00,1.0002,1.0002,1.0002,1.0002,5.46
coinbase,USDTUSDC,1677677460000,2023-03-01 13:31:00,1.0002,1.0002,1,1,947.09
coinbase,USDTUSDC,1677677520000,2023-03-01 13:32:00,1.0002,1.0002,1.0002,1.0002,15.14
coinbase,USDTUSDC,1677677700000,2023-03-01 13:35:00,1.0002,1.0002,1.0002,1.0002,5.57
coinbase,USDTUSDC,1677677940000,2023-03-01 13:39:00,1.0002,1.0002,1.0001,1.0001,9.3
coinbase,USDTUSDC,1677678480000,2023-03-01 13:48:00,1.0002,1.0002,1.0002,1.0002,8.98
coinbase,USDTUSDC,1677645000000,2023-03-01 04:30:00,1,1,1,1,13.61
coinbase,USDTUSDC,1677645180000,2023-03-01 04:33:00,1,1.0001,1,1.0001,10.91
coinbase,USDTUSDC,1677645300000,2023-03-01 04:35:00,1.0001,1.0001,1.0001,1.0001,6.79
coinbase,USDTUSDC,1677645540000,2023-03-01 04:39:00,1.0001,1.0001,1.0001,1.0001,9.96
coinbase,USDTUSDC,1677646020000,2023-03-01 04:47:00,1.0001,1.0001,1.0001,1.0001,7.12
coinbase,USDTUSDC,1677646080000,2023-03-01 04:48:00,1.0001,1.0001,1.0001,1.0001,18.65
coinbase,USDTUSDC,1677646440000,2023-03-01 04:54:00,1.0001,1.0001,1.0001,1.0001,1045.69
coinbase,USDTUSDC,1677647760000,2023-03-01 05:16:00,1.0001,1.0001,1,1,80.87
coinbase,USDTUSDC,1677648600000,2023-03-01 05:30:00,1,1,1,1,19.97
coinbase,USDTUSDC,1677648720000,2023-03-01 05:32:00,1,1.0001,1,1.0001,11.86
coinbase,USDTUSDC,1677648960000,2023-03-01 05:36:00,1,1,1,1,14.44
coinbase,USDTUSDC,1677649140000,2023-03-01 05:39:00,1,1,1,1,8.86
coinbase,USDTUSDC,1677649560000,2023-03-01 05:46:00,1,1,1,1,4.85
coinbase,USDTUSDC,1677649680000,2023-03-01 05:48:00,1,1.0001,1,1.0001,7.39
coinbase,USDTUSDC,1677649980000,2023-03-01 05:53:00,1.0001,1.0001,1.0001,1.0001,6
coinbase,USDTUSDC,1677652020000,2023-03-01 06:27:00,1.0001,1.0001,1,1,60.73
coinbase,USDTUSDC,1677652260000,2023-03-01 06:31:00,1.0002,1.0002,1,1,712.79
coinbase,USDTUSDC,1677652320000,2023-03-01 06:32:00,1,1.0002,1,1.0002,2057.78
coinbase,USDTUSDC,1677652680000,2023-03-01 06:38:00,1,1,1,1,10.71
coinbase,USDTUSDC,1677652980000,2023-03-01 06:43:00,1,1,1,1,4.83
coinbase,USDTUSDC,1677653340000,2023-03-01 06:49:00,1,1,1,1,11.55
coinbase,USDTUSDC,1677653640000,2023-03-01 06:54:00,1,1.0002,1,1.0002,142.07
coinbase,USDTUSDC,1677655320000,2023-03-01 07:22:00,1,1,1,1,101.96
coinbase,USDTUSDC,1677655800000,2023-03-01 07:30:00,1.0002,1.0002,1,1,15.51
coinbase,USDTUSDC,1677655980000,2023-03-01 07:33:00,1,1.0002,1,1.0002,125.75
coinbase,USDTUSDC,1677656580000,2023-03-01 07:43:00,1.0002,1.0002,1.0002,1.0002,992.93
coinbase,USDTUSDC,1677657060000,2023-03-01 07:51:00,1,1.0001,1,1.0001,476.64
coinbase,USDTUSDC,1677657720000,2023-03-01 08:02:00,1.0001,1.0002,1,1.0002,151.04
coinbase,USDTUSDC,1677658620000,2023-03-01 08:17:00,1.0002,1.0002,1,1.0001,476.74
coinbase,USDTUSDC,1677659220000,2023-03-01 08:27:00,1.0001,1.0001,1,1,1046.09
coinbase,USDTUSDC,1677659400000,2023-03-01 08:30:00,1,1,1,1,10.41
coinbase,USDTUSDC,1677660000000,2023-03-01 08:40:00,1,1.0002,1,1.0002,5.82
coinbase,USDTUSDC,1677660420000,2023-03-01 08:47:00,1,1,1,1,3.11
coinbase,USDTUSDC,1677660780000,2023-03-01 08:53:00,1.0002,1.0002,1,1,74.64
coinbase,USDTUSDC,1677660960000,2023-03-01 08:56:00,1,1,1,1,1.64
coinbase,USDTUSDC,1677629760000,2023-03-01 00:16:00,1.0002,1.0002,1.0001,1.0001,56.09
coinbase,USDTUSDC,1677630720000,2023-03-01 00:32:00,1,1,1,1,9.2
coinbase,USDTUSDC,1677631020000,2023-03-01 00:37:00,1.0001,1.0001,1.0001,1.0001,14.13
coinbase,USDTUSDC,1677631320000,2023-03-01 00:42:00,1.0002,1.0002,1.0002,1.0002,595.46
coinbase,USDTUSDC,1677631440000,2023-03-01 00:44:00,1.0001,1.0001,1.0001,1.0001,41.77
coinbase,USDTUSDC,1677631620000,2023-03-01 00:47:00,1.0002,1.0002,1.0001,1.0001,4.33
coinbase,USDTUSDC,1677631980000,2023-03-01 00:53:00,1.0002,1.0002,1.0002,1.0002,7000.17
coinbase,USDTUSDC,1677632220000,2023-03-01 00:57:00,1.0002,1.0002,1.0002,1.0002,104.25
coinbase,USDTUSDC,1677633900000,2023-03-01 01:25:00,1.0002,1.0002,1.0002,1.0002,4.55
coinbase,USDTUSDC,1677634080000,2023-03-01 01:28:00,1.0002,1.0002,1,1,6.3
coinbase,USDTUSDC,1677634320000,2023-03-01 01:32:00,1.0001,1.0001,1,1,3.03
coinbase,USDTUSDC,1677634560000,2023-03-01 01:36:00,1,1.0001,1,1.0001,5.52
coinbase,USDTUSDC,1677634680000,2023-03-01 01:38:00,1.0002,1.0002,1.0002,1.0002,1998.48
coinbase,USDTUSDC,1677634860000,2023-03-01 01:41:00,1.0002,1.0002,1.0002,1.0002,1099.77
coinbase,USDTUSDC,1677635040000,2023-03-01 01:44:00,1.0001,1.0002,1.0001,1.0002,38.08
coinbase,USDTUSDC,1677635400000,2023-03-01 01:50:00,1.0001,1.0002,1.0001,1.0002,47.55
coinbase,USDTUSDC,1677635580000,2023-03-01 01:53:00,1,1.0001,1,1.0001,1049.38
coinbase,USDTUSDC,1677635700000,2023-03-01 01:55:00,1.0001,1.0001,1.0001,1.0001,8.95
coinbase,USDTUSDC,1677637200000,2023-03-01 02:20:00,1.0002,1.0002,1.0002,1.0002,3167.83
coinbase,USDTUSDC,1677637680000,2023-03-01 02:28:00,1.0001,1.0002,1.0001,1.0001,1620.7
coinbase,USDTUSDC,1677637920000,2023-03-01 02:32:00,1.0001,1.0002,1.0001,1.0002,10.12
coinbase,USDTUSDC,1677638100000,2023-03-01 02:35:00,1.0001,1.0001,1.0001,1.0001,3.01
coinbase,USDTUSDC,1677638220000,2023-03-01 02:37:00,1.0001,1.0001,1.0001,1.0001,8.1
coinbase,USDTUSDC,1677638520000,2023-03-01 02:42:00,1.0001,1.0001,1.0001,1.0001,5.04
coinbase,USDTUSDC,1677638640000,2023-03-01 02:44:00,1.0002,1.0002,1.0001,1.0001,109.92
coinbase,USDTUSDC,1677638820000,2023-03-01 02:47:00,1.0001,1.0001,1.0001,1.0001,12.96
coinbase,USDTUSDC,1677639480000,2023-03-01 02:58:00,1,1.0002,1,1.0002,198.91
coinbase,USDTUSDC,1677641100000,2023-03-01 03:25:00,1.0001,1.0001,1,1,373.21
coinbase,USDTUSDC,1677641580000,2023-03-01 03:33:00,1,1,1,1,27.05
coinbase,USDTUSDC,1677641700000,2023-03-01 03:35:00,1,1,1,1,31.38
coinbase,USDTUSDC,1677641820000,2023-03-01 03:37:00,1,1,1,1,47.73
coinbase,USDTUSDC,1677642060000,2023-03-01 03:41:00,1,1,1,1,12.49
coinbase,USDTUSDC,1677642720000,2023-03-01 03:52:00,1,1,1,1,32.69
coinbase,USDTUSDC,1677642780000,2023-03-01 03:53:00,1,1,1,1,18.03
coinbase,USDTUSDC,1677643140000,2023-03-01 03:59:00,1.0001,1.0001,1,1,57.63
