exchange,symbol,open_time_ms,open_time_utc,open,high,low,close,volume
coinbase,USDCEUR,1679425440000,2023-03-21 19:04:00,0.9281,0.9281,0.9277,0.9277,528.78
coinbase,USDCEUR,1679425800000,2023-03-21 19:10:00,0.9277,0.9282,0.9277,0.9282,78.11
coinbase,USDCEUR,1679425980000,2023-03-21 19:13:00,0.9282,0.9282,0.9282,0.9282,17.13
coinbase,USDCEUR,1679426040000,2023-03-21 19:14:00,0.9282,0.9282,0.9282,0.9282,33.69
coinbase,USDCEUR,1679426160000,2023-03-21 19:16:00,0.9282,0.9282,0.9282,0.9282,5.55
coinbase,USDCEUR,1679426280000,2023-03-21 19:18:00,0.9282,0.9282,0.9282,0.9282,34.72
coinbase,USDCEUR,1679426640000,2023-03-21 19:24:00,0.9278,0.9278,0.9277,0.9277,71.91
coinbase,USDCEUR,1679426940000,2023-03-21 19:29:00,0.9279,0.9279,0.9279,0.9279,32.85
coinbase,USDCEUR,1679427060000,2023-03-21 19:31:00,0.928,0.928,0.9279,0.9279,689.87
coinbase,USDCEUR,1679427180000,2023-03-21 19:33:00,0.9281,0.9281,0.9281,0.9281,5.14
coinbase,USDCEUR,1679427300000,2023-03-21 19:35:00,0.9282,0.9283,0.9282,0.9283,134.41
coinbase,USDCEUR,1679427480000,2023-03-21 19:38:00,0.9282,0.9282,0.9278,0.9278,3.68
coinbase,USDCEUR,1679427660000,2023-03-21 19:41:00,0.9278,0.928,0.9278,0.928,129.76
coinbase,USDCEUR,1679427720000,2023-03-21 19:42:00,0.928,0.9282,0.9278,0.9281,217.64
coinbase,USDCEUR,1679428320000,2023-03-21 19:52:00,0.9277,0.9277,0.9277,0.9277,16.38
coinbase,USDCEUR,1679428380000,2023-03-21 19:53:00,0.928,0.928,0.9277,0.9277,194.25
coinbase,USDCEUR,1679428500000,2023-03-21 19:55:00,0.9277,0.9277,0.9277,0.9277,62.58
coinbase,USDCEUR,1679428560000,2023-03-21 19:56:00,0.9276,0.9276,0.9276,0.9276,423.21
coinbase,USDCEUR,1679428800000,2023-03-21 20:00:00,0.9276,0.9276,0.9276,0.9276,31.29
coinbase,USDCEUR,1679428860000,2023-03-21 20:01:00,0.9279,0.9279,0.9276,0.9276,32.36
coinbase,USDCEUR,1679428920000,2023-03-21 20:02:00,0.9278,0.9278,0.9275,0.9275,604.67
coinbase,USDCEUR,1679429220000,2023-03-21 20:07:00,0.9275,0.9275,0.9275,0.9275,122.29
coinbase,USDCEUR,1679429340000,2023-03-21 20:09:00,0.9275,0.9275,0.9268,0.9268,3043.84
coinbase,USDCEUR,1679429520000,2023-03-21 20:12:00,0.9273,0.9273,0.9273,0.9273,289.11
coinbase,USDCEUR,1679429700000,2023-03-21 20:15:00,0.9273,0.9273,0.9273,0.9273,125.92
coinbase,USDCEUR,1679429760000,2023-03-21 20:16:00,0.9274,0.9274,0.9274,0.9274,46.58
coinbase,USDCEUR,1679429880000,2023-03-21 20:18:00,0.9271,0.9274,0.9271,0.9274,13680.41
coinbase,USDCEUR,1679430240000,2023-03-21 20:24:00,0.9274,0.9275,0.9274,0.9274,160.58
coinbase,USDCEUR,1679430540000,2023-03-21 20:29:00,0.9274,0.9275,0.9274,0.9275,200.72
coinbase,USDCEUR,1679430720000,2023-03-21 20:32:00,0.9276,0.9277,0.9276,0.9277,1074.52
coinbase,USDCEUR,1679430840000,2023-03-21 20:34:00,0.9276,0.9276,0.9271,0.9271,186.75
coinbase,USDCEUR,1679430900000,2023-03-21 20:35:00,0.9278,0.9281,0.9277,0.9277,659.78
coinbase,USDCEUR,1679431140000,2023-03-21 20:39:00,0.9277,0.9277,0.9277,0.9277,51.35
coinbase,USDCEUR,1679431200000,2023-03-21 20:40:00,0.9277,0.9282,0.9273,0.9282,175.47
coinbase,USDCEUR,1679431680000,2023-03-21 20:48:00,0.9282,0.9282,0.9282,0.9282,455.37
coinbase,USDCEUR,1679431980000,2023-03-21 20:53:00,0.9281,0.9283,0.9281,0.9283,271.23
coinbase,USDCEUR,1679432280000,2023-03-21 20:58:00,0.9283,0.9283,0.9283,0.9283,237.45
coinbase,USDCEUR,1679432580000,2023-03-21 21:03:00,0.9284,0.9284,0.9284,0.9284,49.99
coinbase,USDCEUR,1679432760000,2023-03-21 21:06:00,0.9283,0.9285,0.9283,0.9284,223
coinbase,USDCEUR,1679432940000,2023-03-21 21:09:00,0.9284,0.9284,0.9284,0.9284,41.92
coinbase,USDCEUR,1679433120000,2023-03-21 21:12:00,0.9282,0.9284,0.9282,0.9284,4.21
coinbase,USDCEUR,1679433180000,2023-03-21 21:13:00,0.9284,0.9284,0.9282,0.9282,234.47
coinbase,USDCEUR,1679433420000,2023-03-21 21:17:00,0.9284,0.9287,0.9284,0.9287,106.51
coinbase,USDCEUR,1679433660000,2023-03-21 21:21:00,0.9283,0.9285,0.9283,0.9285,56.14
coinbase,USDCEUR,1679433900000,2023-03-21 21:25:00,0.9285,0.9285,0.928,0.928,54.06
coinbase,USDCEUR,1679434080000,2023-03-21 21:28:00,0.928,0.928,0.9275,0.9275,268.46
coinbase,USDCEUR,1679434200000,2023-03-21 21:30:00,0.928,0.9284,0.9274,0.9274,1260.08
coinbase,USDCEUR,1679434560000,2023-03-21 21:36:00,0.9282,0.9282,0.9282,0.9282,103.15
coinbase,USDCEUR,1679435340000,2023-03-21 21:49:00,0.9282,0.9285,0.9282,0.9285,4142.05
coinbase,USDCEUR,1679435760000,2023-03-21 21:56:00,0.928,0.928,0.9273,0.928,512.29
coinbase,USDCEUR,1679437080000,2023-03-21 22:18:00,0.9275,0.9275,0.9275,0.9275,634.32
coinbase,USDCEUR,1679437140000,2023-03-21 22:19:00,0.9275,0.9275,0.9274,0.9274,246.87
coinbase,USDCEUR,1679437200000,2023-03-21 22:20:00,0.9275,0.9275,0.9274,0.9274,279.26
coinbase,USDCEUR,1679437500000,2023-03-21 22:25:00,0.9274,0.9274,0.9272,0.9272,605.58
coinbase,USDCEUR,1679437680000,2023-03-21 22:28:00,0.9272,0.9272,0.9269,0.9269,317.11
coinbase,USDCEUR,1679438040000,2023-03-21 22:34:00,0.9271,0.9274,0.9269,0.9274,325.04
coinbase,USDCEUR,1679438160000,2023-03-21 22:36:00,0.927,0.9274,0.9269,0.9269,345.2
coinbase,USDCEUR,1679438220000,2023-03-21 22:37:00,0.9269,0.928,0.9269,0.928,424.08
coinbase,USDCEUR,1679438280000,2023-03-21 22:38:00,0.9271,0.9271,0.927,0.927,661.46
coinbase,USDCEUR,1679438460000,2023-03-21 22:41:00,0.927,0.927,0.9269,0.9269,475.5
coinbase,USDCEUR,1679438520000,2023-03-21 22:42:00,0.927,0.927,0.9269,0.9269,856.22
coinbase,USDCEUR,1679438700000,2023-03-21 22:45:00,0.927,0.9273,0.9268,0.9273,954.47
coinbase,USDCEUR,1679438820000,2023-03-21 22:47:00,0.9269,0.9273,0.9269,0.9269,105.81
coinbase,USDCEUR,1679438880000,2023-03-21 22:48:00,0.9273,0.9274,0.9273,0.9274,220.42
coinbase,USDCEUR,1679438940000,2023-03-21 22:49:00,0.9274,0.9276,0.9274,0.9275,128.12
coinbase,USDCEUR,1679439240000,2023-03-21 22:54:00,0.9275,0.9276,0.9275,0.9276,62.59
coinbase,USDCEUR,1679440200000,2023-03-21 23:10:00,0.927,0.9279,0.927,0.9279,544.49
coinbase,USDCEUR,1679440440000,2023-03-21 23:14:00,0.9278,0.9279,0.9272,0.9278,722.04
coinbase,USDCEUR,1679440560000,2023-03-21 23:16:00,0.9272,0.9277,0.9272,0.9277,539.44
coinbase,USDCEUR,1679440620000,2023-03-21 23:17:00,0.9277,0.9277,0.9276,0.9276,6.19
coinbase,USDCEUR,1679441220000,2023-03-21 23:27:00,0.9277,0.9277,0.9277,0.9277,12.59
coinbase,USDCEUR,1679441340000,2023-03-21 23:29:00,0.9277,0.9277,0.9277,0.9277,16.16
coinbase,USDCEUR,1679441520000,2023-03-21 23:32:00,0.9277,0.9277,0.9275,0.9275,495.43
coinbase,USDCEUR,1679442240000,2023-03-21 23:44:00,0.9273,0.9276,0.9273,0.9276,647.67
coinbase,USDCEUR,1679443200000,2023-03-22 00:00:00,0.9276,0.9276,0.9276,0.9276,2
coinbase,USDCEUR,1679407200000,2023-03-21 14:00:00,0.9274,0.9274,0.9274,0.9274,6.86
coinbase,USDCEUR,1679407260000,2023-03-21 14:01:00,0.9272,0.9272,0.9272,0.9272,91.19
coinbase,USDCEUR,1679407440000,2023-03-21 14:04:00,0.9274,0.9274,0.9272,0.9274,270.51
coinbase,USDCEUR,1679407500000,2023-03-21 14:05:00,0.9275,0.9277,0.9275,0.9277,8803.43
coinbase,USDCEUR,1679407560000,2023-03-21 14:06:00,0.9277,0.9279,0.9277,0.9278,159.75
coinbase,USDCEUR,1679407680000,2023-03-21 14:08:00,0.9278,0.9284,0.9278,0.9283,48.91
coinbase,USDCEUR,1679407920000,2023-03-21 14:12:00,0.9283,0.9283,0.9283,0.9283,45.32
coinbase,USDCEUR,1679408520000,2023-03-21 14:22:00,0.928,0.9288,0.928,0.9288,970.15
coinbase,USDCEUR,1679409360000,2023-03-21 14:36:00,0.9287,0.9292,0.9281,0.9281,522.42
coinbase,USDCEUR,1679409900000,2023-03-21 14:45:00,0.9281,0.9281,0.9278,0.9278,108.07
coinbase,USDCEUR,1679410080000,2023-03-21 14:48:00,0.9284,0.9284,0.9284,0.9284,35.02
coinbase,USDCEUR,1679410320000,2023-03-21 14:52:00,0.9284,0.9284,0.9278,0.9278,2.94
coinbase,USDCEUR,1679410680000,2023-03-21 14:58:00,0.9278,0.9278,0.9278,0.9278,52.17
coinbase,USDCEUR,1679410980000,2023-03-21 15:03:00,0.9278,0.9279,0.9276,0.9279,109.49
coinbase,USDCEUR,1679411280000,2023-03-21 15:08:00,0.9278,0.928,0.9276,0.9276,4151.03
coinbase,USDCEUR,1679411340000,2023-03-21 15:09:00,0.9276,0.9276,0.9275,0.9275,380.8
coinbase,USDCEUR,1679411880000,2023-03-21 15:18:00,0.9275,0.928,0.9259,0.9267,8844.09
coinbase,USDCEUR,1679412000000,2023-03-21 15:20:00,0.9267,0.927,0.9267,0.927,287.09
coinbase,USDCEUR,1679412240000,2023-03-21 15:24:00,0.927,0.9273,0.927,0.9273,136.86
coinbase,USDCEUR,1679412360000,2023-03-21 15:26:00,0.927,0.9274,0.927,0.9274,1611.05
coinbase,USDCEUR,1679413020000,2023-03-21 15:37:00,0.9274,0.9276,0.9274,0.9276,51
coinbase,USDCEUR,1679413680000,2023-03-21 15:48:00,0.9275,0.9279,0.9275,0.9279,54.29
coinbase,USDCEUR,1679413740000,2023-03-21 15:49:00,0.9278,0.9278,0.9275,0.9278,44.99
coinbase,USDCEUR,1679414580000,2023-03-21 16:03:00,0.9278,0.9278,0.9275,0.9275,56.97
coinbase,USDCEUR,1679414700000,2023-03-21 16:05:00,0.9278,0.9279,0.9278,0.9279,104.83
coinbase,USDCEUR,1679414940000,2023-03-21 16:09:00,0.9278,0.9279,0.9275,0.9275,297.31
coinbase,USDCEUR,1679415000000,2023-03-21 16:10:00,0.9278,0.928,0.9278,0.928,316.31
coinbase,USDCEUR,1679415360000,2023-03-21 16:16:00,0.928,0.928,0.928,0.928,27.74
coinbase,USDCEUR,1679415840000,2023-03-21 16:24:00,0.928,0.928,0.9277,0.9277,178.28
coinbase,USDCEUR,1679416080000,2023-03-21 16:28:00,0.9276,0.9276,0.9276,0.9276,114.45
coinbase,USDCEUR,1679416140000,2023-03-21 16:29:00,0.9275,0.9275,0.9275,0.9275,220.41
coinbase,USDCEUR,1679416380000,2023-03-21 16:33:00,0.9276,0.9276,0.9275,0.9275,114.48
coinbase,USDCEUR,1679416560000,2023-03-21 16:36:00,0.9274,0.9275,0.9267,0.9275,2660.75
coinbase,USDCEUR,1679416620000,2023-03-21 16:37:00,0.9274,0.9277,0.9274,0.9277,103.5
coinbase,USDCEUR,1679416680000,2023-03-21 16:38:00,0.9275,0.9279,0.9275,0.9279,508.37
coinbase,USDCEUR,1679416740000,2023-03-21 16:39:00,0.9279,0.9279,0.9278,0.9279,262.6
coinbase,USDCEUR,1679416800000,2023-03-21 16:40:00,0.9278,0.9286,0.9278,0.9286,1177.05
coinbase,USDCEUR,1679416860000,2023-03-21 16:41:00,0.9286,0.9289,0.9286,0.9289,1395.84
coinbase,USDCEUR,1679416920000,2023-03-21 16:42:00,0.9288,0.9289,0.9285,0.9285,432.77
coinbase,USDCEUR,1679417280000,2023-03-21 16:48:00,0.9287,0.9287,0.9259,0.9259,15627.76
coinbase,USDCEUR,1679417400000,2023-03-21 16:50:00,0.9279,0.9279,0.927,0.9271,5419.68
coinbase,USDCEUR,1679417640000,2023-03-21 16:54:00,0.9271,0.9277,0.9271,0.9277,305.51
coinbase,USDCEUR,1679417700000,2023-03-21 16:55:00,0.9273,0.9273,0.9273,0.9273,454.46
coinbase,USDCEUR,1679417760000,2023-03-21 16:56:00,0.9273,0.9276,0.9273,0.9276,161.95
coinbase,USDCEUR,1679417820000,2023-03-21 16:57:00,0.9276,0.9276,0.9276,0.9276,30.42
coinbase,USDCEUR,1679417880000,2023-03-21 16:58:00,0.9275,0.9276,0.9275,0.9276,753.84
coinbase,USDCEUR,1679418060000,2023-03-21 17:01:00,0.9275,0.9275,0.9275,0.9275,1345.34
coinbase,USDCEUR,1679418120000,2023-03-21 17:02:00,0.9276,0.9276,0.9276,0.9276,10.19
coinbase,USDCEUR,1679418180000,2023-03-21 17:03:00,0.9273,0.9276,0.9273,0.9276,2744
coinbase,USDCEUR,1679418360000,2023-03-21 17:06:00,0.9276,0.9277,0.9275,0.9275,275.03
coinbase,USDCEUR,1679418420000,2023-03-21 17:07:00,0.9276,0.9276,0.9274,0.9274,120.71
coinbase,USDCEUR,1679418720000,2023-03-21 17:12:00,0.9276,0.9276,0.9276,0.9276,73.23
coinbase,USDCEUR,1679418780000,2023-03-21 17:13:00,0.9276,0.9278,0.9276,0.9277,103.29
coinbase,USDCEUR,1679418900000,2023-03-21 17:15:00,0.9275,0.9275,0.9275,0.9275,4500.27
coinbase,USDCEUR,1679419080000,2023-03-21 17:18:00,0.9275,0.9275,0.927,0.927,44375.44
coinbase,USDCEUR,1679419140000,2023-03-21 17:19:00,0.927,0.927,0.927,0.927,78933.31
coinbase,USDCEUR,1679419200000,2023-03-21 17:20:00,0.927,0.9275,0.927,0.9275,42528.55
coinbase,USDCEUR,1679419260000,2023-03-21 17:21:00,0.9276,0.9276,0.9276,0.9276,61.38
coinbase,USDCEUR,1679419380000,2023-03-21 17:23:00,0.9275,0.9276,0.9275,0.9275,751.78
coinbase,USDCEUR,1679419440000,2023-03-21 17:24:00,0.9275,0.9276,0.9275,0.9275,108.12
coinbase,USDCEUR,1679419560000,2023-03-21 17:26:00,0.9274,0.9277,0.9274,0.9277,180.18
coinbase,USDCEUR,1679419680000,2023-03-21 17:28:00,0.9275,0.9275,0.9275,0.9275,659.28
coinbase,USDCEUR,1679419740000,2023-03-21 17:29:00,0.9275,0.9276,0.9275,0.9276,64.43
coinbase,USDCEUR,1679419800000,2023-03-21 17:30:00,0.9276,0.9276,0.9276,0.9276,34.92
coinbase,USDCEUR,1679419860000,2023-03-21 17:31:00,0.9277,0.9277,0.9277,0.9277,215.48
coinbase,USDCEUR,1679419920000,2023-03-21 17:32:00,0.9281,0.9281,0.9281,0.9281,54.06
coinbase,USDCEUR,1679420220000,2023-03-21 17:37:00,0.9282,0.9286,0.9282,0.9286,291.88
coinbase,USDCEUR,1679420520000,2023-03-21 17:42:00,0.9279,0.9282,0.9277,0.9277,1490.16
coinbase,USDCEUR,1679420580000,2023-03-21 17:43:00,0.9278,0.928,0.9276,0.928,362.2
coinbase,USDCEUR,1679420700000,2023-03-21 17:45:00,0.928,0.928,0.928,0.928,369.24
coinbase,USDCEUR,1679420820000,2023-03-21 17:47:00,0.9277,0.9282,0.9277,0.9282,512.46
coinbase,USDCEUR,1679421060000,2023-03-21 17:51:00,0.9281,0.9282,0.9281,0.9282,147
coinbase,USDCEUR,1679421120000,2023-03-21 17:52:00,0.9281,0.9282,0.9281,0.9281,913.99
coinbase,USDCEUR,1679421660000,2023-03-21 18:01:00,0.9282,0.9282,0.9281,0.9281,127.55
coinbase,USDCEUR,1679421780000,2023-03-21 18:03:00,0.9284,0.9284,0.9283,0.9283,49.71
coinbase,USDCEUR,1679422260000,2023-03-21 18:11:00,0.9283,0.9284,0.9282,0.9284,3186.83
coinbase,USDCEUR,1679422980000,2023-03-21 18:23:00,0.9285,0.9285,0.9281,0.9281,1368.17
coinbase,USDCEUR,1679423400000,2023-03-21 18:30:00,0.928,0.9284,0.9279,0.9284,1152.19
coinbase,USDCEUR,1679423580000,2023-03-21 18:33:00,0.9279,0.9279,0.9278,0.9278,3009.33
coinbase,USDCEUR,1679423820000,2023-03-21 18:37:00,0.9283,0.9283,0.9283,0.9283,13.31
coinbase,USDCEUR,1679424600000,2023-03-21 18:50:00,0.9278,0.9282,0.9278,0.9282,109.98
coinbase,USDCEUR,1679424900000,2023-03-21 18:55:00,0.9282,0.9282,0.9282,0.9282,1.88
coinbase,USDCEUR,1679389380000,2023-03-21 09:03:00,0.9312,0.9313,0.9312,0.9313,427.57
coinbase,USDCEUR,1679389500000,2023-03-21 09:05:00,0.9313,0.9314,0.9313,0.9314,152.08
coinbase,USDCEUR,1679389680000,2023-03-21 09:08:00,0.9314,0.9314,0.9312,0.9312,1.88
coinbase,USDCEUR,1679389920000,2023-03-21 09:12:00,0.9314,0.9314,0.9314,0.9314,190.65
coinbase,USDCEUR,1679390940000,2023-03-21 09:29:00,0.9313,0.9313,0.9311,0.9312,1612.77
coinbase,USDCEUR,1679391180000,2023-03-21 09:33:00,0.9311,0.9311,0.9311,0.9311,575.52
coinbase,USDCEUR,1679391240000,2023-03-21 09:34:00,0.931,0.931,0.931,0.931,124.6
coinbase,USDCEUR,1679391600000,2023-03-21 09:40:00,0.9313,0.9313,0.9313,0.9313,84.93
coinbase,USDCEUR,1679391660000,2023-03-21 09:41:00,0.9307,0.9311,0.9307,0.9311,46.66
coinbase,USDCEUR,1679391780000,2023-03-21 09:43:00,0.9307,0.9307,0.9304,0.9304,2174.34
coinbase,USDCEUR,1679392320000,2023-03-21 09:52:00,0.9309,0.9314,0.9309,0.9314,3149.55
coinbase,USDCEUR,1679392380000,2023-03-21 09:53:00,0.9313,0.9314,0.9312,0.9313,357.05
coinbase,USDCEUR,1679392620000,2023-03-21 09:57:00,0.9305,0.9305,0.9305,0.9305,25.34
coinbase,USDCEUR,1679392680000,2023-03-21 09:58:00,0.9305,0.9305,0.9305,0.9305,3.62
coinbase,USDCEUR,1679392980000,2023-03-21 10:03:00,0.9306,0.9306,0.9306,0.9306,1.66
coinbase,USDCEUR,1679393760000,2023-03-21 10:16:00,0.9305,0.9306,0.9305,0.9306,511.97
coinbase,USDCEUR,1679394180000,2023-03-21 10:23:00,0.9305,0.9306,0.9305,0.9306,60.84
coinbase,USDCEUR,1679395140000,2023-03-21 10:39:00,0.9302,0.9302,0.9301,0.9301,428.31
coinbase,USDCEUR,1679395380000,2023-03-21 10:43:00,0.9301,0.9301,0.9301,0.9301,205.86
coinbase,USDCEUR,1679395500000,2023-03-21 10:45:00,0.9301,0.9301,0.9301,0.9301,2496.67
coinbase,USDCEUR,1679396040000,2023-03-21 10:54:00,0.9301,0.9301,0.93,0.93,1047.48
coinbase,USDCEUR,1679396220000,2023-03-21 10:57:00,0.9301,0.9301,0.9301,0.9301,665.87
coinbase,USDCEUR,1679396280000,2023-03-21 10:58:00,0.9301,0.9305,0.93,0.9301,8485.79
coinbase,USDCEUR,1679396460000,2023-03-21 11:01:00,0.9301,0.9301,0.9297,0.9301,188.31
coinbase,USDCEUR,1679396880000,2023-03-21 11:08:00,0.9297,0.9297,0.9295,0.9296,106.33
coinbase,USDCEUR,1679397240000,2023-03-21 11:14:00,0.9296,0.9296,0.9295,0.9295,37.76
coinbase,USDCEUR,1679397480000,2023-03-21 11:18:00,0.9288,0.9288,0.9288,0.9288,68.66
coinbase,USDCEUR,1679397780000,2023-03-21 11:23:00,0.9288,0.9288,0.9285,0.9285,96.92
coinbase,USDCEUR,1679397840000,2023-03-21 11:24:00,0.9285,0.9285,0.9285,0.9285,177.01
coinbase,USDCEUR,1679398260000,2023-03-21 11:31:00,0.9285,0.9285,0.9281,0.9281,73.95
coinbase,USDCEUR,1679398680000,2023-03-21 11:38:00,0.9281,0.9281,0.9277,0.9277,332
coinbase,USDCEUR,1679398740000,2023-03-21 11:39:00,0.9276,0.9281,0.9269,0.9281,3447.64
coinbase,USDCEUR,1679398800000,2023-03-21 11:40:00,0.928,0.928,0.9271,0.9272,9762.38
coinbase,USDCEUR,1679399100000,2023-03-21 11:45:00,0.9275,0.9275,0.9271,0.9271,101.73
coinbase,USDCEUR,1679399160000,2023-03-21 11:46:00,0.9279,0.9282,0.9279,0.9282,109.65
coinbase,USDCEUR,1679399940000,2023-03-21 11:59:00,0.9281,0.9281,0.9272,0.9272,116.15
coinbase,USDCEUR,1679400120000,2023-03-21 12:02:00,0.9272,0.928,0.9271,0.928,614.13
coinbase,USDCEUR,1679400180000,2023-03-21 12:03:00,0.928,0.928,0.9275,0.9275,173.61
coinbase,USDCEUR,1679400720000,2023-03-21 12:12:00,0.9279,0.9279,0.9278,0.9278,53.98
coinbase,USDCEUR,1679401800000,2023-03-21 12:30:00,0.9272,0.9272,0.927,0.927,63.8
coinbase,USDCEUR,1679401860000,2023-03-21 12:31:00,0.927,0.9277,0.9269,0.9271,524.3
coinbase,USDCEUR,1679402700000,2023-03-21 12:45:00,0.9276,0.9276,0.9276,0.9276,18.98
coinbase,USDCEUR,1679402760000,2023-03-21 12:46:00,0.9275,0.9276,0.9275,0.9275,50.97
coinbase,USDCEUR,1679402820000,2023-03-21 12:47:00,0.9275,0.9279,0.9275,0.9278,589.58
coinbase,USDCEUR,1679402880000,2023-03-21 12:48:00,0.9278,0.9278,0.9277,0.9277,16.38
coinbase,USDCEUR,1679402940000,2023-03-21 12:49:00,0.9277,0.9277,0.9272,0.9277,32.01
coinbase,USDCEUR,1679403000000,2023-03-21 12:50:00,0.9277,0.9277,0.9277,0.9277,9.75
coinbase,USDCEUR,1679403060000,2023-03-21 12:51:00,0.9277,0.9277,0.9272,0.9272,6613.79
coinbase,USDCEUR,1679403120000,2023-03-21 12:52:00,0.9275,0.9275,0.9274,0.9274,652.13
coinbase,USDCEUR,1679403300000,2023-03-21 12:55:00,0.9275,0.9278,0.9275,0.9278,121.45
coinbase,USDCEUR,1679403420000,2023-03-21 12:57:00,0.9273,0.9276,0.9273,0.9276,237.25
coinbase,USDCEUR,1679403540000,2023-03-21 12:59:00,0.9273,0.9276,0.9273,0.9276,74.06
coinbase,USDCEUR,1679403840000,2023-03-21 13:04:00,0.9277,0.9277,0.9273,0.9273,226.57
coinbase,USDCEUR,1679404020000,2023-03-21 13:07:00,0.9276,0.9276,0.9275,0.9275,42.72
coinbase,USDCEUR,1679404080000,2023-03-21 13:08:00,0.9275,0.9278,0.9275,0.9277,682.73
coinbase,USDCEUR,1679404140000,2023-03-21 13:09:00,0.9277,0.9288,0.9277,0.9284,2178.24
coinbase,USDCEUR,1679404740000,2023-03-21 13:19:00,0.928,0.928,0.9277,0.9277,414.47
coinbase,USDCEUR,1679404800000,2023-03-21 13:20:00,0.9284,0.9289,0.9273,0.9273,7875.31
coinbase,USDCEUR,1679405040000,2023-03-21 13:24:00,0.9274,0.9274,0.9274,0.9274,1907.74
coinbase,USDCEUR,1679405100000,2023-03-21 13:25:00,0.9274,0.9274,0.927,0.9274,2572.51
coinbase,USDCEUR,1679405280000,2023-03-21 13:28:00,0.9274,0.9274,0.9273,0.9273,26.67
coinbase,USDCEUR,1679405640000,2023-03-21 13:34:00,0.9271,0.9274,0.9271,0.9274,219.16
coinbase,USDCEUR,1679406060000,2023-03-21 13:41:00,0.9274,0.9274,0.9274,0.9274,43.99
coinbase,USDCEUR,1679406240000,2023-03-21 13:44:00,0.9274,0.9274,0.9274,0.9274,138.81
coinbase,USDCEUR,1679406300000,2023-03-21 13:45:00,0.9275,0.9275,0.9274,0.9275,463.84
coinbase,USDCEUR,1679406420000,2023-03-21 13:47:00,0.9274,0.9275,0.9274,0.9274,86.15
coinbase,USDCEUR,1679406660000,2023-03-21 13:51:00,0.9275,0.9275,0.9275,0.9275,6.34
coinbase,USDCEUR,1679406840000,2023-03-21 13:54:00,0.9274,0.9274,0.9274,0.9274,34.16
coinbase,USDCEUR,1679407200000,2023-03-21 14:00:00,0.9274,0.9274,0.9274,0.9274,6.86
coinbase,USDCEUR,1679371620000,2023-03-21 04:07:00,0.9325,0.9329,0.9325,0.9329,184.69
coinbase,USDCEUR,1679372400000,2023-03-21 04:20:00,0.9324,0.9327,0.9324,0.9327,120.38
coinbase,USDCEUR,1679372580000,2023-03-21 04:23:00,0.9327,0.9328,0.9327,0.9327,49.71
coinbase,USDCEUR,1679373240000,2023-03-21 04:34:00,0.9324,0.9326,0.9324,0.9326,96.96
coinbase,USDCEUR,1679374080000,2023-03-21 04:48:00,0.9324,0.9327,0.9324,0.9327,2439.78
coinbase,USDCEUR,1679374680000,2023-03-21 04:58:00,0.9324,0.9327,0.9324,0.9327,16.22
coinbase,USDCEUR,1679377260000,2023-03-21 05:41:00,0.9327,0.9327,0.9323,0.9323,2.04
coinbase,USDCEUR,1679378580000,2023-03-21 06:03:00,0.9323,0.9326,0.9323,0.9326,81.94
coinbase,USDCEUR,1679379420000,2023-03-21 06:17:00,0.9326,0.9328,0.9326,0.9328,391.67
coinbase,USDCEUR,1679379540000,2023-03-21 06:19:00,0.9327,0.933,0.9327,0.933,598.92
coinbase,USDCEUR,1679380200000,2023-03-21 06:30:00,0.933,0.933,0.933,0.933,6.02
coinbase,USDCEUR,1679381100000,2023-03-21 06:45:00,0.933,0.933,0.933,0.933,3.76
coinbase,USDCEUR,1679381640000,2023-03-21 06:54:00,0.933,0.933,0.933,0.933,1190.63
coinbase,USDCEUR,1679382240000,2023-03-21 07:04:00,0.933,0.933,0.9329,0.933,1565.92
coinbase,USDCEUR,1679382480000,2023-03-21 07:08:00,0.9329,0.933,0.9329,0.933,2785.95
coinbase,USDCEUR,1679382720000,2023-03-21 07:12:00,0.933,0.933,0.933,0.933,1.82
coinbase,USDCEUR,1679382780000,2023-03-21 07:13:00,0.933,0.933,0.9327,0.9329,352.46
coinbase,USDCEUR,1679383500000,2023-03-21 07:25:00,0.933,0.933,0.9324,0.9324,181.66
coinbase,USDCEUR,1679383620000,2023-03-21 07:27:00,0.9325,0.9328,0.9325,0.9328,116.23
coinbase,USDCEUR,1679384160000,2023-03-21 07:36:00,0.9327,0.9327,0.9327,0.9327,127.39
coinbase,USDCEUR,1679384640000,2023-03-21 07:44:00,0.9327,0.9329,0.9327,0.9329,24.09
coinbase,USDCEUR,1679385060000,2023-03-21 07:51:00,0.9327,0.933,0.9305,0.932,34182.08
coinbase,USDCEUR,1679385300000,2023-03-21 07:55:00,0.9323,0.9324,0.9323,0.9324,827.65
coinbase,USDCEUR,1679385360000,2023-03-21 07:56:00,0.9323,0.9324,0.9323,0.9324,236.22
coinbase,USDCEUR,1679385420000,2023-03-21 07:57:00,0.9324,0.9324,0.932,0.932,2785.54
coinbase,USDCEUR,1679385660000,2023-03-21 08:01:00,0.9324,0.9325,0.9321,0.9321,1106.24
coinbase,USDCEUR,1679386800000,2023-03-21 08:20:00,0.9315,0.9316,0.9313,0.9313,95.45
coinbase,USDCEUR,1679386980000,2023-03-21 08:23:00,0.9308,0.9308,0.9308,0.9308,27.39
coinbase,USDCEUR,1679387460000,2023-03-21 08:31:00,0.9313,0.9315,0.9309,0.9309,856.74
coinbase,USDCEUR,1679387880000,2023-03-21 08:38:00,0.9308,0.9308,0.93,0.9307,1515.99
coinbase,USDCEUR,1679388000000,2023-03-21 08:40:00,0.9304,0.9309,0.9304,0.9309,601.99
coinbase,USDCEUR,1679388660000,2023-03-21 08:51:00,0.9308,0.9313,0.9308,0.9313,215.66
coinbase,USDCEUR,1679388900000,2023-03-21 08:55:00,0.9308,0.9313,0.9308,0.9313,236.41
coinbase,USDCEUR,1679353380000,2023-03-20 23:03:00,0.9318,0.9318,0.9311,0.9311,1337.32
coinbase,USDCEUR,1679353980000,2023-03-20 23:13:00,0.9315,0.9316,0.9315,0.9316,545.85
coinbase,USDCEUR,1679354700000,2023-03-20 23:25:00,0.9315,0.9315,0.9313,0.9313,65.4
coinbase,USDCEUR,1679355000000,2023-03-20 23:30:00,0.9315,0.9316,0.9315,0.9316,174.35
coinbase,USDCEUR,1679355060000,2023-03-20 23:31:00,0.9316,0.9316,0.9315,0.9315,63.72
coinbase,USDCEUR,1679355240000,2023-03-20 23:34:00,0.9315,0.9316,0.9315,0.9315,23.45
coinbase,USDCEUR,1679355420000,2023-03-20 23:37:00,0.9313,0.9313,0.9313,0.9313,76.12
coinbase,USDCEUR,1679355480000,2023-03-20 23:38:00,0.9312,0.9315,0.9312,0.9315,2
coinbase,USDCEUR,1679355600000,2023-03-20 23:40:00,0.9315,0.9315,0.9315,0.9315,60.24
coinbase,USDCEUR,1679355660000,2023-03-20 23:41:00,0.9312,0.9316,0.9312,0.9316,412.44
coinbase,USDCEUR,1679355720000,2023-03-20 23:42:00,0.9315,0.9316,0.9315,0.9316,267.96
coinbase,USDCEUR,1679355780000,2023-03-20 23:43:00,0.9315,0.9317,0.9315,0.9316,540.83
coinbase,USDCEUR,1679355900000,2023-03-20 23:45:00,0.9316,0.9318,0.9316,0.9317,88.88
coinbase,USDCEUR,1679356200000,2023-03-20 23:50:00,0.9317,0.9318,0.9317,0.9318,1389.79
coinbase,USDCEUR,1679356260000,2023-03-20 23:51:00,0.9317,0.9317,0.9317,0.9317,62.25
coinbase,USDCEUR,1679356680000,2023-03-20 23:58:00,0.9317,0.9317,0.9317,0.9317,117.91
coinbase,USDCEUR,1679357340000,2023-03-21 00:09:00,0.9321,0.9321,0.9317,0.9317,19.48
coinbase,USDCEUR,1679357580000,2023-03-21 00:13:00,0.9321,0.9321,0.9315,0.9315,16.24
coinbase,USDCEUR,1679357760000,2023-03-21 00:16:00,0.9315,0.9321,0.9315,0.9321,107.86
coinbase,USDCEUR,1679357820000,2023-03-21 00:17:00,0.9321,0.9321,0.9321,0.9321,61.21
coinbase,USDCEUR,1679358300000,2023-03-21 00:25:00,0.9321,0.9321,0.9321,0.9321,52.03
coinbase,USDCEUR,1679358360000,2023-03-21 00:26:00,0.9321,0.9321,0.9316,0.9316,36.32
coinbase,USDCEUR,1679358960000,2023-03-21 00:36:00,0.9321,0.9321,0.9316,0.9316,40.96
coinbase,USDCEUR,1679359680000,2023-03-21 00:48:00,0.9321,0.9325,0.9321,0.9324,364.93
coinbase,USDCEUR,1679360040000,2023-03-21 00:54:00,0.9317,0.9324,0.9317,0.9324,17.48
coinbase,USDCEUR,1679360820000,2023-03-21 01:07:00,0.9318,0.9324,0.9318,0.9324,35.3
coinbase,USDCEUR,1679361180000,2023-03-21 01:13:00,0.9324,0.9326,0.9324,0.9325,41.82
coinbase,USDCEUR,1679361360000,2023-03-21 01:16:00,0.9318,0.9324,0.9318,0.9324,247.19
coinbase,USDCEUR,1679362620000,2023-03-21 01:37:00,0.9319,0.9319,0.9318,0.9318,103.89
coinbase,USDCEUR,1679365260000,2023-03-21 02:21:00,0.9324,0.9324,0.9323,0.9323,76.94
coinbase,USDCEUR,1679365920000,2023-03-21 02:32:00,0.9323,0.9323,0.9319,0.9319,96.64
coinbase,USDCEUR,1679366340000,2023-03-21 02:39:00,0.932,0.932,0.9318,0.932,1684.21
coinbase,USDCEUR,1679366700000,2023-03-21 02:45:00,0.932,0.932,0.932,0.932,1841.23
coinbase,USDCEUR,1679366760000,2023-03-21 02:46:00,0.932,0.932,0.9319,0.9319,231.67
coinbase,USDCEUR,1679367120000,2023-03-21 02:52:00,0.9319,0.933,0.93,0.9317,32988.74
coinbase,USDCEUR,1679367180000,2023-03-21 02:53:00,0.9315,0.9319,0.9315,0.9318,319.27
coinbase,USDCEUR,1679367420000,2023-03-21 02:57:00,0.9318,0.9319,0.9317,0.9318,102.89
coinbase,USDCEUR,1679367720000,2023-03-21 03:02:00,0.9317,0.9318,0.9317,0.9318,53.06
coinbase,USDCEUR,1679367780000,2023-03-21 03:03:00,0.9315,0.9319,0.9315,0.9319,97.41
coinbase,USDCEUR,1679367840000,2023-03-21 03:04:00,0.9318,0.9318,0.9317,0.9317,103.38
coinbase,USDCEUR,1679367900000,2023-03-21 03:05:00,0.9318,0.9319,0.9318,0.9319,130.71
coinbase,USDCEUR,1679368080000,2023-03-21 03:08:00,0.9318,0.9318,0.9318,0.9318,62.28
coinbase,USDCEUR,1679368560000,2023-03-21 03:16:00,0.9318,0.9322,0.9318,0.9322,290.06
coinbase,USDCEUR,1679370780000,2023-03-21 03:53:00,0.9322,0.9322,0.9322,0.9322,4421.8
coinbase,USDCEUR,1679371140000,2023-03-21 03:59:00,0.9322,0.9326,0.9322,0.9326,186.72
coinbase,USDCEUR,1679335200000,2023-03-20 18:00:00,0.9323,0.9323,0.9323,0.9323,243.66
coinbase,USDCEUR,1679335320000,2023-03-20 18:02:00,0.9323,0.9323,0.9323,0.9323,338.1
coinbase,USDCEUR,1679335440000,2023-03-20 18:04:00,0.9324,0.9324,0.9319,0.9323,290.55
coinbase,USDCEUR,1679335800000,2023-03-20 18:10:00,0.932,0.932,0.9316,0.9319,1125.95
coinbase,USDCEUR,1679335980000,2023-03-20 18:13:00,0.9322,0.9322,0.9322,0.9322,163.89
coinbase,USDCEUR,1679336100000,2023-03-20 18:15:00,0.9321,0.9322,0.9321,0.9322,270.53
coinbase,USDCEUR,1679336280000,2023-03-20 18:18:00,0.9322,0.9329,0.9321,0.9329,2297.15
coinbase,USDCEUR,1679336640000,2023-03-20 18:24:00,0.9327,0.9328,0.9323,0.9323,120.74
coinbase,USDCEUR,1679336820000,2023-03-20 18:27:00,0.9323,0.9327,0.9323,0.9327,133.83
coinbase,USDCEUR,1679336940000,2023-03-20 18:29:00,0.9322,0.9322,0.9317,0.9322,1563.59
coinbase,USDCEUR,1679337300000,2023-03-20 18:35:00,0.9318,0.9321,0.9318,0.9321,24
coinbase,USDCEUR,1679337600000,2023-03-20 18:40:00,0.9321,0.9321,0.9321,0.9321,1.55
coinbase,USDCEUR,1679337660000,2023-03-20 18:41:00,0.9321,0.9321,0.9321,0.9321,3.31
coinbase,USDCEUR,1679338020000,2023-03-20 18:47:00,0.9317,0.9317,0.9316,0.9317,499.08
coinbase,USDCEUR,1679338320000,2023-03-20 18:52:00,0.9321,0.9322,0.9321,0.9321,660.38
coinbase,USDCEUR,1679338620000,2023-03-20 18:57:00,0.9321,0.9321,0.9321,0.9321,106.21
coinbase,USDCEUR,1679339520000,2023-03-20 19:12:00,0.9322,0.9322,0.9319,0.9319,907.05
coinbase,USDCEUR,1679339640000,2023-03-20 19:14:00,0.9319,0.9319,0.9319,0.9319,50
coinbase,USDCEUR,1679339820000,2023-03-20 19:17:00,0.932,0.932,0.932,0.932,9.52
coinbase,USDCEUR,1679339880000,2023-03-20 19:18:00,0.932,0.932,0.932,0.932,500.44
coinbase,USDCEUR,1679340120000,2023-03-20 19:22:00,0.9322,0.9322,0.9322,0.9322,477.48
coinbase,USDCEUR,1679340180000,2023-03-20 19:23:00,0.9322,0.9327,0.9321,0.9321,559.64
coinbase,USDCEUR,1679340480000,2023-03-20 19:28:00,0.9326,0.9326,0.9319,0.9319,1527.63
coinbase,USDCEUR,1679340600000,2023-03-20 19:30:00,0.932,0.932,0.9319,0.9319,1140.74
coinbase,USDCEUR,1679340720000,2023-03-20 19:32:00,0.9324,0.9324,0.9319,0.9319,149.25
coinbase,USDCEUR,1679341440000,2023-03-20 19:44:00,0.9324,0.9325,0.9323,0.9325,1358.44
coinbase,USDCEUR,1679341860000,2023-03-20 19:51:00,0.932,0.932,0.9316,0.9316,1110.65
coinbase,USDCEUR,1679342400000,2023-03-20 20:00:00,0.932,0.932,0.9316,0.9316,44.88
coinbase,USDCEUR,1679342760000,2023-03-20 20:06:00,0.9316,0.9317,0.9312,0.9317,662.63
coinbase,USDCEUR,1679343060000,2023-03-20 20:11:00,0.9316,0.9316,0.9316,0.9316,25.24
coinbase,USDCEUR,1679343360000,2023-03-20 20:16:00,0.9316,0.9318,0.9316,0.9318,550.51
coinbase,USDCEUR,1679343600000,2023-03-20 20:20:00,0.9317,0.9318,0.9317,0.9317,512
coinbase,USDCEUR,1679344260000,2023-03-20 20:31:00,0.9315,0.9315,0.9315,0.9315,7.95
coinbase,USDCEUR,1679344860000,2023-03-20 20:41:00,0.9317,0.9318,0.9317,0.9318,141.24
coinbase,USDCEUR,1679345100000,2023-03-20 20:45:00,0.9315,0.9315,0.9312,0.9312,373.38
coinbase,USDCEUR,1679345640000,2023-03-20 20:54:00,0.9317,0.9317,0.9317,0.9317,77.71
coinbase,USDCEUR,1679346060000,2023-03-20 21:01:00,0.9317,0.9317,0.9317,0.9317,9.33
coinbase,USDCEUR,1679346240000,2023-03-20 21:04:00,0.9317,0.9317,0.9316,0.9316,24.98
coinbase,USDCEUR,1679346300000,2023-03-20 21:05:00,0.9317,0.9318,0.9317,0.9318,3613.42
coinbase,USDCEUR,1679346360000,2023-03-20 21:06:00,0.9318,0.9318,0.9318,0.9318,2.43
coinbase,USDCEUR,1679346420000,2023-03-20 21:07:00,0.9318,0.9318,0.9317,0.9317,52.89
coinbase,USDCEUR,1679346480000,2023-03-20 21:08:00,0.9317,0.9317,0.9317,0.9317,111.89
coinbase,USDCEUR,1679346540000,2023-03-20 21:09:00,0.9317,0.9318,0.9316,0.9316,111.4
coinbase,USDCEUR,1679346600000,2023-03-20 21:10:00,0.9317,0.9317,0.9317,0.9317,72.08
coinbase,USDCEUR,1679346660000,2023-03-20 21:11:00,0.9317,0.9318,0.9317,0.9318,724.11
coinbase,USDCEUR,1679346900000,2023-03-20 21:15:00,0.9317,0.9317,0.9317,0.9317,56.01
coinbase,USDCEUR,1679346960000,2023-03-20 21:16:00,0.9317,0.9317,0.9316,0.9317,77.56
coinbase,USDCEUR,1679347080000,2023-03-20 21:18:00,0.9316,0.9317,0.9316,0.9317,45.99
coinbase,USDCEUR,1679347320000,2023-03-20 21:22:00,0.9317,0.9317,0.9317,0.9317,15.39
coinbase,USDCEUR,1679347380000,2023-03-20 21:23:00,0.9317,0.9317,0.9316,0.9316,33.08
coinbase,USDCEUR,1679347500000,2023-03-20 21:25:00,0.9317,0.9318,0.9317,0.9317,10.9
coinbase,USDCEUR,1679347920000,2023-03-20 21:32:00,0.9316,0.9316,0.9316,0.9316,25.31
coinbase,USDCEUR,1679348100000,2023-03-20 21:35:00,0.9317,0.9318,0.9317,0.9318,161.84
coinbase,USDCEUR,1679348220000,2023-03-20 21:37:00,0.9317,0.9318,0.9317,0.9318,263.35
coinbase,USDCEUR,1679348280000,2023-03-20 21:38:00,0.9318,0.9318,0.9318,0.9318,3.58
coinbase,USDCEUR,1679348340000,2023-03-20 21:39:00,0.9318,0.9318,0.9317,0.9317,254.63
coinbase,USDCEUR,1679348940000,2023-03-20 21:49:00,0.9318,0.9318,0.9317,0.9317,176.99
coinbase,USDCEUR,1679349120000,2023-03-20 21:52:00,0.9318,0.9318,0.9318,0.9318,2.64
coinbase,USDCEUR,1679349180000,2023-03-20 21:53:00,0.9318,0.9318,0.9318,0.9318,6.06
coinbase,USDCEUR,1679349540000,2023-03-20 21:59:00,0.9317,0.9318,0.9317,0.9318,45.6
coinbase,USDCEUR,1679349720000,2023-03-20 22:02:00,0.9317,0.9317,0.9317,0.9317,128.2
coinbase,USDCEUR,1679350260000,2023-03-20 22:11:00,0.9316,0.9318,0.9316,0.9318,13.55
coinbase,USDCEUR,1679350860000,2023-03-20 22:21:00,0.9318,0.9318,0.9318,0.9318,42.46
coinbase,USDCEUR,1679351100000,2023-03-20 22:25:00,0.9318,0.9318,0.9318,0.9318,1.85
coinbase,USDCEUR,1679351220000,2023-03-20 22:27:00,0.9318,0.9318,0.9318,0.9318,321.15
coinbase,USDCEUR,1679351280000,2023-03-20 22:28:00,0.9318,0.9318,0.9318,0.9318,2307.8
coinbase,USDCEUR,1679351700000,2023-03-20 22:35:00,0.9316,0.9316,0.9316,0.9316,791.75
coinbase,USDCEUR,1679352660000,2023-03-20 22:51:00,0.9318,0.9318,0.9318,0.9318,124.54
coinbase,USDCEUR,1679352840000,2023-03-20 22:54:00,0.9318,0.9318,0.9318,0.9318,757.19
coinbase,USDCEUR,1679352960000,2023-03-20 22:56:00,0.9318,0.9318,0.9318,0.9318,4.71
coinbase,USDCEUR,1679317500000,2023-03-20 13:05:00,0.9339,0.9339,0.9336,0.9336,1531.71
coinbase,USDCEUR,1679317860000,2023-03-20 13:11:00,0.9336,0.9336,0.9336,0.9336,2910.82
coinbase,USDCEUR,1679318040000,2023-03-20 13:14:00,0.9336,0.9336,0.9333,0.9333,71.75
coinbase,USDCEUR,1679318400000,2023-03-20 13:20:00,0.9332,0.9332,0.9328,0.9328,350.23
coinbase,USDCEUR,1679319000000,2023-03-20 13:30:00,0.9329,0.9329,0.9327,0.9327,14.86
coinbase,USDCEUR,1679319180000,2023-03-20 13:33:00,0.9327,0.9327,0.9326,0.9326,318.63
coinbase,USDCEUR,1679319240000,2023-03-20 13:34:00,0.9326,0.9326,0.9326,0.9326,0.02
coinbase,USDCEUR,1679319420000,2023-03-20 13:37:00,0.9329,0.933,0.9319,0.9319,80.82
coinbase,USDCEUR,1679319900000,2023-03-20 13:45:00,0.9321,0.9322,0.9319,0.9319,147.49
coinbase,USDCEUR,1679320380000,2023-03-20 13:53:00,0.9319,0.932,0.9318,0.9318,41.41
coinbase,USDCEUR,1679320500000,2023-03-20 13:55:00,0.9322,0.9322,0.9322,0.9322,62.12
coinbase,USDCEUR,1679320680000,2023-03-20 13:58:00,0.9322,0.9322,0.932,0.932,136.81
coinbase,USDCEUR,1679320920000,2023-03-20 14:02:00,0.9322,0.9329,0.9322,0.9328,34.44
coinbase,USDCEUR,1679321640000,2023-03-20 14:14:00,0.9328,0.9328,0.9328,0.9328,34.15
coinbase,USDCEUR,1679322120000,2023-03-20 14:22:00,0.9328,0.933,0.9328,0.9329,1.97
coinbase,USDCEUR,1679322240000,2023-03-20 14:24:00,0.933,0.933,0.9324,0.9324,1048.25
coinbase,USDCEUR,1679322600000,2023-03-20 14:30:00,0.9323,0.9324,0.932,0.9324,2121.4
coinbase,USDCEUR,1679322720000,2023-03-20 14:32:00,0.9324,0.9329,0.9324,0.9327,233.87
coinbase,USDCEUR,1679323080000,2023-03-20 14:38:00,0.9326,0.9326,0.9326,0.9326,27.66
coinbase,USDCEUR,1679323320000,2023-03-20 14:42:00,0.9327,0.9328,0.9327,0.9328,5466.08
coinbase,USDCEUR,1679324040000,2023-03-20 14:54:00,0.9329,0.933,0.9329,0.933,79.37
coinbase,USDCEUR,1679324100000,2023-03-20 14:55:00,0.9329,0.9329,0.9328,0.9328,154.19
coinbase,USDCEUR,1679324160000,2023-03-20 14:56:00,0.933,0.933,0.9328,0.9328,167.13
coinbase,USDCEUR,1679324220000,2023-03-20 14:57:00,0.9328,0.9328,0.9328,0.9328,4566.27
coinbase,USDCEUR,1679324340000,2023-03-20 14:59:00,0.9328,0.9329,0.9328,0.9328,3503.36
coinbase,USDCEUR,1679324400000,2023-03-20 15:00:00,0.9328,0.9328,0.9328,0.9328,1047.85
coinbase,USDCEUR,1679324580000,2023-03-20 15:03:00,0.9328,0.9328,0.9328,0.9328,5296.88
coinbase,USDCEUR,1679324760000,2023-03-20 15:06:00,0.9328,0.9328,0.9328,0.9328,1647.66
coinbase,USDCEUR,1679324880000,2023-03-20 15:08:00,0.9328,0.933,0.9328,0.933,2654.22
coinbase,USDCEUR,1679325120000,2023-03-20 15:12:00,0.9329,0.933,0.9329,0.9329,110.6
coinbase,USDCEUR,1679325480000,2023-03-20 15:18:00,0.933,0.933,0.9329,0.9329,1903.35
coinbase,USDCEUR,1679325780000,2023-03-20 15:23:00,0.9325,0.933,0.9325,0.9327,14731.06
coinbase,USDCEUR,1679325840000,2023-03-20 15:24:00,0.9327,0.9327,0.9325,0.9325,168.92
coinbase,USDCEUR,1679326500000,2023-03-20 15:35:00,0.9325,0.9325,0.9325,0.9325,7.8
coinbase,USDCEUR,1679326560000,2023-03-20 15:36:00,0.9325,0.9325,0.9325,0.9325,133.16
coinbase,USDCEUR,1679326800000,2023-03-20 15:40:00,0.9325,0.9327,0.9323,0.9326,449.22
coinbase,USDCEUR,1679326920000,2023-03-20 15:42:00,0.9326,0.9327,0.9324,0.9324,1187.35
coinbase,USDCEUR,1679326980000,2023-03-20 15:43:00,0.9326,0.9327,0.9326,0.9327,514.9
coinbase,USDCEUR,1679327040000,2023-03-20 15:44:00,0.9324,0.9324,0.9324,0.9324,21.6
coinbase,USDCEUR,1679327160000,2023-03-20 15:46:00,0.9326,0.9327,0.9326,0.9327,137.04
coinbase,USDCEUR,1679327280000,2023-03-20 15:48:00,0.9327,0.9327,0.9319,0.9324,2453.76
coinbase,USDCEUR,1679327340000,2023-03-20 15:49:00,0.9324,0.9324,0.9324,0.9324,2243.62
coinbase,USDCEUR,1679327520000,2023-03-20 15:52:00,0.9324,0.9324,0.9321,0.9321,1053.4
coinbase,USDCEUR,1679327580000,2023-03-20 15:53:00,0.9323,0.9324,0.9323,0.9324,523.8
coinbase,USDCEUR,1679327640000,2023-03-20 15:54:00,0.9324,0.9324,0.9324,0.9324,91.24
coinbase,USDCEUR,1679327700000,2023-03-20 15:55:00,0.9324,0.9324,0.9324,0.9324,458.65
coinbase,USDCEUR,1679327760000,2023-03-20 15:56:00,0.9318,0.9324,0.9318,0.9324,165.95
coinbase,USDCEUR,1679327880000,2023-03-20 15:58:00,0.9324,0.9324,0.9324,0.9324,50.69
coinbase,USDCEUR,1679328000000,2023-03-20 16:00:00,0.9319,0.9319,0.9318,0.9318,146.69
coinbase,USDCEUR,1679328300000,2023-03-20 16:05:00,0.9318,0.9324,0.9318,0.9324,64.94
coinbase,USDCEUR,1679328480000,2023-03-20 16:08:00,0.9324,0.9324,0.9324,0.9324,180.2
coinbase,USDCEUR,1679328720000,2023-03-20 16:12:00,0.9324,0.9324,0.9324,0.9324,209.57
coinbase,USDCEUR,1679328780000,2023-03-20 16:13:00,0.9321,0.9324,0.9321,0.9324,30.39
coinbase,USDCEUR,1679328840000,2023-03-20 16:14:00,0.9319,0.9325,0.9319,0.9325,1866.84
coinbase,USDCEUR,1679329080000,2023-03-20 16:18:00,0.9324,0.9327,0.9322,0.9327,1356.12
coinbase,USDCEUR,1679329140000,2023-03-20 16:19:00,0.9324,0.9327,0.9324,0.9326,750
coinbase,USDCEUR,1679329200000,2023-03-20 16:20:00,0.9326,0.9327,0.9326,0.9326,426.88
coinbase,USDCEUR,1679329260000,2023-03-20 16:21:00,0.9326,0.9327,0.9324,0.9324,2953.76
coinbase,USDCEUR,1679329320000,2023-03-20 16:22:00,0.9326,0.9327,0.9326,0.9327,2155.78
coinbase,USDCEUR,1679329380000,2023-03-20 16:23:00,0.9327,0.933,0.9326,0.933,686
coinbase,USDCEUR,1679329440000,2023-03-20 16:24:00,0.933,0.933,0.9326,0.9326,135.37
coinbase,USDCEUR,1679329500000,2023-03-20 16:25:00,0.9326,0.9329,0.9326,0.9329,332.9
coinbase,USDCEUR,1679329620000,2023-03-20 16:27:00,0.9329,0.9329,0.9329,0.9329,333.98
coinbase,USDCEUR,1679329680000,2023-03-20 16:28:00,0.9329,0.933,0.9329,0.9329,233.15
coinbase,USDCEUR,1679329800000,2023-03-20 16:30:00,0.9325,0.9325,0.9323,0.9323,144.01
coinbase,USDCEUR,1679330040000,2023-03-20 16:34:00,0.9328,0.933,0.9324,0.9324,433.83
coinbase,USDCEUR,1679330160000,2023-03-20 16:36:00,0.9323,0.9323,0.9321,0.9322,165.08
coinbase,USDCEUR,1679330220000,2023-03-20 16:37:00,0.9322,0.9322,0.9322,0.9322,113.21
coinbase,USDCEUR,1679330280000,2023-03-20 16:38:00,0.9322,0.9322,0.9322,0.9322,84.88
coinbase,USDCEUR,1679330340000,2023-03-20 16:39:00,0.9322,0.9322,0.9322,0.9322,720.48
coinbase,USDCEUR,1679330400000,2023-03-20 16:40:00,0.9322,0.9322,0.9322,0.9322,120.79
coinbase,USDCEUR,1679330520000,2023-03-20 16:42:00,0.9322,0.9327,0.9322,0.9327,840.22
coinbase,USDCEUR,1679330640000,2023-03-20 16:44:00,0.9321,0.9321,0.932,0.932,107.34
coinbase,USDCEUR,1679330820000,2023-03-20 16:47:00,0.932,0.932,0.9319,0.9319,143.79
coinbase,USDCEUR,1679330880000,2023-03-20 16:48:00,0.9325,0.9325,0.9325,0.9325,9.59
coinbase,USDCEUR,1679330940000,2023-03-20 16:49:00,0.932,0.932,0.932,0.932,224.24
coinbase,USDCEUR,1679331000000,2023-03-20 16:50:00,0.932,0.932,0.9319,0.9319,294.22
coinbase,USDCEUR,1679331180000,2023-03-20 16:53:00,0.9324,0.9324,0.9318,0.9318,529.66
coinbase,USDCEUR,1679331420000,2023-03-20 16:57:00,0.9319,0.9321,0.9319,0.9321,236.75
coinbase,USDCEUR,1679332080000,2023-03-20 17:08:00,0.9322,0.9322,0.9322,0.9322,34.13
coinbase,USDCEUR,1679332320000,2023-03-20 17:12:00,0.9322,0.9322,0.9318,0.9318,31.67
coinbase,USDCEUR,1679332440000,2023-03-20 17:14:00,0.9318,0.9322,0.9318,0.9322,179.06
coinbase,USDCEUR,1679332560000,2023-03-20 17:16:00,0.9322,0.9322,0.9321,0.9321,156.67
coinbase,USDCEUR,1679332740000,2023-03-20 17:19:00,0.9321,0.9323,0.9321,0.9323,250.38
coinbase,USDCEUR,1679333340000,2023-03-20 17:29:00,0.9323,0.9324,0.9323,0.9324,169.2
coinbase,USDCEUR,1679333640000,2023-03-20 17:34:00,0.9324,0.9325,0.9324,0.9325,297.08
coinbase,USDCEUR,1679333760000,2023-03-20 17:36:00,0.9325,0.9325,0.9325,0.9325,346.81
coinbase,USDCEUR,1679333880000,2023-03-20 17:38:00,0.932,0.9324,0.932,0.9324,34.98
coinbase,USDCEUR,1679334000000,2023-03-20 17:40:00,0.9324,0.9325,0.9324,0.9325,149.52
coinbase,USDCEUR,1679334120000,2023-03-20 17:42:00,0.9324,0.9324,0.9319,0.9319,16.47
coinbase,USDCEUR,1679334420000,2023-03-20 17:47:00,0.932,0.932,0.9317,0.9317,1509.95
coinbase,USDCEUR,1679334840000,2023-03-20 17:54:00,0.9322,0.9322,0.9322,0.9322,39.45
coinbase,USDCEUR,1679334900000,2023-03-20 17:55:00,0.9317,0.9324,0.9317,0.9322,547.04
coinbase,USDCEUR,1679335140000,2023-03-20 17:59:00,0.9322,0.9323,0.9322,0.9323,67.34
coinbase,USDCEUR,1679335200000,2023-03-20 18:00:00,0.9323,0.9323,0.9323,0.9323,243.66
coinbase,USDCEUR,1679299320000,2023-03-20 08:02:00,0.9381,0.9381,0.9381,0.9381,508.47
coinbase,USDCEUR,1679299560000,2023-03-20 08:06:00,0.9377,0.9377,0.9377,0.9377,75.62
coinbase,USDCEUR,1679299920000,2023-03-20 08:12:00,0.9381,0.9381,0.9381,0.9381,3.8
coinbase,USDCEUR,1679299980000,2023-03-20 08:13:00,0.9381,0.9393,0.9381,0.9393,5178.07
coinbase,USDCEUR,1679300340000,2023-03-20 08:19:00,0.9393,0.9394,0.9393,0.9394,67.12
coinbase,USDCEUR,1679300400000,2023-03-20 08:20:00,0.939,0.939,0.9388,0.9389,1490.87
coinbase,USDCEUR,1679300460000,2023-03-20 08:21:00,0.9389,0.9389,0.9383,0.9389,5458.28
coinbase,USDCEUR,1679300640000,2023-03-20 08:24:00,0.9388,0.9394,0.9388,0.9394,348.63
coinbase,USDCEUR,1679301000000,2023-03-20 08:30:00,0.939,0.9397,0.939,0.9397,1383.07
coinbase,USDCEUR,1679301300000,2023-03-20 08:35:00,0.9397,0.94,0.9397,0.94,9603.93
coinbase,USDCEUR,1679301420000,2023-03-20 08:37:00,0.94,0.94,0.94,0.94,2370.45
coinbase,USDCEUR,1679301480000,2023-03-20 08:38:00,0.94,0.94,0.94,0.94,159.74
coinbase,USDCEUR,1679301540000,2023-03-20 08:39:00,0.94,0.94,0.94,0.94,291.24
coinbase,USDCEUR,1679301720000,2023-03-20 08:42:00,0.94,0.94,0.94,0.94,2710.64
coinbase,USDCEUR,1679301780000,2023-03-20 08:43:00,0.94,0.94,0.94,0.94,6735.76
coinbase,USDCEUR,1679301840000,2023-03-20 08:44:00,0.94,0.94,0.94,0.94,5757.85
coinbase,USDCEUR,1679301900000,2023-03-20 08:45:00,0.94,0.94,0.94,0.94,25807.96
coinbase,USDCEUR,1679301960000,2023-03-20 08:46:00,0.94,0.94,0.9397,0.9397,40776.48
coinbase,USDCEUR,1679302020000,2023-03-20 08:47:00,0.9397,0.9397,0.939,0.939,11233.74
coinbase,USDCEUR,1679302260000,2023-03-20 08:51:00,0.939,0.9396,0.939,0.9396,322.65
coinbase,USDCEUR,1679302320000,2023-03-20 08:52:00,0.9396,0.9399,0.939,0.939,2830.85
coinbase,USDCEUR,1679302440000,2023-03-20 08:54:00,0.939,0.939,0.9385,0.9386,1438.98
coinbase,USDCEUR,1679302620000,2023-03-20 08:57:00,0.9386,0.9386,0.9384,0.9384,4
coinbase,USDCEUR,1679302680000,2023-03-20 08:58:00,0.9385,0.9386,0.9384,0.9384,774.1
coinbase,USDCEUR,1679302740000,2023-03-20 08:59:00,0.9385,0.9385,0.9385,0.9385,68.57
coinbase,USDCEUR,1679302980000,2023-03-20 09:03:00,0.9385,0.9385,0.9382,0.9383,274.44
coinbase,USDCEUR,1679303220000,2023-03-20 09:07:00,0.9383,0.9385,0.9379,0.9385,664.13
coinbase,USDCEUR,1679303520000,2023-03-20 09:12:00,0.938,0.938,0.938,0.938,570.48
coinbase,USDCEUR,1679303880000,2023-03-20 09:18:00,0.938,0.938,0.938,0.938,18.2
coinbase,USDCEUR,1679304060000,2023-03-20 09:21:00,0.938,0.938,0.938,0.938,348.58
coinbase,USDCEUR,1679304120000,2023-03-20 09:22:00,0.938,0.938,0.938,0.938,3997.6
coinbase,USDCEUR,1679304180000,2023-03-20 09:23:00,0.938,0.938,0.938,0.938,112.01
coinbase,USDCEUR,1679304300000,2023-03-20 09:25:00,0.938,0.938,0.938,0.938,69.16
coinbase,USDCEUR,1679304360000,2023-03-20 09:26:00,0.938,0.938,0.938,0.938,9.1
coinbase,USDCEUR,1679304720000,2023-03-20 09:32:00,0.938,0.938,0.938,0.938,6.14
coinbase,USDCEUR,1679304840000,2023-03-20 09:34:00,0.9379,0.9379,0.9378,0.9378,480.04
coinbase,USDCEUR,1679305260000,2023-03-20 09:41:00,0.9378,0.9378,0.9377,0.9377,16.11
coinbase,USDCEUR,1679305500000,2023-03-20 09:45:00,0.9377,0.9379,0.9377,0.9379,54.75
coinbase,USDCEUR,1679305740000,2023-03-20 09:49:00,0.9379,0.9381,0.9377,0.9377,2353.22
coinbase,USDCEUR,1679305860000,2023-03-20 09:51:00,0.9377,0.938,0.9376,0.9378,381.8
coinbase,USDCEUR,1679305920000,2023-03-20 09:52:00,0.9376,0.9376,0.9375,0.9375,20.06
coinbase,USDCEUR,1679306100000,2023-03-20 09:55:00,0.9375,0.9375,0.9374,0.9374,2221.64
coinbase,USDCEUR,1679306160000,2023-03-20 09:56:00,0.9371,0.9374,0.9371,0.9374,139.79
coinbase,USDCEUR,1679306220000,2023-03-20 09:57:00,0.9371,0.9371,0.9368,0.9368,5.56
coinbase,USDCEUR,1679306760000,2023-03-20 10:06:00,0.9368,0.9372,0.9368,0.9372,327.09
coinbase,USDCEUR,1679306820000,2023-03-20 10:07:00,0.9372,0.9372,0.9365,0.9365,534.76
coinbase,USDCEUR,1679306880000,2023-03-20 10:08:00,0.9365,0.9366,0.9364,0.9366,88.56
coinbase,USDCEUR,1679306940000,2023-03-20 10:09:00,0.9366,0.9366,0.9365,0.9365,37.56
coinbase,USDCEUR,1679307060000,2023-03-20 10:11:00,0.9365,0.9365,0.9365,0.9365,43.06
coinbase,USDCEUR,1679307120000,2023-03-20 10:12:00,0.9365,0.9366,0.9363,0.9363,191.83
coinbase,USDCEUR,1679307420000,2023-03-20 10:17:00,0.9363,0.9364,0.9361,0.9364,136.7
coinbase,USDCEUR,1679308020000,2023-03-20 10:27:00,0.9364,0.9364,0.9364,0.9364,19.46
coinbase,USDCEUR,1679308080000,2023-03-20 10:28:00,0.9364,0.9364,0.9364,0.9364,14.13
coinbase,USDCEUR,1679308140000,2023-03-20 10:29:00,0.9364,0.9364,0.9364,0.9364,1075.82
coinbase,USDCEUR,1679308200000,2023-03-20 10:30:00,0.9364,0.9364,0.9364,0.9364,9919.7
coinbase,USDCEUR,1679308260000,2023-03-20 10:31:00,0.9364,0.9364,0.9364,0.9364,3097.95
coinbase,USDCEUR,1679308320000,2023-03-20 10:32:00,0.9364,0.9364,0.9364,0.9364,1260.73
coinbase,USDCEUR,1679308380000,2023-03-20 10:33:00,0.9365,0.9365,0.9356,0.9356,6198.71
coinbase,USDCEUR,1679308500000,2023-03-20 10:35:00,0.9356,0.9356,0.9356,0.9356,104.95
coinbase,USDCEUR,1679308800000,2023-03-20 10:40:00,0.9356,0.9356,0.9351,0.9351,86.15
coinbase,USDCEUR,1679309160000,2023-03-20 10:46:00,0.9355,0.9355,0.9351,0.9351,541.84
coinbase,USDCEUR,1679309340000,2023-03-20 10:49:00,0.9351,0.9351,0.9348,0.9348,31.16
coinbase,USDCEUR,1679309400000,2023-03-20 10:50:00,0.9348,0.9348,0.9348,0.9348,7.03
coinbase,USDCEUR,1679309460000,2023-03-20 10:51:00,0.9348,0.935,0.9348,0.935,82.59
coinbase,USDCEUR,1679309580000,2023-03-20 10:53:00,0.935,0.935,0.935,0.935,37.66
coinbase,USDCEUR,1679310240000,2023-03-20 11:04:00,0.935,0.935,0.9349,0.9349,1574.94
coinbase,USDCEUR,1679310660000,2023-03-20 11:11:00,0.9353,0.9353,0.9348,0.9353,69.69
coinbase,USDCEUR,1679310900000,2023-03-20 11:15:00,0.9353,0.9353,0.9353,0.9353,3.23
coinbase,USDCEUR,1679311020000,2023-03-20 11:17:00,0.9349,0.9349,0.9337,0.9348,3641.95
coinbase,USDCEUR,1679311500000,2023-03-20 11:25:00,0.9348,0.9348,0.9348,0.9348,25.67
coinbase,USDCEUR,1679311560000,2023-03-20 11:26:00,0.9345,0.9347,0.9344,0.9347,35.74
coinbase,USDCEUR,1679312100000,2023-03-20 11:35:00,0.9345,0.9345,0.934,0.9344,748.13
coinbase,USDCEUR,1679312280000,2023-03-20 11:38:00,0.9341,0.9351,0.9341,0.9351,272.75
coinbase,USDCEUR,1679312820000,2023-03-20 11:47:00,0.935,0.935,0.9348,0.9348,154.45
coinbase,USDCEUR,1679313240000,2023-03-20 11:54:00,0.9341,0.9341,0.9341,0.9341,64.13
coinbase,USDCEUR,1679313360000,2023-03-20 11:56:00,0.9341,0.9341,0.9318,0.9333,9692.01
coinbase,USDCEUR,1679313480000,2023-03-20 11:58:00,0.9326,0.9326,0.9326,0.9326,10.08
coinbase,USDCEUR,1679313540000,2023-03-20 11:59:00,0.9327,0.9334,0.9327,0.9334,27.87
coinbase,USDCEUR,1679313780000,2023-03-20 12:03:00,0.9334,0.9334,0.9334,0.9334,185.07
coinbase,USDCEUR,1679313840000,2023-03-20 12:04:00,0.9334,0.9334,0.9333,0.9333,122.98
coinbase,USDCEUR,1679314260000,2023-03-20 12:11:00,0.9334,0.9338,0.9334,0.9338,284.49
coinbase,USDCEUR,1679314320000,2023-03-20 12:12:00,0.9336,0.9337,0.9336,0.9337,153.85
coinbase,USDCEUR,1679314440000,2023-03-20 12:14:00,0.9337,0.9337,0.9333,0.9333,79.85
coinbase,USDCEUR,1679314560000,2023-03-20 12:16:00,0.9337,0.9339,0.9336,0.9336,1157.88
coinbase,USDCEUR,1679314800000,2023-03-20 12:20:00,0.9336,0.9337,0.9336,0.9337,1052.47
coinbase,USDCEUR,1679314920000,2023-03-20 12:22:00,0.9334,0.9335,0.9332,0.9335,616.66
coinbase,USDCEUR,1679315100000,2023-03-20 12:25:00,0.9336,0.9337,0.9333,0.9333,271.76
coinbase,USDCEUR,1679315760000,2023-03-20 12:36:00,0.9333,0.9333,0.9327,0.9327,170.7
coinbase,USDCEUR,1679316000000,2023-03-20 12:40:00,0.9327,0.9327,0.9327,0.9327,551.77
coinbase,USDCEUR,1679316120000,2023-03-20 12:42:00,0.9333,0.9341,0.9333,0.9341,8564.39
coinbase,USDCEUR,1679316240000,2023-03-20 12:44:00,0.9331,0.9331,0.933,0.933,282.73
coinbase,USDCEUR,1679316300000,2023-03-20 12:45:00,0.9333,0.9338,0.9333,0.9338,58.12
coinbase,USDCEUR,1679316360000,2023-03-20 12:46:00,0.9332,0.9333,0.9331,0.9333,422.54
coinbase,USDCEUR,1679316540000,2023-03-20 12:49:00,0.9333,0.9333,0.933,0.933,30.07
coinbase,USDCEUR,1679316660000,2023-03-20 12:51:00,0.9332,0.9332,0.9332,0.9332,9.54
coinbase,USDCEUR,1679316960000,2023-03-20 12:56:00,0.9337,0.9341,0.9336,0.9341,199.01
coinbase,USDCEUR,1679281380000,2023-03-20 03:03:00,0.936,0.9361,0.936,0.9361,322.43
coinbase,USDCEUR,1679281740000,2023-03-20 03:09:00,0.9362,0.9363,0.9362,0.9363,424.95
coinbase,USDCEUR,1679282160000,2023-03-20 03:16:00,0.9364,0.9365,0.9364,0.9365,505.8
coinbase,USDCEUR,1679282220000,2023-03-20 03:17:00,0.9365,0.9366,0.9365,0.9366,568.57
coinbase,USDCEUR,1679282700000,2023-03-20 03:25:00,0.9364,0.9364,0.936,0.9364,1452.86
coinbase,USDCEUR,1679282940000,2023-03-20 03:29:00,0.9365,0.9365,0.9364,0.9364,115.67
coinbase,USDCEUR,1679283000000,2023-03-20 03:30:00,0.9362,0.9365,0.9361,0.9365,1128.44
coinbase,USDCEUR,1679283060000,2023-03-20 03:31:00,0.9365,0.9367,0.9365,0.9367,118.32
coinbase,USDCEUR,1679283180000,2023-03-20 03:33:00,0.9367,0.9367,0.9364,0.9364,571.56
coinbase,USDCEUR,1679283300000,2023-03-20 03:35:00,0.9364,0.9371,0.9364,0.9371,850.82
coinbase,USDCEUR,1679283540000,2023-03-20 03:39:00,0.9371,0.9371,0.9369,0.9369,10.56
coinbase,USDCEUR,1679283660000,2023-03-20 03:41:00,0.9369,0.9369,0.9369,0.9369,128.21
coinbase,USDCEUR,1679283960000,2023-03-20 03:46:00,0.9369,0.9369,0.9362,0.9363,613.62
coinbase,USDCEUR,1679284200000,2023-03-20 03:50:00,0.9367,0.9368,0.9367,0.9368,324.38
coinbase,USDCEUR,1679284320000,2023-03-20 03:52:00,0.9368,0.9371,0.9368,0.9371,415.03
coinbase,USDCEUR,1679284560000,2023-03-20 03:56:00,0.9365,0.9365,0.9365,0.9365,48.01
coinbase,USDCEUR,1679284920000,2023-03-20 04:02:00,0.937,0.9371,0.9366,0.9366,1647.5
coinbase,USDCEUR,1679285160000,2023-03-20 04:06:00,0.9366,0.9366,0.9363,0.9363,837.53
coinbase,USDCEUR,1679285580000,2023-03-20 04:13:00,0.9365,0.9369,0.9365,0.9369,67.91
coinbase,USDCEUR,1679287980000,2023-03-20 04:53:00,0.9365,0.9365,0.9365,0.9365,5.21
coinbase,USDCEUR,1679288340000,2023-03-20 04:59:00,0.937,0.937,0.9366,0.9366,26.68
coinbase,USDCEUR,1679289060000,2023-03-20 05:11:00,0.9369,0.9369,0.9369,0.9369,1.32
coinbase,USDCEUR,1679289300000,2023-03-20 05:15:00,0.937,0.937,0.937,0.937,129.29
coinbase,USDCEUR,1679289420000,2023-03-20 05:17:00,0.937,0.937,0.9369,0.9369,42.19
coinbase,USDCEUR,1679289960000,2023-03-20 05:26:00,0.9369,0.9369,0.9368,0.9368,14.24
coinbase,USDCEUR,1679290200000,2023-03-20 05:30:00,0.9366,0.937,0.9366,0.937,463.27
coinbase,USDCEUR,1679290740000,2023-03-20 05:39:00,0.9367,0.9368,0.9367,0.9368,2306.58
coinbase,USDCEUR,1679290860000,2023-03-20 05:41:00,0.9369,0.9369,0.9365,0.9365,1241.96
coinbase,USDCEUR,1679291340000,2023-03-20 05:49:00,0.9368,0.9368,0.9368,0.9368,4.65
coinbase,USDCEUR,1679291760000,2023-03-20 05:56:00,0.9367,0.9367,0.9365,0.9365,319.13
coinbase,USDCEUR,1679292060000,2023-03-20 06:01:00,0.9368,0.9368,0.9368,0.9368,132.44
coinbase,USDCEUR,1679292720000,2023-03-20 06:12:00,0.9368,0.9368,0.9368,0.9368,249.96
coinbase,USDCEUR,1679292900000,2023-03-20 06:15:00,0.9369,0.9369,0.9369,0.9369,1655.3
coinbase,USDCEUR,1679293080000,2023-03-20 06:18:00,0.9369,0.9372,0.9369,0.9372,831.75
coinbase,USDCEUR,1679293140000,2023-03-20 06:19:00,0.9372,0.9374,0.9372,0.9373,475.6
coinbase,USDCEUR,1679293740000,2023-03-20 06:29:00,0.9375,0.9375,0.9375,0.9375,13.89
coinbase,USDCEUR,1679293920000,2023-03-20 06:32:00,0.9375,0.9376,0.9375,0.9376,156.11
coinbase,USDCEUR,1679293980000,2023-03-20 06:33:00,0.9377,0.9377,0.9377,0.9377,857.79
coinbase,USDCEUR,1679294100000,2023-03-20 06:35:00,0.9377,0.9377,0.9377,0.9377,65.87
coinbase,USDCEUR,1679294220000,2023-03-20 06:37:00,0.9377,0.9377,0.9376,0.9376,309.76
coinbase,USDCEUR,1679294400000,2023-03-20 06:40:00,0.9377,0.9377,0.9377,0.9377,101.63
coinbase,USDCEUR,1679295300000,2023-03-20 06:55:00,0.9377,0.9377,0.9377,0.9377,120.18
coinbase,USDCEUR,1679295600000,2023-03-20 07:00:00,0.9377,0.9377,0.9376,0.9377,261.16
coinbase,USDCEUR,1679295720000,2023-03-20 07:02:00,0.9377,0.9382,0.9377,0.9382,2807.68
coinbase,USDCEUR,1679295780000,2023-03-20 07:03:00,0.9381,0.9382,0.9381,0.9382,104.3
coinbase,USDCEUR,1679295840000,2023-03-20 07:04:00,0.9385,0.9385,0.9385,0.9385,63.91
coinbase,USDCEUR,1679295900000,2023-03-20 07:05:00,0.938,0.9393,0.9379,0.9393,256.34
coinbase,USDCEUR,1679296140000,2023-03-20 07:09:00,0.9393,0.9393,0.9391,0.9391,104.6
coinbase,USDCEUR,1679296560000,2023-03-20 07:16:00,0.9386,0.9386,0.9386,0.9386,26.91
coinbase,USDCEUR,1679296680000,2023-03-20 07:18:00,0.9386,0.9386,0.9386,0.9386,41.82
coinbase,USDCEUR,1679296860000,2023-03-20 07:21:00,0.9386,0.9386,0.9386,0.9386,0.01
coinbase,USDCEUR,1679296920000,2023-03-20 07:22:00,0.938,0.938,0.938,0.938,199.05
coinbase,USDCEUR,1679297160000,2023-03-20 07:26:00,0.938,0.938,0.9377,0.9377,1388.03
coinbase,USDCEUR,1679297280000,2023-03-20 07:28:00,0.9377,0.9378,0.9376,0.9378,306.95
coinbase,USDCEUR,1679297400000,2023-03-20 07:30:00,0.9378,0.938,0.9377,0.938,641.69
coinbase,USDCEUR,1679297460000,2023-03-20 07:31:00,0.938,0.938,0.9377,0.9377,134.07
coinbase,USDCEUR,1679298720000,2023-03-20 07:52:00,0.938,0.938,0.938,0.938,384.73
coinbase,USDCEUR,1679263380000,2023-03-19 22:03:00,0.9355,0.9355,0.9355,0.9355,133.18
coinbase,USDCEUR,1679263560000,2023-03-19 22:06:00,0.9357,0.936,0.9356,0.9356,216.88
coinbase,USDCEUR,1679264460000,2023-03-19 22:21:00,0.936,0.936,0.9357,0.9357,52.57
coinbase,USDCEUR,1679264880000,2023-03-19 22:28:00,0.936,0.936,0.9357,0.9357,268.14
coinbase,USDCEUR,1679265000000,2023-03-19 22:30:00,0.9356,0.936,0.9356,0.936,22.58
coinbase,USDCEUR,1679265180000,2023-03-19 22:33:00,0.936,0.9362,0.936,0.9362,316.41
coinbase,USDCEUR,1679265300000,2023-03-19 22:35:00,0.9362,0.9362,0.9362,0.9362,549.33
coinbase,USDCEUR,1679265360000,2023-03-19 22:36:00,0.9363,0.9365,0.9363,0.9365,818.68
coinbase,USDCEUR,1679265420000,2023-03-19 22:37:00,0.9365,0.9365,0.9363,0.9363,566.07
coinbase,USDCEUR,1679265780000,2023-03-19 22:43:00,0.9363,0.9363,0.9359,0.9359,1120.08
coinbase,USDCEUR,1679266080000,2023-03-19 22:48:00,0.936,0.936,0.936,0.936,12.11
coinbase,USDCEUR,1679266200000,2023-03-19 22:50:00,0.936,0.9363,0.936,0.9363,155.42
coinbase,USDCEUR,1679266260000,2023-03-19 22:51:00,0.9364,0.9366,0.9364,0.9365,599.74
coinbase,USDCEUR,1679266680000,2023-03-19 22:58:00,0.937,0.937,0.937,0.937,347.09
coinbase,USDCEUR,1679266860000,2023-03-19 23:01:00,0.937,0.9372,0.937,0.9372,705.24
coinbase,USDCEUR,1679266980000,2023-03-19 23:03:00,0.937,0.937,0.9369,0.9369,236.5
coinbase,USDCEUR,1679267760000,2023-03-19 23:16:00,0.9366,0.9366,0.9365,0.9365,469.6
coinbase,USDCEUR,1679267940000,2023-03-19 23:19:00,0.9365,0.9365,0.9363,0.9363,884.8
coinbase,USDCEUR,1679268000000,2023-03-19 23:20:00,0.9363,0.9363,0.936,0.9361,1052.14
coinbase,USDCEUR,1679268060000,2023-03-19 23:21:00,0.9364,0.9368,0.9364,0.9368,137.35
coinbase,USDCEUR,1679268180000,2023-03-19 23:23:00,0.9366,0.9366,0.936,0.936,694.1
coinbase,USDCEUR,1679268240000,2023-03-19 23:24:00,0.9361,0.9361,0.936,0.9361,101.98
coinbase,USDCEUR,1679268300000,2023-03-19 23:25:00,0.9361,0.9361,0.9361,0.9361,6.57
coinbase,USDCEUR,1679268360000,2023-03-19 23:26:00,0.9361,0.9363,0.9359,0.9363,174.02
coinbase,USDCEUR,1679268600000,2023-03-19 23:30:00,0.9361,0.9361,0.936,0.936,97.77
coinbase,USDCEUR,1679268660000,2023-03-19 23:31:00,0.9364,0.9365,0.9363,0.9365,163.25
coinbase,USDCEUR,1679268900000,2023-03-19 23:35:00,0.9364,0.9364,0.9364,0.9364,5.16
coinbase,USDCEUR,1679268960000,2023-03-19 23:36:00,0.9365,0.9365,0.9365,0.9365,68.47
coinbase,USDCEUR,1679269680000,2023-03-19 23:48:00,0.9363,0.9364,0.9363,0.9364,1259.82
coinbase,USDCEUR,1679269740000,2023-03-19 23:49:00,0.9363,0.9364,0.9363,0.9364,541.29
coinbase,USDCEUR,1679269800000,2023-03-19 23:50:00,0.9363,0.9363,0.9363,0.9363,110.93
coinbase,USDCEUR,1679269860000,2023-03-19 23:51:00,0.9363,0.9363,0.9362,0.9362,118.19
coinbase,USDCEUR,1679270160000,2023-03-19 23:56:00,0.9366,0.9366,0.9366,0.9366,1.93
coinbase,USDCEUR,1679270400000,2023-03-20 00:00:00,0.9366,0.9367,0.9362,0.9362,409.6
coinbase,USDCEUR,1679270520000,2023-03-20 00:02:00,0.9364,0.9364,0.9364,0.9364,8.64
coinbase,USDCEUR,1679270760000,2023-03-20 00:06:00,0.9366,0.9366,0.9365,0.9365,37.88
coinbase,USDCEUR,1679270880000,2023-03-20 00:08:00,0.9365,0.9365,0.9363,0.9363,5.54
coinbase,USDCEUR,1679271000000,2023-03-20 00:10:00,0.9366,0.9366,0.9363,0.9363,206.95
coinbase,USDCEUR,1679271240000,2023-03-20 00:14:00,0.9363,0.9366,0.9362,0.9362,12.39
coinbase,USDCEUR,1679271420000,2023-03-20 00:17:00,0.9364,0.9365,0.9363,0.9363,162.91
coinbase,USDCEUR,1679271480000,2023-03-20 00:18:00,0.9364,0.9365,0.9364,0.9365,117.04
coinbase,USDCEUR,1679271600000,2023-03-20 00:20:00,0.9363,0.9364,0.9362,0.9364,117.6
coinbase,USDCEUR,1679271660000,2023-03-20 00:21:00,0.9365,0.9365,0.9362,0.9362,450.68
coinbase,USDCEUR,1679271720000,2023-03-20 00:22:00,0.9364,0.9365,0.9364,0.9365,351.86
coinbase,USDCEUR,1679271840000,2023-03-20 00:24:00,0.9364,0.9364,0.9364,0.9364,127.88
coinbase,USDCEUR,1679271900000,2023-03-20 00:25:00,0.9364,0.9365,0.9364,0.9365,298.22
coinbase,USDCEUR,1679272080000,2023-03-20 00:28:00,0.9365,0.9365,0.9362,0.9362,1337.81
coinbase,USDCEUR,1679272200000,2023-03-20 00:30:00,0.9364,0.9365,0.9364,0.9364,27.15
coinbase,USDCEUR,1679272320000,2023-03-20 00:32:00,0.9361,0.9364,0.9361,0.9364,170.85
coinbase,USDCEUR,1679272380000,2023-03-20 00:33:00,0.9363,0.9363,0.9359,0.9359,65.43
coinbase,USDCEUR,1679272440000,2023-03-20 00:34:00,0.9363,0.9363,0.9363,0.9363,35.91
coinbase,USDCEUR,1679272500000,2023-03-20 00:35:00,0.9363,0.9363,0.9359,0.9359,243.12
coinbase,USDCEUR,1679272560000,2023-03-20 00:36:00,0.9359,0.9359,0.9352,0.9353,1237.58
coinbase,USDCEUR,1679272620000,2023-03-20 00:37:00,0.9352,0.9357,0.9351,0.9351,1368.08
coinbase,USDCEUR,1679272800000,2023-03-20 00:40:00,0.9356,0.9356,0.9356,0.9356,52.55
coinbase,USDCEUR,1679273100000,2023-03-20 00:45:00,0.9356,0.9356,0.9356,0.9356,66.54
coinbase,USDCEUR,1679273700000,2023-03-20 00:55:00,0.9356,0.9358,0.9356,0.9358,173.72
coinbase,USDCEUR,1679274120000,2023-03-20 01:02:00,0.9358,0.936,0.9357,0.9357,161.28
coinbase,USDCEUR,1679274900000,2023-03-20 01:15:00,0.9358,0.9358,0.9357,0.9357,2917.42
coinbase,USDCEUR,1679275020000,2023-03-20 01:17:00,0.9357,0.9357,0.9349,0.9349,1497.15
coinbase,USDCEUR,1679275260000,2023-03-20 01:21:00,0.9356,0.9356,0.9349,0.9349,117.04
coinbase,USDCEUR,1679275620000,2023-03-20 01:27:00,0.9348,0.9348,0.9348,0.9348,10.27
coinbase,USDCEUR,1679275740000,2023-03-20 01:29:00,0.9353,0.9353,0.9348,0.9352,36.24
coinbase,USDCEUR,1679276340000,2023-03-20 01:39:00,0.935,0.9353,0.935,0.9353,71.83
coinbase,USDCEUR,1679276400000,2023-03-20 01:40:00,0.9353,0.9358,0.9353,0.9357,585.35
coinbase,USDCEUR,1679276460000,2023-03-20 01:41:00,0.9357,0.936,0.9357,0.936,763.69
coinbase,USDCEUR,1679276520000,2023-03-20 01:42:00,0.936,0.9362,0.936,0.9362,195.92
coinbase,USDCEUR,1679277720000,2023-03-20 02:02:00,0.9362,0.9362,0.9361,0.9361,221.14
coinbase,USDCEUR,1679277960000,2023-03-20 02:06:00,0.9361,0.9361,0.9356,0.9356,6.18
coinbase,USDCEUR,1679278260000,2023-03-20 02:11:00,0.9356,0.936,0.9356,0.936,421.3
coinbase,USDCEUR,1679278800000,2023-03-20 02:20:00,0.936,0.936,0.9356,0.9356,14.24
coinbase,USDCEUR,1679279520000,2023-03-20 02:32:00,0.9358,0.936,0.9358,0.936,60.02
coinbase,USDCEUR,1679279580000,2023-03-20 02:33:00,0.936,0.9361,0.936,0.9361,51.29
coinbase,USDCEUR,1679280060000,2023-03-20 02:41:00,0.9358,0.9358,0.9356,0.9356,152.35
coinbase,USDCEUR,1679280300000,2023-03-20 02:45:00,0.9356,0.936,0.9356,0.936,54.05
coinbase,USDCEUR,1679280840000,2023-03-20 02:54:00,0.936,0.936,0.936,0.936,6.59
coinbase,USDCEUR,1679245980000,2023-03-19 17:13:00,0.9359,0.9363,0.9359,0.9363,288.51
coinbase,USDCEUR,1679246040000,2023-03-19 17:14:00,0.9359,0.9359,0.9359,0.9359,23.86
coinbase,USDCEUR,1679246160000,2023-03-19 17:16:00,0.9359,0.9359,0.9359,0.9359,184.38
coinbase,USDCEUR,1679246220000,2023-03-19 17:17:00,0.9359,0.9359,0.9359,0.9359,261.05
coinbase,USDCEUR,1679246340000,2023-03-19 17:19:00,0.9359,0.9359,0.9359,0.9359,199.59
coinbase,USDCEUR,1679246460000,2023-03-19 17:21:00,0.9358,0.9358,0.9358,0.9358,399.96
coinbase,USDCEUR,1679246700000,2023-03-19 17:25:00,0.9357,0.9359,0.9355,0.9359,204.24
coinbase,USDCEUR,1679247240000,2023-03-19 17:34:00,0.9358,0.9358,0.9355,0.9358,267.62
coinbase,USDCEUR,1679247360000,2023-03-19 17:36:00,0.9358,0.936,0.9358,0.9359,795.84
coinbase,USDCEUR,1679247540000,2023-03-19 17:39:00,0.9359,0.9359,0.9356,0.9356,247.05
coinbase,USDCEUR,1679247720000,2023-03-19 17:42:00,0.9359,0.9359,0.9359,0.9359,337.16
coinbase,USDCEUR,1679247780000,2023-03-19 17:43:00,0.9359,0.9359,0.9359,0.9359,540.98
coinbase,USDCEUR,1679247840000,2023-03-19 17:44:00,0.9359,0.9359,0.9359,0.9359,163.61
coinbase,USDCEUR,1679247960000,2023-03-19 17:46:00,0.936,0.936,0.9359,0.9359,1263.33
coinbase,USDCEUR,1679248080000,2023-03-19 17:48:00,0.9359,0.9359,0.9359,0.9359,776.29
coinbase,USDCEUR,1679248200000,2023-03-19 17:50:00,0.9359,0.9359,0.9359,0.9359,1109.64
coinbase,USDCEUR,1679248380000,2023-03-19 17:53:00,0.9359,0.9359,0.9359,0.9359,23.97
coinbase,USDCEUR,1679248500000,2023-03-19 17:55:00,0.9359,0.9361,0.9359,0.9361,156.64
coinbase,USDCEUR,1679248740000,2023-03-19 17:59:00,0.9361,0.9363,0.9361,0.9363,451.04
coinbase,USDCEUR,1679249160000,2023-03-19 18:06:00,0.9361,0.9363,0.9361,0.9363,22.92
coinbase,USDCEUR,1679249520000,2023-03-19 18:12:00,0.9363,0.9366,0.9363,0.9366,373.79
coinbase,USDCEUR,1679249880000,2023-03-19 18:18:00,0.9366,0.9366,0.9366,0.9366,5.01
coinbase,USDCEUR,1679251020000,2023-03-19 18:37:00,0.9366,0.9366,0.9364,0.9364,122.06
coinbase,USDCEUR,1679251380000,2023-03-19 18:43:00,0.9364,0.9364,0.9364,0.9364,3.47
coinbase,USDCEUR,1679251440000,2023-03-19 18:44:00,0.9364,0.9364,0.9364,0.9364,16.24
coinbase,USDCEUR,1679251920000,2023-03-19 18:52:00,0.9366,0.9366,0.9366,0.9366,60.77
coinbase,USDCEUR,1679252040000,2023-03-19 18:54:00,0.9366,0.9366,0.9366,0.9366,310.08
coinbase,USDCEUR,1679253120000,2023-03-19 19:12:00,0.9364,0.9364,0.9364,0.9364,235.6
coinbase,USDCEUR,1679253540000,2023-03-19 19:19:00,0.9364,0.9364,0.9363,0.9363,2755.22
coinbase,USDCEUR,1679253840000,2023-03-19 19:24:00,0.9362,0.9362,0.9356,0.9356,1592.53
coinbase,USDCEUR,1679254200000,2023-03-19 19:30:00,0.9361,0.9361,0.9361,0.9361,67.11
coinbase,USDCEUR,1679254860000,2023-03-19 19:41:00,0.9361,0.9361,0.9357,0.9357,284.46
coinbase,USDCEUR,1679255040000,2023-03-19 19:44:00,0.9357,0.9362,0.9357,0.9362,81.22
coinbase,USDCEUR,1679255100000,2023-03-19 19:45:00,0.9362,0.9363,0.9356,0.9357,731.77
coinbase,USDCEUR,1679255160000,2023-03-19 19:46:00,0.9356,0.9356,0.9356,0.9356,254.91
coinbase,USDCEUR,1679255280000,2023-03-19 19:48:00,0.9356,0.9356,0.9354,0.9354,900.95
coinbase,USDCEUR,1679255340000,2023-03-19 19:49:00,0.9354,0.9359,0.9354,0.9358,95.87
coinbase,USDCEUR,1679255460000,2023-03-19 19:51:00,0.9358,0.936,0.9355,0.9355,75.87
coinbase,USDCEUR,1679255640000,2023-03-19 19:54:00,0.9355,0.9355,0.9354,0.9354,119.08
coinbase,USDCEUR,1679255700000,2023-03-19 19:55:00,0.9354,0.9362,0.9354,0.9362,50.45
coinbase,USDCEUR,1679256180000,2023-03-19 20:03:00,0.9358,0.9358,0.9358,0.9358,146.49
coinbase,USDCEUR,1679256480000,2023-03-19 20:08:00,0.9358,0.9358,0.9358,0.9358,7.93
coinbase,USDCEUR,1679256540000,2023-03-19 20:09:00,0.9358,0.9362,0.9358,0.9358,187.77
coinbase,USDCEUR,1679256720000,2023-03-19 20:12:00,0.9358,0.9361,0.9358,0.9361,187.04
coinbase,USDCEUR,1679256960000,2023-03-19 20:16:00,0.9359,0.9359,0.9359,0.9359,79.88
coinbase,USDCEUR,1679257020000,2023-03-19 20:17:00,0.9359,0.9361,0.9358,0.9358,75.25
coinbase,USDCEUR,1679257920000,2023-03-19 20:32:00,0.9362,0.9362,0.9346,0.9361,3063.53
coinbase,USDCEUR,1679258340000,2023-03-19 20:39:00,0.9361,0.9361,0.9355,0.9355,362.45
coinbase,USDCEUR,1679258400000,2023-03-19 20:40:00,0.9354,0.9355,0.9354,0.9355,1005.3
coinbase,USDCEUR,1679259240000,2023-03-19 20:54:00,0.9354,0.9354,0.9354,0.9354,902.01
coinbase,USDCEUR,1679259960000,2023-03-19 21:06:00,0.9354,0.9355,0.9354,0.9355,81.85
coinbase,USDCEUR,1679260020000,2023-03-19 21:07:00,0.9355,0.9355,0.9354,0.9354,125.64
coinbase,USDCEUR,1679260140000,2023-03-19 21:09:00,0.9355,0.9355,0.9355,0.9355,190.63
coinbase,USDCEUR,1679261160000,2023-03-19 21:26:00,0.9358,0.9358,0.9357,0.9357,138.37
coinbase,USDCEUR,1679227200000,2023-03-19 12:00:00,0.935,0.9353,0.935,0.9353,1662.15
coinbase,USDCEUR,1679227560000,2023-03-19 12:06:00,0.935,0.9352,0.9347,0.9347,57.05
coinbase,USDCEUR,1679227800000,2023-03-19 12:10:00,0.9352,0.9352,0.9352,0.9352,3.55
coinbase,USDCEUR,1679228040000,2023-03-19 12:14:00,0.9348,0.9352,0.9348,0.9352,10.66
coinbase,USDCEUR,1679228400000,2023-03-19 12:20:00,0.9352,0.9352,0.9352,0.9352,54
coinbase,USDCEUR,1679228580000,2023-03-19 12:23:00,0.9352,0.9353,0.9352,0.9353,6.86
coinbase,USDCEUR,1679229120000,2023-03-19 12:32:00,0.9353,0.9356,0.9353,0.9355,283.27
coinbase,USDCEUR,1679229180000,2023-03-19 12:33:00,0.9355,0.9355,0.9355,0.9355,43.18
coinbase,USDCEUR,1679229360000,2023-03-19 12:36:00,0.9355,0.9355,0.9355,0.9355,86.36
coinbase,USDCEUR,1679229720000,2023-03-19 12:42:00,0.9355,0.9355,0.9355,0.9355,55.28
coinbase,USDCEUR,1679229900000,2023-03-19 12:45:00,0.9355,0.9357,0.9355,0.9357,1045.54
coinbase,USDCEUR,1679230020000,2023-03-19 12:47:00,0.9356,0.9356,0.9356,0.9356,66.63
coinbase,USDCEUR,1679230500000,2023-03-19 12:55:00,0.9358,0.9358,0.9357,0.9357,50.17
coinbase,USDCEUR,1679230620000,2023-03-19 12:57:00,0.9358,0.9358,0.9357,0.9357,51.13
coinbase,USDCEUR,1679230680000,2023-03-19 12:58:00,0.9358,0.9358,0.9358,0.9358,90.79
coinbase,USDCEUR,1679230740000,2023-03-19 12:59:00,0.9358,0.9358,0.9358,0.9358,226.26
coinbase,USDCEUR,1679230800000,2023-03-19 13:00:00,0.9358,0.9358,0.9358,0.9358,92.56
coinbase,USDCEUR,1679230860000,2023-03-19 13:01:00,0.9358,0.9358,0.9352,0.9357,73.03
coinbase,USDCEUR,1679230920000,2023-03-19 13:02:00,0.9357,0.9357,0.9357,0.9357,116.53
coinbase,USDCEUR,1679231040000,2023-03-19 13:04:00,0.9357,0.9358,0.9357,0.9358,98.12
coinbase,USDCEUR,1679231220000,2023-03-19 13:07:00,0.9354,0.9357,0.9354,0.9357,110.29
coinbase,USDCEUR,1679231340000,2023-03-19 13:09:00,0.9355,0.9357,0.9355,0.9357,101.5
coinbase,USDCEUR,1679231400000,2023-03-19 13:10:00,0.9355,0.9357,0.9355,0.9357,4.16
coinbase,USDCEUR,1679231520000,2023-03-19 13:12:00,0.9357,0.9357,0.9355,0.9355,161.71
coinbase,USDCEUR,1679231580000,2023-03-19 13:13:00,0.9355,0.9357,0.9354,0.9357,306.22
coinbase,USDCEUR,1679231640000,2023-03-19 13:14:00,0.9356,0.9357,0.9355,0.9355,309.51
coinbase,USDCEUR,1679231760000,2023-03-19 13:16:00,0.9355,0.9355,0.9353,0.9353,72.17
coinbase,USDCEUR,1679231820000,2023-03-19 13:17:00,0.9354,0.9356,0.9354,0.9356,10.21
coinbase,USDCEUR,1679231880000,2023-03-19 13:18:00,0.9356,0.9357,0.9356,0.9357,212.76
coinbase,USDCEUR,1679232060000,2023-03-19 13:21:00,0.9356,0.9356,0.9355,0.9355,15.26
coinbase,USDCEUR,1679232180000,2023-03-19 13:23:00,0.9356,0.9356,0.9355,0.9355,92.34
coinbase,USDCEUR,1679232300000,2023-03-19 13:25:00,0.9356,0.9356,0.9354,0.9354,34.2
coinbase,USDCEUR,1679232480000,2023-03-19 13:28:00,0.9354,0.9354,0.9354,0.9354,42.46
coinbase,USDCEUR,1679232540000,2023-03-19 13:29:00,0.9356,0.9357,0.9354,0.9354,115.45
coinbase,USDCEUR,1679232780000,2023-03-19 13:33:00,0.9353,0.9357,0.9353,0.9354,55
coinbase,USDCEUR,1679233020000,2023-03-19 13:37:00,0.9356,0.9357,0.9356,0.9357,363.57
coinbase,USDCEUR,1679233500000,2023-03-19 13:45:00,0.9357,0.9357,0.9357,0.9357,136.12
coinbase,USDCEUR,1679233560000,2023-03-19 13:46:00,0.9357,0.9357,0.9356,0.9356,130.91
coinbase,USDCEUR,1679233620000,2023-03-19 13:47:00,0.9357,0.9357,0.9357,0.9357,195.54
coinbase,USDCEUR,1679233680000,2023-03-19 13:48:00,0.9357,0.9357,0.9357,0.9357,139.05
coinbase,USDCEUR,1679233740000,2023-03-19 13:49:00,0.9357,0.9357,0.9357,0.9357,108.71
coinbase,USDCEUR,1679233920000,2023-03-19 13:52:00,0.9357,0.9357,0.9357,0.9357,767.38
coinbase,USDCEUR,1679234040000,2023-03-19 13:54:00,0.9357,0.9357,0.9357,0.9357,2094.2
coinbase,USDCEUR,1679234100000,2023-03-19 13:55:00,0.9357,0.9357,0.9357,0.9357,101.36
coinbase,USDCEUR,1679234220000,2023-03-19 13:57:00,0.9356,0.9356,0.9356,0.9356,10.55
coinbase,USDCEUR,1679234280000,2023-03-19 13:58:00,0.9357,0.9357,0.9357,0.9357,1268.21
coinbase,USDCEUR,1679234400000,2023-03-19 14:00:00,0.9355,0.9357,0.9355,0.9355,12.65
coinbase,USDCEUR,1679234460000,2023-03-19 14:01:00,0.9355,0.9357,0.9355,0.9357,68.9
coinbase,USDCEUR,1679235180000,2023-03-19 14:13:00,0.9357,0.9357,0.9357,0.9357,46.96
coinbase,USDCEUR,1679235240000,2023-03-19 14:14:00,0.9357,0.9357,0.9357,0.9357,3.24
coinbase,USDCEUR,1679236200000,2023-03-19 14:30:00,0.9355,0.9355,0.9355,0.9355,157.32
coinbase,USDCEUR,1679236440000,2023-03-19 14:34:00,0.9354,0.9355,0.934,0.934,9045.32
coinbase,USDCEUR,1679236740000,2023-03-19 14:39:00,0.9348,0.9353,0.9348,0.9353,352.91
coinbase,USDCEUR,1679236860000,2023-03-19 14:41:00,0.9353,0.9353,0.9353,0.9353,29.98
coinbase,USDCEUR,1679237820000,2023-03-19 14:57:00,0.9353,0.9353,0.9353,0.9353,568.44
coinbase,USDCEUR,1679237940000,2023-03-19 14:59:00,0.9353,0.9354,0.9353,0.9353,369.81
coinbase,USDCEUR,1679238240000,2023-03-19 15:04:00,0.9353,0.9357,0.9353,0.9357,1421.9
coinbase,USDCEUR,1679238900000,2023-03-19 15:15:00,0.9354,0.9354,0.935,0.935,2137.99
coinbase,USDCEUR,1679239260000,2023-03-19 15:21:00,0.935,0.9356,0.935,0.9356,69.76
coinbase,USDCEUR,1679239620000,2023-03-19 15:27:00,0.9355,0.9357,0.9352,0.9352,1086.7
coinbase,USDCEUR,1679240400000,2023-03-19 15:40:00,0.9357,0.9357,0.9357,0.9357,2788.83
coinbase,USDCEUR,1679240460000,2023-03-19 15:41:00,0.9355,0.9355,0.9355,0.9355,11.08
coinbase,USDCEUR,1679240760000,2023-03-19 15:46:00,0.9357,0.9357,0.9357,0.9357,1612.42
coinbase,USDCEUR,1679241060000,2023-03-19 15:51:00,0.9354,0.9358,0.9354,0.9358,45.3
coinbase,USDCEUR,1679241420000,2023-03-19 15:57:00,0.9358,0.9358,0.9358,0.9358,1193.38
coinbase,USDCEUR,1679241600000,2023-03-19 16:00:00,0.9354,0.9361,0.9354,0.9361,1111.52
coinbase,USDCEUR,1679241660000,2023-03-19 16:01:00,0.9361,0.9361,0.9359,0.9359,1062.42
coinbase,USDCEUR,1679242920000,2023-03-19 16:22:00,0.9361,0.9361,0.9361,0.9361,348.42
coinbase,USDCEUR,1679243220000,2023-03-19 16:27:00,0.9362,0.9366,0.9362,0.9366,2261.61
coinbase,USDCEUR,1679243460000,2023-03-19 16:31:00,0.9366,0.9366,0.9366,0.9366,387.73
coinbase,USDCEUR,1679243580000,2023-03-19 16:33:00,0.9366,0.9366,0.9358,0.9365,3312.29
coinbase,USDCEUR,1679244000000,2023-03-19 16:40:00,0.9359,0.9365,0.9359,0.9365,45.14
coinbase,USDCEUR,1679244060000,2023-03-19 16:41:00,0.9365,0.9365,0.9365,0.9365,0.01
coinbase,USDCEUR,1679244180000,2023-03-19 16:43:00,0.9367,0.9367,0.9367,0.9367,26.29
coinbase,USDCEUR,1679244540000,2023-03-19 16:49:00,0.9361,0.9361,0.936,0.936,767.33
coinbase,USDCEUR,1679244600000,2023-03-19 16:50:00,0.9359,0.9364,0.9359,0.9364,477.92
coinbase,USDCEUR,1679245020000,2023-03-19 16:57:00,0.9359,0.9359,0.9359,0.9359,66.54
coinbase,USDCEUR,1679209320000,2023-03-19 07:02:00,0.936,0.936,0.9354,0.9354,782.72
coinbase,USDCEUR,1679209560000,2023-03-19 07:06:00,0.9358,0.9359,0.9358,0.9359,86.54
coinbase,USDCEUR,1679209980000,2023-03-19 07:13:00,0.9357,0.936,0.9356,0.9356,342.57
coinbase,USDCEUR,1679210160000,2023-03-19 07:16:00,0.9356,0.9359,0.9356,0.9359,209.65
coinbase,USDCEUR,1679210460000,2023-03-19 07:21:00,0.9355,0.9355,0.9353,0.9353,837.19
coinbase,USDCEUR,1679210700000,2023-03-19 07:25:00,0.9357,0.9357,0.9356,0.9357,107.95
coinbase,USDCEUR,1679210880000,2023-03-19 07:28:00,0.9357,0.9357,0.9357,0.9357,318.03
coinbase,USDCEUR,1679210940000,2023-03-19 07:29:00,0.9357,0.9357,0.9357,0.9357,130.09
coinbase,USDCEUR,1679211060000,2023-03-19 07:31:00,0.9356,0.9357,0.9356,0.9357,160.22
coinbase,USDCEUR,1679211240000,2023-03-19 07:34:00,0.9357,0.9357,0.9357,0.9357,98.52
coinbase,USDCEUR,1679211600000,2023-03-19 07:40:00,0.9357,0.9357,0.9351,0.9351,257.75
coinbase,USDCEUR,1679212800000,2023-03-19 08:00:00,0.9356,0.9356,0.9356,0.9356,12.79
coinbase,USDCEUR,1679213100000,2023-03-19 08:05:00,0.9355,0.9355,0.9355,0.9355,60.05
coinbase,USDCEUR,1679213160000,2023-03-19 08:06:00,0.9355,0.9355,0.9355,0.9355,174.43
coinbase,USDCEUR,1679213400000,2023-03-19 08:10:00,0.9352,0.9354,0.935,0.9354,215.16
coinbase,USDCEUR,1679213760000,2023-03-19 08:16:00,0.9354,0.9354,0.9353,0.9353,126.83
coinbase,USDCEUR,1679214960000,2023-03-19 08:36:00,0.9353,0.9354,0.9353,0.9354,565.86
coinbase,USDCEUR,1679216040000,2023-03-19 08:54:00,0.9354,0.9355,0.9354,0.9355,42.02
coinbase,USDCEUR,1679216580000,2023-03-19 09:03:00,0.9355,0.9358,0.9355,0.9358,41.24
coinbase,USDCEUR,1679217360000,2023-03-19 09:16:00,0.9358,0.9358,0.9358,0.9358,343.25
coinbase,USDCEUR,1679217420000,2023-03-19 09:17:00,0.9359,0.936,0.9358,0.936,997.33
coinbase,USDCEUR,1679217480000,2023-03-19 09:18:00,0.9359,0.936,0.9359,0.936,269.77
coinbase,USDCEUR,1679217540000,2023-03-19 09:19:00,0.936,0.936,0.936,0.936,109.77
coinbase,USDCEUR,1679217960000,2023-03-19 09:26:00,0.936,0.936,0.9359,0.9359,382.46
coinbase,USDCEUR,1679218020000,2023-03-19 09:27:00,0.9359,0.9361,0.9357,0.936,1014.14
coinbase,USDCEUR,1679218080000,2023-03-19 09:28:00,0.936,0.9361,0.9358,0.9358,532.35
coinbase,USDCEUR,1679218140000,2023-03-19 09:29:00,0.9357,0.9361,0.9357,0.9361,115.74
coinbase,USDCEUR,1679218380000,2023-03-19 09:33:00,0.9361,0.9361,0.9361,0.9361,4.51
coinbase,USDCEUR,1679218440000,2023-03-19 09:34:00,0.9357,0.9361,0.9357,0.9361,241.46
coinbase,USDCEUR,1679218740000,2023-03-19 09:39:00,0.9361,0.9361,0.9342,0.9358,8362.42
coinbase,USDCEUR,1679218860000,2023-03-19 09:41:00,0.9358,0.9358,0.9353,0.9353,65.05
coinbase,USDCEUR,1679219520000,2023-03-19 09:52:00,0.9349,0.9353,0.9348,0.9348,15.64
coinbase,USDCEUR,1679219940000,2023-03-19 09:59:00,0.9349,0.935,0.9332,0.9349,12870.37
coinbase,USDCEUR,1679220000000,2023-03-19 10:00:00,0.9348,0.9348,0.9345,0.9346,2573.36
coinbase,USDCEUR,1679220060000,2023-03-19 10:01:00,0.9348,0.935,0.9348,0.9349,405.17
coinbase,USDCEUR,1679220480000,2023-03-19 10:08:00,0.9349,0.935,0.9349,0.935,319.91
coinbase,USDCEUR,1679220540000,2023-03-19 10:09:00,0.935,0.935,0.935,0.935,457.25
coinbase,USDCEUR,1679220600000,2023-03-19 10:10:00,0.935,0.935,0.935,0.935,1335.54
coinbase,USDCEUR,1679220660000,2023-03-19 10:11:00,0.935,0.935,0.935,0.935,741.06
coinbase,USDCEUR,1679220780000,2023-03-19 10:13:00,0.935,0.935,0.935,0.935,379.49
coinbase,USDCEUR,1679221140000,2023-03-19 10:19:00,0.935,0.935,0.935,0.935,7.99
coinbase,USDCEUR,1679221200000,2023-03-19 10:20:00,0.935,0.935,0.935,0.935,5.32
coinbase,USDCEUR,1679221320000,2023-03-19 10:22:00,0.935,0.935,0.9349,0.9349,1518.53
coinbase,USDCEUR,1679221560000,2023-03-19 10:26:00,0.935,0.935,0.935,0.935,13.84
coinbase,USDCEUR,1679221620000,2023-03-19 10:27:00,0.935,0.935,0.935,0.935,730.99
coinbase,USDCEUR,1679221680000,2023-03-19 10:28:00,0.935,0.935,0.935,0.935,3215.27
coinbase,USDCEUR,1679222100000,2023-03-19 10:35:00,0.935,0.935,0.935,0.935,1900.09
coinbase,USDCEUR,1679222220000,2023-03-19 10:37:00,0.935,0.935,0.935,0.935,520.96
coinbase,USDCEUR,1679222340000,2023-03-19 10:39:00,0.935,0.935,0.935,0.935,707.82
coinbase,USDCEUR,1679222460000,2023-03-19 10:41:00,0.935,0.935,0.935,0.935,1270.87
coinbase,USDCEUR,1679222640000,2023-03-19 10:44:00,0.935,0.935,0.9346,0.9346,8.16
coinbase,USDCEUR,1679222760000,2023-03-19 10:46:00,0.935,0.935,0.9349,0.9349,2078.31
coinbase,USDCEUR,1679222820000,2023-03-19 10:47:00,0.9349,0.935,0.9349,0.935,63.94
coinbase,USDCEUR,1679223060000,2023-03-19 10:51:00,0.935,0.935,0.935,0.935,114.98
coinbase,USDCEUR,1679223360000,2023-03-19 10:56:00,0.935,0.935,0.935,0.935,114.67
coinbase,USDCEUR,1679223420000,2023-03-19 10:57:00,0.935,0.935,0.935,0.935,149.27
coinbase,USDCEUR,1679223540000,2023-03-19 10:59:00,0.935,0.935,0.935,0.935,10.82
coinbase,USDCEUR,1679223600000,2023-03-19 11:00:00,0.935,0.935,0.935,0.935,5803.97
coinbase,USDCEUR,1679223660000,2023-03-19 11:01:00,0.935,0.935,0.935,0.935,2097.54
coinbase,USDCEUR,1679223720000,2023-03-19 11:02:00,0.935,0.935,0.935,0.935,205.4
coinbase,USDCEUR,1679223780000,2023-03-19 11:03:00,0.935,0.935,0.935,0.935,1173.04
coinbase,USDCEUR,1679223840000,2023-03-19 11:04:00,0.935,0.935,0.935,0.935,701.69
coinbase,USDCEUR,1679223900000,2023-03-19 11:05:00,0.935,0.935,0.9348,0.935,1316.91
coinbase,USDCEUR,1679223960000,2023-03-19 11:06:00,0.935,0.935,0.935,0.935,410.01
coinbase,USDCEUR,1679224140000,2023-03-19 11:09:00,0.935,0.935,0.935,0.935,86.68
coinbase,USDCEUR,1679224260000,2023-03-19 11:11:00,0.935,0.935,0.935,0.935,50.3
coinbase,USDCEUR,1679224320000,2023-03-19 11:12:00,0.935,0.935,0.935,0.935,1219.13
coinbase,USDCEUR,1679224440000,2023-03-19 11:14:00,0.935,0.935,0.935,0.935,1045.01
coinbase,USDCEUR,1679224620000,2023-03-19 11:17:00,0.935,0.9351,0.935,0.9351,633.85
coinbase,USDCEUR,1679224860000,2023-03-19 11:21:00,0.9351,0.9355,0.9351,0.9354,876.32
coinbase,USDCEUR,1679225520000,2023-03-19 11:32:00,0.9354,0.9355,0.9354,0.9354,129.05
coinbase,USDCEUR,1679226420000,2023-03-19 11:47:00,0.9352,0.9352,0.9351,0.9351,1080.91
coinbase,USDCEUR,1679226480000,2023-03-19 11:48:00,0.9351,0.9351,0.9345,0.9347,4132.86
coinbase,USDCEUR,1679226780000,2023-03-19 11:53:00,0.935,0.9351,0.935,0.9351,68.97
coinbase,USDCEUR,1679227200000,2023-03-19 12:00:00,0.935,0.9353,0.935,0.9353,1662.15
coinbase,USDCEUR,1679191560000,2023-03-19 02:06:00,0.9359,0.936,0.9359,0.936,2662.98
coinbase,USDCEUR,1679193300000,2023-03-19 02:35:00,0.936,0.936,0.9356,0.9356,61.61
coinbase,USDCEUR,1679194020000,2023-03-19 02:47:00,0.9355,0.9358,0.9355,0.9356,56.55
coinbase,USDCEUR,1679196060000,2023-03-19 03:21:00,0.9356,0.9356,0.9356,0.9356,4
coinbase,USDCEUR,1679196600000,2023-03-19 03:30:00,0.936,0.936,0.9356,0.9356,2.86
coinbase,USDCEUR,1679196840000,2023-03-19 03:34:00,0.9359,0.9361,0.9359,0.9361,115.22
coinbase,USDCEUR,1679198580000,2023-03-19 04:03:00,0.9357,0.9361,0.9357,0.9361,63.72
coinbase,USDCEUR,1679198940000,2023-03-19 04:09:00,0.9361,0.9361,0.9355,0.9355,592.85
coinbase,USDCEUR,1679199000000,2023-03-19 04:10:00,0.9356,0.936,0.9356,0.936,325.31
coinbase,USDCEUR,1679199060000,2023-03-19 04:11:00,0.9361,0.9361,0.9361,0.9361,57.8
coinbase,USDCEUR,1679199120000,2023-03-19 04:12:00,0.9356,0.9361,0.9355,0.9361,267.23
coinbase,USDCEUR,1679199300000,2023-03-19 04:15:00,0.9356,0.9361,0.9355,0.9361,217.91
coinbase,USDCEUR,1679199960000,2023-03-19 04:26:00,0.936,0.936,0.9353,0.9353,212.29
coinbase,USDCEUR,1679202660000,2023-03-19 05:11:00,0.936,0.936,0.936,0.936,57.64
coinbase,USDCEUR,1679202720000,2023-03-19 05:12:00,0.9354,0.936,0.9353,0.9353,440.5
coinbase,USDCEUR,1679202840000,2023-03-19 05:14:00,0.9354,0.9357,0.9353,0.9357,266.47
coinbase,USDCEUR,1679203380000,2023-03-19 05:23:00,0.9356,0.9356,0.9356,0.9356,57.64
coinbase,USDCEUR,1679203620000,2023-03-19 05:27:00,0.9356,0.9358,0.9352,0.9352,267.46
coinbase,USDCEUR,1679203740000,2023-03-19 05:29:00,0.9357,0.9359,0.9357,0.9357,175.35
coinbase,USDCEUR,1679203980000,2023-03-19 05:33:00,0.9357,0.9358,0.9357,0.9358,116.51
coinbase,USDCEUR,1679204100000,2023-03-19 05:35:00,0.9358,0.9359,0.9358,0.9359,64.34
coinbase,USDCEUR,1679204220000,2023-03-19 05:37:00,0.9358,0.9359,0.9358,0.9359,125.28
coinbase,USDCEUR,1679204400000,2023-03-19 05:40:00,0.9359,0.9359,0.9358,0.9358,234.16
coinbase,USDCEUR,1679204880000,2023-03-19 05:48:00,0.9358,0.9359,0.9358,0.9358,125.13
coinbase,USDCEUR,1679205000000,2023-03-19 05:50:00,0.9358,0.9359,0.9358,0.9358,117.32
coinbase,USDCEUR,1679205300000,2023-03-19 05:55:00,0.9358,0.9359,0.9358,0.9359,117.26
coinbase,USDCEUR,1679206080000,2023-03-19 06:08:00,0.9358,0.9358,0.9358,0.9358,63.93
coinbase,USDCEUR,1679206200000,2023-03-19 06:10:00,0.9358,0.936,0.9358,0.936,117.52
coinbase,USDCEUR,1679206260000,2023-03-19 06:11:00,0.9353,0.9359,0.9353,0.9359,271.55
coinbase,USDCEUR,1679206320000,2023-03-19 06:12:00,0.9359,0.936,0.9359,0.936,234.8
coinbase,USDCEUR,1679206500000,2023-03-19 06:15:00,0.936,0.936,0.936,0.936,293.74
coinbase,USDCEUR,1679206620000,2023-03-19 06:17:00,0.936,0.936,0.936,0.936,60.57
coinbase,USDCEUR,1679207040000,2023-03-19 06:24:00,0.9355,0.9359,0.9355,0.9359,294.46
coinbase,USDCEUR,1679207100000,2023-03-19 06:25:00,0.9359,0.936,0.9359,0.936,117.11
coinbase,USDCEUR,1679207160000,2023-03-19 06:26:00,0.936,0.936,0.936,0.936,62.27
coinbase,USDCEUR,1679207220000,2023-03-19 06:27:00,0.936,0.936,0.936,0.936,0.9
coinbase,USDCEUR,1679207400000,2023-03-19 06:30:00,0.936,0.936,0.9356,0.9356,847.29
coinbase,USDCEUR,1679208780000,2023-03-19 06:53:00,0.936,0.936,0.9355,0.9355,304.93
coinbase,USDCEUR,1679173380000,2023-03-18 21:03:00,0.9357,0.9357,0.9356,0.9356,2008.86
coinbase,USDCEUR,1679174760000,2023-03-18 21:26:00,0.9356,0.9356,0.9355,0.9355,3842.43
coinbase,USDCEUR,1679175660000,2023-03-18 21:41:00,0.9356,0.9358,0.9356,0.9358,267.39
coinbase,USDCEUR,1679175900000,2023-03-18 21:45:00,0.9359,0.9359,0.9357,0.9357,214.25
coinbase,USDCEUR,1679177220000,2023-03-18 22:07:00,0.9357,0.9358,0.9357,0.9358,3040.26
coinbase,USDCEUR,1679177520000,2023-03-18 22:12:00,0.9355,0.9357,0.9355,0.9357,59.16
coinbase,USDCEUR,1679177640000,2023-03-18 22:14:00,0.9355,0.9356,0.9355,0.9356,24.61
coinbase,USDCEUR,1679177700000,2023-03-18 22:15:00,0.9356,0.9357,0.9355,0.9357,159.76
coinbase,USDCEUR,1679178600000,2023-03-18 22:30:00,0.9357,0.9357,0.9357,0.9357,39.23
coinbase,USDCEUR,1679179560000,2023-03-18 22:46:00,0.9355,0.9355,0.9355,0.9355,232.99
coinbase,USDCEUR,1679179620000,2023-03-18 22:47:00,0.9355,0.9357,0.9355,0.9357,28.42
coinbase,USDCEUR,1679180040000,2023-03-18 22:54:00,0.9355,0.9355,0.9355,0.9355,18.61
coinbase,USDCEUR,1679180220000,2023-03-18 22:57:00,0.9358,0.9358,0.9355,0.9355,96.49
coinbase,USDCEUR,1679180280000,2023-03-18 22:58:00,0.9357,0.9357,0.9357,0.9357,160.39
coinbase,USDCEUR,1679182080000,2023-03-18 23:28:00,0.9357,0.9358,0.9357,0.9358,3.55
coinbase,USDCEUR,1679182980000,2023-03-18 23:43:00,0.9356,0.9357,0.9356,0.9357,202.65
coinbase,USDCEUR,1679185080000,2023-03-19 00:18:00,0.9355,0.9355,0.9355,0.9355,289.11
coinbase,USDCEUR,1679185200000,2023-03-19 00:20:00,0.9355,0.9357,0.9354,0.9357,314.37
coinbase,USDCEUR,1679186940000,2023-03-19 00:49:00,0.9357,0.9359,0.9357,0.9359,1247.69
coinbase,USDCEUR,1679187900000,2023-03-19 01:05:00,0.9359,0.9359,0.9359,0.9359,11
coinbase,USDCEUR,1679189040000,2023-03-19 01:24:00,0.9358,0.9358,0.9357,0.9357,116.75
coinbase,USDCEUR,1679190900000,2023-03-19 01:55:00,0.9357,0.9358,0.9357,0.9358,291.42
coinbase,USDCEUR,1679155680000,2023-03-18 16:08:00,0.9355,0.9355,0.9355,0.9355,50.99
coinbase,USDCEUR,1679156160000,2023-03-18 16:16:00,0.9355,0.936,0.9355,0.936,3573.77
coinbase,USDCEUR,1679156580000,2023-03-18 16:23:00,0.9361,0.9361,0.936,0.936,34.11
coinbase,USDCEUR,1679156640000,2023-03-18 16:24:00,0.9361,0.9366,0.936,0.9361,1841.3
coinbase,USDCEUR,1679156700000,2023-03-18 16:25:00,0.9362,0.9362,0.9362,0.9362,126.57
coinbase,USDCEUR,1679157000000,2023-03-18 16:30:00,0.9363,0.9363,0.9356,0.9357,738.02
coinbase,USDCEUR,1679157060000,2023-03-18 16:31:00,0.9357,0.9363,0.9356,0.9362,1090.86
coinbase,USDCEUR,1679157120000,2023-03-18 16:32:00,0.9357,0.9357,0.9356,0.9356,1000.06
coinbase,USDCEUR,1679157480000,2023-03-18 16:38:00,0.9362,0.9362,0.9356,0.9356,30.12
coinbase,USDCEUR,1679157660000,2023-03-18 16:41:00,0.9356,0.936,0.9355,0.9356,429.36
coinbase,USDCEUR,1679157720000,2023-03-18 16:42:00,0.9356,0.9356,0.9355,0.9356,139.45
coinbase,USDCEUR,1679157780000,2023-03-18 16:43:00,0.9356,0.936,0.9355,0.936,611.2
coinbase,USDCEUR,1679157960000,2023-03-18 16:46:00,0.9355,0.9356,0.9355,0.9356,616.06
coinbase,USDCEUR,1679158320000,2023-03-18 16:52:00,0.9355,0.9358,0.9355,0.9358,722.12
coinbase,USDCEUR,1679158440000,2023-03-18 16:54:00,0.9357,0.9358,0.9353,0.9353,15.98
coinbase,USDCEUR,1679158980000,2023-03-18 17:03:00,0.9359,0.9359,0.9353,0.9353,65.38
coinbase,USDCEUR,1679159520000,2023-03-18 17:12:00,0.9356,0.9356,0.9356,0.9356,64.29
coinbase,USDCEUR,1679160120000,2023-03-18 17:22:00,0.9354,0.9354,0.9346,0.9346,1386.65
coinbase,USDCEUR,1679161680000,2023-03-18 17:48:00,0.9353,0.9353,0.9351,0.9351,102.92
coinbase,USDCEUR,1679162760000,2023-03-18 18:06:00,0.935,0.935,0.935,0.935,96.24
coinbase,USDCEUR,1679162820000,2023-03-18 18:07:00,0.9351,0.9353,0.9351,0.9353,5694.11
coinbase,USDCEUR,1679162940000,2023-03-18 18:09:00,0.9353,0.9354,0.9353,0.9353,1868.93
coinbase,USDCEUR,1679163300000,2023-03-18 18:15:00,0.9353,0.9354,0.9353,0.9354,230.38
coinbase,USDCEUR,1679163540000,2023-03-18 18:19:00,0.9353,0.9353,0.9353,0.9353,1069.89
coinbase,USDCEUR,1679163600000,2023-03-18 18:20:00,0.9351,0.9353,0.9351,0.9353,1048.91
coinbase,USDCEUR,1679163960000,2023-03-18 18:26:00,0.9353,0.9353,0.9352,0.9352,68.55
coinbase,USDCEUR,1679164740000,2023-03-18 18:39:00,0.9353,0.9354,0.9352,0.9354,4031.26
coinbase,USDCEUR,1679165340000,2023-03-18 18:49:00,0.9354,0.9354,0.9354,0.9354,1215.03
coinbase,USDCEUR,1679166300000,2023-03-18 19:05:00,0.9354,0.9354,0.9354,0.9354,145.76
coinbase,USDCEUR,1679167020000,2023-03-18 19:17:00,0.9354,0.9354,0.9354,0.9354,61.65
coinbase,USDCEUR,1679167320000,2023-03-18 19:22:00,0.9354,0.9354,0.9354,0.9354,130.92
coinbase,USDCEUR,1679167440000,2023-03-18 19:24:00,0.9354,0.9354,0.9354,0.9354,19498.19
coinbase,USDCEUR,1679167500000,2023-03-18 19:25:00,0.9354,0.9354,0.9354,0.9354,7503.87
coinbase,USDCEUR,1679167980000,2023-03-18 19:33:00,0.9354,0.9354,0.9354,0.9354,1056.87
coinbase,USDCEUR,1679168580000,2023-03-18 19:43:00,0.9354,0.9354,0.9353,0.9354,141.26
coinbase,USDCEUR,1679169120000,2023-03-18 19:52:00,0.9354,0.9354,0.9354,0.9354,1068.98
coinbase,USDCEUR,1679169300000,2023-03-18 19:55:00,0.9354,0.9354,0.9354,0.9354,1156.41
coinbase,USDCEUR,1679170200000,2023-03-18 20:10:00,0.9354,0.9354,0.9354,0.9354,311.09
coinbase,USDCEUR,1679170560000,2023-03-18 20:16:00,0.9354,0.9354,0.9354,0.9354,1793.41
coinbase,USDCEUR,1679170740000,2023-03-18 20:19:00,0.9354,0.9354,0.9354,0.9354,2092.84
coinbase,USDCEUR,1679171040000,2023-03-18 20:24:00,0.9354,0.9354,0.9353,0.9353,5140.68
coinbase,USDCEUR,1679171220000,2023-03-18 20:27:00,0.9354,0.9354,0.9354,0.9354,4073.27
coinbase,USDCEUR,1679171520000,2023-03-18 20:32:00,0.9354,0.9354,0.9354,0.9354,1052.7
coinbase,USDCEUR,1679171820000,2023-03-18 20:37:00,0.9354,0.9354,0.9354,0.9354,6.27
coinbase,USDCEUR,1679171940000,2023-03-18 20:39:00,0.9354,0.9355,0.9354,0.9355,4790.26
coinbase,USDCEUR,1679172480000,2023-03-18 20:48:00,0.9355,0.9358,0.9355,0.9358,184.44
coinbase,USDCEUR,1679138880000,2023-03-18 11:28:00,0.9356,0.9356,0.9352,0.9352,53.56
coinbase,USDCEUR,1679140020000,2023-03-18 11:47:00,0.9357,0.9357,0.9356,0.9356,125.77
coinbase,USDCEUR,1679140140000,2023-03-18 11:49:00,0.9356,0.9356,0.9356,0.9356,42.12
coinbase,USDCEUR,1679140200000,2023-03-18 11:50:00,0.9356,0.9356,0.9356,0.9356,39.65
coinbase,USDCEUR,1679140320000,2023-03-18 11:52:00,0.9356,0.9356,0.9356,0.9356,44.97
coinbase,USDCEUR,1679140620000,2023-03-18 11:57:00,0.9355,0.9356,0.9355,0.9356,3846.82
coinbase,USDCEUR,1679141040000,2023-03-18 12:04:00,0.9356,0.9356,0.9356,0.9356,357.79
coinbase,USDCEUR,1679141220000,2023-03-18 12:07:00,0.9356,0.9356,0.9356,0.9356,113.86
coinbase,USDCEUR,1679141280000,2023-03-18 12:08:00,0.9356,0.9356,0.9355,0.9355,67.75
coinbase,USDCEUR,1679141340000,2023-03-18 12:09:00,0.9355,0.9355,0.9355,0.9355,2.36
coinbase,USDCEUR,1679141400000,2023-03-18 12:10:00,0.9355,0.9356,0.9355,0.9356,14.07
coinbase,USDCEUR,1679141820000,2023-03-18 12:17:00,0.9356,0.9356,0.9356,0.9356,1.85
coinbase,USDCEUR,1679142120000,2023-03-18 12:22:00,0.9355,0.9355,0.9355,0.9355,1391.92
coinbase,USDCEUR,1679142720000,2023-03-18 12:32:00,0.9354,0.9354,0.9354,0.9354,4.97
coinbase,USDCEUR,1679142960000,2023-03-18 12:36:00,0.9354,0.9354,0.9354,0.9354,7.79
coinbase,USDCEUR,1679143080000,2023-03-18 12:38:00,0.9355,0.9356,0.9355,0.9355,468.14
coinbase,USDCEUR,1679143200000,2023-03-18 12:40:00,0.9355,0.9355,0.9353,0.9353,769.53
coinbase,USDCEUR,1679143440000,2023-03-18 12:44:00,0.9353,0.9354,0.9353,0.9354,58.85
coinbase,USDCEUR,1679143560000,2023-03-18 12:46:00,0.9353,0.9354,0.9353,0.9354,51.96
coinbase,USDCEUR,1679143860000,2023-03-18 12:51:00,0.9355,0.9355,0.9354,0.9354,81.67
coinbase,USDCEUR,1679143980000,2023-03-18 12:53:00,0.9356,0.9356,0.9356,0.9356,28.24
coinbase,USDCEUR,1679144520000,2023-03-18 13:02:00,0.9356,0.9356,0.9356,0.9356,226.5
coinbase,USDCEUR,1679144700000,2023-03-18 13:05:00,0.9354,0.9354,0.9354,0.9354,219.69
coinbase,USDCEUR,1679145000000,2023-03-18 13:10:00,0.9354,0.9355,0.9354,0.9355,123.3
coinbase,USDCEUR,1679145180000,2023-03-18 13:13:00,0.9356,0.9357,0.9355,0.9355,706.85
coinbase,USDCEUR,1679146080000,2023-03-18 13:28:00,0.9355,0.9355,0.9355,0.9355,15.81
coinbase,USDCEUR,1679146380000,2023-03-18 13:33:00,0.9355,0.9357,0.9355,0.9357,467.96
coinbase,USDCEUR,1679146500000,2023-03-18 13:35:00,0.9354,0.9354,0.9354,0.9354,128.67
coinbase,USDCEUR,1679147100000,2023-03-18 13:45:00,0.9354,0.9355,0.9354,0.9355,29.67
coinbase,USDCEUR,1679148240000,2023-03-18 14:04:00,0.9354,0.9354,0.9353,0.9353,361.81
coinbase,USDCEUR,1679148720000,2023-03-18 14:12:00,0.9356,0.9356,0.9352,0.9352,6.31
coinbase,USDCEUR,1679148900000,2023-03-18 14:15:00,0.9352,0.9352,0.9352,0.9352,64.18
coinbase,USDCEUR,1679149200000,2023-03-18 14:20:00,0.9352,0.9352,0.9352,0.9352,4.79
coinbase,USDCEUR,1679149740000,2023-03-18 14:29:00,0.9355,0.9355,0.9355,0.9355,20.13
coinbase,USDCEUR,1679149860000,2023-03-18 14:31:00,0.9355,0.9355,0.9355,0.9355,16.47
coinbase,USDCEUR,1679149980000,2023-03-18 14:33:00,0.9354,0.9355,0.9354,0.9355,168.91
coinbase,USDCEUR,1679150160000,2023-03-18 14:36:00,0.9355,0.9355,0.9355,0.9355,24.75
coinbase,USDCEUR,1679150220000,2023-03-18 14:37:00,0.9355,0.9355,0.9355,0.9355,16.63
coinbase,USDCEUR,1679150340000,2023-03-18 14:39:00,0.9355,0.9355,0.9355,0.9355,331.45
coinbase,USDCEUR,1679150520000,2023-03-18 14:42:00,0.9354,0.9355,0.9354,0.9355,242.72
coinbase,USDCEUR,1679150940000,2023-03-18 14:49:00,0.9353,0.9353,0.9351,0.9351,1496.05
coinbase,USDCEUR,1679151240000,2023-03-18 14:54:00,0.9353,0.9354,0.9353,0.9354,411
coinbase,USDCEUR,1679152260000,2023-03-18 15:11:00,0.9353,0.9354,0.9353,0.9354,206.51
coinbase,USDCEUR,1679152380000,2023-03-18 15:13:00,0.9354,0.9355,0.9354,0.9355,475.39
coinbase,USDCEUR,1679152500000,2023-03-18 15:15:00,0.9355,0.9355,0.9355,0.9355,1403.45
coinbase,USDCEUR,1679152620000,2023-03-18 15:17:00,0.9357,0.9357,0.9356,0.9356,261.08
coinbase,USDCEUR,1679153160000,2023-03-18 15:26:00,0.9355,0.9357,0.9353,0.9356,1123.33
coinbase,USDCEUR,1679153400000,2023-03-18 15:30:00,0.9356,0.9356,0.9355,0.9355,32.92
coinbase,USDCEUR,1679153580000,2023-03-18 15:33:00,0.9355,0.9355,0.9354,0.9354,44.82
coinbase,USDCEUR,1679153700000,2023-03-18 15:35:00,0.9356,0.9356,0.9356,0.9356,5.92
coinbase,USDCEUR,1679153820000,2023-03-18 15:37:00,0.9355,0.9355,0.935,0.935,5375.05
coinbase,USDCEUR,1679154000000,2023-03-18 15:40:00,0.9354,0.9354,0.9354,0.9354,40.06
coinbase,USDCEUR,1679154240000,2023-03-18 15:44:00,0.9354,0.9355,0.9354,0.9355,89.19
coinbase,USDCEUR,1679154300000,2023-03-18 15:45:00,0.9355,0.9356,0.9351,0.9351,536.71
coinbase,USDCEUR,1679154360000,2023-03-18 15:46:00,0.9351,0.9354,0.9349,0.9354,292.76
coinbase,USDCEUR,1679154420000,2023-03-18 15:47:00,0.9353,0.9353,0.9353,0.9353,1.82
coinbase,USDCEUR,1679154480000,2023-03-18 15:48:00,0.9354,0.9354,0.9354,0.9354,9.87
coinbase,USDCEUR,1679154900000,2023-03-18 15:55:00,0.9354,0.9355,0.9354,0.9355,66.95
coinbase,USDCEUR,1679155080000,2023-03-18 15:58:00,0.9355,0.9355,0.9355,0.9355,105.67
coinbase,USDCEUR,1679119620000,2023-03-18 06:07:00,0.9356,0.9356,0.9356,0.9356,4662.83
coinbase,USDCEUR,1679120100000,2023-03-18 06:15:00,0.9356,0.9356,0.9356,0.9356,53.94
coinbase,USDCEUR,1679121420000,2023-03-18 06:37:00,0.9357,0.9357,0.9357,0.9357,16.22
coinbase,USDCEUR,1679122740000,2023-03-18 06:59:00,0.9358,0.9358,0.9358,0.9358,119.46
coinbase,USDCEUR,1679124780000,2023-03-18 07:33:00,0.9359,0.9361,0.9358,0.9358,590.28
coinbase,USDCEUR,1679124900000,2023-03-18 07:35:00,0.936,0.9361,0.9358,0.9358,712.32
coinbase,USDCEUR,1679125020000,2023-03-18 07:37:00,0.9361,0.9361,0.9358,0.9358,211.63
coinbase,USDCEUR,1679125140000,2023-03-18 07:39:00,0.936,0.936,0.936,0.936,25.33
coinbase,USDCEUR,1679125200000,2023-03-18 07:40:00,0.936,0.936,0.9358,0.9358,10816.7
coinbase,USDCEUR,1679125380000,2023-03-18 07:43:00,0.9358,0.9361,0.9358,0.9361,2770.03
coinbase,USDCEUR,1679125560000,2023-03-18 07:46:00,0.9361,0.9361,0.936,0.936,164.73
coinbase,USDCEUR,1679125860000,2023-03-18 07:51:00,0.9359,0.936,0.9359,0.936,108.77
coinbase,USDCEUR,1679126520000,2023-03-18 08:02:00,0.936,0.936,0.936,0.936,160.58
coinbase,USDCEUR,1679127300000,2023-03-18 08:15:00,0.9361,0.9361,0.9361,0.9361,101.65
coinbase,USDCEUR,1679127360000,2023-03-18 08:16:00,0.936,0.9364,0.9358,0.9358,323.46
coinbase,USDCEUR,1679127660000,2023-03-18 08:21:00,0.9358,0.9359,0.9358,0.9359,37.65
coinbase,USDCEUR,1679127840000,2023-03-18 08:24:00,0.9358,0.9358,0.9358,0.9358,233.66
coinbase,USDCEUR,1679128020000,2023-03-18 08:27:00,0.9358,0.9358,0.9357,0.9357,324.06
coinbase,USDCEUR,1679128860000,2023-03-18 08:41:00,0.9357,0.9357,0.9357,0.9357,322.17
coinbase,USDCEUR,1679129640000,2023-03-18 08:54:00,0.9356,0.9356,0.9356,0.9356,133.13
coinbase,USDCEUR,1679129700000,2023-03-18 08:55:00,0.9357,0.9357,0.9355,0.9355,8.91
coinbase,USDCEUR,1679130240000,2023-03-18 09:04:00,0.9355,0.9355,0.9355,0.9355,284.23
coinbase,USDCEUR,1679130540000,2023-03-18 09:09:00,0.9354,0.9354,0.9354,0.9354,267.35
coinbase,USDCEUR,1679131200000,2023-03-18 09:20:00,0.9353,0.9356,0.9353,0.9356,2181.41
coinbase,USDCEUR,1679132160000,2023-03-18 09:36:00,0.9356,0.9356,0.9356,0.9356,168.37
coinbase,USDCEUR,1679132700000,2023-03-18 09:45:00,0.9354,0.9354,0.9354,0.9354,6.19
coinbase,USDCEUR,1679133600000,2023-03-18 10:00:00,0.9354,0.9354,0.9354,0.9354,2188.58
coinbase,USDCEUR,1679134620000,2023-03-18 10:17:00,0.9354,0.9354,0.9354,0.9354,2339.56
coinbase,USDCEUR,1679134800000,2023-03-18 10:20:00,0.9354,0.9354,0.9354,0.9354,3.85
coinbase,USDCEUR,1679135820000,2023-03-18 10:37:00,0.9355,0.9356,0.9355,0.9356,33.36
coinbase,USDCEUR,1679101200000,2023-03-18 01:00:00,0.935,0.9357,0.935,0.9357,1054.6
coinbase,USDCEUR,1679101260000,2023-03-18 01:01:00,0.9354,0.9354,0.9354,0.9354,58.4
coinbase,USDCEUR,1679101320000,2023-03-18 01:02:00,0.9354,0.9356,0.9354,0.9356,220.66
coinbase,USDCEUR,1679101380000,2023-03-18 01:03:00,0.9356,0.9357,0.9355,0.9355,904.82
coinbase,USDCEUR,1679101560000,2023-03-18 01:06:00,0.9353,0.9354,0.9352,0.9352,789.02
coinbase,USDCEUR,1679101680000,2023-03-18 01:08:00,0.9352,0.9356,0.9351,0.9356,3536.28
coinbase,USDCEUR,1679102160000,2023-03-18 01:16:00,0.9353,0.9354,0.9353,0.9354,337.13
coinbase,USDCEUR,1679102460000,2023-03-18 01:21:00,0.9355,0.9355,0.9355,0.9355,760.55
coinbase,USDCEUR,1679102700000,2023-03-18 01:25:00,0.9354,0.9355,0.9354,0.9354,274.56
coinbase,USDCEUR,1679103000000,2023-03-18 01:30:00,0.9354,0.9354,0.9354,0.9354,65.8
coinbase,USDCEUR,1679103420000,2023-03-18 01:37:00,0.9353,0.9353,0.9352,0.9352,205.49
coinbase,USDCEUR,1679104620000,2023-03-18 01:57:00,0.9352,0.9352,0.9351,0.9351,65.07
coinbase,USDCEUR,1679105040000,2023-03-18 02:04:00,0.9352,0.9352,0.9352,0.9352,17.1
coinbase,USDCEUR,1679105100000,2023-03-18 02:05:00,0.9352,0.9352,0.9351,0.9351,508.3
coinbase,USDCEUR,1679105580000,2023-03-18 02:13:00,0.9352,0.9352,0.935,0.935,616.06
coinbase,USDCEUR,1679106000000,2023-03-18 02:20:00,0.9349,0.9352,0.9349,0.9352,305.4
coinbase,USDCEUR,1679107020000,2023-03-18 02:37:00,0.9353,0.9356,0.9353,0.9355,1247
coinbase,USDCEUR,1679107080000,2023-03-18 02:38:00,0.9355,0.9355,0.9355,0.9355,66.61
coinbase,USDCEUR,1679107140000,2023-03-18 02:39:00,0.9355,0.9364,0.9355,0.9355,145.57
coinbase,USDCEUR,1679112480000,2023-03-18 04:08:00,0.9357,0.9357,0.9355,0.9355,332.6
coinbase,USDCEUR,1679113200000,2023-03-18 04:20:00,0.9355,0.9358,0.9355,0.9355,494.42
coinbase,USDCEUR,1679113260000,2023-03-18 04:21:00,0.9355,0.9355,0.9355,0.9355,58.13
coinbase,USDCEUR,1679114340000,2023-03-18 04:39:00,0.9355,0.9355,0.9355,0.9355,50.18
coinbase,USDCEUR,1679114640000,2023-03-18 04:44:00,0.9357,0.9357,0.9357,0.9357,695.49
coinbase,USDCEUR,1679114760000,2023-03-18 04:46:00,0.9357,0.9357,0.9357,0.9357,139
coinbase,USDCEUR,1679114880000,2023-03-18 04:48:00,0.9357,0.9357,0.9357,0.9357,227.96
coinbase,USDCEUR,1679114940000,2023-03-18 04:49:00,0.9357,0.9357,0.9357,0.9357,571.32
coinbase,USDCEUR,1679115000000,2023-03-18 04:50:00,0.9357,0.9357,0.9357,0.9357,307.53
coinbase,USDCEUR,1679115060000,2023-03-18 04:51:00,0.9357,0.9358,0.9357,0.9358,186.44
coinbase,USDCEUR,1679115240000,2023-03-18 04:54:00,0.9357,0.9357,0.9356,0.9356,2805.75
coinbase,USDCEUR,1679115960000,2023-03-18 05:06:00,0.9357,0.9357,0.9355,0.9355,29.31
coinbase,USDCEUR,1679116440000,2023-03-18 05:14:00,0.9355,0.9356,0.9355,0.9356,78.76
coinbase,USDCEUR,1679116800000,2023-03-18 05:20:00,0.9355,0.9355,0.9355,0.9355,9.11
coinbase,USDCEUR,1679118240000,2023-03-18 05:44:00,0.9354,0.9357,0.9354,0.9357,58.62
coinbase,USDCEUR,1679118600000,2023-03-18 05:50:00,0.9357,0.9357,0.9357,0.9357,1.02
coinbase,USDCEUR,1679083560000,2023-03-17 20:06:00,0.9375,0.9375,0.9374,0.9374,5.84
coinbase,USDCEUR,1679084040000,2023-03-17 20:14:00,0.9375,0.9377,0.9375,0.9377,1058.57
coinbase,USDCEUR,1679084220000,2023-03-17 20:17:00,0.9377,0.9377,0.9377,0.9377,15.3
coinbase,USDCEUR,1679084520000,2023-03-17 20:22:00,0.9377,0.9379,0.9377,0.9379,92.91
coinbase,USDCEUR,1679084880000,2023-03-17 20:28:00,0.9378,0.9381,0.9378,0.9381,481.82
coinbase,USDCEUR,1679085360000,2023-03-17 20:36:00,0.9376,0.938,0.9376,0.938,594.87
coinbase,USDCEUR,1679085480000,2023-03-17 20:38:00,0.938,0.938,0.938,0.938,1404.69
coinbase,USDCEUR,1679085540000,2023-03-17 20:39:00,0.9381,0.9381,0.938,0.938,32.42
coinbase,USDCEUR,1679085720000,2023-03-17 20:42:00,0.938,0.9381,0.938,0.9381,505.97
coinbase,USDCEUR,1679086020000,2023-03-17 20:47:00,0.9381,0.9381,0.9381,0.9381,321.38
coinbase,USDCEUR,1679086200000,2023-03-17 20:50:00,0.9381,0.9381,0.9381,0.9381,329.39
coinbase,USDCEUR,1679086680000,2023-03-17 20:58:00,0.9382,0.9382,0.9379,0.9379,180.48
coinbase,USDCEUR,1679086920000,2023-03-17 21:02:00,0.9382,0.9382,0.9378,0.9378,32.45
coinbase,USDCEUR,1679087220000,2023-03-17 21:07:00,0.9378,0.9378,0.9378,0.9378,14.72
coinbase,USDCEUR,1679087520000,2023-03-17 21:12:00,0.9378,0.938,0.9378,0.938,46.15
coinbase,USDCEUR,1679087820000,2023-03-17 21:17:00,0.9378,0.9378,0.9378,0.9378,80.36
coinbase,USDCEUR,1679087940000,2023-03-17 21:19:00,0.9378,0.9378,0.9378,0.9378,538.2
coinbase,USDCEUR,1679088240000,2023-03-17 21:24:00,0.9377,0.9377,0.9376,0.9376,108.08
coinbase,USDCEUR,1679088660000,2023-03-17 21:31:00,0.9379,0.9379,0.9377,0.9377,44.92
coinbase,USDCEUR,1679089020000,2023-03-17 21:37:00,0.9376,0.9376,0.9376,0.9376,3.96
coinbase,USDCEUR,1679089080000,2023-03-17 21:38:00,0.9378,0.9378,0.9377,0.9377,97.1
coinbase,USDCEUR,1679089140000,2023-03-17 21:39:00,0.9379,0.9379,0.9376,0.9376,375.9
coinbase,USDCEUR,1679089320000,2023-03-17 21:42:00,0.9376,0.9376,0.9368,0.9368,537.29
coinbase,USDCEUR,1679089500000,2023-03-17 21:45:00,0.937,0.9375,0.937,0.9375,19.24
coinbase,USDCEUR,1679089560000,2023-03-17 21:46:00,0.9375,0.9375,0.937,0.937,6.47
coinbase,USDCEUR,1679090220000,2023-03-17 21:57:00,0.937,0.9375,0.937,0.9375,612.48
coinbase,USDCEUR,1679091060000,2023-03-17 22:11:00,0.9371,0.9376,0.937,0.937,867.14
coinbase,USDCEUR,1679091180000,2023-03-17 22:13:00,0.9375,0.9375,0.9367,0.9367,44.13
coinbase,USDCEUR,1679091420000,2023-03-17 22:17:00,0.9374,0.9375,0.9374,0.9374,485.35
coinbase,USDCEUR,1679091540000,2023-03-17 22:19:00,0.9369,0.9369,0.9369,0.9369,36.62
coinbase,USDCEUR,1679091780000,2023-03-17 22:23:00,0.937,0.937,0.937,0.937,3.89
coinbase,USDCEUR,1679092320000,2023-03-17 22:32:00,0.9371,0.9375,0.9371,0.9375,149.15
coinbase,USDCEUR,1679092440000,2023-03-17 22:34:00,0.937,0.937,0.9369,0.9369,73.59
coinbase,USDCEUR,1679092500000,2023-03-17 22:35:00,0.937,0.937,0.9369,0.9369,6.88
coinbase,USDCEUR,1679092620000,2023-03-17 22:37:00,0.9369,0.9373,0.9369,0.9373,227.4
coinbase,USDCEUR,1679092680000,2023-03-17 22:38:00,0.9373,0.9373,0.9371,0.9373,1189.47
coinbase,USDCEUR,1679092740000,2023-03-17 22:39:00,0.9373,0.9374,0.9372,0.9372,4625.31
coinbase,USDCEUR,1679092800000,2023-03-17 22:40:00,0.9367,0.9368,0.9367,0.9367,142.51
coinbase,USDCEUR,1679092920000,2023-03-17 22:42:00,0.9367,0.9367,0.9367,0.9367,543.61
coinbase,USDCEUR,1679093040000,2023-03-17 22:44:00,0.9371,0.9371,0.937,0.937,63.7
coinbase,USDCEUR,1679093100000,2023-03-17 22:45:00,0.937,0.9371,0.9368,0.9368,107.25
coinbase,USDCEUR,1679093220000,2023-03-17 22:47:00,0.9368,0.9368,0.9366,0.9366,216
coinbase,USDCEUR,1679093280000,2023-03-17 22:48:00,0.937,0.937,0.9367,0.9367,115.1
coinbase,USDCEUR,1679093640000,2023-03-17 22:54:00,0.9367,0.9367,0.9366,0.9366,1006.01
coinbase,USDCEUR,1679093700000,2023-03-17 22:55:00,0.9366,0.9366,0.9361,0.9361,2980.16
coinbase,USDCEUR,1679093880000,2023-03-17 22:58:00,0.9357,0.9357,0.9353,0.9353,9.35
coinbase,USDCEUR,1679094360000,2023-03-17 23:06:00,0.9364,0.9364,0.9361,0.9364,665.82
coinbase,USDCEUR,1679095380000,2023-03-17 23:23:00,0.9364,0.9364,0.9359,0.9359,106.25
coinbase,USDCEUR,1679095500000,2023-03-17 23:25:00,0.9362,0.9362,0.9362,0.9362,1150.87
coinbase,USDCEUR,1679096400000,2023-03-17 23:40:00,0.9355,0.9357,0.9355,0.9357,81.02
coinbase,USDCEUR,1679097600000,2023-03-18 00:00:00,0.9355,0.9356,0.9355,0.9356,225.96
coinbase,USDCEUR,1679098080000,2023-03-18 00:08:00,0.9356,0.9356,0.9354,0.9354,115.33
coinbase,USDCEUR,1679098200000,2023-03-18 00:10:00,0.9356,0.9357,0.9356,0.9357,178.29
coinbase,USDCEUR,1679098740000,2023-03-18 00:19:00,0.9357,0.9357,0.9357,0.9357,57.68
coinbase,USDCEUR,1679098860000,2023-03-18 00:21:00,0.9352,0.9355,0.9352,0.9355,109.88
coinbase,USDCEUR,1679099340000,2023-03-18 00:29:00,0.9356,0.9356,0.9355,0.9355,62.08
coinbase,USDCEUR,1679099400000,2023-03-18 00:30:00,0.9355,0.9356,0.9355,0.9356,209.86
coinbase,USDCEUR,1679100360000,2023-03-18 00:46:00,0.9356,0.9356,0.9355,0.9355,261.32
coinbase,USDCEUR,1679100900000,2023-03-18 00:55:00,0.9355,0.9356,0.9355,0.9355,92.54
coinbase,USDCEUR,1679100960000,2023-03-18 00:56:00,0.9353,0.9353,0.935,0.935,464.45
coinbase,USDCEUR,1679101080000,2023-03-18 00:58:00,0.935,0.935,0.935,0.935,32.95
coinbase,USDCEUR,1679101200000,2023-03-18 01:00:00,0.935,0.9357,0.935,0.9357,1054.6
coinbase,USDCEUR,1679065320000,2023-03-17 15:02:00,0.94,0.9401,0.94,0.9401,237.14
coinbase,USDCEUR,1679065380000,2023-03-17 15:03:00,0.94,0.9401,0.94,0.9401,602.43
coinbase,USDCEUR,1679065500000,2023-03-17 15:05:00,0.9401,0.9401,0.9401,0.9401,150.35
coinbase,USDCEUR,1679065860000,2023-03-17 15:11:00,0.9401,0.9401,0.9399,0.9399,1520.05
coinbase,USDCEUR,1679066280000,2023-03-17 15:18:00,0.9398,0.9401,0.9397,0.9401,309.87
coinbase,USDCEUR,1679066820000,2023-03-17 15:27:00,0.9398,0.9398,0.9397,0.9397,388.5
coinbase,USDCEUR,1679067060000,2023-03-17 15:31:00,0.9397,0.9397,0.9394,0.9394,72.02
coinbase,USDCEUR,1679067420000,2023-03-17 15:37:00,0.9393,0.9396,0.9392,0.9396,271.08
coinbase,USDCEUR,1679067720000,2023-03-17 15:42:00,0.9396,0.9396,0.9396,0.9396,6.2
coinbase,USDCEUR,1679067780000,2023-03-17 15:43:00,0.9396,0.9396,0.9395,0.9395,18.36
coinbase,USDCEUR,1679067840000,2023-03-17 15:44:00,0.9393,0.9395,0.9393,0.9393,58.25
coinbase,USDCEUR,1679068200000,2023-03-17 15:50:00,0.9394,0.9396,0.9394,0.9396,518.06
coinbase,USDCEUR,1679068500000,2023-03-17 15:55:00,0.9393,0.9393,0.9393,0.9393,8.01
coinbase,USDCEUR,1679068620000,2023-03-17 15:57:00,0.9393,0.9393,0.9393,0.9393,117.51
coinbase,USDCEUR,1679068740000,2023-03-17 15:59:00,0.9393,0.9393,0.9393,0.9393,28.52
coinbase,USDCEUR,1679068920000,2023-03-17 16:02:00,0.9393,0.9393,0.9393,0.9393,6.16
coinbase,USDCEUR,1679069040000,2023-03-17 16:04:00,0.9394,0.9394,0.9393,0.9393,268.34
coinbase,USDCEUR,1679069340000,2023-03-17 16:09:00,0.9393,0.9393,0.9393,0.9393,177.01
coinbase,USDCEUR,1679069460000,2023-03-17 16:11:00,0.9393,0.9393,0.9393,0.9393,626.08
coinbase,USDCEUR,1679069580000,2023-03-17 16:13:00,0.9389,0.9389,0.9384,0.9384,103.36
coinbase,USDCEUR,1679069820000,2023-03-17 16:17:00,0.9383,0.9383,0.9381,0.9381,70.62
coinbase,USDCEUR,1679070360000,2023-03-17 16:26:00,0.9378,0.9378,0.9378,0.9378,137.49
coinbase,USDCEUR,1679070480000,2023-03-17 16:28:00,0.9378,0.9378,0.9375,0.9375,137.48
coinbase,USDCEUR,1679070600000,2023-03-17 16:30:00,0.9375,0.9375,0.9374,0.9374,274.94
coinbase,USDCEUR,1679070660000,2023-03-17 16:31:00,0.937,0.937,0.9368,0.9368,294.06
coinbase,USDCEUR,1679070720000,2023-03-17 16:32:00,0.9367,0.9367,0.9367,0.9367,176.55
coinbase,USDCEUR,1679070840000,2023-03-17 16:34:00,0.9366,0.9368,0.9366,0.9366,71.36
coinbase,USDCEUR,1679070900000,2023-03-17 16:35:00,0.9371,0.9371,0.937,0.937,400.14
coinbase,USDCEUR,1679070960000,2023-03-17 16:36:00,0.9371,0.9374,0.9371,0.9374,73.63
coinbase,USDCEUR,1679071560000,2023-03-17 16:46:00,0.9374,0.9375,0.9374,0.9375,980.88
coinbase,USDCEUR,1679072160000,2023-03-17 16:56:00,0.9375,0.9375,0.9373,0.9373,3.24
coinbase,USDCEUR,1679072340000,2023-03-17 16:59:00,0.9375,0.9375,0.9373,0.9373,1798.46
coinbase,USDCEUR,1679072460000,2023-03-17 17:01:00,0.9374,0.9374,0.9374,0.9374,1769.71
coinbase,USDCEUR,1679072520000,2023-03-17 17:02:00,0.9374,0.9377,0.9374,0.9376,10429.71
coinbase,USDCEUR,1679072580000,2023-03-17 17:03:00,0.9375,0.9375,0.9371,0.9371,7
coinbase,USDCEUR,1679072640000,2023-03-17 17:04:00,0.9374,0.9374,0.9372,0.9372,42.09
coinbase,USDCEUR,1679073000000,2023-03-17 17:10:00,0.9375,0.9379,0.9375,0.9379,1911.91
coinbase,USDCEUR,1679073180000,2023-03-17 17:13:00,0.9378,0.9386,0.9378,0.9386,2716.21
coinbase,USDCEUR,1679073240000,2023-03-17 17:14:00,0.9385,0.9394,0.9384,0.9385,52466.73
coinbase,USDCEUR,1679073300000,2023-03-17 17:15:00,0.9383,0.9383,0.9383,0.9383,68.73
coinbase,USDCEUR,1679073420000,2023-03-17 17:17:00,0.9382,0.9382,0.9382,0.9382,42.21
coinbase,USDCEUR,1679073660000,2023-03-17 17:21:00,0.9382,0.9382,0.9382,0.9382,27.29
coinbase,USDCEUR,1679073720000,2023-03-17 17:22:00,0.9382,0.9382,0.9382,0.9382,37.71
coinbase,USDCEUR,1679073780000,2023-03-17 17:23:00,0.9381,0.9383,0.9379,0.9383,358.57
coinbase,USDCEUR,1679074260000,2023-03-17 17:31:00,0.9381,0.9381,0.9375,0.938,1598.12
coinbase,USDCEUR,1679074380000,2023-03-17 17:33:00,0.9377,0.9377,0.9377,0.9377,16.01
coinbase,USDCEUR,1679074440000,2023-03-17 17:34:00,0.9378,0.9378,0.9373,0.9373,107.88
coinbase,USDCEUR,1679074860000,2023-03-17 17:41:00,0.9378,0.9378,0.9377,0.9378,591.83
coinbase,USDCEUR,1679075040000,2023-03-17 17:44:00,0.9378,0.9378,0.9377,0.9377,2496.87
coinbase,USDCEUR,1679075520000,2023-03-17 17:52:00,0.9377,0.9377,0.9375,0.9377,67.49
coinbase,USDCEUR,1679075580000,2023-03-17 17:53:00,0.9377,0.9377,0.9374,0.9374,270.4
coinbase,USDCEUR,1679076480000,2023-03-17 18:08:00,0.9373,0.9379,0.937,0.9377,8392.42
coinbase,USDCEUR,1679076600000,2023-03-17 18:10:00,0.9377,0.9377,0.9377,0.9377,2.77
coinbase,USDCEUR,1679076900000,2023-03-17 18:15:00,0.9374,0.9374,0.9374,0.9374,68.61
coinbase,USDCEUR,1679077440000,2023-03-17 18:24:00,0.9375,0.9375,0.9375,0.9375,2.9
coinbase,USDCEUR,1679077800000,2023-03-17 18:30:00,0.9374,0.9375,0.9371,0.9375,70.89
coinbase,USDCEUR,1679078460000,2023-03-17 18:41:00,0.9371,0.9371,0.937,0.937,1067.24
coinbase,USDCEUR,1679078640000,2023-03-17 18:44:00,0.937,0.9373,0.937,0.9373,773.52
coinbase,USDCEUR,1679078880000,2023-03-17 18:48:00,0.9373,0.9373,0.9371,0.9371,14.77
coinbase,USDCEUR,1679079300000,2023-03-17 18:55:00,0.9371,0.9371,0.9371,0.9371,20.52
coinbase,USDCEUR,1679079420000,2023-03-17 18:57:00,0.9371,0.9372,0.9371,0.9372,129.33
coinbase,USDCEUR,1679079780000,2023-03-17 19:03:00,0.9371,0.9376,0.9366,0.9376,2403.91
coinbase,USDCEUR,1679079840000,2023-03-17 19:04:00,0.9376,0.9377,0.9376,0.9376,361.28
coinbase,USDCEUR,1679079900000,2023-03-17 19:05:00,0.9376,0.9378,0.9373,0.9377,2158.79
coinbase,USDCEUR,1679079960000,2023-03-17 19:06:00,0.9377,0.9378,0.9372,0.9378,484.42
coinbase,USDCEUR,1679080140000,2023-03-17 19:09:00,0.9377,0.9377,0.9372,0.9372,90.93
coinbase,USDCEUR,1679080260000,2023-03-17 19:11:00,0.9375,0.9377,0.9375,0.9376,585.59
coinbase,USDCEUR,1679080440000,2023-03-17 19:14:00,0.9374,0.9375,0.9374,0.9375,209.33
coinbase,USDCEUR,1679080740000,2023-03-17 19:19:00,0.9375,0.9376,0.9375,0.9376,342
coinbase,USDCEUR,1679080860000,2023-03-17 19:21:00,0.9373,0.9375,0.9371,0.9375,203.77
coinbase,USDCEUR,1679081520000,2023-03-17 19:32:00,0.9375,0.9375,0.9375,0.9375,388.88
coinbase,USDCEUR,1679082060000,2023-03-17 19:41:00,0.9371,0.9375,0.9371,0.9375,34.65
coinbase,USDCEUR,1679082420000,2023-03-17 19:47:00,0.9375,0.9375,0.9372,0.9372,16.21
coinbase,USDCEUR,1679082780000,2023-03-17 19:53:00,0.9373,0.9374,0.9373,0.9374,84.73
coinbase,USDCEUR,1679047560000,2023-03-17 10:06:00,0.9389,0.939,0.9389,0.939,166.64
coinbase,USDCEUR,1679047620000,2023-03-17 10:07:00,0.939,0.939,0.939,0.939,13061.54
coinbase,USDCEUR,1679047680000,2023-03-17 10:08:00,0.939,0.939,0.939,0.939,10765.62
coinbase,USDCEUR,1679047860000,2023-03-17 10:11:00,0.939,0.939,0.939,0.939,5294.66
coinbase,USDCEUR,1679047920000,2023-03-17 10:12:00,0.939,0.939,0.939,0.939,31565.91
coinbase,USDCEUR,1679047980000,2023-03-17 10:13:00,0.939,0.939,0.939,0.939,24076.52
coinbase,USDCEUR,1679048040000,2023-03-17 10:14:00,0.939,0.9395,0.939,0.9395,15517.99
coinbase,USDCEUR,1679048220000,2023-03-17 10:17:00,0.9394,0.9395,0.9394,0.9395,146.94
coinbase,USDCEUR,1679048280000,2023-03-17 10:18:00,0.94,0.9402,0.94,0.9402,68.77
coinbase,USDCEUR,1679048520000,2023-03-17 10:22:00,0.9402,0.9402,0.9399,0.9399,155.69
coinbase,USDCEUR,1679049360000,2023-03-17 10:36:00,0.9399,0.9405,0.9399,0.9399,719.06
coinbase,USDCEUR,1679049900000,2023-03-17 10:45:00,0.9405,0.9405,0.94,0.94,126.74
coinbase,USDCEUR,1679050500000,2023-03-17 10:55:00,0.9404,0.9404,0.9404,0.9404,1207.51
coinbase,USDCEUR,1679051460000,2023-03-17 11:11:00,0.9405,0.9405,0.9405,0.9405,250.23
coinbase,USDCEUR,1679051820000,2023-03-17 11:17:00,0.9401,0.9405,0.94,0.94,2062.93
coinbase,USDCEUR,1679052360000,2023-03-17 11:26:00,0.9405,0.9405,0.9405,0.9405,172.42
coinbase,USDCEUR,1679052540000,2023-03-17 11:29:00,0.9405,0.941,0.9405,0.941,183.61
coinbase,USDCEUR,1679052600000,2023-03-17 11:30:00,0.941,0.941,0.941,0.941,6932.25
coinbase,USDCEUR,1679052660000,2023-03-17 11:31:00,0.941,0.9414,0.941,0.9414,4713.52
coinbase,USDCEUR,1679052840000,2023-03-17 11:34:00,0.9414,0.9414,0.9413,0.9413,139.23
coinbase,USDCEUR,1679053380000,2023-03-17 11:43:00,0.9413,0.9414,0.9413,0.9414,21.96
coinbase,USDCEUR,1679054040000,2023-03-17 11:54:00,0.941,0.941,0.9407,0.9407,154.63
coinbase,USDCEUR,1679054340000,2023-03-17 11:59:00,0.9408,0.9408,0.9408,0.9408,32.11
coinbase,USDCEUR,1679054400000,2023-03-17 12:00:00,0.9407,0.9408,0.9407,0.9408,35.53
coinbase,USDCEUR,1679054520000,2023-03-17 12:02:00,0.9408,0.9408,0.9408,0.9408,359.63
coinbase,USDCEUR,1679054580000,2023-03-17 12:03:00,0.9413,0.9413,0.9408,0.9408,233.72
coinbase,USDCEUR,1679054760000,2023-03-17 12:06:00,0.9407,0.9407,0.9407,0.9407,334.89
coinbase,USDCEUR,1679054820000,2023-03-17 12:07:00,0.9407,0.9407,0.9407,0.9407,48.06
coinbase,USDCEUR,1679055000000,2023-03-17 12:10:00,0.9407,0.9407,0.9404,0.9407,205.48
coinbase,USDCEUR,1679056020000,2023-03-17 12:27:00,0.9413,0.9413,0.9413,0.9413,322.95
coinbase,USDCEUR,1679056080000,2023-03-17 12:28:00,0.9414,0.9414,0.9414,0.9414,695.67
coinbase,USDCEUR,1679056140000,2023-03-17 12:29:00,0.9414,0.9417,0.9414,0.9417,1370.03
coinbase,USDCEUR,1679056620000,2023-03-17 12:37:00,0.9418,0.942,0.9417,0.9417,2120.4
coinbase,USDCEUR,1679057160000,2023-03-17 12:46:00,0.9418,0.9418,0.9417,0.9417,126.41
coinbase,USDCEUR,1679057460000,2023-03-17 12:51:00,0.9417,0.9418,0.9417,0.9418,108.16
coinbase,USDCEUR,1679057520000,2023-03-17 12:52:00,0.9418,0.9418,0.9417,0.9417,337.83
coinbase,USDCEUR,1679057580000,2023-03-17 12:53:00,0.9417,0.9417,0.9415,0.9415,1559.28
coinbase,USDCEUR,1679057820000,2023-03-17 12:57:00,0.9415,0.9415,0.9413,0.9413,273.84
coinbase,USDCEUR,1679057940000,2023-03-17 12:59:00,0.9414,0.9414,0.941,0.941,1268.42
coinbase,USDCEUR,1679058000000,2023-03-17 13:00:00,0.941,0.941,0.9407,0.9407,142.14
coinbase,USDCEUR,1679058180000,2023-03-17 13:03:00,0.9407,0.9407,0.9407,0.9407,151.06
coinbase,USDCEUR,1679058240000,2023-03-17 13:04:00,0.9407,0.9408,0.9407,0.9408,3290.67
coinbase,USDCEUR,1679059140000,2023-03-17 13:19:00,0.9408,0.9408,0.9405,0.9408,14920.78
coinbase,USDCEUR,1679059200000,2023-03-17 13:20:00,0.9408,0.9408,0.9408,0.9408,3151.52
coinbase,USDCEUR,1679059500000,2023-03-17 13:25:00,0.9408,0.9408,0.9406,0.9406,317.31
coinbase,USDCEUR,1679059620000,2023-03-17 13:27:00,0.9407,0.9407,0.9407,0.9407,5564.45
coinbase,USDCEUR,1679059800000,2023-03-17 13:30:00,0.941,0.941,0.9407,0.9407,85.66
coinbase,USDCEUR,1679059980000,2023-03-17 13:33:00,0.941,0.9412,0.941,0.9412,132.71
coinbase,USDCEUR,1679060280000,2023-03-17 13:38:00,0.9411,0.9413,0.9411,0.9413,104.73
coinbase,USDCEUR,1679061000000,2023-03-17 13:50:00,0.9413,0.9414,0.9413,0.9414,395.59
coinbase,USDCEUR,1679061540000,2023-03-17 13:59:00,0.9414,0.9414,0.9407,0.9407,221.28
coinbase,USDCEUR,1679061600000,2023-03-17 14:00:00,0.9406,0.9407,0.9406,0.9407,7.61
coinbase,USDCEUR,1679061660000,2023-03-17 14:01:00,0.9402,0.9407,0.9402,0.9402,76.08
coinbase,USDCEUR,1679061720000,2023-03-17 14:02:00,0.9402,0.9405,0.94,0.9405,920.15
coinbase,USDCEUR,1679062380000,2023-03-17 14:13:00,0.9404,0.9404,0.9402,0.9402,183.26
coinbase,USDCEUR,1679062920000,2023-03-17 14:22:00,0.9405,0.9405,0.9405,0.9405,5.08
coinbase,USDCEUR,1679062980000,2023-03-17 14:23:00,0.9405,0.9405,0.9405,0.9405,62.02
coinbase,USDCEUR,1679063100000,2023-03-17 14:25:00,0.9405,0.9406,0.9405,0.9406,353.17
coinbase,USDCEUR,1679063580000,2023-03-17 14:33:00,0.9407,0.9409,0.9407,0.9408,29.39
coinbase,USDCEUR,1679064420000,2023-03-17 14:47:00,0.9404,0.9404,0.9403,0.9403,76.84
coinbase,USDCEUR,1679064600000,2023-03-17 14:50:00,0.9403,0.9403,0.94,0.94,436.99
coinbase,USDCEUR,1679064720000,2023-03-17 14:52:00,0.94,0.9401,0.94,0.94,1404.5
coinbase,USDCEUR,1679064960000,2023-03-17 14:56:00,0.9403,0.9403,0.9402,0.9402,302.13
coinbase,USDCEUR,1679029320000,2023-03-17 05:02:00,0.9385,0.9386,0.9385,0.9386,25.15
coinbase,USDCEUR,1679030640000,2023-03-17 05:24:00,0.9384,0.9386,0.9384,0.9386,1287.9
coinbase,USDCEUR,1679031120000,2023-03-17 05:32:00,0.9383,0.9386,0.9383,0.9386,7817.53
coinbase,USDCEUR,1679031480000,2023-03-17 05:38:00,0.9386,0.9386,0.9386,0.9386,1055.91
coinbase,USDCEUR,1679032320000,2023-03-17 05:52:00,0.9386,0.9386,0.9386,0.9386,4653.29
coinbase,USDCEUR,1679032380000,2023-03-17 05:53:00,0.9386,0.9386,0.9384,0.9384,7402.78
coinbase,USDCEUR,1679032500000,2023-03-17 05:55:00,0.9384,0.9389,0.9384,0.9389,2324.82
coinbase,USDCEUR,1679033580000,2023-03-17 06:13:00,0.9388,0.9391,0.9388,0.9391,216.62
coinbase,USDCEUR,1679034180000,2023-03-17 06:23:00,0.9391,0.9391,0.9389,0.9389,53.79
coinbase,USDCEUR,1679034360000,2023-03-17 06:26:00,0.9389,0.9389,0.9389,0.9389,198.58
coinbase,USDCEUR,1679034540000,2023-03-17 06:29:00,0.9391,0.9391,0.9386,0.9386,308.11
coinbase,USDCEUR,1679035140000,2023-03-17 06:39:00,0.939,0.939,0.9389,0.9389,90.06
coinbase,USDCEUR,1679035920000,2023-03-17 06:52:00,0.9385,0.9385,0.9383,0.9383,1212.85
coinbase,USDCEUR,1679035980000,2023-03-17 06:53:00,0.9383,0.9383,0.9382,0.9382,68.68
coinbase,USDCEUR,1679036280000,2023-03-17 06:58:00,0.9375,0.9375,0.9371,0.9371,16.52
coinbase,USDCEUR,1679037060000,2023-03-17 07:11:00,0.9372,0.9372,0.937,0.937,4450.8
coinbase,USDCEUR,1679037360000,2023-03-17 07:16:00,0.937,0.937,0.9369,0.9369,1092.85
coinbase,USDCEUR,1679037660000,2023-03-17 07:21:00,0.9368,0.9368,0.9368,0.9368,1.32
coinbase,USDCEUR,1679037780000,2023-03-17 07:23:00,0.937,0.9373,0.937,0.9373,4487
coinbase,USDCEUR,1679037840000,2023-03-17 07:24:00,0.9373,0.9373,0.9361,0.9372,11.74
coinbase,USDCEUR,1679038500000,2023-03-17 07:35:00,0.9359,0.9359,0.9358,0.9358,417.03
coinbase,USDCEUR,1679038620000,2023-03-17 07:37:00,0.9358,0.9358,0.9355,0.9355,3070.67
coinbase,USDCEUR,1679038740000,2023-03-17 07:39:00,0.9354,0.9368,0.9351,0.9368,2252.39
coinbase,USDCEUR,1679038800000,2023-03-17 07:40:00,0.9362,0.9366,0.9362,0.9366,13390.67
coinbase,USDCEUR,1679038920000,2023-03-17 07:42:00,0.9367,0.9367,0.9367,0.9367,128.41
coinbase,USDCEUR,1679039280000,2023-03-17 07:48:00,0.9364,0.9365,0.9364,0.9365,2987.98
coinbase,USDCEUR,1679039580000,2023-03-17 07:53:00,0.9367,0.9367,0.9366,0.9366,6011.79
coinbase,USDCEUR,1679039940000,2023-03-17 07:59:00,0.9367,0.9367,0.9367,0.9367,18.85
coinbase,USDCEUR,1679040420000,2023-03-17 08:07:00,0.9368,0.937,0.9368,0.937,1405.94
coinbase,USDCEUR,1679040540000,2023-03-17 08:09:00,0.937,0.937,0.9368,0.9368,10206.57
coinbase,USDCEUR,1679040720000,2023-03-17 08:12:00,0.9371,0.9373,0.9371,0.9373,2054.54
coinbase,USDCEUR,1679040840000,2023-03-17 08:14:00,0.9374,0.9376,0.9374,0.9376,162.51
coinbase,USDCEUR,1679041020000,2023-03-17 08:17:00,0.9375,0.9375,0.9375,0.9375,13.03
coinbase,USDCEUR,1679041080000,2023-03-17 08:18:00,0.9376,0.9377,0.9376,0.9377,1957.82
coinbase,USDCEUR,1679041140000,2023-03-17 08:19:00,0.9377,0.9377,0.9377,0.9377,285.89
coinbase,USDCEUR,1679041440000,2023-03-17 08:24:00,0.9377,0.9377,0.9377,0.9377,4070.64
coinbase,USDCEUR,1679041560000,2023-03-17 08:26:00,0.9377,0.9377,0.9377,0.9377,22874.52
coinbase,USDCEUR,1679041620000,2023-03-17 08:27:00,0.9377,0.9377,0.9377,0.9377,4142.91
coinbase,USDCEUR,1679041740000,2023-03-17 08:29:00,0.938,0.9383,0.938,0.9383,894.44
coinbase,USDCEUR,1679041920000,2023-03-17 08:32:00,0.9385,0.9386,0.9385,0.9386,5138.19
coinbase,USDCEUR,1679042100000,2023-03-17 08:35:00,0.9387,0.9387,0.9387,0.9387,8575.81
coinbase,USDCEUR,1679042220000,2023-03-17 08:37:00,0.9387,0.9387,0.9387,0.9387,1032.65
coinbase,USDCEUR,1679042280000,2023-03-17 08:38:00,0.9387,0.9387,0.9384,0.9384,5400.37
coinbase,USDCEUR,1679042820000,2023-03-17 08:47:00,0.9381,0.9382,0.9381,0.9382,99.67
coinbase,USDCEUR,1679043000000,2023-03-17 08:50:00,0.9382,0.9382,0.9382,0.9382,82.83
coinbase,USDCEUR,1679043120000,2023-03-17 08:52:00,0.9382,0.9382,0.9382,0.9382,1079.42
coinbase,USDCEUR,1679043360000,2023-03-17 08:56:00,0.9382,0.9382,0.938,0.938,68.75
coinbase,USDCEUR,1679043600000,2023-03-17 09:00:00,0.938,0.938,0.9378,0.9378,125.15
coinbase,USDCEUR,1679043780000,2023-03-17 09:03:00,0.9378,0.9378,0.9375,0.9375,70.28
coinbase,USDCEUR,1679044440000,2023-03-17 09:14:00,0.9376,0.9376,0.9374,0.9374,69.16
coinbase,USDCEUR,1679044560000,2023-03-17 09:16:00,0.9374,0.9374,0.9374,0.9374,16.38
coinbase,USDCEUR,1679044680000,2023-03-17 09:18:00,0.9374,0.9374,0.9373,0.9373,15.93
coinbase,USDCEUR,1679044800000,2023-03-17 09:20:00,0.9373,0.9373,0.9373,0.9373,9034.48
coinbase,USDCEUR,1679044920000,2023-03-17 09:22:00,0.9374,0.9378,0.9374,0.9378,1854.95
coinbase,USDCEUR,1679045580000,2023-03-17 09:33:00,0.9378,0.9378,0.9378,0.9378,54.92
coinbase,USDCEUR,1679046000000,2023-03-17 09:40:00,0.9377,0.9378,0.9377,0.9378,869.71
coinbase,USDCEUR,1679046540000,2023-03-17 09:49:00,0.9382,0.9382,0.9382,0.9382,274.94
coinbase,USDCEUR,1679046600000,2023-03-17 09:50:00,0.9382,0.9386,0.9382,0.9386,343.59
coinbase,USDCEUR,1679046720000,2023-03-17 09:52:00,0.9386,0.9389,0.9386,0.9389,274.13
coinbase,USDCEUR,1679011200000,2023-03-17 00:00:00,0.9414,0.9414,0.9414,0.9414,5
coinbase,USDCEUR,1679011320000,2023-03-17 00:02:00,0.9413,0.9414,0.9411,0.9414,1185.34
coinbase,USDCEUR,1679011620000,2023-03-17 00:07:00,0.9414,0.9414,0.9413,0.9413,8.37
coinbase,USDCEUR,1679012400000,2023-03-17 00:20:00,0.9413,0.9413,0.9413,0.9413,963.36
coinbase,USDCEUR,1679013000000,2023-03-17 00:30:00,0.9413,0.9414,0.9413,0.9414,84.56
coinbase,USDCEUR,1679013120000,2023-03-17 00:32:00,0.9413,0.9414,0.9413,0.9414,82.47
coinbase,USDCEUR,1679013420000,2023-03-17 00:37:00,0.9414,0.9414,0.9414,0.9414,167.58
coinbase,USDCEUR,1679013540000,2023-03-17 00:39:00,0.9414,0.9414,0.9414,0.9414,1101.99
coinbase,USDCEUR,1679013720000,2023-03-17 00:42:00,0.9414,0.9414,0.9414,0.9414,2.6
coinbase,USDCEUR,1679014260000,2023-03-17 00:51:00,0.9414,0.9414,0.9414,0.9414,573.61
coinbase,USDCEUR,1679014320000,2023-03-17 00:52:00,0.9414,0.9414,0.9414,0.9414,3368.43
coinbase,USDCEUR,1679016120000,2023-03-17 01:22:00,0.9411,0.9411,0.941,0.941,403.85
coinbase,USDCEUR,1679016360000,2023-03-17 01:26:00,0.9409,0.9409,0.9408,0.9408,1640.07
coinbase,USDCEUR,1679016540000,2023-03-17 01:29:00,0.94,0.9406,0.94,0.9406,12.1
coinbase,USDCEUR,1679017020000,2023-03-17 01:37:00,0.9407,0.9407,0.9401,0.9406,389.12
coinbase,USDCEUR,1679017200000,2023-03-17 01:40:00,0.9406,0.9406,0.9406,0.9406,42.57
coinbase,USDCEUR,1679017980000,2023-03-17 01:53:00,0.9399,0.9401,0.9399,0.9401,70.27
coinbase,USDCEUR,1679018280000,2023-03-17 01:58:00,0.9399,0.9404,0.9399,0.9404,554.84
coinbase,USDCEUR,1679018460000,2023-03-17 02:01:00,0.9399,0.9399,0.9399,0.9399,74.74
coinbase,USDCEUR,1679018700000,2023-03-17 02:05:00,0.9401,0.9401,0.94,0.94,107.28
coinbase,USDCEUR,1679018820000,2023-03-17 02:07:00,0.9399,0.9399,0.9399,0.9399,11.28
coinbase,USDCEUR,1679019480000,2023-03-17 02:18:00,0.9399,0.9399,0.9397,0.9397,86.7
coinbase,USDCEUR,1679019720000,2023-03-17 02:22:00,0.9397,0.9397,0.9397,0.9397,6.15
coinbase,USDCEUR,1679020020000,2023-03-17 02:27:00,0.9397,0.9397,0.9393,0.9394,294.75
coinbase,USDCEUR,1679020200000,2023-03-17 02:30:00,0.9394,0.9398,0.9394,0.9394,152.38
coinbase,USDCEUR,1679020320000,2023-03-17 02:32:00,0.9393,0.9397,0.9392,0.9397,187.27
coinbase,USDCEUR,1679020440000,2023-03-17 02:34:00,0.9396,0.9396,0.9388,0.9395,625.6
coinbase,USDCEUR,1679020500000,2023-03-17 02:35:00,0.9397,0.9402,0.9397,0.9401,157.31
coinbase,USDCEUR,1679020860000,2023-03-17 02:41:00,0.9398,0.9398,0.9394,0.9394,59.46
coinbase,USDCEUR,1679021220000,2023-03-17 02:47:00,0.9393,0.9393,0.9393,0.9393,8.82
coinbase,USDCEUR,1679021400000,2023-03-17 02:50:00,0.9394,0.9396,0.9394,0.9396,2165.52
coinbase,USDCEUR,1679022120000,2023-03-17 03:02:00,0.9396,0.9396,0.9396,0.9396,2181.38
coinbase,USDCEUR,1679022180000,2023-03-17 03:03:00,0.9396,0.9396,0.9396,0.9396,197.69
coinbase,USDCEUR,1679022420000,2023-03-17 03:07:00,0.9396,0.9396,0.9396,0.9396,219.12
coinbase,USDCEUR,1679022480000,2023-03-17 03:08:00,0.9396,0.9396,0.9396,0.9396,133.39
coinbase,USDCEUR,1679022660000,2023-03-17 03:11:00,0.9396,0.9396,0.9396,0.9396,8188.69
coinbase,USDCEUR,1679022900000,2023-03-17 03:15:00,0.9396,0.9396,0.939,0.939,1938.45
coinbase,USDCEUR,1679023260000,2023-03-17 03:21:00,0.939,0.939,0.9388,0.9388,77.01
coinbase,USDCEUR,1679023740000,2023-03-17 03:29:00,0.9388,0.9388,0.9388,0.9388,13.47
coinbase,USDCEUR,1679024220000,2023-03-17 03:37:00,0.9388,0.9388,0.9388,0.9388,12.37
coinbase,USDCEUR,1679024340000,2023-03-17 03:39:00,0.9388,0.9388,0.9388,0.9388,26.92
coinbase,USDCEUR,1679024400000,2023-03-17 03:40:00,0.9392,0.9392,0.9388,0.9388,98.58
coinbase,USDCEUR,1679024580000,2023-03-17 03:43:00,0.9388,0.9392,0.9388,0.9392,79.83
coinbase,USDCEUR,1679024700000,2023-03-17 03:45:00,0.9392,0.9392,0.9388,0.9388,112.4
coinbase,USDCEUR,1679025180000,2023-03-17 03:53:00,0.9392,0.9392,0.9388,0.9388,9.84
coinbase,USDCEUR,1679025360000,2023-03-17 03:56:00,0.9388,0.9388,0.9388,0.9388,15.59
coinbase,USDCEUR,1679025420000,2023-03-17 03:57:00,0.9388,0.9392,0.9385,0.9392,399.24
coinbase,USDCEUR,1679026380000,2023-03-17 04:13:00,0.9386,0.9386,0.9383,0.9383,186.75
coinbase,USDCEUR,1679026740000,2023-03-17 04:19:00,0.9386,0.9386,0.9383,0.9383,13.93
coinbase,USDCEUR,1679027040000,2023-03-17 04:24:00,0.9384,0.9384,0.9383,0.9383,72.55
coinbase,USDCEUR,1678993740000,2023-03-16 19:09:00,0.9417,0.9417,0.9416,0.9417,119
coinbase,USDCEUR,1678994580000,2023-03-16 19:23:00,0.9417,0.9417,0.9417,0.9417,36.86
coinbase,USDCEUR,1678994640000,2023-03-16 19:24:00,0.9417,0.9417,0.9415,0.9415,406.68
coinbase,USDCEUR,1678995000000,2023-03-16 19:30:00,0.9416,0.9416,0.9416,0.9416,101.6
coinbase,USDCEUR,1678995060000,2023-03-16 19:31:00,0.9416,0.9416,0.9416,0.9416,453.48
coinbase,USDCEUR,1678995120000,2023-03-16 19:32:00,0.9417,0.9419,0.9417,0.9418,10576.49
coinbase,USDCEUR,1678996020000,2023-03-16 19:47:00,0.9418,0.9418,0.9418,0.9418,123.85
coinbase,USDCEUR,1678996260000,2023-03-16 19:51:00,0.9417,0.9417,0.9416,0.9416,6263.76
coinbase,USDCEUR,1678996500000,2023-03-16 19:55:00,0.9416,0.9416,0.9415,0.9416,6344.54
coinbase,USDCEUR,1678996860000,2023-03-16 20:01:00,0.9416,0.9416,0.9416,0.9416,223.95
coinbase,USDCEUR,1678996980000,2023-03-16 20:03:00,0.9416,0.9416,0.9416,0.9416,58.03
coinbase,USDCEUR,1678997040000,2023-03-16 20:04:00,0.9416,0.9416,0.9415,0.9415,2089.39
coinbase,USDCEUR,1678997160000,2023-03-16 20:06:00,0.9416,0.9421,0.9416,0.9419,1592.88
coinbase,USDCEUR,1678997880000,2023-03-16 20:18:00,0.942,0.942,0.942,0.942,2496.8
coinbase,USDCEUR,1678998540000,2023-03-16 20:29:00,0.9421,0.9421,0.9421,0.9421,119.34
coinbase,USDCEUR,1678999020000,2023-03-16 20:37:00,0.9421,0.9421,0.9418,0.9418,9.85
coinbase,USDCEUR,1678999620000,2023-03-16 20:47:00,0.9416,0.9417,0.9416,0.9416,806.94
coinbase,USDCEUR,1679000100000,2023-03-16 20:55:00,0.9415,0.9419,0.9415,0.9419,93.02
coinbase,USDCEUR,1679000760000,2023-03-16 21:06:00,0.9416,0.9416,0.9416,0.9416,32.63
coinbase,USDCEUR,1679001300000,2023-03-16 21:15:00,0.9417,0.9417,0.9417,0.9417,516.75
coinbase,USDCEUR,1679001420000,2023-03-16 21:17:00,0.9417,0.9417,0.9417,0.9417,313.49
coinbase,USDCEUR,1679001720000,2023-03-16 21:22:00,0.9418,0.9418,0.9418,0.9418,1469.48
coinbase,USDCEUR,1679001780000,2023-03-16 21:23:00,0.9418,0.9418,0.9417,0.9417,831.33
coinbase,USDCEUR,1679002260000,2023-03-16 21:31:00,0.9416,0.9416,0.9416,0.9416,971.76
coinbase,USDCEUR,1679002740000,2023-03-16 21:39:00,0.9414,0.9416,0.9413,0.9416,161.34
coinbase,USDCEUR,1679002800000,2023-03-16 21:40:00,0.9413,0.9413,0.9413,0.9413,156.94
coinbase,USDCEUR,1679002920000,2023-03-16 21:42:00,0.9416,0.9416,0.9413,0.9413,239.56
coinbase,USDCEUR,1679003160000,2023-03-16 21:46:00,0.9413,0.9413,0.9413,0.9413,2.04
coinbase,USDCEUR,1679004060000,2023-03-16 22:01:00,0.9415,0.9416,0.9415,0.9416,56.27
coinbase,USDCEUR,1679005500000,2023-03-16 22:25:00,0.9414,0.9414,0.9414,0.9414,317.74
coinbase,USDCEUR,1679006700000,2023-03-16 22:45:00,0.9413,0.9414,0.9413,0.9414,39.79
coinbase,USDCEUR,1679007000000,2023-03-16 22:50:00,0.9414,0.9414,0.9414,0.9414,1054.66
coinbase,USDCEUR,1679007060000,2023-03-16 22:51:00,0.9413,0.9413,0.9413,0.9413,20.47
coinbase,USDCEUR,1679007240000,2023-03-16 22:54:00,0.9414,0.9414,0.9414,0.9414,299.31
coinbase,USDCEUR,1679008260000,2023-03-16 23:11:00,0.9414,0.9414,0.9414,0.9414,3138.34
coinbase,USDCEUR,1679008680000,2023-03-16 23:18:00,0.9414,0.9414,0.9414,0.9414,2450.22
coinbase,USDCEUR,1679009820000,2023-03-16 23:37:00,0.9413,0.9413,0.9413,0.9413,55.48
coinbase,USDCEUR,1679010000000,2023-03-16 23:40:00,0.9413,0.9413,0.9413,0.9413,232.52
coinbase,USDCEUR,1679010240000,2023-03-16 23:44:00,0.9412,0.9412,0.9412,0.9412,220.18
coinbase,USDCEUR,1679010360000,2023-03-16 23:46:00,0.9413,0.9413,0.9413,0.9413,73.45
coinbase,USDCEUR,1679010780000,2023-03-16 23:53:00,0.9413,0.9413,0.9413,0.9413,0.85
coinbase,USDCEUR,1679010900000,2023-03-16 23:55:00,0.9413,0.9414,0.9413,0.9414,1113.54
coinbase,USDCEUR,1679011200000,2023-03-17 00:00:00,0.9414,0.9414,0.9414,0.9414,5
coinbase,USDCEUR,1678975200000,2023-03-16 14:00:00,0.9422,0.9429,0.9422,0.9429,79.14
coinbase,USDCEUR,1678975260000,2023-03-16 14:01:00,0.9424,0.9435,0.9424,0.9435,283.02
coinbase,USDCEUR,1678975620000,2023-03-16 14:07:00,0.9431,0.9431,0.9431,0.9431,71.1
coinbase,USDCEUR,1678975920000,2023-03-16 14:12:00,0.9427,0.9431,0.9427,0.9431,1115.11
coinbase,USDCEUR,1678976280000,2023-03-16 14:18:00,0.9427,0.9431,0.9424,0.9431,16345.12
coinbase,USDCEUR,1678976340000,2023-03-16 14:19:00,0.943,0.943,0.943,0.943,149.11
coinbase,USDCEUR,1678976400000,2023-03-16 14:20:00,0.943,0.9431,0.943,0.9431,2094.49
coinbase,USDCEUR,1678976520000,2023-03-16 14:22:00,0.9431,0.9435,0.9431,0.9435,64324.53
coinbase,USDCEUR,1678976700000,2023-03-16 14:25:00,0.9435,0.9439,0.9435,0.9439,7846.47
coinbase,USDCEUR,1678977000000,2023-03-16 14:30:00,0.9444,0.9444,0.9444,0.9444,77.86
coinbase,USDCEUR,1678977180000,2023-03-16 14:33:00,0.9442,0.9442,0.9442,0.9442,605.31
coinbase,USDCEUR,1678977360000,2023-03-16 14:36:00,0.9441,0.9444,0.9441,0.9444,263.2
coinbase,USDCEUR,1678977840000,2023-03-16 14:44:00,0.9444,0.9444,0.9438,0.9438,94.19
coinbase,USDCEUR,1678978140000,2023-03-16 14:49:00,0.9438,0.9438,0.9435,0.9435,105.36
coinbase,USDCEUR,1678978200000,2023-03-16 14:50:00,0.9436,0.9436,0.9434,0.9434,292.99
coinbase,USDCEUR,1678978320000,2023-03-16 14:52:00,0.9432,0.9432,0.943,0.943,163.75
coinbase,USDCEUR,1678978500000,2023-03-16 14:55:00,0.9433,0.9433,0.9432,0.9432,694.39
coinbase,USDCEUR,1678978620000,2023-03-16 14:57:00,0.9431,0.9433,0.9431,0.9433,3.42
coinbase,USDCEUR,1678978680000,2023-03-16 14:58:00,0.9433,0.9433,0.9432,0.9432,69.11
coinbase,USDCEUR,1678978740000,2023-03-16 14:59:00,0.9433,0.9433,0.9433,0.9433,1059.87
coinbase,USDCEUR,1678978800000,2023-03-16 15:00:00,0.943,0.943,0.9427,0.9427,544.44
coinbase,USDCEUR,1678979340000,2023-03-16 15:09:00,0.9425,0.9425,0.9423,0.9425,2084.02
coinbase,USDCEUR,1678979940000,2023-03-16 15:19:00,0.9425,0.9425,0.9425,0.9425,8014.69
coinbase,USDCEUR,1678980000000,2023-03-16 15:20:00,0.9425,0.9425,0.9425,0.9425,432.08
coinbase,USDCEUR,1678980120000,2023-03-16 15:22:00,0.9424,0.9425,0.9424,0.9425,1048.77
coinbase,USDCEUR,1678980180000,2023-03-16 15:23:00,0.9425,0.9426,0.9425,0.9426,1905.67
coinbase,USDCEUR,1678980720000,2023-03-16 15:32:00,0.9428,0.9431,0.9428,0.9431,404.56
coinbase,USDCEUR,1678980780000,2023-03-16 15:33:00,0.9431,0.9433,0.9431,0.9433,452.36
coinbase,USDCEUR,1678980900000,2023-03-16 15:35:00,0.9433,0.9437,0.9433,0.9437,1296.4
coinbase,USDCEUR,1678981020000,2023-03-16 15:37:00,0.944,0.944,0.9439,0.9439,502.5
coinbase,USDCEUR,1678981200000,2023-03-16 15:40:00,0.9439,0.9439,0.9438,0.9438,378.67
coinbase,USDCEUR,1678981380000,2023-03-16 15:43:00,0.9438,0.9442,0.9438,0.9442,398.58
coinbase,USDCEUR,1678981500000,2023-03-16 15:45:00,0.9438,0.9438,0.9437,0.9438,2500.88
coinbase,USDCEUR,1678981620000,2023-03-16 15:47:00,0.9438,0.9438,0.9437,0.9437,350.91
coinbase,USDCEUR,1678981740000,2023-03-16 15:49:00,0.9434,0.9434,0.9434,0.9434,68.34
coinbase,USDCEUR,1678981800000,2023-03-16 15:50:00,0.9434,0.9434,0.9429,0.9429,5.53
coinbase,USDCEUR,1678981860000,2023-03-16 15:51:00,0.9433,0.9433,0.9429,0.9429,127.69
coinbase,USDCEUR,1678981920000,2023-03-16 15:52:00,0.9429,0.9429,0.9426,0.9426,125.11
coinbase,USDCEUR,1678981980000,2023-03-16 15:53:00,0.9426,0.9426,0.9421,0.9421,672.6
coinbase,USDCEUR,1678982040000,2023-03-16 15:54:00,0.9418,0.9418,0.9417,0.9417,14.13
coinbase,USDCEUR,1678982280000,2023-03-16 15:58:00,0.9417,0.9418,0.9417,0.9418,214.15
coinbase,USDCEUR,1678982760000,2023-03-16 16:06:00,0.9421,0.9421,0.9421,0.9421,48.62
coinbase,USDCEUR,1678982940000,2023-03-16 16:09:00,0.9421,0.9421,0.9421,0.9421,2094.14
coinbase,USDCEUR,1678983120000,2023-03-16 16:12:00,0.9421,0.9425,0.9421,0.9425,2142.23
coinbase,USDCEUR,1678983720000,2023-03-16 16:22:00,0.9425,0.9425,0.9425,0.9425,3.4
coinbase,USDCEUR,1678983900000,2023-03-16 16:25:00,0.9423,0.9423,0.9423,0.9423,31.9
coinbase,USDCEUR,1678984800000,2023-03-16 16:40:00,0.9418,0.9418,0.9418,0.9418,8.16
coinbase,USDCEUR,1678985040000,2023-03-16 16:44:00,0.9417,0.9417,0.9417,0.9417,13.07
coinbase,USDCEUR,1678985100000,2023-03-16 16:45:00,0.9417,0.9417,0.9416,0.9416,391.67
coinbase,USDCEUR,1678985220000,2023-03-16 16:47:00,0.9416,0.9416,0.9414,0.9416,3161.37
coinbase,USDCEUR,1678985400000,2023-03-16 16:50:00,0.9416,0.9417,0.9416,0.9416,10198.63
coinbase,USDCEUR,1678985520000,2023-03-16 16:52:00,0.9415,0.9415,0.9415,0.9415,148.54
coinbase,USDCEUR,1678986120000,2023-03-16 17:02:00,0.9415,0.9415,0.9415,0.9415,1052.33
coinbase,USDCEUR,1678986600000,2023-03-16 17:10:00,0.9414,0.9415,0.9414,0.9415,6047.15
coinbase,USDCEUR,1678986720000,2023-03-16 17:12:00,0.9415,0.9416,0.9415,0.9416,6313.66
coinbase,USDCEUR,1678986840000,2023-03-16 17:14:00,0.9416,0.9416,0.9416,0.9416,50.96
coinbase,USDCEUR,1678986900000,2023-03-16 17:15:00,0.9416,0.9416,0.9416,0.9416,62.9
coinbase,USDCEUR,1678986960000,2023-03-16 17:16:00,0.9416,0.9416,0.9416,0.9416,112.5
coinbase,USDCEUR,1678987200000,2023-03-16 17:20:00,0.9416,0.9416,0.9416,0.9416,58.24
coinbase,USDCEUR,1678987260000,2023-03-16 17:21:00,0.9416,0.9416,0.9416,0.9416,1065.74
coinbase,USDCEUR,1678987320000,2023-03-16 17:22:00,0.9416,0.9416,0.9416,0.9416,4277.34
coinbase,USDCEUR,1678987500000,2023-03-16 17:25:00,0.9417,0.9417,0.9417,0.9417,1211.95
coinbase,USDCEUR,1678987680000,2023-03-16 17:28:00,0.9416,0.9417,0.9416,0.9417,3046.2
coinbase,USDCEUR,1678987740000,2023-03-16 17:29:00,0.9417,0.9417,0.9417,0.9417,0.01
coinbase,USDCEUR,1678987800000,2023-03-16 17:30:00,0.9418,0.9421,0.9418,0.9421,160.58
coinbase,USDCEUR,1678987920000,2023-03-16 17:32:00,0.9421,0.9421,0.9421,0.9421,75.61
coinbase,USDCEUR,1678988520000,2023-03-16 17:42:00,0.9421,0.9425,0.9421,0.9425,5.95
coinbase,USDCEUR,1678988580000,2023-03-16 17:43:00,0.9425,0.9425,0.9425,0.9425,67.08
coinbase,USDCEUR,1678988940000,2023-03-16 17:49:00,0.9425,0.9425,0.9425,0.9425,79.05
coinbase,USDCEUR,1678989240000,2023-03-16 17:54:00,0.9425,0.9425,0.9425,0.9425,116.37
coinbase,USDCEUR,1678989300000,2023-03-16 17:55:00,0.9425,0.9428,0.9425,0.9428,3.65
coinbase,USDCEUR,1678989360000,2023-03-16 17:56:00,0.9428,0.9428,0.9428,0.9428,133.06
coinbase,USDCEUR,1678989420000,2023-03-16 17:57:00,0.943,0.943,0.9429,0.943,351.77
coinbase,USDCEUR,1678989480000,2023-03-16 17:58:00,0.943,0.943,0.943,0.943,158.37
coinbase,USDCEUR,1678989540000,2023-03-16 17:59:00,0.943,0.943,0.943,0.943,292.87
coinbase,USDCEUR,1678989660000,2023-03-16 18:01:00,0.943,0.9434,0.943,0.9434,1.9
coinbase,USDCEUR,1678989900000,2023-03-16 18:05:00,0.9432,0.9433,0.9432,0.9433,434.62
coinbase,USDCEUR,1678989960000,2023-03-16 18:06:00,0.943,0.943,0.943,0.943,75.23
coinbase,USDCEUR,1678990020000,2023-03-16 18:07:00,0.943,0.943,0.943,0.943,193.37
coinbase,USDCEUR,1678990080000,2023-03-16 18:08:00,0.943,0.9431,0.943,0.9431,149.65
coinbase,USDCEUR,1678990140000,2023-03-16 18:09:00,0.9429,0.9429,0.9429,0.9429,8.64
coinbase,USDCEUR,1678990620000,2023-03-16 18:17:00,0.9426,0.9426,0.9426,0.9426,136.85
coinbase,USDCEUR,1678990800000,2023-03-16 18:20:00,0.9426,0.9426,0.9425,0.9426,70.3
coinbase,USDCEUR,1678991400000,2023-03-16 18:30:00,0.9425,0.9425,0.9425,0.9425,132.23
coinbase,USDCEUR,1678991700000,2023-03-16 18:35:00,0.9425,0.9425,0.9425,0.9425,1237.34
coinbase,USDCEUR,1678991820000,2023-03-16 18:37:00,0.9425,0.9425,0.9425,0.9425,242.54
coinbase,USDCEUR,1678991880000,2023-03-16 18:38:00,0.9425,0.9425,0.9425,0.9425,5113.76
coinbase,USDCEUR,1678991940000,2023-03-16 18:39:00,0.9425,0.9425,0.9422,0.9422,117.52
coinbase,USDCEUR,1678992240000,2023-03-16 18:44:00,0.9422,0.9422,0.9422,0.9422,19.33
coinbase,USDCEUR,1678992300000,2023-03-16 18:45:00,0.9422,0.9422,0.9422,0.9422,0.02
coinbase,USDCEUR,1678993080000,2023-03-16 18:58:00,0.9417,0.9417,0.9417,0.9417,1077.53
coinbase,USDCEUR,1678957560000,2023-03-16 09:06:00,0.9408,0.9409,0.9408,0.9409,308.77
coinbase,USDCEUR,1678957680000,2023-03-16 09:08:00,0.9409,0.9409,0.9408,0.9408,82.26
coinbase,USDCEUR,1678957920000,2023-03-16 09:12:00,0.9408,0.9409,0.9408,0.9409,10.81
coinbase,USDCEUR,1678958640000,2023-03-16 09:24:00,0.9409,0.941,0.9409,0.941,3458.29
coinbase,USDCEUR,1678959360000,2023-03-16 09:36:00,0.9412,0.9412,0.9412,0.9412,1052.04
coinbase,USDCEUR,1678959780000,2023-03-16 09:43:00,0.9412,0.9413,0.9412,0.9413,279.6
coinbase,USDCEUR,1678959900000,2023-03-16 09:45:00,0.9415,0.9415,0.9412,0.9412,474.39
coinbase,USDCEUR,1678960140000,2023-03-16 09:49:00,0.9411,0.9412,0.9411,0.9412,3108.92
coinbase,USDCEUR,1678960200000,2023-03-16 09:50:00,0.9412,0.9413,0.9412,0.9413,5.08
coinbase,USDCEUR,1678960680000,2023-03-16 09:58:00,0.9412,0.9412,0.9412,0.9412,52.93
coinbase,USDCEUR,1678960980000,2023-03-16 10:03:00,0.9412,0.9412,0.9411,0.9411,3003.29
coinbase,USDCEUR,1678961100000,2023-03-16 10:05:00,0.9412,0.9412,0.9412,0.9412,257.39
coinbase,USDCEUR,1678961940000,2023-03-16 10:19:00,0.9412,0.9413,0.9412,0.9413,1003.09
coinbase,USDCEUR,1678962060000,2023-03-16 10:21:00,0.9413,0.9413,0.9413,0.9413,2411.89
coinbase,USDCEUR,1678962300000,2023-03-16 10:25:00,0.9413,0.942,0.9412,0.942,325.72
coinbase,USDCEUR,1678963020000,2023-03-16 10:37:00,0.9419,0.9419,0.9419,0.9419,4321.05
coinbase,USDCEUR,1678963920000,2023-03-16 10:52:00,0.9419,0.9419,0.9419,0.9419,118.06
coinbase,USDCEUR,1678964280000,2023-03-16 10:58:00,0.9419,0.9419,0.9419,0.9419,911.55
coinbase,USDCEUR,1678964340000,2023-03-16 10:59:00,0.9419,0.9419,0.9416,0.9416,263.37
coinbase,USDCEUR,1678965120000,2023-03-16 11:12:00,0.9416,0.9416,0.9416,0.9416,68.45
coinbase,USDCEUR,1678965960000,2023-03-16 11:26:00,0.9416,0.942,0.9416,0.942,1375.08
coinbase,USDCEUR,1678966620000,2023-03-16 11:37:00,0.9421,0.9421,0.9421,0.9421,4803.84
coinbase,USDCEUR,1678966740000,2023-03-16 11:39:00,0.9421,0.9423,0.9421,0.9421,14316.42
coinbase,USDCEUR,1678967040000,2023-03-16 11:44:00,0.9421,0.9426,0.9421,0.9426,32654.73
coinbase,USDCEUR,1678967100000,2023-03-16 11:45:00,0.9423,0.943,0.9423,0.943,36300.96
coinbase,USDCEUR,1678967160000,2023-03-16 11:46:00,0.9421,0.9424,0.9421,0.9422,11352.57
coinbase,USDCEUR,1678967220000,2023-03-16 11:47:00,0.9423,0.9426,0.9423,0.9426,11811.89
coinbase,USDCEUR,1678967280000,2023-03-16 11:48:00,0.9426,0.9428,0.9426,0.9428,12681.44
coinbase,USDCEUR,1678967340000,2023-03-16 11:49:00,0.9428,0.943,0.9428,0.943,22744.93
coinbase,USDCEUR,1678967520000,2023-03-16 11:52:00,0.9422,0.9423,0.942,0.942,291.13
coinbase,USDCEUR,1678968060000,2023-03-16 12:01:00,0.942,0.9421,0.942,0.9421,350.69
coinbase,USDCEUR,1678968240000,2023-03-16 12:04:00,0.9422,0.9422,0.9422,0.9422,15.19
coinbase,USDCEUR,1678968300000,2023-03-16 12:05:00,0.9422,0.9424,0.9422,0.9424,108.12
coinbase,USDCEUR,1678968540000,2023-03-16 12:09:00,0.9423,0.9423,0.9422,0.9423,1952.07
coinbase,USDCEUR,1678968900000,2023-03-16 12:15:00,0.9423,0.9423,0.9423,0.9423,2.17
coinbase,USDCEUR,1678969200000,2023-03-16 12:20:00,0.942,0.942,0.942,0.942,1062.55
coinbase,USDCEUR,1678969380000,2023-03-16 12:23:00,0.9418,0.942,0.9418,0.942,221.24
coinbase,USDCEUR,1678969800000,2023-03-16 12:30:00,0.942,0.942,0.9418,0.9418,217.63
coinbase,USDCEUR,1678969860000,2023-03-16 12:31:00,0.9418,0.9418,0.9417,0.9417,1199.99
coinbase,USDCEUR,1678970280000,2023-03-16 12:38:00,0.9417,0.9417,0.9417,0.9417,3578.46
coinbase,USDCEUR,1678970520000,2023-03-16 12:42:00,0.9417,0.9417,0.9417,0.9417,82100.26
coinbase,USDCEUR,1678970580000,2023-03-16 12:43:00,0.9417,0.944,0.9417,0.944,26181.72
coinbase,USDCEUR,1678970700000,2023-03-16 12:45:00,0.9438,0.9438,0.9433,0.9433,773.58
coinbase,USDCEUR,1678970820000,2023-03-16 12:47:00,0.9434,0.9437,0.9433,0.9437,74.47
coinbase,USDCEUR,1678971720000,2023-03-16 13:02:00,0.9437,0.9437,0.9435,0.9435,23.78
coinbase,USDCEUR,1678971960000,2023-03-16 13:06:00,0.9434,0.9434,0.9433,0.9433,10.06
coinbase,USDCEUR,1678972500000,2023-03-16 13:15:00,0.9429,0.9437,0.9423,0.9426,744.11
coinbase,USDCEUR,1678972860000,2023-03-16 13:21:00,0.9436,0.9447,0.9436,0.9446,2729.12
coinbase,USDCEUR,1678972920000,2023-03-16 13:22:00,0.9446,0.9458,0.9446,0.9457,3163.52
coinbase,USDCEUR,1678972980000,2023-03-16 13:23:00,0.9458,0.9458,0.9452,0.9453,179.36
coinbase,USDCEUR,1678973280000,2023-03-16 13:28:00,0.9446,0.945,0.9446,0.945,568.42
coinbase,USDCEUR,1678973880000,2023-03-16 13:38:00,0.9448,0.9448,0.9447,0.9447,34.33
coinbase,USDCEUR,1678973940000,2023-03-16 13:39:00,0.9448,0.9451,0.9447,0.9447,116.27
coinbase,USDCEUR,1678974060000,2023-03-16 13:41:00,0.9446,0.9446,0.944,0.9444,199.91
coinbase,USDCEUR,1678974180000,2023-03-16 13:43:00,0.944,0.944,0.944,0.944,497.56
coinbase,USDCEUR,1678974240000,2023-03-16 13:44:00,0.944,0.944,0.944,0.944,1297.67
coinbase,USDCEUR,1678974300000,2023-03-16 13:45:00,0.9438,0.9438,0.9438,0.9438,156.04
coinbase,USDCEUR,1678974360000,2023-03-16 13:46:00,0.9438,0.9439,0.9438,0.9439,4367.97
coinbase,USDCEUR,1678974420000,2023-03-16 13:47:00,0.9439,0.9439,0.9439,0.9439,2093.5
coinbase,USDCEUR,1678974600000,2023-03-16 13:50:00,0.9439,0.9439,0.9439,0.9439,66.13
coinbase,USDCEUR,1678974660000,2023-03-16 13:51:00,0.9439,0.9439,0.9432,0.9432,298.14
coinbase,USDCEUR,1678974780000,2023-03-16 13:53:00,0.9428,0.9428,0.9424,0.9425,957.11
coinbase,USDCEUR,1678975080000,2023-03-16 13:58:00,0.9425,0.9425,0.9421,0.9421,68.15
coinbase,USDCEUR,1678975200000,2023-03-16 14:00:00,0.9422,0.9429,0.9422,0.9429,79.14
coinbase,USDCEUR,1678939500000,2023-03-16 04:05:00,0.9423,0.9423,0.9419,0.9419,479.14
coinbase,USDCEUR,1678940160000,2023-03-16 04:16:00,0.9419,0.9419,0.9419,0.9419,19.19
coinbase,USDCEUR,1678940220000,2023-03-16 04:17:00,0.9419,0.9419,0.9419,0.9419,39.16
coinbase,USDCEUR,1678940940000,2023-03-16 04:29:00,0.942,0.942,0.942,0.942,592.88
coinbase,USDCEUR,1678941720000,2023-03-16 04:42:00,0.942,0.9422,0.942,0.9422,18.83
coinbase,USDCEUR,1678941900000,2023-03-16 04:45:00,0.9422,0.9422,0.9417,0.9417,39.7
coinbase,USDCEUR,1678942380000,2023-03-16 04:53:00,0.9418,0.9418,0.9418,0.9418,100.99
coinbase,USDCEUR,1678942500000,2023-03-16 04:55:00,0.9419,0.9419,0.9418,0.9419,369.01
coinbase,USDCEUR,1678942620000,2023-03-16 04:57:00,0.942,0.942,0.9419,0.9419,492.88
coinbase,USDCEUR,1678943460000,2023-03-16 05:11:00,0.9418,0.942,0.9418,0.942,40.62
coinbase,USDCEUR,1678945800000,2023-03-16 05:50:00,0.9408,0.9415,0.9408,0.9411,8516.89
coinbase,USDCEUR,1678947000000,2023-03-16 06:10:00,0.9415,0.9415,0.9415,0.9415,68.49
coinbase,USDCEUR,1678947120000,2023-03-16 06:12:00,0.9416,0.9416,0.9415,0.9415,141.08
coinbase,USDCEUR,1678948020000,2023-03-16 06:27:00,0.9418,0.9418,0.9414,0.9414,113.9
coinbase,USDCEUR,1678948800000,2023-03-16 06:40:00,0.9417,0.9417,0.9416,0.9416,34.02
coinbase,USDCEUR,1678949160000,2023-03-16 06:46:00,0.9412,0.9416,0.9412,0.9416,11.77
coinbase,USDCEUR,1678949280000,2023-03-16 06:48:00,0.9412,0.9412,0.9412,0.9412,1042.73
coinbase,USDCEUR,1678949340000,2023-03-16 06:49:00,0.9412,0.9412,0.9405,0.9408,94084.77
coinbase,USDCEUR,1678949580000,2023-03-16 06:53:00,0.9408,0.9408,0.9398,0.9398,1503.39
coinbase,USDCEUR,1678949700000,2023-03-16 06:55:00,0.9399,0.9401,0.9399,0.9401,20.84
coinbase,USDCEUR,1678950000000,2023-03-16 07:00:00,0.9406,0.9407,0.9406,0.9407,188.29
coinbase,USDCEUR,1678950300000,2023-03-16 07:05:00,0.941,0.941,0.941,0.941,4836.64
coinbase,USDCEUR,1678950360000,2023-03-16 07:06:00,0.941,0.9411,0.941,0.9411,269.36
coinbase,USDCEUR,1678950480000,2023-03-16 07:08:00,0.9411,0.9411,0.9411,0.9411,2086.39
coinbase,USDCEUR,1678950540000,2023-03-16 07:09:00,0.9411,0.9411,0.9411,0.9411,2876.1
coinbase,USDCEUR,1678950780000,2023-03-16 07:13:00,0.9414,0.9415,0.941,0.941,197.75
coinbase,USDCEUR,1678950900000,2023-03-16 07:15:00,0.9414,0.9414,0.9413,0.9413,66.4
coinbase,USDCEUR,1678951680000,2023-03-16 07:28:00,0.9403,0.941,0.9391,0.9391,8452.6
coinbase,USDCEUR,1678952040000,2023-03-16 07:34:00,0.9395,0.9404,0.9395,0.9404,15.26
coinbase,USDCEUR,1678952460000,2023-03-16 07:41:00,0.9398,0.94,0.9398,0.94,195.41
coinbase,USDCEUR,1678952520000,2023-03-16 07:42:00,0.94,0.94,0.94,0.94,12.57
coinbase,USDCEUR,1678952640000,2023-03-16 07:44:00,0.9397,0.9397,0.9396,0.9397,2902.77
coinbase,USDCEUR,1678952760000,2023-03-16 07:46:00,0.9399,0.9399,0.9399,0.9399,5099.35
coinbase,USDCEUR,1678952940000,2023-03-16 07:49:00,0.94,0.94,0.9399,0.9399,3004.62
coinbase,USDCEUR,1678953120000,2023-03-16 07:52:00,0.94,0.94,0.94,0.94,127.66
coinbase,USDCEUR,1678953300000,2023-03-16 07:55:00,0.9397,0.9397,0.9397,0.9397,977.63
coinbase,USDCEUR,1678953840000,2023-03-16 08:04:00,0.9396,0.9396,0.9393,0.9393,2724.55
coinbase,USDCEUR,1678954380000,2023-03-16 08:13:00,0.9394,0.9394,0.9391,0.9391,11900.63
coinbase,USDCEUR,1678954740000,2023-03-16 08:19:00,0.9396,0.9396,0.9395,0.9395,90.59
coinbase,USDCEUR,1678954800000,2023-03-16 08:20:00,0.9395,0.9399,0.9395,0.9399,68.58
coinbase,USDCEUR,1678955160000,2023-03-16 08:26:00,0.9392,0.9398,0.9392,0.9398,100.51
coinbase,USDCEUR,1678955520000,2023-03-16 08:32:00,0.9397,0.9397,0.9397,0.9397,68.59
coinbase,USDCEUR,1678955700000,2023-03-16 08:35:00,0.9397,0.9398,0.9397,0.9398,0.02
coinbase,USDCEUR,1678955820000,2023-03-16 08:37:00,0.9399,0.94,0.9399,0.94,44.15
coinbase,USDCEUR,1678956000000,2023-03-16 08:40:00,0.9398,0.9399,0.9398,0.9399,473.6
coinbase,USDCEUR,1678956900000,2023-03-16 08:55:00,0.9403,0.9409,0.9403,0.9409,2117.74
coinbase,USDCEUR,1678921200000,2023-03-15 23:00:00,0.944,0.944,0.9438,0.9438,12.03
coinbase,USDCEUR,1678921320000,2023-03-15 23:02:00,0.9439,0.944,0.9439,0.944,1197.29
coinbase,USDCEUR,1678921500000,2023-03-15 23:05:00,0.9439,0.944,0.9439,0.944,5742.28
coinbase,USDCEUR,1678921560000,2023-03-15 23:06:00,0.944,0.944,0.9439,0.9439,2023.1
coinbase,USDCEUR,1678921740000,2023-03-15 23:09:00,0.9439,0.944,0.9437,0.9437,413.8
coinbase,USDCEUR,1678921920000,2023-03-15 23:12:00,0.9437,0.9437,0.9436,0.9436,64.26
coinbase,USDCEUR,1678922040000,2023-03-15 23:14:00,0.9437,0.9437,0.9436,0.9436,423.03
coinbase,USDCEUR,1678922700000,2023-03-15 23:25:00,0.9436,0.9436,0.9434,0.9434,22.88
coinbase,USDCEUR,1678922820000,2023-03-15 23:27:00,0.9435,0.9435,0.9434,0.9434,42.26
coinbase,USDCEUR,1678922940000,2023-03-15 23:29:00,0.9435,0.9435,0.9434,0.9434,2985.72
coinbase,USDCEUR,1678923180000,2023-03-15 23:33:00,0.9434,0.9435,0.9434,0.9434,1529.43
coinbase,USDCEUR,1678923240000,2023-03-15 23:34:00,0.9434,0.9435,0.9434,0.9435,29.07
coinbase,USDCEUR,1678923300000,2023-03-15 23:35:00,0.9435,0.9435,0.9434,0.9434,5491.55
coinbase,USDCEUR,1678923360000,2023-03-15 23:36:00,0.9434,0.9436,0.9434,0.9434,197.79
coinbase,USDCEUR,1678923480000,2023-03-15 23:38:00,0.9434,0.9434,0.9434,0.9434,20.77
coinbase,USDCEUR,1678923720000,2023-03-15 23:42:00,0.9436,0.9436,0.9434,0.9434,158.64
coinbase,USDCEUR,1678923900000,2023-03-15 23:45:00,0.9434,0.9435,0.9434,0.9434,410.13
coinbase,USDCEUR,1678924200000,2023-03-15 23:50:00,0.9434,0.9437,0.9434,0.9437,136.81
coinbase,USDCEUR,1678924320000,2023-03-15 23:52:00,0.9436,0.9436,0.9436,0.9436,133.71
coinbase,USDCEUR,1678924440000,2023-03-15 23:54:00,0.9436,0.9438,0.9436,0.9438,212.05
coinbase,USDCEUR,1678924860000,2023-03-16 00:01:00,0.9438,0.944,0.9438,0.944,11591.66
coinbase,USDCEUR,1678924920000,2023-03-16 00:02:00,0.944,0.944,0.9439,0.944,9995.48
coinbase,USDCEUR,1678925040000,2023-03-16 00:04:00,0.9436,0.944,0.9436,0.944,201.47
coinbase,USDCEUR,1678925100000,2023-03-16 00:05:00,0.9439,0.9439,0.9438,0.9438,7.88
coinbase,USDCEUR,1678925640000,2023-03-16 00:14:00,0.9439,0.944,0.9439,0.944,4188.75
coinbase,USDCEUR,1678925760000,2023-03-16 00:16:00,0.9439,0.9439,0.9438,0.9438,127.32
coinbase,USDCEUR,1678925940000,2023-03-16 00:19:00,0.9438,0.9438,0.9437,0.9438,7612.91
coinbase,USDCEUR,1678926060000,2023-03-16 00:21:00,0.9438,0.9439,0.9436,0.9439,116.06
coinbase,USDCEUR,1678926120000,2023-03-16 00:22:00,0.9439,0.9439,0.9438,0.9438,107.15
coinbase,USDCEUR,1678926180000,2023-03-16 00:23:00,0.9438,0.944,0.9438,0.944,9491.96
coinbase,USDCEUR,1678926660000,2023-03-16 00:31:00,0.944,0.944,0.944,0.944,727.08
coinbase,USDCEUR,1678926720000,2023-03-16 00:32:00,0.944,0.944,0.944,0.944,871.74
coinbase,USDCEUR,1678926900000,2023-03-16 00:35:00,0.9441,0.9441,0.9441,0.9441,88.61
coinbase,USDCEUR,1678926960000,2023-03-16 00:36:00,0.9441,0.9441,0.944,0.944,10.13
coinbase,USDCEUR,1678927080000,2023-03-16 00:38:00,0.9441,0.9441,0.9441,0.9441,68.98
coinbase,USDCEUR,1678927500000,2023-03-16 00:45:00,0.9439,0.9439,0.9439,0.9439,19.19
coinbase,USDCEUR,1678927680000,2023-03-16 00:48:00,0.9436,0.9436,0.9433,0.9433,480.54
coinbase,USDCEUR,1678927860000,2023-03-16 00:51:00,0.9432,0.9432,0.9432,0.9432,257.53
coinbase,USDCEUR,1678927920000,2023-03-16 00:52:00,0.9431,0.9431,0.9428,0.9428,223.23
coinbase,USDCEUR,1678928040000,2023-03-16 00:54:00,0.9428,0.9428,0.9428,0.9428,36.37
coinbase,USDCEUR,1678928160000,2023-03-16 00:56:00,0.9423,0.9424,0.9423,0.9424,579.94
coinbase,USDCEUR,1678928220000,2023-03-16 00:57:00,0.9424,0.9425,0.9423,0.9423,1508.54
coinbase,USDCEUR,1678928280000,2023-03-16 00:58:00,0.9421,0.9425,0.942,0.9425,4351.7
coinbase,USDCEUR,1678928520000,2023-03-16 01:02:00,0.9425,0.9425,0.9425,0.9425,5.08
coinbase,USDCEUR,1678928700000,2023-03-16 01:05:00,0.9426,0.9426,0.9425,0.9425,376.48
coinbase,USDCEUR,1678928760000,2023-03-16 01:06:00,0.9427,0.9431,0.9427,0.943,184.96
coinbase,USDCEUR,1678928940000,2023-03-16 01:09:00,0.9426,0.9432,0.9426,0.9432,289.1
coinbase,USDCEUR,1678929300000,2023-03-16 01:15:00,0.9431,0.9431,0.9431,0.9431,26.98
coinbase,USDCEUR,1678930200000,2023-03-16 01:30:00,0.9429,0.9432,0.9429,0.9432,395.53
coinbase,USDCEUR,1678930440000,2023-03-16 01:34:00,0.9426,0.9432,0.9426,0.9432,152.49
coinbase,USDCEUR,1678930740000,2023-03-16 01:39:00,0.9432,0.9432,0.9427,0.9427,1650.41
coinbase,USDCEUR,1678930860000,2023-03-16 01:41:00,0.9428,0.9428,0.9427,0.9427,104.84
coinbase,USDCEUR,1678930980000,2023-03-16 01:43:00,0.943,0.943,0.943,0.943,1.27
coinbase,USDCEUR,1678931040000,2023-03-16 01:44:00,0.9431,0.9431,0.9431,0.9431,91.92
coinbase,USDCEUR,1678931100000,2023-03-16 01:45:00,0.943,0.943,0.943,0.943,30.55
coinbase,USDCEUR,1678931160000,2023-03-16 01:46:00,0.943,0.943,0.9427,0.9427,70.7
coinbase,USDCEUR,1678931400000,2023-03-16 01:50:00,0.9426,0.943,0.9426,0.943,392.76
coinbase,USDCEUR,1678931520000,2023-03-16 01:52:00,0.9426,0.9426,0.9426,0.9426,19.35
coinbase,USDCEUR,1678931700000,2023-03-16 01:55:00,0.9427,0.9428,0.9426,0.9426,37.97
coinbase,USDCEUR,1678931880000,2023-03-16 01:58:00,0.9421,0.9428,0.9421,0.9426,66.08
coinbase,USDCEUR,1678931940000,2023-03-16 01:59:00,0.9426,0.9426,0.9425,0.9425,106.28
coinbase,USDCEUR,1678932060000,2023-03-16 02:01:00,0.9427,0.9427,0.9427,0.9427,361.3
coinbase,USDCEUR,1678932780000,2023-03-16 02:13:00,0.9427,0.9427,0.9427,0.9427,61.66
coinbase,USDCEUR,1678932840000,2023-03-16 02:14:00,0.9427,0.9428,0.9427,0.9428,122.48
coinbase,USDCEUR,1678933080000,2023-03-16 02:18:00,0.9428,0.9428,0.9428,0.9428,8.44
coinbase,USDCEUR,1678933380000,2023-03-16 02:23:00,0.9427,0.9427,0.9427,0.9427,48.63
coinbase,USDCEUR,1678933440000,2023-03-16 02:24:00,0.9427,0.943,0.9426,0.943,283.17
coinbase,USDCEUR,1678933560000,2023-03-16 02:26:00,0.9429,0.9429,0.9426,0.9426,72.95
coinbase,USDCEUR,1678934160000,2023-03-16 02:36:00,0.9427,0.9427,0.9427,0.9427,60.83
coinbase,USDCEUR,1678934220000,2023-03-16 02:37:00,0.9426,0.9426,0.9426,0.9426,20.43
coinbase,USDCEUR,1678934280000,2023-03-16 02:38:00,0.9426,0.9426,0.9426,0.9426,35.78
coinbase,USDCEUR,1678934460000,2023-03-16 02:41:00,0.9427,0.9427,0.9427,0.9427,7.21
coinbase,USDCEUR,1678934580000,2023-03-16 02:43:00,0.9427,0.9427,0.9425,0.9425,27.79
coinbase,USDCEUR,1678934760000,2023-03-16 02:46:00,0.9425,0.9425,0.9425,0.9425,123.96
coinbase,USDCEUR,1678935060000,2023-03-16 02:51:00,0.9426,0.9427,0.9426,0.9427,83.48
coinbase,USDCEUR,1678935180000,2023-03-16 02:53:00,0.9426,0.9426,0.9426,0.9426,1357.99
coinbase,USDCEUR,1678935900000,2023-03-16 03:05:00,0.9424,0.9424,0.9424,0.9424,23.49
coinbase,USDCEUR,1678936200000,2023-03-16 03:10:00,0.9425,0.9425,0.9425,0.9425,70.88
coinbase,USDCEUR,1678936440000,2023-03-16 03:14:00,0.9426,0.9427,0.9426,0.9427,127.1
coinbase,USDCEUR,1678937460000,2023-03-16 03:31:00,0.9425,0.9426,0.9425,0.9426,20.68
coinbase,USDCEUR,1678937880000,2023-03-16 03:38:00,0.9426,0.9426,0.9426,0.9426,130.74
coinbase,USDCEUR,1678938000000,2023-03-16 03:40:00,0.9425,0.9425,0.9423,0.9423,225.95
coinbase,USDCEUR,1678938900000,2023-03-16 03:55:00,0.9426,0.9426,0.9423,0.9423,20.92
coinbase,USDCEUR,1678903200000,2023-03-15 18:00:00,0.9448,0.9448,0.9448,0.9448,29671.84
coinbase,USDCEUR,1678903320000,2023-03-15 18:02:00,0.9449,0.9449,0.9449,0.9449,0.01
coinbase,USDCEUR,1678903380000,2023-03-15 18:03:00,0.9454,0.9454,0.9448,0.9449,1126.92
coinbase,USDCEUR,1678903560000,2023-03-15 18:06:00,0.9449,0.9457,0.9449,0.9457,10268.74
coinbase,USDCEUR,1678903620000,2023-03-15 18:07:00,0.9459,0.9459,0.9452,0.9456,207.5
coinbase,USDCEUR,1678903980000,2023-03-15 18:13:00,0.9457,0.9457,0.9448,0.9455,58886.44
coinbase,USDCEUR,1678904100000,2023-03-15 18:15:00,0.9454,0.9454,0.9454,0.9454,139.23
coinbase,USDCEUR,1678904160000,2023-03-15 18:16:00,0.9454,0.9457,0.9454,0.9457,3758.2
coinbase,USDCEUR,1678904400000,2023-03-15 18:20:00,0.9459,0.9462,0.9458,0.9462,1124.17
coinbase,USDCEUR,1678904640000,2023-03-15 18:24:00,0.9462,0.9464,0.9458,0.9458,21.19
coinbase,USDCEUR,1678904820000,2023-03-15 18:27:00,0.9458,0.9462,0.9443,0.9443,2458.19
coinbase,USDCEUR,1678904880000,2023-03-15 18:28:00,0.9443,0.9448,0.9433,0.9433,4597.73
coinbase,USDCEUR,1678905000000,2023-03-15 18:30:00,0.9434,0.9434,0.9434,0.9434,68.19
coinbase,USDCEUR,1678905060000,2023-03-15 18:31:00,0.9434,0.9434,0.9427,0.9427,1.97
coinbase,USDCEUR,1678905120000,2023-03-15 18:32:00,0.9437,0.9438,0.9437,0.9438,1495.17
coinbase,USDCEUR,1678905360000,2023-03-15 18:36:00,0.9437,0.9439,0.9436,0.9437,2212.55
coinbase,USDCEUR,1678905480000,2023-03-15 18:38:00,0.9434,0.9438,0.9434,0.9438,217.77
coinbase,USDCEUR,1678905540000,2023-03-15 18:39:00,0.9436,0.9438,0.9433,0.9433,68207.69
coinbase,USDCEUR,1678905600000,2023-03-15 18:40:00,0.9433,0.9437,0.9431,0.9431,3903.27
coinbase,USDCEUR,1678905720000,2023-03-15 18:42:00,0.9431,0.9432,0.9431,0.9432,1314.65
coinbase,USDCEUR,1678905780000,2023-03-15 18:43:00,0.9432,0.9434,0.9432,0.9434,1059.98
coinbase,USDCEUR,1678906020000,2023-03-15 18:47:00,0.9432,0.9432,0.9432,0.9432,29.82
coinbase,USDCEUR,1678906380000,2023-03-15 18:53:00,0.9432,0.9432,0.9432,0.9432,3.65
coinbase,USDCEUR,1678906500000,2023-03-15 18:55:00,0.9432,0.9432,0.9428,0.9428,306.58
coinbase,USDCEUR,1678906800000,2023-03-15 19:00:00,0.9432,0.9432,0.9429,0.9429,92.59
coinbase,USDCEUR,1678906860000,2023-03-15 19:01:00,0.9429,0.9429,0.9427,0.9427,256.02
coinbase,USDCEUR,1678907100000,2023-03-15 19:05:00,0.9426,0.943,0.9426,0.943,97.2
coinbase,USDCEUR,1678907160000,2023-03-15 19:06:00,0.9428,0.9428,0.9428,0.9428,2538.22
coinbase,USDCEUR,1678907220000,2023-03-15 19:07:00,0.9426,0.9426,0.9426,0.9426,76.3
coinbase,USDCEUR,1678907280000,2023-03-15 19:08:00,0.9426,0.9427,0.9426,0.9427,35.52
coinbase,USDCEUR,1678907340000,2023-03-15 19:09:00,0.9427,0.9432,0.9427,0.9431,812
coinbase,USDCEUR,1678907400000,2023-03-15 19:10:00,0.9437,0.9438,0.9437,0.9437,95.6
coinbase,USDCEUR,1678907460000,2023-03-15 19:11:00,0.9436,0.9436,0.9436,0.9436,468.77
coinbase,USDCEUR,1678907640000,2023-03-15 19:14:00,0.9439,0.9439,0.9431,0.9431,46.24
coinbase,USDCEUR,1678907760000,2023-03-15 19:16:00,0.9431,0.9434,0.9431,0.9434,28.8
coinbase,USDCEUR,1678907880000,2023-03-15 19:18:00,0.9434,0.9434,0.9434,0.9434,183.92
coinbase,USDCEUR,1678907940000,2023-03-15 19:19:00,0.9434,0.9434,0.9434,0.9434,151.49
coinbase,USDCEUR,1678908000000,2023-03-15 19:20:00,0.9434,0.9434,0.9433,0.9433,604.62
coinbase,USDCEUR,1678908060000,2023-03-15 19:21:00,0.9431,0.9434,0.9431,0.9432,150.43
coinbase,USDCEUR,1678908120000,2023-03-15 19:22:00,0.9434,0.9438,0.9434,0.9438,3928.1
coinbase,USDCEUR,1678908180000,2023-03-15 19:23:00,0.9438,0.9441,0.9434,0.9441,145.2
coinbase,USDCEUR,1678908240000,2023-03-15 19:24:00,0.9441,0.9441,0.9433,0.9435,415.76
coinbase,USDCEUR,1678908300000,2023-03-15 19:25:00,0.9439,0.9439,0.9437,0.9437,1175
coinbase,USDCEUR,1678908360000,2023-03-15 19:26:00,0.9437,0.9437,0.943,0.9437,16657.08
coinbase,USDCEUR,1678908420000,2023-03-15 19:27:00,0.9429,0.9437,0.9429,0.9437,1108.56
coinbase,USDCEUR,1678908600000,2023-03-15 19:30:00,0.943,0.9437,0.9429,0.9429,209.27
coinbase,USDCEUR,1678908900000,2023-03-15 19:35:00,0.9436,0.9436,0.9436,0.9436,47.16
coinbase,USDCEUR,1678909020000,2023-03-15 19:37:00,0.9436,0.9437,0.9435,0.9437,40.76
coinbase,USDCEUR,1678909080000,2023-03-15 19:38:00,0.944,0.944,0.9436,0.9438,81.56
coinbase,USDCEUR,1678909140000,2023-03-15 19:39:00,0.9436,0.9436,0.9433,0.9433,1247.37
coinbase,USDCEUR,1678909200000,2023-03-15 19:40:00,0.9433,0.9439,0.9433,0.9434,16841.85
coinbase,USDCEUR,1678909260000,2023-03-15 19:41:00,0.9433,0.944,0.9433,0.944,29.18
coinbase,USDCEUR,1678909320000,2023-03-15 19:42:00,0.9438,0.9438,0.9435,0.9435,10652.02
coinbase,USDCEUR,1678909380000,2023-03-15 19:43:00,0.9435,0.944,0.9435,0.9436,24562.16
coinbase,USDCEUR,1678909440000,2023-03-15 19:44:00,0.9438,0.944,0.9436,0.9436,159.2
coinbase,USDCEUR,1678909500000,2023-03-15 19:45:00,0.9436,0.9436,0.9431,0.9435,31515.21
coinbase,USDCEUR,1678909680000,2023-03-15 19:48:00,0.9434,0.9434,0.9433,0.9434,10527.51
coinbase,USDCEUR,1678909740000,2023-03-15 19:49:00,0.9435,0.9438,0.9427,0.9427,184.04
coinbase,USDCEUR,1678909800000,2023-03-15 19:50:00,0.9429,0.9436,0.9428,0.9436,2354.34
coinbase,USDCEUR,1678909860000,2023-03-15 19:51:00,0.9436,0.9436,0.9436,0.9436,4.51
coinbase,USDCEUR,1678910160000,2023-03-15 19:56:00,0.9434,0.9434,0.9427,0.9429,147.3
coinbase,USDCEUR,1678910400000,2023-03-15 20:00:00,0.9434,0.9434,0.9434,0.9434,72.99
coinbase,USDCEUR,1678910460000,2023-03-15 20:01:00,0.9434,0.9434,0.9426,0.9426,300.87
coinbase,USDCEUR,1678910520000,2023-03-15 20:02:00,0.9434,0.9434,0.9433,0.9433,131.3
coinbase,USDCEUR,1678910640000,2023-03-15 20:04:00,0.9433,0.944,0.9432,0.944,3476.16
coinbase,USDCEUR,1678910700000,2023-03-15 20:05:00,0.944,0.944,0.9433,0.9434,308.12
coinbase,USDCEUR,1678911000000,2023-03-15 20:10:00,0.9437,0.9437,0.9437,0.9437,10.63
coinbase,USDCEUR,1678911060000,2023-03-15 20:11:00,0.9437,0.9437,0.9437,0.9437,254.85
coinbase,USDCEUR,1678911120000,2023-03-15 20:12:00,0.9434,0.9434,0.9427,0.9427,203.01
coinbase,USDCEUR,1678911300000,2023-03-15 20:15:00,0.9428,0.9431,0.9428,0.9431,51.45
coinbase,USDCEUR,1678911360000,2023-03-15 20:16:00,0.9428,0.9428,0.9427,0.9427,66.14
coinbase,USDCEUR,1678911420000,2023-03-15 20:17:00,0.9431,0.9431,0.9431,0.9431,83.62
coinbase,USDCEUR,1678911600000,2023-03-15 20:20:00,0.9431,0.9431,0.9431,0.9431,303.99
coinbase,USDCEUR,1678911660000,2023-03-15 20:21:00,0.9431,0.9431,0.9431,0.9431,71.37
coinbase,USDCEUR,1678911840000,2023-03-15 20:24:00,0.943,0.9431,0.943,0.9431,139.05
coinbase,USDCEUR,1678911900000,2023-03-15 20:25:00,0.9427,0.9431,0.9426,0.9431,112.75
coinbase,USDCEUR,1678911960000,2023-03-15 20:26:00,0.9431,0.9431,0.9431,0.9431,17.78
coinbase,USDCEUR,1678912020000,2023-03-15 20:27:00,0.9426,0.9431,0.9426,0.9431,6659.27
coinbase,USDCEUR,1678912080000,2023-03-15 20:28:00,0.9431,0.9431,0.9431,0.9431,155.2
coinbase,USDCEUR,1678912140000,2023-03-15 20:29:00,0.9431,0.9431,0.9431,0.9431,149.88
coinbase,USDCEUR,1678912200000,2023-03-15 20:30:00,0.9431,0.9431,0.943,0.9431,390.59
coinbase,USDCEUR,1678912260000,2023-03-15 20:31:00,0.9431,0.9431,0.9431,0.9431,130.76
coinbase,USDCEUR,1678912320000,2023-03-15 20:32:00,0.9431,0.9431,0.943,0.943,228.04
coinbase,USDCEUR,1678912380000,2023-03-15 20:33:00,0.9431,0.9431,0.943,0.9431,14156.74
coinbase,USDCEUR,1678912440000,2023-03-15 20:34:00,0.9431,0.9431,0.943,0.943,13.91
coinbase,USDCEUR,1678912500000,2023-03-15 20:35:00,0.9431,0.9431,0.9431,0.9431,8.37
coinbase,USDCEUR,1678912560000,2023-03-15 20:36:00,0.9431,0.9431,0.9431,0.9431,311.86
coinbase,USDCEUR,1678912620000,2023-03-15 20:37:00,0.9431,0.9431,0.943,0.9431,341.88
coinbase,USDCEUR,1678912680000,2023-03-15 20:38:00,0.9431,0.9431,0.9431,0.9431,251.34
coinbase,USDCEUR,1678912740000,2023-03-15 20:39:00,0.9431,0.9431,0.9431,0.9431,187.65
coinbase,USDCEUR,1678912800000,2023-03-15 20:40:00,0.9431,0.9431,0.943,0.943,197.92
coinbase,USDCEUR,1678912920000,2023-03-15 20:42:00,0.9431,0.9431,0.9431,0.9431,82.23
coinbase,USDCEUR,1678912980000,2023-03-15 20:43:00,0.9431,0.9431,0.943,0.943,667.59
coinbase,USDCEUR,1678913040000,2023-03-15 20:44:00,0.9431,0.9431,0.943,0.9431,163.18
coinbase,USDCEUR,1678913100000,2023-03-15 20:45:00,0.9431,0.9431,0.943,0.9431,3216.92
coinbase,USDCEUR,1678913160000,2023-03-15 20:46:00,0.9431,0.9431,0.943,0.943,67.67
coinbase,USDCEUR,1678913220000,2023-03-15 20:47:00,0.9431,0.9431,0.9431,0.9431,104.97
coinbase,USDCEUR,1678913280000,2023-03-15 20:48:00,0.9431,0.9431,0.9431,0.9431,174.42
coinbase,USDCEUR,1678913400000,2023-03-15 20:50:00,0.9431,0.9431,0.9431,0.9431,1008.4
coinbase,USDCEUR,1678913460000,2023-03-15 20:51:00,0.9431,0.9431,0.943,0.943,88.37
coinbase,USDCEUR,1678913520000,2023-03-15 20:52:00,0.9431,0.9431,0.943,0.9431,1672.1
coinbase,USDCEUR,1678913640000,2023-03-15 20:54:00,0.9431,0.9431,0.9431,0.9431,26.59
coinbase,USDCEUR,1678913940000,2023-03-15 20:59:00,0.9431,0.9431,0.9431,0.9431,15.81
coinbase,USDCEUR,1678914060000,2023-03-15 21:01:00,0.9431,0.9431,0.9431,0.9431,96.39
coinbase,USDCEUR,1678914120000,2023-03-15 21:02:00,0.943,0.9431,0.943,0.9431,262.02
coinbase,USDCEUR,1678914300000,2023-03-15 21:05:00,0.9431,0.9431,0.9431,0.9431,166.88
coinbase,USDCEUR,1678914360000,2023-03-15 21:06:00,0.9431,0.9431,0.9431,0.9431,98.34
coinbase,USDCEUR,1678914420000,2023-03-15 21:07:00,0.9431,0.9431,0.943,0.943,263.11
coinbase,USDCEUR,1678914600000,2023-03-15 21:10:00,0.943,0.943,0.943,0.943,715.72
coinbase,USDCEUR,1678914660000,2023-03-15 21:11:00,0.9431,0.9431,0.9431,0.9431,1862.25
coinbase,USDCEUR,1678914720000,2023-03-15 21:12:00,0.9431,0.9431,0.943,0.9431,697.48
coinbase,USDCEUR,1678914780000,2023-03-15 21:13:00,0.9431,0.9431,0.9431,0.9431,67.98
coinbase,USDCEUR,1678914840000,2023-03-15 21:14:00,0.9431,0.9431,0.9431,0.9431,79.94
coinbase,USDCEUR,1678914960000,2023-03-15 21:16:00,0.9431,0.9431,0.9431,0.9431,155.58
coinbase,USDCEUR,1678915020000,2023-03-15 21:17:00,0.9431,0.9431,0.9431,0.9431,908.84
coinbase,USDCEUR,1678915080000,2023-03-15 21:18:00,0.9431,0.9431,0.9431,0.9431,2968.67
coinbase,USDCEUR,1678915140000,2023-03-15 21:19:00,0.9431,0.9431,0.9431,0.9431,4613.96
coinbase,USDCEUR,1678915200000,2023-03-15 21:20:00,0.9431,0.9431,0.943,0.943,2804.26
coinbase,USDCEUR,1678915260000,2023-03-15 21:21:00,0.9431,0.9431,0.9431,0.9431,5456.26
coinbase,USDCEUR,1678915320000,2023-03-15 21:22:00,0.9431,0.9431,0.9431,0.9431,2572.72
coinbase,USDCEUR,1678915440000,2023-03-15 21:24:00,0.9431,0.9431,0.9431,0.9431,1081.5
coinbase,USDCEUR,1678915500000,2023-03-15 21:25:00,0.9431,0.9431,0.9431,0.9431,1053.81
coinbase,USDCEUR,1678915560000,2023-03-15 21:26:00,0.9431,0.9431,0.9431,0.9431,51.53
coinbase,USDCEUR,1678915680000,2023-03-15 21:28:00,0.9431,0.9431,0.9431,0.9431,827.63
coinbase,USDCEUR,1678915740000,2023-03-15 21:29:00,0.9431,0.9434,0.9431,0.9433,96.15
coinbase,USDCEUR,1678915800000,2023-03-15 21:30:00,0.9433,0.9435,0.9433,0.9435,130.18
coinbase,USDCEUR,1678915860000,2023-03-15 21:31:00,0.9433,0.9433,0.9433,0.9433,61.97
coinbase,USDCEUR,1678915920000,2023-03-15 21:32:00,0.9435,0.944,0.9435,0.9437,3078.3
coinbase,USDCEUR,1678916220000,2023-03-15 21:37:00,0.9437,0.9437,0.9437,0.9437,9.99
coinbase,USDCEUR,1678916280000,2023-03-15 21:38:00,0.9437,0.9437,0.9437,0.9437,954.93
coinbase,USDCEUR,1678916400000,2023-03-15 21:40:00,0.9437,0.9438,0.9437,0.9438,99.33
coinbase,USDCEUR,1678916520000,2023-03-15 21:42:00,0.9436,0.9439,0.9435,0.9439,946.7
coinbase,USDCEUR,1678916760000,2023-03-15 21:46:00,0.9437,0.9437,0.9437,0.9437,48.53
coinbase,USDCEUR,1678917000000,2023-03-15 21:50:00,0.9437,0.9441,0.9437,0.9437,52.62
coinbase,USDCEUR,1678917300000,2023-03-15 21:55:00,0.9437,0.9437,0.9437,0.9437,34.46
coinbase,USDCEUR,1678917360000,2023-03-15 21:56:00,0.9437,0.9437,0.9437,0.9437,129.01
coinbase,USDCEUR,1678917780000,2023-03-15 22:03:00,0.9437,0.9437,0.9436,0.9437,170.08
coinbase,USDCEUR,1678917840000,2023-03-15 22:04:00,0.9437,0.9437,0.9436,0.9437,52.92
coinbase,USDCEUR,1678917900000,2023-03-15 22:05:00,0.9437,0.944,0.9437,0.944,22.92
coinbase,USDCEUR,1678917960000,2023-03-15 22:06:00,0.9437,0.9437,0.9437,0.9437,61.28
coinbase,USDCEUR,1678918020000,2023-03-15 22:07:00,0.9437,0.9438,0.9437,0.9438,45.45
coinbase,USDCEUR,1678918080000,2023-03-15 22:08:00,0.9438,0.9441,0.9438,0.944,584.61
coinbase,USDCEUR,1678918320000,2023-03-15 22:12:00,0.9437,0.9437,0.9435,0.9435,193.73
coinbase,USDCEUR,1678918380000,2023-03-15 22:13:00,0.9435,0.9435,0.9435,0.9435,17.2
coinbase,USDCEUR,1678918440000,2023-03-15 22:14:00,0.9437,0.9437,0.9437,0.9437,1059.72
coinbase,USDCEUR,1678918800000,2023-03-15 22:20:00,0.9437,0.9438,0.9436,0.9436,236.52
coinbase,USDCEUR,1678918920000,2023-03-15 22:22:00,0.9438,0.9438,0.9437,0.9437,843.66
coinbase,USDCEUR,1678919160000,2023-03-15 22:26:00,0.9437,0.9437,0.9437,0.9437,935.5
coinbase,USDCEUR,1678919220000,2023-03-15 22:27:00,0.9436,0.9437,0.9436,0.9437,300.62
coinbase,USDCEUR,1678919280000,2023-03-15 22:28:00,0.9437,0.9437,0.9437,0.9437,1156.67
coinbase,USDCEUR,1678919460000,2023-03-15 22:31:00,0.9436,0.9437,0.9436,0.9437,8395.38
coinbase,USDCEUR,1678919520000,2023-03-15 22:32:00,0.9437,0.9437,0.9437,0.9437,80.94
coinbase,USDCEUR,1678919580000,2023-03-15 22:33:00,0.9436,0.9436,0.9436,0.9436,159.24
coinbase,USDCEUR,1678919640000,2023-03-15 22:34:00,0.9437,0.9437,0.9437,0.9437,763.29
coinbase,USDCEUR,1678919700000,2023-03-15 22:35:00,0.9437,0.9437,0.9436,0.9436,27.88
coinbase,USDCEUR,1678919760000,2023-03-15 22:36:00,0.9436,0.9437,0.9436,0.9436,836.47
coinbase,USDCEUR,1678919820000,2023-03-15 22:37:00,0.9437,0.9437,0.9436,0.9436,72.38
coinbase,USDCEUR,1678919880000,2023-03-15 22:38:00,0.9436,0.9436,0.9436,0.9436,5.24
coinbase,USDCEUR,1678919940000,2023-03-15 22:39:00,0.9437,0.9437,0.9437,0.9437,248.39
coinbase,USDCEUR,1678920060000,2023-03-15 22:41:00,0.9437,0.9437,0.9437,0.9437,487.14
coinbase,USDCEUR,1678920180000,2023-03-15 22:43:00,0.9437,0.9437,0.9437,0.9437,204.95
coinbase,USDCEUR,1678920300000,2023-03-15 22:45:00,0.9437,0.9437,0.9437,0.9437,1198.26
coinbase,USDCEUR,1678920480000,2023-03-15 22:48:00,0.9437,0.9437,0.9437,0.9437,67
coinbase,USDCEUR,1678920540000,2023-03-15 22:49:00,0.9436,0.9437,0.9436,0.9437,544.94
coinbase,USDCEUR,1678920600000,2023-03-15 22:50:00,0.9437,0.9437,0.9437,0.9437,394.42
coinbase,USDCEUR,1678920660000,2023-03-15 22:51:00,0.9437,0.944,0.9437,0.944,759.16
coinbase,USDCEUR,1678920900000,2023-03-15 22:55:00,0.9441,0.9441,0.9441,0.9441,216.46
coinbase,USDCEUR,1678920960000,2023-03-15 22:56:00,0.9441,0.9441,0.9441,0.9441,16.64
coinbase,USDCEUR,1678921080000,2023-03-15 22:58:00,0.9441,0.9441,0.9441,0.9441,134.76
coinbase,USDCEUR,1678921200000,2023-03-15 23:00:00,0.944,0.944,0.9438,0.9438,12.03
coinbase,USDCEUR,1678885200000,2023-03-15 13:00:00,0.942,0.943,0.942,0.943,126.11
coinbase,USDCEUR,1678885380000,2023-03-15 13:03:00,0.9426,0.9434,0.9425,0.9434,780.62
coinbase,USDCEUR,1678885500000,2023-03-15 13:05:00,0.9431,0.9437,0.9431,0.9437,6204.48
coinbase,USDCEUR,1678885620000,2023-03-15 13:07:00,0.944,0.9441,0.9437,0.9437,10615.94
coinbase,USDCEUR,1678885980000,2023-03-15 13:13:00,0.9437,0.9437,0.9437,0.9437,2.11
coinbase,USDCEUR,1678886040000,2023-03-15 13:14:00,0.9437,0.9437,0.9437,0.9437,10.43
coinbase,USDCEUR,1678886100000,2023-03-15 13:15:00,0.9437,0.9442,0.9437,0.9442,43.87
coinbase,USDCEUR,1678886340000,2023-03-15 13:19:00,0.9442,0.9442,0.9434,0.9434,127.14
coinbase,USDCEUR,1678886580000,2023-03-15 13:23:00,0.9437,0.9437,0.9437,0.9437,3131.96
coinbase,USDCEUR,1678886820000,2023-03-15 13:27:00,0.944,0.944,0.944,0.944,2096.06
coinbase,USDCEUR,1678886880000,2023-03-15 13:28:00,0.944,0.944,0.944,0.944,1043.96
coinbase,USDCEUR,1678886940000,2023-03-15 13:29:00,0.944,0.945,0.944,0.945,16230.04
coinbase,USDCEUR,1678887060000,2023-03-15 13:31:00,0.945,0.945,0.9445,0.945,28393.75
coinbase,USDCEUR,1678887180000,2023-03-15 13:33:00,0.9447,0.9448,0.9447,0.9448,1153.2
coinbase,USDCEUR,1678887600000,2023-03-15 13:40:00,0.9448,0.9448,0.9447,0.9448,3521.29
coinbase,USDCEUR,1678887660000,2023-03-15 13:41:00,0.9448,0.9448,0.9448,0.9448,1599.02
coinbase,USDCEUR,1678887960000,2023-03-15 13:46:00,0.9448,0.9448,0.9447,0.9447,764.9
coinbase,USDCEUR,1678888080000,2023-03-15 13:48:00,0.9447,0.9448,0.9447,0.9448,2585.04
coinbase,USDCEUR,1678888260000,2023-03-15 13:51:00,0.9446,0.9446,0.9446,0.9446,230.68
coinbase,USDCEUR,1678888380000,2023-03-15 13:53:00,0.9444,0.9446,0.9444,0.9446,187.46
coinbase,USDCEUR,1678888560000,2023-03-15 13:56:00,0.9445,0.9446,0.9445,0.9446,138.51
coinbase,USDCEUR,1678888800000,2023-03-15 14:00:00,0.9445,0.9446,0.9445,0.9446,44.19
coinbase,USDCEUR,1678888860000,2023-03-15 14:01:00,0.9446,0.9446,0.9446,0.9446,3204.7
coinbase,USDCEUR,1678888920000,2023-03-15 14:02:00,0.9446,0.9446,0.9446,0.9446,3146.91
coinbase,USDCEUR,1678888980000,2023-03-15 14:03:00,0.9446,0.9448,0.9446,0.9448,2358.89
coinbase,USDCEUR,1678889580000,2023-03-15 14:13:00,0.9447,0.9447,0.9446,0.9446,1338.38
coinbase,USDCEUR,1678889820000,2023-03-15 14:17:00,0.9445,0.9445,0.9445,0.9445,145.93
coinbase,USDCEUR,1678890240000,2023-03-15 14:24:00,0.9445,0.9445,0.9442,0.9442,708.57
coinbase,USDCEUR,1678890360000,2023-03-15 14:26:00,0.9442,0.9447,0.9442,0.9447,1043.72
coinbase,USDCEUR,1678890480000,2023-03-15 14:28:00,0.9447,0.9447,0.9447,0.9447,11.77
coinbase,USDCEUR,1678890600000,2023-03-15 14:30:00,0.9447,0.9447,0.9443,0.9443,276.19
coinbase,USDCEUR,1678890900000,2023-03-15 14:35:00,0.9446,0.9446,0.9446,0.9446,26.36
coinbase,USDCEUR,1678891080000,2023-03-15 14:38:00,0.9446,0.9447,0.9446,0.9447,1043.74
coinbase,USDCEUR,1678891200000,2023-03-15 14:40:00,0.9447,0.9447,0.9444,0.9447,1260.34
coinbase,USDCEUR,1678891260000,2023-03-15 14:41:00,0.9447,0.9447,0.9447,0.9447,338.01
coinbase,USDCEUR,1678891320000,2023-03-15 14:42:00,0.9447,0.9449,0.9447,0.9449,7674.15
coinbase,USDCEUR,1678891380000,2023-03-15 14:43:00,0.9449,0.9456,0.9447,0.9447,382.91
coinbase,USDCEUR,1678891440000,2023-03-15 14:44:00,0.9447,0.9458,0.9447,0.9458,1773.46
coinbase,USDCEUR,1678891680000,2023-03-15 14:48:00,0.9464,0.9469,0.9464,0.9469,15.76
coinbase,USDCEUR,1678891920000,2023-03-15 14:52:00,0.9464,0.9464,0.9463,0.9463,42.06
coinbase,USDCEUR,1678891980000,2023-03-15 14:53:00,0.946,0.946,0.9456,0.9456,2695.79
coinbase,USDCEUR,1678892100000,2023-03-15 14:55:00,0.9456,0.9456,0.9456,0.9456,64.94
coinbase,USDCEUR,1678892400000,2023-03-15 15:00:00,0.9456,0.9464,0.9456,0.9464,474.45
coinbase,USDCEUR,1678893180000,2023-03-15 15:13:00,0.9466,0.9466,0.946,0.946,232.26
coinbase,USDCEUR,1678894020000,2023-03-15 15:27:00,0.9465,0.9465,0.9465,0.9465,11.5
coinbase,USDCEUR,1678894200000,2023-03-15 15:30:00,0.9465,0.9465,0.9465,0.9465,30.11
coinbase,USDCEUR,1678894440000,2023-03-15 15:34:00,0.9465,0.9466,0.9461,0.9461,448.8
coinbase,USDCEUR,1678894500000,2023-03-15 15:35:00,0.9466,0.9475,0.9466,0.9475,497.9
coinbase,USDCEUR,1678894560000,2023-03-15 15:36:00,0.9475,0.9475,0.9475,0.9475,193.61
coinbase,USDCEUR,1678894680000,2023-03-15 15:38:00,0.9475,0.9475,0.9467,0.9468,141.32
coinbase,USDCEUR,1678894740000,2023-03-15 15:39:00,0.9475,0.9475,0.9472,0.9472,56.33
coinbase,USDCEUR,1678894800000,2023-03-15 15:40:00,0.9472,0.9473,0.9472,0.9473,314.51
coinbase,USDCEUR,1678895040000,2023-03-15 15:44:00,0.9473,0.9473,0.9473,0.9473,9.42
coinbase,USDCEUR,1678895100000,2023-03-15 15:45:00,0.9473,0.9473,0.9469,0.9473,2676.85
coinbase,USDCEUR,1678895160000,2023-03-15 15:46:00,0.9473,0.9473,0.9473,0.9473,2413.74
coinbase,USDCEUR,1678895220000,2023-03-15 15:47:00,0.9473,0.9473,0.9473,0.9473,87.25
coinbase,USDCEUR,1678895280000,2023-03-15 15:48:00,0.9473,0.9475,0.9473,0.9475,72.11
coinbase,USDCEUR,1678895520000,2023-03-15 15:52:00,0.9475,0.9475,0.9475,0.9475,81.49
coinbase,USDCEUR,1678895640000,2023-03-15 15:54:00,0.9475,0.9475,0.9475,0.9475,600.19
coinbase,USDCEUR,1678895760000,2023-03-15 15:56:00,0.9474,0.9483,0.9474,0.9483,19.74
coinbase,USDCEUR,1678895940000,2023-03-15 15:59:00,0.9476,0.9476,0.9476,0.9476,63.33
coinbase,USDCEUR,1678896000000,2023-03-15 16:00:00,0.9476,0.9476,0.9476,0.9476,93.13
coinbase,USDCEUR,1678896060000,2023-03-15 16:01:00,0.9476,0.9476,0.9476,0.9476,322.43
coinbase,USDCEUR,1678896180000,2023-03-15 16:03:00,0.9475,0.9475,0.9471,0.9474,196.78
coinbase,USDCEUR,1678896360000,2023-03-15 16:06:00,0.9476,0.9477,0.9472,0.9472,11801.42
coinbase,USDCEUR,1678896540000,2023-03-15 16:09:00,0.9472,0.9477,0.9472,0.9473,101.85
coinbase,USDCEUR,1678896720000,2023-03-15 16:12:00,0.9474,0.9474,0.9472,0.9472,844.89
coinbase,USDCEUR,1678896840000,2023-03-15 16:14:00,0.9473,0.9476,0.9469,0.9476,221.74
coinbase,USDCEUR,1678897020000,2023-03-15 16:17:00,0.9475,0.9477,0.9475,0.9477,1613.55
coinbase,USDCEUR,1678897080000,2023-03-15 16:18:00,0.9475,0.9477,0.9475,0.9477,15093.54
coinbase,USDCEUR,1678897140000,2023-03-15 16:19:00,0.9477,0.948,0.9477,0.948,1340.41
coinbase,USDCEUR,1678897320000,2023-03-15 16:22:00,0.948,0.9486,0.9477,0.9477,155.74
coinbase,USDCEUR,1678897620000,2023-03-15 16:27:00,0.9482,0.9482,0.9476,0.9476,277.98
coinbase,USDCEUR,1678897680000,2023-03-15 16:28:00,0.9476,0.9476,0.9474,0.9474,87.11
coinbase,USDCEUR,1678897740000,2023-03-15 16:29:00,0.9473,0.9473,0.9471,0.9472,213.31
coinbase,USDCEUR,1678898100000,2023-03-15 16:35:00,0.9472,0.9472,0.9469,0.947,269.52
coinbase,USDCEUR,1678898220000,2023-03-15 16:37:00,0.947,0.9475,0.9469,0.9475,617.02
coinbase,USDCEUR,1678898520000,2023-03-15 16:42:00,0.9478,0.9478,0.9474,0.9478,266.27
coinbase,USDCEUR,1678898580000,2023-03-15 16:43:00,0.9478,0.9478,0.9478,0.9478,29.13
coinbase,USDCEUR,1678898640000,2023-03-15 16:44:00,0.9475,0.9475,0.9472,0.9473,186.37
coinbase,USDCEUR,1678898940000,2023-03-15 16:49:00,0.9474,0.9474,0.9474,0.9474,65.88
coinbase,USDCEUR,1678899060000,2023-03-15 16:51:00,0.9474,0.9474,0.9474,0.9474,65.28
coinbase,USDCEUR,1678899180000,2023-03-15 16:53:00,0.9474,0.9475,0.9469,0.9469,607
coinbase,USDCEUR,1678899240000,2023-03-15 16:54:00,0.9474,0.9475,0.9474,0.9475,315.5
coinbase,USDCEUR,1678899360000,2023-03-15 16:56:00,0.9475,0.9475,0.9469,0.9469,245.73
coinbase,USDCEUR,1678899420000,2023-03-15 16:57:00,0.9474,0.9475,0.9474,0.9474,196.37
coinbase,USDCEUR,1678899540000,2023-03-15 16:59:00,0.9469,0.9475,0.9469,0.9475,84.11
coinbase,USDCEUR,1678899720000,2023-03-15 17:02:00,0.9474,0.9474,0.9469,0.9469,332.04
coinbase,USDCEUR,1678899780000,2023-03-15 17:03:00,0.9469,0.9473,0.9463,0.9463,359.46
coinbase,USDCEUR,1678899900000,2023-03-15 17:05:00,0.9463,0.9475,0.9461,0.9475,1081.24
coinbase,USDCEUR,1678899960000,2023-03-15 17:06:00,0.9472,0.9472,0.947,0.947,32.35
coinbase,USDCEUR,1678900140000,2023-03-15 17:09:00,0.9467,0.9467,0.9467,0.9467,120.82
coinbase,USDCEUR,1678900320000,2023-03-15 17:12:00,0.9467,0.9467,0.9462,0.9462,470.36
coinbase,USDCEUR,1678900380000,2023-03-15 17:13:00,0.9462,0.9462,0.9462,0.9462,92.71
coinbase,USDCEUR,1678900440000,2023-03-15 17:14:00,0.9462,0.9462,0.9452,0.9452,864.83
coinbase,USDCEUR,1678900500000,2023-03-15 17:15:00,0.9461,0.9466,0.9461,0.9466,148.05
coinbase,USDCEUR,1678900680000,2023-03-15 17:18:00,0.9462,0.9464,0.9453,0.9453,1124.99
coinbase,USDCEUR,1678900800000,2023-03-15 17:20:00,0.9455,0.9464,0.9455,0.9455,465.11
coinbase,USDCEUR,1678900920000,2023-03-15 17:22:00,0.9463,0.9463,0.9453,0.9453,35221.49
coinbase,USDCEUR,1678901340000,2023-03-15 17:29:00,0.9452,0.9458,0.9452,0.9458,436.9
coinbase,USDCEUR,1678902180000,2023-03-15 17:43:00,0.9457,0.9461,0.9457,0.9461,11192.9
coinbase,USDCEUR,1678902420000,2023-03-15 17:47:00,0.9462,0.9462,0.9458,0.9458,50.04
coinbase,USDCEUR,1678903080000,2023-03-15 17:58:00,0.9458,0.9458,0.9456,0.9456,2000
coinbase,USDCEUR,1678903140000,2023-03-15 17:59:00,0.946,0.946,0.9449,0.9449,9246.59
coinbase,USDCEUR,1678903200000,2023-03-15 18:00:00,0.9448,0.9448,0.9448,0.9448,29671.84
coinbase,USDCEUR,1678867260000,2023-03-15 08:01:00,0.9272,0.9274,0.9272,0.9274,1090.89
coinbase,USDCEUR,1678867860000,2023-03-15 08:11:00,0.9274,0.9274,0.9274,0.9274,842.69
coinbase,USDCEUR,1678868160000,2023-03-15 08:16:00,0.9274,0.9276,0.9274,0.9275,206.52
coinbase,USDCEUR,1678868460000,2023-03-15 08:21:00,0.9276,0.9281,0.9276,0.9281,728.17
coinbase,USDCEUR,1678868520000,2023-03-15 08:22:00,0.9282,0.9287,0.9282,0.9287,1339.47
coinbase,USDCEUR,1678868580000,2023-03-15 08:23:00,0.9286,0.9288,0.9286,0.9288,1168.46
coinbase,USDCEUR,1678868940000,2023-03-15 08:29:00,0.9287,0.9287,0.9287,0.9287,301.76
coinbase,USDCEUR,1678869180000,2023-03-15 08:33:00,0.9287,0.9287,0.9287,0.9287,21.44
coinbase,USDCEUR,1678869420000,2023-03-15 08:37:00,0.9287,0.9287,0.9287,0.9287,10.73
coinbase,USDCEUR,1678869720000,2023-03-15 08:42:00,0.9285,0.9285,0.9285,0.9285,32.24
coinbase,USDCEUR,1678869900000,2023-03-15 08:45:00,0.9283,0.9284,0.9283,0.9284,136.04
coinbase,USDCEUR,1678870080000,2023-03-15 08:48:00,0.9284,0.9284,0.9282,0.9282,5433
coinbase,USDCEUR,1678870140000,2023-03-15 08:49:00,0.9282,0.9282,0.9282,0.9282,6264.28
coinbase,USDCEUR,1678870200000,2023-03-15 08:50:00,0.9282,0.9282,0.928,0.928,9413.69
coinbase,USDCEUR,1678870560000,2023-03-15 08:56:00,0.928,0.928,0.928,0.928,16063.88
coinbase,USDCEUR,1678870620000,2023-03-15 08:57:00,0.928,0.928,0.928,0.928,8045.95
coinbase,USDCEUR,1678870680000,2023-03-15 08:58:00,0.928,0.928,0.928,0.928,13766.93
coinbase,USDCEUR,1678870740000,2023-03-15 08:59:00,0.928,0.928,0.928,0.928,5252.23
coinbase,USDCEUR,1678870920000,2023-03-15 09:02:00,0.928,0.928,0.928,0.928,15680.82
coinbase,USDCEUR,1678870980000,2023-03-15 09:03:00,0.928,0.928,0.928,0.928,695.98
coinbase,USDCEUR,1678871040000,2023-03-15 09:04:00,0.928,0.928,0.928,0.928,11820.26
coinbase,USDCEUR,1678871100000,2023-03-15 09:05:00,0.928,0.9282,0.928,0.9282,4564.6
coinbase,USDCEUR,1678871460000,2023-03-15 09:11:00,0.9287,0.9294,0.9287,0.9289,1218.4
coinbase,USDCEUR,1678871760000,2023-03-15 09:16:00,0.929,0.929,0.9289,0.929,1006.41
coinbase,USDCEUR,1678871940000,2023-03-15 09:19:00,0.929,0.9294,0.929,0.9293,814.83
coinbase,USDCEUR,1678872300000,2023-03-15 09:25:00,0.9293,0.9294,0.9293,0.9294,3134.27
coinbase,USDCEUR,1678872420000,2023-03-15 09:27:00,0.9294,0.9294,0.9294,0.9294,3137.26
coinbase,USDCEUR,1678872480000,2023-03-15 09:28:00,0.9294,0.9294,0.9294,0.9294,107.59
coinbase,USDCEUR,1678872540000,2023-03-15 09:29:00,0.9294,0.9294,0.9294,0.9294,2212.94
coinbase,USDCEUR,1678872600000,2023-03-15 09:30:00,0.9294,0.9294,0.9294,0.9294,3134.64
coinbase,USDCEUR,1678872660000,2023-03-15 09:31:00,0.9294,0.9294,0.9292,0.9294,6311.42
coinbase,USDCEUR,1678872720000,2023-03-15 09:32:00,0.9294,0.9294,0.9294,0.9294,8104.41
coinbase,USDCEUR,1678872780000,2023-03-15 09:33:00,0.9294,0.9294,0.9294,0.9294,13164.76
coinbase,USDCEUR,1678872840000,2023-03-15 09:34:00,0.9294,0.9294,0.9294,0.9294,13309.06
coinbase,USDCEUR,1678872900000,2023-03-15 09:35:00,0.9297,0.93,0.9297,0.93,1427.62
coinbase,USDCEUR,1678872960000,2023-03-15 09:36:00,0.93,0.93,0.93,0.93,5131.05
coinbase,USDCEUR,1678873020000,2023-03-15 09:37:00,0.93,0.93,0.93,0.93,2093.44
coinbase,USDCEUR,1678873080000,2023-03-15 09:38:00,0.93,0.93,0.93,0.93,44940.99
coinbase,USDCEUR,1678873140000,2023-03-15 09:39:00,0.93,0.93,0.93,0.93,11477.83
coinbase,USDCEUR,1678873200000,2023-03-15 09:40:00,0.93,0.9313,0.93,0.9313,22073.25
coinbase,USDCEUR,1678873260000,2023-03-15 09:41:00,0.9313,0.932,0.9312,0.932,205.49
coinbase,USDCEUR,1678873560000,2023-03-15 09:46:00,0.9325,0.9325,0.9325,0.9325,3725.25
coinbase,USDCEUR,1678873800000,2023-03-15 09:50:00,0.9325,0.9325,0.9325,0.9325,5219.82
coinbase,USDCEUR,1678873860000,2023-03-15 09:51:00,0.9325,0.9325,0.9325,0.9325,3185.56
coinbase,USDCEUR,1678873920000,2023-03-15 09:52:00,0.9325,0.9325,0.9325,0.9325,1999.33
coinbase,USDCEUR,1678873980000,2023-03-15 09:53:00,0.9325,0.9325,0.9324,0.9325,18339.99
coinbase,USDCEUR,1678874040000,2023-03-15 09:54:00,0.9325,0.9325,0.9325,0.9325,14946.71
coinbase,USDCEUR,1678874100000,2023-03-15 09:55:00,0.9325,0.9325,0.9325,0.9325,29854.12
coinbase,USDCEUR,1678874280000,2023-03-15 09:58:00,0.9325,0.9325,0.9325,0.9325,2088.34
coinbase,USDCEUR,1678874340000,2023-03-15 09:59:00,0.9325,0.9325,0.9325,0.9325,6263.88
coinbase,USDCEUR,1678874400000,2023-03-15 10:00:00,0.9325,0.9325,0.9325,0.9325,7308.45
coinbase,USDCEUR,1678874460000,2023-03-15 10:01:00,0.9325,0.9325,0.9325,0.9325,4175.72
coinbase,USDCEUR,1678874520000,2023-03-15 10:02:00,0.9325,0.9325,0.9325,0.9325,6265.74
coinbase,USDCEUR,1678874580000,2023-03-15 10:03:00,0.9325,0.9325,0.9325,0.9325,3059.82
coinbase,USDCEUR,1678874820000,2023-03-15 10:07:00,0.9325,0.9325,0.9324,0.9325,8438.94
coinbase,USDCEUR,1678874880000,2023-03-15 10:08:00,0.9325,0.9325,0.9325,0.9325,5221.91
coinbase,USDCEUR,1678874940000,2023-03-15 10:09:00,0.9325,0.9325,0.9324,0.9325,5231.63
coinbase,USDCEUR,1678875000000,2023-03-15 10:10:00,0.9325,0.9325,0.9325,0.9325,2090.17
coinbase,USDCEUR,1678875120000,2023-03-15 10:12:00,0.9325,0.9325,0.9325,0.9325,4178.29
coinbase,USDCEUR,1678875240000,2023-03-15 10:14:00,0.9325,0.9325,0.9324,0.9325,4179.72
coinbase,USDCEUR,1678875300000,2023-03-15 10:15:00,0.9325,0.9325,0.9325,0.9325,2261.51
coinbase,USDCEUR,1678875360000,2023-03-15 10:16:00,0.9325,0.9325,0.932,0.932,5460.65
coinbase,USDCEUR,1678875420000,2023-03-15 10:17:00,0.932,0.932,0.932,0.932,1128.55
coinbase,USDCEUR,1678875480000,2023-03-15 10:18:00,0.932,0.9325,0.932,0.9325,2095.43
coinbase,USDCEUR,1678875600000,2023-03-15 10:20:00,0.9325,0.9325,0.9324,0.9325,4363.57
coinbase,USDCEUR,1678875840000,2023-03-15 10:24:00,0.9325,0.9325,0.9325,0.9325,3267.3
coinbase,USDCEUR,1678875900000,2023-03-15 10:25:00,0.9325,0.9325,0.9325,0.9325,9678.22
coinbase,USDCEUR,1678875960000,2023-03-15 10:26:00,0.9325,0.9325,0.9325,0.9325,2093.11
coinbase,USDCEUR,1678876020000,2023-03-15 10:27:00,0.9325,0.9325,0.9325,0.9325,2093.06
coinbase,USDCEUR,1678876080000,2023-03-15 10:28:00,0.9325,0.9325,0.9325,0.9325,10784.6
coinbase,USDCEUR,1678876140000,2023-03-15 10:29:00,0.9325,0.9325,0.9322,0.9325,13656.52
coinbase,USDCEUR,1678876200000,2023-03-15 10:30:00,0.9324,0.9325,0.9324,0.9325,8238.5
coinbase,USDCEUR,1678876260000,2023-03-15 10:31:00,0.9325,0.9325,0.9325,0.9325,7922.28
coinbase,USDCEUR,1678876320000,2023-03-15 10:32:00,0.9325,0.9325,0.9324,0.9325,7452.09
coinbase,USDCEUR,1678876380000,2023-03-15 10:33:00,0.9325,0.9325,0.9325,0.9325,16461.28
coinbase,USDCEUR,1678876440000,2023-03-15 10:34:00,0.9325,0.9332,0.9325,0.9332,79620.83
coinbase,USDCEUR,1678876500000,2023-03-15 10:35:00,0.9332,0.9332,0.9332,0.9332,1555.26
coinbase,USDCEUR,1678876560000,2023-03-15 10:36:00,0.9332,0.9349,0.9332,0.9349,7602.09
coinbase,USDCEUR,1678876680000,2023-03-15 10:38:00,0.9349,0.935,0.9349,0.935,10442.13
coinbase,USDCEUR,1678876740000,2023-03-15 10:39:00,0.935,0.935,0.935,0.935,8.45
coinbase,USDCEUR,1678876800000,2023-03-15 10:40:00,0.935,0.935,0.935,0.935,4310.34
coinbase,USDCEUR,1678876860000,2023-03-15 10:41:00,0.935,0.935,0.935,0.935,7095.08
coinbase,USDCEUR,1678876920000,2023-03-15 10:42:00,0.935,0.935,0.9349,0.9349,10105.83
coinbase,USDCEUR,1678877220000,2023-03-15 10:47:00,0.935,0.935,0.935,0.935,405.43
coinbase,USDCEUR,1678877280000,2023-03-15 10:48:00,0.935,0.9361,0.935,0.936,1874.25
coinbase,USDCEUR,1678877340000,2023-03-15 10:49:00,0.936,0.936,0.936,0.936,10010.88
coinbase,USDCEUR,1678877400000,2023-03-15 10:50:00,0.936,0.936,0.936,0.936,4187.43
coinbase,USDCEUR,1678877460000,2023-03-15 10:51:00,0.936,0.9361,0.936,0.9361,4192.32
coinbase,USDCEUR,1678877520000,2023-03-15 10:52:00,0.9361,0.9361,0.9361,0.9361,2094.6
coinbase,USDCEUR,1678877580000,2023-03-15 10:53:00,0.9361,0.9361,0.9361,0.9361,1651.4
coinbase,USDCEUR,1678877640000,2023-03-15 10:54:00,0.9361,0.9369,0.9361,0.9369,632.24
coinbase,USDCEUR,1678877700000,2023-03-15 10:55:00,0.9368,0.9369,0.9368,0.9369,1145.54
coinbase,USDCEUR,1678877760000,2023-03-15 10:56:00,0.9369,0.9369,0.9368,0.9368,5915.48
coinbase,USDCEUR,1678877880000,2023-03-15 10:58:00,0.9369,0.9369,0.9369,0.9369,13.94
coinbase,USDCEUR,1678878180000,2023-03-15 11:03:00,0.9369,0.9369,0.9369,0.9369,1062.61
coinbase,USDCEUR,1678878420000,2023-03-15 11:07:00,0.9369,0.9369,0.9369,0.9369,13.89
coinbase,USDCEUR,1678878480000,2023-03-15 11:08:00,0.9369,0.9369,0.9369,0.9369,3.24
coinbase,USDCEUR,1678878720000,2023-03-15 11:12:00,0.9369,0.9369,0.9369,0.9369,3.45
coinbase,USDCEUR,1678878840000,2023-03-15 11:14:00,0.9369,0.9369,0.9369,0.9369,10.64
coinbase,USDCEUR,1678878900000,2023-03-15 11:15:00,0.9369,0.9369,0.9369,0.9369,92.88
coinbase,USDCEUR,1678878960000,2023-03-15 11:16:00,0.9369,0.9375,0.9369,0.937,907
coinbase,USDCEUR,1678879020000,2023-03-15 11:17:00,0.9369,0.9375,0.9366,0.9366,4039.86
coinbase,USDCEUR,1678879080000,2023-03-15 11:18:00,0.9375,0.9387,0.9375,0.9387,4514.41
coinbase,USDCEUR,1678879380000,2023-03-15 11:23:00,0.9394,0.9397,0.9394,0.9394,2685.39
coinbase,USDCEUR,1678879440000,2023-03-15 11:24:00,0.9391,0.9397,0.9391,0.9397,5905.4
coinbase,USDCEUR,1678879620000,2023-03-15 11:27:00,0.9396,0.9397,0.9393,0.9397,2966.72
coinbase,USDCEUR,1678879920000,2023-03-15 11:32:00,0.9397,0.9397,0.9397,0.9397,1278.14
coinbase,USDCEUR,1678880040000,2023-03-15 11:34:00,0.9397,0.9397,0.9397,0.9397,4130.12
coinbase,USDCEUR,1678880160000,2023-03-15 11:36:00,0.9397,0.94,0.9396,0.9396,1805.75
coinbase,USDCEUR,1678880400000,2023-03-15 11:40:00,0.9396,0.9396,0.9396,0.9396,137.58
coinbase,USDCEUR,1678880460000,2023-03-15 11:41:00,0.9396,0.9396,0.9394,0.9396,740.65
coinbase,USDCEUR,1678880700000,2023-03-15 11:45:00,0.9395,0.9395,0.9395,0.9395,67.49
coinbase,USDCEUR,1678880760000,2023-03-15 11:46:00,0.9399,0.9399,0.9399,0.9399,1.17
coinbase,USDCEUR,1678880820000,2023-03-15 11:47:00,0.9399,0.94,0.9399,0.94,2913.16
coinbase,USDCEUR,1678881240000,2023-03-15 11:54:00,0.94,0.94,0.94,0.94,18232.95
coinbase,USDCEUR,1678881360000,2023-03-15 11:56:00,0.94,0.94,0.94,0.94,3381.5
coinbase,USDCEUR,1678881480000,2023-03-15 11:58:00,0.94,0.94,0.94,0.94,1291.82
coinbase,USDCEUR,1678881660000,2023-03-15 12:01:00,0.94,0.94,0.94,0.94,9380.21
coinbase,USDCEUR,1678881780000,2023-03-15 12:03:00,0.9399,0.9399,0.9399,0.9399,4.56
coinbase,USDCEUR,1678881840000,2023-03-15 12:04:00,0.94,0.94,0.94,0.94,41694.82
coinbase,USDCEUR,1678881900000,2023-03-15 12:05:00,0.9405,0.9442,0.9405,0.9406,73363.32
coinbase,USDCEUR,1678881960000,2023-03-15 12:06:00,0.9411,0.9411,0.941,0.941,277.94
coinbase,USDCEUR,1678882020000,2023-03-15 12:07:00,0.9412,0.9412,0.9411,0.9412,11143.46
coinbase,USDCEUR,1678882200000,2023-03-15 12:10:00,0.9417,0.9417,0.9417,0.9417,513.93
coinbase,USDCEUR,1678882260000,2023-03-15 12:11:00,0.9424,0.9426,0.9424,0.9425,1067.35
coinbase,USDCEUR,1678882320000,2023-03-15 12:12:00,0.9426,0.9426,0.9426,0.9426,20.26
coinbase,USDCEUR,1678882440000,2023-03-15 12:14:00,0.9428,0.9434,0.9387,0.9418,58883.22
coinbase,USDCEUR,1678882740000,2023-03-15 12:19:00,0.941,0.9418,0.941,0.9418,196.59
coinbase,USDCEUR,1678882800000,2023-03-15 12:20:00,0.9418,0.9419,0.9412,0.9412,202.28
coinbase,USDCEUR,1678882860000,2023-03-15 12:21:00,0.9412,0.9412,0.941,0.941,1118.37
coinbase,USDCEUR,1678882920000,2023-03-15 12:22:00,0.941,0.941,0.9406,0.9409,4890.67
coinbase,USDCEUR,1678882980000,2023-03-15 12:23:00,0.9408,0.9413,0.9408,0.9413,2157.09
coinbase,USDCEUR,1678883040000,2023-03-15 12:24:00,0.9414,0.9414,0.941,0.941,2941.94
coinbase,USDCEUR,1678883160000,2023-03-15 12:26:00,0.941,0.9417,0.941,0.9417,1110.24
coinbase,USDCEUR,1678883400000,2023-03-15 12:30:00,0.941,0.941,0.9409,0.9409,323.37
coinbase,USDCEUR,1678883460000,2023-03-15 12:31:00,0.9419,0.9419,0.9402,0.9402,918.37
coinbase,USDCEUR,1678883760000,2023-03-15 12:36:00,0.9414,0.9423,0.9414,0.9423,343.16
coinbase,USDCEUR,1678884120000,2023-03-15 12:42:00,0.9422,0.9423,0.9422,0.9423,21.13
coinbase,USDCEUR,1678884240000,2023-03-15 12:44:00,0.9423,0.9423,0.9423,0.9423,33.21
coinbase,USDCEUR,1678884300000,2023-03-15 12:45:00,0.9423,0.9423,0.9423,0.9423,140.63
coinbase,USDCEUR,1678884360000,2023-03-15 12:46:00,0.9423,0.9428,0.9423,0.9424,104.8
coinbase,USDCEUR,1678884720000,2023-03-15 12:52:00,0.9425,0.9425,0.9417,0.9417,525.44
coinbase,USDCEUR,1678885080000,2023-03-15 12:58:00,0.9419,0.9428,0.9419,0.942,1620.37
coinbase,USDCEUR,1678885200000,2023-03-15 13:00:00,0.942,0.943,0.942,0.943,126.11
coinbase,USDCEUR,1678849260000,2023-03-15 03:01:00,0.9248,0.9248,0.9247,0.9247,115.82
coinbase,USDCEUR,1678849380000,2023-03-15 03:03:00,0.9247,0.9247,0.9238,0.9238,266.14
coinbase,USDCEUR,1678849440000,2023-03-15 03:04:00,0.9238,0.9248,0.9238,0.9248,234.53
coinbase,USDCEUR,1678849500000,2023-03-15 03:05:00,0.9238,0.9245,0.9231,0.9245,3060.42
coinbase,USDCEUR,1678849620000,2023-03-15 03:07:00,0.9245,0.9245,0.9245,0.9245,181.26
coinbase,USDCEUR,1678849680000,2023-03-15 03:08:00,0.9243,0.9243,0.9243,0.9243,241.83
coinbase,USDCEUR,1678849740000,2023-03-15 03:09:00,0.9243,0.9244,0.9243,0.9244,181.26
coinbase,USDCEUR,1678849800000,2023-03-15 03:10:00,0.9244,0.9248,0.9242,0.9248,439.93
coinbase,USDCEUR,1678849920000,2023-03-15 03:12:00,0.9243,0.9243,0.9239,0.9239,219.26
coinbase,USDCEUR,1678849980000,2023-03-15 03:13:00,0.9243,0.9243,0.9243,0.9243,60.57
coinbase,USDCEUR,1678850100000,2023-03-15 03:15:00,0.9243,0.9247,0.9235,0.9235,582.14
coinbase,USDCEUR,1678850220000,2023-03-15 03:17:00,0.9246,0.9248,0.9246,0.9248,120.84
coinbase,USDCEUR,1678850280000,2023-03-15 03:18:00,0.9248,0.9249,0.9239,0.9239,358.72
coinbase,USDCEUR,1678850400000,2023-03-15 03:20:00,0.9248,0.9249,0.9248,0.9249,120.68
coinbase,USDCEUR,1678850520000,2023-03-15 03:22:00,0.9236,0.9248,0.9236,0.9248,70.67
coinbase,USDCEUR,1678850700000,2023-03-15 03:25:00,0.9246,0.9246,0.9246,0.9246,120.52
coinbase,USDCEUR,1678850760000,2023-03-15 03:26:00,0.9247,0.9247,0.9245,0.9245,163.66
coinbase,USDCEUR,1678851060000,2023-03-15 03:31:00,0.9247,0.9249,0.9236,0.9236,401.99
coinbase,USDCEUR,1678851600000,2023-03-15 03:40:00,0.9238,0.9243,0.9238,0.9243,278.43
coinbase,USDCEUR,1678851720000,2023-03-15 03:42:00,0.9243,0.9243,0.9243,0.9243,63.84
coinbase,USDCEUR,1678851840000,2023-03-15 03:44:00,0.9243,0.9243,0.9243,0.9243,118.44
coinbase,USDCEUR,1678852440000,2023-03-15 03:54:00,0.9244,0.9249,0.9244,0.9249,483.87
coinbase,USDCEUR,1678852500000,2023-03-15 03:55:00,0.9249,0.9258,0.9249,0.9258,324.96
coinbase,USDCEUR,1678852620000,2023-03-15 03:57:00,0.9256,0.926,0.9256,0.926,286.27
coinbase,USDCEUR,1678852680000,2023-03-15 03:58:00,0.9261,0.9261,0.9261,0.9261,1248.36
coinbase,USDCEUR,1678852740000,2023-03-15 03:59:00,0.9262,0.9266,0.9262,0.9266,14333.56
coinbase,USDCEUR,1678852800000,2023-03-15 04:00:00,0.9269,0.9269,0.9269,0.9269,585.12
coinbase,USDCEUR,1678852860000,2023-03-15 04:01:00,0.9268,0.9271,0.9268,0.9271,4064.64
coinbase,USDCEUR,1678852920000,2023-03-15 04:02:00,0.9271,0.9271,0.927,0.927,7251.08
coinbase,USDCEUR,1678853040000,2023-03-15 04:04:00,0.9268,0.9273,0.9268,0.9273,1291.72
coinbase,USDCEUR,1678853100000,2023-03-15 04:05:00,0.9274,0.9274,0.9269,0.927,1322.94
coinbase,USDCEUR,1678853160000,2023-03-15 04:06:00,0.9269,0.9273,0.9267,0.9273,532.71
coinbase,USDCEUR,1678853220000,2023-03-15 04:07:00,0.9273,0.9274,0.9267,0.9267,454.05
coinbase,USDCEUR,1678853460000,2023-03-15 04:11:00,0.9269,0.9272,0.9268,0.9272,2040.26
coinbase,USDCEUR,1678853700000,2023-03-15 04:15:00,0.9268,0.9268,0.9267,0.9267,39.21
coinbase,USDCEUR,1678854120000,2023-03-15 04:22:00,0.9267,0.9267,0.9267,0.9267,9.25
coinbase,USDCEUR,1678854180000,2023-03-15 04:23:00,0.9267,0.9267,0.9267,0.9267,187.64
coinbase,USDCEUR,1678854660000,2023-03-15 04:31:00,0.9267,0.9267,0.9267,0.9267,68.77
coinbase,USDCEUR,1678854960000,2023-03-15 04:36:00,0.9267,0.9267,0.9266,0.9266,505
coinbase,USDCEUR,1678855020000,2023-03-15 04:37:00,0.9267,0.9268,0.9267,0.9268,99.36
coinbase,USDCEUR,1678855440000,2023-03-15 04:44:00,0.9269,0.9271,0.9269,0.9271,464.27
coinbase,USDCEUR,1678855740000,2023-03-15 04:49:00,0.9271,0.9271,0.9267,0.9267,1044.25
coinbase,USDCEUR,1678856100000,2023-03-15 04:55:00,0.9272,0.9272,0.927,0.927,17.65
coinbase,USDCEUR,1678856400000,2023-03-15 05:00:00,0.9269,0.9272,0.9269,0.9272,224.35
coinbase,USDCEUR,1678857000000,2023-03-15 05:10:00,0.9268,0.9268,0.9268,0.9268,132.7
coinbase,USDCEUR,1678857600000,2023-03-15 05:20:00,0.9272,0.9272,0.9272,0.9272,342.19
coinbase,USDCEUR,1678857900000,2023-03-15 05:25:00,0.9273,0.9273,0.9273,0.9273,196.64
coinbase,USDCEUR,1678858320000,2023-03-15 05:32:00,0.9274,0.9277,0.9274,0.9277,235.02
coinbase,USDCEUR,1678858680000,2023-03-15 05:38:00,0.9277,0.9278,0.9277,0.9278,875.46
coinbase,USDCEUR,1678858740000,2023-03-15 05:39:00,0.928,0.928,0.9276,0.9276,3.32
coinbase,USDCEUR,1678859880000,2023-03-15 05:58:00,0.928,0.928,0.928,0.928,4.38
coinbase,USDCEUR,1678860780000,2023-03-15 06:13:00,0.928,0.928,0.928,0.928,195.78
coinbase,USDCEUR,1678860840000,2023-03-15 06:14:00,0.9282,0.9282,0.9282,0.9282,1143.86
coinbase,USDCEUR,1678862040000,2023-03-15 06:34:00,0.9279,0.9283,0.9279,0.9283,799.93
coinbase,USDCEUR,1678862400000,2023-03-15 06:40:00,0.9284,0.9288,0.9282,0.9283,2010.62
coinbase,USDCEUR,1678862580000,2023-03-15 06:43:00,0.9283,0.9283,0.9282,0.9282,88.2
coinbase,USDCEUR,1678862700000,2023-03-15 06:45:00,0.9283,0.9285,0.9283,0.9285,132.47
coinbase,USDCEUR,1678863300000,2023-03-15 06:55:00,0.9283,0.9283,0.9279,0.9283,169.43
coinbase,USDCEUR,1678863660000,2023-03-15 07:01:00,0.9283,0.9283,0.9283,0.9283,15.61
coinbase,USDCEUR,1678863720000,2023-03-15 07:02:00,0.928,0.9282,0.924,0.9282,266452.04
coinbase,USDCEUR,1678863780000,2023-03-15 07:03:00,0.9278,0.9278,0.9278,0.9278,6.91
coinbase,USDCEUR,1678863960000,2023-03-15 07:06:00,0.9276,0.9276,0.9272,0.9273,1057.48
coinbase,USDCEUR,1678864200000,2023-03-15 07:10:00,0.9272,0.9273,0.9272,0.9273,1043.84
coinbase,USDCEUR,1678864320000,2023-03-15 07:12:00,0.9272,0.9274,0.9272,0.9274,11483.16
coinbase,USDCEUR,1678864680000,2023-03-15 07:18:00,0.9275,0.9279,0.9275,0.9278,1047.34
coinbase,USDCEUR,1678864860000,2023-03-15 07:21:00,0.9278,0.9278,0.9274,0.9274,998.36
coinbase,USDCEUR,1678865460000,2023-03-15 07:31:00,0.9275,0.9275,0.9275,0.9275,236.11
coinbase,USDCEUR,1678865640000,2023-03-15 07:34:00,0.9274,0.9275,0.9274,0.9275,1103.65
coinbase,USDCEUR,1678865820000,2023-03-15 07:37:00,0.9275,0.9275,0.9275,0.9275,1043.97
coinbase,USDCEUR,1678865880000,2023-03-15 07:38:00,0.9275,0.9276,0.9275,0.9276,1932.5
coinbase,USDCEUR,1678866060000,2023-03-15 07:41:00,0.9276,0.9277,0.9274,0.9274,3966.59
coinbase,USDCEUR,1678866360000,2023-03-15 07:46:00,0.9274,0.9274,0.9274,0.9274,8352.67
coinbase,USDCEUR,1678866420000,2023-03-15 07:47:00,0.9274,0.9274,0.9274,0.9274,2088.11
coinbase,USDCEUR,1678866480000,2023-03-15 07:48:00,0.9274,0.9274,0.9274,0.9274,7973.02
coinbase,USDCEUR,1678866540000,2023-03-15 07:49:00,0.9274,0.9274,0.9274,0.9274,4176.43
coinbase,USDCEUR,1678866600000,2023-03-15 07:50:00,0.9274,0.9274,0.9274,0.9274,4175.92
coinbase,USDCEUR,1678866660000,2023-03-15 07:51:00,0.9274,0.9274,0.9274,0.9274,5568.4
coinbase,USDCEUR,1678866720000,2023-03-15 07:52:00,0.9274,0.9274,0.9274,0.9274,5330.62
coinbase,USDCEUR,1678866780000,2023-03-15 07:53:00,0.9274,0.9274,0.9274,0.9274,7309.14
coinbase,USDCEUR,1678867080000,2023-03-15 07:58:00,0.9273,0.9273,0.9272,0.9273,1900.75
coinbase,USDCEUR,1678831620000,2023-03-14 22:07:00,0.9274,0.9275,0.9274,0.9275,135.44
coinbase,USDCEUR,1678831740000,2023-03-14 22:09:00,0.9275,0.9275,0.9274,0.9275,147.75
coinbase,USDCEUR,1678831800000,2023-03-14 22:10:00,0.9274,0.9274,0.9274,0.9274,3.12
coinbase,USDCEUR,1678831860000,2023-03-14 22:11:00,0.9271,0.9271,0.9271,0.9271,28.67
coinbase,USDCEUR,1678831920000,2023-03-14 22:12:00,0.9276,0.9276,0.9276,0.9276,30.07
coinbase,USDCEUR,1678831980000,2023-03-14 22:13:00,0.9269,0.9276,0.9269,0.9276,207.44
coinbase,USDCEUR,1678832040000,2023-03-14 22:14:00,0.9271,0.9277,0.9271,0.9277,221.41
coinbase,USDCEUR,1678832280000,2023-03-14 22:18:00,0.9272,0.9273,0.9272,0.9273,15.93
coinbase,USDCEUR,1678832400000,2023-03-14 22:20:00,0.9278,0.9278,0.9278,0.9278,1045.71
coinbase,USDCEUR,1678832520000,2023-03-14 22:22:00,0.9278,0.9279,0.9275,0.9279,843.37
coinbase,USDCEUR,1678832940000,2023-03-14 22:29:00,0.9279,0.9279,0.9278,0.9278,121.68
coinbase,USDCEUR,1678833000000,2023-03-14 22:30:00,0.9279,0.9279,0.9279,0.9279,46.98
coinbase,USDCEUR,1678833180000,2023-03-14 22:33:00,0.9279,0.9279,0.9278,0.9278,91.15
coinbase,USDCEUR,1678833300000,2023-03-14 22:35:00,0.9278,0.9279,0.9277,0.9279,7118.29
coinbase,USDCEUR,1678833660000,2023-03-14 22:41:00,0.9279,0.9279,0.9278,0.9279,2608.61
coinbase,USDCEUR,1678833780000,2023-03-14 22:43:00,0.9279,0.9279,0.9279,0.9279,4280.5
coinbase,USDCEUR,1678833900000,2023-03-14 22:45:00,0.9279,0.928,0.9279,0.928,705.79
coinbase,USDCEUR,1678834020000,2023-03-14 22:47:00,0.9279,0.928,0.9279,0.928,749.63
coinbase,USDCEUR,1678834380000,2023-03-14 22:53:00,0.928,0.9281,0.928,0.9281,191.21
coinbase,USDCEUR,1678834560000,2023-03-14 22:56:00,0.9281,0.9282,0.9281,0.9282,8.66
coinbase,USDCEUR,1678834860000,2023-03-14 23:01:00,0.9282,0.9285,0.9282,0.9285,119.88
coinbase,USDCEUR,1678834920000,2023-03-14 23:02:00,0.9285,0.9285,0.9284,0.9284,64.77
coinbase,USDCEUR,1678835340000,2023-03-14 23:09:00,0.9284,0.9284,0.9283,0.9283,1358.93
coinbase,USDCEUR,1678835880000,2023-03-14 23:18:00,0.9283,0.9283,0.9283,0.9283,2027.84
coinbase,USDCEUR,1678836060000,2023-03-14 23:21:00,0.9284,0.9284,0.9283,0.9283,1704.5
coinbase,USDCEUR,1678836180000,2023-03-14 23:23:00,0.928,0.928,0.9277,0.9277,11544.17
coinbase,USDCEUR,1678836240000,2023-03-14 23:24:00,0.9277,0.9282,0.9275,0.9282,753.18
coinbase,USDCEUR,1678836420000,2023-03-14 23:27:00,0.9282,0.9283,0.9282,0.9283,404.19
coinbase,USDCEUR,1678836660000,2023-03-14 23:31:00,0.9283,0.9283,0.9275,0.9275,260.47
coinbase,USDCEUR,1678836960000,2023-03-14 23:36:00,0.9283,0.9292,0.9283,0.9292,3197.35
coinbase,USDCEUR,1678837140000,2023-03-14 23:39:00,0.9284,0.9284,0.9281,0.9281,92.41
coinbase,USDCEUR,1678837200000,2023-03-14 23:40:00,0.9282,0.9282,0.9282,0.9282,117.6
coinbase,USDCEUR,1678837260000,2023-03-14 23:41:00,0.9283,0.929,0.9283,0.929,10.51
coinbase,USDCEUR,1678837500000,2023-03-14 23:45:00,0.9289,0.9289,0.9289,0.9289,5.33
coinbase,USDCEUR,1678838400000,2023-03-15 00:00:00,0.9285,0.9289,0.9285,0.9289,66.83
coinbase,USDCEUR,1678838760000,2023-03-15 00:06:00,0.9285,0.9285,0.9284,0.9284,199.09
coinbase,USDCEUR,1678839300000,2023-03-15 00:15:00,0.9282,0.9282,0.9279,0.9279,690.48
coinbase,USDCEUR,1678839420000,2023-03-15 00:17:00,0.9278,0.9278,0.9278,0.9278,68.54
coinbase,USDCEUR,1678839480000,2023-03-15 00:18:00,0.9278,0.9278,0.9277,0.9278,155.57
coinbase,USDCEUR,1678839540000,2023-03-15 00:19:00,0.9278,0.9279,0.9277,0.9279,191.95
coinbase,USDCEUR,1678839840000,2023-03-15 00:24:00,0.9277,0.9277,0.9275,0.9275,1149.37
coinbase,USDCEUR,1678840080000,2023-03-15 00:28:00,0.9274,0.9274,0.9269,0.9269,165.99
coinbase,USDCEUR,1678840320000,2023-03-15 00:32:00,0.9269,0.9269,0.925,0.925,491.05
coinbase,USDCEUR,1678840740000,2023-03-15 00:39:00,0.9263,0.9263,0.9251,0.9251,210.17
coinbase,USDCEUR,1678841700000,2023-03-15 00:55:00,0.9246,0.925,0.9246,0.925,130.1
coinbase,USDCEUR,1678842000000,2023-03-15 01:00:00,0.925,0.9252,0.9247,0.9247,79.24
coinbase,USDCEUR,1678842180000,2023-03-15 01:03:00,0.9247,0.9247,0.9247,0.9247,31.11
coinbase,USDCEUR,1678842360000,2023-03-15 01:06:00,0.9247,0.9247,0.9245,0.9245,614.3
coinbase,USDCEUR,1678842840000,2023-03-15 01:14:00,0.9246,0.9252,0.9245,0.9252,4124.38
coinbase,USDCEUR,1678843080000,2023-03-15 01:18:00,0.9252,0.9261,0.9252,0.9261,345.47
coinbase,USDCEUR,1678843200000,2023-03-15 01:20:00,0.9259,0.9259,0.9249,0.9249,839.21
coinbase,USDCEUR,1678844280000,2023-03-15 01:38:00,0.926,0.926,0.9253,0.9255,20.7
coinbase,USDCEUR,1678845360000,2023-03-15 01:56:00,0.9255,0.9255,0.9251,0.9251,45.77
coinbase,USDCEUR,1678845660000,2023-03-15 02:01:00,0.9258,0.9259,0.9258,0.9259,1750.62
coinbase,USDCEUR,1678845720000,2023-03-15 02:02:00,0.9259,0.926,0.9253,0.9253,1582.03
coinbase,USDCEUR,1678845900000,2023-03-15 02:05:00,0.9253,0.9253,0.9252,0.9252,80.42
coinbase,USDCEUR,1678846260000,2023-03-15 02:11:00,0.925,0.925,0.9248,0.9248,30.02
coinbase,USDCEUR,1678846620000,2023-03-15 02:17:00,0.925,0.925,0.925,0.925,10.76
coinbase,USDCEUR,1678846980000,2023-03-15 02:23:00,0.9252,0.9252,0.9248,0.9248,99.35
coinbase,USDCEUR,1678847160000,2023-03-15 02:26:00,0.9248,0.9248,0.9248,0.9248,472.25
coinbase,USDCEUR,1678847220000,2023-03-15 02:27:00,0.9251,0.9252,0.9248,0.9252,292.14
coinbase,USDCEUR,1678847520000,2023-03-15 02:32:00,0.9252,0.9252,0.925,0.925,241.03
coinbase,USDCEUR,1678848000000,2023-03-15 02:40:00,0.9248,0.925,0.9248,0.925,438.65
coinbase,USDCEUR,1678848660000,2023-03-15 02:51:00,0.9247,0.9249,0.9241,0.9249,278.52
coinbase,USDCEUR,1678848720000,2023-03-15 02:52:00,0.9241,0.9249,0.9241,0.9248,208.6
coinbase,USDCEUR,1678848780000,2023-03-15 02:53:00,0.9248,0.9248,0.9241,0.9241,74.08
coinbase,USDCEUR,1678849140000,2023-03-15 02:59:00,0.9241,0.9249,0.9241,0.9249,188.09
coinbase,USDCEUR,1678813200000,2023-03-14 17:00:00,0.9292,0.9292,0.9291,0.9291,41.15
coinbase,USDCEUR,1678813440000,2023-03-14 17:04:00,0.9288,0.9288,0.9287,0.9287,274.2
coinbase,USDCEUR,1678813620000,2023-03-14 17:07:00,0.9287,0.9292,0.9287,0.9292,825.41
coinbase,USDCEUR,1678813800000,2023-03-14 17:10:00,0.9288,0.9288,0.9287,0.9287,61.45
coinbase,USDCEUR,1678813860000,2023-03-14 17:11:00,0.9287,0.9293,0.9287,0.9293,1025.59
coinbase,USDCEUR,1678813980000,2023-03-14 17:13:00,0.9287,0.9294,0.9287,0.9294,1500.27
coinbase,USDCEUR,1678814040000,2023-03-14 17:14:00,0.929,0.9294,0.929,0.929,948.06
coinbase,USDCEUR,1678814100000,2023-03-14 17:15:00,0.929,0.9291,0.929,0.9291,1566.51
coinbase,USDCEUR,1678814220000,2023-03-14 17:17:00,0.9294,0.9294,0.9291,0.9291,18819.89
coinbase,USDCEUR,1678814520000,2023-03-14 17:22:00,0.9287,0.9287,0.9274,0.9285,5593.31
coinbase,USDCEUR,1678814640000,2023-03-14 17:24:00,0.9286,0.9286,0.9286,0.9286,244.2
coinbase,USDCEUR,1678814700000,2023-03-14 17:25:00,0.9286,0.9286,0.9277,0.9277,673.15
coinbase,USDCEUR,1678815120000,2023-03-14 17:32:00,0.9277,0.9285,0.9277,0.9285,72.99
coinbase,USDCEUR,1678815180000,2023-03-14 17:33:00,0.9278,0.9278,0.9278,0.9278,4.16
coinbase,USDCEUR,1678815240000,2023-03-14 17:34:00,0.9281,0.9281,0.9275,0.9275,294.87
coinbase,USDCEUR,1678815360000,2023-03-14 17:36:00,0.9274,0.9274,0.9271,0.9272,391.23
coinbase,USDCEUR,1678815420000,2023-03-14 17:37:00,0.9272,0.9272,0.9271,0.9272,397.61
coinbase,USDCEUR,1678815540000,2023-03-14 17:39:00,0.9272,0.9272,0.9272,0.9272,11.05
coinbase,USDCEUR,1678815720000,2023-03-14 17:42:00,0.927,0.9278,0.927,0.9278,1040.72
coinbase,USDCEUR,1678815840000,2023-03-14 17:44:00,0.9281,0.9281,0.9262,0.9262,520.75
coinbase,USDCEUR,1678816260000,2023-03-14 17:51:00,0.9262,0.9268,0.9258,0.9268,7031.6
coinbase,USDCEUR,1678816320000,2023-03-14 17:52:00,0.927,0.927,0.9259,0.9259,7.23
coinbase,USDCEUR,1678816380000,2023-03-14 17:53:00,0.927,0.927,0.9259,0.9259,493.51
coinbase,USDCEUR,1678816440000,2023-03-14 17:54:00,0.9259,0.9275,0.9259,0.926,568.53
coinbase,USDCEUR,1678816500000,2023-03-14 17:55:00,0.926,0.9273,0.926,0.9262,438.71
coinbase,USDCEUR,1678816560000,2023-03-14 17:56:00,0.9274,0.9274,0.9272,0.9272,247.31
coinbase,USDCEUR,1678816620000,2023-03-14 17:57:00,0.9272,0.9276,0.9272,0.9276,10.74
coinbase,USDCEUR,1678816680000,2023-03-14 17:58:00,0.9264,0.9269,0.9264,0.9269,320.89
coinbase,USDCEUR,1678816740000,2023-03-14 17:59:00,0.927,0.927,0.9269,0.927,1020.45
coinbase,USDCEUR,1678816800000,2023-03-14 18:00:00,0.927,0.927,0.9267,0.9269,927.62
coinbase,USDCEUR,1678816860000,2023-03-14 18:01:00,0.927,0.927,0.9265,0.9265,2679.78
coinbase,USDCEUR,1678816920000,2023-03-14 18:02:00,0.927,0.927,0.927,0.927,9.2
coinbase,USDCEUR,1678816980000,2023-03-14 18:03:00,0.9269,0.9277,0.9269,0.9277,1003.14
coinbase,USDCEUR,1678817040000,2023-03-14 18:04:00,0.9274,0.9277,0.9274,0.9277,478.66
coinbase,USDCEUR,1678817100000,2023-03-14 18:05:00,0.9277,0.9277,0.9273,0.9275,174.36
coinbase,USDCEUR,1678817160000,2023-03-14 18:06:00,0.9271,0.9271,0.9271,0.9271,72.91
coinbase,USDCEUR,1678817220000,2023-03-14 18:07:00,0.9272,0.9277,0.9272,0.9274,935.89
coinbase,USDCEUR,1678817280000,2023-03-14 18:08:00,0.9271,0.9273,0.9269,0.9269,16.86
coinbase,USDCEUR,1678817340000,2023-03-14 18:09:00,0.9265,0.927,0.9265,0.9268,583.85
coinbase,USDCEUR,1678817460000,2023-03-14 18:11:00,0.9268,0.9268,0.9265,0.9265,170.36
coinbase,USDCEUR,1678817520000,2023-03-14 18:12:00,0.9268,0.9276,0.9267,0.9276,139.68
coinbase,USDCEUR,1678817640000,2023-03-14 18:14:00,0.9273,0.9273,0.9268,0.9268,270.34
coinbase,USDCEUR,1678817760000,2023-03-14 18:16:00,0.9281,0.9281,0.9269,0.9269,51.06
coinbase,USDCEUR,1678817820000,2023-03-14 18:17:00,0.9269,0.9278,0.9267,0.9278,2135.36
coinbase,USDCEUR,1678818000000,2023-03-14 18:20:00,0.9266,0.9272,0.9264,0.9272,491.07
coinbase,USDCEUR,1678818180000,2023-03-14 18:23:00,0.9272,0.9272,0.9265,0.9265,172.61
coinbase,USDCEUR,1678818360000,2023-03-14 18:26:00,0.9265,0.9265,0.9265,0.9265,43.07
coinbase,USDCEUR,1678818600000,2023-03-14 18:30:00,0.9271,0.9271,0.9271,0.9271,80.14
coinbase,USDCEUR,1678818660000,2023-03-14 18:31:00,0.9271,0.9272,0.9267,0.9267,489.63
coinbase,USDCEUR,1678818720000,2023-03-14 18:32:00,0.9272,0.9275,0.9272,0.9275,492.27
coinbase,USDCEUR,1678818780000,2023-03-14 18:33:00,0.9278,0.9278,0.9268,0.9268,16.86
coinbase,USDCEUR,1678818900000,2023-03-14 18:35:00,0.9276,0.9276,0.9269,0.9269,129.92
coinbase,USDCEUR,1678819020000,2023-03-14 18:37:00,0.9268,0.9277,0.9268,0.9277,40.45
coinbase,USDCEUR,1678819200000,2023-03-14 18:40:00,0.9277,0.9277,0.9276,0.9276,213.78
coinbase,USDCEUR,1678819260000,2023-03-14 18:41:00,0.9277,0.9277,0.9277,0.9277,233.44
coinbase,USDCEUR,1678819380000,2023-03-14 18:43:00,0.9277,0.9277,0.9277,0.9277,72.62
coinbase,USDCEUR,1678819500000,2023-03-14 18:45:00,0.928,0.928,0.9278,0.9278,332.92
coinbase,USDCEUR,1678819680000,2023-03-14 18:48:00,0.9277,0.9277,0.9267,0.9275,1316.79
coinbase,USDCEUR,1678819740000,2023-03-14 18:49:00,0.9275,0.9275,0.9268,0.9273,129.03
coinbase,USDCEUR,1678819860000,2023-03-14 18:51:00,0.9273,0.9277,0.9267,0.9277,322.19
coinbase,USDCEUR,1678819920000,2023-03-14 18:52:00,0.9267,0.9267,0.9266,0.9266,275.31
coinbase,USDCEUR,1678820040000,2023-03-14 18:54:00,0.9273,0.9278,0.9273,0.9278,78.22
coinbase,USDCEUR,1678820160000,2023-03-14 18:56:00,0.9274,0.9277,0.9274,0.9277,28.76
coinbase,USDCEUR,1678820280000,2023-03-14 18:58:00,0.9277,0.9277,0.9264,0.927,1077.1
coinbase,USDCEUR,1678820340000,2023-03-14 18:59:00,0.927,0.9275,0.927,0.9274,263.18
coinbase,USDCEUR,1678820520000,2023-03-14 19:02:00,0.9274,0.9276,0.9274,0.9275,246.97
coinbase,USDCEUR,1678820700000,2023-03-14 19:05:00,0.9275,0.9275,0.9265,0.9266,490.67
coinbase,USDCEUR,1678821000000,2023-03-14 19:10:00,0.9273,0.9273,0.9272,0.9272,44.68
coinbase,USDCEUR,1678821060000,2023-03-14 19:11:00,0.9269,0.9269,0.9269,0.9269,16.73
coinbase,USDCEUR,1678821120000,2023-03-14 19:12:00,0.9272,0.9272,0.9264,0.9264,349.75
coinbase,USDCEUR,1678821180000,2023-03-14 19:13:00,0.9263,0.9264,0.9243,0.9261,3536.34
coinbase,USDCEUR,1678821240000,2023-03-14 19:14:00,0.9264,0.9264,0.9248,0.9264,685.59
coinbase,USDCEUR,1678821300000,2023-03-14 19:15:00,0.9257,0.9263,0.9205,0.9243,9619.35
coinbase,USDCEUR,1678821360000,2023-03-14 19:16:00,0.9243,0.9247,0.9212,0.9243,2656.86
coinbase,USDCEUR,1678821420000,2023-03-14 19:17:00,0.9239,0.924,0.9235,0.9235,7960.69
coinbase,USDCEUR,1678821480000,2023-03-14 19:18:00,0.9235,0.9235,0.9203,0.9205,13627.86
coinbase,USDCEUR,1678821540000,2023-03-14 19:19:00,0.9231,0.9236,0.9231,0.9232,1142.74
coinbase,USDCEUR,1678821600000,2023-03-14 19:20:00,0.9232,0.9232,0.9203,0.9214,1986.46
coinbase,USDCEUR,1678821720000,2023-03-14 19:22:00,0.923,0.923,0.9225,0.9225,196.69
coinbase,USDCEUR,1678821780000,2023-03-14 19:23:00,0.9229,0.9231,0.9216,0.9216,1190.94
coinbase,USDCEUR,1678821900000,2023-03-14 19:25:00,0.923,0.9231,0.9227,0.9231,353
coinbase,USDCEUR,1678821960000,2023-03-14 19:26:00,0.9231,0.9243,0.9231,0.9243,1772.61
coinbase,USDCEUR,1678822020000,2023-03-14 19:27:00,0.9236,0.9243,0.9222,0.9224,1158.38
coinbase,USDCEUR,1678822080000,2023-03-14 19:28:00,0.9225,0.9232,0.9214,0.9232,3339.24
coinbase,USDCEUR,1678822200000,2023-03-14 19:30:00,0.9231,0.9237,0.9227,0.9227,160.91
coinbase,USDCEUR,1678822260000,2023-03-14 19:31:00,0.9226,0.9226,0.9226,0.9226,14.67
coinbase,USDCEUR,1678822320000,2023-03-14 19:32:00,0.9227,0.9227,0.9207,0.9207,2746.96
coinbase,USDCEUR,1678822380000,2023-03-14 19:33:00,0.9223,0.9223,0.9221,0.9221,361.18
coinbase,USDCEUR,1678822440000,2023-03-14 19:34:00,0.9223,0.9223,0.9222,0.9222,140.75
coinbase,USDCEUR,1678822500000,2023-03-14 19:35:00,0.922,0.9224,0.922,0.9223,344.92
coinbase,USDCEUR,1678822560000,2023-03-14 19:36:00,0.9224,0.9224,0.922,0.9221,1142.09
coinbase,USDCEUR,1678822620000,2023-03-14 19:37:00,0.9223,0.9227,0.9223,0.9223,442.72
coinbase,USDCEUR,1678822680000,2023-03-14 19:38:00,0.9227,0.9227,0.9221,0.9225,2692.42
coinbase,USDCEUR,1678822800000,2023-03-14 19:40:00,0.9225,0.9225,0.9225,0.9225,68.28
coinbase,USDCEUR,1678822860000,2023-03-14 19:41:00,0.9225,0.9229,0.9225,0.9229,1003.4
coinbase,USDCEUR,1678823100000,2023-03-14 19:45:00,0.9229,0.9236,0.9229,0.9236,135.58
coinbase,USDCEUR,1678823220000,2023-03-14 19:47:00,0.9236,0.9239,0.9236,0.9239,49.7
coinbase,USDCEUR,1678823280000,2023-03-14 19:48:00,0.9239,0.9246,0.9239,0.9246,984.85
coinbase,USDCEUR,1678823340000,2023-03-14 19:49:00,0.9235,0.9244,0.923,0.9244,1556.52
coinbase,USDCEUR,1678823460000,2023-03-14 19:51:00,0.923,0.9243,0.923,0.9243,74.27
coinbase,USDCEUR,1678823520000,2023-03-14 19:52:00,0.9245,0.9245,0.9245,0.9245,1009.28
coinbase,USDCEUR,1678823580000,2023-03-14 19:53:00,0.9245,0.9259,0.9245,0.9246,1189.08
coinbase,USDCEUR,1678823700000,2023-03-14 19:55:00,0.9246,0.9259,0.9245,0.9259,2550.6
coinbase,USDCEUR,1678823760000,2023-03-14 19:56:00,0.926,0.9263,0.926,0.9263,940.06
coinbase,USDCEUR,1678823820000,2023-03-14 19:57:00,0.926,0.9262,0.9246,0.9262,1006.37
coinbase,USDCEUR,1678823940000,2023-03-14 19:59:00,0.9262,0.9266,0.9249,0.9266,375.14
coinbase,USDCEUR,1678824060000,2023-03-14 20:01:00,0.9265,0.9265,0.9265,0.9265,59.61
coinbase,USDCEUR,1678824120000,2023-03-14 20:02:00,0.926,0.927,0.926,0.9268,66.97
coinbase,USDCEUR,1678824300000,2023-03-14 20:05:00,0.927,0.927,0.927,0.927,17.19
coinbase,USDCEUR,1678824420000,2023-03-14 20:07:00,0.927,0.9274,0.927,0.9271,777.6
coinbase,USDCEUR,1678824480000,2023-03-14 20:08:00,0.9273,0.9274,0.9273,0.9274,85.7
coinbase,USDCEUR,1678824660000,2023-03-14 20:11:00,0.9274,0.9275,0.9274,0.9275,86.94
coinbase,USDCEUR,1678824720000,2023-03-14 20:12:00,0.9275,0.9278,0.9275,0.9278,1822.86
coinbase,USDCEUR,1678824900000,2023-03-14 20:15:00,0.9276,0.9279,0.9276,0.9278,141.3
coinbase,USDCEUR,1678825020000,2023-03-14 20:17:00,0.9279,0.928,0.9275,0.928,438.5
coinbase,USDCEUR,1678825320000,2023-03-14 20:22:00,0.928,0.928,0.928,0.928,5.06
coinbase,USDCEUR,1678825560000,2023-03-14 20:26:00,0.928,0.9284,0.928,0.9284,12956.58
coinbase,USDCEUR,1678825680000,2023-03-14 20:28:00,0.9286,0.9286,0.9281,0.9285,16048.35
coinbase,USDCEUR,1678825860000,2023-03-14 20:31:00,0.9291,0.9291,0.9285,0.9285,3262.46
coinbase,USDCEUR,1678826040000,2023-03-14 20:34:00,0.9285,0.9285,0.9276,0.9276,53.05
coinbase,USDCEUR,1678826100000,2023-03-14 20:35:00,0.9288,0.9291,0.9288,0.929,310.78
coinbase,USDCEUR,1678826220000,2023-03-14 20:37:00,0.9291,0.9291,0.9279,0.9279,234.74
coinbase,USDCEUR,1678826760000,2023-03-14 20:46:00,0.9285,0.929,0.9282,0.929,132.11
coinbase,USDCEUR,1678827900000,2023-03-14 21:05:00,0.9283,0.9287,0.9279,0.9287,151.76
coinbase,USDCEUR,1678828020000,2023-03-14 21:07:00,0.9287,0.9287,0.928,0.9287,44.21
coinbase,USDCEUR,1678828080000,2023-03-14 21:08:00,0.9287,0.9295,0.9286,0.9295,2398.61
coinbase,USDCEUR,1678828140000,2023-03-14 21:09:00,0.9289,0.9289,0.928,0.928,609.52
coinbase,USDCEUR,1678828440000,2023-03-14 21:14:00,0.9284,0.9287,0.9284,0.9287,218.09
coinbase,USDCEUR,1678828560000,2023-03-14 21:16:00,0.9287,0.9287,0.928,0.9286,683.94
coinbase,USDCEUR,1678828620000,2023-03-14 21:17:00,0.9282,0.9286,0.928,0.9285,446.66
coinbase,USDCEUR,1678828800000,2023-03-14 21:20:00,0.9285,0.9286,0.9285,0.9286,27.02
coinbase,USDCEUR,1678828860000,2023-03-14 21:21:00,0.9285,0.9286,0.9285,0.9286,188.87
coinbase,USDCEUR,1678828920000,2023-03-14 21:22:00,0.9285,0.9285,0.9285,0.9285,109.82
coinbase,USDCEUR,1678829040000,2023-03-14 21:24:00,0.9285,0.9286,0.9285,0.9286,212.16
coinbase,USDCEUR,1678829100000,2023-03-14 21:25:00,0.9287,0.9287,0.9287,0.9287,172.42
coinbase,USDCEUR,1678829340000,2023-03-14 21:29:00,0.9287,0.9287,0.9287,0.9287,121.52
coinbase,USDCEUR,1678829400000,2023-03-14 21:30:00,0.9287,0.9287,0.9286,0.9286,11.42
coinbase,USDCEUR,1678829460000,2023-03-14 21:31:00,0.9286,0.9288,0.9286,0.9286,2206.96
coinbase,USDCEUR,1678829520000,2023-03-14 21:32:00,0.9286,0.9286,0.9286,0.9286,4.54
coinbase,USDCEUR,1678829580000,2023-03-14 21:33:00,0.9286,0.9286,0.9286,0.9286,14.95
coinbase,USDCEUR,1678829640000,2023-03-14 21:34:00,0.9286,0.929,0.9286,0.929,76.15
coinbase,USDCEUR,1678829820000,2023-03-14 21:37:00,0.9287,0.9287,0.9287,0.9287,33.06
coinbase,USDCEUR,1678829880000,2023-03-14 21:38:00,0.9286,0.9286,0.9286,0.9286,257.91
coinbase,USDCEUR,1678830240000,2023-03-14 21:44:00,0.9286,0.9286,0.9281,0.9281,210.74
coinbase,USDCEUR,1678830300000,2023-03-14 21:45:00,0.9281,0.9282,0.9276,0.9276,700.39
coinbase,USDCEUR,1678830420000,2023-03-14 21:47:00,0.9277,0.9277,0.9277,0.9277,600
coinbase,USDCEUR,1678830480000,2023-03-14 21:48:00,0.9276,0.9276,0.927,0.927,4444
coinbase,USDCEUR,1678830540000,2023-03-14 21:49:00,0.927,0.927,0.927,0.927,1597
coinbase,USDCEUR,1678830600000,2023-03-14 21:50:00,0.9271,0.9271,0.9268,0.9268,4531.24
coinbase,USDCEUR,1678830840000,2023-03-14 21:54:00,0.9268,0.9268,0.9265,0.9265,6371
coinbase,USDCEUR,1678830900000,2023-03-14 21:55:00,0.9271,0.9271,0.927,0.927,1062.94
coinbase,USDCEUR,1678830960000,2023-03-14 21:56:00,0.9269,0.9275,0.9269,0.9275,1818.26
coinbase,USDCEUR,1678831080000,2023-03-14 21:58:00,0.9275,0.9277,0.9275,0.9277,1.69
coinbase,USDCEUR,1678795380000,2023-03-14 12:03:00,0.9278,0.9279,0.9274,0.9279,1277.33
coinbase,USDCEUR,1678795620000,2023-03-14 12:07:00,0.9275,0.9277,0.9275,0.9277,1471.72
coinbase,USDCEUR,1678795800000,2023-03-14 12:10:00,0.9277,0.9277,0.9277,0.9277,646.19
coinbase,USDCEUR,1678796040000,2023-03-14 12:14:00,0.9277,0.9277,0.9276,0.9277,4775.4
coinbase,USDCEUR,1678796100000,2023-03-14 12:15:00,0.9277,0.9277,0.9277,0.9277,5849.64
coinbase,USDCEUR,1678796160000,2023-03-14 12:16:00,0.9277,0.9277,0.9277,0.9277,5351.66
coinbase,USDCEUR,1678796220000,2023-03-14 12:17:00,0.9277,0.9279,0.9277,0.9279,8753.82
coinbase,USDCEUR,1678796340000,2023-03-14 12:19:00,0.9279,0.9279,0.9279,0.9279,1051.98
coinbase,USDCEUR,1678796460000,2023-03-14 12:21:00,0.9279,0.9279,0.9279,0.9279,2662.19
coinbase,USDCEUR,1678796640000,2023-03-14 12:24:00,0.9278,0.9279,0.9278,0.9279,157.42
coinbase,USDCEUR,1678796880000,2023-03-14 12:28:00,0.9279,0.9279,0.9274,0.9274,259.03
coinbase,USDCEUR,1678797000000,2023-03-14 12:30:00,0.9279,0.9279,0.9272,0.9272,1257.44
coinbase,USDCEUR,1678797060000,2023-03-14 12:31:00,0.9272,0.9275,0.9235,0.9235,7141.52
coinbase,USDCEUR,1678797120000,2023-03-14 12:32:00,0.9235,0.9259,0.9231,0.9232,1508.41
coinbase,USDCEUR,1678797240000,2023-03-14 12:34:00,0.9232,0.9258,0.9232,0.9258,61.78
coinbase,USDCEUR,1678797300000,2023-03-14 12:35:00,0.9258,0.9264,0.9258,0.9264,222.86
coinbase,USDCEUR,1678797360000,2023-03-14 12:36:00,0.9244,0.9264,0.9244,0.9264,59.34
coinbase,USDCEUR,1678797600000,2023-03-14 12:40:00,0.9264,0.9267,0.9258,0.9258,353.16
coinbase,USDCEUR,1678797660000,2023-03-14 12:41:00,0.9261,0.9269,0.9261,0.9261,2679.48
coinbase,USDCEUR,1678797780000,2023-03-14 12:43:00,0.926,0.926,0.926,0.926,20.07
coinbase,USDCEUR,1678797840000,2023-03-14 12:44:00,0.926,0.926,0.9233,0.9233,3614.46
coinbase,USDCEUR,1678797900000,2023-03-14 12:45:00,0.9254,0.9254,0.9233,0.9235,97.8
coinbase,USDCEUR,1678798020000,2023-03-14 12:47:00,0.9233,0.9242,0.9215,0.9217,9284.29
coinbase,USDCEUR,1678798080000,2023-03-14 12:48:00,0.9217,0.9234,0.9216,0.9216,3955.85
coinbase,USDCEUR,1678798140000,2023-03-14 12:49:00,0.9216,0.9232,0.9216,0.9216,394.45
coinbase,USDCEUR,1678798200000,2023-03-14 12:50:00,0.9216,0.9234,0.9216,0.9234,1448.15
coinbase,USDCEUR,1678798320000,2023-03-14 12:52:00,0.9222,0.9233,0.9222,0.9233,549.48
coinbase,USDCEUR,1678798380000,2023-03-14 12:53:00,0.9232,0.9235,0.9226,0.9232,2422.8
coinbase,USDCEUR,1678798440000,2023-03-14 12:54:00,0.9231,0.9233,0.9221,0.9221,2381.93
coinbase,USDCEUR,1678798500000,2023-03-14 12:55:00,0.9221,0.9232,0.9221,0.9232,35.38
coinbase,USDCEUR,1678798560000,2023-03-14 12:56:00,0.9232,0.9232,0.9231,0.9231,29.94
coinbase,USDCEUR,1678798620000,2023-03-14 12:57:00,0.9231,0.9232,0.9231,0.9232,19.82
coinbase,USDCEUR,1678798680000,2023-03-14 12:58:00,0.9232,0.9232,0.922,0.9221,432.11
coinbase,USDCEUR,1678798800000,2023-03-14 13:00:00,0.922,0.9231,0.922,0.922,3598.06
coinbase,USDCEUR,1678798860000,2023-03-14 13:01:00,0.9216,0.923,0.9216,0.9217,1197.29
coinbase,USDCEUR,1678798920000,2023-03-14 13:02:00,0.9216,0.9216,0.9215,0.9215,2577.81
coinbase,USDCEUR,1678798980000,2023-03-14 13:03:00,0.9231,0.9232,0.9224,0.9224,1798.08
coinbase,USDCEUR,1678799040000,2023-03-14 13:04:00,0.9228,0.9233,0.9228,0.9233,865.27
coinbase,USDCEUR,1678799100000,2023-03-14 13:05:00,0.9232,0.9233,0.9232,0.9233,2639.62
coinbase,USDCEUR,1678799160000,2023-03-14 13:06:00,0.9232,0.9233,0.9232,0.9233,4679.07
coinbase,USDCEUR,1678799220000,2023-03-14 13:07:00,0.9233,0.9233,0.9228,0.9233,587.15
coinbase,USDCEUR,1678799280000,2023-03-14 13:08:00,0.9233,0.9235,0.9233,0.9235,7460.33
coinbase,USDCEUR,1678799340000,2023-03-14 13:09:00,0.9235,0.9246,0.9235,0.9243,5190.9
coinbase,USDCEUR,1678799400000,2023-03-14 13:10:00,0.9245,0.9245,0.9245,0.9245,59.78
coinbase,USDCEUR,1678799460000,2023-03-14 13:11:00,0.9245,0.925,0.9245,0.925,958.51
coinbase,USDCEUR,1678799580000,2023-03-14 13:13:00,0.9245,0.9245,0.9245,0.9245,67.64
coinbase,USDCEUR,1678799640000,2023-03-14 13:14:00,0.9245,0.9248,0.9245,0.9248,1.54
coinbase,USDCEUR,1678799700000,2023-03-14 13:15:00,0.9244,0.9244,0.9237,0.9237,111.17
coinbase,USDCEUR,1678799760000,2023-03-14 13:16:00,0.9237,0.9243,0.9236,0.9236,11.72
coinbase,USDCEUR,1678799820000,2023-03-14 13:17:00,0.9233,0.9236,0.9228,0.9228,111.79
coinbase,USDCEUR,1678799880000,2023-03-14 13:18:00,0.9235,0.9243,0.9235,0.9243,649.46
coinbase,USDCEUR,1678799940000,2023-03-14 13:19:00,0.9241,0.925,0.9228,0.9228,8286.73
coinbase,USDCEUR,1678800000000,2023-03-14 13:20:00,0.9229,0.9249,0.9228,0.9228,194.49
coinbase,USDCEUR,1678800060000,2023-03-14 13:21:00,0.9249,0.9249,0.9244,0.9244,10.72
coinbase,USDCEUR,1678800180000,2023-03-14 13:23:00,0.9228,0.9245,0.9226,0.9241,153.97
coinbase,USDCEUR,1678800360000,2023-03-14 13:26:00,0.9247,0.9247,0.924,0.924,145.43
coinbase,USDCEUR,1678800480000,2023-03-14 13:28:00,0.9229,0.9229,0.9229,0.9229,6.47
coinbase,USDCEUR,1678800540000,2023-03-14 13:29:00,0.9224,0.9229,0.9222,0.9229,134.27
coinbase,USDCEUR,1678800660000,2023-03-14 13:31:00,0.9229,0.9245,0.9221,0.9245,151.04
coinbase,USDCEUR,1678800720000,2023-03-14 13:32:00,0.9227,0.9236,0.9226,0.9226,225.56
coinbase,USDCEUR,1678800840000,2023-03-14 13:34:00,0.9235,0.9235,0.9235,0.9235,67.6
coinbase,USDCEUR,1678801140000,2023-03-14 13:39:00,0.9232,0.9233,0.9229,0.9229,3409.23
coinbase,USDCEUR,1678801260000,2023-03-14 13:41:00,0.9229,0.9233,0.9229,0.9233,9586.85
coinbase,USDCEUR,1678801320000,2023-03-14 13:42:00,0.9232,0.9233,0.9227,0.9233,21536.95
coinbase,USDCEUR,1678801380000,2023-03-14 13:43:00,0.9232,0.9233,0.9232,0.9233,7611.73
coinbase,USDCEUR,1678801440000,2023-03-14 13:44:00,0.9233,0.9245,0.9233,0.9245,21917.35
coinbase,USDCEUR,1678801500000,2023-03-14 13:45:00,0.9245,0.925,0.9235,0.9235,14802.77
coinbase,USDCEUR,1678801620000,2023-03-14 13:47:00,0.9234,0.9264,0.9234,0.9246,7757.54
coinbase,USDCEUR,1678801680000,2023-03-14 13:48:00,0.9246,0.9268,0.9246,0.9268,1886.16
coinbase,USDCEUR,1678801740000,2023-03-14 13:49:00,0.9253,0.927,0.9253,0.927,2357.41
coinbase,USDCEUR,1678801860000,2023-03-14 13:51:00,0.927,0.927,0.927,0.927,7467.68
coinbase,USDCEUR,1678801920000,2023-03-14 13:52:00,0.9269,0.9269,0.9269,0.9269,14999.28
coinbase,USDCEUR,1678801980000,2023-03-14 13:53:00,0.9269,0.9269,0.9269,0.9269,7548.7
coinbase,USDCEUR,1678802040000,2023-03-14 13:54:00,0.9269,0.927,0.9269,0.927,22738.8
coinbase,USDCEUR,1678802100000,2023-03-14 13:55:00,0.9266,0.927,0.9255,0.927,15465.83
coinbase,USDCEUR,1678802160000,2023-03-14 13:56:00,0.927,0.927,0.9269,0.9269,8029.28
coinbase,USDCEUR,1678802340000,2023-03-14 13:59:00,0.9264,0.9264,0.9259,0.9259,5596.89
coinbase,USDCEUR,1678802580000,2023-03-14 14:03:00,0.9259,0.9259,0.9259,0.9259,2.16
coinbase,USDCEUR,1678802640000,2023-03-14 14:04:00,0.9259,0.927,0.9259,0.927,2414.79
coinbase,USDCEUR,1678802700000,2023-03-14 14:05:00,0.927,0.927,0.9259,0.9259,135.23
coinbase,USDCEUR,1678802820000,2023-03-14 14:07:00,0.9265,0.9265,0.9255,0.9257,146.75
coinbase,USDCEUR,1678802940000,2023-03-14 14:09:00,0.927,0.927,0.9258,0.9258,13.68
coinbase,USDCEUR,1678803240000,2023-03-14 14:14:00,0.9258,0.9258,0.9255,0.9256,375.67
coinbase,USDCEUR,1678803420000,2023-03-14 14:17:00,0.9256,0.9262,0.9255,0.9262,573.23
coinbase,USDCEUR,1678803540000,2023-03-14 14:19:00,0.9258,0.926,0.9258,0.926,208.42
coinbase,USDCEUR,1678803660000,2023-03-14 14:21:00,0.926,0.9273,0.926,0.9273,48319.15
coinbase,USDCEUR,1678803780000,2023-03-14 14:23:00,0.9274,0.9274,0.9274,0.9274,135.73
coinbase,USDCEUR,1678803840000,2023-03-14 14:24:00,0.9274,0.9274,0.9273,0.9273,52.73
coinbase,USDCEUR,1678803900000,2023-03-14 14:25:00,0.9264,0.9265,0.9264,0.9265,70.48
coinbase,USDCEUR,1678803960000,2023-03-14 14:26:00,0.9265,0.9265,0.9262,0.9264,8695.48
coinbase,USDCEUR,1678804080000,2023-03-14 14:28:00,0.9264,0.9265,0.9263,0.9263,2247.7
coinbase,USDCEUR,1678804260000,2023-03-14 14:31:00,0.9263,0.9263,0.9257,0.9257,125.74
coinbase,USDCEUR,1678804380000,2023-03-14 14:33:00,0.9263,0.9263,0.9257,0.9257,4.98
coinbase,USDCEUR,1678804440000,2023-03-14 14:34:00,0.9263,0.9265,0.9258,0.9265,4037.81
coinbase,USDCEUR,1678804740000,2023-03-14 14:39:00,0.9261,0.9274,0.9261,0.9273,10815.28
coinbase,USDCEUR,1678804920000,2023-03-14 14:42:00,0.9274,0.9276,0.9274,0.9276,554.17
coinbase,USDCEUR,1678805040000,2023-03-14 14:44:00,0.9276,0.928,0.9273,0.928,52173.33
coinbase,USDCEUR,1678805100000,2023-03-14 14:45:00,0.928,0.928,0.928,0.928,45672.57
coinbase,USDCEUR,1678805160000,2023-03-14 14:46:00,0.928,0.928,0.9279,0.928,17145.84
coinbase,USDCEUR,1678805220000,2023-03-14 14:47:00,0.928,0.929,0.928,0.929,34665.46
coinbase,USDCEUR,1678805280000,2023-03-14 14:48:00,0.929,0.929,0.929,0.929,25885.93
coinbase,USDCEUR,1678805340000,2023-03-14 14:49:00,0.929,0.929,0.929,0.929,11163.5
coinbase,USDCEUR,1678805460000,2023-03-14 14:51:00,0.929,0.929,0.9289,0.9289,1175.11
coinbase,USDCEUR,1678805520000,2023-03-14 14:52:00,0.929,0.929,0.929,0.929,21213.52
coinbase,USDCEUR,1678805580000,2023-03-14 14:53:00,0.929,0.929,0.929,0.929,2387.96
coinbase,USDCEUR,1678805640000,2023-03-14 14:54:00,0.929,0.929,0.929,0.929,17222.64
coinbase,USDCEUR,1678805700000,2023-03-14 14:55:00,0.929,0.929,0.929,0.929,27896.27
coinbase,USDCEUR,1678805760000,2023-03-14 14:56:00,0.929,0.9293,0.929,0.9293,5671.04
coinbase,USDCEUR,1678805820000,2023-03-14 14:57:00,0.9293,0.9293,0.9293,0.9293,19479.13
coinbase,USDCEUR,1678806000000,2023-03-14 15:00:00,0.9294,0.9294,0.9293,0.9293,49152.1
coinbase,USDCEUR,1678806060000,2023-03-14 15:01:00,0.9294,0.9294,0.9291,0.9294,68280.22
coinbase,USDCEUR,1678806120000,2023-03-14 15:02:00,0.9294,0.9294,0.9293,0.9293,35701.59
coinbase,USDCEUR,1678806240000,2023-03-14 15:04:00,0.9294,0.9294,0.9293,0.9293,18316.41
coinbase,USDCEUR,1678806360000,2023-03-14 15:06:00,0.9293,0.9294,0.9293,0.9293,1168.22
coinbase,USDCEUR,1678806420000,2023-03-14 15:07:00,0.9293,0.9294,0.9293,0.9294,2120.47
coinbase,USDCEUR,1678806480000,2023-03-14 15:08:00,0.9293,0.9294,0.9293,0.9293,7055.81
coinbase,USDCEUR,1678806540000,2023-03-14 15:09:00,0.9294,0.9294,0.9293,0.9294,3352.53
coinbase,USDCEUR,1678806600000,2023-03-14 15:10:00,0.9294,0.9294,0.9294,0.9294,10659.71
coinbase,USDCEUR,1678806660000,2023-03-14 15:11:00,0.9294,0.9294,0.9293,0.9293,1934.65
coinbase,USDCEUR,1678806780000,2023-03-14 15:13:00,0.9293,0.9294,0.9293,0.9294,44
coinbase,USDCEUR,1678806900000,2023-03-14 15:15:00,0.9294,0.9294,0.9293,0.9294,12622.99
coinbase,USDCEUR,1678806960000,2023-03-14 15:16:00,0.9294,0.9294,0.9293,0.9294,342.05
coinbase,USDCEUR,1678807020000,2023-03-14 15:17:00,0.9294,0.9294,0.9293,0.9293,11400.55
coinbase,USDCEUR,1678807140000,2023-03-14 15:19:00,0.9293,0.9293,0.9293,0.9293,2156.66
coinbase,USDCEUR,1678807260000,2023-03-14 15:21:00,0.9293,0.9293,0.9293,0.9293,194.13
coinbase,USDCEUR,1678807320000,2023-03-14 15:22:00,0.9294,0.9294,0.9292,0.9293,13134.85
coinbase,USDCEUR,1678807380000,2023-03-14 15:23:00,0.9293,0.9293,0.9292,0.9292,3178.78
coinbase,USDCEUR,1678807440000,2023-03-14 15:24:00,0.9292,0.9293,0.9292,0.9293,19112.82
coinbase,USDCEUR,1678807500000,2023-03-14 15:25:00,0.9293,0.9293,0.9293,0.9293,19545.87
coinbase,USDCEUR,1678807560000,2023-03-14 15:26:00,0.9294,0.9294,0.9293,0.9293,1305.69
coinbase,USDCEUR,1678807620000,2023-03-14 15:27:00,0.9293,0.9294,0.9293,0.9294,243.2
coinbase,USDCEUR,1678807800000,2023-03-14 15:30:00,0.9294,0.9294,0.9294,0.9294,17215.22
coinbase,USDCEUR,1678807860000,2023-03-14 15:31:00,0.9294,0.9294,0.9294,0.9294,7673.14
coinbase,USDCEUR,1678808160000,2023-03-14 15:36:00,0.9294,0.9294,0.9293,0.9294,29469.98
coinbase,USDCEUR,1678808220000,2023-03-14 15:37:00,0.9294,0.9294,0.9294,0.9294,12107.79
coinbase,USDCEUR,1678808520000,2023-03-14 15:42:00,0.9294,0.9294,0.9294,0.9294,251.87
coinbase,USDCEUR,1678808700000,2023-03-14 15:45:00,0.9294,0.9294,0.9294,0.9294,1436.67
coinbase,USDCEUR,1678808760000,2023-03-14 15:46:00,0.9295,0.9295,0.9295,0.9295,655.48
coinbase,USDCEUR,1678808820000,2023-03-14 15:47:00,0.9295,0.9295,0.9295,0.9295,1107.08
coinbase,USDCEUR,1678808880000,2023-03-14 15:48:00,0.9294,0.9294,0.9294,0.9294,876.99
coinbase,USDCEUR,1678808940000,2023-03-14 15:49:00,0.9294,0.9295,0.9294,0.9294,12493.38
coinbase,USDCEUR,1678809000000,2023-03-14 15:50:00,0.9294,0.9295,0.9294,0.9294,11130.3
coinbase,USDCEUR,1678809180000,2023-03-14 15:53:00,0.9293,0.9293,0.9293,0.9293,135.34
coinbase,USDCEUR,1678809360000,2023-03-14 15:56:00,0.9293,0.9293,0.928,0.928,3936.95
coinbase,USDCEUR,1678809420000,2023-03-14 15:57:00,0.9279,0.9291,0.9279,0.9291,113.14
coinbase,USDCEUR,1678809480000,2023-03-14 15:58:00,0.9293,0.9293,0.9293,0.9293,5.16
coinbase,USDCEUR,1678809540000,2023-03-14 15:59:00,0.9294,0.9295,0.9294,0.9295,19133.84
coinbase,USDCEUR,1678809600000,2023-03-14 16:00:00,0.9295,0.9295,0.9294,0.9295,11332.48
coinbase,USDCEUR,1678809840000,2023-03-14 16:04:00,0.9295,0.9295,0.9295,0.9295,38919.37
coinbase,USDCEUR,1678809900000,2023-03-14 16:05:00,0.9295,0.9297,0.9295,0.9297,11843.35
coinbase,USDCEUR,1678809960000,2023-03-14 16:06:00,0.9297,0.9297,0.9297,0.9297,543.97
coinbase,USDCEUR,1678810020000,2023-03-14 16:07:00,0.9297,0.9297,0.9297,0.9297,1653.85
coinbase,USDCEUR,1678810200000,2023-03-14 16:10:00,0.9297,0.9297,0.9295,0.9295,6094.3
coinbase,USDCEUR,1678810260000,2023-03-14 16:11:00,0.9295,0.9295,0.9295,0.9295,98.6
coinbase,USDCEUR,1678810320000,2023-03-14 16:12:00,0.9296,0.9297,0.9296,0.9297,38205.26
coinbase,USDCEUR,1678810380000,2023-03-14 16:13:00,0.9297,0.93,0.9297,0.93,6080.96
coinbase,USDCEUR,1678810440000,2023-03-14 16:14:00,0.93,0.93,0.9299,0.9299,5075.42
coinbase,USDCEUR,1678810980000,2023-03-14 16:23:00,0.9299,0.9299,0.9299,0.9299,225.72
coinbase,USDCEUR,1678811460000,2023-03-14 16:31:00,0.9296,0.9296,0.9291,0.9292,479.9
coinbase,USDCEUR,1678811640000,2023-03-14 16:34:00,0.9292,0.9298,0.9292,0.9298,73.92
coinbase,USDCEUR,1678812240000,2023-03-14 16:44:00,0.9293,0.9294,0.9293,0.9294,137.11
coinbase,USDCEUR,1678812300000,2023-03-14 16:45:00,0.9294,0.9297,0.9294,0.9294,108.42
coinbase,USDCEUR,1678812600000,2023-03-14 16:50:00,0.9295,0.9295,0.9292,0.9292,1130.81
coinbase,USDCEUR,1678813020000,2023-03-14 16:57:00,0.9292,0.9294,0.9292,0.9294,242.51
coinbase,USDCEUR,1678813200000,2023-03-14 17:00:00,0.9292,0.9292,0.9291,0.9291,41.15
coinbase,USDCEUR,1678777200000,2023-03-14 07:00:00,0.9242,0.9242,0.9237,0.9237,30.58
coinbase,USDCEUR,1678777620000,2023-03-14 07:07:00,0.9236,0.9236,0.9236,0.9236,56.95
coinbase,USDCEUR,1678777980000,2023-03-14 07:13:00,0.9237,0.9237,0.9232,0.9235,1057.5
coinbase,USDCEUR,1678778160000,2023-03-14 07:16:00,0.9235,0.9235,0.9235,0.9235,8.68
coinbase,USDCEUR,1678778220000,2023-03-14 07:17:00,0.9235,0.9235,0.9235,0.9235,109.09
coinbase,USDCEUR,1678778340000,2023-03-14 07:19:00,0.9235,0.9235,0.9235,0.9235,212.6
coinbase,USDCEUR,1678778400000,2023-03-14 07:20:00,0.9235,0.9236,0.9235,0.9235,215.97
coinbase,USDCEUR,1678778460000,2023-03-14 07:21:00,0.9231,0.9234,0.9231,0.9234,146.28
coinbase,USDCEUR,1678778580000,2023-03-14 07:23:00,0.9234,0.9234,0.9234,0.9234,53.84
coinbase,USDCEUR,1678778640000,2023-03-14 07:24:00,0.9232,0.9232,0.9232,0.9232,9.81
coinbase,USDCEUR,1678778760000,2023-03-14 07:26:00,0.9235,0.9235,0.9235,0.9235,4.64
coinbase,USDCEUR,1678778880000,2023-03-14 07:28:00,0.9235,0.9236,0.9234,0.9236,239.88
coinbase,USDCEUR,1678778940000,2023-03-14 07:29:00,0.9236,0.9236,0.9236,0.9236,979.4
coinbase,USDCEUR,1678779000000,2023-03-14 07:30:00,0.9236,0.9236,0.9236,0.9236,547.86
coinbase,USDCEUR,1678779060000,2023-03-14 07:31:00,0.9236,0.9237,0.9236,0.9236,5566.92
coinbase,USDCEUR,1678779540000,2023-03-14 07:39:00,0.9236,0.9236,0.9236,0.9236,24.08
coinbase,USDCEUR,1678779600000,2023-03-14 07:40:00,0.9236,0.9237,0.9236,0.9237,58.76
coinbase,USDCEUR,1678779720000,2023-03-14 07:42:00,0.9237,0.9237,0.9237,0.9237,5013.48
coinbase,USDCEUR,1678780140000,2023-03-14 07:49:00,0.9237,0.9237,0.9237,0.9237,84.32
coinbase,USDCEUR,1678780200000,2023-03-14 07:50:00,0.9236,0.9236,0.9232,0.9232,1867.88
coinbase,USDCEUR,1678780800000,2023-03-14 08:00:00,0.9231,0.9231,0.9229,0.9229,567.18
coinbase,USDCEUR,1678780920000,2023-03-14 08:02:00,0.9231,0.9231,0.923,0.923,32.76
coinbase,USDCEUR,1678780980000,2023-03-14 08:03:00,0.9231,0.9231,0.9229,0.9229,275.12
coinbase,USDCEUR,1678781040000,2023-03-14 08:04:00,0.9232,0.9232,0.923,0.923,28.86
coinbase,USDCEUR,1678781280000,2023-03-14 08:08:00,0.923,0.923,0.923,0.923,124.74
coinbase,USDCEUR,1678781340000,2023-03-14 08:09:00,0.923,0.923,0.923,0.923,17.92
coinbase,USDCEUR,1678781460000,2023-03-14 08:11:00,0.923,0.9231,0.9229,0.9229,172.23
coinbase,USDCEUR,1678781580000,2023-03-14 08:13:00,0.9229,0.923,0.9228,0.9228,371.69
coinbase,USDCEUR,1678781640000,2023-03-14 08:14:00,0.9228,0.9228,0.9223,0.9223,1447.37
coinbase,USDCEUR,1678781760000,2023-03-14 08:16:00,0.9225,0.9225,0.9224,0.9224,240.88
coinbase,USDCEUR,1678781820000,2023-03-14 08:17:00,0.9223,0.9224,0.9201,0.9224,25856.45
coinbase,USDCEUR,1678782420000,2023-03-14 08:27:00,0.9209,0.9215,0.9209,0.9215,71.05
coinbase,USDCEUR,1678782600000,2023-03-14 08:30:00,0.9216,0.9216,0.9216,0.9216,23.14
coinbase,USDCEUR,1678782660000,2023-03-14 08:31:00,0.9215,0.9215,0.9215,0.9215,7.99
coinbase,USDCEUR,1678782840000,2023-03-14 08:34:00,0.9215,0.9216,0.9215,0.9216,1043.9
coinbase,USDCEUR,1678782900000,2023-03-14 08:35:00,0.9216,0.9217,0.9215,0.9216,7257.33
coinbase,USDCEUR,1678783020000,2023-03-14 08:37:00,0.9215,0.9219,0.9215,0.9219,4219.67
coinbase,USDCEUR,1678783080000,2023-03-14 08:38:00,0.9221,0.9229,0.9215,0.9229,12748.92
coinbase,USDCEUR,1678783200000,2023-03-14 08:40:00,0.9228,0.924,0.9228,0.924,18796.24
coinbase,USDCEUR,1678783260000,2023-03-14 08:41:00,0.9239,0.9264,0.9239,0.9264,21567.18
coinbase,USDCEUR,1678783320000,2023-03-14 08:42:00,0.9238,0.9242,0.9237,0.9238,1113.11
coinbase,USDCEUR,1678783440000,2023-03-14 08:44:00,0.9237,0.9237,0.9233,0.9235,390.79
coinbase,USDCEUR,1678783620000,2023-03-14 08:47:00,0.9235,0.9235,0.9231,0.9231,148.5
coinbase,USDCEUR,1678783680000,2023-03-14 08:48:00,0.9232,0.9232,0.9232,0.9232,135.31
coinbase,USDCEUR,1678783860000,2023-03-14 08:51:00,0.9234,0.9243,0.9228,0.9243,21647.36
coinbase,USDCEUR,1678783920000,2023-03-14 08:52:00,0.9244,0.9244,0.9244,0.9244,6694.81
coinbase,USDCEUR,1678783980000,2023-03-14 08:53:00,0.9245,0.9247,0.9245,0.9247,13748.49
coinbase,USDCEUR,1678784040000,2023-03-14 08:54:00,0.9248,0.9249,0.9248,0.9249,8023.01
coinbase,USDCEUR,1678784100000,2023-03-14 08:55:00,0.9249,0.925,0.9249,0.925,7478.82
coinbase,USDCEUR,1678784280000,2023-03-14 08:58:00,0.9245,0.9249,0.9245,0.9249,1017.6
coinbase,USDCEUR,1678784520000,2023-03-14 09:02:00,0.9247,0.9248,0.9237,0.9237,6935.41
coinbase,USDCEUR,1678784760000,2023-03-14 09:06:00,0.9238,0.9248,0.9238,0.9248,71.11
coinbase,USDCEUR,1678785120000,2023-03-14 09:12:00,0.9245,0.9248,0.9245,0.9248,2000
coinbase,USDCEUR,1678785300000,2023-03-14 09:15:00,0.9248,0.9248,0.9247,0.9247,2272.5
coinbase,USDCEUR,1678785540000,2023-03-14 09:19:00,0.9246,0.9246,0.9232,0.9241,19365.4
coinbase,USDCEUR,1678785600000,2023-03-14 09:20:00,0.9241,0.9246,0.9241,0.9245,6960.37
coinbase,USDCEUR,1678786200000,2023-03-14 09:30:00,0.9243,0.925,0.9243,0.925,738.5
coinbase,USDCEUR,1678786380000,2023-03-14 09:33:00,0.9247,0.9247,0.9237,0.9245,10109.89
coinbase,USDCEUR,1678786440000,2023-03-14 09:34:00,0.9246,0.9246,0.9244,0.9244,231.38
coinbase,USDCEUR,1678786620000,2023-03-14 09:37:00,0.9242,0.9242,0.9239,0.9239,10555.63
coinbase,USDCEUR,1678786740000,2023-03-14 09:39:00,0.924,0.9245,0.924,0.9244,6600.86
coinbase,USDCEUR,1678787040000,2023-03-14 09:44:00,0.924,0.924,0.924,0.924,63.52
coinbase,USDCEUR,1678787160000,2023-03-14 09:46:00,0.9243,0.9243,0.9242,0.9242,105.44
coinbase,USDCEUR,1678787280000,2023-03-14 09:48:00,0.9242,0.9243,0.9242,0.9243,102.14
coinbase,USDCEUR,1678787460000,2023-03-14 09:51:00,0.9243,0.9243,0.9243,0.9243,840.27
coinbase,USDCEUR,1678787580000,2023-03-14 09:53:00,0.9243,0.9243,0.9241,0.9241,34.44
coinbase,USDCEUR,1678787700000,2023-03-14 09:55:00,0.9243,0.9243,0.9243,0.9243,1421.67
coinbase,USDCEUR,1678788060000,2023-03-14 10:01:00,0.9242,0.9246,0.9242,0.9246,601.55
coinbase,USDCEUR,1678788420000,2023-03-14 10:07:00,0.9247,0.9248,0.9247,0.9248,6228.43
coinbase,USDCEUR,1678788600000,2023-03-14 10:10:00,0.9248,0.9248,0.9248,0.9248,5174.23
coinbase,USDCEUR,1678788660000,2023-03-14 10:11:00,0.9248,0.9258,0.9248,0.9258,473.61
coinbase,USDCEUR,1678788960000,2023-03-14 10:16:00,0.9257,0.926,0.9257,0.926,654
coinbase,USDCEUR,1678789020000,2023-03-14 10:17:00,0.9256,0.9256,0.9256,0.9256,97.7
coinbase,USDCEUR,1678789080000,2023-03-14 10:18:00,0.9254,0.9261,0.9254,0.926,351.34
coinbase,USDCEUR,1678789200000,2023-03-14 10:20:00,0.926,0.9261,0.926,0.9261,1063.3
coinbase,USDCEUR,1678789260000,2023-03-14 10:21:00,0.9262,0.9262,0.9262,0.9262,361.27
coinbase,USDCEUR,1678789440000,2023-03-14 10:24:00,0.9262,0.9262,0.9259,0.9259,399.97
coinbase,USDCEUR,1678789560000,2023-03-14 10:26:00,0.9262,0.9262,0.9259,0.9259,163.92
coinbase,USDCEUR,1678789680000,2023-03-14 10:28:00,0.9262,0.9263,0.9262,0.9263,11820.03
coinbase,USDCEUR,1678789860000,2023-03-14 10:31:00,0.9263,0.9263,0.926,0.926,109.9
coinbase,USDCEUR,1678789920000,2023-03-14 10:32:00,0.9263,0.9263,0.926,0.926,12.21
coinbase,USDCEUR,1678789980000,2023-03-14 10:33:00,0.9263,0.9263,0.9263,0.9263,307.43
coinbase,USDCEUR,1678790040000,2023-03-14 10:34:00,0.9263,0.9264,0.9263,0.9264,87.13
coinbase,USDCEUR,1678790400000,2023-03-14 10:40:00,0.9264,0.9264,0.9258,0.9263,2515.78
coinbase,USDCEUR,1678790460000,2023-03-14 10:41:00,0.9263,0.9263,0.9263,0.9263,333.66
coinbase,USDCEUR,1678790520000,2023-03-14 10:42:00,0.9264,0.9266,0.9264,0.9266,35792.18
coinbase,USDCEUR,1678790580000,2023-03-14 10:43:00,0.9266,0.9268,0.9266,0.9268,381.55
coinbase,USDCEUR,1678790640000,2023-03-14 10:44:00,0.9266,0.9267,0.9266,0.9267,68.14
coinbase,USDCEUR,1678790760000,2023-03-14 10:46:00,0.9267,0.9267,0.9262,0.9267,180.54
coinbase,USDCEUR,1678791060000,2023-03-14 10:51:00,0.9267,0.9267,0.9267,0.9267,134.52
coinbase,USDCEUR,1678791120000,2023-03-14 10:52:00,0.9267,0.9267,0.9267,0.9267,2639.18
coinbase,USDCEUR,1678791240000,2023-03-14 10:54:00,0.9267,0.9268,0.9267,0.9268,38471.74
coinbase,USDCEUR,1678791360000,2023-03-14 10:56:00,0.9265,0.9265,0.9265,0.9265,607.32
coinbase,USDCEUR,1678791420000,2023-03-14 10:57:00,0.9265,0.9265,0.9265,0.9265,67.44
coinbase,USDCEUR,1678791480000,2023-03-14 10:58:00,0.9264,0.9265,0.9264,0.9265,634.26
coinbase,USDCEUR,1678791600000,2023-03-14 11:00:00,0.9265,0.9268,0.9264,0.9268,1930.23
coinbase,USDCEUR,1678791660000,2023-03-14 11:01:00,0.9265,0.9267,0.9264,0.9267,2357.04
coinbase,USDCEUR,1678791840000,2023-03-14 11:04:00,0.9265,0.9267,0.9265,0.9267,290.43
coinbase,USDCEUR,1678791960000,2023-03-14 11:06:00,0.9267,0.927,0.9267,0.927,17758.27
coinbase,USDCEUR,1678792080000,2023-03-14 11:08:00,0.927,0.927,0.927,0.927,25.6
coinbase,USDCEUR,1678792140000,2023-03-14 11:09:00,0.927,0.927,0.927,0.927,81288.35
coinbase,USDCEUR,1678792200000,2023-03-14 11:10:00,0.927,0.927,0.927,0.927,10005.76
coinbase,USDCEUR,1678792320000,2023-03-14 11:12:00,0.927,0.927,0.927,0.927,4890.33
coinbase,USDCEUR,1678792440000,2023-03-14 11:14:00,0.927,0.927,0.927,0.927,1500.79
coinbase,USDCEUR,1678792500000,2023-03-14 11:15:00,0.927,0.9271,0.927,0.9271,8898.82
coinbase,USDCEUR,1678792620000,2023-03-14 11:17:00,0.9269,0.9273,0.9269,0.9273,6043.72
coinbase,USDCEUR,1678792680000,2023-03-14 11:18:00,0.927,0.927,0.9269,0.9269,554.39
coinbase,USDCEUR,1678792740000,2023-03-14 11:19:00,0.9269,0.9269,0.9269,0.9269,137.52
coinbase,USDCEUR,1678792920000,2023-03-14 11:22:00,0.9268,0.9268,0.9268,0.9268,4931.24
coinbase,USDCEUR,1678793520000,2023-03-14 11:32:00,0.9272,0.9272,0.9272,0.9272,274.99
coinbase,USDCEUR,1678793640000,2023-03-14 11:34:00,0.9272,0.9273,0.9272,0.9272,276.67
coinbase,USDCEUR,1678793880000,2023-03-14 11:38:00,0.9277,0.9277,0.9277,0.9277,10.84
coinbase,USDCEUR,1678794180000,2023-03-14 11:43:00,0.9274,0.9274,0.9274,0.9274,158.46
coinbase,USDCEUR,1678794240000,2023-03-14 11:44:00,0.9273,0.9273,0.9272,0.9272,1073.96
coinbase,USDCEUR,1678794780000,2023-03-14 11:53:00,0.9275,0.9275,0.9275,0.9275,70.53
coinbase,USDCEUR,1678794840000,2023-03-14 11:54:00,0.9275,0.9276,0.9275,0.9276,145.22
coinbase,USDCEUR,1678795140000,2023-03-14 11:59:00,0.9276,0.9277,0.9273,0.9277,11199.85
coinbase,USDCEUR,1678759200000,2023-03-14 02:00:00,0.9225,0.9225,0.9224,0.9224,16.44
coinbase,USDCEUR,1678759320000,2023-03-14 02:02:00,0.9238,0.9249,0.9238,0.9248,456.61
coinbase,USDCEUR,1678759440000,2023-03-14 02:04:00,0.9248,0.925,0.9225,0.925,711.86
coinbase,USDCEUR,1678759500000,2023-03-14 02:05:00,0.9249,0.925,0.9219,0.922,1863.69
coinbase,USDCEUR,1678759560000,2023-03-14 02:06:00,0.9221,0.923,0.9216,0.9216,6675.63
coinbase,USDCEUR,1678759620000,2023-03-14 02:07:00,0.9224,0.9224,0.9216,0.9224,11994.59
coinbase,USDCEUR,1678759680000,2023-03-14 02:08:00,0.9225,0.9225,0.9225,0.9225,5533.83
coinbase,USDCEUR,1678759740000,2023-03-14 02:09:00,0.9226,0.9226,0.9226,0.9226,5571.93
coinbase,USDCEUR,1678759800000,2023-03-14 02:10:00,0.9225,0.9226,0.9211,0.9223,11992.18
coinbase,USDCEUR,1678759860000,2023-03-14 02:11:00,0.9224,0.9225,0.9213,0.9216,14489.78
coinbase,USDCEUR,1678759920000,2023-03-14 02:12:00,0.9216,0.9218,0.9216,0.9218,8813.66
coinbase,USDCEUR,1678759980000,2023-03-14 02:13:00,0.9224,0.9225,0.9224,0.9225,4900.63
coinbase,USDCEUR,1678760040000,2023-03-14 02:14:00,0.9228,0.9232,0.9217,0.9219,13848.58
coinbase,USDCEUR,1678760160000,2023-03-14 02:16:00,0.923,0.9232,0.9217,0.9217,18968.37
coinbase,USDCEUR,1678760220000,2023-03-14 02:17:00,0.9229,0.9231,0.9229,0.9231,3365.77
coinbase,USDCEUR,1678760280000,2023-03-14 02:18:00,0.9231,0.925,0.9217,0.9219,15363.48
coinbase,USDCEUR,1678760400000,2023-03-14 02:20:00,0.9233,0.9244,0.9233,0.9244,11676.62
coinbase,USDCEUR,1678760880000,2023-03-14 02:28:00,0.9234,0.9247,0.9234,0.9234,144.6
coinbase,USDCEUR,1678760940000,2023-03-14 02:29:00,0.9234,0.9234,0.9229,0.9229,29.46
coinbase,USDCEUR,1678761000000,2023-03-14 02:30:00,0.9225,0.9226,0.9223,0.9225,2323.45
coinbase,USDCEUR,1678761120000,2023-03-14 02:32:00,0.9225,0.9225,0.9217,0.9218,3565.13
coinbase,USDCEUR,1678761360000,2023-03-14 02:36:00,0.9217,0.9217,0.9214,0.9217,73.33
coinbase,USDCEUR,1678761720000,2023-03-14 02:42:00,0.9218,0.922,0.9218,0.922,69.76
coinbase,USDCEUR,1678761900000,2023-03-14 02:45:00,0.9228,0.9228,0.9228,0.9228,1062.68
coinbase,USDCEUR,1678761960000,2023-03-14 02:46:00,0.9215,0.9226,0.9215,0.9226,13.36
coinbase,USDCEUR,1678762020000,2023-03-14 02:47:00,0.9219,0.9219,0.9215,0.9216,562.3
coinbase,USDCEUR,1678762440000,2023-03-14 02:54:00,0.9217,0.9224,0.9216,0.9224,418.17
coinbase,USDCEUR,1678762740000,2023-03-14 02:59:00,0.9216,0.9223,0.9216,0.9223,118.36
coinbase,USDCEUR,1678762980000,2023-03-14 03:03:00,0.9216,0.9224,0.9216,0.9224,194.13
coinbase,USDCEUR,1678763040000,2023-03-14 03:04:00,0.9224,0.9224,0.9224,0.9224,113.88
coinbase,USDCEUR,1678763100000,2023-03-14 03:05:00,0.9218,0.9223,0.9218,0.9223,58.36
coinbase,USDCEUR,1678763160000,2023-03-14 03:06:00,0.9223,0.9231,0.922,0.922,136.87
coinbase,USDCEUR,1678763280000,2023-03-14 03:08:00,0.9231,0.9231,0.9221,0.9221,88.02
coinbase,USDCEUR,1678763340000,2023-03-14 03:09:00,0.9221,0.9221,0.9221,0.9221,39.2
coinbase,USDCEUR,1678763400000,2023-03-14 03:10:00,0.9232,0.9234,0.9231,0.9231,308.53
coinbase,USDCEUR,1678763520000,2023-03-14 03:12:00,0.9231,0.9231,0.9231,0.9231,114.04
coinbase,USDCEUR,1678763580000,2023-03-14 03:13:00,0.9231,0.9234,0.9231,0.9234,170.82
coinbase,USDCEUR,1678763640000,2023-03-14 03:14:00,0.9234,0.9235,0.9231,0.9231,338.79
coinbase,USDCEUR,1678763760000,2023-03-14 03:16:00,0.9231,0.9231,0.9228,0.9228,170.82
coinbase,USDCEUR,1678763880000,2023-03-14 03:18:00,0.9229,0.9229,0.9228,0.9228,175.48
coinbase,USDCEUR,1678764000000,2023-03-14 03:20:00,0.9227,0.9228,0.9222,0.9223,143.01
coinbase,USDCEUR,1678764120000,2023-03-14 03:22:00,0.9232,0.9232,0.9223,0.9223,87.46
coinbase,USDCEUR,1678764180000,2023-03-14 03:23:00,0.9233,0.9233,0.9233,0.9233,8.16
coinbase,USDCEUR,1678764480000,2023-03-14 03:28:00,0.9224,0.9224,0.9219,0.9219,637.58
coinbase,USDCEUR,1678764540000,2023-03-14 03:29:00,0.9219,0.9219,0.9218,0.9218,309.17
coinbase,USDCEUR,1678764600000,2023-03-14 03:30:00,0.9219,0.9223,0.9218,0.9223,79.84
coinbase,USDCEUR,1678764720000,2023-03-14 03:32:00,0.9223,0.9223,0.9223,0.9223,44.35
coinbase,USDCEUR,1678765140000,2023-03-14 03:39:00,0.9218,0.9224,0.9218,0.9224,57.29
coinbase,USDCEUR,1678765320000,2023-03-14 03:42:00,0.9219,0.9222,0.9216,0.9216,196.59
coinbase,USDCEUR,1678765800000,2023-03-14 03:50:00,0.9222,0.9234,0.922,0.9221,370.46
coinbase,USDCEUR,1678765980000,2023-03-14 03:53:00,0.9225,0.9233,0.9225,0.9233,498.2
coinbase,USDCEUR,1678766160000,2023-03-14 03:56:00,0.9245,0.9245,0.9245,0.9245,216.79
coinbase,USDCEUR,1678766280000,2023-03-14 03:58:00,0.9232,0.9232,0.9231,0.9231,63.46
coinbase,USDCEUR,1678766400000,2023-03-14 04:00:00,0.9243,0.9243,0.9236,0.9236,17.96
coinbase,USDCEUR,1678766640000,2023-03-14 04:04:00,0.9245,0.9245,0.9245,0.9245,636.64
coinbase,USDCEUR,1678766760000,2023-03-14 04:06:00,0.9245,0.9245,0.9245,0.9245,13.03
coinbase,USDCEUR,1678766880000,2023-03-14 04:08:00,0.9239,0.9246,0.9239,0.924,669.2
coinbase,USDCEUR,1678767000000,2023-03-14 04:10:00,0.9245,0.9245,0.9245,0.9245,57.26
coinbase,USDCEUR,1678767120000,2023-03-14 04:12:00,0.9245,0.9249,0.9244,0.9249,209.51
coinbase,USDCEUR,1678767180000,2023-03-14 04:13:00,0.9249,0.9249,0.9249,0.9249,6.34
coinbase,USDCEUR,1678767240000,2023-03-14 04:14:00,0.9249,0.9249,0.9241,0.9244,260.22
coinbase,USDCEUR,1678767600000,2023-03-14 04:20:00,0.9244,0.9249,0.9244,0.9249,276.55
coinbase,USDCEUR,1678767660000,2023-03-14 04:21:00,0.9249,0.9249,0.9249,0.9249,85.29
coinbase,USDCEUR,1678767720000,2023-03-14 04:22:00,0.925,0.925,0.9245,0.9245,50.56
coinbase,USDCEUR,1678767840000,2023-03-14 04:24:00,0.9249,0.9249,0.9249,0.9249,57.1
coinbase,USDCEUR,1678767900000,2023-03-14 04:25:00,0.9248,0.9253,0.9248,0.9253,1737.51
coinbase,USDCEUR,1678767960000,2023-03-14 04:26:00,0.9253,0.9255,0.9253,0.9254,114.18
coinbase,USDCEUR,1678768020000,2023-03-14 04:27:00,0.9254,0.9254,0.9247,0.9254,320.67
coinbase,USDCEUR,1678768260000,2023-03-14 04:31:00,0.9252,0.9252,0.9252,0.9252,228.4
coinbase,USDCEUR,1678768380000,2023-03-14 04:33:00,0.925,0.925,0.9247,0.9247,360.93
coinbase,USDCEUR,1678768560000,2023-03-14 04:36:00,0.9247,0.9247,0.9245,0.9245,370.32
coinbase,USDCEUR,1678768620000,2023-03-14 04:37:00,0.9245,0.925,0.9245,0.925,1653.76
coinbase,USDCEUR,1678768860000,2023-03-14 04:41:00,0.9252,0.9255,0.9251,0.9251,239.95
coinbase,USDCEUR,1678768920000,2023-03-14 04:42:00,0.9251,0.9254,0.9248,0.9254,160.41
coinbase,USDCEUR,1678769160000,2023-03-14 04:46:00,0.9254,0.9255,0.9254,0.9255,171.78
coinbase,USDCEUR,1678769220000,2023-03-14 04:47:00,0.9254,0.9254,0.925,0.925,160.58
coinbase,USDCEUR,1678769400000,2023-03-14 04:50:00,0.9251,0.9254,0.9249,0.9254,186.28
coinbase,USDCEUR,1678769460000,2023-03-14 04:51:00,0.9254,0.9255,0.9254,0.9255,171.3
coinbase,USDCEUR,1678769520000,2023-03-14 04:52:00,0.9255,0.9255,0.9255,0.9255,114.2
coinbase,USDCEUR,1678769580000,2023-03-14 04:53:00,0.9255,0.9257,0.9255,0.9257,240.72
coinbase,USDCEUR,1678769640000,2023-03-14 04:54:00,0.9257,0.9261,0.9257,0.9261,171.3
coinbase,USDCEUR,1678769700000,2023-03-14 04:55:00,0.9261,0.9262,0.9255,0.9262,292.75
coinbase,USDCEUR,1678770000000,2023-03-14 05:00:00,0.9262,0.9263,0.9255,0.9263,295.22
coinbase,USDCEUR,1678770060000,2023-03-14 05:01:00,0.9257,0.9264,0.9257,0.9264,178.47
coinbase,USDCEUR,1678770180000,2023-03-14 05:03:00,0.9264,0.9265,0.9264,0.9265,159.2
coinbase,USDCEUR,1678770240000,2023-03-14 05:04:00,0.9265,0.9266,0.9265,0.9265,130.96
coinbase,USDCEUR,1678770300000,2023-03-14 05:05:00,0.9265,0.9266,0.9265,0.9266,114.82
coinbase,USDCEUR,1678770420000,2023-03-14 05:07:00,0.9265,0.9266,0.9265,0.9266,152.56
coinbase,USDCEUR,1678770540000,2023-03-14 05:09:00,0.9259,0.9265,0.9259,0.926,234.39
coinbase,USDCEUR,1678770600000,2023-03-14 05:10:00,0.926,0.9265,0.9259,0.9265,109.73
coinbase,USDCEUR,1678770660000,2023-03-14 05:11:00,0.9259,0.9259,0.9255,0.9255,451.59
coinbase,USDCEUR,1678770720000,2023-03-14 05:12:00,0.9255,0.9255,0.9245,0.9245,670.56
coinbase,USDCEUR,1678770840000,2023-03-14 05:14:00,0.9245,0.9245,0.924,0.9241,692.54
coinbase,USDCEUR,1678770960000,2023-03-14 05:16:00,0.9227,0.9238,0.9227,0.9237,146.84
coinbase,USDCEUR,1678771080000,2023-03-14 05:18:00,0.9228,0.9239,0.9228,0.9239,124.12
coinbase,USDCEUR,1678771260000,2023-03-14 05:21:00,0.9238,0.9238,0.9237,0.9238,172.92
coinbase,USDCEUR,1678771320000,2023-03-14 05:22:00,0.9238,0.9238,0.9229,0.9229,278.63
coinbase,USDCEUR,1678771380000,2023-03-14 05:23:00,0.9229,0.9229,0.9229,0.9229,6.69
coinbase,USDCEUR,1678771440000,2023-03-14 05:24:00,0.923,0.9237,0.923,0.9236,65.15
coinbase,USDCEUR,1678771560000,2023-03-14 05:26:00,0.9237,0.9238,0.923,0.923,213.91
coinbase,USDCEUR,1678771680000,2023-03-14 05:28:00,0.9233,0.9233,0.9233,0.9233,21.64
coinbase,USDCEUR,1678771740000,2023-03-14 05:29:00,0.9232,0.9232,0.9231,0.9231,12.53
coinbase,USDCEUR,1678771860000,2023-03-14 05:31:00,0.9231,0.9231,0.9227,0.9231,266.92
coinbase,USDCEUR,1678772040000,2023-03-14 05:34:00,0.9228,0.9233,0.9228,0.9233,60.97
coinbase,USDCEUR,1678772100000,2023-03-14 05:35:00,0.9233,0.9237,0.9233,0.9237,235.67
coinbase,USDCEUR,1678772160000,2023-03-14 05:36:00,0.9235,0.9235,0.9235,0.9235,60.34
coinbase,USDCEUR,1678772220000,2023-03-14 05:37:00,0.9235,0.9236,0.9235,0.9236,58
coinbase,USDCEUR,1678772280000,2023-03-14 05:38:00,0.9236,0.9242,0.9236,0.9242,113.88
coinbase,USDCEUR,1678772400000,2023-03-14 05:40:00,0.9236,0.9236,0.9236,0.9236,90.9
coinbase,USDCEUR,1678772460000,2023-03-14 05:41:00,0.9236,0.9244,0.9236,0.9244,136.83
coinbase,USDCEUR,1678772640000,2023-03-14 05:44:00,0.9237,0.9245,0.9237,0.9245,63.79
coinbase,USDCEUR,1678772760000,2023-03-14 05:46:00,0.9245,0.9245,0.9245,0.9245,113.88
coinbase,USDCEUR,1678772820000,2023-03-14 05:47:00,0.9245,0.9245,0.9245,0.9245,56.94
coinbase,USDCEUR,1678772940000,2023-03-14 05:49:00,0.9237,0.9243,0.9234,0.9243,269.55
coinbase,USDCEUR,1678773000000,2023-03-14 05:50:00,0.9243,0.9244,0.9234,0.9234,264.74
coinbase,USDCEUR,1678773120000,2023-03-14 05:52:00,0.9234,0.9234,0.9234,0.9234,292.84
coinbase,USDCEUR,1678773240000,2023-03-14 05:54:00,0.9234,0.9243,0.9234,0.9242,148.01
coinbase,USDCEUR,1678773420000,2023-03-14 05:57:00,0.9242,0.9242,0.9242,0.9242,87.29
coinbase,USDCEUR,1678773540000,2023-03-14 05:59:00,0.9242,0.9243,0.9242,0.9242,228.08
coinbase,USDCEUR,1678773600000,2023-03-14 06:00:00,0.9242,0.9243,0.9242,0.9243,114.2
coinbase,USDCEUR,1678773660000,2023-03-14 06:01:00,0.9242,0.9242,0.9233,0.9237,320.85
coinbase,USDCEUR,1678773720000,2023-03-14 06:02:00,0.9237,0.9243,0.9237,0.9243,71.35
coinbase,USDCEUR,1678773780000,2023-03-14 06:03:00,0.9243,0.9244,0.9234,0.9243,313.93
coinbase,USDCEUR,1678773840000,2023-03-14 06:04:00,0.9243,0.9244,0.9235,0.9244,428.66
coinbase,USDCEUR,1678773960000,2023-03-14 06:06:00,0.9246,0.9246,0.9231,0.9234,348.29
coinbase,USDCEUR,1678774020000,2023-03-14 06:07:00,0.9234,0.9245,0.9234,0.9245,263.85
coinbase,USDCEUR,1678774080000,2023-03-14 06:08:00,0.9233,0.9233,0.9233,0.9233,207.71
coinbase,USDCEUR,1678774140000,2023-03-14 06:09:00,0.9244,0.9244,0.9228,0.9228,323.61
coinbase,USDCEUR,1678774260000,2023-03-14 06:11:00,0.9237,0.9237,0.9237,0.9237,28.04
coinbase,USDCEUR,1678774320000,2023-03-14 06:12:00,0.9237,0.9243,0.9237,0.9243,85.37
coinbase,USDCEUR,1678774440000,2023-03-14 06:14:00,0.9241,0.9241,0.9237,0.9237,269.26
coinbase,USDCEUR,1678774500000,2023-03-14 06:15:00,0.9236,0.924,0.9235,0.924,1162.32
coinbase,USDCEUR,1678774560000,2023-03-14 06:16:00,0.9236,0.9241,0.9235,0.9235,246.15
coinbase,USDCEUR,1678774620000,2023-03-14 06:17:00,0.9235,0.9241,0.9234,0.9234,379.24
coinbase,USDCEUR,1678774680000,2023-03-14 06:18:00,0.9235,0.9243,0.9234,0.9243,615.24
coinbase,USDCEUR,1678774800000,2023-03-14 06:20:00,0.9243,0.9243,0.9241,0.9241,60.84
coinbase,USDCEUR,1678774860000,2023-03-14 06:21:00,0.9241,0.9245,0.9239,0.9241,296
coinbase,USDCEUR,1678774920000,2023-03-14 06:22:00,0.9245,0.925,0.9245,0.925,295.67
coinbase,USDCEUR,1678774980000,2023-03-14 06:23:00,0.925,0.9253,0.9243,0.9243,922.4
coinbase,USDCEUR,1678775040000,2023-03-14 06:24:00,0.9253,0.9253,0.9243,0.9245,353.62
coinbase,USDCEUR,1678775100000,2023-03-14 06:25:00,0.9245,0.9245,0.9241,0.9242,651.6
coinbase,USDCEUR,1678775160000,2023-03-14 06:26:00,0.9241,0.9252,0.9241,0.9242,400.83
coinbase,USDCEUR,1678775220000,2023-03-14 06:27:00,0.9242,0.9251,0.9236,0.9236,310.71
coinbase,USDCEUR,1678775280000,2023-03-14 06:28:00,0.9236,0.9249,0.9236,0.9249,315.52
coinbase,USDCEUR,1678775340000,2023-03-14 06:29:00,0.925,0.925,0.9239,0.925,436.79
coinbase,USDCEUR,1678775400000,2023-03-14 06:30:00,0.925,0.925,0.925,0.925,229.04
coinbase,USDCEUR,1678775520000,2023-03-14 06:32:00,0.9249,0.9249,0.9248,0.9248,114.36
coinbase,USDCEUR,1678775640000,2023-03-14 06:34:00,0.925,0.925,0.9248,0.9248,171.3
coinbase,USDCEUR,1678775700000,2023-03-14 06:35:00,0.9248,0.9248,0.9245,0.9245,114.18
coinbase,USDCEUR,1678775760000,2023-03-14 06:36:00,0.925,0.9251,0.9237,0.9237,263.75
coinbase,USDCEUR,1678775820000,2023-03-14 06:37:00,0.9237,0.9249,0.9237,0.9237,115.68
coinbase,USDCEUR,1678775880000,2023-03-14 06:38:00,0.9237,0.9239,0.9237,0.9239,225.58
coinbase,USDCEUR,1678776000000,2023-03-14 06:40:00,0.924,0.924,0.9238,0.9238,52.49
coinbase,USDCEUR,1678776060000,2023-03-14 06:41:00,0.924,0.924,0.9238,0.9238,227.35
coinbase,USDCEUR,1678776120000,2023-03-14 06:42:00,0.925,0.925,0.925,0.925,142.34
coinbase,USDCEUR,1678776180000,2023-03-14 06:43:00,0.925,0.925,0.9238,0.9239,393.71
coinbase,USDCEUR,1678776240000,2023-03-14 06:44:00,0.925,0.925,0.9239,0.9248,143.54
coinbase,USDCEUR,1678776300000,2023-03-14 06:45:00,0.9248,0.9248,0.9244,0.9244,114.04
coinbase,USDCEUR,1678776420000,2023-03-14 06:47:00,0.9244,0.9244,0.9244,0.9244,171.3
coinbase,USDCEUR,1678776480000,2023-03-14 06:48:00,0.9244,0.9245,0.9236,0.9243,791.25
coinbase,USDCEUR,1678776540000,2023-03-14 06:49:00,0.9243,0.9244,0.9237,0.9244,143.86
coinbase,USDCEUR,1678776600000,2023-03-14 06:50:00,0.9237,0.9247,0.9237,0.9245,283.53
coinbase,USDCEUR,1678776660000,2023-03-14 06:51:00,0.9245,0.9245,0.9237,0.9237,263.78
coinbase,USDCEUR,1678776780000,2023-03-14 06:53:00,0.9237,0.9244,0.9236,0.9237,165.25
coinbase,USDCEUR,1678776840000,2023-03-14 06:54:00,0.9237,0.9237,0.9237,0.9237,36.89
coinbase,USDCEUR,1678776960000,2023-03-14 06:56:00,0.9237,0.9237,0.9236,0.9237,265.33
coinbase,USDCEUR,1678777140000,2023-03-14 06:59:00,0.9237,0.9237,0.9237,0.9237,10.25
coinbase,USDCEUR,1678777200000,2023-03-14 07:00:00,0.9242,0.9242,0.9237,0.9237,30.58
coinbase,USDCEUR,1678741200000,2023-03-13 21:00:00,0.9215,0.9222,0.9212,0.9213,1082.23
coinbase,USDCEUR,1678741320000,2023-03-13 21:02:00,0.9213,0.9222,0.9206,0.9206,2910.78
coinbase,USDCEUR,1678741560000,2023-03-13 21:06:00,0.9206,0.9217,0.9204,0.9207,1896.89
coinbase,USDCEUR,1678741620000,2023-03-13 21:07:00,0.9199,0.9213,0.9196,0.9207,3176.09
coinbase,USDCEUR,1678741740000,2023-03-13 21:09:00,0.9205,0.9205,0.9205,0.9205,58.42
coinbase,USDCEUR,1678741800000,2023-03-13 21:10:00,0.9205,0.9205,0.919,0.919,436.19
coinbase,USDCEUR,1678741920000,2023-03-13 21:12:00,0.9205,0.9205,0.9203,0.9203,229.63
coinbase,USDCEUR,1678741980000,2023-03-13 21:13:00,0.9205,0.9207,0.9197,0.9197,1311.05
coinbase,USDCEUR,1678742040000,2023-03-13 21:14:00,0.921,0.9216,0.9199,0.9216,2620.76
coinbase,USDCEUR,1678742100000,2023-03-13 21:15:00,0.9215,0.9217,0.9204,0.9217,2447.18
coinbase,USDCEUR,1678742160000,2023-03-13 21:16:00,0.9206,0.9219,0.9205,0.9219,3504.68
coinbase,USDCEUR,1678742220000,2023-03-13 21:17:00,0.9208,0.9219,0.9207,0.9219,1847.08
coinbase,USDCEUR,1678742280000,2023-03-13 21:18:00,0.9221,0.9221,0.9221,0.9221,2518.22
coinbase,USDCEUR,1678742340000,2023-03-13 21:19:00,0.9222,0.9225,0.9222,0.9225,1269.55
coinbase,USDCEUR,1678742400000,2023-03-13 21:20:00,0.9225,0.923,0.9225,0.923,2559.91
coinbase,USDCEUR,1678742460000,2023-03-13 21:21:00,0.9222,0.9229,0.9222,0.9229,1324.93
coinbase,USDCEUR,1678742520000,2023-03-13 21:22:00,0.9229,0.923,0.9228,0.923,2903.66
coinbase,USDCEUR,1678742580000,2023-03-13 21:23:00,0.9229,0.923,0.9229,0.923,2622.78
coinbase,USDCEUR,1678742640000,2023-03-13 21:24:00,0.923,0.923,0.9229,0.923,1321.86
coinbase,USDCEUR,1678742700000,2023-03-13 21:25:00,0.9229,0.923,0.9229,0.923,2660.63
coinbase,USDCEUR,1678742820000,2023-03-13 21:27:00,0.9222,0.9222,0.9213,0.9218,4360.93
coinbase,USDCEUR,1678742940000,2023-03-13 21:29:00,0.9214,0.9215,0.9203,0.9206,11216.42
coinbase,USDCEUR,1678743000000,2023-03-13 21:30:00,0.9205,0.9211,0.9197,0.9197,1509.86
coinbase,USDCEUR,1678743120000,2023-03-13 21:32:00,0.92,0.9214,0.92,0.9214,9618.78
coinbase,USDCEUR,1678743180000,2023-03-13 21:33:00,0.9202,0.9218,0.9202,0.9218,4226.9
coinbase,USDCEUR,1678743240000,2023-03-13 21:34:00,0.9214,0.9218,0.9193,0.9218,8858
coinbase,USDCEUR,1678743300000,2023-03-13 21:35:00,0.9209,0.9218,0.9195,0.9195,4435.79
coinbase,USDCEUR,1678743360000,2023-03-13 21:36:00,0.9206,0.923,0.9206,0.923,12876.65
coinbase,USDCEUR,1678743420000,2023-03-13 21:37:00,0.9195,0.923,0.9191,0.923,6022.95
coinbase,USDCEUR,1678743480000,2023-03-13 21:38:00,0.921,0.9232,0.9173,0.9173,11928.17
coinbase,USDCEUR,1678743540000,2023-03-13 21:39:00,0.9195,0.9233,0.9195,0.9233,4405.88
coinbase,USDCEUR,1678743600000,2023-03-13 21:40:00,0.9201,0.9236,0.9176,0.9236,13530.36
coinbase,USDCEUR,1678743660000,2023-03-13 21:41:00,0.921,0.9227,0.9176,0.9179,7248.98
coinbase,USDCEUR,1678743720000,2023-03-13 21:42:00,0.9179,0.9236,0.9171,0.9196,17800.43
coinbase,USDCEUR,1678743780000,2023-03-13 21:43:00,0.9189,0.9237,0.9161,0.9161,11193.7
coinbase,USDCEUR,1678743840000,2023-03-13 21:44:00,0.9187,0.9235,0.9166,0.9196,11380.02
coinbase,USDCEUR,1678743900000,2023-03-13 21:45:00,0.9196,0.9236,0.9161,0.9183,11213.17
coinbase,USDCEUR,1678743960000,2023-03-13 21:46:00,0.9182,0.9247,0.9161,0.918,17781.8
coinbase,USDCEUR,1678744020000,2023-03-13 21:47:00,0.9178,0.9223,0.9158,0.9162,15673.47
coinbase,USDCEUR,1678744080000,2023-03-13 21:48:00,0.9185,0.9193,0.916,0.916,6073.18
coinbase,USDCEUR,1678744140000,2023-03-13 21:49:00,0.9187,0.9211,0.9157,0.9167,19389.37
coinbase,USDCEUR,1678744200000,2023-03-13 21:50:00,0.9184,0.9206,0.9171,0.9171,10730.43
coinbase,USDCEUR,1678744260000,2023-03-13 21:51:00,0.9186,0.9209,0.9171,0.9171,7849.78
coinbase,USDCEUR,1678744320000,2023-03-13 21:52:00,0.9181,0.9209,0.9161,0.9185,19299.6
coinbase,USDCEUR,1678744440000,2023-03-13 21:54:00,0.9186,0.9203,0.9162,0.9182,17998.71
coinbase,USDCEUR,1678744500000,2023-03-13 21:55:00,0.9183,0.9199,0.9174,0.9174,14889.85
coinbase,USDCEUR,1678744560000,2023-03-13 21:56:00,0.9189,0.9201,0.9176,0.9176,11492.74
coinbase,USDCEUR,1678744620000,2023-03-13 21:57:00,0.9188,0.9201,0.9171,0.9176,14248.75
coinbase,USDCEUR,1678744680000,2023-03-13 21:58:00,0.9194,0.9201,0.9157,0.9192,7437.01
coinbase,USDCEUR,1678744740000,2023-03-13 21:59:00,0.9192,0.9206,0.9155,0.9155,18892.94
coinbase,USDCEUR,1678744800000,2023-03-13 22:00:00,0.9184,0.9194,0.9184,0.9194,11890.95
coinbase,USDCEUR,1678744860000,2023-03-13 22:01:00,0.9195,0.9201,0.9158,0.9158,13887.99
coinbase,USDCEUR,1678744920000,2023-03-13 22:02:00,0.9193,0.9205,0.9157,0.9157,13254.02
coinbase,USDCEUR,1678744980000,2023-03-13 22:03:00,0.9193,0.9194,0.9189,0.9193,12863.79
coinbase,USDCEUR,1678745040000,2023-03-13 22:04:00,0.9195,0.9197,0.9157,0.9191,7454.89
coinbase,USDCEUR,1678745100000,2023-03-13 22:05:00,0.9187,0.919,0.9187,0.9189,6946.31
coinbase,USDCEUR,1678745160000,2023-03-13 22:06:00,0.9189,0.9199,0.9165,0.9199,13554.76
coinbase,USDCEUR,1678745220000,2023-03-13 22:07:00,0.9197,0.9198,0.9164,0.9166,21709.39
coinbase,USDCEUR,1678745280000,2023-03-13 22:08:00,0.919,0.919,0.9164,0.9164,8033.15
coinbase,USDCEUR,1678745340000,2023-03-13 22:09:00,0.9189,0.9191,0.9164,0.9191,21001.14
coinbase,USDCEUR,1678745400000,2023-03-13 22:10:00,0.9192,0.9193,0.9167,0.9193,14151.39
coinbase,USDCEUR,1678745460000,2023-03-13 22:11:00,0.9194,0.9194,0.9168,0.9168,7324.73
coinbase,USDCEUR,1678745520000,2023-03-13 22:12:00,0.9168,0.9193,0.9166,0.9193,15013.8
coinbase,USDCEUR,1678745580000,2023-03-13 22:13:00,0.9194,0.9195,0.9165,0.9165,15645.29
coinbase,USDCEUR,1678745640000,2023-03-13 22:14:00,0.9188,0.9189,0.9188,0.9189,15306.75
coinbase,USDCEUR,1678745700000,2023-03-13 22:15:00,0.9189,0.9189,0.9186,0.9186,8297.87
coinbase,USDCEUR,1678745760000,2023-03-13 22:16:00,0.9186,0.9194,0.9185,0.9194,9346.29
coinbase,USDCEUR,1678745820000,2023-03-13 22:17:00,0.9195,0.9195,0.9189,0.919,15488.54
coinbase,USDCEUR,1678745880000,2023-03-13 22:18:00,0.9191,0.9197,0.919,0.9196,15756.27
coinbase,USDCEUR,1678745940000,2023-03-13 22:19:00,0.9166,0.9201,0.9166,0.9201,17463.57
coinbase,USDCEUR,1678746000000,2023-03-13 22:20:00,0.9202,0.9204,0.9171,0.9172,16557.72
coinbase,USDCEUR,1678746060000,2023-03-13 22:21:00,0.9199,0.9202,0.917,0.9197,17336.5
coinbase,USDCEUR,1678746120000,2023-03-13 22:22:00,0.9197,0.9199,0.9197,0.9199,16807.89
coinbase,USDCEUR,1678746180000,2023-03-13 22:23:00,0.9201,0.9201,0.9171,0.9199,17457.44
coinbase,USDCEUR,1678746240000,2023-03-13 22:24:00,0.9197,0.9198,0.9197,0.9198,8654.73
coinbase,USDCEUR,1678746300000,2023-03-13 22:25:00,0.9198,0.9204,0.9198,0.9203,17141.93
coinbase,USDCEUR,1678746360000,2023-03-13 22:26:00,0.9203,0.9204,0.9173,0.9204,19716.66
coinbase,USDCEUR,1678746420000,2023-03-13 22:27:00,0.9204,0.9204,0.9204,0.9204,18303.48
coinbase,USDCEUR,1678746480000,2023-03-13 22:28:00,0.9204,0.9204,0.9204,0.9204,6082.44
coinbase,USDCEUR,1678746540000,2023-03-13 22:29:00,0.9205,0.923,0.9174,0.9197,13590.45
coinbase,USDCEUR,1678746600000,2023-03-13 22:30:00,0.9209,0.9223,0.9209,0.9223,17275.65
coinbase,USDCEUR,1678746660000,2023-03-13 22:31:00,0.9224,0.9231,0.9181,0.9191,20051.44
coinbase,USDCEUR,1678746720000,2023-03-13 22:32:00,0.922,0.9223,0.9191,0.9191,10859.75
coinbase,USDCEUR,1678746780000,2023-03-13 22:33:00,0.9207,0.9231,0.9181,0.9181,30790.48
coinbase,USDCEUR,1678746840000,2023-03-13 22:34:00,0.9205,0.9229,0.9186,0.9187,10413.94
coinbase,USDCEUR,1678746900000,2023-03-13 22:35:00,0.9216,0.923,0.9195,0.9229,11784.51
coinbase,USDCEUR,1678746960000,2023-03-13 22:36:00,0.9229,0.923,0.9191,0.923,16563.81
coinbase,USDCEUR,1678747020000,2023-03-13 22:37:00,0.923,0.9237,0.9193,0.9237,21759.05
coinbase,USDCEUR,1678747080000,2023-03-13 22:38:00,0.9237,0.924,0.9204,0.924,2370.6
coinbase,USDCEUR,1678747140000,2023-03-13 22:39:00,0.924,0.924,0.924,0.924,3198.93
coinbase,USDCEUR,1678747200000,2023-03-13 22:40:00,0.924,0.9248,0.9216,0.9216,4557.48
coinbase,USDCEUR,1678747260000,2023-03-13 22:41:00,0.9247,0.9249,0.9236,0.9236,9972.46
coinbase,USDCEUR,1678747380000,2023-03-13 22:43:00,0.9236,0.9237,0.9236,0.9237,159.13
coinbase,USDCEUR,1678747560000,2023-03-13 22:46:00,0.9232,0.9246,0.9232,0.9246,60.61
coinbase,USDCEUR,1678747800000,2023-03-13 22:50:00,0.9237,0.9249,0.9237,0.9249,4439.15
coinbase,USDCEUR,1678748580000,2023-03-13 23:03:00,0.9237,0.9244,0.9236,0.9244,789.37
coinbase,USDCEUR,1678749060000,2023-03-13 23:11:00,0.9244,0.9244,0.924,0.924,90.41
coinbase,USDCEUR,1678749300000,2023-03-13 23:15:00,0.9238,0.9246,0.9238,0.9246,2402.78
coinbase,USDCEUR,1678749600000,2023-03-13 23:20:00,0.9249,0.9249,0.9238,0.9238,170.03
coinbase,USDCEUR,1678749660000,2023-03-13 23:21:00,0.9241,0.9241,0.9234,0.9238,7708.86
coinbase,USDCEUR,1678749780000,2023-03-13 23:23:00,0.9226,0.9226,0.9225,0.9226,1003.28
coinbase,USDCEUR,1678750020000,2023-03-13 23:27:00,0.9237,0.9237,0.9237,0.9237,9999.96
coinbase,USDCEUR,1678750140000,2023-03-13 23:29:00,0.9237,0.9237,0.9226,0.9226,211.47
coinbase,USDCEUR,1678750200000,2023-03-13 23:30:00,0.9226,0.9226,0.9225,0.9225,516.98
coinbase,USDCEUR,1678750500000,2023-03-13 23:35:00,0.9228,0.9228,0.9226,0.9226,124.42
coinbase,USDCEUR,1678750560000,2023-03-13 23:36:00,0.9226,0.9226,0.9225,0.9225,179.99
coinbase,USDCEUR,1678750680000,2023-03-13 23:38:00,0.9229,0.9229,0.9226,0.9226,113.87
coinbase,USDCEUR,1678750740000,2023-03-13 23:39:00,0.9229,0.9237,0.9229,0.9237,4422.26
coinbase,USDCEUR,1678750800000,2023-03-13 23:40:00,0.9229,0.9233,0.9229,0.9233,5441.52
coinbase,USDCEUR,1678750860000,2023-03-13 23:41:00,0.9232,0.9239,0.9231,0.9233,11022.3
coinbase,USDCEUR,1678750920000,2023-03-13 23:42:00,0.9235,0.9239,0.9235,0.9239,11053.78
coinbase,USDCEUR,1678751040000,2023-03-13 23:44:00,0.9239,0.924,0.9216,0.923,13423.29
coinbase,USDCEUR,1678751100000,2023-03-13 23:45:00,0.9231,0.9231,0.9208,0.9209,12903.42
coinbase,USDCEUR,1678751160000,2023-03-13 23:46:00,0.9211,0.9225,0.9209,0.9214,11472.88
coinbase,USDCEUR,1678751220000,2023-03-13 23:47:00,0.9214,0.9225,0.9207,0.9208,8519.75
coinbase,USDCEUR,1678751280000,2023-03-13 23:48:00,0.9213,0.9223,0.9204,0.9204,17730.42
coinbase,USDCEUR,1678751340000,2023-03-13 23:49:00,0.9216,0.9216,0.9216,0.9216,11827.85
coinbase,USDCEUR,1678751400000,2023-03-13 23:50:00,0.9216,0.9219,0.9216,0.9219,6064.11
coinbase,USDCEUR,1678751460000,2023-03-13 23:51:00,0.9219,0.9224,0.9219,0.9224,12058.1
coinbase,USDCEUR,1678751520000,2023-03-13 23:52:00,0.9224,0.9224,0.9194,0.9216,13234.01
coinbase,USDCEUR,1678751580000,2023-03-13 23:53:00,0.9215,0.9215,0.9215,0.9215,6168.09
coinbase,USDCEUR,1678751640000,2023-03-13 23:54:00,0.9215,0.9215,0.9215,0.9215,12463.84
coinbase,USDCEUR,1678751700000,2023-03-13 23:55:00,0.9216,0.9216,0.92,0.9213,13678.57
coinbase,USDCEUR,1678751760000,2023-03-13 23:56:00,0.9214,0.9215,0.9214,0.9215,12869.71
coinbase,USDCEUR,1678751820000,2023-03-13 23:57:00,0.9215,0.9216,0.9209,0.9216,19611.16
coinbase,USDCEUR,1678751880000,2023-03-13 23:58:00,0.9221,0.9221,0.9191,0.9191,15631.93
coinbase,USDCEUR,1678751940000,2023-03-13 23:59:00,0.921,0.921,0.9205,0.9206,8895.17
coinbase,USDCEUR,1678752000000,2023-03-14 00:00:00,0.9206,0.921,0.9206,0.921,9308.76
coinbase,USDCEUR,1678752060000,2023-03-14 00:01:00,0.9211,0.9211,0.9194,0.9194,14077.74
coinbase,USDCEUR,1678752120000,2023-03-14 00:02:00,0.9208,0.9208,0.9201,0.9201,6955.67
coinbase,USDCEUR,1678752180000,2023-03-14 00:03:00,0.921,0.9219,0.9194,0.9219,22451.7
coinbase,USDCEUR,1678752240000,2023-03-14 00:04:00,0.9219,0.9223,0.92,0.9223,14929.1
coinbase,USDCEUR,1678752300000,2023-03-14 00:05:00,0.9226,0.9226,0.9226,0.9226,7236.98
coinbase,USDCEUR,1678752360000,2023-03-14 00:06:00,0.9227,0.9239,0.9227,0.9239,16036.19
coinbase,USDCEUR,1678752480000,2023-03-14 00:08:00,0.9237,0.9238,0.9208,0.9232,15505
coinbase,USDCEUR,1678752540000,2023-03-14 00:09:00,0.9239,0.9239,0.9239,0.9239,5310.83
coinbase,USDCEUR,1678752600000,2023-03-14 00:10:00,0.9239,0.9241,0.9239,0.9241,7477.8
coinbase,USDCEUR,1678752660000,2023-03-14 00:11:00,0.9241,0.9241,0.9206,0.9206,9716.15
coinbase,USDCEUR,1678752840000,2023-03-14 00:14:00,0.9241,0.9241,0.9226,0.9228,5118.26
coinbase,USDCEUR,1678753020000,2023-03-14 00:17:00,0.9228,0.9228,0.9203,0.9203,15729.59
coinbase,USDCEUR,1678753080000,2023-03-14 00:18:00,0.9222,0.9223,0.9222,0.9223,16574.06
coinbase,USDCEUR,1678753140000,2023-03-14 00:19:00,0.9223,0.9224,0.9223,0.9224,15580.62
coinbase,USDCEUR,1678753200000,2023-03-14 00:20:00,0.9225,0.9231,0.9225,0.9231,15749.65
coinbase,USDCEUR,1678753260000,2023-03-14 00:21:00,0.9231,0.9236,0.9208,0.9236,4807.64
coinbase,USDCEUR,1678753320000,2023-03-14 00:22:00,0.9236,0.9236,0.9209,0.9209,11777.29
coinbase,USDCEUR,1678753440000,2023-03-14 00:24:00,0.9237,0.9239,0.9237,0.9239,12825.85
coinbase,USDCEUR,1678753500000,2023-03-14 00:25:00,0.9239,0.9241,0.9239,0.9241,11394.35
coinbase,USDCEUR,1678753740000,2023-03-14 00:29:00,0.9236,0.9236,0.9219,0.9222,5996.34
coinbase,USDCEUR,1678753920000,2023-03-14 00:32:00,0.9223,0.9227,0.9223,0.9227,16378.03
coinbase,USDCEUR,1678753980000,2023-03-14 00:33:00,0.9228,0.9228,0.9221,0.9221,16588.3
coinbase,USDCEUR,1678754100000,2023-03-14 00:35:00,0.9234,0.9245,0.9215,0.9215,12395.64
coinbase,USDCEUR,1678754160000,2023-03-14 00:36:00,0.9234,0.9239,0.9218,0.9218,8496.91
coinbase,USDCEUR,1678754220000,2023-03-14 00:37:00,0.9216,0.9239,0.9212,0.9239,17325.1
coinbase,USDCEUR,1678754280000,2023-03-14 00:38:00,0.924,0.924,0.924,0.924,8517.19
coinbase,USDCEUR,1678754340000,2023-03-14 00:39:00,0.9237,0.9237,0.9237,0.9237,8560.73
coinbase,USDCEUR,1678754400000,2023-03-14 00:40:00,0.9241,0.9242,0.9241,0.9241,4767.97
coinbase,USDCEUR,1678754460000,2023-03-14 00:41:00,0.9241,0.9241,0.9241,0.9241,2671.06
coinbase,USDCEUR,1678754520000,2023-03-14 00:42:00,0.9241,0.9241,0.9227,0.9227,2389.32
coinbase,USDCEUR,1678754580000,2023-03-14 00:43:00,0.9241,0.9242,0.9241,0.9242,4826.36
coinbase,USDCEUR,1678754640000,2023-03-14 00:44:00,0.9242,0.9242,0.9221,0.9221,69.86
coinbase,USDCEUR,1678754760000,2023-03-14 00:46:00,0.9238,0.9239,0.9217,0.9217,5471.5
coinbase,USDCEUR,1678754820000,2023-03-14 00:47:00,0.9239,0.9239,0.9218,0.9218,8714.65
coinbase,USDCEUR,1678754940000,2023-03-14 00:49:00,0.9242,0.9247,0.9235,0.9235,8777.73
coinbase,USDCEUR,1678755000000,2023-03-14 00:50:00,0.9235,0.9245,0.9235,0.9235,8766.81
coinbase,USDCEUR,1678755060000,2023-03-14 00:51:00,0.9245,0.9245,0.9245,0.9245,8696.45
coinbase,USDCEUR,1678755120000,2023-03-14 00:52:00,0.9245,0.9249,0.9245,0.9249,8823.52
coinbase,USDCEUR,1678755180000,2023-03-14 00:53:00,0.9249,0.9249,0.922,0.9249,18114.83
coinbase,USDCEUR,1678755300000,2023-03-14 00:55:00,0.9227,0.9248,0.9223,0.9226,10531.63
coinbase,USDCEUR,1678755540000,2023-03-14 00:59:00,0.9237,0.9241,0.9219,0.9241,29425.34
coinbase,USDCEUR,1678755660000,2023-03-14 01:01:00,0.9235,0.9236,0.9235,0.9236,1799.9
coinbase,USDCEUR,1678755780000,2023-03-14 01:03:00,0.9243,0.9244,0.9226,0.9228,9965.43
coinbase,USDCEUR,1678755840000,2023-03-14 01:04:00,0.9239,0.9244,0.923,0.923,8156.07
coinbase,USDCEUR,1678755960000,2023-03-14 01:06:00,0.9231,0.9231,0.9231,0.9231,27.96
coinbase,USDCEUR,1678756080000,2023-03-14 01:08:00,0.923,0.9231,0.923,0.9231,225.09
coinbase,USDCEUR,1678756140000,2023-03-14 01:09:00,0.9232,0.9243,0.923,0.923,88.73
coinbase,USDCEUR,1678756260000,2023-03-14 01:11:00,0.9231,0.9231,0.923,0.923,2862.45
coinbase,USDCEUR,1678756320000,2023-03-14 01:12:00,0.9229,0.9229,0.9224,0.9224,9282.06
coinbase,USDCEUR,1678756380000,2023-03-14 01:13:00,0.9227,0.9227,0.9224,0.9224,45.67
coinbase,USDCEUR,1678756440000,2023-03-14 01:14:00,0.9235,0.9243,0.9229,0.9233,18870.01
coinbase,USDCEUR,1678756500000,2023-03-14 01:15:00,0.9233,0.9233,0.923,0.923,124.92
coinbase,USDCEUR,1678756560000,2023-03-14 01:16:00,0.923,0.9239,0.9229,0.923,12032.67
coinbase,USDCEUR,1678756620000,2023-03-14 01:17:00,0.923,0.924,0.9225,0.9226,10344.27
coinbase,USDCEUR,1678756680000,2023-03-14 01:18:00,0.9238,0.924,0.9228,0.9228,9710.36
coinbase,USDCEUR,1678756740000,2023-03-14 01:19:00,0.9228,0.923,0.9228,0.923,67.42
coinbase,USDCEUR,1678756860000,2023-03-14 01:21:00,0.923,0.923,0.9226,0.9226,58.63
coinbase,USDCEUR,1678756980000,2023-03-14 01:23:00,0.9228,0.9228,0.9228,0.9228,23.67
coinbase,USDCEUR,1678757040000,2023-03-14 01:24:00,0.9229,0.9239,0.9228,0.9239,3771.03
coinbase,USDCEUR,1678757100000,2023-03-14 01:25:00,0.9239,0.9244,0.9231,0.9231,5738.3
coinbase,USDCEUR,1678757160000,2023-03-14 01:26:00,0.9244,0.9247,0.9244,0.9247,19087.62
coinbase,USDCEUR,1678757280000,2023-03-14 01:28:00,0.9248,0.9249,0.9232,0.9232,10667.4
coinbase,USDCEUR,1678757340000,2023-03-14 01:29:00,0.923,0.9235,0.9226,0.9235,26454.12
coinbase,USDCEUR,1678757400000,2023-03-14 01:30:00,0.9235,0.9237,0.9226,0.923,9789.03
coinbase,USDCEUR,1678757460000,2023-03-14 01:31:00,0.9238,0.9239,0.922,0.9239,32445.88
coinbase,USDCEUR,1678757520000,2023-03-14 01:32:00,0.9223,0.924,0.9223,0.924,18686.97
coinbase,USDCEUR,1678757580000,2023-03-14 01:33:00,0.924,0.9246,0.924,0.9245,9438.2
coinbase,USDCEUR,1678757640000,2023-03-14 01:34:00,0.9246,0.9248,0.9232,0.9232,3085.21
coinbase,USDCEUR,1678757700000,2023-03-14 01:35:00,0.9226,0.9234,0.9226,0.9228,150.4
coinbase,USDCEUR,1678757760000,2023-03-14 01:36:00,0.9244,0.9245,0.9229,0.9229,10172.37
coinbase,USDCEUR,1678757820000,2023-03-14 01:37:00,0.9246,0.9247,0.9246,0.9247,7404.75
coinbase,USDCEUR,1678757880000,2023-03-14 01:38:00,0.9248,0.9249,0.9243,0.9248,14756.38
coinbase,USDCEUR,1678757940000,2023-03-14 01:39:00,0.9248,0.925,0.9248,0.925,10613.86
coinbase,USDCEUR,1678758000000,2023-03-14 01:40:00,0.9243,0.9251,0.9241,0.9242,10593.96
coinbase,USDCEUR,1678758060000,2023-03-14 01:41:00,0.9242,0.9251,0.9229,0.9251,21525.91
coinbase,USDCEUR,1678758120000,2023-03-14 01:42:00,0.9252,0.9253,0.9232,0.9232,10472.45
coinbase,USDCEUR,1678758180000,2023-03-14 01:43:00,0.9234,0.9254,0.9234,0.9254,21386.03
coinbase,USDCEUR,1678758240000,2023-03-14 01:44:00,0.9255,0.9256,0.9255,0.9256,21231.37
coinbase,USDCEUR,1678758300000,2023-03-14 01:45:00,0.9256,0.9256,0.9226,0.9226,12381.84
coinbase,USDCEUR,1678758360000,2023-03-14 01:46:00,0.924,0.924,0.9224,0.9224,22941.09
coinbase,USDCEUR,1678758420000,2023-03-14 01:47:00,0.9235,0.925,0.9235,0.925,10872.08
coinbase,USDCEUR,1678758480000,2023-03-14 01:48:00,0.925,0.925,0.9224,0.9224,13378.21
coinbase,USDCEUR,1678758540000,2023-03-14 01:49:00,0.9251,0.9251,0.9225,0.9225,228.3
coinbase,USDCEUR,1678758600000,2023-03-14 01:50:00,0.9229,0.9245,0.9224,0.9245,10756.94
coinbase,USDCEUR,1678758660000,2023-03-14 01:51:00,0.9245,0.9245,0.9226,0.9227,356.55
coinbase,USDCEUR,1678758780000,2023-03-14 01:53:00,0.9228,0.923,0.9227,0.9227,129.71
coinbase,USDCEUR,1678758840000,2023-03-14 01:54:00,0.9227,0.9227,0.9225,0.9227,67.24
coinbase,USDCEUR,1678759080000,2023-03-14 01:58:00,0.9238,0.9242,0.9238,0.9242,125.98
coinbase,USDCEUR,1678759140000,2023-03-14 01:59:00,0.9225,0.9225,0.9225,0.9225,55.31
coinbase,USDCEUR,1678759200000,2023-03-14 02:00:00,0.9225,0.9225,0.9224,0.9224,16.44
coinbase,USDCEUR,1678723200000,2023-03-13 16:00:00,0.927,0.9279,0.927,0.9278,6035.68
coinbase,USDCEUR,1678723260000,2023-03-13 16:01:00,0.925,0.9251,0.9244,0.9245,545.51
coinbase,USDCEUR,1678723380000,2023-03-13 16:03:00,0.9259,0.9259,0.9247,0.9247,2.66
coinbase,USDCEUR,1678723500000,2023-03-13 16:05:00,0.9246,0.9246,0.9246,0.9246,60.37
coinbase,USDCEUR,1678723560000,2023-03-13 16:06:00,0.9259,0.926,0.9254,0.9254,2245.9
coinbase,USDCEUR,1678723620000,2023-03-13 16:07:00,0.9254,0.927,0.9254,0.927,8301.6
coinbase,USDCEUR,1678723680000,2023-03-13 16:08:00,0.927,0.9273,0.927,0.9273,6016.16
coinbase,USDCEUR,1678723740000,2023-03-13 16:09:00,0.927,0.9271,0.9252,0.9271,6139.31
coinbase,USDCEUR,1678723860000,2023-03-13 16:11:00,0.9266,0.9267,0.9263,0.9263,7748.2
coinbase,USDCEUR,1678723920000,2023-03-13 16:12:00,0.9264,0.9264,0.9262,0.9262,3132
coinbase,USDCEUR,1678723980000,2023-03-13 16:13:00,0.9262,0.9262,0.9262,0.9262,3632.94
coinbase,USDCEUR,1678724160000,2023-03-13 16:16:00,0.9262,0.9262,0.9262,0.9262,247.57
coinbase,USDCEUR,1678724280000,2023-03-13 16:18:00,0.9262,0.9262,0.9168,0.9257,69533.81
coinbase,USDCEUR,1678724340000,2023-03-13 16:19:00,0.9254,0.9258,0.9254,0.9258,8854.98
coinbase,USDCEUR,1678724400000,2023-03-13 16:20:00,0.9248,0.9257,0.9246,0.9257,41564.65
coinbase,USDCEUR,1678724460000,2023-03-13 16:21:00,0.9248,0.9271,0.9137,0.9258,109172.29
coinbase,USDCEUR,1678724640000,2023-03-13 16:24:00,0.9258,0.9265,0.9258,0.9258,1085.01
coinbase,USDCEUR,1678724880000,2023-03-13 16:28:00,0.9259,0.9259,0.9258,0.9258,597.7
coinbase,USDCEUR,1678724940000,2023-03-13 16:29:00,0.9258,0.9265,0.9258,0.9265,222.05
coinbase,USDCEUR,1678725000000,2023-03-13 16:30:00,0.9263,0.9263,0.9263,0.9263,2697.4
coinbase,USDCEUR,1678725060000,2023-03-13 16:31:00,0.9263,0.9269,0.9263,0.9269,1893.85
coinbase,USDCEUR,1678725240000,2023-03-13 16:34:00,0.9258,0.9264,0.9258,0.926,83.82
coinbase,USDCEUR,1678725360000,2023-03-13 16:36:00,0.9259,0.9265,0.9259,0.9261,8975.05
coinbase,USDCEUR,1678725420000,2023-03-13 16:37:00,0.9261,0.9262,0.9261,0.9262,1619.47
coinbase,USDCEUR,1678725480000,2023-03-13 16:38:00,0.9262,0.9263,0.9262,0.9263,6067.01
coinbase,USDCEUR,1678725600000,2023-03-13 16:40:00,0.9263,0.9263,0.9252,0.9252,45.47
coinbase,USDCEUR,1678725660000,2023-03-13 16:41:00,0.9263,0.9263,0.9259,0.9259,926.56
coinbase,USDCEUR,1678725720000,2023-03-13 16:42:00,0.9252,0.9258,0.9246,0.9258,5063.43
coinbase,USDCEUR,1678725840000,2023-03-13 16:44:00,0.926,0.9261,0.9253,0.9261,778.91
coinbase,USDCEUR,1678725900000,2023-03-13 16:45:00,0.9261,0.9263,0.9258,0.9258,1430.19
coinbase,USDCEUR,1678725960000,2023-03-13 16:46:00,0.9263,0.9269,0.9257,0.9269,4093.47
coinbase,USDCEUR,1678726020000,2023-03-13 16:47:00,0.9269,0.9271,0.9258,0.927,1809.34
coinbase,USDCEUR,1678726080000,2023-03-13 16:48:00,0.927,0.9271,0.9268,0.9268,4006.57
coinbase,USDCEUR,1678726380000,2023-03-13 16:53:00,0.9268,0.9268,0.9268,0.9268,69.09
coinbase,USDCEUR,1678726560000,2023-03-13 16:56:00,0.9268,0.9268,0.9257,0.9268,228.99
coinbase,USDCEUR,1678726740000,2023-03-13 16:59:00,0.9257,0.9268,0.9254,0.9268,30.4
coinbase,USDCEUR,1678726860000,2023-03-13 17:01:00,0.9268,0.9268,0.9268,0.9268,59.67
coinbase,USDCEUR,1678727100000,2023-03-13 17:05:00,0.9268,0.9268,0.9268,0.9268,12.19
coinbase,USDCEUR,1678727280000,2023-03-13 17:08:00,0.9267,0.9267,0.925,0.925,5133.6
coinbase,USDCEUR,1678727520000,2023-03-13 17:12:00,0.925,0.925,0.925,0.925,21
coinbase,USDCEUR,1678727580000,2023-03-13 17:13:00,0.925,0.925,0.9249,0.9249,6194.46
coinbase,USDCEUR,1678727640000,2023-03-13 17:14:00,0.9249,0.9262,0.9249,0.9258,135.38
coinbase,USDCEUR,1678727880000,2023-03-13 17:18:00,0.925,0.925,0.9245,0.9245,93.01
coinbase,USDCEUR,1678728000000,2023-03-13 17:20:00,0.9257,0.9257,0.9257,0.9257,42.83
coinbase,USDCEUR,1678728120000,2023-03-13 17:22:00,0.9254,0.9256,0.9254,0.9256,1321.85
coinbase,USDCEUR,1678728180000,2023-03-13 17:23:00,0.9256,0.9256,0.9256,0.9256,1699.67
coinbase,USDCEUR,1678728360000,2023-03-13 17:26:00,0.9256,0.9256,0.9246,0.925,91.89
coinbase,USDCEUR,1678728960000,2023-03-13 17:36:00,0.9246,0.9246,0.9246,0.9246,6.18
coinbase,USDCEUR,1678729140000,2023-03-13 17:39:00,0.9248,0.9248,0.9247,0.9247,2351.45
coinbase,USDCEUR,1678729260000,2023-03-13 17:41:00,0.9248,0.9248,0.9247,0.9247,4309.08
coinbase,USDCEUR,1678729320000,2023-03-13 17:42:00,0.9247,0.9248,0.9246,0.9246,1878.6
coinbase,USDCEUR,1678729800000,2023-03-13 17:50:00,0.9249,0.9249,0.9249,0.9249,1.54
coinbase,USDCEUR,1678729980000,2023-03-13 17:53:00,0.9249,0.9249,0.9245,0.9245,69.41
coinbase,USDCEUR,1678730100000,2023-03-13 17:55:00,0.9249,0.9249,0.9244,0.9244,13073.98
coinbase,USDCEUR,1678730160000,2023-03-13 17:56:00,0.9245,0.9245,0.9243,0.9243,27418.43
coinbase,USDCEUR,1678730280000,2023-03-13 17:58:00,0.9245,0.9245,0.9245,0.9245,9511.47
coinbase,USDCEUR,1678730340000,2023-03-13 17:59:00,0.9245,0.925,0.9245,0.9249,17708.47
coinbase,USDCEUR,1678730460000,2023-03-13 18:01:00,0.9249,0.925,0.9245,0.9245,2768.44
coinbase,USDCEUR,1678730640000,2023-03-13 18:04:00,0.925,0.925,0.9245,0.9245,3828.61
coinbase,USDCEUR,1678730700000,2023-03-13 18:05:00,0.9245,0.9245,0.9244,0.9244,3079.27
coinbase,USDCEUR,1678730760000,2023-03-13 18:06:00,0.9244,0.9249,0.9244,0.9245,5036.5
coinbase,USDCEUR,1678730820000,2023-03-13 18:07:00,0.9248,0.9248,0.9247,0.9247,570.8
coinbase,USDCEUR,1678730880000,2023-03-13 18:08:00,0.9243,0.9244,0.9243,0.9244,2215.46
coinbase,USDCEUR,1678731000000,2023-03-13 18:10:00,0.9238,0.9238,0.9238,0.9238,489.5
coinbase,USDCEUR,1678731240000,2023-03-13 18:14:00,0.9247,0.9247,0.9247,0.9247,4819.95
coinbase,USDCEUR,1678731420000,2023-03-13 18:17:00,0.9239,0.925,0.9239,0.9249,4639.98
coinbase,USDCEUR,1678731540000,2023-03-13 18:19:00,0.9249,0.925,0.9249,0.925,1438.89
coinbase,USDCEUR,1678731660000,2023-03-13 18:21:00,0.925,0.925,0.9244,0.925,485.55
coinbase,USDCEUR,1678731780000,2023-03-13 18:23:00,0.9249,0.925,0.9249,0.925,4282.42
coinbase,USDCEUR,1678732080000,2023-03-13 18:28:00,0.9247,0.9247,0.9245,0.9245,1534.69
coinbase,USDCEUR,1678732140000,2023-03-13 18:29:00,0.9244,0.9249,0.9244,0.9245,31.56
coinbase,USDCEUR,1678732260000,2023-03-13 18:31:00,0.9244,0.9244,0.9244,0.9244,473.54
coinbase,USDCEUR,1678732320000,2023-03-13 18:32:00,0.9242,0.9244,0.9242,0.9244,5744.27
coinbase,USDCEUR,1678732500000,2023-03-13 18:35:00,0.9247,0.9247,0.9244,0.9244,1884.93
coinbase,USDCEUR,1678732560000,2023-03-13 18:36:00,0.9247,0.9249,0.9245,0.9249,10329.66
coinbase,USDCEUR,1678732680000,2023-03-13 18:38:00,0.9249,0.9249,0.9245,0.9249,1557.09
coinbase,USDCEUR,1678732740000,2023-03-13 18:39:00,0.9249,0.9249,0.9245,0.9245,240.48
coinbase,USDCEUR,1678732920000,2023-03-13 18:42:00,0.9248,0.9248,0.9244,0.9244,210.45
coinbase,USDCEUR,1678733220000,2023-03-13 18:47:00,0.9244,0.9249,0.9244,0.9248,691.82
coinbase,USDCEUR,1678733280000,2023-03-13 18:48:00,0.9248,0.9248,0.9246,0.9246,211.44
coinbase,USDCEUR,1678733400000,2023-03-13 18:50:00,0.9246,0.9249,0.9243,0.9248,260.26
coinbase,USDCEUR,1678733460000,2023-03-13 18:51:00,0.9248,0.9248,0.9248,0.9248,8.07
coinbase,USDCEUR,1678733520000,2023-03-13 18:52:00,0.9244,0.9249,0.9244,0.9249,255.88
coinbase,USDCEUR,1678733580000,2023-03-13 18:53:00,0.9244,0.9244,0.9243,0.9243,429.67
coinbase,USDCEUR,1678733640000,2023-03-13 18:54:00,0.9248,0.9249,0.9248,0.9248,290.7
coinbase,USDCEUR,1678733700000,2023-03-13 18:55:00,0.9248,0.9248,0.9248,0.9248,43.8
coinbase,USDCEUR,1678733820000,2023-03-13 18:57:00,0.9248,0.9248,0.9248,0.9248,1886.7
coinbase,USDCEUR,1678733940000,2023-03-13 18:59:00,0.9248,0.9248,0.9239,0.9246,2610.99
coinbase,USDCEUR,1678734060000,2023-03-13 19:01:00,0.9242,0.9247,0.9242,0.9247,152.63
coinbase,USDCEUR,1678734120000,2023-03-13 19:02:00,0.9246,0.9247,0.9246,0.9247,150.71
coinbase,USDCEUR,1678734180000,2023-03-13 19:03:00,0.9248,0.9249,0.9248,0.9248,1501.08
coinbase,USDCEUR,1678734360000,2023-03-13 19:06:00,0.9248,0.9248,0.9243,0.9247,5190.43
coinbase,USDCEUR,1678734480000,2023-03-13 19:08:00,0.9247,0.9247,0.9247,0.9247,11021.65
coinbase,USDCEUR,1678734540000,2023-03-13 19:09:00,0.9247,0.9247,0.9247,0.9247,13268.83
coinbase,USDCEUR,1678734720000,2023-03-13 19:12:00,0.9247,0.9249,0.9247,0.9247,4550.53
coinbase,USDCEUR,1678734780000,2023-03-13 19:13:00,0.9247,0.9247,0.9247,0.9247,10462.98
coinbase,USDCEUR,1678734840000,2023-03-13 19:14:00,0.9247,0.9247,0.9247,0.9247,3995.08
coinbase,USDCEUR,1678734960000,2023-03-13 19:16:00,0.9247,0.9247,0.9247,0.9247,3872.76
coinbase,USDCEUR,1678735020000,2023-03-13 19:17:00,0.9247,0.9247,0.9247,0.9247,2324.94
coinbase,USDCEUR,1678735080000,2023-03-13 19:18:00,0.9247,0.9247,0.9247,0.9247,574.33
coinbase,USDCEUR,1678735140000,2023-03-13 19:19:00,0.9247,0.9247,0.924,0.924,53080.82
coinbase,USDCEUR,1678735200000,2023-03-13 19:20:00,0.924,0.924,0.9201,0.9201,1663
coinbase,USDCEUR,1678735500000,2023-03-13 19:25:00,0.9209,0.9209,0.9209,0.9209,1.07
coinbase,USDCEUR,1678735560000,2023-03-13 19:26:00,0.9209,0.9209,0.9201,0.9201,4.49
coinbase,USDCEUR,1678735860000,2023-03-13 19:31:00,0.9191,0.9191,0.9191,0.9191,24.36
coinbase,USDCEUR,1678736220000,2023-03-13 19:37:00,0.9166,0.9182,0.9164,0.9168,7645.13
coinbase,USDCEUR,1678736340000,2023-03-13 19:39:00,0.9171,0.9171,0.9167,0.9167,166.5
coinbase,USDCEUR,1678736520000,2023-03-13 19:42:00,0.9159,0.9166,0.9158,0.9161,171.06
coinbase,USDCEUR,1678736640000,2023-03-13 19:44:00,0.9162,0.9163,0.9156,0.9163,1718.47
coinbase,USDCEUR,1678736760000,2023-03-13 19:46:00,0.9164,0.9164,0.9164,0.9164,9.99
coinbase,USDCEUR,1678736820000,2023-03-13 19:47:00,0.9163,0.9164,0.9163,0.9164,3828.88
coinbase,USDCEUR,1678737000000,2023-03-13 19:50:00,0.9176,0.9197,0.9176,0.9197,879.36
coinbase,USDCEUR,1678737060000,2023-03-13 19:51:00,0.9176,0.9176,0.9175,0.9176,415.59
coinbase,USDCEUR,1678737180000,2023-03-13 19:53:00,0.9185,0.9185,0.9185,0.9185,48.18
coinbase,USDCEUR,1678737240000,2023-03-13 19:54:00,0.9185,0.9195,0.9185,0.9195,192.81
coinbase,USDCEUR,1678737360000,2023-03-13 19:56:00,0.9196,0.9198,0.9196,0.9198,135.71
coinbase,USDCEUR,1678737420000,2023-03-13 19:57:00,0.9198,0.9198,0.9197,0.9197,133.02
coinbase,USDCEUR,1678737480000,2023-03-13 19:58:00,0.9197,0.92,0.9197,0.92,121.51
coinbase,USDCEUR,1678737600000,2023-03-13 20:00:00,0.92,0.9209,0.92,0.9209,116.3
coinbase,USDCEUR,1678737660000,2023-03-13 20:01:00,0.9197,0.9211,0.9196,0.9207,476.05
coinbase,USDCEUR,1678737720000,2023-03-13 20:02:00,0.9195,0.9195,0.9195,0.9195,11.62
coinbase,USDCEUR,1678737780000,2023-03-13 20:03:00,0.921,0.9211,0.9198,0.9211,416.12
coinbase,USDCEUR,1678737840000,2023-03-13 20:04:00,0.9198,0.9199,0.9198,0.9199,668.76
coinbase,USDCEUR,1678737900000,2023-03-13 20:05:00,0.921,0.921,0.9199,0.9199,208.76
coinbase,USDCEUR,1678737960000,2023-03-13 20:06:00,0.9199,0.9199,0.9199,0.9199,324.59
coinbase,USDCEUR,1678738080000,2023-03-13 20:08:00,0.9198,0.921,0.9198,0.9202,447.96
coinbase,USDCEUR,1678738200000,2023-03-13 20:10:00,0.9202,0.9203,0.9202,0.9203,252.28
coinbase,USDCEUR,1678738260000,2023-03-13 20:11:00,0.9211,0.9211,0.9211,0.9211,125.3
coinbase,USDCEUR,1678738320000,2023-03-13 20:12:00,0.9211,0.9211,0.921,0.9211,7177.89
coinbase,USDCEUR,1678738380000,2023-03-13 20:13:00,0.921,0.9211,0.921,0.9211,352.47
coinbase,USDCEUR,1678738440000,2023-03-13 20:14:00,0.9211,0.9222,0.9211,0.9212,5390.55
coinbase,USDCEUR,1678738620000,2023-03-13 20:17:00,0.9222,0.9222,0.9222,0.9222,8.5
coinbase,USDCEUR,1678738680000,2023-03-13 20:18:00,0.9222,0.9231,0.9213,0.9225,1797.6
coinbase,USDCEUR,1678738800000,2023-03-13 20:20:00,0.9215,0.9231,0.9215,0.9231,5336.85
coinbase,USDCEUR,1678739100000,2023-03-13 20:25:00,0.9227,0.9232,0.9227,0.9232,403.39
coinbase,USDCEUR,1678739160000,2023-03-13 20:26:00,0.9236,0.9236,0.9236,0.9236,57.1
coinbase,USDCEUR,1678739220000,2023-03-13 20:27:00,0.923,0.9231,0.9229,0.923,619.32
coinbase,USDCEUR,1678739340000,2023-03-13 20:29:00,0.923,0.9237,0.9229,0.9237,347.79
coinbase,USDCEUR,1678739400000,2023-03-13 20:30:00,0.9237,0.9237,0.9235,0.9235,113.88
coinbase,USDCEUR,1678739460000,2023-03-13 20:31:00,0.9227,0.9227,0.9226,0.9226,206.36
coinbase,USDCEUR,1678739520000,2023-03-13 20:32:00,0.9226,0.9233,0.9226,0.9233,470.55
coinbase,USDCEUR,1678739580000,2023-03-13 20:33:00,0.9232,0.9233,0.9225,0.9225,736.19
coinbase,USDCEUR,1678739640000,2023-03-13 20:34:00,0.9225,0.9228,0.9225,0.9228,414.57
coinbase,USDCEUR,1678739760000,2023-03-13 20:36:00,0.9228,0.9228,0.9228,0.9228,216.2
coinbase,USDCEUR,1678739940000,2023-03-13 20:39:00,0.9225,0.923,0.9223,0.923,1087.06
coinbase,USDCEUR,1678740060000,2023-03-13 20:41:00,0.9228,0.9228,0.9228,0.9228,337.3
coinbase,USDCEUR,1678740120000,2023-03-13 20:42:00,0.923,0.923,0.923,0.923,57.26
coinbase,USDCEUR,1678740180000,2023-03-13 20:43:00,0.923,0.923,0.923,0.923,212.92
coinbase,USDCEUR,1678740240000,2023-03-13 20:44:00,0.923,0.923,0.9224,0.923,744.43
coinbase,USDCEUR,1678740300000,2023-03-13 20:45:00,0.923,0.923,0.923,0.923,171.3
coinbase,USDCEUR,1678740360000,2023-03-13 20:46:00,0.923,0.923,0.923,0.923,342.92
coinbase,USDCEUR,1678740420000,2023-03-13 20:47:00,0.923,0.923,0.9221,0.9227,472.66
coinbase,USDCEUR,1678740480000,2023-03-13 20:48:00,0.9227,0.9229,0.9227,0.9229,314.21
coinbase,USDCEUR,1678740540000,2023-03-13 20:49:00,0.9229,0.923,0.922,0.9229,442.64
coinbase,USDCEUR,1678740600000,2023-03-13 20:50:00,0.9229,0.9229,0.9222,0.9222,263.43
coinbase,USDCEUR,1678740660000,2023-03-13 20:51:00,0.9229,0.9229,0.9229,0.9229,57.1
coinbase,USDCEUR,1678740720000,2023-03-13 20:52:00,0.9229,0.923,0.9215,0.922,749.43
coinbase,USDCEUR,1678740840000,2023-03-13 20:54:00,0.9229,0.9229,0.9229,0.9229,136.07
coinbase,USDCEUR,1678740900000,2023-03-13 20:55:00,0.9227,0.9227,0.9227,0.9227,228.4
coinbase,USDCEUR,1678741020000,2023-03-13 20:57:00,0.9217,0.9226,0.9217,0.9226,1058.85
coinbase,USDCEUR,1678741200000,2023-03-13 21:00:00,0.9215,0.9222,0.9212,0.9213,1082.23
coinbase,USDCEUR,1678705260000,2023-03-13 11:01:00,0.9113,0.9113,0.9113,0.9113,5.22
coinbase,USDCEUR,1678705320000,2023-03-13 11:02:00,0.9113,0.9113,0.9107,0.9108,6834.68
coinbase,USDCEUR,1678705500000,2023-03-13 11:05:00,0.9108,0.9108,0.9108,0.9108,6163.66
coinbase,USDCEUR,1678705560000,2023-03-13 11:06:00,0.9108,0.9108,0.9108,0.9108,7139.31
coinbase,USDCEUR,1678705680000,2023-03-13 11:08:00,0.9108,0.9113,0.9108,0.9113,363.93
coinbase,USDCEUR,1678705800000,2023-03-13 11:10:00,0.9112,0.9132,0.9106,0.911,15248.52
coinbase,USDCEUR,1678705860000,2023-03-13 11:11:00,0.9132,0.9138,0.9132,0.9138,12993.43
coinbase,USDCEUR,1678705920000,2023-03-13 11:12:00,0.9138,0.9142,0.9138,0.9139,5973.83
coinbase,USDCEUR,1678705980000,2023-03-13 11:13:00,0.9143,0.9143,0.9143,0.9143,65.5
coinbase,USDCEUR,1678706100000,2023-03-13 11:15:00,0.9143,0.915,0.9143,0.915,2499.07
coinbase,USDCEUR,1678706220000,2023-03-13 11:17:00,0.915,0.915,0.915,0.915,16810.71
coinbase,USDCEUR,1678706280000,2023-03-13 11:18:00,0.9149,0.9157,0.9149,0.9157,5059.46
coinbase,USDCEUR,1678706520000,2023-03-13 11:22:00,0.9157,0.9174,0.9157,0.9174,396.72
coinbase,USDCEUR,1678706640000,2023-03-13 11:24:00,0.9174,0.9174,0.9174,0.9174,606.12
coinbase,USDCEUR,1678706760000,2023-03-13 11:26:00,0.9173,0.9173,0.9173,0.9173,9937.99
coinbase,USDCEUR,1678706820000,2023-03-13 11:27:00,0.9173,0.9174,0.9173,0.9174,12310.8
coinbase,USDCEUR,1678706880000,2023-03-13 11:28:00,0.9174,0.9174,0.9174,0.9174,15473.9
coinbase,USDCEUR,1678706940000,2023-03-13 11:29:00,0.9174,0.9174,0.9174,0.9174,24241.7
coinbase,USDCEUR,1678707000000,2023-03-13 11:30:00,0.9174,0.9174,0.9174,0.9174,32157.21
coinbase,USDCEUR,1678707060000,2023-03-13 11:31:00,0.9174,0.9174,0.9174,0.9174,8522.16
coinbase,USDCEUR,1678707180000,2023-03-13 11:33:00,0.9174,0.9174,0.9174,0.9174,4678.34
coinbase,USDCEUR,1678707420000,2023-03-13 11:37:00,0.9174,0.9174,0.9174,0.9174,2604.63
coinbase,USDCEUR,1678707480000,2023-03-13 11:38:00,0.9173,0.9173,0.9173,0.9173,1375.14
coinbase,USDCEUR,1678707660000,2023-03-13 11:41:00,0.9173,0.9173,0.9173,0.9173,4773.33
coinbase,USDCEUR,1678707780000,2023-03-13 11:43:00,0.9173,0.9173,0.9173,0.9173,5229.85
coinbase,USDCEUR,1678707840000,2023-03-13 11:44:00,0.9173,0.9173,0.9173,0.9173,4230.42
coinbase,USDCEUR,1678707960000,2023-03-13 11:46:00,0.9173,0.9174,0.9173,0.9174,2971.56
coinbase,USDCEUR,1678708020000,2023-03-13 11:47:00,0.9174,0.9174,0.9174,0.9174,963.78
coinbase,USDCEUR,1678708260000,2023-03-13 11:51:00,0.9173,0.9174,0.9173,0.9174,257.11
coinbase,USDCEUR,1678708320000,2023-03-13 11:52:00,0.9173,0.9174,0.9172,0.9174,3146.87
coinbase,USDCEUR,1678708680000,2023-03-13 11:58:00,0.9174,0.9174,0.9174,0.9174,2006.92
coinbase,USDCEUR,1678708740000,2023-03-13 11:59:00,0.9173,0.9174,0.9173,0.9174,4176
coinbase,USDCEUR,1678708800000,2023-03-13 12:00:00,0.9174,0.9174,0.9174,0.9174,2088
coinbase,USDCEUR,1678708860000,2023-03-13 12:01:00,0.9174,0.9174,0.9174,0.9174,10358.45
coinbase,USDCEUR,1678708920000,2023-03-13 12:02:00,0.9174,0.9174,0.9174,0.9174,11572.01
coinbase,USDCEUR,1678708980000,2023-03-13 12:03:00,0.9174,0.9174,0.9174,0.9174,21093.63
coinbase,USDCEUR,1678709040000,2023-03-13 12:04:00,0.9174,0.9174,0.9174,0.9174,3132
coinbase,USDCEUR,1678709100000,2023-03-13 12:05:00,0.9174,0.9174,0.9174,0.9174,33025.15
coinbase,USDCEUR,1678709160000,2023-03-13 12:06:00,0.9174,0.9174,0.9174,0.9174,5030.39
coinbase,USDCEUR,1678709220000,2023-03-13 12:07:00,0.9174,0.9174,0.9174,0.9174,4522.3
coinbase,USDCEUR,1678709400000,2023-03-13 12:10:00,0.9174,0.9174,0.9174,0.9174,5138.43
coinbase,USDCEUR,1678709460000,2023-03-13 12:11:00,0.9174,0.9174,0.9174,0.9174,6457.73
coinbase,USDCEUR,1678709520000,2023-03-13 12:12:00,0.9174,0.9174,0.9174,0.9174,3239.22
coinbase,USDCEUR,1678709580000,2023-03-13 12:13:00,0.9174,0.9174,0.9174,0.9174,4177.09
coinbase,USDCEUR,1678709640000,2023-03-13 12:14:00,0.9174,0.9174,0.9174,0.9174,3133.08
coinbase,USDCEUR,1678709760000,2023-03-13 12:16:00,0.9174,0.9174,0.9174,0.9174,77387.07
coinbase,USDCEUR,1678709820000,2023-03-13 12:17:00,0.9174,0.9174,0.9174,0.9174,42511.5
coinbase,USDCEUR,1678709880000,2023-03-13 12:18:00,0.9174,0.9176,0.9174,0.9176,10610.31
coinbase,USDCEUR,1678709940000,2023-03-13 12:19:00,0.9176,0.9181,0.9176,0.9181,1458.17
coinbase,USDCEUR,1678710000000,2023-03-13 12:20:00,0.9181,0.9193,0.9181,0.9193,12938.49
coinbase,USDCEUR,1678710120000,2023-03-13 12:22:00,0.9193,0.92,0.9193,0.92,1618.37
coinbase,USDCEUR,1678710480000,2023-03-13 12:28:00,0.92,0.9215,0.92,0.9214,9947.66
coinbase,USDCEUR,1678710540000,2023-03-13 12:29:00,0.9213,0.9215,0.9201,0.9201,8166.47
coinbase,USDCEUR,1678711860000,2023-03-13 12:51:00,0.92,0.92,0.9199,0.9199,2242.35
coinbase,USDCEUR,1678712040000,2023-03-13 12:54:00,0.9202,0.9205,0.9202,0.9205,2534.91
coinbase,USDCEUR,1678712160000,2023-03-13 12:56:00,0.9205,0.9205,0.9205,0.9205,8303.26
coinbase,USDCEUR,1678712220000,2023-03-13 12:57:00,0.9205,0.9205,0.9203,0.9203,3006.1
coinbase,USDCEUR,1678712340000,2023-03-13 12:59:00,0.9203,0.9203,0.9203,0.9203,3128.46
coinbase,USDCEUR,1678712400000,2023-03-13 13:00:00,0.9203,0.9203,0.9202,0.9203,8346.07
coinbase,USDCEUR,1678712460000,2023-03-13 13:01:00,0.9203,0.9205,0.9203,0.9205,9785.9
coinbase,USDCEUR,1678712520000,2023-03-13 13:02:00,0.9204,0.9205,0.9203,0.9205,7299.74
coinbase,USDCEUR,1678712580000,2023-03-13 13:03:00,0.9205,0.9213,0.9204,0.9212,6844.63
coinbase,USDCEUR,1678712820000,2023-03-13 13:07:00,0.9205,0.9224,0.9205,0.9224,1640.44
coinbase,USDCEUR,1678712880000,2023-03-13 13:08:00,0.9214,0.9223,0.9214,0.9223,1042.36
coinbase,USDCEUR,1678713000000,2023-03-13 13:10:00,0.9212,0.9212,0.9211,0.9212,4290.88
coinbase,USDCEUR,1678713060000,2023-03-13 13:11:00,0.9224,0.9233,0.9224,0.9229,1831.79
coinbase,USDCEUR,1678713180000,2023-03-13 13:13:00,0.9226,0.9226,0.9216,0.9216,1166.78
coinbase,USDCEUR,1678713300000,2023-03-13 13:15:00,0.9232,0.9236,0.9232,0.9236,2057.62
coinbase,USDCEUR,1678713420000,2023-03-13 13:17:00,0.9231,0.9231,0.9231,0.9231,6022.93
coinbase,USDCEUR,1678713480000,2023-03-13 13:18:00,0.9231,0.9232,0.923,0.9232,4205.68
coinbase,USDCEUR,1678713960000,2023-03-13 13:26:00,0.9236,0.9236,0.9234,0.9234,1370.83
coinbase,USDCEUR,1678714140000,2023-03-13 13:29:00,0.9234,0.924,0.9234,0.924,5529.68
coinbase,USDCEUR,1678714320000,2023-03-13 13:32:00,0.9237,0.9237,0.9237,0.9237,12.93
coinbase,USDCEUR,1678714380000,2023-03-13 13:33:00,0.9237,0.9254,0.9237,0.9254,14539.37
coinbase,USDCEUR,1678714440000,2023-03-13 13:34:00,0.9243,0.925,0.9237,0.925,4145.78
coinbase,USDCEUR,1678714500000,2023-03-13 13:35:00,0.925,0.9254,0.925,0.9254,16273.7
coinbase,USDCEUR,1678714680000,2023-03-13 13:38:00,0.925,0.925,0.9244,0.9244,2400.4
coinbase,USDCEUR,1678714860000,2023-03-13 13:41:00,0.9248,0.9252,0.9248,0.9252,21.12
coinbase,USDCEUR,1678714920000,2023-03-13 13:42:00,0.9248,0.9248,0.9248,0.9248,869.37
coinbase,USDCEUR,1678714980000,2023-03-13 13:43:00,0.9248,0.9248,0.9244,0.9244,76.84
coinbase,USDCEUR,1678715040000,2023-03-13 13:44:00,0.9244,0.9244,0.9244,0.9244,41.69
coinbase,USDCEUR,1678715220000,2023-03-13 13:47:00,0.9248,0.9249,0.9247,0.9247,14730.57
coinbase,USDCEUR,1678715340000,2023-03-13 13:49:00,0.9247,0.9267,0.9247,0.9267,1405.56
coinbase,USDCEUR,1678715400000,2023-03-13 13:50:00,0.9269,0.9269,0.9255,0.9255,10379.95
coinbase,USDCEUR,1678715580000,2023-03-13 13:53:00,0.9266,0.927,0.9266,0.927,1859.13
coinbase,USDCEUR,1678715640000,2023-03-13 13:54:00,0.927,0.927,0.927,0.927,67049.89
coinbase,USDCEUR,1678715760000,2023-03-13 13:56:00,0.927,0.927,0.927,0.927,12640.85
coinbase,USDCEUR,1678715820000,2023-03-13 13:57:00,0.927,0.927,0.927,0.927,9070.47
coinbase,USDCEUR,1678715880000,2023-03-13 13:58:00,0.927,0.9286,0.927,0.9286,15850.38
coinbase,USDCEUR,1678715940000,2023-03-13 13:59:00,0.9274,0.9296,0.9274,0.9296,7163.6
coinbase,USDCEUR,1678716120000,2023-03-13 14:02:00,0.9299,0.9299,0.9299,0.9299,107.54
coinbase,USDCEUR,1678716180000,2023-03-13 14:03:00,0.9299,0.9299,0.9295,0.9295,1692.2
coinbase,USDCEUR,1678716240000,2023-03-13 14:04:00,0.928,0.928,0.9275,0.928,203.17
coinbase,USDCEUR,1678716300000,2023-03-13 14:05:00,0.928,0.928,0.928,0.928,67.32
coinbase,USDCEUR,1678716360000,2023-03-13 14:06:00,0.9283,0.9283,0.9283,0.9283,57.46
coinbase,USDCEUR,1678716480000,2023-03-13 14:08:00,0.928,0.928,0.9271,0.9272,235.12
coinbase,USDCEUR,1678716660000,2023-03-13 14:11:00,0.9272,0.9276,0.9272,0.9276,298
coinbase,USDCEUR,1678716840000,2023-03-13 14:14:00,0.9272,0.9272,0.9265,0.9265,86.72
coinbase,USDCEUR,1678716900000,2023-03-13 14:15:00,0.927,0.927,0.926,0.926,8732.47
coinbase,USDCEUR,1678716960000,2023-03-13 14:16:00,0.926,0.9267,0.9238,0.9267,3368.69
coinbase,USDCEUR,1678717320000,2023-03-13 14:22:00,0.9263,0.9266,0.9263,0.9265,1263.89
coinbase,USDCEUR,1678717380000,2023-03-13 14:23:00,0.9251,0.9251,0.9251,0.9251,10.99
coinbase,USDCEUR,1678717440000,2023-03-13 14:24:00,0.9251,0.9252,0.9243,0.9243,1362.91
coinbase,USDCEUR,1678717500000,2023-03-13 14:25:00,0.9252,0.9253,0.9252,0.9253,5492.65
coinbase,USDCEUR,1678717560000,2023-03-13 14:26:00,0.9253,0.9268,0.9248,0.9266,10936.84
coinbase,USDCEUR,1678717740000,2023-03-13 14:29:00,0.9262,0.9269,0.9262,0.9269,8813.87
coinbase,USDCEUR,1678717860000,2023-03-13 14:31:00,0.9249,0.9259,0.9249,0.9259,14089.6
coinbase,USDCEUR,1678718280000,2023-03-13 14:38:00,0.9256,0.927,0.9256,0.9268,10229.68
coinbase,USDCEUR,1678718400000,2023-03-13 14:40:00,0.9263,0.9263,0.9263,0.9263,68.78
coinbase,USDCEUR,1678718460000,2023-03-13 14:41:00,0.9259,0.927,0.9259,0.927,5400.09
coinbase,USDCEUR,1678718580000,2023-03-13 14:43:00,0.927,0.927,0.9265,0.9265,4871.79
coinbase,USDCEUR,1678718640000,2023-03-13 14:44:00,0.927,0.927,0.9265,0.927,11400.36
coinbase,USDCEUR,1678718700000,2023-03-13 14:45:00,0.9265,0.927,0.9258,0.9261,10026.76
coinbase,USDCEUR,1678718820000,2023-03-13 14:47:00,0.9259,0.9266,0.9259,0.9266,4947.49
coinbase,USDCEUR,1678718880000,2023-03-13 14:48:00,0.9266,0.927,0.9258,0.9263,5192
coinbase,USDCEUR,1678718940000,2023-03-13 14:49:00,0.9264,0.9264,0.9264,0.9264,2804.14
coinbase,USDCEUR,1678719000000,2023-03-13 14:50:00,0.9269,0.9271,0.9256,0.9271,8155.58
coinbase,USDCEUR,1678719120000,2023-03-13 14:52:00,0.9267,0.9271,0.9256,0.9256,5035.33
coinbase,USDCEUR,1678719240000,2023-03-13 14:54:00,0.927,0.927,0.927,0.927,4938.44
coinbase,USDCEUR,1678719360000,2023-03-13 14:56:00,0.9264,0.9269,0.9256,0.9256,5286.27
coinbase,USDCEUR,1678719420000,2023-03-13 14:57:00,0.9256,0.9256,0.9253,0.9253,65.88
coinbase,USDCEUR,1678719480000,2023-03-13 14:58:00,0.9256,0.927,0.925,0.9251,17216.23
coinbase,USDCEUR,1678719540000,2023-03-13 14:59:00,0.9261,0.9265,0.9251,0.9251,9998.45
coinbase,USDCEUR,1678719600000,2023-03-13 15:00:00,0.9251,0.9269,0.9245,0.9269,5126.83
coinbase,USDCEUR,1678719660000,2023-03-13 15:01:00,0.9252,0.9266,0.9245,0.9266,14144.4
coinbase,USDCEUR,1678719720000,2023-03-13 15:02:00,0.9244,0.925,0.9242,0.925,1603.28
coinbase,USDCEUR,1678719780000,2023-03-13 15:03:00,0.9251,0.9263,0.9245,0.9245,8920.06
coinbase,USDCEUR,1678719840000,2023-03-13 15:04:00,0.9254,0.9269,0.9241,0.9244,13660.02
coinbase,USDCEUR,1678719900000,2023-03-13 15:05:00,0.9238,0.927,0.9238,0.9266,6100.15
coinbase,USDCEUR,1678719960000,2023-03-13 15:06:00,0.9248,0.9265,0.9244,0.925,8872.03
coinbase,USDCEUR,1678720020000,2023-03-13 15:07:00,0.9255,0.927,0.9218,0.9218,13167.29
coinbase,USDCEUR,1678720080000,2023-03-13 15:08:00,0.9239,0.9239,0.9176,0.9203,6836.85
coinbase,USDCEUR,1678720140000,2023-03-13 15:09:00,0.923,0.9242,0.918,0.9218,22396.17
coinbase,USDCEUR,1678720200000,2023-03-13 15:10:00,0.9217,0.9221,0.9186,0.9186,5242.75
coinbase,USDCEUR,1678720260000,2023-03-13 15:11:00,0.92,0.921,0.9177,0.9177,1492.96
coinbase,USDCEUR,1678720320000,2023-03-13 15:12:00,0.9178,0.9194,0.9174,0.9194,19591.66
coinbase,USDCEUR,1678720380000,2023-03-13 15:13:00,0.9189,0.9201,0.9189,0.9201,10440.13
coinbase,USDCEUR,1678720440000,2023-03-13 15:14:00,0.922,0.922,0.9185,0.9186,6237.69
coinbase,USDCEUR,1678720500000,2023-03-13 15:15:00,0.9201,0.921,0.9186,0.921,5539.58
coinbase,USDCEUR,1678720560000,2023-03-13 15:16:00,0.9221,0.9221,0.9185,0.9203,7541.53
coinbase,USDCEUR,1678720620000,2023-03-13 15:17:00,0.9196,0.9225,0.9195,0.9206,10013.32
coinbase,USDCEUR,1678720680000,2023-03-13 15:18:00,0.9207,0.9235,0.9201,0.9219,7215.77
coinbase,USDCEUR,1678720740000,2023-03-13 15:19:00,0.9208,0.9236,0.9208,0.922,10140.76
coinbase,USDCEUR,1678720800000,2023-03-13 15:20:00,0.922,0.9249,0.9217,0.924,6491.05
coinbase,USDCEUR,1678720860000,2023-03-13 15:21:00,0.9227,0.9249,0.9222,0.9249,11068.17
coinbase,USDCEUR,1678720920000,2023-03-13 15:22:00,0.9248,0.9249,0.9232,0.9232,5507.47
coinbase,USDCEUR,1678720980000,2023-03-13 15:23:00,0.9239,0.9249,0.9235,0.9249,11560.05
coinbase,USDCEUR,1678721040000,2023-03-13 15:24:00,0.924,0.924,0.924,0.924,1594.8
coinbase,USDCEUR,1678721100000,2023-03-13 15:25:00,0.9249,0.9249,0.9235,0.9249,16764.57
coinbase,USDCEUR,1678721160000,2023-03-13 15:26:00,0.9234,0.9249,0.9234,0.9249,5645.57
coinbase,USDCEUR,1678721220000,2023-03-13 15:27:00,0.9236,0.9249,0.9236,0.9249,5733.88
coinbase,USDCEUR,1678721280000,2023-03-13 15:28:00,0.9234,0.9249,0.9233,0.9233,6183.68
coinbase,USDCEUR,1678721340000,2023-03-13 15:29:00,0.9246,0.925,0.9246,0.925,11377.83
coinbase,USDCEUR,1678721400000,2023-03-13 15:30:00,0.9249,0.925,0.9211,0.925,11916.85
coinbase,USDCEUR,1678721460000,2023-03-13 15:31:00,0.9223,0.925,0.9223,0.925,6771.06
coinbase,USDCEUR,1678721520000,2023-03-13 15:32:00,0.9213,0.9213,0.9213,0.9213,6950.68
coinbase,USDCEUR,1678721580000,2023-03-13 15:33:00,0.9213,0.925,0.9213,0.925,5745.61
coinbase,USDCEUR,1678721700000,2023-03-13 15:35:00,0.9249,0.925,0.9249,0.925,9290.86
coinbase,USDCEUR,1678721820000,2023-03-13 15:37:00,0.923,0.925,0.923,0.925,100.39
coinbase,USDCEUR,1678721880000,2023-03-13 15:38:00,0.925,0.9268,0.925,0.9268,5783.5
coinbase,USDCEUR,1678721940000,2023-03-13 15:39:00,0.9263,0.9268,0.9263,0.9266,6003.88
coinbase,USDCEUR,1678722000000,2023-03-13 15:40:00,0.9266,0.9266,0.9201,0.9253,496.1
coinbase,USDCEUR,1678722060000,2023-03-13 15:41:00,0.9245,0.9268,0.9213,0.9213,5903.65
coinbase,USDCEUR,1678722120000,2023-03-13 15:42:00,0.9244,0.9268,0.9244,0.9268,5822.49
coinbase,USDCEUR,1678722180000,2023-03-13 15:43:00,0.9239,0.9268,0.9239,0.9268,5845.47
coinbase,USDCEUR,1678722300000,2023-03-13 15:45:00,0.9239,0.9268,0.9239,0.9268,5900.7
coinbase,USDCEUR,1678722360000,2023-03-13 15:46:00,0.9265,0.9268,0.924,0.924,6441.5
coinbase,USDCEUR,1678722420000,2023-03-13 15:47:00,0.9266,0.9268,0.9246,0.9246,11940.59
coinbase,USDCEUR,1678722480000,2023-03-13 15:48:00,0.9246,0.9268,0.9239,0.9242,11924.41
coinbase,USDCEUR,1678722540000,2023-03-13 15:49:00,0.9267,0.927,0.9242,0.9242,6160.29
coinbase,USDCEUR,1678722600000,2023-03-13 15:50:00,0.9258,0.927,0.9258,0.927,17816.65
coinbase,USDCEUR,1678722660000,2023-03-13 15:51:00,0.9269,0.927,0.9269,0.927,5957.56
coinbase,USDCEUR,1678722720000,2023-03-13 15:52:00,0.9269,0.927,0.9244,0.927,13054.14
coinbase,USDCEUR,1678722840000,2023-03-13 15:54:00,0.9259,0.927,0.9258,0.927,6524.98
coinbase,USDCEUR,1678722900000,2023-03-13 15:55:00,0.926,0.927,0.9254,0.9254,7033
coinbase,USDCEUR,1678722960000,2023-03-13 15:56:00,0.9264,0.927,0.9264,0.927,9327.83
coinbase,USDCEUR,1678723020000,2023-03-13 15:57:00,0.927,0.927,0.927,0.927,1159.14
coinbase,USDCEUR,1678723200000,2023-03-13 16:00:00,0.927,0.9279,0.927,0.9278,6035.68
coinbase,USDCEUR,1678687680000,2023-03-13 06:08:00,0.9184,0.9184,0.9171,0.9171,342.98
coinbase,USDCEUR,1678688520000,2023-03-13 06:22:00,0.9171,0.9174,0.917,0.9174,169.38
coinbase,USDCEUR,1678688820000,2023-03-13 06:27:00,0.9174,0.9175,0.9174,0.9175,106.01
coinbase,USDCEUR,1678688880000,2023-03-13 06:28:00,0.9175,0.9175,0.9175,0.9175,188.11
coinbase,USDCEUR,1678688940000,2023-03-13 06:29:00,0.9175,0.9175,0.9175,0.9175,58.55
coinbase,USDCEUR,1678689000000,2023-03-13 06:30:00,0.9175,0.9175,0.9175,0.9175,12.15
coinbase,USDCEUR,1678689060000,2023-03-13 06:31:00,0.9175,0.9175,0.9175,0.9175,21.56
coinbase,USDCEUR,1678689120000,2023-03-13 06:32:00,0.9175,0.9175,0.9175,0.9175,14.62
coinbase,USDCEUR,1678689180000,2023-03-13 06:33:00,0.9175,0.9175,0.9175,0.9175,13.34
coinbase,USDCEUR,1678689240000,2023-03-13 06:34:00,0.9175,0.9175,0.9174,0.9174,10.2
coinbase,USDCEUR,1678689660000,2023-03-13 06:41:00,0.917,0.917,0.9157,0.9157,2069.68
coinbase,USDCEUR,1678689840000,2023-03-13 06:44:00,0.9154,0.9154,0.9152,0.9152,392.56
coinbase,USDCEUR,1678690080000,2023-03-13 06:48:00,0.9152,0.9152,0.9147,0.915,21678.3
coinbase,USDCEUR,1678690500000,2023-03-13 06:55:00,0.915,0.915,0.915,0.915,1388.35
coinbase,USDCEUR,1678690560000,2023-03-13 06:56:00,0.915,0.915,0.915,0.915,4608.29
coinbase,USDCEUR,1678691040000,2023-03-13 07:04:00,0.915,0.915,0.9138,0.9138,4469.43
coinbase,USDCEUR,1678691220000,2023-03-13 07:07:00,0.9138,0.9144,0.9138,0.9144,194.61
coinbase,USDCEUR,1678691580000,2023-03-13 07:13:00,0.9129,0.913,0.9116,0.9116,11113.56
coinbase,USDCEUR,1678692360000,2023-03-13 07:26:00,0.9113,0.9113,0.9106,0.9106,568.13
coinbase,USDCEUR,1678692540000,2023-03-13 07:29:00,0.9101,0.9101,0.9094,0.9094,4376.1
coinbase,USDCEUR,1678692660000,2023-03-13 07:31:00,0.9099,0.9099,0.9099,0.9099,2088
coinbase,USDCEUR,1678693140000,2023-03-13 07:39:00,0.9087,0.9087,0.9074,0.9074,315.15
coinbase,USDCEUR,1678693800000,2023-03-13 07:50:00,0.9066,0.9066,0.9066,0.9066,66.41
coinbase,USDCEUR,1678693860000,2023-03-13 07:51:00,0.9074,0.9074,0.905,0.905,3484.89
coinbase,USDCEUR,1678694220000,2023-03-13 07:57:00,0.905,0.905,0.905,0.905,9593.5
coinbase,USDCEUR,1678694280000,2023-03-13 07:58:00,0.9046,0.9046,0.9046,0.9046,2.92
coinbase,USDCEUR,1678694520000,2023-03-13 08:02:00,0.905,0.9066,0.905,0.9066,140.78
coinbase,USDCEUR,1678694760000,2023-03-13 08:06:00,0.9065,0.9065,0.9065,0.9065,861.97
coinbase,USDCEUR,1678695060000,2023-03-13 08:11:00,0.9064,0.9068,0.9064,0.9068,1143.57
coinbase,USDCEUR,1678695240000,2023-03-13 08:14:00,0.9068,0.9073,0.9063,0.9063,13876.25
coinbase,USDCEUR,1678695420000,2023-03-13 08:17:00,0.9063,0.9063,0.9063,0.9063,16764.08
coinbase,USDCEUR,1678695600000,2023-03-13 08:20:00,0.9063,0.9063,0.9063,0.9063,22150.94
coinbase,USDCEUR,1678695660000,2023-03-13 08:21:00,0.9063,0.9063,0.9061,0.9061,20038.88
coinbase,USDCEUR,1678695720000,2023-03-13 08:22:00,0.9061,0.9063,0.9061,0.9063,15953.32
coinbase,USDCEUR,1678696020000,2023-03-13 08:27:00,0.9072,0.9112,0.9069,0.9069,21104.75
coinbase,USDCEUR,1678696080000,2023-03-13 08:28:00,0.9118,0.9118,0.9046,0.9075,5135.26
coinbase,USDCEUR,1678696260000,2023-03-13 08:31:00,0.9087,0.9098,0.9087,0.9098,239.22
coinbase,USDCEUR,1678697040000,2023-03-13 08:44:00,0.91,0.9106,0.91,0.9106,1511.77
coinbase,USDCEUR,1678697160000,2023-03-13 08:46:00,0.9106,0.9106,0.9101,0.9101,10038.75
coinbase,USDCEUR,1678697640000,2023-03-13 08:54:00,0.9105,0.9105,0.9105,0.9105,56.47
coinbase,USDCEUR,1678697820000,2023-03-13 08:57:00,0.9101,0.9101,0.9101,0.9101,870.1
coinbase,USDCEUR,1678697880000,2023-03-13 08:58:00,0.9101,0.9101,0.9101,0.9101,757.2
coinbase,USDCEUR,1678697940000,2023-03-13 08:59:00,0.9101,0.9105,0.9101,0.9105,135
coinbase,USDCEUR,1678698420000,2023-03-13 09:07:00,0.9101,0.9113,0.9101,0.9113,8420.48
coinbase,USDCEUR,1678698780000,2023-03-13 09:13:00,0.9112,0.9118,0.909,0.909,11240.67
coinbase,USDCEUR,1678698960000,2023-03-13 09:16:00,0.9103,0.9105,0.9103,0.9105,2264.57
coinbase,USDCEUR,1678699440000,2023-03-13 09:24:00,0.9108,0.9108,0.9108,0.9108,111.14
coinbase,USDCEUR,1678699500000,2023-03-13 09:25:00,0.9108,0.9117,0.9108,0.9117,963.18
coinbase,USDCEUR,1678699620000,2023-03-13 09:27:00,0.9116,0.9118,0.9116,0.9118,176.97
coinbase,USDCEUR,1678699740000,2023-03-13 09:29:00,0.9118,0.9118,0.9118,0.9118,113.25
coinbase,USDCEUR,1678699800000,2023-03-13 09:30:00,0.9118,0.9123,0.9118,0.9123,1183.2
coinbase,USDCEUR,1678700040000,2023-03-13 09:34:00,0.9126,0.9131,0.9126,0.9131,1986.44
coinbase,USDCEUR,1678700160000,2023-03-13 09:36:00,0.913,0.913,0.9114,0.9114,2513.75
coinbase,USDCEUR,1678700220000,2023-03-13 09:37:00,0.9114,0.9114,0.9113,0.9113,7033.3
coinbase,USDCEUR,1678700280000,2023-03-13 09:38:00,0.9114,0.912,0.9114,0.912,1198.49
coinbase,USDCEUR,1678700460000,2023-03-13 09:41:00,0.912,0.912,0.9112,0.9112,15773.27
coinbase,USDCEUR,1678700520000,2023-03-13 09:42:00,0.9112,0.9112,0.9109,0.9109,322.37
coinbase,USDCEUR,1678701420000,2023-03-13 09:57:00,0.9113,0.9113,0.9111,0.9112,10713.47
coinbase,USDCEUR,1678701540000,2023-03-13 09:59:00,0.9111,0.9111,0.9111,0.9111,1000
coinbase,USDCEUR,1678701600000,2023-03-13 10:00:00,0.9112,0.9112,0.9111,0.9111,3822.13
coinbase,USDCEUR,1678701660000,2023-03-13 10:01:00,0.9111,0.9111,0.9111,0.9111,5832.72
coinbase,USDCEUR,1678701720000,2023-03-13 10:02:00,0.9111,0.9111,0.9111,0.9111,6616.32
coinbase,USDCEUR,1678702020000,2023-03-13 10:07:00,0.9111,0.9111,0.9111,0.9111,3437.43
coinbase,USDCEUR,1678702080000,2023-03-13 10:08:00,0.9111,0.9111,0.9108,0.9111,6933.88
coinbase,USDCEUR,1678702140000,2023-03-13 10:09:00,0.9111,0.9111,0.9111,0.9111,2423.91
coinbase,USDCEUR,1678702200000,2023-03-13 10:10:00,0.9111,0.9111,0.9111,0.9111,1866.96
coinbase,USDCEUR,1678702260000,2023-03-13 10:11:00,0.9111,0.9112,0.9109,0.9112,7545.04
coinbase,USDCEUR,1678702320000,2023-03-13 10:12:00,0.9112,0.9112,0.9112,0.9112,3468.69
coinbase,USDCEUR,1678702380000,2023-03-13 10:13:00,0.9112,0.9112,0.9112,0.9112,9639.88
coinbase,USDCEUR,1678702500000,2023-03-13 10:15:00,0.9112,0.9112,0.9112,0.9112,10214.72
coinbase,USDCEUR,1678702560000,2023-03-13 10:16:00,0.9111,0.9112,0.9111,0.9112,5830.16
coinbase,USDCEUR,1678702620000,2023-03-13 10:17:00,0.9112,0.9112,0.9112,0.9112,16123.89
coinbase,USDCEUR,1678702680000,2023-03-13 10:18:00,0.9112,0.9112,0.9112,0.9112,5545.34
coinbase,USDCEUR,1678702800000,2023-03-13 10:20:00,0.9112,0.9112,0.9112,0.9112,1941.26
coinbase,USDCEUR,1678702860000,2023-03-13 10:21:00,0.9112,0.9114,0.9112,0.9114,6128.77
coinbase,USDCEUR,1678702980000,2023-03-13 10:23:00,0.9118,0.9118,0.9118,0.9118,10
coinbase,USDCEUR,1678703100000,2023-03-13 10:25:00,0.912,0.9124,0.912,0.9124,2446.35
coinbase,USDCEUR,1678703280000,2023-03-13 10:28:00,0.9119,0.9119,0.9113,0.9113,20536.85
coinbase,USDCEUR,1678703400000,2023-03-13 10:30:00,0.9113,0.9114,0.9109,0.9114,130.53
coinbase,USDCEUR,1678703460000,2023-03-13 10:31:00,0.9114,0.9114,0.9106,0.9106,11259.71
coinbase,USDCEUR,1678704060000,2023-03-13 10:41:00,0.9106,0.9106,0.9103,0.9103,29.74
coinbase,USDCEUR,1678704120000,2023-03-13 10:42:00,0.9103,0.9103,0.9103,0.9103,27.35
coinbase,USDCEUR,1678704180000,2023-03-13 10:43:00,0.9103,0.9103,0.9091,0.9102,430.92
coinbase,USDCEUR,1678704240000,2023-03-13 10:44:00,0.9102,0.9104,0.9102,0.9104,146.76
coinbase,USDCEUR,1678704300000,2023-03-13 10:45:00,0.9105,0.9105,0.9104,0.9104,12.34
coinbase,USDCEUR,1678704360000,2023-03-13 10:46:00,0.9104,0.9104,0.9098,0.9098,103.14
coinbase,USDCEUR,1678705080000,2023-03-13 10:58:00,0.9103,0.9106,0.9103,0.9103,212.13
coinbase,USDCEUR,1678705140000,2023-03-13 10:59:00,0.9103,0.9118,0.9103,0.9113,1004.32
coinbase,USDCEUR,1678669260000,2023-03-13 01:01:00,0.9231,0.9239,0.9231,0.9239,389.03
coinbase,USDCEUR,1678669500000,2023-03-13 01:05:00,0.9239,0.924,0.9226,0.9226,721.34
coinbase,USDCEUR,1678670580000,2023-03-13 01:23:00,0.9229,0.923,0.9229,0.923,1041.01
coinbase,USDCEUR,1678670640000,2023-03-13 01:24:00,0.9228,0.923,0.9224,0.9229,18752.09
coinbase,USDCEUR,1678671060000,2023-03-13 01:31:00,0.923,0.9235,0.923,0.9235,373.33
coinbase,USDCEUR,1678671120000,2023-03-13 01:32:00,0.9239,0.9245,0.9236,0.9245,14654.24
coinbase,USDCEUR,1678671180000,2023-03-13 01:33:00,0.9235,0.9244,0.9235,0.9244,276.15
coinbase,USDCEUR,1678671660000,2023-03-13 01:41:00,0.9246,0.9248,0.9246,0.9248,203.13
coinbase,USDCEUR,1678671720000,2023-03-13 01:42:00,0.9248,0.9248,0.9244,0.9244,7066.17
coinbase,USDCEUR,1678671900000,2023-03-13 01:45:00,0.9241,0.9242,0.9241,0.9242,138.02
coinbase,USDCEUR,1678672140000,2023-03-13 01:49:00,0.9242,0.9242,0.9239,0.9239,57.77
coinbase,USDCEUR,1678672560000,2023-03-13 01:56:00,0.9239,0.9239,0.9236,0.9236,2337.11
coinbase,USDCEUR,1678673640000,2023-03-13 02:14:00,0.9235,0.9235,0.9223,0.9223,1637.25
coinbase,USDCEUR,1678674060000,2023-03-13 02:21:00,0.9224,0.9224,0.9219,0.9219,2232.73
coinbase,USDCEUR,1678674420000,2023-03-13 02:27:00,0.9219,0.9219,0.9216,0.9216,20.56
coinbase,USDCEUR,1678674600000,2023-03-13 02:30:00,0.9216,0.9216,0.9214,0.9214,185.31
coinbase,USDCEUR,1678674720000,2023-03-13 02:32:00,0.9206,0.9206,0.9205,0.9206,5051.59
coinbase,USDCEUR,1678674780000,2023-03-13 02:33:00,0.9206,0.9206,0.9205,0.9205,5173.59
coinbase,USDCEUR,1678675260000,2023-03-13 02:41:00,0.92,0.92,0.92,0.92,599.99
coinbase,USDCEUR,1678675320000,2023-03-13 02:42:00,0.9202,0.9211,0.9202,0.9203,6606.78
coinbase,USDCEUR,1678675800000,2023-03-13 02:50:00,0.9203,0.9204,0.9201,0.9203,2027.49
coinbase,USDCEUR,1678675860000,2023-03-13 02:51:00,0.9201,0.9201,0.9194,0.9194,134.27
coinbase,USDCEUR,1678676460000,2023-03-13 03:01:00,0.9194,0.9194,0.9173,0.9173,19.46
coinbase,USDCEUR,1678677000000,2023-03-13 03:10:00,0.9173,0.9173,0.9173,0.9173,2088
coinbase,USDCEUR,1678677060000,2023-03-13 03:11:00,0.9173,0.9173,0.9173,0.9173,1753.97
coinbase,USDCEUR,1678677600000,2023-03-13 03:20:00,0.9173,0.9173,0.9173,0.9173,2087.92
coinbase,USDCEUR,1678677780000,2023-03-13 03:23:00,0.9173,0.9173,0.9173,0.9173,6263.22
coinbase,USDCEUR,1678677960000,2023-03-13 03:26:00,0.9173,0.9173,0.9173,0.9173,2087.38
coinbase,USDCEUR,1678678140000,2023-03-13 03:29:00,0.9173,0.9173,0.9173,0.9173,2450.36
coinbase,USDCEUR,1678678560000,2023-03-13 03:36:00,0.9174,0.9174,0.9174,0.9174,124.47
coinbase,USDCEUR,1678678860000,2023-03-13 03:41:00,0.9174,0.9174,0.9173,0.9173,121.74
coinbase,USDCEUR,1678678920000,2023-03-13 03:42:00,0.9173,0.9174,0.9173,0.9174,662.5
coinbase,USDCEUR,1678679280000,2023-03-13 03:48:00,0.9174,0.9174,0.9158,0.9158,44.57
coinbase,USDCEUR,1678679340000,2023-03-13 03:49:00,0.9158,0.9158,0.9155,0.9155,12541.05
coinbase,USDCEUR,1678679460000,2023-03-13 03:51:00,0.9155,0.9157,0.9151,0.9157,913.92
coinbase,USDCEUR,1678680480000,2023-03-13 04:08:00,0.9168,0.9168,0.9168,0.9168,45.34
coinbase,USDCEUR,1678680840000,2023-03-13 04:14:00,0.9172,0.9172,0.9172,0.9172,5232
coinbase,USDCEUR,1678680900000,2023-03-13 04:15:00,0.9172,0.9172,0.9172,0.9172,48251.44
coinbase,USDCEUR,1678680960000,2023-03-13 04:16:00,0.9172,0.9172,0.9172,0.9172,41127.16
coinbase,USDCEUR,1678681020000,2023-03-13 04:17:00,0.9172,0.9172,0.9172,0.9172,32961.72
coinbase,USDCEUR,1678681080000,2023-03-13 04:18:00,0.9172,0.9172,0.9172,0.9172,23086.92
coinbase,USDCEUR,1678681200000,2023-03-13 04:20:00,0.9173,0.9186,0.9173,0.9185,25243.3
coinbase,USDCEUR,1678681440000,2023-03-13 04:24:00,0.919,0.9191,0.9185,0.9185,702.08
coinbase,USDCEUR,1678683540000,2023-03-13 04:59:00,0.9185,0.9187,0.9185,0.9187,667.37
coinbase,USDCEUR,1678684140000,2023-03-13 05:09:00,0.9176,0.9176,0.9175,0.9175,608.28
coinbase,USDCEUR,1678684200000,2023-03-13 05:10:00,0.9175,0.9176,0.9174,0.9175,4297.65
coinbase,USDCEUR,1678684260000,2023-03-13 05:11:00,0.9176,0.9176,0.9176,0.9176,3159.65
coinbase,USDCEUR,1678684800000,2023-03-13 05:20:00,0.918,0.918,0.918,0.918,1461.75
coinbase,USDCEUR,1678684920000,2023-03-13 05:22:00,0.918,0.918,0.918,0.918,76.94
coinbase,USDCEUR,1678685040000,2023-03-13 05:24:00,0.918,0.9181,0.918,0.9181,353.21
coinbase,USDCEUR,1678685880000,2023-03-13 05:38:00,0.9181,0.9181,0.9181,0.9181,54.93
coinbase,USDCEUR,1678686960000,2023-03-13 05:56:00,0.918,0.918,0.918,0.918,498.02
coinbase,USDCEUR,1678687140000,2023-03-13 05:59:00,0.9183,0.9193,0.9183,0.9193,883.13
coinbase,USDCEUR,1678651200000,2023-03-12 20:00:00,0.8975,0.8975,0.897,0.897,400.9
coinbase,USDCEUR,1678651380000,2023-03-12 20:03:00,0.8967,0.899,0.8967,0.899,3972.12
coinbase,USDCEUR,1678651920000,2023-03-12 20:12:00,0.899,0.9,0.899,0.9,6214.4
coinbase,USDCEUR,1678651980000,2023-03-12 20:13:00,0.9,0.9,0.9,0.9,2036.99
coinbase,USDCEUR,1678652040000,2023-03-12 20:14:00,0.9,0.9,0.9,0.9,6041.55
coinbase,USDCEUR,1678652100000,2023-03-12 20:15:00,0.9,0.9,0.8998,0.9,17415.73
coinbase,USDCEUR,1678652160000,2023-03-12 20:16:00,0.9,0.9,0.8999,0.9,8639.82
coinbase,USDCEUR,1678652220000,2023-03-12 20:17:00,0.8999,0.9,0.8997,0.9,7815.18
coinbase,USDCEUR,1678652280000,2023-03-12 20:18:00,0.9,0.9,0.9,0.9,4684.42
coinbase,USDCEUR,1678652340000,2023-03-12 20:19:00,0.9,0.9,0.9,0.9,5429.92
coinbase,USDCEUR,1678652400000,2023-03-12 20:20:00,0.9,0.9,0.9,0.9,7352.87
coinbase,USDCEUR,1678652460000,2023-03-12 20:21:00,0.9,0.9,0.9,0.9,2161.97
coinbase,USDCEUR,1678652520000,2023-03-12 20:22:00,0.9,0.9,0.9,0.9,313.93
coinbase,USDCEUR,1678652580000,2023-03-12 20:23:00,0.9,0.9,0.9,0.9,6944.52
coinbase,USDCEUR,1678653000000,2023-03-12 20:30:00,0.9,0.9,0.9,0.9,11433.29
coinbase,USDCEUR,1678653060000,2023-03-12 20:31:00,0.9006,0.9006,0.9006,0.9006,113.7
coinbase,USDCEUR,1678653300000,2023-03-12 20:35:00,0.9005,0.9012,0.9001,0.9001,921.42
coinbase,USDCEUR,1678653540000,2023-03-12 20:39:00,0.9001,0.9001,0.8992,0.8992,307.68
coinbase,USDCEUR,1678653660000,2023-03-12 20:41:00,0.8991,0.8991,0.8991,0.8991,111.47
coinbase,USDCEUR,1678653720000,2023-03-12 20:42:00,0.8992,0.8992,0.8989,0.8989,11915.62
coinbase,USDCEUR,1678653780000,2023-03-12 20:43:00,0.8989,0.8995,0.8989,0.8995,7498.97
coinbase,USDCEUR,1678653960000,2023-03-12 20:46:00,0.8995,0.9003,0.8995,0.9003,537.21
coinbase,USDCEUR,1678654140000,2023-03-12 20:49:00,0.9005,0.9005,0.8998,0.8998,2440.87
coinbase,USDCEUR,1678654200000,2023-03-12 20:50:00,0.8997,0.8998,0.8997,0.8998,6853.58
coinbase,USDCEUR,1678654260000,2023-03-12 20:51:00,0.8998,0.8998,0.8998,0.8998,9534.9
coinbase,USDCEUR,1678654440000,2023-03-12 20:54:00,0.8998,0.8998,0.8998,0.8998,1103.87
coinbase,USDCEUR,1678654560000,2023-03-12 20:56:00,0.8998,0.9012,0.8998,0.9012,15611
coinbase,USDCEUR,1678654800000,2023-03-12 21:00:00,0.9012,0.9013,0.9011,0.9013,22883.32
coinbase,USDCEUR,1678654860000,2023-03-12 21:01:00,0.9013,0.9013,0.9011,0.9011,4617.75
coinbase,USDCEUR,1678654920000,2023-03-12 21:02:00,0.9011,0.9013,0.9011,0.9013,4240.53
coinbase,USDCEUR,1678654980000,2023-03-12 21:03:00,0.9013,0.9013,0.9009,0.9009,15695.88
coinbase,USDCEUR,1678655100000,2023-03-12 21:05:00,0.9,0.9,0.9,0.9,679.54
coinbase,USDCEUR,1678655220000,2023-03-12 21:07:00,0.9006,0.9006,0.8999,0.8999,5233.36
coinbase,USDCEUR,1678655340000,2023-03-12 21:09:00,0.8999,0.9,0.8997,0.8997,1266.1
coinbase,USDCEUR,1678655400000,2023-03-12 21:10:00,0.8997,0.9013,0.8997,0.9001,9201.35
coinbase,USDCEUR,1678655520000,2023-03-12 21:12:00,0.9001,0.9001,0.9001,0.9001,6263.2
coinbase,USDCEUR,1678655580000,2023-03-12 21:13:00,0.9001,0.901,0.9001,0.901,1040.22
coinbase,USDCEUR,1678656060000,2023-03-12 21:21:00,0.9012,0.9013,0.9012,0.9013,1564.41
coinbase,USDCEUR,1678656120000,2023-03-12 21:22:00,0.9012,0.9012,0.9012,0.9012,67.74
coinbase,USDCEUR,1678656180000,2023-03-12 21:23:00,0.9013,0.9013,0.9013,0.9013,14939.32
coinbase,USDCEUR,1678656240000,2023-03-12 21:24:00,0.9013,0.9013,0.9006,0.9006,147.44
coinbase,USDCEUR,1678656540000,2023-03-12 21:29:00,0.9002,0.9006,0.9002,0.9006,18370.09
coinbase,USDCEUR,1678656600000,2023-03-12 21:30:00,0.9006,0.9006,0.8999,0.9006,8602.4
coinbase,USDCEUR,1678656660000,2023-03-12 21:31:00,0.9005,0.9006,0.9003,0.9003,5218.65
coinbase,USDCEUR,1678656720000,2023-03-12 21:32:00,0.9,0.9003,0.9,0.9003,3132.57
coinbase,USDCEUR,1678656780000,2023-03-12 21:33:00,0.9003,0.9003,0.9002,0.9003,3252.17
coinbase,USDCEUR,1678656840000,2023-03-12 21:34:00,0.9003,0.9003,0.9002,0.9002,6850.16
coinbase,USDCEUR,1678656900000,2023-03-12 21:35:00,0.9002,0.9002,0.9002,0.9002,2360.54
coinbase,USDCEUR,1678657020000,2023-03-12 21:37:00,0.9002,0.9002,0.9002,0.9002,5217.1
coinbase,USDCEUR,1678657080000,2023-03-12 21:38:00,0.9002,0.9002,0.9002,0.9002,6819.64
coinbase,USDCEUR,1678657140000,2023-03-12 21:39:00,0.9002,0.9002,0.9001,0.9001,6098.52
coinbase,USDCEUR,1678657260000,2023-03-12 21:41:00,0.9001,0.9001,0.9001,0.9001,6292.51
coinbase,USDCEUR,1678657320000,2023-03-12 21:42:00,0.9001,0.9001,0.9,0.9001,13717.42
coinbase,USDCEUR,1678657380000,2023-03-12 21:43:00,0.9001,0.9001,0.9001,0.9001,6264
coinbase,USDCEUR,1678657440000,2023-03-12 21:44:00,0.9001,0.9001,0.9,0.9,7705.02
coinbase,USDCEUR,1678657500000,2023-03-12 21:45:00,0.9,0.9,0.9,0.9,3834.69
coinbase,USDCEUR,1678657560000,2023-03-12 21:46:00,0.9,0.9,0.8999,0.8999,460.03
coinbase,USDCEUR,1678657860000,2023-03-12 21:51:00,0.8998,0.8998,0.897,0.897,13423.28
coinbase,USDCEUR,1678657980000,2023-03-12 21:53:00,0.8992,0.8992,0.8973,0.8973,10334.2
coinbase,USDCEUR,1678658040000,2023-03-12 21:54:00,0.8973,0.8973,0.8972,0.8972,11318.28
coinbase,USDCEUR,1678658100000,2023-03-12 21:55:00,0.8972,0.8973,0.8972,0.8973,3132.77
coinbase,USDCEUR,1678658160000,2023-03-12 21:56:00,0.8973,0.8973,0.8973,0.8973,2133.89
coinbase,USDCEUR,1678658220000,2023-03-12 21:57:00,0.8973,0.8973,0.897,0.897,2142.76
coinbase,USDCEUR,1678658340000,2023-03-12 21:59:00,0.897,0.897,0.897,0.897,1388.29
coinbase,USDCEUR,1678658400000,2023-03-12 22:00:00,0.897,0.897,0.897,0.897,9480.83
coinbase,USDCEUR,1678658460000,2023-03-12 22:01:00,0.897,0.897,0.897,0.897,18093.97
coinbase,USDCEUR,1678658520000,2023-03-12 22:02:00,0.897,0.897,0.897,0.897,18476.49
coinbase,USDCEUR,1678658580000,2023-03-12 22:03:00,0.897,0.8979,0.8969,0.8971,18112.1
coinbase,USDCEUR,1678658700000,2023-03-12 22:05:00,0.8972,0.8972,0.8968,0.8972,8579.46
coinbase,USDCEUR,1678658760000,2023-03-12 22:06:00,0.8967,0.8972,0.8967,0.8972,4398.87
coinbase,USDCEUR,1678658820000,2023-03-12 22:07:00,0.8971,0.8972,0.8971,0.8972,3132
coinbase,USDCEUR,1678658880000,2023-03-12 22:08:00,0.8968,0.8968,0.8967,0.8967,1098.61
coinbase,USDCEUR,1678658940000,2023-03-12 22:09:00,0.8965,0.8965,0.8964,0.8964,1962.58
coinbase,USDCEUR,1678659120000,2023-03-12 22:12:00,0.8963,0.8963,0.8952,0.8952,12738.58
coinbase,USDCEUR,1678659180000,2023-03-12 22:13:00,0.8952,0.8952,0.8949,0.8951,33772.28
coinbase,USDCEUR,1678659240000,2023-03-12 22:14:00,0.8951,0.8951,0.8951,0.8951,4068
coinbase,USDCEUR,1678659300000,2023-03-12 22:15:00,0.8951,0.8951,0.895,0.8951,6547.65
coinbase,USDCEUR,1678659360000,2023-03-12 22:16:00,0.8951,0.8951,0.8951,0.8951,11984.11
coinbase,USDCEUR,1678659420000,2023-03-12 22:17:00,0.895,0.8979,0.895,0.8965,26794.57
coinbase,USDCEUR,1678659480000,2023-03-12 22:18:00,0.8965,0.9005,0.8965,0.9005,19319.74
coinbase,USDCEUR,1678659540000,2023-03-12 22:19:00,0.9002,0.902,0.9002,0.902,834.26
coinbase,USDCEUR,1678659660000,2023-03-12 22:21:00,0.902,0.9066,0.902,0.9066,11411.91
coinbase,USDCEUR,1678659780000,2023-03-12 22:23:00,0.9066,0.9082,0.9066,0.9078,3129.68
coinbase,USDCEUR,1678659900000,2023-03-12 22:25:00,0.9086,0.9086,0.9086,0.9086,2429.59
coinbase,USDCEUR,1678659960000,2023-03-12 22:26:00,0.9086,0.91,0.9086,0.91,2149.02
coinbase,USDCEUR,1678660080000,2023-03-12 22:28:00,0.91,0.91,0.91,0.91,1043.23
coinbase,USDCEUR,1678660140000,2023-03-12 22:29:00,0.91,0.91,0.91,0.91,4690.92
coinbase,USDCEUR,1678660200000,2023-03-12 22:30:00,0.91,0.91,0.91,0.91,29545.98
coinbase,USDCEUR,1678660260000,2023-03-12 22:31:00,0.91,0.9144,0.91,0.9144,14341.05
coinbase,USDCEUR,1678660740000,2023-03-12 22:39:00,0.9143,0.9144,0.9143,0.9144,1999.19
coinbase,USDCEUR,1678660800000,2023-03-12 22:40:00,0.9145,0.9156,0.9145,0.9145,4197.98
coinbase,USDCEUR,1678660920000,2023-03-12 22:42:00,0.9145,0.9177,0.9144,0.9177,5118.24
coinbase,USDCEUR,1678661100000,2023-03-12 22:45:00,0.9177,0.9177,0.9168,0.9174,2581
coinbase,USDCEUR,1678661400000,2023-03-12 22:50:00,0.9174,0.92,0.9174,0.92,10550.41
coinbase,USDCEUR,1678661520000,2023-03-12 22:52:00,0.92,0.9205,0.92,0.9201,1111.14
coinbase,USDCEUR,1678661760000,2023-03-12 22:56:00,0.9201,0.9201,0.9193,0.9193,1044.02
coinbase,USDCEUR,1678661940000,2023-03-12 22:59:00,0.9193,0.9193,0.9187,0.919,4330.5
coinbase,USDCEUR,1678662000000,2023-03-12 23:00:00,0.919,0.9193,0.919,0.9193,5518.17
coinbase,USDCEUR,1678662060000,2023-03-12 23:01:00,0.9193,0.9193,0.9193,0.9193,19437.59
coinbase,USDCEUR,1678662120000,2023-03-12 23:02:00,0.9193,0.9204,0.9193,0.9204,4201.11
coinbase,USDCEUR,1678662360000,2023-03-12 23:06:00,0.9204,0.9204,0.9204,0.9204,2206.18
coinbase,USDCEUR,1678662480000,2023-03-12 23:08:00,0.9204,0.9204,0.9204,0.9204,3647.93
coinbase,USDCEUR,1678662720000,2023-03-12 23:12:00,0.9194,0.9205,0.9194,0.9205,2161.44
coinbase,USDCEUR,1678662960000,2023-03-12 23:16:00,0.9204,0.9205,0.9204,0.9205,11506.39
coinbase,USDCEUR,1678663080000,2023-03-12 23:18:00,0.9205,0.9206,0.9205,0.9205,11504.65
coinbase,USDCEUR,1678663440000,2023-03-12 23:24:00,0.9206,0.922,0.9206,0.922,2390.8
coinbase,USDCEUR,1678663920000,2023-03-12 23:32:00,0.9216,0.922,0.9216,0.922,13063.26
coinbase,USDCEUR,1678664040000,2023-03-12 23:34:00,0.922,0.9231,0.922,0.9231,1818.67
coinbase,USDCEUR,1678664340000,2023-03-12 23:39:00,0.9232,0.9232,0.9232,0.9232,1356.47
coinbase,USDCEUR,1678664400000,2023-03-12 23:40:00,0.9231,0.9237,0.9231,0.9237,5446.16
coinbase,USDCEUR,1678664940000,2023-03-12 23:49:00,0.9232,0.9232,0.9232,0.9232,69.25
coinbase,USDCEUR,1678665120000,2023-03-12 23:52:00,0.9226,0.9226,0.9226,0.9226,67.78
coinbase,USDCEUR,1678665240000,2023-03-12 23:54:00,0.9225,0.9225,0.9211,0.9212,27867.29
coinbase,USDCEUR,1678665360000,2023-03-12 23:56:00,0.9212,0.9223,0.9212,0.9223,2607.41
coinbase,USDCEUR,1678665480000,2023-03-12 23:58:00,0.9223,0.9227,0.9223,0.9227,2027.21
coinbase,USDCEUR,1678665540000,2023-03-12 23:59:00,0.9223,0.9223,0.9221,0.9221,1368.18
coinbase,USDCEUR,1678665600000,2023-03-13 00:00:00,0.9227,0.9232,0.9227,0.9232,201.86
coinbase,USDCEUR,1678665660000,2023-03-13 00:01:00,0.9236,0.9236,0.9236,0.9236,135.56
coinbase,USDCEUR,1678665720000,2023-03-13 00:02:00,0.9236,0.9239,0.9236,0.9239,10.01
coinbase,USDCEUR,1678665780000,2023-03-13 00:03:00,0.924,0.924,0.9234,0.9235,4474.03
coinbase,USDCEUR,1678665900000,2023-03-13 00:05:00,0.9234,0.924,0.9234,0.924,12073.93
coinbase,USDCEUR,1678665960000,2023-03-13 00:06:00,0.924,0.924,0.924,0.924,2088
coinbase,USDCEUR,1678666020000,2023-03-13 00:07:00,0.924,0.924,0.924,0.924,5916.71
coinbase,USDCEUR,1678666320000,2023-03-13 00:12:00,0.9234,0.9234,0.9148,0.9148,40438.75
coinbase,USDCEUR,1678666620000,2023-03-13 00:17:00,0.9217,0.922,0.9214,0.9214,8113.54
coinbase,USDCEUR,1678666740000,2023-03-13 00:19:00,0.921,0.9231,0.91,0.9213,100030.37
coinbase,USDCEUR,1678666800000,2023-03-13 00:20:00,0.9206,0.9214,0.9202,0.9202,10075.24
coinbase,USDCEUR,1678666920000,2023-03-13 00:22:00,0.9204,0.921,0.9151,0.9206,37637.35
coinbase,USDCEUR,1678666980000,2023-03-13 00:23:00,0.9208,0.9208,0.916,0.9199,33944.73
coinbase,USDCEUR,1678667040000,2023-03-13 00:24:00,0.9199,0.9203,0.9193,0.9201,13047.11
coinbase,USDCEUR,1678667100000,2023-03-13 00:25:00,0.9192,0.9209,0.9191,0.9198,17185.74
coinbase,USDCEUR,1678667220000,2023-03-13 00:27:00,0.9198,0.9206,0.9198,0.9203,1282.66
coinbase,USDCEUR,1678667280000,2023-03-13 00:28:00,0.9203,0.9227,0.9203,0.921,2273.99
coinbase,USDCEUR,1678667340000,2023-03-13 00:29:00,0.9206,0.921,0.92,0.92,2926.05
coinbase,USDCEUR,1678667400000,2023-03-13 00:30:00,0.9199,0.9214,0.9198,0.9206,8275.1
coinbase,USDCEUR,1678667460000,2023-03-13 00:31:00,0.9204,0.9221,0.9202,0.9202,11134.15
coinbase,USDCEUR,1678667520000,2023-03-13 00:32:00,0.9202,0.9216,0.9202,0.9206,8251.75
coinbase,USDCEUR,1678667580000,2023-03-13 00:33:00,0.9206,0.9212,0.9206,0.9212,3982.42
coinbase,USDCEUR,1678667940000,2023-03-13 00:39:00,0.9216,0.9216,0.9193,0.9193,1328.13
coinbase,USDCEUR,1678668240000,2023-03-13 00:44:00,0.9215,0.9215,0.9214,0.9214,255.35
coinbase,USDCEUR,1678668720000,2023-03-13 00:52:00,0.9215,0.9217,0.9215,0.9216,3131.79
coinbase,USDCEUR,1678669140000,2023-03-13 00:59:00,0.9221,0.9231,0.922,0.9231,2400.15
coinbase,USDCEUR,1678633740000,2023-03-12 15:09:00,0.8941,0.8949,0.8941,0.8949,87.39
coinbase,USDCEUR,1678633860000,2023-03-12 15:11:00,0.8949,0.8949,0.8949,0.8949,5574.19
coinbase,USDCEUR,1678633920000,2023-03-12 15:12:00,0.8949,0.8949,0.8948,0.8948,682.57
coinbase,USDCEUR,1678634160000,2023-03-12 15:16:00,0.8948,0.8948,0.8948,0.8948,314.82
coinbase,USDCEUR,1678634220000,2023-03-12 15:17:00,0.8947,0.8949,0.8947,0.8949,2657.61
coinbase,USDCEUR,1678634580000,2023-03-12 15:23:00,0.8949,0.8949,0.8949,0.8949,1459.94
coinbase,USDCEUR,1678634760000,2023-03-12 15:26:00,0.8949,0.8954,0.8949,0.8953,1527.7
coinbase,USDCEUR,1678635120000,2023-03-12 15:32:00,0.8958,0.8958,0.8958,0.8958,1
coinbase,USDCEUR,1678635180000,2023-03-12 15:33:00,0.895,0.895,0.895,0.895,2120.98
coinbase,USDCEUR,1678635360000,2023-03-12 15:36:00,0.8943,0.8949,0.894,0.8949,2463.27
coinbase,USDCEUR,1678635480000,2023-03-12 15:38:00,0.8949,0.895,0.8949,0.895,3124.31
coinbase,USDCEUR,1678635600000,2023-03-12 15:40:00,0.8942,0.8942,0.8941,0.8941,5152.01
coinbase,USDCEUR,1678635840000,2023-03-12 15:44:00,0.8938,0.8938,0.8923,0.8923,13424.08
coinbase,USDCEUR,1678636200000,2023-03-12 15:50:00,0.8923,0.893,0.892,0.8926,2253.79
coinbase,USDCEUR,1678636440000,2023-03-12 15:54:00,0.8926,0.8932,0.8926,0.8932,2010
coinbase,USDCEUR,1678636560000,2023-03-12 15:56:00,0.8933,0.8934,0.8933,0.8934,1002.26
coinbase,USDCEUR,1678636620000,2023-03-12 15:57:00,0.8936,0.8936,0.8935,0.8936,3179.63
coinbase,USDCEUR,1678636740000,2023-03-12 15:59:00,0.8938,0.8938,0.8938,0.8938,2498.67
coinbase,USDCEUR,1678636920000,2023-03-12 16:02:00,0.8938,0.8938,0.8929,0.8929,16483.8
coinbase,USDCEUR,1678637220000,2023-03-12 16:07:00,0.8929,0.8929,0.8929,0.8929,161.37
coinbase,USDCEUR,1678637640000,2023-03-12 16:14:00,0.8928,0.8939,0.8926,0.8939,1354.08
coinbase,USDCEUR,1678638300000,2023-03-12 16:25:00,0.8939,0.895,0.8939,0.895,110.48
coinbase,USDCEUR,1678639440000,2023-03-12 16:44:00,0.8945,0.8947,0.8945,0.8947,123.06
coinbase,USDCEUR,1678640160000,2023-03-12 16:56:00,0.8941,0.8941,0.8941,0.8941,320.9
coinbase,USDCEUR,1678640220000,2023-03-12 16:57:00,0.894,0.894,0.8935,0.8935,1264.48
coinbase,USDCEUR,1678640580000,2023-03-12 17:03:00,0.8935,0.8937,0.8935,0.8937,2040.63
coinbase,USDCEUR,1678640940000,2023-03-12 17:09:00,0.8937,0.8941,0.8937,0.8941,181.46
coinbase,USDCEUR,1678641000000,2023-03-12 17:10:00,0.8938,0.894,0.8938,0.8939,2545.6
coinbase,USDCEUR,1678641300000,2023-03-12 17:15:00,0.8935,0.8947,0.8929,0.8947,7103.06
coinbase,USDCEUR,1678641600000,2023-03-12 17:20:00,0.8947,0.8958,0.8947,0.8958,573.19
coinbase,USDCEUR,1678641780000,2023-03-12 17:23:00,0.8958,0.8961,0.8958,0.8961,170.4
coinbase,USDCEUR,1678641840000,2023-03-12 17:24:00,0.8961,0.8979,0.8961,0.8979,356.47
coinbase,USDCEUR,1678641960000,2023-03-12 17:26:00,0.8979,0.9,0.8979,0.9,12370.62
coinbase,USDCEUR,1678642020000,2023-03-12 17:27:00,0.9,0.9015,0.9,0.9015,11988.4
coinbase,USDCEUR,1678642080000,2023-03-12 17:28:00,0.9008,0.9018,0.9008,0.9018,632.83
coinbase,USDCEUR,1678642140000,2023-03-12 17:29:00,0.9022,0.9022,0.902,0.9022,2180.25
coinbase,USDCEUR,1678642200000,2023-03-12 17:30:00,0.9022,0.9022,0.902,0.9022,2899.54
coinbase,USDCEUR,1678642260000,2023-03-12 17:31:00,0.9022,0.9022,0.902,0.902,1566.3
coinbase,USDCEUR,1678642500000,2023-03-12 17:35:00,0.9017,0.9017,0.901,0.901,2259.62
coinbase,USDCEUR,1678642680000,2023-03-12 17:38:00,0.9009,0.9009,0.9009,0.9009,177.42
coinbase,USDCEUR,1678642740000,2023-03-12 17:39:00,0.9016,0.9016,0.9001,0.9001,7.98
coinbase,USDCEUR,1678642860000,2023-03-12 17:41:00,0.9004,0.9004,0.9004,0.9004,12
coinbase,USDCEUR,1678642920000,2023-03-12 17:42:00,0.9004,0.9004,0.9004,0.9004,40
coinbase,USDCEUR,1678642980000,2023-03-12 17:43:00,0.9004,0.9004,0.9004,0.9004,324.86
coinbase,USDCEUR,1678643040000,2023-03-12 17:44:00,0.9004,0.9004,0.9004,0.9004,11.74
coinbase,USDCEUR,1678643100000,2023-03-12 17:45:00,0.9002,0.9002,0.8999,0.8999,2559.37
coinbase,USDCEUR,1678643160000,2023-03-12 17:46:00,0.9011,0.9022,0.895,0.9022,59182.07
coinbase,USDCEUR,1678643220000,2023-03-12 17:47:00,0.8998,0.9001,0.8998,0.9001,19.84
coinbase,USDCEUR,1678643460000,2023-03-12 17:51:00,0.9003,0.9007,0.9002,0.9002,1114.68
coinbase,USDCEUR,1678643760000,2023-03-12 17:56:00,0.9005,0.9005,0.8973,0.8973,3384.23
coinbase,USDCEUR,1678643940000,2023-03-12 17:59:00,0.8973,0.8994,0.8973,0.8994,995.71
coinbase,USDCEUR,1678644300000,2023-03-12 18:05:00,0.9001,0.9001,0.8994,0.8994,2588.1
coinbase,USDCEUR,1678644480000,2023-03-12 18:08:00,0.8994,0.8994,0.8991,0.8992,12286.29
coinbase,USDCEUR,1678644960000,2023-03-12 18:16:00,0.898,0.898,0.8975,0.8975,881.69
coinbase,USDCEUR,1678645080000,2023-03-12 18:18:00,0.8965,0.8965,0.896,0.896,2408.14
coinbase,USDCEUR,1678645260000,2023-03-12 18:21:00,0.8951,0.8956,0.8951,0.8956,56.64
coinbase,USDCEUR,1678645320000,2023-03-12 18:22:00,0.8951,0.8952,0.8951,0.8952,9.95
coinbase,USDCEUR,1678645500000,2023-03-12 18:25:00,0.896,0.8962,0.8958,0.8958,1047.03
coinbase,USDCEUR,1678645620000,2023-03-12 18:27:00,0.8966,0.9002,0.8966,0.8988,6351.66
coinbase,USDCEUR,1678646040000,2023-03-12 18:34:00,0.8982,0.9006,0.8975,0.9006,5115.59
coinbase,USDCEUR,1678646160000,2023-03-12 18:36:00,0.8999,0.9,0.8999,0.9,10403.53
coinbase,USDCEUR,1678646220000,2023-03-12 18:37:00,0.9006,0.9015,0.9006,0.9015,8151.51
coinbase,USDCEUR,1678646340000,2023-03-12 18:39:00,0.9015,0.9022,0.9015,0.9022,5133.91
coinbase,USDCEUR,1678646400000,2023-03-12 18:40:00,0.9022,0.9042,0.9022,0.9042,205.24
coinbase,USDCEUR,1678646520000,2023-03-12 18:42:00,0.9041,0.9042,0.9041,0.9042,1994.7
coinbase,USDCEUR,1678646640000,2023-03-12 18:44:00,0.9039,0.9039,0.9039,0.9039,2378.39
coinbase,USDCEUR,1678646700000,2023-03-12 18:45:00,0.9055,0.9055,0.9047,0.9047,15272.34
coinbase,USDCEUR,1678647000000,2023-03-12 18:50:00,0.9047,0.906,0.9047,0.906,2940.76
coinbase,USDCEUR,1678647060000,2023-03-12 18:51:00,0.906,0.906,0.906,0.906,1799.82
coinbase,USDCEUR,1678647180000,2023-03-12 18:53:00,0.906,0.9066,0.9055,0.9055,8438.87
coinbase,USDCEUR,1678647420000,2023-03-12 18:57:00,0.9051,0.9051,0.9048,0.9048,353.42
coinbase,USDCEUR,1678647540000,2023-03-12 18:59:00,0.9046,0.9046,0.904,0.904,154.72
coinbase,USDCEUR,1678647600000,2023-03-12 19:00:00,0.904,0.904,0.9036,0.9036,66.15
coinbase,USDCEUR,1678647840000,2023-03-12 19:04:00,0.9036,0.9036,0.9032,0.9032,132.43
coinbase,USDCEUR,1678647900000,2023-03-12 19:05:00,0.9033,0.9033,0.9033,0.9033,132.28
coinbase,USDCEUR,1678648440000,2023-03-12 19:14:00,0.9035,0.9035,0.9023,0.9028,382.49
coinbase,USDCEUR,1678648680000,2023-03-12 19:18:00,0.9027,0.9027,0.9008,0.9023,29485.35
coinbase,USDCEUR,1678648740000,2023-03-12 19:19:00,0.9015,0.9015,0.9012,0.9012,1435.3
coinbase,USDCEUR,1678648800000,2023-03-12 19:20:00,0.9012,0.9013,0.9,0.9,5061.09
coinbase,USDCEUR,1678648860000,2023-03-12 19:21:00,0.9,0.9,0.9,0.9,21752.83
coinbase,USDCEUR,1678648920000,2023-03-12 19:22:00,0.9,0.9,0.9,0.9,28396.78
coinbase,USDCEUR,1678648980000,2023-03-12 19:23:00,0.9,0.9,0.8999,0.9,3447.39
coinbase,USDCEUR,1678649040000,2023-03-12 19:24:00,0.9,0.9,0.8997,0.9,11418.3
coinbase,USDCEUR,1678649220000,2023-03-12 19:27:00,0.9,0.9,0.8998,0.8998,1047.99
coinbase,USDCEUR,1678649280000,2023-03-12 19:28:00,0.9,0.9,0.8998,0.8998,3432.39
coinbase,USDCEUR,1678649400000,2023-03-12 19:30:00,0.9,0.9,0.9,0.9,52313.91
coinbase,USDCEUR,1678649460000,2023-03-12 19:31:00,0.9,0.9,0.9,0.9,27782.85
coinbase,USDCEUR,1678649520000,2023-03-12 19:32:00,0.9,0.9,0.8996,0.8996,1390.59
coinbase,USDCEUR,1678649760000,2023-03-12 19:36:00,0.899,0.9,0.899,0.9,9187.62
coinbase,USDCEUR,1678649820000,2023-03-12 19:37:00,0.8994,0.8994,0.899,0.899,35677.28
coinbase,USDCEUR,1678649940000,2023-03-12 19:39:00,0.899,0.899,0.899,0.899,25656.67
coinbase,USDCEUR,1678650360000,2023-03-12 19:46:00,0.9,0.9,0.9,0.9,265.16
coinbase,USDCEUR,1678650420000,2023-03-12 19:47:00,0.9007,0.9007,0.9007,0.9007,3168.4
coinbase,USDCEUR,1678650720000,2023-03-12 19:52:00,0.9,0.9,0.9,0.9,249.14
coinbase,USDCEUR,1678650900000,2023-03-12 19:55:00,0.8998,0.8998,0.8991,0.8991,227.3
coinbase,USDCEUR,1678651200000,2023-03-12 20:00:00,0.8975,0.8975,0.897,0.897,400.9
coinbase,USDCEUR,1678615620000,2023-03-12 10:07:00,0.8931,0.8932,0.8931,0.8932,131.43
coinbase,USDCEUR,1678615860000,2023-03-12 10:11:00,0.8932,0.8932,0.8927,0.8928,323.36
coinbase,USDCEUR,1678616040000,2023-03-12 10:14:00,0.8928,0.8928,0.8927,0.8927,1000
coinbase,USDCEUR,1678616700000,2023-03-12 10:25:00,0.8929,0.8929,0.891,0.891,51000
coinbase,USDCEUR,1678616760000,2023-03-12 10:26:00,0.891,0.891,0.89,0.89,99999.98
coinbase,USDCEUR,1678617000000,2023-03-12 10:30:00,0.89,0.8925,0.89,0.8925,42639.19
coinbase,USDCEUR,1678617060000,2023-03-12 10:31:00,0.8925,0.8928,0.8925,0.8928,529.05
coinbase,USDCEUR,1678617240000,2023-03-12 10:34:00,0.8923,0.8925,0.8923,0.8925,830.91
coinbase,USDCEUR,1678617300000,2023-03-12 10:35:00,0.8926,0.8927,0.8926,0.8927,2562.8
coinbase,USDCEUR,1678617720000,2023-03-12 10:42:00,0.8927,0.8934,0.8927,0.8934,2142.59
coinbase,USDCEUR,1678617780000,2023-03-12 10:43:00,0.8933,0.8935,0.8933,0.8935,499.08
coinbase,USDCEUR,1678617960000,2023-03-12 10:46:00,0.894,0.8944,0.894,0.8944,5107.6
coinbase,USDCEUR,1678618200000,2023-03-12 10:50:00,0.8944,0.895,0.8944,0.895,2019.61
coinbase,USDCEUR,1678618440000,2023-03-12 10:54:00,0.8949,0.8952,0.8947,0.8952,3527.74
coinbase,USDCEUR,1678618740000,2023-03-12 10:59:00,0.8951,0.8951,0.8951,0.8951,22.34
coinbase,USDCEUR,1678618860000,2023-03-12 11:01:00,0.895,0.8951,0.894,0.8951,3496.64
coinbase,USDCEUR,1678619220000,2023-03-12 11:07:00,0.8951,0.8957,0.8951,0.8957,126.3
coinbase,USDCEUR,1678619580000,2023-03-12 11:13:00,0.8957,0.8958,0.8957,0.8957,1251.75
coinbase,USDCEUR,1678619640000,2023-03-12 11:14:00,0.8957,0.8958,0.8957,0.8957,12043.48
coinbase,USDCEUR,1678619700000,2023-03-12 11:15:00,0.8957,0.8957,0.8957,0.8957,2088.77
coinbase,USDCEUR,1678619760000,2023-03-12 11:16:00,0.8957,0.8957,0.8957,0.8957,1989.5
coinbase,USDCEUR,1678619820000,2023-03-12 11:17:00,0.8957,0.8958,0.8957,0.8958,2751.92
coinbase,USDCEUR,1678619880000,2023-03-12 11:18:00,0.8964,0.8964,0.8964,0.8964,9999.99
coinbase,USDCEUR,1678619940000,2023-03-12 11:19:00,0.8963,0.8967,0.8963,0.8967,10192.25
coinbase,USDCEUR,1678620000000,2023-03-12 11:20:00,0.8967,0.8968,0.8967,0.8968,3398.93
coinbase,USDCEUR,1678620060000,2023-03-12 11:21:00,0.8968,0.8971,0.8968,0.8968,5955.97
coinbase,USDCEUR,1678620180000,2023-03-12 11:23:00,0.8968,0.8971,0.8968,0.8971,5254.95
coinbase,USDCEUR,1678620300000,2023-03-12 11:25:00,0.8971,0.8971,0.8971,0.8971,4175.96
coinbase,USDCEUR,1678620360000,2023-03-12 11:26:00,0.8971,0.8971,0.8971,0.8971,3214.11
coinbase,USDCEUR,1678620540000,2023-03-12 11:29:00,0.8987,0.8987,0.898,0.898,112.19
coinbase,USDCEUR,1678621200000,2023-03-12 11:40:00,0.8978,0.8978,0.8969,0.8969,366.93
coinbase,USDCEUR,1678621320000,2023-03-12 11:42:00,0.8969,0.8969,0.8961,0.8961,181.56
coinbase,USDCEUR,1678621380000,2023-03-12 11:43:00,0.8966,0.8966,0.8961,0.8961,57.72
coinbase,USDCEUR,1678621620000,2023-03-12 11:47:00,0.8962,0.8962,0.8949,0.896,204.76
coinbase,USDCEUR,1678621920000,2023-03-12 11:52:00,0.896,0.896,0.894,0.894,670.38
coinbase,USDCEUR,1678622520000,2023-03-12 12:02:00,0.8947,0.8947,0.8932,0.8932,351.44
coinbase,USDCEUR,1678622760000,2023-03-12 12:06:00,0.8932,0.8932,0.8923,0.8923,117.6
coinbase,USDCEUR,1678623240000,2023-03-12 12:14:00,0.8923,0.8923,0.8917,0.8917,1174.14
coinbase,USDCEUR,1678623660000,2023-03-12 12:21:00,0.8924,0.8926,0.8924,0.8926,2087.32
coinbase,USDCEUR,1678624680000,2023-03-12 12:38:00,0.8914,0.8918,0.8914,0.8918,438.08
coinbase,USDCEUR,1678625760000,2023-03-12 12:56:00,0.8915,0.8916,0.8915,0.8916,2137.65
coinbase,USDCEUR,1678625820000,2023-03-12 12:57:00,0.8916,0.8916,0.8916,0.8916,4175.24
coinbase,USDCEUR,1678625880000,2023-03-12 12:58:00,0.8916,0.8916,0.8916,0.8916,5219.05
coinbase,USDCEUR,1678626060000,2023-03-12 13:01:00,0.8916,0.8916,0.8916,0.8916,2395.44
coinbase,USDCEUR,1678626120000,2023-03-12 13:02:00,0.8916,0.8918,0.8916,0.8918,1221.41
coinbase,USDCEUR,1678626300000,2023-03-12 13:05:00,0.8918,0.8921,0.8918,0.8921,10.64
coinbase,USDCEUR,1678626360000,2023-03-12 13:06:00,0.8921,0.8921,0.8921,0.8921,989.37
coinbase,USDCEUR,1678626480000,2023-03-12 13:08:00,0.8925,0.8925,0.8925,0.8925,78
coinbase,USDCEUR,1678626540000,2023-03-12 13:09:00,0.8925,0.8931,0.8925,0.8931,62.07
coinbase,USDCEUR,1678626720000,2023-03-12 13:12:00,0.8931,0.8942,0.8931,0.8942,3173
coinbase,USDCEUR,1678626780000,2023-03-12 13:13:00,0.8944,0.895,0.8944,0.895,3000
coinbase,USDCEUR,1678626840000,2023-03-12 13:14:00,0.894,0.895,0.894,0.895,8009.27
coinbase,USDCEUR,1678626900000,2023-03-12 13:15:00,0.895,0.8951,0.8934,0.8934,8863.62
coinbase,USDCEUR,1678627020000,2023-03-12 13:17:00,0.8951,0.896,0.8951,0.896,190.48
coinbase,USDCEUR,1678627140000,2023-03-12 13:19:00,0.8973,0.8973,0.8973,0.8973,1
coinbase,USDCEUR,1678627200000,2023-03-12 13:20:00,0.8973,0.8974,0.8973,0.8974,9183.6
coinbase,USDCEUR,1678627320000,2023-03-12 13:22:00,0.8974,0.8974,0.8957,0.8957,3414.49
coinbase,USDCEUR,1678627620000,2023-03-12 13:27:00,0.8973,0.8974,0.8973,0.8973,1326.26
coinbase,USDCEUR,1678627800000,2023-03-12 13:30:00,0.8973,0.8974,0.8973,0.8974,8300.87
coinbase,USDCEUR,1678627860000,2023-03-12 13:31:00,0.8974,0.8975,0.8974,0.8975,5658.33
coinbase,USDCEUR,1678628160000,2023-03-12 13:36:00,0.8975,0.898,0.8975,0.898,4635.16
coinbase,USDCEUR,1678629000000,2023-03-12 13:50:00,0.8979,0.8979,0.8979,0.8979,2182.13
coinbase,USDCEUR,1678629060000,2023-03-12 13:51:00,0.8976,0.8976,0.8966,0.8966,20.98
coinbase,USDCEUR,1678629180000,2023-03-12 13:53:00,0.8957,0.8969,0.8957,0.8969,82.03
coinbase,USDCEUR,1678629600000,2023-03-12 14:00:00,0.8969,0.8969,0.8958,0.8958,1480.48
coinbase,USDCEUR,1678629960000,2023-03-12 14:06:00,0.8953,0.8953,0.895,0.895,4092.15
coinbase,USDCEUR,1678630260000,2023-03-12 14:11:00,0.8959,0.8961,0.8959,0.8961,2836.87
coinbase,USDCEUR,1678630800000,2023-03-12 14:20:00,0.8952,0.8952,0.8948,0.8948,229.22
coinbase,USDCEUR,1678630920000,2023-03-12 14:22:00,0.8949,0.8949,0.8932,0.8932,408.37
coinbase,USDCEUR,1678631280000,2023-03-12 14:28:00,0.8932,0.8932,0.8919,0.8919,293.18
coinbase,USDCEUR,1678631760000,2023-03-12 14:36:00,0.893,0.893,0.893,0.893,1082.84
coinbase,USDCEUR,1678631820000,2023-03-12 14:37:00,0.893,0.8931,0.893,0.8931,69.96
coinbase,USDCEUR,1678631880000,2023-03-12 14:38:00,0.8931,0.8935,0.8931,0.8935,125.09
coinbase,USDCEUR,1678632240000,2023-03-12 14:44:00,0.8935,0.8938,0.8935,0.8937,2828.58
coinbase,USDCEUR,1678632480000,2023-03-12 14:48:00,0.8937,0.8937,0.8937,0.8937,4915.05
coinbase,USDCEUR,1678632540000,2023-03-12 14:49:00,0.8937,0.8937,0.8937,0.8937,11060.91
coinbase,USDCEUR,1678632600000,2023-03-12 14:50:00,0.8937,0.8937,0.8936,0.8937,2538.94
coinbase,USDCEUR,1678632660000,2023-03-12 14:51:00,0.8937,0.8949,0.8937,0.8949,2096.3
coinbase,USDCEUR,1678632900000,2023-03-12 14:55:00,0.8949,0.8949,0.8949,0.8949,0.01
coinbase,USDCEUR,1678633140000,2023-03-12 14:59:00,0.8942,0.8942,0.8931,0.8931,1051.84
coinbase,USDCEUR,1678597200000,2023-03-12 05:00:00,0.9069,0.9069,0.9068,0.9069,205.61
coinbase,USDCEUR,1678597440000,2023-03-12 05:04:00,0.9069,0.9069,0.9056,0.9056,274.25
coinbase,USDCEUR,1678597680000,2023-03-12 05:08:00,0.9056,0.9063,0.9056,0.9063,86.72
coinbase,USDCEUR,1678600260000,2023-03-12 05:51:00,0.9063,0.9069,0.9063,0.9065,726.06
coinbase,USDCEUR,1678600740000,2023-03-12 05:59:00,0.9065,0.9065,0.906,0.906,2208.14
coinbase,USDCEUR,1678601160000,2023-03-12 06:06:00,0.906,0.906,0.9031,0.9032,417.87
coinbase,USDCEUR,1678601580000,2023-03-12 06:13:00,0.9042,0.9042,0.9031,0.9031,74.4
coinbase,USDCEUR,1678602120000,2023-03-12 06:22:00,0.9,0.9,0.9,0.9,1326.89
coinbase,USDCEUR,1678602420000,2023-03-12 06:27:00,0.9001,0.9001,0.9,0.9,3737.04
coinbase,USDCEUR,1678602600000,2023-03-12 06:30:00,0.9001,0.9001,0.9001,0.9001,64.09
coinbase,USDCEUR,1678602660000,2023-03-12 06:31:00,0.9,0.9,0.8967,0.8967,69.27
coinbase,USDCEUR,1678603200000,2023-03-12 06:40:00,0.8967,0.8967,0.8956,0.8956,139.9
coinbase,USDCEUR,1678603500000,2023-03-12 06:45:00,0.8956,0.8956,0.8956,0.8956,191.33
coinbase,USDCEUR,1678603740000,2023-03-12 06:49:00,0.8956,0.8956,0.8943,0.8943,327.87
coinbase,USDCEUR,1678603920000,2023-03-12 06:52:00,0.8943,0.8943,0.8855,0.8855,16270.29
coinbase,USDCEUR,1678604520000,2023-03-12 07:02:00,0.8911,0.8927,0.884,0.8914,5242.91
coinbase,USDCEUR,1678605420000,2023-03-12 07:17:00,0.8882,0.8893,0.8882,0.8893,4342.82
coinbase,USDCEUR,1678606140000,2023-03-12 07:29:00,0.8884,0.8884,0.884,0.884,1723.03
coinbase,USDCEUR,1678607940000,2023-03-12 07:59:00,0.8858,0.8874,0.8858,0.8874,8720.77
coinbase,USDCEUR,1678608000000,2023-03-12 08:00:00,0.8873,0.8873,0.8873,0.8873,202.36
coinbase,USDCEUR,1678608060000,2023-03-12 08:01:00,0.8872,0.8872,0.8872,0.8872,637
coinbase,USDCEUR,1678608120000,2023-03-12 08:02:00,0.8872,0.8872,0.8868,0.8869,8663.73
coinbase,USDCEUR,1678608180000,2023-03-12 08:03:00,0.8869,0.8872,0.8869,0.8872,66.69
coinbase,USDCEUR,1678608480000,2023-03-12 08:08:00,0.8872,0.8872,0.8868,0.8868,1109.51
coinbase,USDCEUR,1678608600000,2023-03-12 08:10:00,0.8868,0.8868,0.8868,0.8868,135.4
coinbase,USDCEUR,1678608660000,2023-03-12 08:11:00,0.8868,0.8871,0.8868,0.8871,3751.33
coinbase,USDCEUR,1678609260000,2023-03-12 08:21:00,0.8869,0.887,0.8869,0.887,753.36
coinbase,USDCEUR,1678609320000,2023-03-12 08:22:00,0.8871,0.8872,0.887,0.8872,4772.8
coinbase,USDCEUR,1678609560000,2023-03-12 08:26:00,0.8872,0.8883,0.8872,0.8883,6653.07
coinbase,USDCEUR,1678609800000,2023-03-12 08:30:00,0.8883,0.8892,0.8883,0.8892,56.13
coinbase,USDCEUR,1678610160000,2023-03-12 08:36:00,0.8892,0.8918,0.8892,0.8918,5165.11
coinbase,USDCEUR,1678611360000,2023-03-12 08:56:00,0.8892,0.8892,0.8889,0.8889,1218.22
coinbase,USDCEUR,1678611540000,2023-03-12 08:59:00,0.8888,0.8892,0.8888,0.8892,2511.77
coinbase,USDCEUR,1678612140000,2023-03-12 09:09:00,0.8912,0.8912,0.8908,0.8908,1222.88
coinbase,USDCEUR,1678612740000,2023-03-12 09:19:00,0.8914,0.8916,0.8914,0.8916,6453.78
coinbase,USDCEUR,1678612860000,2023-03-12 09:21:00,0.8915,0.8918,0.8915,0.8918,131.23
coinbase,USDCEUR,1678613460000,2023-03-12 09:31:00,0.8917,0.8926,0.8917,0.8926,899.58
coinbase,USDCEUR,1678614000000,2023-03-12 09:40:00,0.8942,0.8943,0.8939,0.894,6246.46
coinbase,USDCEUR,1678615140000,2023-03-12 09:59:00,0.8931,0.8931,0.8931,0.8931,65.75
coinbase,USDCEUR,1678579260000,2023-03-12 00:01:00,0.9023,0.9023,0.8988,0.9008,1438.99
coinbase,USDCEUR,1678579440000,2023-03-12 00:04:00,0.8998,0.8998,0.8983,0.8988,1478.18
coinbase,USDCEUR,1678579800000,2023-03-12 00:10:00,0.8988,0.9,0.8988,0.9,9451.5
coinbase,USDCEUR,1678579860000,2023-03-12 00:11:00,0.9,0.9,0.9,0.9,252.63
coinbase,USDCEUR,1678579920000,2023-03-12 00:12:00,0.9,0.9,0.8985,0.8985,2578.38
coinbase,USDCEUR,1678579980000,2023-03-12 00:13:00,0.8983,0.9,0.8969,0.897,7130.72
coinbase,USDCEUR,1678580040000,2023-03-12 00:14:00,0.8985,0.9,0.897,0.897,9667.76
coinbase,USDCEUR,1678580220000,2023-03-12 00:17:00,0.8972,0.8972,0.8947,0.8947,32437.4
coinbase,USDCEUR,1678580340000,2023-03-12 00:19:00,0.8944,0.8944,0.8944,0.8944,49.67
coinbase,USDCEUR,1678580400000,2023-03-12 00:20:00,0.8957,0.8958,0.8944,0.8957,17724.43
coinbase,USDCEUR,1678580460000,2023-03-12 00:21:00,0.8956,0.8957,0.8956,0.8957,16674.88
coinbase,USDCEUR,1678580520000,2023-03-12 00:22:00,0.8956,0.8957,0.8944,0.8957,18764.87
coinbase,USDCEUR,1678580580000,2023-03-12 00:23:00,0.8956,0.8958,0.8956,0.8958,14597.52
coinbase,USDCEUR,1678580640000,2023-03-12 00:24:00,0.8957,0.8958,0.8957,0.8958,17725.56
coinbase,USDCEUR,1678580700000,2023-03-12 00:25:00,0.8957,0.8959,0.8957,0.8959,19810.92
coinbase,USDCEUR,1678580760000,2023-03-12 00:26:00,0.8958,0.8959,0.8958,0.8959,17725.56
coinbase,USDCEUR,1678580820000,2023-03-12 00:27:00,0.8958,0.8959,0.8958,0.8959,15640.2
coinbase,USDCEUR,1678580880000,2023-03-12 00:28:00,0.8958,0.8959,0.8956,0.8959,7298.76
coinbase,USDCEUR,1678580940000,2023-03-12 00:29:00,0.8958,0.896,0.8958,0.8959,13554.84
coinbase,USDCEUR,1678581000000,2023-03-12 00:30:00,0.8958,0.8959,0.8958,0.8959,2085.36
coinbase,USDCEUR,1678581060000,2023-03-12 00:31:00,0.8959,0.8966,0.8959,0.8966,7298.76
coinbase,USDCEUR,1678581120000,2023-03-12 00:32:00,0.8965,0.8966,0.896,0.8965,9386.26
coinbase,USDCEUR,1678581240000,2023-03-12 00:34:00,0.8964,0.8965,0.8964,0.8965,2087.5
coinbase,USDCEUR,1678581300000,2023-03-12 00:35:00,0.8964,0.8968,0.8964,0.8968,5413.11
coinbase,USDCEUR,1678581360000,2023-03-12 00:36:00,0.8966,0.8978,0.8966,0.8978,8087.5
coinbase,USDCEUR,1678581480000,2023-03-12 00:38:00,0.8978,0.8978,0.8978,0.8978,12000
coinbase,USDCEUR,1678581540000,2023-03-12 00:39:00,0.8978,0.8978,0.8978,0.8978,1043.75
coinbase,USDCEUR,1678581600000,2023-03-12 00:40:00,0.8978,0.8978,0.8978,0.8978,5218.75
coinbase,USDCEUR,1678581660000,2023-03-12 00:41:00,0.8978,0.8978,0.8978,0.8978,7307.33
coinbase,USDCEUR,1678581720000,2023-03-12 00:42:00,0.8978,0.8978,0.8978,0.8978,3131.5
coinbase,USDCEUR,1678581780000,2023-03-12 00:43:00,0.8978,0.8978,0.8978,0.8978,2088
coinbase,USDCEUR,1678581840000,2023-03-12 00:44:00,0.8978,0.8978,0.8978,0.8978,5220
coinbase,USDCEUR,1678581900000,2023-03-12 00:45:00,0.8978,0.8978,0.8978,0.8978,4176
coinbase,USDCEUR,1678581960000,2023-03-12 00:46:00,0.8978,0.899,0.8978,0.899,4486.89
coinbase,USDCEUR,1678582140000,2023-03-12 00:49:00,0.8993,0.9015,0.8993,0.9001,7852.98
coinbase,USDCEUR,1678582380000,2023-03-12 00:53:00,0.8964,0.9005,0.8962,0.9005,2757.73
coinbase,USDCEUR,1678582560000,2023-03-12 00:56:00,0.9005,0.9005,0.9005,0.9005,2088
coinbase,USDCEUR,1678582620000,2023-03-12 00:57:00,0.9005,0.9005,0.9005,0.9005,8260.19
coinbase,USDCEUR,1678582740000,2023-03-12 00:59:00,0.9005,0.9014,0.9005,0.9014,1131.66
coinbase,USDCEUR,1678582800000,2023-03-12 01:00:00,0.9014,0.9028,0.9014,0.9024,7103.45
coinbase,USDCEUR,1678583100000,2023-03-12 01:05:00,0.9042,0.9058,0.9042,0.9058,1154.85
coinbase,USDCEUR,1678583160000,2023-03-12 01:06:00,0.9066,0.9066,0.9066,0.9066,2350.79
coinbase,USDCEUR,1678583820000,2023-03-12 01:17:00,0.9072,0.9107,0.9072,0.9107,1953.21
coinbase,USDCEUR,1678584540000,2023-03-12 01:29:00,0.9107,0.9129,0.9107,0.9129,115.07
coinbase,USDCEUR,1678585080000,2023-03-12 01:38:00,0.9129,0.9142,0.9129,0.9142,880.21
coinbase,USDCEUR,1678585560000,2023-03-12 01:46:00,0.9142,0.915,0.9142,0.915,521.71
coinbase,USDCEUR,1678585800000,2023-03-12 01:50:00,0.915,0.915,0.911,0.9121,7770.29
coinbase,USDCEUR,1678586100000,2023-03-12 01:55:00,0.9121,0.9121,0.9121,0.9121,3388.19
coinbase,USDCEUR,1678586160000,2023-03-12 01:56:00,0.9121,0.9121,0.9121,0.9121,3016.87
coinbase,USDCEUR,1678586820000,2023-03-12 02:07:00,0.9111,0.9111,0.9107,0.9107,142.58
coinbase,USDCEUR,1678586880000,2023-03-12 02:08:00,0.9107,0.9107,0.9107,0.9107,142.66
coinbase,USDCEUR,1678587060000,2023-03-12 02:11:00,0.9107,0.9107,0.91,0.91,5034.81
coinbase,USDCEUR,1678587120000,2023-03-12 02:12:00,0.91,0.91,0.9073,0.9073,255.57
coinbase,USDCEUR,1678587780000,2023-03-12 02:23:00,0.91,0.9111,0.91,0.911,2759.37
coinbase,USDCEUR,1678587900000,2023-03-12 02:25:00,0.9098,0.9098,0.9098,0.9098,9.99
coinbase,USDCEUR,1678587960000,2023-03-12 02:26:00,0.9098,0.9114,0.9098,0.9113,1575.51
coinbase,USDCEUR,1678588500000,2023-03-12 02:35:00,0.9099,0.9099,0.9099,0.9099,279.48
coinbase,USDCEUR,1678588980000,2023-03-12 02:43:00,0.9099,0.9099,0.9085,0.9085,69.22
coinbase,USDCEUR,1678589040000,2023-03-12 02:44:00,0.9085,0.9085,0.9073,0.9085,2256.12
coinbase,USDCEUR,1678589220000,2023-03-12 02:47:00,0.9082,0.9082,0.9082,0.9082,2552.63
coinbase,USDCEUR,1678590300000,2023-03-12 03:05:00,0.9081,0.9099,0.9081,0.9099,5206.78
coinbase,USDCEUR,1678590420000,2023-03-12 03:07:00,0.9099,0.9099,0.9099,0.9099,868.24
coinbase,USDCEUR,1678590720000,2023-03-12 03:12:00,0.9099,0.9113,0.9099,0.9113,136.57
coinbase,USDCEUR,1678590840000,2023-03-12 03:14:00,0.9113,0.9113,0.9113,0.9113,2.42
coinbase,USDCEUR,1678593000000,2023-03-12 03:50:00,0.9125,0.9125,0.91,0.91,124.51
coinbase,USDCEUR,1678594860000,2023-03-12 04:21:00,0.9122,0.9123,0.9122,0.9123,70.89
coinbase,USDCEUR,1678594980000,2023-03-12 04:23:00,0.9123,0.9123,0.9123,0.9123,48.28
coinbase,USDCEUR,1678595040000,2023-03-12 04:24:00,0.9122,0.9122,0.9122,0.9122,0.45
coinbase,USDCEUR,1678595460000,2023-03-12 04:31:00,0.91,0.91,0.909,0.909,102.76
coinbase,USDCEUR,1678595580000,2023-03-12 04:33:00,0.9091,0.9091,0.9082,0.9082,179.4
coinbase,USDCEUR,1678595760000,2023-03-12 04:36:00,0.9082,0.9082,0.9068,0.9068,202.16
coinbase,USDCEUR,1678597200000,2023-03-12 05:00:00,0.9069,0.9069,0.9068,0.9069,205.61
coinbase,USDCEUR,1678561560000,2023-03-11 19:06:00,0.8858,0.8858,0.8858,0.8858,208.14
coinbase,USDCEUR,1678561980000,2023-03-11 19:13:00,0.885,0.885,0.885,0.885,2621.47
coinbase,USDCEUR,1678562100000,2023-03-11 19:15:00,0.8857,0.8857,0.8843,0.8847,2733.66
coinbase,USDCEUR,1678562280000,2023-03-11 19:18:00,0.8851,0.8851,0.8851,0.8851,6484.92
coinbase,USDCEUR,1678562520000,2023-03-11 19:22:00,0.8847,0.8847,0.8845,0.8845,21.49
coinbase,USDCEUR,1678562700000,2023-03-11 19:25:00,0.8847,0.8847,0.8847,0.8847,599.99
coinbase,USDCEUR,1678562760000,2023-03-11 19:26:00,0.8848,0.8848,0.8844,0.8844,2087.8
coinbase,USDCEUR,1678563060000,2023-03-11 19:31:00,0.8844,0.8844,0.884,0.8842,4802.44
coinbase,USDCEUR,1678563120000,2023-03-11 19:32:00,0.8843,0.8844,0.8843,0.8844,3145.76
coinbase,USDCEUR,1678563240000,2023-03-11 19:34:00,0.8843,0.8844,0.8843,0.8844,14096.75
coinbase,USDCEUR,1678563300000,2023-03-11 19:35:00,0.8844,0.8859,0.8841,0.8851,3369.25
coinbase,USDCEUR,1678563360000,2023-03-11 19:36:00,0.8849,0.8849,0.8848,0.8848,18355.46
coinbase,USDCEUR,1678563540000,2023-03-11 19:39:00,0.8848,0.8849,0.8841,0.8841,2991.24
coinbase,USDCEUR,1678563720000,2023-03-11 19:42:00,0.8848,0.8848,0.8848,0.8848,2087.4
coinbase,USDCEUR,1678563780000,2023-03-11 19:43:00,0.8848,0.8848,0.8848,0.8848,5218.5
coinbase,USDCEUR,1678563840000,2023-03-11 19:44:00,0.8848,0.8848,0.8847,0.8847,5459.96
coinbase,USDCEUR,1678563960000,2023-03-11 19:46:00,0.8847,0.8847,0.8841,0.8841,1331.49
coinbase,USDCEUR,1678564080000,2023-03-11 19:48:00,0.8848,0.8862,0.8848,0.8862,2975.84
coinbase,USDCEUR,1678564320000,2023-03-11 19:52:00,0.8849,0.885,0.8843,0.885,1487.94
coinbase,USDCEUR,1678564500000,2023-03-11 19:55:00,0.8841,0.885,0.8838,0.8838,3098.37
coinbase,USDCEUR,1678564680000,2023-03-11 19:58:00,0.8843,0.8844,0.884,0.8844,14339.62
coinbase,USDCEUR,1678564920000,2023-03-11 20:02:00,0.8844,0.8861,0.884,0.884,10785.93
coinbase,USDCEUR,1678564980000,2023-03-11 20:03:00,0.884,0.884,0.884,0.884,17971.14
coinbase,USDCEUR,1678565040000,2023-03-11 20:04:00,0.884,0.884,0.884,0.884,4994.18
coinbase,USDCEUR,1678565160000,2023-03-11 20:06:00,0.884,0.884,0.884,0.884,1423.83
coinbase,USDCEUR,1678565280000,2023-03-11 20:08:00,0.884,0.89,0.884,0.8864,1935.63
coinbase,USDCEUR,1678565340000,2023-03-11 20:09:00,0.8898,0.89,0.8863,0.8871,13302.61
coinbase,USDCEUR,1678565400000,2023-03-11 20:10:00,0.8871,0.8899,0.8871,0.8897,4804.41
coinbase,USDCEUR,1678565520000,2023-03-11 20:12:00,0.8898,0.8907,0.8895,0.8907,12523.29
coinbase,USDCEUR,1678565580000,2023-03-11 20:13:00,0.8906,0.8909,0.8887,0.8887,1643.73
coinbase,USDCEUR,1678565700000,2023-03-11 20:15:00,0.8909,0.8918,0.8909,0.8918,1074.74
coinbase,USDCEUR,1678565760000,2023-03-11 20:16:00,0.8924,0.8924,0.8894,0.89,3095.01
coinbase,USDCEUR,1678565820000,2023-03-11 20:17:00,0.89,0.8935,0.89,0.8935,6900.67
coinbase,USDCEUR,1678565940000,2023-03-11 20:19:00,0.8931,0.8955,0.8931,0.8954,6262.38
coinbase,USDCEUR,1678566060000,2023-03-11 20:21:00,0.8962,0.8965,0.8962,0.8965,1043.73
coinbase,USDCEUR,1678566120000,2023-03-11 20:22:00,0.8945,0.8945,0.8926,0.8926,1776.5
coinbase,USDCEUR,1678566180000,2023-03-11 20:23:00,0.8944,0.8981,0.8944,0.8981,1541.46
coinbase,USDCEUR,1678566240000,2023-03-11 20:24:00,0.8986,0.8986,0.8986,0.8986,172.94
coinbase,USDCEUR,1678566300000,2023-03-11 20:25:00,0.8986,0.9,0.8986,0.9,23481.33
coinbase,USDCEUR,1678566360000,2023-03-11 20:26:00,0.8999,0.905,0.8983,0.905,11106.55
coinbase,USDCEUR,1678566480000,2023-03-11 20:28:00,0.9049,0.905,0.9049,0.905,9396
coinbase,USDCEUR,1678566540000,2023-03-11 20:29:00,0.9049,0.9077,0.9,0.9047,19750.53
coinbase,USDCEUR,1678566660000,2023-03-11 20:31:00,0.9047,0.9047,0.9021,0.9021,500
coinbase,USDCEUR,1678566720000,2023-03-11 20:32:00,0.9089,0.909,0.9089,0.909,16308
coinbase,USDCEUR,1678566780000,2023-03-11 20:33:00,0.9089,0.909,0.9052,0.9076,34397.08
coinbase,USDCEUR,1678566840000,2023-03-11 20:34:00,0.9063,0.9089,0.9063,0.9089,9396
coinbase,USDCEUR,1678566900000,2023-03-11 20:35:00,0.9088,0.909,0.9088,0.909,12396
coinbase,USDCEUR,1678566960000,2023-03-11 20:36:00,0.909,0.912,0.9089,0.912,22704
coinbase,USDCEUR,1678567020000,2023-03-11 20:37:00,0.912,0.912,0.9048,0.9048,7694.05
coinbase,USDCEUR,1678567080000,2023-03-11 20:38:00,0.9045,0.9045,0.9045,0.9045,1042.37
coinbase,USDCEUR,1678567140000,2023-03-11 20:39:00,0.906,0.912,0.906,0.9079,1219.08
coinbase,USDCEUR,1678567200000,2023-03-11 20:40:00,0.9078,0.9079,0.9078,0.9079,2088
coinbase,USDCEUR,1678567380000,2023-03-11 20:43:00,0.9062,0.9079,0.9062,0.9079,2200.68
coinbase,USDCEUR,1678567500000,2023-03-11 20:45:00,0.9078,0.9079,0.9071,0.9079,6263.34
coinbase,USDCEUR,1678567560000,2023-03-11 20:46:00,0.9078,0.9079,0.9042,0.9042,1926.24
coinbase,USDCEUR,1678567620000,2023-03-11 20:47:00,0.9074,0.9079,0.9054,0.9079,5819.43
coinbase,USDCEUR,1678567800000,2023-03-11 20:50:00,0.9043,0.9043,0.9036,0.9041,10831.97
coinbase,USDCEUR,1678567920000,2023-03-11 20:52:00,0.9053,0.9079,0.9042,0.9078,3920.14
coinbase,USDCEUR,1678567980000,2023-03-11 20:53:00,0.9078,0.912,0.9043,0.912,5264.47
coinbase,USDCEUR,1678568040000,2023-03-11 20:54:00,0.9119,0.912,0.9119,0.912,4638.14
coinbase,USDCEUR,1678568160000,2023-03-11 20:56:00,0.9119,0.913,0.9104,0.9104,40905.2
coinbase,USDCEUR,1678568340000,2023-03-11 20:59:00,0.914,0.9141,0.9073,0.914,13114.44
coinbase,USDCEUR,1678568400000,2023-03-11 21:00:00,0.914,0.914,0.914,0.914,715.88
coinbase,USDCEUR,1678568520000,2023-03-11 21:02:00,0.914,0.9142,0.9078,0.9122,6231.59
coinbase,USDCEUR,1678568580000,2023-03-11 21:03:00,0.9119,0.912,0.9103,0.9103,1115.07
coinbase,USDCEUR,1678569240000,2023-03-11 21:14:00,0.9103,0.9103,0.9073,0.9073,783.14
coinbase,USDCEUR,1678569420000,2023-03-11 21:17:00,0.9073,0.9073,0.9036,0.9036,141.11
coinbase,USDCEUR,1678569540000,2023-03-11 21:19:00,0.9036,0.9036,0.8901,0.8901,11785.43
coinbase,USDCEUR,1678569600000,2023-03-11 21:20:00,0.9021,0.9021,0.9,0.9,99.99
coinbase,USDCEUR,1678569660000,2023-03-11 21:21:00,0.8987,0.8987,0.895,0.895,3008.55
coinbase,USDCEUR,1678569780000,2023-03-11 21:23:00,0.8987,0.9019,0.8987,0.8994,219.08
coinbase,USDCEUR,1678569900000,2023-03-11 21:25:00,0.8988,0.8988,0.8988,0.8988,68.64
coinbase,USDCEUR,1678570020000,2023-03-11 21:27:00,0.8974,0.8975,0.8974,0.8975,871.83
coinbase,USDCEUR,1678570080000,2023-03-11 21:28:00,0.8974,0.8975,0.8966,0.8966,2794.16
coinbase,USDCEUR,1678570140000,2023-03-11 21:29:00,0.8967,0.8967,0.8967,0.8967,40.58
coinbase,USDCEUR,1678570200000,2023-03-11 21:30:00,0.8944,0.897,0.89,0.897,5501.71
coinbase,USDCEUR,1678570260000,2023-03-11 21:31:00,0.8921,0.8921,0.89,0.892,1173.95
coinbase,USDCEUR,1678570320000,2023-03-11 21:32:00,0.89,0.8952,0.8871,0.892,11211.37
coinbase,USDCEUR,1678570380000,2023-03-11 21:33:00,0.892,0.8934,0.8875,0.8875,3002.74
coinbase,USDCEUR,1678570500000,2023-03-11 21:35:00,0.8934,0.8944,0.892,0.892,4473.48
coinbase,USDCEUR,1678570680000,2023-03-11 21:38:00,0.8905,0.8905,0.8905,0.8905,4334.76
coinbase,USDCEUR,1678570920000,2023-03-11 21:42:00,0.8905,0.8905,0.8905,0.8905,3245.88
coinbase,USDCEUR,1678570980000,2023-03-11 21:43:00,0.8905,0.8905,0.8904,0.8905,9215.23
coinbase,USDCEUR,1678571100000,2023-03-11 21:45:00,0.8901,0.896,0.889,0.896,5134.59
coinbase,USDCEUR,1678571160000,2023-03-11 21:46:00,0.8959,0.896,0.8922,0.896,16568.88
coinbase,USDCEUR,1678571220000,2023-03-11 21:47:00,0.8959,0.896,0.8931,0.8931,1108.81
coinbase,USDCEUR,1678571280000,2023-03-11 21:48:00,0.8931,0.896,0.893,0.896,4047.14
coinbase,USDCEUR,1678571400000,2023-03-11 21:50:00,0.8959,0.896,0.8959,0.896,5218.8
coinbase,USDCEUR,1678571460000,2023-03-11 21:51:00,0.896,0.896,0.8945,0.8945,3298.96
coinbase,USDCEUR,1678571880000,2023-03-11 21:58:00,0.893,0.894,0.893,0.894,5560.76
coinbase,USDCEUR,1678571940000,2023-03-11 21:59:00,0.894,0.894,0.894,0.894,1124.79
coinbase,USDCEUR,1678572000000,2023-03-11 22:00:00,0.8932,0.894,0.893,0.894,5468.26
coinbase,USDCEUR,1678572060000,2023-03-11 22:01:00,0.894,0.895,0.894,0.895,5706.14
coinbase,USDCEUR,1678572300000,2023-03-11 22:05:00,0.8944,0.8944,0.8936,0.894,3131.37
coinbase,USDCEUR,1678572420000,2023-03-11 22:07:00,0.8936,0.8937,0.893,0.893,4503.08
coinbase,USDCEUR,1678572600000,2023-03-11 22:10:00,0.8934,0.8934,0.8934,0.8934,1043.79
coinbase,USDCEUR,1678572660000,2023-03-11 22:11:00,0.893,0.8931,0.8899,0.8931,2545.37
coinbase,USDCEUR,1678572840000,2023-03-11 22:14:00,0.8923,0.8924,0.8909,0.891,7570.79
coinbase,USDCEUR,1678572960000,2023-03-11 22:16:00,0.891,0.8915,0.8856,0.8915,17890.38
coinbase,USDCEUR,1678573020000,2023-03-11 22:17:00,0.8917,0.8935,0.8914,0.8935,7550.11
coinbase,USDCEUR,1678573380000,2023-03-11 22:23:00,0.8938,0.894,0.8938,0.894,2929.05
coinbase,USDCEUR,1678573440000,2023-03-11 22:24:00,0.894,0.894,0.894,0.894,5298.42
coinbase,USDCEUR,1678573560000,2023-03-11 22:26:00,0.8933,0.8944,0.8898,0.8944,6298.19
coinbase,USDCEUR,1678573800000,2023-03-11 22:30:00,0.8931,0.8931,0.8917,0.8917,12350.78
coinbase,USDCEUR,1678573920000,2023-03-11 22:32:00,0.8917,0.8924,0.8917,0.8924,2026.33
coinbase,USDCEUR,1678574340000,2023-03-11 22:39:00,0.8918,0.8926,0.8917,0.8926,3460.14
coinbase,USDCEUR,1678574580000,2023-03-11 22:43:00,0.8928,0.8934,0.89,0.89,7277.13
coinbase,USDCEUR,1678575600000,2023-03-11 23:00:00,0.8894,0.8914,0.8894,0.8914,711.03
coinbase,USDCEUR,1678575660000,2023-03-11 23:01:00,0.8914,0.8915,0.891,0.891,3254.81
coinbase,USDCEUR,1678576140000,2023-03-11 23:09:00,0.891,0.891,0.8908,0.8908,1737.95
coinbase,USDCEUR,1678576380000,2023-03-11 23:13:00,0.8915,0.8915,0.8914,0.8915,2580.31
coinbase,USDCEUR,1678576500000,2023-03-11 23:15:00,0.8915,0.8915,0.8915,0.8915,3517.08
coinbase,USDCEUR,1678576620000,2023-03-11 23:17:00,0.8915,0.8915,0.8908,0.8908,22295.09
coinbase,USDCEUR,1678577460000,2023-03-11 23:31:00,0.8915,0.896,0.8915,0.896,328.6
coinbase,USDCEUR,1678577520000,2023-03-11 23:32:00,0.896,0.896,0.896,0.896,7389.6
coinbase,USDCEUR,1678577580000,2023-03-11 23:33:00,0.896,0.896,0.896,0.896,8385
coinbase,USDCEUR,1678577640000,2023-03-11 23:34:00,0.896,0.896,0.896,0.896,11639
coinbase,USDCEUR,1678577700000,2023-03-11 23:35:00,0.896,0.896,0.896,0.896,4811.82
coinbase,USDCEUR,1678577760000,2023-03-11 23:36:00,0.896,0.897,0.896,0.897,126.73
coinbase,USDCEUR,1678577940000,2023-03-11 23:39:00,0.897,0.8988,0.897,0.8988,196.89
coinbase,USDCEUR,1678578120000,2023-03-11 23:42:00,0.9022,0.9024,0.9022,0.9024,480.7
coinbase,USDCEUR,1678578180000,2023-03-11 23:43:00,0.9024,0.9024,0.9024,0.9024,9229.7
coinbase,USDCEUR,1678578300000,2023-03-11 23:45:00,0.9027,0.9033,0.9027,0.9033,4259.6
coinbase,USDCEUR,1678578540000,2023-03-11 23:49:00,0.9033,0.9035,0.9033,0.9035,973.99
coinbase,USDCEUR,1678578600000,2023-03-11 23:50:00,0.9035,0.9035,0.9022,0.9022,10.06
coinbase,USDCEUR,1678578840000,2023-03-11 23:54:00,0.9035,0.9072,0.9035,0.9043,282.45
coinbase,USDCEUR,1678543200000,2023-03-11 14:00:00,0.8479,0.848,0.8443,0.8443,3201.44
coinbase,USDCEUR,1678543260000,2023-03-11 14:01:00,0.8467,0.848,0.8467,0.848,5219.6
coinbase,USDCEUR,1678543320000,2023-03-11 14:02:00,0.8479,0.85,0.8464,0.85,43848.59
coinbase,USDCEUR,1678543380000,2023-03-11 14:03:00,0.8499,0.85,0.8476,0.8477,4175.71
coinbase,USDCEUR,1678543440000,2023-03-11 14:04:00,0.8476,0.8477,0.8443,0.8464,23135.77
coinbase,USDCEUR,1678543500000,2023-03-11 14:05:00,0.8464,0.8475,0.8454,0.8468,11159.1
coinbase,USDCEUR,1678543560000,2023-03-11 14:06:00,0.8467,0.8483,0.8467,0.8483,3410.3
coinbase,USDCEUR,1678543620000,2023-03-11 14:07:00,0.8483,0.8493,0.8483,0.8493,5564.36
coinbase,USDCEUR,1678543680000,2023-03-11 14:08:00,0.8493,0.85,0.8488,0.8488,1263.65
coinbase,USDCEUR,1678543740000,2023-03-11 14:09:00,0.8482,0.8484,0.8481,0.8484,2440.59
coinbase,USDCEUR,1678544160000,2023-03-11 14:16:00,0.8484,0.8487,0.8484,0.8487,272.46
coinbase,USDCEUR,1678544280000,2023-03-11 14:18:00,0.8487,0.8487,0.8487,0.8487,2101.6
coinbase,USDCEUR,1678544340000,2023-03-11 14:19:00,0.8487,0.8499,0.8487,0.8499,6374.03
coinbase,USDCEUR,1678544400000,2023-03-11 14:20:00,0.8499,0.8504,0.8499,0.8504,1525.04
coinbase,USDCEUR,1678544460000,2023-03-11 14:21:00,0.8507,0.8507,0.8507,0.8507,2600.41
coinbase,USDCEUR,1678544580000,2023-03-11 14:23:00,0.8507,0.8512,0.8507,0.8511,278.19
coinbase,USDCEUR,1678545000000,2023-03-11 14:30:00,0.8509,0.8522,0.8502,0.8512,8221.13
coinbase,USDCEUR,1678545120000,2023-03-11 14:32:00,0.8512,0.852,0.8503,0.852,6397.37
coinbase,USDCEUR,1678545180000,2023-03-11 14:33:00,0.852,0.8521,0.852,0.8521,7094.88
coinbase,USDCEUR,1678545240000,2023-03-11 14:34:00,0.852,0.852,0.852,0.852,2299.44
coinbase,USDCEUR,1678545300000,2023-03-11 14:35:00,0.852,0.852,0.852,0.852,1943.99
coinbase,USDCEUR,1678545360000,2023-03-11 14:36:00,0.852,0.8531,0.8514,0.8514,14810.49
coinbase,USDCEUR,1678545480000,2023-03-11 14:38:00,0.8531,0.8532,0.8531,0.8532,2088
coinbase,USDCEUR,1678545540000,2023-03-11 14:39:00,0.8533,0.8537,0.8532,0.8537,2088
coinbase,USDCEUR,1678545600000,2023-03-11 14:40:00,0.8537,0.8537,0.8537,0.8537,4553.31
coinbase,USDCEUR,1678545660000,2023-03-11 14:41:00,0.8537,0.8543,0.8537,0.8543,4312.22
coinbase,USDCEUR,1678545720000,2023-03-11 14:42:00,0.8543,0.8543,0.8542,0.8543,11651.43
coinbase,USDCEUR,1678545780000,2023-03-11 14:43:00,0.8543,0.8543,0.8543,0.8543,13545.17
coinbase,USDCEUR,1678545840000,2023-03-11 14:44:00,0.8543,0.8544,0.8543,0.8543,15716.92
coinbase,USDCEUR,1678545900000,2023-03-11 14:45:00,0.8543,0.8546,0.8543,0.8546,3583
coinbase,USDCEUR,1678546260000,2023-03-11 14:51:00,0.8549,0.8551,0.8547,0.8551,2105.21
coinbase,USDCEUR,1678546320000,2023-03-11 14:52:00,0.8551,0.8551,0.8551,0.8551,1044
coinbase,USDCEUR,1678546380000,2023-03-11 14:53:00,0.8551,0.8553,0.8551,0.8553,3232
coinbase,USDCEUR,1678546440000,2023-03-11 14:54:00,0.8553,0.8558,0.8553,0.8558,2963.24
coinbase,USDCEUR,1678546500000,2023-03-11 14:55:00,0.8556,0.8558,0.8551,0.8558,1974.1
coinbase,USDCEUR,1678546740000,2023-03-11 14:59:00,0.8557,0.8559,0.8557,0.8559,2809.71
coinbase,USDCEUR,1678546800000,2023-03-11 15:00:00,0.856,0.856,0.856,0.856,1525
coinbase,USDCEUR,1678546860000,2023-03-11 15:01:00,0.8562,0.8562,0.8562,0.8562,53.17
coinbase,USDCEUR,1678546920000,2023-03-11 15:02:00,0.8562,0.8562,0.8562,0.8562,0.01
coinbase,USDCEUR,1678547040000,2023-03-11 15:04:00,0.8566,0.8566,0.8565,0.8565,6141.54
coinbase,USDCEUR,1678547160000,2023-03-11 15:06:00,0.8587,0.8587,0.8576,0.8576,564.36
coinbase,USDCEUR,1678547400000,2023-03-11 15:10:00,0.8575,0.8575,0.8504,0.8566,18194.15
coinbase,USDCEUR,1678547520000,2023-03-11 15:12:00,0.8571,0.8572,0.8571,0.8572,1043.77
coinbase,USDCEUR,1678547580000,2023-03-11 15:13:00,0.8564,0.8573,0.8564,0.8565,2146.25
coinbase,USDCEUR,1678547760000,2023-03-11 15:16:00,0.8573,0.8579,0.8571,0.8572,6450.81
coinbase,USDCEUR,1678548240000,2023-03-11 15:24:00,0.8572,0.8572,0.8548,0.8567,2800
coinbase,USDCEUR,1678548300000,2023-03-11 15:25:00,0.8568,0.8568,0.8559,0.8559,2543.99
coinbase,USDCEUR,1678548360000,2023-03-11 15:26:00,0.8568,0.8571,0.8568,0.8571,8085.31
coinbase,USDCEUR,1678548420000,2023-03-11 15:27:00,0.8574,0.8574,0.8571,0.8571,2199.98
coinbase,USDCEUR,1678548480000,2023-03-11 15:28:00,0.8573,0.8573,0.8551,0.8551,3446.62
coinbase,USDCEUR,1678548540000,2023-03-11 15:29:00,0.8564,0.8564,0.8543,0.8543,6500
coinbase,USDCEUR,1678548720000,2023-03-11 15:32:00,0.8565,0.8565,0.8563,0.8564,4697.39
coinbase,USDCEUR,1678548780000,2023-03-11 15:33:00,0.8564,0.8565,0.8562,0.8562,6954.47
coinbase,USDCEUR,1678548840000,2023-03-11 15:34:00,0.8562,0.8565,0.8562,0.8565,5883.75
coinbase,USDCEUR,1678548900000,2023-03-11 15:35:00,0.8565,0.8572,0.8562,0.8572,1147.37
coinbase,USDCEUR,1678549080000,2023-03-11 15:38:00,0.8572,0.8572,0.8572,0.8572,2443.91
coinbase,USDCEUR,1678549140000,2023-03-11 15:39:00,0.8571,0.8571,0.8571,0.8571,9.27
coinbase,USDCEUR,1678549260000,2023-03-11 15:41:00,0.8571,0.8572,0.8571,0.8572,13392.4
coinbase,USDCEUR,1678549320000,2023-03-11 15:42:00,0.8572,0.8575,0.8572,0.8575,10754.17
coinbase,USDCEUR,1678549380000,2023-03-11 15:43:00,0.8575,0.8603,0.8575,0.8603,2642.01
coinbase,USDCEUR,1678549860000,2023-03-11 15:51:00,0.8605,0.8605,0.8605,0.8605,199.99
coinbase,USDCEUR,1678550100000,2023-03-11 15:55:00,0.8605,0.8606,0.8605,0.8606,928.85
coinbase,USDCEUR,1678550340000,2023-03-11 15:59:00,0.8598,0.8598,0.8598,0.8598,863.45
coinbase,USDCEUR,1678550700000,2023-03-11 16:05:00,0.8579,0.8591,0.8579,0.8591,317.43
coinbase,USDCEUR,1678551000000,2023-03-11 16:10:00,0.858,0.859,0.8578,0.859,1665.83
coinbase,USDCEUR,1678551120000,2023-03-11 16:12:00,0.858,0.858,0.8578,0.8578,2700
coinbase,USDCEUR,1678551300000,2023-03-11 16:15:00,0.859,0.8599,0.8584,0.8584,498.45
coinbase,USDCEUR,1678551540000,2023-03-11 16:19:00,0.8599,0.8599,0.8598,0.8598,2679.24
coinbase,USDCEUR,1678552080000,2023-03-11 16:28:00,0.8596,0.8596,0.8595,0.8595,10442.34
coinbase,USDCEUR,1678552140000,2023-03-11 16:29:00,0.8598,0.8599,0.8598,0.8598,208.97
coinbase,USDCEUR,1678552500000,2023-03-11 16:35:00,0.8602,0.8606,0.8597,0.8606,476.69
coinbase,USDCEUR,1678552560000,2023-03-11 16:36:00,0.8606,0.8612,0.8606,0.8612,282.13
coinbase,USDCEUR,1678552680000,2023-03-11 16:38:00,0.8612,0.8619,0.8612,0.8619,1972.79
coinbase,USDCEUR,1678552740000,2023-03-11 16:39:00,0.8619,0.8625,0.8619,0.8625,55.52
coinbase,USDCEUR,1678552860000,2023-03-11 16:41:00,0.8625,0.8625,0.8625,0.8625,10.87
coinbase,USDCEUR,1678553160000,2023-03-11 16:46:00,0.8626,0.8655,0.8626,0.8655,400.61
coinbase,USDCEUR,1678553700000,2023-03-11 16:55:00,0.8656,0.8656,0.8649,0.8652,2493.79
coinbase,USDCEUR,1678553760000,2023-03-11 16:56:00,0.8656,0.8656,0.8656,0.8656,682.92
coinbase,USDCEUR,1678554420000,2023-03-11 17:07:00,0.8656,0.875,0.8656,0.875,2614.4
coinbase,USDCEUR,1678554840000,2023-03-11 17:14:00,0.8698,0.872,0.8685,0.8699,2038.23
coinbase,USDCEUR,1678555020000,2023-03-11 17:17:00,0.872,0.875,0.872,0.8727,82.03
coinbase,USDCEUR,1678555140000,2023-03-11 17:19:00,0.8727,0.8792,0.8727,0.8748,204.92
coinbase,USDCEUR,1678555380000,2023-03-11 17:23:00,0.8792,0.8795,0.8792,0.8795,2088
coinbase,USDCEUR,1678555500000,2023-03-11 17:25:00,0.877,0.877,0.8736,0.8736,6305.32
coinbase,USDCEUR,1678555560000,2023-03-11 17:26:00,0.877,0.88,0.877,0.8776,5578.1
coinbase,USDCEUR,1678555920000,2023-03-11 17:32:00,0.8767,0.8767,0.8761,0.8761,236.57
coinbase,USDCEUR,1678555980000,2023-03-11 17:33:00,0.876,0.876,0.8756,0.8756,338.4
coinbase,USDCEUR,1678556040000,2023-03-11 17:34:00,0.8762,0.8766,0.8757,0.8766,527.57
coinbase,USDCEUR,1678556220000,2023-03-11 17:37:00,0.8766,0.8766,0.8757,0.8757,4237.77
coinbase,USDCEUR,1678556400000,2023-03-11 17:40:00,0.8768,0.8768,0.8768,0.8768,136.18
coinbase,USDCEUR,1678556460000,2023-03-11 17:41:00,0.8768,0.8768,0.8767,0.8767,80.42
coinbase,USDCEUR,1678556640000,2023-03-11 17:44:00,0.8767,0.8768,0.8767,0.8768,921.25
coinbase,USDCEUR,1678556700000,2023-03-11 17:45:00,0.8768,0.8768,0.8754,0.8768,3825.68
coinbase,USDCEUR,1678556760000,2023-03-11 17:46:00,0.8768,0.8768,0.8768,0.8768,4350.23
coinbase,USDCEUR,1678556820000,2023-03-11 17:47:00,0.8767,0.8768,0.8767,0.8768,5921.65
coinbase,USDCEUR,1678556880000,2023-03-11 17:48:00,0.8768,0.8778,0.8768,0.8778,7860.87
coinbase,USDCEUR,1678557060000,2023-03-11 17:51:00,0.8777,0.8779,0.8765,0.8779,8339.46
coinbase,USDCEUR,1678557120000,2023-03-11 17:52:00,0.8779,0.8779,0.8779,0.8779,8835.9
coinbase,USDCEUR,1678557180000,2023-03-11 17:53:00,0.8779,0.8779,0.8779,0.8779,10990.35
coinbase,USDCEUR,1678557240000,2023-03-11 17:54:00,0.8779,0.8806,0.8749,0.8806,28280.3
coinbase,USDCEUR,1678557300000,2023-03-11 17:55:00,0.8794,0.8826,0.8794,0.8826,7173.82
coinbase,USDCEUR,1678557360000,2023-03-11 17:56:00,0.8826,0.8826,0.8826,0.8826,243.22
coinbase,USDCEUR,1678557420000,2023-03-11 17:57:00,0.8826,0.8826,0.8826,0.8826,690.75
coinbase,USDCEUR,1678557480000,2023-03-11 17:58:00,0.8826,0.884,0.8826,0.884,1464.44
coinbase,USDCEUR,1678557720000,2023-03-11 18:02:00,0.8844,0.8844,0.8843,0.8843,99.99
coinbase,USDCEUR,1678557780000,2023-03-11 18:03:00,0.8845,0.8845,0.8845,0.8845,8
coinbase,USDCEUR,1678557840000,2023-03-11 18:04:00,0.8844,0.8845,0.8844,0.8845,22173.72
coinbase,USDCEUR,1678557960000,2023-03-11 18:06:00,0.8845,0.8845,0.8844,0.8844,7043.43
coinbase,USDCEUR,1678558020000,2023-03-11 18:07:00,0.8844,0.8845,0.884,0.884,6798.04
coinbase,USDCEUR,1678558140000,2023-03-11 18:09:00,0.884,0.884,0.8826,0.8827,6970.83
coinbase,USDCEUR,1678558200000,2023-03-11 18:10:00,0.8827,0.884,0.8827,0.884,18388.86
coinbase,USDCEUR,1678558440000,2023-03-11 18:14:00,0.884,0.8844,0.884,0.8844,3209.59
coinbase,USDCEUR,1678558560000,2023-03-11 18:16:00,0.8844,0.8844,0.8828,0.8829,130.07
coinbase,USDCEUR,1678559160000,2023-03-11 18:26:00,0.8829,0.8829,0.878,0.8823,11306.92
coinbase,USDCEUR,1678559220000,2023-03-11 18:27:00,0.8823,0.8833,0.8823,0.8831,892.36
coinbase,USDCEUR,1678559280000,2023-03-11 18:28:00,0.883,0.8833,0.883,0.8833,4026.47
coinbase,USDCEUR,1678559340000,2023-03-11 18:29:00,0.8833,0.8835,0.8833,0.8835,600
coinbase,USDCEUR,1678559400000,2023-03-11 18:30:00,0.8835,0.8836,0.8835,0.8835,768.42
coinbase,USDCEUR,1678559460000,2023-03-11 18:31:00,0.8836,0.8838,0.883,0.883,1744.82
coinbase,USDCEUR,1678559700000,2023-03-11 18:35:00,0.883,0.8838,0.882,0.8838,2650.81
coinbase,USDCEUR,1678559820000,2023-03-11 18:37:00,0.8821,0.8821,0.882,0.882,6999.99
coinbase,USDCEUR,1678559880000,2023-03-11 18:38:00,0.8821,0.8838,0.8821,0.8821,6051.04
coinbase,USDCEUR,1678560060000,2023-03-11 18:41:00,0.8821,0.8831,0.8819,0.882,8101.94
coinbase,USDCEUR,1678560120000,2023-03-11 18:42:00,0.882,0.882,0.8808,0.8808,2450
coinbase,USDCEUR,1678560180000,2023-03-11 18:43:00,0.882,0.8836,0.88,0.8836,5055.61
coinbase,USDCEUR,1678560240000,2023-03-11 18:44:00,0.883,0.883,0.8829,0.8829,2734.92
coinbase,USDCEUR,1678560300000,2023-03-11 18:45:00,0.8829,0.883,0.8829,0.883,5465.05
coinbase,USDCEUR,1678560360000,2023-03-11 18:46:00,0.8829,0.8838,0.8829,0.8838,2463.96
coinbase,USDCEUR,1678560420000,2023-03-11 18:47:00,0.8838,0.8844,0.8838,0.8844,186.95
coinbase,USDCEUR,1678560480000,2023-03-11 18:48:00,0.8844,0.885,0.8808,0.8808,51432.25
coinbase,USDCEUR,1678560720000,2023-03-11 18:52:00,0.885,0.8852,0.8843,0.8852,2578.71
coinbase,USDCEUR,1678560780000,2023-03-11 18:53:00,0.8852,0.8855,0.8852,0.8854,3030.17
coinbase,USDCEUR,1678560840000,2023-03-11 18:54:00,0.8854,0.8855,0.8854,0.8854,1030.93
coinbase,USDCEUR,1678560900000,2023-03-11 18:55:00,0.8854,0.8855,0.8853,0.8855,2198.75
coinbase,USDCEUR,1678560960000,2023-03-11 18:56:00,0.8855,0.8855,0.8855,0.8855,1129.12
coinbase,USDCEUR,1678561140000,2023-03-11 18:59:00,0.8849,0.8858,0.8828,0.8858,52589.97
coinbase,USDCEUR,1678525200000,2023-03-11 09:00:00,0.8836,0.8859,0.8735,0.8757,8068.24
coinbase,USDCEUR,1678525260000,2023-03-11 09:01:00,0.8756,0.8779,0.8749,0.8761,4673.67
coinbase,USDCEUR,1678525320000,2023-03-11 09:02:00,0.8745,0.8745,0.8739,0.8739,1683.42
coinbase,USDCEUR,1678525380000,2023-03-11 09:03:00,0.8703,0.8733,0.8702,0.8733,1947.52
coinbase,USDCEUR,1678525440000,2023-03-11 09:04:00,0.8718,0.875,0.87,0.875,5708.57
coinbase,USDCEUR,1678525560000,2023-03-11 09:06:00,0.8749,0.8802,0.855,0.864,19733.41
coinbase,USDCEUR,1678525620000,2023-03-11 09:07:00,0.8608,0.8608,0.8595,0.8599,9612.62
coinbase,USDCEUR,1678525680000,2023-03-11 09:08:00,0.8598,0.8598,0.8598,0.8598,1644.8
coinbase,USDCEUR,1678525740000,2023-03-11 09:09:00,0.8594,0.8691,0.8594,0.8691,8909.31
coinbase,USDCEUR,1678525800000,2023-03-11 09:10:00,0.8623,0.8801,0.8622,0.8704,10512.29
coinbase,USDCEUR,1678525860000,2023-03-11 09:11:00,0.8799,0.8801,0.8713,0.8713,2386.37
coinbase,USDCEUR,1678525920000,2023-03-11 09:12:00,0.872,0.872,0.8717,0.8717,1780.21
coinbase,USDCEUR,1678525980000,2023-03-11 09:13:00,0.8788,0.8788,0.8719,0.8719,2021.1
coinbase,USDCEUR,1678526040000,2023-03-11 09:14:00,0.8739,0.874,0.8738,0.8739,5014.2
coinbase,USDCEUR,1678526100000,2023-03-11 09:15:00,0.8739,0.8747,0.8739,0.8747,5027.96
coinbase,USDCEUR,1678526220000,2023-03-11 09:17:00,0.8747,0.88,0.8747,0.88,84.51
coinbase,USDCEUR,1678526400000,2023-03-11 09:20:00,0.88,0.885,0.88,0.885,2633.59
coinbase,USDCEUR,1678526460000,2023-03-11 09:21:00,0.8789,0.8791,0.8785,0.8785,1365.48
coinbase,USDCEUR,1678526580000,2023-03-11 09:23:00,0.878,0.878,0.8779,0.8779,1233.96
coinbase,USDCEUR,1678526640000,2023-03-11 09:24:00,0.878,0.878,0.8779,0.8779,4464.32
coinbase,USDCEUR,1678526700000,2023-03-11 09:25:00,0.8748,0.8748,0.8631,0.8657,824.59
coinbase,USDCEUR,1678526760000,2023-03-11 09:26:00,0.8658,0.8658,0.863,0.863,2444.3
coinbase,USDCEUR,1678526820000,2023-03-11 09:27:00,0.8614,0.862,0.8595,0.8595,4465.29
coinbase,USDCEUR,1678526880000,2023-03-11 09:28:00,0.8595,0.8595,0.8532,0.8563,1132.56
coinbase,USDCEUR,1678526940000,2023-03-11 09:29:00,0.8604,0.8605,0.854,0.854,2386.59
coinbase,USDCEUR,1678527060000,2023-03-11 09:31:00,0.8549,0.8557,0.8516,0.8537,37046.12
coinbase,USDCEUR,1678527120000,2023-03-11 09:32:00,0.8542,0.8582,0.8542,0.855,6653.36
coinbase,USDCEUR,1678527180000,2023-03-11 09:33:00,0.8594,0.8595,0.8534,0.8592,14863.62
coinbase,USDCEUR,1678527240000,2023-03-11 09:34:00,0.8591,0.86,0.852,0.8575,16758.24
coinbase,USDCEUR,1678527300000,2023-03-11 09:35:00,0.856,0.8608,0.856,0.8594,8437.61
coinbase,USDCEUR,1678527420000,2023-03-11 09:37:00,0.8595,0.8595,0.8538,0.8576,2676.56
coinbase,USDCEUR,1678527540000,2023-03-11 09:39:00,0.8531,0.855,0.8518,0.8541,6129.99
coinbase,USDCEUR,1678527600000,2023-03-11 09:40:00,0.8523,0.854,0.8468,0.8468,27408.23
coinbase,USDCEUR,1678527660000,2023-03-11 09:41:00,0.8467,0.8471,0.8363,0.843,103920.36
coinbase,USDCEUR,1678527720000,2023-03-11 09:42:00,0.843,0.8453,0.843,0.8453,31540.35
coinbase,USDCEUR,1678527780000,2023-03-11 09:43:00,0.844,0.8453,0.84,0.84,61662.71
coinbase,USDCEUR,1678527840000,2023-03-11 09:44:00,0.84,0.84,0.84,0.84,21956.35
coinbase,USDCEUR,1678527900000,2023-03-11 09:45:00,0.84,0.84,0.84,0.84,11787.51
coinbase,USDCEUR,1678527960000,2023-03-11 09:46:00,0.84,0.84,0.8399,0.8399,19781.53
coinbase,USDCEUR,1678528020000,2023-03-11 09:47:00,0.8406,0.8406,0.8406,0.8406,4135.88
coinbase,USDCEUR,1678528080000,2023-03-11 09:48:00,0.8406,0.8482,0.8406,0.8482,9379.22
coinbase,USDCEUR,1678528140000,2023-03-11 09:49:00,0.8482,0.8512,0.8482,0.8505,1264.33
coinbase,USDCEUR,1678528200000,2023-03-11 09:50:00,0.8505,0.8512,0.8502,0.8512,1189.51
coinbase,USDCEUR,1678528260000,2023-03-11 09:51:00,0.8501,0.8506,0.8501,0.8506,327.61
coinbase,USDCEUR,1678528440000,2023-03-11 09:54:00,0.8507,0.8507,0.8505,0.8505,2839.97
coinbase,USDCEUR,1678528500000,2023-03-11 09:55:00,0.8507,0.8507,0.8506,0.8506,3167.87
coinbase,USDCEUR,1678528560000,2023-03-11 09:56:00,0.8506,0.853,0.8448,0.8448,22615.11
coinbase,USDCEUR,1678528620000,2023-03-11 09:57:00,0.8464,0.851,0.8442,0.845,19845.33
coinbase,USDCEUR,1678528680000,2023-03-11 09:58:00,0.8449,0.851,0.8438,0.845,87246.26
coinbase,USDCEUR,1678528740000,2023-03-11 09:59:00,0.845,0.845,0.8448,0.845,29604.1
coinbase,USDCEUR,1678528800000,2023-03-11 10:00:00,0.845,0.845,0.8448,0.845,9597.08
coinbase,USDCEUR,1678528860000,2023-03-11 10:01:00,0.845,0.845,0.8448,0.845,13912.06
coinbase,USDCEUR,1678528920000,2023-03-11 10:02:00,0.845,0.845,0.8448,0.845,28597.26
coinbase,USDCEUR,1678528980000,2023-03-11 10:03:00,0.845,0.845,0.8448,0.845,22718.9
coinbase,USDCEUR,1678529040000,2023-03-11 10:04:00,0.845,0.8462,0.845,0.846,24647.84
coinbase,USDCEUR,1678529100000,2023-03-11 10:05:00,0.846,0.8462,0.846,0.8462,12876.55
coinbase,USDCEUR,1678529160000,2023-03-11 10:06:00,0.8461,0.8462,0.846,0.8462,18302.06
coinbase,USDCEUR,1678529220000,2023-03-11 10:07:00,0.8461,0.8462,0.8461,0.8462,2605.62
coinbase,USDCEUR,1678529280000,2023-03-11 10:08:00,0.8461,0.8462,0.846,0.8462,20275.48
coinbase,USDCEUR,1678529340000,2023-03-11 10:09:00,0.846,0.8462,0.846,0.8462,15347.77
coinbase,USDCEUR,1678529400000,2023-03-11 10:10:00,0.8462,0.8462,0.8462,0.8462,3432.01
coinbase,USDCEUR,1678529460000,2023-03-11 10:11:00,0.8462,0.8462,0.8461,0.8461,4340.43
coinbase,USDCEUR,1678529520000,2023-03-11 10:12:00,0.8462,0.8462,0.8462,0.8462,2601.06
coinbase,USDCEUR,1678529580000,2023-03-11 10:13:00,0.8461,0.8462,0.846,0.846,14895.81
coinbase,USDCEUR,1678529640000,2023-03-11 10:14:00,0.8461,0.8461,0.8459,0.8459,3238.83
coinbase,USDCEUR,1678529700000,2023-03-11 10:15:00,0.8459,0.8459,0.8448,0.8449,10061.47
coinbase,USDCEUR,1678529760000,2023-03-11 10:16:00,0.845,0.845,0.8449,0.845,6000.27
coinbase,USDCEUR,1678529820000,2023-03-11 10:17:00,0.845,0.845,0.845,0.845,4438.76
coinbase,USDCEUR,1678529880000,2023-03-11 10:18:00,0.845,0.845,0.8448,0.845,4240.88
coinbase,USDCEUR,1678529940000,2023-03-11 10:19:00,0.8449,0.845,0.8449,0.845,3338.13
coinbase,USDCEUR,1678530000000,2023-03-11 10:20:00,0.845,0.845,0.8449,0.8449,3142.94
coinbase,USDCEUR,1678530120000,2023-03-11 10:22:00,0.8448,0.845,0.8448,0.845,4960.39
coinbase,USDCEUR,1678530180000,2023-03-11 10:23:00,0.845,0.845,0.8448,0.845,6141.3
coinbase,USDCEUR,1678530240000,2023-03-11 10:24:00,0.845,0.845,0.8448,0.845,7582.76
coinbase,USDCEUR,1678530300000,2023-03-11 10:25:00,0.8449,0.845,0.8449,0.845,5370.73
coinbase,USDCEUR,1678530360000,2023-03-11 10:26:00,0.845,0.845,0.8449,0.845,3669.57
coinbase,USDCEUR,1678530420000,2023-03-11 10:27:00,0.845,0.845,0.8449,0.845,11006.73
coinbase,USDCEUR,1678530480000,2023-03-11 10:28:00,0.845,0.846,0.8448,0.846,49971.39
coinbase,USDCEUR,1678530540000,2023-03-11 10:29:00,0.846,0.8508,0.846,0.8494,9625
coinbase,USDCEUR,1678530600000,2023-03-11 10:30:00,0.8508,0.8519,0.8504,0.8515,9000.97
coinbase,USDCEUR,1678530660000,2023-03-11 10:31:00,0.852,0.852,0.8519,0.852,2223.17
coinbase,USDCEUR,1678530720000,2023-03-11 10:32:00,0.8513,0.8513,0.8513,0.8513,1.19
coinbase,USDCEUR,1678530780000,2023-03-11 10:33:00,0.8513,0.8513,0.8513,0.8513,48.81
coinbase,USDCEUR,1678530900000,2023-03-11 10:35:00,0.8495,0.8497,0.8488,0.849,13579.4
coinbase,USDCEUR,1678531020000,2023-03-11 10:37:00,0.8513,0.8513,0.8462,0.8462,35895.71
coinbase,USDCEUR,1678531080000,2023-03-11 10:38:00,0.8461,0.8465,0.8438,0.8438,40993
coinbase,USDCEUR,1678531140000,2023-03-11 10:39:00,0.8453,0.8454,0.8452,0.8452,41491.32
coinbase,USDCEUR,1678531200000,2023-03-11 10:40:00,0.8439,0.844,0.8439,0.844,18888.89
coinbase,USDCEUR,1678531260000,2023-03-11 10:41:00,0.844,0.8466,0.8432,0.8432,19005.02
coinbase,USDCEUR,1678531320000,2023-03-11 10:42:00,0.8494,0.8494,0.8494,0.8494,46
coinbase,USDCEUR,1678531380000,2023-03-11 10:43:00,0.8486,0.8487,0.8478,0.8487,12105.34
coinbase,USDCEUR,1678531440000,2023-03-11 10:44:00,0.8479,0.8487,0.8479,0.8479,19481.44
coinbase,USDCEUR,1678531500000,2023-03-11 10:45:00,0.8479,0.8487,0.8477,0.8487,11960.58
coinbase,USDCEUR,1678531560000,2023-03-11 10:46:00,0.8477,0.8487,0.8477,0.8487,11796.34
coinbase,USDCEUR,1678531620000,2023-03-11 10:47:00,0.848,0.8487,0.848,0.8487,17008.56
coinbase,USDCEUR,1678531680000,2023-03-11 10:48:00,0.848,0.8487,0.8479,0.8487,9089.58
coinbase,USDCEUR,1678531740000,2023-03-11 10:49:00,0.848,0.8487,0.8479,0.8479,19090.91
coinbase,USDCEUR,1678531800000,2023-03-11 10:50:00,0.8479,0.8479,0.8479,0.8479,66.46
coinbase,USDCEUR,1678531860000,2023-03-11 10:51:00,0.8473,0.8473,0.8424,0.8424,50605.15
coinbase,USDCEUR,1678532100000,2023-03-11 10:55:00,0.8442,0.8442,0.8441,0.8442,2122.14
coinbase,USDCEUR,1678532160000,2023-03-11 10:56:00,0.844,0.849,0.8426,0.8426,12504.67
coinbase,USDCEUR,1678532280000,2023-03-11 10:58:00,0.8435,0.8442,0.8435,0.8442,495.62
coinbase,USDCEUR,1678532340000,2023-03-11 10:59:00,0.8442,0.8442,0.844,0.8441,2747.13
coinbase,USDCEUR,1678532400000,2023-03-11 11:00:00,0.8442,0.8442,0.8424,0.8424,18949.71
coinbase,USDCEUR,1678532520000,2023-03-11 11:02:00,0.8426,0.8426,0.8424,0.8424,21457.54
coinbase,USDCEUR,1678532580000,2023-03-11 11:03:00,0.8424,0.8424,0.8424,0.8424,12546.36
coinbase,USDCEUR,1678532700000,2023-03-11 11:05:00,0.8433,0.8433,0.8424,0.8424,7340.16
coinbase,USDCEUR,1678532820000,2023-03-11 11:07:00,0.8424,0.8428,0.8424,0.8424,4035.66
coinbase,USDCEUR,1678532880000,2023-03-11 11:08:00,0.8424,0.8424,0.8377,0.8389,9743.33
coinbase,USDCEUR,1678532940000,2023-03-11 11:09:00,0.8389,0.839,0.8388,0.8388,15614.19
coinbase,USDCEUR,1678533000000,2023-03-11 11:10:00,0.8389,0.8419,0.8389,0.8398,3450.65
coinbase,USDCEUR,1678533120000,2023-03-11 11:12:00,0.8395,0.8395,0.8395,0.8395,530.58
coinbase,USDCEUR,1678533180000,2023-03-11 11:13:00,0.8395,0.8395,0.8384,0.8384,1163.44
coinbase,USDCEUR,1678533300000,2023-03-11 11:15:00,0.8384,0.8384,0.8376,0.8376,1156.09
coinbase,USDCEUR,1678533360000,2023-03-11 11:16:00,0.8384,0.839,0.8375,0.839,3184.57
coinbase,USDCEUR,1678533420000,2023-03-11 11:17:00,0.839,0.8397,0.8376,0.8396,4314.33
coinbase,USDCEUR,1678533480000,2023-03-11 11:18:00,0.8396,0.8469,0.8396,0.8469,2679.3
coinbase,USDCEUR,1678533540000,2023-03-11 11:19:00,0.8452,0.8468,0.8408,0.846,5776
coinbase,USDCEUR,1678533600000,2023-03-11 11:20:00,0.8459,0.8459,0.8459,0.8459,4.38
coinbase,USDCEUR,1678533660000,2023-03-11 11:21:00,0.8409,0.8427,0.8401,0.8427,1083.87
coinbase,USDCEUR,1678533720000,2023-03-11 11:22:00,0.8403,0.8415,0.8402,0.8414,6331.13
coinbase,USDCEUR,1678533840000,2023-03-11 11:24:00,0.8414,0.8415,0.8401,0.8415,17876.01
coinbase,USDCEUR,1678533900000,2023-03-11 11:25:00,0.8415,0.8453,0.8399,0.8414,4900.57
coinbase,USDCEUR,1678534140000,2023-03-11 11:29:00,0.8416,0.8416,0.8414,0.8414,3664.14
coinbase,USDCEUR,1678534200000,2023-03-11 11:30:00,0.841,0.8432,0.8306,0.8432,38491.27
coinbase,USDCEUR,1678534260000,2023-03-11 11:31:00,0.8432,0.8447,0.8414,0.8447,14123.49
coinbase,USDCEUR,1678534320000,2023-03-11 11:32:00,0.8441,0.8467,0.844,0.844,9475.97
coinbase,USDCEUR,1678534380000,2023-03-11 11:33:00,0.844,0.846,0.844,0.846,1419.84
coinbase,USDCEUR,1678534440000,2023-03-11 11:34:00,0.8444,0.8444,0.8444,0.8444,2.39
coinbase,USDCEUR,1678534500000,2023-03-11 11:35:00,0.8455,0.8455,0.8452,0.8452,2936.08
coinbase,USDCEUR,1678534620000,2023-03-11 11:37:00,0.8453,0.8457,0.8453,0.8455,6450.94
coinbase,USDCEUR,1678534680000,2023-03-11 11:38:00,0.8453,0.8453,0.8452,0.8452,10610.78
coinbase,USDCEUR,1678534740000,2023-03-11 11:39:00,0.8451,0.8452,0.8451,0.8452,4257.47
coinbase,USDCEUR,1678534800000,2023-03-11 11:40:00,0.8452,0.8452,0.8451,0.8451,2722.75
coinbase,USDCEUR,1678534860000,2023-03-11 11:41:00,0.8451,0.8452,0.8451,0.8452,8041.92
coinbase,USDCEUR,1678534920000,2023-03-11 11:42:00,0.8452,0.8457,0.8451,0.8451,4327.48
coinbase,USDCEUR,1678534980000,2023-03-11 11:43:00,0.8449,0.8468,0.8449,0.8468,4290.99
coinbase,USDCEUR,1678535040000,2023-03-11 11:44:00,0.8474,0.8483,0.8392,0.8455,7119.06
coinbase,USDCEUR,1678535100000,2023-03-11 11:45:00,0.8456,0.8482,0.842,0.8459,3773.69
coinbase,USDCEUR,1678535160000,2023-03-11 11:46:00,0.8459,0.8482,0.8459,0.8463,15930.14
coinbase,USDCEUR,1678535220000,2023-03-11 11:47:00,0.8463,0.8481,0.8463,0.8464,26466.64
coinbase,USDCEUR,1678535280000,2023-03-11 11:48:00,0.8464,0.8481,0.8464,0.8466,9778.68
coinbase,USDCEUR,1678535340000,2023-03-11 11:49:00,0.8466,0.8489,0.8466,0.8475,1060.16
coinbase,USDCEUR,1678535400000,2023-03-11 11:50:00,0.8475,0.8475,0.8475,0.8475,218.98
coinbase,USDCEUR,1678535460000,2023-03-11 11:51:00,0.8475,0.8477,0.8475,0.8477,508.94
coinbase,USDCEUR,1678535520000,2023-03-11 11:52:00,0.8476,0.8478,0.8474,0.8474,2392.09
coinbase,USDCEUR,1678535580000,2023-03-11 11:53:00,0.8473,0.8478,0.8469,0.8469,6209.32
coinbase,USDCEUR,1678535640000,2023-03-11 11:54:00,0.8469,0.8469,0.846,0.8465,7181.86
coinbase,USDCEUR,1678535700000,2023-03-11 11:55:00,0.8465,0.8478,0.8465,0.8478,22438.8
coinbase,USDCEUR,1678535760000,2023-03-11 11:56:00,0.8478,0.8478,0.8444,0.8476,7961.18
coinbase,USDCEUR,1678535820000,2023-03-11 11:57:00,0.8476,0.8478,0.8459,0.8472,7882.08
coinbase,USDCEUR,1678535880000,2023-03-11 11:58:00,0.8469,0.8473,0.8467,0.8471,10680.89
coinbase,USDCEUR,1678535940000,2023-03-11 11:59:00,0.8471,0.8487,0.847,0.8487,10451.74
coinbase,USDCEUR,1678536000000,2023-03-11 12:00:00,0.8482,0.8489,0.8482,0.8487,15971.49
coinbase,USDCEUR,1678536060000,2023-03-11 12:01:00,0.8485,0.8486,0.8466,0.8483,32089.55
coinbase,USDCEUR,1678536120000,2023-03-11 12:02:00,0.8483,0.8484,0.8472,0.8476,15039.12
coinbase,USDCEUR,1678536180000,2023-03-11 12:03:00,0.8476,0.8489,0.8475,0.8476,11219.78
coinbase,USDCEUR,1678536240000,2023-03-11 12:04:00,0.8489,0.85,0.8476,0.8488,15610.19
coinbase,USDCEUR,1678536300000,2023-03-11 12:05:00,0.8476,0.8488,0.8475,0.8476,12008.07
coinbase,USDCEUR,1678536360000,2023-03-11 12:06:00,0.8488,0.8488,0.8476,0.8476,14589.49
coinbase,USDCEUR,1678536420000,2023-03-11 12:07:00,0.8488,0.85,0.8474,0.85,9664.69
coinbase,USDCEUR,1678536480000,2023-03-11 12:08:00,0.85,0.8513,0.85,0.8512,3666.2
coinbase,USDCEUR,1678536540000,2023-03-11 12:09:00,0.8508,0.8508,0.8508,0.8508,1044
coinbase,USDCEUR,1678536600000,2023-03-11 12:10:00,0.8508,0.8508,0.8508,0.8508,1044
coinbase,USDCEUR,1678536660000,2023-03-11 12:11:00,0.8508,0.8519,0.8508,0.8519,11374.68
coinbase,USDCEUR,1678536720000,2023-03-11 12:12:00,0.8519,0.8519,0.8518,0.8519,2029.89
coinbase,USDCEUR,1678536780000,2023-03-11 12:13:00,0.8519,0.8519,0.8519,0.8519,722.61
coinbase,USDCEUR,1678536900000,2023-03-11 12:15:00,0.8518,0.8547,0.8518,0.852,936.07
coinbase,USDCEUR,1678536960000,2023-03-11 12:16:00,0.852,0.8568,0.852,0.8528,1324.94
coinbase,USDCEUR,1678537020000,2023-03-11 12:17:00,0.8528,0.858,0.8528,0.8529,1821.45
coinbase,USDCEUR,1678537080000,2023-03-11 12:18:00,0.8529,0.858,0.8528,0.8535,393.8
coinbase,USDCEUR,1678537140000,2023-03-11 12:19:00,0.8535,0.8535,0.8534,0.8535,487.36
coinbase,USDCEUR,1678537200000,2023-03-11 12:20:00,0.8535,0.8536,0.8535,0.8535,294.61
coinbase,USDCEUR,1678537260000,2023-03-11 12:21:00,0.8535,0.8536,0.8534,0.8536,1150.44
coinbase,USDCEUR,1678537320000,2023-03-11 12:22:00,0.8537,0.858,0.8536,0.858,2405.71
coinbase,USDCEUR,1678537380000,2023-03-11 12:23:00,0.856,0.858,0.856,0.858,1060.88
coinbase,USDCEUR,1678537440000,2023-03-11 12:24:00,0.8562,0.8608,0.856,0.8608,1429.95
coinbase,USDCEUR,1678537620000,2023-03-11 12:27:00,0.8595,0.8657,0.8584,0.8622,2955.95
coinbase,USDCEUR,1678537680000,2023-03-11 12:28:00,0.8622,0.8643,0.8622,0.8626,1955.64
coinbase,USDCEUR,1678537800000,2023-03-11 12:30:00,0.8595,0.8626,0.8593,0.8598,622.22
coinbase,USDCEUR,1678537860000,2023-03-11 12:31:00,0.8598,0.8657,0.8598,0.8601,428.36
coinbase,USDCEUR,1678537920000,2023-03-11 12:32:00,0.8601,0.8639,0.8601,0.8635,3773.99
coinbase,USDCEUR,1678537980000,2023-03-11 12:33:00,0.862,0.8642,0.8616,0.8616,4859.76
coinbase,USDCEUR,1678538040000,2023-03-11 12:34:00,0.8616,0.8619,0.8616,0.8616,399.1
coinbase,USDCEUR,1678538100000,2023-03-11 12:35:00,0.8616,0.8625,0.8603,0.8612,1438.37
coinbase,USDCEUR,1678538160000,2023-03-11 12:36:00,0.8612,0.8612,0.858,0.858,271.67
coinbase,USDCEUR,1678538220000,2023-03-11 12:37:00,0.858,0.8588,0.8573,0.8588,879.96
coinbase,USDCEUR,1678538280000,2023-03-11 12:38:00,0.8588,0.8605,0.8587,0.8587,3219.9
coinbase,USDCEUR,1678538340000,2023-03-11 12:39:00,0.8587,0.8597,0.858,0.8597,11058.24
coinbase,USDCEUR,1678538400000,2023-03-11 12:40:00,0.858,0.859,0.8545,0.8589,7832.81
coinbase,USDCEUR,1678538460000,2023-03-11 12:41:00,0.8564,0.8582,0.8564,0.8582,4879.31
coinbase,USDCEUR,1678538520000,2023-03-11 12:42:00,0.8573,0.8592,0.855,0.855,9870.68
coinbase,USDCEUR,1678538580000,2023-03-11 12:43:00,0.855,0.8564,0.8534,0.8534,5339.34
coinbase,USDCEUR,1678538640000,2023-03-11 12:44:00,0.8535,0.8545,0.8534,0.8536,7543.56
coinbase,USDCEUR,1678538700000,2023-03-11 12:45:00,0.8534,0.8534,0.8519,0.8519,10029.08
coinbase,USDCEUR,1678538760000,2023-03-11 12:46:00,0.8519,0.852,0.8519,0.8519,13888.63
coinbase,USDCEUR,1678538820000,2023-03-11 12:47:00,0.8519,0.852,0.8519,0.8519,2344.1
coinbase,USDCEUR,1678538880000,2023-03-11 12:48:00,0.8519,0.8526,0.8519,0.8521,3004.74
coinbase,USDCEUR,1678538940000,2023-03-11 12:49:00,0.8521,0.8603,0.8521,0.8521,1150.76
coinbase,USDCEUR,1678539000000,2023-03-11 12:50:00,0.8521,0.8544,0.8519,0.8522,10253.59
coinbase,USDCEUR,1678539060000,2023-03-11 12:51:00,0.8522,0.8585,0.8522,0.8531,2767.31
coinbase,USDCEUR,1678539120000,2023-03-11 12:52:00,0.8531,0.8544,0.8523,0.8544,1323.92
coinbase,USDCEUR,1678539180000,2023-03-11 12:53:00,0.8547,0.8583,0.8547,0.8583,796.72
coinbase,USDCEUR,1678539240000,2023-03-11 12:54:00,0.8554,0.8582,0.8554,0.8556,719.19
coinbase,USDCEUR,1678539300000,2023-03-11 12:55:00,0.8556,0.8583,0.8555,0.8583,4429.98
coinbase,USDCEUR,1678539420000,2023-03-11 12:57:00,0.8583,0.8592,0.8583,0.859,21368.19
coinbase,USDCEUR,1678539540000,2023-03-11 12:59:00,0.859,0.859,0.8573,0.8574,6197.16
coinbase,USDCEUR,1678539600000,2023-03-11 13:00:00,0.8574,0.8575,0.8531,0.8533,1061.52
coinbase,USDCEUR,1678539660000,2023-03-11 13:01:00,0.8533,0.8534,0.8533,0.8533,318.58
coinbase,USDCEUR,1678539720000,2023-03-11 13:02:00,0.8575,0.8611,0.8568,0.8569,30701.59
coinbase,USDCEUR,1678539900000,2023-03-11 13:05:00,0.8569,0.857,0.8568,0.8568,3237.56
coinbase,USDCEUR,1678539960000,2023-03-11 13:06:00,0.8568,0.8568,0.8502,0.8502,50525.4
coinbase,USDCEUR,1678540200000,2023-03-11 13:10:00,0.8546,0.8546,0.8505,0.8505,48977.49
coinbase,USDCEUR,1678540260000,2023-03-11 13:11:00,0.8506,0.853,0.8505,0.853,2349.18
coinbase,USDCEUR,1678540440000,2023-03-11 13:14:00,0.853,0.853,0.853,0.853,1045.57
coinbase,USDCEUR,1678540620000,2023-03-11 13:17:00,0.853,0.853,0.853,0.853,1365.47
coinbase,USDCEUR,1678540680000,2023-03-11 13:18:00,0.853,0.853,0.8516,0.853,1301.34
coinbase,USDCEUR,1678540740000,2023-03-11 13:19:00,0.8516,0.853,0.8516,0.853,437.59
coinbase,USDCEUR,1678540800000,2023-03-11 13:20:00,0.853,0.853,0.8521,0.853,307.14
coinbase,USDCEUR,1678540920000,2023-03-11 13:22:00,0.853,0.853,0.853,0.853,22.73
coinbase,USDCEUR,1678541040000,2023-03-11 13:24:00,0.8562,0.8563,0.8539,0.8539,4809.7
coinbase,USDCEUR,1678541220000,2023-03-11 13:27:00,0.8551,0.8551,0.8551,0.8551,1845.82
coinbase,USDCEUR,1678541280000,2023-03-11 13:28:00,0.8556,0.8558,0.8556,0.8558,846.28
coinbase,USDCEUR,1678541400000,2023-03-11 13:30:00,0.8559,0.8559,0.8551,0.8551,3883.49
coinbase,USDCEUR,1678541640000,2023-03-11 13:34:00,0.8551,0.8551,0.8544,0.8544,1150.02
coinbase,USDCEUR,1678541760000,2023-03-11 13:36:00,0.8544,0.8544,0.8536,0.8536,207.45
coinbase,USDCEUR,1678541880000,2023-03-11 13:38:00,0.8536,0.8536,0.8536,0.8536,1096.25
coinbase,USDCEUR,1678542000000,2023-03-11 13:40:00,0.852,0.852,0.8465,0.8465,78718.83
coinbase,USDCEUR,1678542240000,2023-03-11 13:44:00,0.8481,0.8484,0.8466,0.8484,133.31
coinbase,USDCEUR,1678542300000,2023-03-11 13:45:00,0.8478,0.8478,0.8414,0.8467,16264.17
coinbase,USDCEUR,1678542420000,2023-03-11 13:47:00,0.8481,0.8533,0.8473,0.8475,26288.68
coinbase,USDCEUR,1678542600000,2023-03-11 13:50:00,0.8471,0.8471,0.8471,0.8471,3683.41
coinbase,USDCEUR,1678542660000,2023-03-11 13:51:00,0.8469,0.847,0.8469,0.847,1105.89
coinbase,USDCEUR,1678542720000,2023-03-11 13:52:00,0.847,0.847,0.847,0.847,3195.48
coinbase,USDCEUR,1678542780000,2023-03-11 13:53:00,0.847,0.847,0.8465,0.8465,3287.98
coinbase,USDCEUR,1678542960000,2023-03-11 13:56:00,0.8462,0.8507,0.8385,0.8501,49148
coinbase,USDCEUR,1678543020000,2023-03-11 13:57:00,0.8467,0.8494,0.8443,0.8493,10584
coinbase,USDCEUR,1678543080000,2023-03-11 13:58:00,0.8492,0.8494,0.847,0.848,7366.78
coinbase,USDCEUR,1678543140000,2023-03-11 13:59:00,0.8479,0.848,0.8479,0.848,3190.71
coinbase,USDCEUR,1678543200000,2023-03-11 14:00:00,0.8479,0.848,0.8443,0.8443,3201.44
coinbase,USDCEUR,1678507260000,2023-03-11 04:01:00,0.8743,0.8744,0.87,0.8741,5612.85
coinbase,USDCEUR,1678507320000,2023-03-11 04:02:00,0.8741,0.8744,0.8741,0.8744,13053.39
coinbase,USDCEUR,1678507440000,2023-03-11 04:04:00,0.8744,0.8744,0.8743,0.8743,8731.75
coinbase,USDCEUR,1678507560000,2023-03-11 04:06:00,0.8743,0.8744,0.8743,0.8744,1052.83
coinbase,USDCEUR,1678507680000,2023-03-11 04:08:00,0.8743,0.8743,0.8743,0.8743,3009.19
coinbase,USDCEUR,1678507860000,2023-03-11 04:11:00,0.8743,0.8743,0.8743,0.8743,2328.66
coinbase,USDCEUR,1678507980000,2023-03-11 04:13:00,0.8743,0.8743,0.8743,0.8743,3129.06
coinbase,USDCEUR,1678508040000,2023-03-11 04:14:00,0.8743,0.8743,0.8743,0.8743,4759.39
coinbase,USDCEUR,1678508100000,2023-03-11 04:15:00,0.8743,0.8743,0.8733,0.8743,6912.99
coinbase,USDCEUR,1678508280000,2023-03-11 04:18:00,0.8743,0.8744,0.8743,0.8744,92419.42
coinbase,USDCEUR,1678508340000,2023-03-11 04:19:00,0.8743,0.8744,0.8743,0.8744,2086.54
coinbase,USDCEUR,1678508580000,2023-03-11 04:23:00,0.8738,0.8744,0.8738,0.8744,6661.74
coinbase,USDCEUR,1678508820000,2023-03-11 04:27:00,0.8733,0.8735,0.8732,0.8735,1178.55
coinbase,USDCEUR,1678508880000,2023-03-11 04:28:00,0.8735,0.8735,0.8708,0.8708,1643.59
coinbase,USDCEUR,1678509060000,2023-03-11 04:31:00,0.8708,0.8708,0.8708,0.8708,1116.12
coinbase,USDCEUR,1678509180000,2023-03-11 04:33:00,0.8708,0.8708,0.8708,0.8708,8283.88
coinbase,USDCEUR,1678509240000,2023-03-11 04:34:00,0.873,0.8733,0.873,0.8733,4032.15
coinbase,USDCEUR,1678509300000,2023-03-11 04:35:00,0.8733,0.8744,0.8733,0.8744,4366.12
coinbase,USDCEUR,1678509420000,2023-03-11 04:37:00,0.8743,0.8744,0.8729,0.8744,4669.08
coinbase,USDCEUR,1678509480000,2023-03-11 04:38:00,0.8743,0.8744,0.8743,0.8744,1043.75
coinbase,USDCEUR,1678509540000,2023-03-11 04:39:00,0.8744,0.8744,0.8744,0.8744,1044.74
coinbase,USDCEUR,1678509600000,2023-03-11 04:40:00,0.8744,0.8744,0.8744,0.8744,2536.84
coinbase,USDCEUR,1678509900000,2023-03-11 04:45:00,0.8744,0.8744,0.8744,0.8744,11803.36
coinbase,USDCEUR,1678509960000,2023-03-11 04:46:00,0.8744,0.8744,0.8744,0.8744,1044.76
coinbase,USDCEUR,1678510080000,2023-03-11 04:48:00,0.8743,0.8744,0.8743,0.8744,23994.5
coinbase,USDCEUR,1678510140000,2023-03-11 04:49:00,0.8744,0.89,0.8744,0.89,6040.56
coinbase,USDCEUR,1678510260000,2023-03-11 04:51:00,0.89,0.89,0.8892,0.8892,21.28
coinbase,USDCEUR,1678510320000,2023-03-11 04:52:00,0.8892,0.8897,0.8871,0.8871,2956.59
coinbase,USDCEUR,1678510500000,2023-03-11 04:55:00,0.8871,0.8886,0.8871,0.888,13992.21
coinbase,USDCEUR,1678510620000,2023-03-11 04:57:00,0.888,0.888,0.8879,0.888,1118.25
coinbase,USDCEUR,1678510680000,2023-03-11 04:58:00,0.888,0.888,0.886,0.886,2206.23
coinbase,USDCEUR,1678510740000,2023-03-11 04:59:00,0.8863,0.8863,0.8839,0.8839,2768.05
coinbase,USDCEUR,1678510860000,2023-03-11 05:01:00,0.8847,0.8847,0.8847,0.8847,5.34
coinbase,USDCEUR,1678510920000,2023-03-11 05:02:00,0.8847,0.8847,0.8842,0.8847,2387.75
coinbase,USDCEUR,1678510980000,2023-03-11 05:03:00,0.8847,0.888,0.8846,0.8849,15449.29
coinbase,USDCEUR,1678511220000,2023-03-11 05:07:00,0.8859,0.8863,0.8859,0.8863,582.13
coinbase,USDCEUR,1678511280000,2023-03-11 05:08:00,0.8862,0.8872,0.8862,0.8871,1086.48
coinbase,USDCEUR,1678511340000,2023-03-11 05:09:00,0.8871,0.8906,0.8871,0.8905,5492.05
coinbase,USDCEUR,1678511400000,2023-03-11 05:10:00,0.8915,0.893,0.8915,0.8926,9170.3
coinbase,USDCEUR,1678511460000,2023-03-11 05:11:00,0.893,0.8936,0.893,0.8935,2055.67
coinbase,USDCEUR,1678511520000,2023-03-11 05:12:00,0.8931,0.8935,0.8931,0.8935,2450.41
coinbase,USDCEUR,1678511640000,2023-03-11 05:14:00,0.8924,0.8926,0.8916,0.8926,6156.64
coinbase,USDCEUR,1678511700000,2023-03-11 05:15:00,0.8916,0.8999,0.8911,0.8999,13542.11
coinbase,USDCEUR,1678511760000,2023-03-11 05:16:00,0.8912,0.8922,0.8912,0.8912,42.33
coinbase,USDCEUR,1678511940000,2023-03-11 05:19:00,0.8872,0.8874,0.886,0.8873,1356.13
coinbase,USDCEUR,1678512000000,2023-03-11 05:20:00,0.8872,0.8872,0.8872,0.8872,3.56
coinbase,USDCEUR,1678512300000,2023-03-11 05:25:00,0.886,0.886,0.8842,0.8842,1282.76
coinbase,USDCEUR,1678512780000,2023-03-11 05:33:00,0.8843,0.8843,0.8843,0.8843,113.06
coinbase,USDCEUR,1678512840000,2023-03-11 05:34:00,0.8842,0.8844,0.876,0.8844,5029.38
coinbase,USDCEUR,1678512960000,2023-03-11 05:36:00,0.8763,0.8763,0.8729,0.8729,4079.56
coinbase,USDCEUR,1678513080000,2023-03-11 05:38:00,0.8733,0.8733,0.8733,0.8733,188.93
coinbase,USDCEUR,1678513200000,2023-03-11 05:40:00,0.8761,0.8761,0.8728,0.8729,1596.83
coinbase,USDCEUR,1678513260000,2023-03-11 05:41:00,0.8739,0.874,0.8739,0.874,1356.76
coinbase,USDCEUR,1678513320000,2023-03-11 05:42:00,0.874,0.8843,0.873,0.873,461.1
coinbase,USDCEUR,1678513440000,2023-03-11 05:44:00,0.8731,0.8756,0.873,0.8756,1058.23
coinbase,USDCEUR,1678513500000,2023-03-11 05:45:00,0.8756,0.8757,0.8755,0.8756,2235.18
coinbase,USDCEUR,1678513620000,2023-03-11 05:47:00,0.8756,0.8783,0.8728,0.8728,22161.6
coinbase,USDCEUR,1678513680000,2023-03-11 05:48:00,0.8782,0.8782,0.8728,0.8773,8751.04
coinbase,USDCEUR,1678513740000,2023-03-11 05:49:00,0.8777,0.8782,0.8773,0.8782,4089.38
coinbase,USDCEUR,1678513800000,2023-03-11 05:50:00,0.8775,0.8775,0.8773,0.8773,5145.52
coinbase,USDCEUR,1678513860000,2023-03-11 05:51:00,0.8781,0.8781,0.8764,0.8764,2058.13
coinbase,USDCEUR,1678513980000,2023-03-11 05:53:00,0.878,0.8782,0.878,0.8782,1188.25
coinbase,USDCEUR,1678514040000,2023-03-11 05:54:00,0.8782,0.8782,0.8782,0.8782,41.56
coinbase,USDCEUR,1678514160000,2023-03-11 05:56:00,0.8782,0.8818,0.8782,0.8818,57.28
coinbase,USDCEUR,1678514280000,2023-03-11 05:58:00,0.8818,0.8829,0.8818,0.8829,37.3
coinbase,USDCEUR,1678514340000,2023-03-11 05:59:00,0.8829,0.8829,0.8823,0.8824,2066.88
coinbase,USDCEUR,1678514520000,2023-03-11 06:02:00,0.8824,0.8828,0.8824,0.8826,1206.59
coinbase,USDCEUR,1678514700000,2023-03-11 06:05:00,0.8826,0.8826,0.8822,0.8822,126.96
coinbase,USDCEUR,1678514760000,2023-03-11 06:06:00,0.8822,0.8822,0.8728,0.8728,15785.75
coinbase,USDCEUR,1678514820000,2023-03-11 06:07:00,0.8803,0.8805,0.8802,0.8805,2231.26
coinbase,USDCEUR,1678515000000,2023-03-11 06:10:00,0.8805,0.8805,0.875,0.875,43.39
coinbase,USDCEUR,1678515120000,2023-03-11 06:12:00,0.875,0.875,0.8729,0.8729,85.37
coinbase,USDCEUR,1678515360000,2023-03-11 06:16:00,0.8749,0.875,0.8749,0.875,1037.78
coinbase,USDCEUR,1678515480000,2023-03-11 06:18:00,0.875,0.8753,0.8743,0.8743,1523.9
coinbase,USDCEUR,1678515660000,2023-03-11 06:21:00,0.8743,0.8746,0.8743,0.8746,5588.67
coinbase,USDCEUR,1678515780000,2023-03-11 06:23:00,0.8746,0.8746,0.8743,0.8743,6131.33
coinbase,USDCEUR,1678515840000,2023-03-11 06:24:00,0.8742,0.8742,0.873,0.8741,1648.67
coinbase,USDCEUR,1678515900000,2023-03-11 06:25:00,0.8741,0.8741,0.8738,0.8738,5856.02
coinbase,USDCEUR,1678515960000,2023-03-11 06:26:00,0.8741,0.8743,0.874,0.874,4610.09
coinbase,USDCEUR,1678516080000,2023-03-11 06:28:00,0.8734,0.8736,0.8728,0.8728,7148.22
coinbase,USDCEUR,1678516200000,2023-03-11 06:30:00,0.873,0.873,0.8728,0.8728,1648.61
coinbase,USDCEUR,1678516260000,2023-03-11 06:31:00,0.8729,0.873,0.8719,0.8719,6620.45
coinbase,USDCEUR,1678516320000,2023-03-11 06:32:00,0.8719,0.8719,0.8581,0.8662,24265.21
coinbase,USDCEUR,1678516500000,2023-03-11 06:35:00,0.8665,0.8665,0.8595,0.86,129999.35
coinbase,USDCEUR,1678516560000,2023-03-11 06:36:00,0.86,0.86,0.8599,0.86,54725.04
coinbase,USDCEUR,1678516680000,2023-03-11 06:38:00,0.8581,0.8581,0.855,0.855,10713.84
coinbase,USDCEUR,1678516800000,2023-03-11 06:40:00,0.8565,0.8565,0.8549,0.8562,15885.85
coinbase,USDCEUR,1678516860000,2023-03-11 06:41:00,0.8562,0.8632,0.8561,0.8571,5085.46
coinbase,USDCEUR,1678516920000,2023-03-11 06:42:00,0.8561,0.8561,0.8559,0.856,1089.54
coinbase,USDCEUR,1678517100000,2023-03-11 06:45:00,0.8559,0.8604,0.8399,0.84,75583.01
coinbase,USDCEUR,1678517220000,2023-03-11 06:47:00,0.8399,0.8399,0.8344,0.835,9314.77
coinbase,USDCEUR,1678517280000,2023-03-11 06:48:00,0.835,0.835,0.8301,0.8301,3800.76
coinbase,USDCEUR,1678517340000,2023-03-11 06:49:00,0.8301,0.8348,0.8301,0.8348,1103.69
coinbase,USDCEUR,1678517400000,2023-03-11 06:50:00,0.8348,0.835,0.8348,0.835,7874.97
coinbase,USDCEUR,1678517460000,2023-03-11 06:51:00,0.8349,0.835,0.8347,0.8348,2842.08
coinbase,USDCEUR,1678517520000,2023-03-11 06:52:00,0.8329,0.835,0.8329,0.835,6934.3
coinbase,USDCEUR,1678517580000,2023-03-11 06:53:00,0.8343,0.8343,0.8342,0.8343,3025.73
coinbase,USDCEUR,1678517640000,2023-03-11 06:54:00,0.8343,0.835,0.8343,0.835,7616.33
coinbase,USDCEUR,1678517700000,2023-03-11 06:55:00,0.835,0.835,0.835,0.835,12599.06
coinbase,USDCEUR,1678517760000,2023-03-11 06:56:00,0.835,0.835,0.8342,0.835,20834.01
coinbase,USDCEUR,1678517820000,2023-03-11 06:57:00,0.835,0.84,0.835,0.8354,36145.02
coinbase,USDCEUR,1678517880000,2023-03-11 06:58:00,0.8368,0.8399,0.8368,0.8399,115.14
coinbase,USDCEUR,1678518000000,2023-03-11 07:00:00,0.8439,0.8439,0.8385,0.8438,6877.61
coinbase,USDCEUR,1678518180000,2023-03-11 07:03:00,0.8386,0.8413,0.8355,0.8413,3549.55
coinbase,USDCEUR,1678518300000,2023-03-11 07:05:00,0.8411,0.842,0.8411,0.8416,5890.86
coinbase,USDCEUR,1678518360000,2023-03-11 07:06:00,0.8416,0.8428,0.8415,0.8415,2375.43
coinbase,USDCEUR,1678518420000,2023-03-11 07:07:00,0.8425,0.8428,0.8425,0.8428,25.89
coinbase,USDCEUR,1678518480000,2023-03-11 07:08:00,0.842,0.8438,0.8416,0.8438,5835.84
coinbase,USDCEUR,1678518540000,2023-03-11 07:09:00,0.8492,0.8492,0.8438,0.8491,1080.96
coinbase,USDCEUR,1678518660000,2023-03-11 07:11:00,0.8472,0.8474,0.8439,0.8439,625.29
coinbase,USDCEUR,1678518840000,2023-03-11 07:14:00,0.8438,0.844,0.8438,0.844,393.38
coinbase,USDCEUR,1678518900000,2023-03-11 07:15:00,0.844,0.844,0.8438,0.8438,1096.42
coinbase,USDCEUR,1678518960000,2023-03-11 07:16:00,0.8438,0.8438,0.8416,0.8416,3399.96
coinbase,USDCEUR,1678519080000,2023-03-11 07:18:00,0.8416,0.8438,0.8415,0.8415,4082.59
coinbase,USDCEUR,1678519140000,2023-03-11 07:19:00,0.8415,0.8419,0.8415,0.8419,6877.76
coinbase,USDCEUR,1678519260000,2023-03-11 07:21:00,0.8422,0.8422,0.8415,0.8415,3.62
coinbase,USDCEUR,1678519320000,2023-03-11 07:22:00,0.8385,0.8385,0.8369,0.8369,2905.05
coinbase,USDCEUR,1678519380000,2023-03-11 07:23:00,0.8369,0.8371,0.8299,0.83,78068.45
coinbase,USDCEUR,1678519440000,2023-03-11 07:24:00,0.83,0.83,0.8284,0.8288,67727.06
coinbase,USDCEUR,1678519500000,2023-03-11 07:25:00,0.8288,0.83,0.8285,0.8293,81230.41
coinbase,USDCEUR,1678519560000,2023-03-11 07:26:00,0.8293,0.83,0.8293,0.83,34590.12
coinbase,USDCEUR,1678519620000,2023-03-11 07:27:00,0.8293,0.83,0.8286,0.8291,34866.31
coinbase,USDCEUR,1678519680000,2023-03-11 07:28:00,0.83,0.83,0.8299,0.8299,5819.89
coinbase,USDCEUR,1678519800000,2023-03-11 07:30:00,0.8299,0.83,0.828,0.828,6840.56
coinbase,USDCEUR,1678519920000,2023-03-11 07:32:00,0.8299,0.83,0.8244,0.8264,21808.42
coinbase,USDCEUR,1678519980000,2023-03-11 07:33:00,0.8299,0.83,0.828,0.83,15316.31
coinbase,USDCEUR,1678520040000,2023-03-11 07:34:00,0.8275,0.8307,0.8234,0.828,50680.15
coinbase,USDCEUR,1678520100000,2023-03-11 07:35:00,0.828,0.831,0.8203,0.831,23319.58
coinbase,USDCEUR,1678520160000,2023-03-11 07:36:00,0.831,0.8311,0.831,0.8311,4489.35
coinbase,USDCEUR,1678520220000,2023-03-11 07:37:00,0.831,0.8311,0.831,0.8311,2365.84
coinbase,USDCEUR,1678520280000,2023-03-11 07:38:00,0.8311,0.8311,0.829,0.83,26594.43
coinbase,USDCEUR,1678520340000,2023-03-11 07:39:00,0.83,0.83,0.8295,0.8299,2322.11
coinbase,USDCEUR,1678520400000,2023-03-11 07:40:00,0.8299,0.8299,0.8299,0.8299,4884.3
coinbase,USDCEUR,1678520460000,2023-03-11 07:41:00,0.8299,0.831,0.8228,0.8228,2045.17
coinbase,USDCEUR,1678520520000,2023-03-11 07:42:00,0.8297,0.8307,0.8297,0.8307,2179.93
coinbase,USDCEUR,1678520580000,2023-03-11 07:43:00,0.8307,0.8307,0.8306,0.8307,1180.97
coinbase,USDCEUR,1678520640000,2023-03-11 07:44:00,0.8306,0.8306,0.8153,0.8279,33745.13
coinbase,USDCEUR,1678520700000,2023-03-11 07:45:00,0.8279,0.8279,0.8126,0.8251,7784.69
coinbase,USDCEUR,1678520760000,2023-03-11 07:46:00,0.8251,0.8251,0.8199,0.82,22331.44
coinbase,USDCEUR,1678520820000,2023-03-11 07:47:00,0.82,0.82,0.8199,0.8199,7965.1
coinbase,USDCEUR,1678520880000,2023-03-11 07:48:00,0.8199,0.82,0.8199,0.82,3314.44
coinbase,USDCEUR,1678520940000,2023-03-11 07:49:00,0.82,0.82,0.82,0.82,1040.52
coinbase,USDCEUR,1678521000000,2023-03-11 07:50:00,0.82,0.82,0.817,0.817,17956.96
coinbase,USDCEUR,1678521060000,2023-03-11 07:51:00,0.817,0.817,0.8168,0.8168,8837.03
coinbase,USDCEUR,1678521120000,2023-03-11 07:52:00,0.8161,0.817,0.8148,0.8168,12806.78
coinbase,USDCEUR,1678521180000,2023-03-11 07:53:00,0.8168,0.8168,0.81,0.81,34692.93
coinbase,USDCEUR,1678521240000,2023-03-11 07:54:00,0.8011,0.8034,0.8,0.8,8458.91
coinbase,USDCEUR,1678521300000,2023-03-11 07:55:00,0.8,0.8034,0.7948,0.795,126063.48
coinbase,USDCEUR,1678521360000,2023-03-11 07:56:00,0.795,0.8034,0.795,0.8034,22693.86
coinbase,USDCEUR,1678521420000,2023-03-11 07:57:00,0.8034,0.8034,0.8033,0.8034,9758.25
coinbase,USDCEUR,1678521480000,2023-03-11 07:58:00,0.8034,0.8034,0.8034,0.8034,9034.18
coinbase,USDCEUR,1678521540000,2023-03-11 07:59:00,0.8034,0.8034,0.8034,0.8034,7135.53
coinbase,USDCEUR,1678521600000,2023-03-11 08:00:00,0.8034,0.8056,0.8034,0.8056,15997.32
coinbase,USDCEUR,1678521660000,2023-03-11 08:01:00,0.8056,0.81,0.8055,0.81,25641.18
coinbase,USDCEUR,1678521720000,2023-03-11 08:02:00,0.81,0.817,0.81,0.817,127986.07
coinbase,USDCEUR,1678521780000,2023-03-11 08:03:00,0.817,0.817,0.8169,0.817,165085.27
coinbase,USDCEUR,1678521840000,2023-03-11 08:04:00,0.817,0.8307,0.817,0.8288,155819.39
coinbase,USDCEUR,1678521900000,2023-03-11 08:05:00,0.829,0.829,0.8277,0.8278,5891.19
coinbase,USDCEUR,1678521960000,2023-03-11 08:06:00,0.8275,0.8275,0.826,0.826,17521.24
coinbase,USDCEUR,1678522020000,2023-03-11 08:07:00,0.826,0.826,0.8259,0.8259,4986.34
coinbase,USDCEUR,1678522080000,2023-03-11 08:08:00,0.826,0.826,0.8259,0.826,25564.61
coinbase,USDCEUR,1678522140000,2023-03-11 08:09:00,0.8259,0.826,0.8259,0.826,10479.93
coinbase,USDCEUR,1678522200000,2023-03-11 08:10:00,0.8259,0.826,0.8259,0.826,43682.37
coinbase,USDCEUR,1678522260000,2023-03-11 08:11:00,0.826,0.8281,0.826,0.8281,7630.25
coinbase,USDCEUR,1678522320000,2023-03-11 08:12:00,0.8281,0.8299,0.8281,0.8299,7763.55
coinbase,USDCEUR,1678522380000,2023-03-11 08:13:00,0.8299,0.83,0.8259,0.8259,22976.54
coinbase,USDCEUR,1678522440000,2023-03-11 08:14:00,0.8259,0.8259,0.8259,0.8259,23538.63
coinbase,USDCEUR,1678522500000,2023-03-11 08:15:00,0.8259,0.8259,0.8259,0.8259,5396.44
coinbase,USDCEUR,1678522560000,2023-03-11 08:16:00,0.8259,0.83,0.8255,0.83,26191.88
coinbase,USDCEUR,1678522620000,2023-03-11 08:17:00,0.83,0.83,0.83,0.83,2755.93
coinbase,USDCEUR,1678522680000,2023-03-11 08:18:00,0.83,0.8368,0.83,0.8368,12316.24
coinbase,USDCEUR,1678522740000,2023-03-11 08:19:00,0.8345,0.8403,0.8345,0.8403,523.28
coinbase,USDCEUR,1678522800000,2023-03-11 08:20:00,0.8403,0.8492,0.8403,0.8492,9236.35
coinbase,USDCEUR,1678522920000,2023-03-11 08:22:00,0.8528,0.8541,0.8506,0.8506,1557.15
coinbase,USDCEUR,1678522980000,2023-03-11 08:23:00,0.8544,0.8567,0.8506,0.8546,821.98
coinbase,USDCEUR,1678523040000,2023-03-11 08:24:00,0.8546,0.8546,0.853,0.8535,82.17
coinbase,USDCEUR,1678523100000,2023-03-11 08:25:00,0.8541,0.8559,0.8541,0.855,3849.87
coinbase,USDCEUR,1678523280000,2023-03-11 08:28:00,0.855,0.8631,0.855,0.8619,8284.35
coinbase,USDCEUR,1678523340000,2023-03-11 08:29:00,0.8619,0.8619,0.8597,0.8597,1045.45
coinbase,USDCEUR,1678523460000,2023-03-11 08:31:00,0.8597,0.8597,0.8554,0.8554,1249.71
coinbase,USDCEUR,1678523520000,2023-03-11 08:32:00,0.8549,0.8579,0.8549,0.8579,11310.9
coinbase,USDCEUR,1678523580000,2023-03-11 08:33:00,0.8579,0.8601,0.8575,0.8601,1429.69
coinbase,USDCEUR,1678523640000,2023-03-11 08:34:00,0.8577,0.8607,0.8576,0.8607,3019.09
coinbase,USDCEUR,1678523700000,2023-03-11 08:35:00,0.8583,0.8583,0.8583,0.8583,600
coinbase,USDCEUR,1678523760000,2023-03-11 08:36:00,0.8582,0.8583,0.8574,0.8574,2959.91
coinbase,USDCEUR,1678523820000,2023-03-11 08:37:00,0.8574,0.8584,0.8574,0.8582,5191.29
coinbase,USDCEUR,1678523880000,2023-03-11 08:38:00,0.8583,0.8583,0.8582,0.8582,2217.58
coinbase,USDCEUR,1678523940000,2023-03-11 08:39:00,0.8612,0.8612,0.8611,0.8612,4957.03
coinbase,USDCEUR,1678524000000,2023-03-11 08:40:00,0.8611,0.8611,0.8611,0.8611,3126.06
coinbase,USDCEUR,1678524060000,2023-03-11 08:41:00,0.8611,0.8611,0.8611,0.8611,29867.78
coinbase,USDCEUR,1678524120000,2023-03-11 08:42:00,0.8612,0.8612,0.8611,0.8612,14249.01
coinbase,USDCEUR,1678524180000,2023-03-11 08:43:00,0.8612,0.8612,0.8611,0.8611,14833.47
coinbase,USDCEUR,1678524240000,2023-03-11 08:44:00,0.8612,0.8612,0.8568,0.8612,12777.52
coinbase,USDCEUR,1678524300000,2023-03-11 08:45:00,0.8612,0.8612,0.8612,0.8612,4252.99
coinbase,USDCEUR,1678524360000,2023-03-11 08:46:00,0.8612,0.8612,0.8612,0.8612,4451.44
coinbase,USDCEUR,1678524420000,2023-03-11 08:47:00,0.8612,0.8612,0.8612,0.8612,5411.83
coinbase,USDCEUR,1678524480000,2023-03-11 08:48:00,0.8612,0.8612,0.8611,0.8612,17334.49
coinbase,USDCEUR,1678524540000,2023-03-11 08:49:00,0.8612,0.8612,0.8612,0.8612,86355.07
coinbase,USDCEUR,1678524600000,2023-03-11 08:50:00,0.8612,0.871,0.8612,0.871,22371.99
coinbase,USDCEUR,1678524660000,2023-03-11 08:51:00,0.8699,0.87,0.8664,0.87,4686.8
coinbase,USDCEUR,1678524720000,2023-03-11 08:52:00,0.8699,0.87,0.8664,0.87,4561.36
coinbase,USDCEUR,1678524780000,2023-03-11 08:53:00,0.87,0.87,0.8644,0.8644,39425.84
coinbase,USDCEUR,1678524840000,2023-03-11 08:54:00,0.8644,0.8672,0.8644,0.8672,34001.61
coinbase,USDCEUR,1678524900000,2023-03-11 08:55:00,0.8699,0.872,0.8654,0.8659,4238.53
coinbase,USDCEUR,1678524960000,2023-03-11 08:56:00,0.8657,0.8697,0.8649,0.8697,2161.35
coinbase,USDCEUR,1678525080000,2023-03-11 08:58:00,0.8727,0.8746,0.8701,0.8746,4383.23
coinbase,USDCEUR,1678525140000,2023-03-11 08:59:00,0.8737,0.883,0.8737,0.883,6596.7
coinbase,USDCEUR,1678525200000,2023-03-11 09:00:00,0.8836,0.8859,0.8735,0.8757,8068.24
coinbase,USDCEUR,1678489260000,2023-03-10 23:01:00,0.9378,0.9379,0.9376,0.9379,60716.99
coinbase,USDCEUR,1678489320000,2023-03-10 23:02:00,0.9378,0.938,0.9378,0.938,503.68
coinbase,USDCEUR,1678489380000,2023-03-10 23:03:00,0.9376,0.938,0.9376,0.9379,1183.76
coinbase,USDCEUR,1678489440000,2023-03-10 23:04:00,0.9379,0.9379,0.9375,0.9376,668.27
coinbase,USDCEUR,1678489500000,2023-03-10 23:05:00,0.9378,0.9383,0.937,0.937,32519.62
coinbase,USDCEUR,1678489860000,2023-03-10 23:11:00,0.937,0.9375,0.937,0.9372,138.19
coinbase,USDCEUR,1678489920000,2023-03-10 23:12:00,0.9375,0.9375,0.9374,0.9374,161.42
coinbase,USDCEUR,1678490040000,2023-03-10 23:14:00,0.9374,0.9382,0.9371,0.9378,1993.36
coinbase,USDCEUR,1678490100000,2023-03-10 23:15:00,0.9372,0.9381,0.9371,0.9377,15470.73
coinbase,USDCEUR,1678490160000,2023-03-10 23:16:00,0.9377,0.938,0.9377,0.938,65.55
coinbase,USDCEUR,1678490220000,2023-03-10 23:17:00,0.9372,0.9372,0.9371,0.9371,8302.19
coinbase,USDCEUR,1678490340000,2023-03-10 23:19:00,0.9372,0.9372,0.9371,0.9371,9008.47
coinbase,USDCEUR,1678490400000,2023-03-10 23:20:00,0.9371,0.9371,0.9371,0.9371,220.01
coinbase,USDCEUR,1678490460000,2023-03-10 23:21:00,0.9368,0.938,0.9368,0.938,4442.71
coinbase,USDCEUR,1678490520000,2023-03-10 23:22:00,0.9369,0.9378,0.9357,0.9378,3627.89
coinbase,USDCEUR,1678490700000,2023-03-10 23:25:00,0.9375,0.9375,0.9363,0.9363,4016.99
coinbase,USDCEUR,1678491000000,2023-03-10 23:30:00,0.9363,0.9376,0.9363,0.9375,1848.1
coinbase,USDCEUR,1678491120000,2023-03-10 23:32:00,0.9374,0.9377,0.9365,0.9377,3017.9
coinbase,USDCEUR,1678491240000,2023-03-10 23:34:00,0.9375,0.9376,0.9371,0.9375,3496.03
coinbase,USDCEUR,1678491300000,2023-03-10 23:35:00,0.9372,0.9375,0.9365,0.9375,2502.87
coinbase,USDCEUR,1678491360000,2023-03-10 23:36:00,0.937,0.937,0.937,0.937,2221.99
coinbase,USDCEUR,1678491480000,2023-03-10 23:38:00,0.937,0.9377,0.937,0.9377,21705.34
coinbase,USDCEUR,1678491540000,2023-03-10 23:39:00,0.9377,0.9377,0.9376,0.9377,27708.35
coinbase,USDCEUR,1678491660000,2023-03-10 23:41:00,0.9377,0.9377,0.9377,0.9377,17020.99
coinbase,USDCEUR,1678491720000,2023-03-10 23:42:00,0.9377,0.9381,0.9376,0.9381,13598.67
coinbase,USDCEUR,1678491780000,2023-03-10 23:43:00,0.9378,0.9378,0.9378,0.9378,830.28
coinbase,USDCEUR,1678492080000,2023-03-10 23:48:00,0.9374,0.9375,0.9373,0.9373,747.82
coinbase,USDCEUR,1678492260000,2023-03-10 23:51:00,0.9375,0.9375,0.9375,0.9375,2012.77
coinbase,USDCEUR,1678492680000,2023-03-10 23:58:00,0.9375,0.9375,0.9375,0.9375,1217.18
coinbase,USDCEUR,1678493100000,2023-03-11 00:05:00,0.9374,0.9374,0.9374,0.9374,1.45
coinbase,USDCEUR,1678493340000,2023-03-11 00:09:00,0.9375,0.9375,0.9361,0.9361,2207.83
coinbase,USDCEUR,1678493520000,2023-03-11 00:12:00,0.9371,0.9373,0.9368,0.9368,3669.26
coinbase,USDCEUR,1678493580000,2023-03-11 00:13:00,0.9368,0.9373,0.9367,0.9367,3284.94
coinbase,USDCEUR,1678493700000,2023-03-11 00:15:00,0.9363,0.9363,0.9363,0.9363,1326.48
coinbase,USDCEUR,1678493820000,2023-03-11 00:17:00,0.936,0.936,0.936,0.936,1501.08
coinbase,USDCEUR,1678493880000,2023-03-11 00:18:00,0.936,0.9373,0.936,0.9369,3158.73
coinbase,USDCEUR,1678494540000,2023-03-11 00:29:00,0.9361,0.9363,0.9361,0.9363,2230.78
coinbase,USDCEUR,1678494600000,2023-03-11 00:30:00,0.9363,0.9363,0.9363,0.9363,3753.98
coinbase,USDCEUR,1678494660000,2023-03-11 00:31:00,0.9362,0.9363,0.9348,0.9363,15939.55
coinbase,USDCEUR,1678494720000,2023-03-11 00:32:00,0.9357,0.9363,0.9357,0.9363,9381
coinbase,USDCEUR,1678494780000,2023-03-11 00:33:00,0.9363,0.9363,0.9363,0.9363,1325.78
coinbase,USDCEUR,1678494840000,2023-03-11 00:34:00,0.9363,0.9363,0.9361,0.9361,1491.06
coinbase,USDCEUR,1678494900000,2023-03-11 00:35:00,0.9361,0.9361,0.9361,0.9361,437.25
coinbase,USDCEUR,1678494960000,2023-03-11 00:36:00,0.9349,0.936,0.9299,0.9356,19925.72
coinbase,USDCEUR,1678495020000,2023-03-11 00:37:00,0.9356,0.9363,0.9355,0.9363,4642.44
coinbase,USDCEUR,1678495140000,2023-03-11 00:39:00,0.9362,0.9362,0.9354,0.9354,639.17
coinbase,USDCEUR,1678495200000,2023-03-11 00:40:00,0.9359,0.9359,0.9349,0.9349,463.47
coinbase,USDCEUR,1678495440000,2023-03-11 00:44:00,0.9362,0.9362,0.935,0.935,6465.8
coinbase,USDCEUR,1678495500000,2023-03-11 00:45:00,0.935,0.9362,0.935,0.9361,735.8
coinbase,USDCEUR,1678495560000,2023-03-11 00:46:00,0.9347,0.9361,0.9347,0.9361,2937.25
coinbase,USDCEUR,1678495620000,2023-03-11 00:47:00,0.9362,0.9363,0.935,0.9362,7547.55
coinbase,USDCEUR,1678495680000,2023-03-11 00:48:00,0.9356,0.9358,0.9354,0.9354,6442.6
coinbase,USDCEUR,1678495740000,2023-03-11 00:49:00,0.9354,0.9362,0.9354,0.9362,1773.45
coinbase,USDCEUR,1678495860000,2023-03-11 00:51:00,0.9362,0.9363,0.9362,0.9363,5235.72
coinbase,USDCEUR,1678496040000,2023-03-11 00:54:00,0.9352,0.9362,0.9347,0.936,4589.31
coinbase,USDCEUR,1678496100000,2023-03-11 00:55:00,0.9347,0.9356,0.9341,0.9356,4260.4
coinbase,USDCEUR,1678496220000,2023-03-11 00:57:00,0.9355,0.9355,0.9343,0.9354,1833.4
coinbase,USDCEUR,1678496340000,2023-03-11 00:59:00,0.9354,0.9354,0.9351,0.9351,1384.09
coinbase,USDCEUR,1678496460000,2023-03-11 01:01:00,0.9351,0.9358,0.935,0.9358,9932.65
coinbase,USDCEUR,1678496640000,2023-03-11 01:04:00,0.9353,0.9353,0.9351,0.9352,6693.73
coinbase,USDCEUR,1678496700000,2023-03-11 01:05:00,0.935,0.9355,0.935,0.9354,8279
coinbase,USDCEUR,1678496820000,2023-03-11 01:07:00,0.9352,0.9352,0.935,0.9352,5169.5
coinbase,USDCEUR,1678496880000,2023-03-11 01:08:00,0.9352,0.9352,0.9352,0.9352,8818.74
coinbase,USDCEUR,1678496940000,2023-03-11 01:09:00,0.9352,0.9352,0.9352,0.9352,7729.58
coinbase,USDCEUR,1678497000000,2023-03-11 01:10:00,0.9351,0.9351,0.9342,0.9342,5202.47
coinbase,USDCEUR,1678497060000,2023-03-11 01:11:00,0.9342,0.9348,0.9341,0.9348,12793.73
coinbase,USDCEUR,1678497120000,2023-03-11 01:12:00,0.935,0.935,0.9345,0.9345,537.24
coinbase,USDCEUR,1678497420000,2023-03-11 01:17:00,0.9341,0.9341,0.9341,0.9341,2518.79
coinbase,USDCEUR,1678497480000,2023-03-11 01:18:00,0.9341,0.9345,0.9341,0.9344,2651.24
coinbase,USDCEUR,1678497540000,2023-03-11 01:19:00,0.9344,0.9352,0.9344,0.9352,365.46
coinbase,USDCEUR,1678497720000,2023-03-11 01:22:00,0.9352,0.9352,0.9349,0.9349,1543.71
coinbase,USDCEUR,1678497780000,2023-03-11 01:23:00,0.9349,0.9349,0.9349,0.9349,1.26
coinbase,USDCEUR,1678497960000,2023-03-11 01:26:00,0.9345,0.9345,0.9342,0.9342,159.68
coinbase,USDCEUR,1678498020000,2023-03-11 01:27:00,0.9342,0.9352,0.9336,0.9352,559.15
coinbase,USDCEUR,1678498080000,2023-03-11 01:28:00,0.9347,0.9348,0.9347,0.9348,874.5
coinbase,USDCEUR,1678498140000,2023-03-11 01:29:00,0.9349,0.9352,0.9349,0.9352,926.17
coinbase,USDCEUR,1678498380000,2023-03-11 01:33:00,0.9352,0.9352,0.9352,0.9352,792.95
coinbase,USDCEUR,1678498560000,2023-03-11 01:36:00,0.9342,0.935,0.9341,0.935,1543.56
coinbase,USDCEUR,1678498680000,2023-03-11 01:38:00,0.9352,0.9352,0.9352,0.9352,1.25
coinbase,USDCEUR,1678498800000,2023-03-11 01:40:00,0.9352,0.9352,0.9342,0.9343,147.63
coinbase,USDCEUR,1678499100000,2023-03-11 01:45:00,0.9343,0.9343,0.9336,0.9336,361.18
coinbase,USDCEUR,1678499220000,2023-03-11 01:47:00,0.9336,0.9339,0.9336,0.9339,91.49
coinbase,USDCEUR,1678499460000,2023-03-11 01:51:00,0.9338,0.9338,0.9338,0.9338,27976.08
coinbase,USDCEUR,1678499520000,2023-03-11 01:52:00,0.9338,0.9352,0.9338,0.9352,5077.82
coinbase,USDCEUR,1678499580000,2023-03-11 01:53:00,0.9348,0.9348,0.934,0.934,45.99
coinbase,USDCEUR,1678499640000,2023-03-11 01:54:00,0.9341,0.9351,0.9341,0.9351,264.28
coinbase,USDCEUR,1678499700000,2023-03-11 01:55:00,0.9338,0.9349,0.9332,0.9349,1883.46
coinbase,USDCEUR,1678499760000,2023-03-11 01:56:00,0.935,0.935,0.9336,0.9339,2707.51
coinbase,USDCEUR,1678499820000,2023-03-11 01:57:00,0.935,0.9352,0.9335,0.9348,8198.17
coinbase,USDCEUR,1678499880000,2023-03-11 01:58:00,0.9349,0.9352,0.9349,0.9352,1507.2
coinbase,USDCEUR,1678499940000,2023-03-11 01:59:00,0.9352,0.936,0.9352,0.9352,28517.24
coinbase,USDCEUR,1678500000000,2023-03-11 02:00:00,0.9352,0.9359,0.935,0.9358,5856.39
coinbase,USDCEUR,1678500060000,2023-03-11 02:01:00,0.9343,0.9356,0.9343,0.9346,1031.74
coinbase,USDCEUR,1678500180000,2023-03-11 02:03:00,0.934,0.9347,0.9339,0.9346,107.34
coinbase,USDCEUR,1678500300000,2023-03-11 02:05:00,0.9341,0.9342,0.9341,0.9342,10621.56
coinbase,USDCEUR,1678500360000,2023-03-11 02:06:00,0.9342,0.9342,0.9339,0.9339,2246.05
coinbase,USDCEUR,1678500420000,2023-03-11 02:07:00,0.9339,0.9339,0.9339,0.9339,48.32
coinbase,USDCEUR,1678500480000,2023-03-11 02:08:00,0.9339,0.9341,0.9337,0.9341,212.74
coinbase,USDCEUR,1678500540000,2023-03-11 02:09:00,0.9335,0.9342,0.9335,0.9341,11685.96
coinbase,USDCEUR,1678500600000,2023-03-11 02:10:00,0.9341,0.9341,0.9341,0.9341,13537.76
coinbase,USDCEUR,1678500660000,2023-03-11 02:11:00,0.9341,0.9341,0.9341,0.9341,6033.21
coinbase,USDCEUR,1678500720000,2023-03-11 02:12:00,0.9341,0.9341,0.9339,0.9341,4173.3
coinbase,USDCEUR,1678500780000,2023-03-11 02:13:00,0.9339,0.934,0.9335,0.9335,1337.86
coinbase,USDCEUR,1678500840000,2023-03-11 02:14:00,0.9337,0.9341,0.9337,0.9341,5782.99
coinbase,USDCEUR,1678500900000,2023-03-11 02:15:00,0.9341,0.9341,0.9339,0.9339,989.76
coinbase,USDCEUR,1678500960000,2023-03-11 02:16:00,0.9341,0.9341,0.934,0.934,2459.33
coinbase,USDCEUR,1678501020000,2023-03-11 02:17:00,0.9339,0.9339,0.9338,0.9339,5397.18
coinbase,USDCEUR,1678501080000,2023-03-11 02:18:00,0.9339,0.9342,0.9339,0.9342,23071.01
coinbase,USDCEUR,1678501140000,2023-03-11 02:19:00,0.9342,0.9342,0.9342,0.9342,18848.06
coinbase,USDCEUR,1678501200000,2023-03-11 02:20:00,0.9342,0.9342,0.9342,0.9342,13947.83
coinbase,USDCEUR,1678501320000,2023-03-11 02:22:00,0.9342,0.9342,0.9342,0.9342,2771.2
coinbase,USDCEUR,1678501380000,2023-03-11 02:23:00,0.9342,0.9342,0.9342,0.9342,12362.2
coinbase,USDCEUR,1678501440000,2023-03-11 02:24:00,0.9342,0.9342,0.9342,0.9342,54668.02
coinbase,USDCEUR,1678501500000,2023-03-11 02:25:00,0.9342,0.9342,0.9341,0.9341,1812.89
coinbase,USDCEUR,1678501560000,2023-03-11 02:26:00,0.9341,0.9341,0.9341,0.9341,200.7
coinbase,USDCEUR,1678501620000,2023-03-11 02:27:00,0.9341,0.9341,0.9338,0.9341,5193.49
coinbase,USDCEUR,1678501680000,2023-03-11 02:28:00,0.9341,0.9341,0.9309,0.9309,12813.97
coinbase,USDCEUR,1678501860000,2023-03-11 02:31:00,0.9326,0.9339,0.9326,0.9339,228.27
coinbase,USDCEUR,1678501980000,2023-03-11 02:33:00,0.9337,0.9338,0.9337,0.9338,753.26
coinbase,USDCEUR,1678502040000,2023-03-11 02:34:00,0.9338,0.9338,0.9338,0.9338,2.13
coinbase,USDCEUR,1678502100000,2023-03-11 02:35:00,0.9338,0.9338,0.9334,0.9334,7.44
coinbase,USDCEUR,1678502160000,2023-03-11 02:36:00,0.9334,0.9334,0.9326,0.9333,124.6
coinbase,USDCEUR,1678502220000,2023-03-11 02:37:00,0.933,0.933,0.9324,0.9324,411.18
coinbase,USDCEUR,1678502400000,2023-03-11 02:40:00,0.9322,0.9325,0.915,0.9282,49432.66
coinbase,USDCEUR,1678502460000,2023-03-11 02:41:00,0.9316,0.9331,0.9261,0.932,43998.88
coinbase,USDCEUR,1678502520000,2023-03-11 02:42:00,0.932,0.9324,0.9222,0.9307,41670.31
coinbase,USDCEUR,1678502580000,2023-03-11 02:43:00,0.931,0.9311,0.9308,0.931,706.61
coinbase,USDCEUR,1678502640000,2023-03-11 02:44:00,0.931,0.9314,0.931,0.9314,230.89
coinbase,USDCEUR,1678502700000,2023-03-11 02:45:00,0.9314,0.9317,0.9312,0.9312,470.68
coinbase,USDCEUR,1678502760000,2023-03-11 02:46:00,0.9312,0.9313,0.9311,0.9313,2804.61
coinbase,USDCEUR,1678502820000,2023-03-11 02:47:00,0.9313,0.9316,0.9313,0.9316,783.27
coinbase,USDCEUR,1678502880000,2023-03-11 02:48:00,0.9295,0.9318,0.9295,0.9317,907.01
coinbase,USDCEUR,1678503000000,2023-03-11 02:50:00,0.9312,0.9312,0.93,0.9301,8894.62
coinbase,USDCEUR,1678503060000,2023-03-11 02:51:00,0.9301,0.9301,0.93,0.93,7957.81
coinbase,USDCEUR,1678503480000,2023-03-11 02:58:00,0.9299,0.9301,0.9288,0.9294,14107.44
coinbase,USDCEUR,1678503540000,2023-03-11 02:59:00,0.9301,0.9301,0.9301,0.9301,2126.88
coinbase,USDCEUR,1678503600000,2023-03-11 03:00:00,0.9301,0.9301,0.9301,0.9301,3190.18
coinbase,USDCEUR,1678503660000,2023-03-11 03:01:00,0.9291,0.9301,0.9291,0.9301,1200.73
coinbase,USDCEUR,1678503720000,2023-03-11 03:02:00,0.9301,0.9301,0.9295,0.9295,13.14
coinbase,USDCEUR,1678503840000,2023-03-11 03:04:00,0.9296,0.9297,0.9294,0.9297,3062.67
coinbase,USDCEUR,1678504080000,2023-03-11 03:08:00,0.9295,0.9295,0.9295,0.9295,150.77
coinbase,USDCEUR,1678504320000,2023-03-11 03:12:00,0.9295,0.9295,0.9295,0.9295,163.76
coinbase,USDCEUR,1678504380000,2023-03-11 03:13:00,0.9295,0.9295,0.9284,0.9284,895.46
coinbase,USDCEUR,1678504440000,2023-03-11 03:14:00,0.9284,0.9284,0.9253,0.9284,11476.59
coinbase,USDCEUR,1678504680000,2023-03-11 03:18:00,0.928,0.928,0.9239,0.9239,8291.74
coinbase,USDCEUR,1678504800000,2023-03-11 03:20:00,0.9273,0.9273,0.9239,0.9254,17404.15
coinbase,USDCEUR,1678504860000,2023-03-11 03:21:00,0.9254,0.9265,0.9253,0.9263,13982.99
coinbase,USDCEUR,1678504920000,2023-03-11 03:22:00,0.9249,0.9253,0.9221,0.9252,4570.37
coinbase,USDCEUR,1678504980000,2023-03-11 03:23:00,0.9248,0.9253,0.9208,0.9253,7049.74
coinbase,USDCEUR,1678505040000,2023-03-11 03:24:00,0.9237,0.9237,0.9179,0.9179,10019.16
coinbase,USDCEUR,1678505220000,2023-03-11 03:27:00,0.9186,0.9186,0.9174,0.9174,5663.78
coinbase,USDCEUR,1678505280000,2023-03-11 03:28:00,0.9175,0.9178,0.9174,0.9178,7442.65
coinbase,USDCEUR,1678505340000,2023-03-11 03:29:00,0.9178,0.9183,0.9017,0.9106,64277.4
coinbase,USDCEUR,1678505460000,2023-03-11 03:31:00,0.9117,0.9119,0.9039,0.9039,23.64
coinbase,USDCEUR,1678505700000,2023-03-11 03:35:00,0.9039,0.9051,0.9017,0.9017,13496.2
coinbase,USDCEUR,1678505760000,2023-03-11 03:36:00,0.9022,0.9022,0.9017,0.9018,25611.05
coinbase,USDCEUR,1678505820000,2023-03-11 03:37:00,0.9017,0.9017,0.8993,0.8993,1342.71
coinbase,USDCEUR,1678505880000,2023-03-11 03:38:00,0.8993,0.8999,0.8993,0.8999,218.52
coinbase,USDCEUR,1678505940000,2023-03-11 03:39:00,0.8993,0.8993,0.8935,0.8935,6064.13
coinbase,USDCEUR,1678506000000,2023-03-11 03:40:00,0.8936,0.8936,0.89,0.89,28768.95
coinbase,USDCEUR,1678506120000,2023-03-11 03:42:00,0.89,0.89,0.88,0.88,6252.52
coinbase,USDCEUR,1678506180000,2023-03-11 03:43:00,0.88,0.88,0.8797,0.8798,1803.03
coinbase,USDCEUR,1678506300000,2023-03-11 03:45:00,0.8797,0.8797,0.8701,0.8701,80.03
coinbase,USDCEUR,1678506420000,2023-03-11 03:47:00,0.8787,0.8788,0.8753,0.8788,155.76
coinbase,USDCEUR,1678506480000,2023-03-11 03:48:00,0.8787,0.879,0.8787,0.879,7988.12
coinbase,USDCEUR,1678506900000,2023-03-11 03:55:00,0.8788,0.8788,0.8788,0.8788,3.37
coinbase,USDCEUR,1678506960000,2023-03-11 03:56:00,0.879,0.879,0.8786,0.8786,33.68
coinbase,USDCEUR,1678507140000,2023-03-11 03:59:00,0.8701,0.8701,0.8701,0.8701,93.29
coinbase,USDCEUR,1678471380000,2023-03-10 18:03:00,0.9375,0.9375,0.9372,0.9373,9107.96
coinbase,USDCEUR,1678471440000,2023-03-10 18:04:00,0.9378,0.9378,0.9372,0.9372,3975.21
coinbase,USDCEUR,1678471560000,2023-03-10 18:06:00,0.9377,0.9377,0.9376,0.9376,68.11
coinbase,USDCEUR,1678471620000,2023-03-10 18:07:00,0.9377,0.9377,0.9377,0.9377,24.84
coinbase,USDCEUR,1678471680000,2023-03-10 18:08:00,0.9377,0.9377,0.9377,0.9377,130.89
coinbase,USDCEUR,1678471740000,2023-03-10 18:09:00,0.9377,0.9377,0.9376,0.9376,89.29
coinbase,USDCEUR,1678471800000,2023-03-10 18:10:00,0.9377,0.9378,0.9377,0.9378,132.88
coinbase,USDCEUR,1678471860000,2023-03-10 18:11:00,0.9378,0.9378,0.9377,0.9377,132.88
coinbase,USDCEUR,1678471920000,2023-03-10 18:12:00,0.9383,0.9384,0.9383,0.9384,99.31
coinbase,USDCEUR,1678472160000,2023-03-10 18:16:00,0.9384,0.9384,0.9384,0.9384,243.16
coinbase,USDCEUR,1678472220000,2023-03-10 18:17:00,0.9385,0.9385,0.9383,0.9383,311.93
coinbase,USDCEUR,1678472460000,2023-03-10 18:21:00,0.9383,0.9391,0.9382,0.9391,307.54
coinbase,USDCEUR,1678472580000,2023-03-10 18:23:00,0.9391,0.9391,0.9391,0.9391,22.8
coinbase,USDCEUR,1678472640000,2023-03-10 18:24:00,0.9391,0.9392,0.9384,0.9384,93.41
coinbase,USDCEUR,1678472880000,2023-03-10 18:28:00,0.9385,0.9392,0.9385,0.9385,211.93
coinbase,USDCEUR,1678473120000,2023-03-10 18:32:00,0.9392,0.9392,0.9388,0.9388,54.16
coinbase,USDCEUR,1678473180000,2023-03-10 18:33:00,0.9388,0.9388,0.9388,0.9388,54.5
coinbase,USDCEUR,1678473900000,2023-03-10 18:45:00,0.9392,0.9394,0.9392,0.9394,50279.28
coinbase,USDCEUR,1678474080000,2023-03-10 18:48:00,0.9391,0.9391,0.9391,0.9391,21.8
coinbase,USDCEUR,1678474140000,2023-03-10 18:49:00,0.9394,0.9394,0.9392,0.9392,341.73
coinbase,USDCEUR,1678474380000,2023-03-10 18:53:00,0.9399,0.9399,0.9399,0.9399,19.58
coinbase,USDCEUR,1678474620000,2023-03-10 18:57:00,0.9404,0.9404,0.9399,0.9399,21.69
coinbase,USDCEUR,1678474680000,2023-03-10 18:58:00,0.9399,0.9402,0.9399,0.9402,79.98
coinbase,USDCEUR,1678474740000,2023-03-10 18:59:00,0.9394,0.94,0.9394,0.94,6743.03
coinbase,USDCEUR,1678474980000,2023-03-10 19:03:00,0.9395,0.9396,0.9395,0.9396,69.82
coinbase,USDCEUR,1678475340000,2023-03-10 19:09:00,0.9395,0.9395,0.9388,0.9388,10068.62
coinbase,USDCEUR,1678475460000,2023-03-10 19:11:00,0.9392,0.9392,0.9389,0.9389,10068.62
coinbase,USDCEUR,1678475520000,2023-03-10 19:12:00,0.9389,0.9391,0.9389,0.9391,19759.42
coinbase,USDCEUR,1678475880000,2023-03-10 19:18:00,0.9397,0.9398,0.9397,0.9398,981.51
coinbase,USDCEUR,1678475940000,2023-03-10 19:19:00,0.9396,0.9398,0.9395,0.9395,9352.59
coinbase,USDCEUR,1678476120000,2023-03-10 19:22:00,0.9397,0.9399,0.9397,0.9399,4434.82
coinbase,USDCEUR,1678476240000,2023-03-10 19:24:00,0.9396,0.9396,0.9393,0.9393,988.42
coinbase,USDCEUR,1678476420000,2023-03-10 19:27:00,0.9394,0.9394,0.9393,0.9393,1162.2
coinbase,USDCEUR,1678476540000,2023-03-10 19:29:00,0.9398,0.9398,0.9394,0.9394,118.86
coinbase,USDCEUR,1678476660000,2023-03-10 19:31:00,0.9396,0.9396,0.9394,0.9394,12812.06
coinbase,USDCEUR,1678476840000,2023-03-10 19:34:00,0.9396,0.9396,0.9394,0.9394,11.88
coinbase,USDCEUR,1678476960000,2023-03-10 19:36:00,0.9396,0.9396,0.9396,0.9396,2488.12
coinbase,USDCEUR,1678477200000,2023-03-10 19:40:00,0.9398,0.9399,0.9397,0.9397,4528.86
coinbase,USDCEUR,1678477260000,2023-03-10 19:41:00,0.9399,0.9399,0.9399,0.9399,559.45
coinbase,USDCEUR,1678477500000,2023-03-10 19:45:00,0.9399,0.9399,0.9398,0.9398,293.01
coinbase,USDCEUR,1678477560000,2023-03-10 19:46:00,0.9399,0.9402,0.9391,0.9398,134200.76
coinbase,USDCEUR,1678478040000,2023-03-10 19:54:00,0.9402,0.9403,0.9397,0.9397,569.16
coinbase,USDCEUR,1678478100000,2023-03-10 19:55:00,0.9393,0.9393,0.9389,0.9389,4596.94
coinbase,USDCEUR,1678478160000,2023-03-10 19:56:00,0.939,0.939,0.9389,0.9389,66.53
coinbase,USDCEUR,1678478220000,2023-03-10 19:57:00,0.9393,0.9393,0.9389,0.9389,215.86
coinbase,USDCEUR,1678478520000,2023-03-10 20:02:00,0.9393,0.9393,0.9393,0.9393,137.23
coinbase,USDCEUR,1678478640000,2023-03-10 20:04:00,0.9389,0.9396,0.9384,0.9396,86153.5
coinbase,USDCEUR,1678478700000,2023-03-10 20:05:00,0.9393,0.9396,0.9391,0.9391,855.59
coinbase,USDCEUR,1678479000000,2023-03-10 20:10:00,0.939,0.9391,0.939,0.9391,2143.58
coinbase,USDCEUR,1678479120000,2023-03-10 20:12:00,0.9391,0.9394,0.9387,0.9394,19452.41
coinbase,USDCEUR,1678479180000,2023-03-10 20:13:00,0.9394,0.9394,0.9394,0.9394,75.11
coinbase,USDCEUR,1678479240000,2023-03-10 20:14:00,0.9394,0.9395,0.9394,0.9395,9430.28
coinbase,USDCEUR,1678479300000,2023-03-10 20:15:00,0.9394,0.9395,0.9394,0.9395,603.64
coinbase,USDCEUR,1678479360000,2023-03-10 20:16:00,0.9395,0.9395,0.9391,0.9391,3
coinbase,USDCEUR,1678479420000,2023-03-10 20:17:00,0.9393,0.9393,0.9393,0.9393,9865.85
coinbase,USDCEUR,1678479480000,2023-03-10 20:18:00,0.9393,0.9393,0.939,0.9393,25514.94
coinbase,USDCEUR,1678479540000,2023-03-10 20:19:00,0.9393,0.9395,0.939,0.9395,20681.18
coinbase,USDCEUR,1678479600000,2023-03-10 20:20:00,0.9393,0.9395,0.9393,0.9395,2921.46
coinbase,USDCEUR,1678479660000,2023-03-10 20:21:00,0.9393,0.9395,0.9391,0.9395,26526.47
coinbase,USDCEUR,1678479720000,2023-03-10 20:22:00,0.9393,0.9396,0.9393,0.9396,69302.61
coinbase,USDCEUR,1678480020000,2023-03-10 20:27:00,0.9396,0.9397,0.9392,0.9397,40809.93
coinbase,USDCEUR,1678480140000,2023-03-10 20:29:00,0.9395,0.9396,0.9395,0.9396,2007.47
coinbase,USDCEUR,1678480200000,2023-03-10 20:30:00,0.9395,0.9395,0.9395,0.9395,4000
coinbase,USDCEUR,1678480260000,2023-03-10 20:31:00,0.9395,0.9395,0.9395,0.9395,2000
coinbase,USDCEUR,1678480320000,2023-03-10 20:32:00,0.9394,0.9394,0.9394,0.9394,13397.57
coinbase,USDCEUR,1678480380000,2023-03-10 20:33:00,0.9394,0.9395,0.9393,0.9393,3131.95
coinbase,USDCEUR,1678480680000,2023-03-10 20:38:00,0.9393,0.9393,0.9391,0.9391,2000.95
coinbase,USDCEUR,1678480800000,2023-03-10 20:40:00,0.9391,0.9392,0.9391,0.9392,10744
coinbase,USDCEUR,1678480860000,2023-03-10 20:41:00,0.9392,0.9392,0.9391,0.9392,26230.95
coinbase,USDCEUR,1678480920000,2023-03-10 20:42:00,0.9392,0.9392,0.9392,0.9392,14025.05
coinbase,USDCEUR,1678480980000,2023-03-10 20:43:00,0.9389,0.9393,0.9389,0.9393,8724.68
coinbase,USDCEUR,1678481100000,2023-03-10 20:45:00,0.9393,0.9393,0.9393,0.9393,2174.81
coinbase,USDCEUR,1678481280000,2023-03-10 20:48:00,0.9393,0.9393,0.9393,0.9393,70653.51
coinbase,USDCEUR,1678481340000,2023-03-10 20:49:00,0.9393,0.9394,0.9393,0.9394,7925.75
coinbase,USDCEUR,1678481400000,2023-03-10 20:50:00,0.939,0.9394,0.9389,0.9394,2088.12
coinbase,USDCEUR,1678481520000,2023-03-10 20:52:00,0.9394,0.9395,0.9394,0.9395,5007.42
coinbase,USDCEUR,1678481580000,2023-03-10 20:53:00,0.9395,0.9396,0.9395,0.9396,7.67
coinbase,USDCEUR,1678481700000,2023-03-10 20:55:00,0.9396,0.9396,0.9396,0.9396,60.95
coinbase,USDCEUR,1678481760000,2023-03-10 20:56:00,0.9396,0.94,0.9396,0.94,173.48
coinbase,USDCEUR,1678481820000,2023-03-10 20:57:00,0.9396,0.9396,0.9396,0.9396,45501.37
coinbase,USDCEUR,1678481880000,2023-03-10 20:58:00,0.9396,0.9396,0.9383,0.9396,36145.43
coinbase,USDCEUR,1678481940000,2023-03-10 20:59:00,0.9395,0.9395,0.9395,0.9395,5683.82
coinbase,USDCEUR,1678482060000,2023-03-10 21:01:00,0.9395,0.9395,0.9395,0.9395,9763.74
coinbase,USDCEUR,1678482180000,2023-03-10 21:03:00,0.9395,0.9399,0.9395,0.9399,69.67
coinbase,USDCEUR,1678482360000,2023-03-10 21:06:00,0.9398,0.9398,0.9398,0.9398,2.1
coinbase,USDCEUR,1678482480000,2023-03-10 21:08:00,0.9398,0.9398,0.9398,0.9398,2.1
coinbase,USDCEUR,1678482600000,2023-03-10 21:10:00,0.9398,0.9398,0.9398,0.9398,2.1
coinbase,USDCEUR,1678482720000,2023-03-10 21:12:00,0.9398,0.9398,0.9398,0.9398,22.05
coinbase,USDCEUR,1678482780000,2023-03-10 21:13:00,0.9398,0.9398,0.9398,0.9398,47.97
coinbase,USDCEUR,1678482900000,2023-03-10 21:15:00,0.9398,0.9398,0.9398,0.9398,2.1
coinbase,USDCEUR,1678482960000,2023-03-10 21:16:00,0.9398,0.9398,0.9396,0.9396,75.25
coinbase,USDCEUR,1678483080000,2023-03-10 21:18:00,0.9397,0.9397,0.9397,0.9397,5.93
coinbase,USDCEUR,1678483200000,2023-03-10 21:20:00,0.9396,0.9396,0.9396,0.9396,2.11
coinbase,USDCEUR,1678483260000,2023-03-10 21:21:00,0.9396,0.9396,0.9396,0.9396,118.68
coinbase,USDCEUR,1678483380000,2023-03-10 21:23:00,0.9393,0.9393,0.9393,0.9393,15.52
coinbase,USDCEUR,1678483440000,2023-03-10 21:24:00,0.9393,0.9393,0.9386,0.9393,12892.71
coinbase,USDCEUR,1678483560000,2023-03-10 21:26:00,0.9393,0.9394,0.9393,0.9394,76.56
coinbase,USDCEUR,1678483620000,2023-03-10 21:27:00,0.9392,0.9392,0.9392,0.9392,68.74
coinbase,USDCEUR,1678483680000,2023-03-10 21:28:00,0.939,0.939,0.9388,0.939,1044
coinbase,USDCEUR,1678483740000,2023-03-10 21:29:00,0.9388,0.939,0.9386,0.939,20472.51
coinbase,USDCEUR,1678483800000,2023-03-10 21:30:00,0.939,0.9396,0.939,0.9396,31865.72
coinbase,USDCEUR,1678483860000,2023-03-10 21:31:00,0.9396,0.9396,0.9384,0.9395,276.55
coinbase,USDCEUR,1678483920000,2023-03-10 21:32:00,0.9386,0.9395,0.9386,0.9395,2.47
coinbase,USDCEUR,1678483980000,2023-03-10 21:33:00,0.9395,0.9395,0.938,0.9391,6106.67
coinbase,USDCEUR,1678484340000,2023-03-10 21:39:00,0.9391,0.9391,0.9383,0.9383,9255.8
coinbase,USDCEUR,1678484400000,2023-03-10 21:40:00,0.9383,0.9391,0.9383,0.9388,952.54
coinbase,USDCEUR,1678484700000,2023-03-10 21:45:00,0.9386,0.9386,0.9379,0.9386,9142.02
coinbase,USDCEUR,1678484760000,2023-03-10 21:46:00,0.9386,0.9386,0.9383,0.9386,12171.04
coinbase,USDCEUR,1678484820000,2023-03-10 21:47:00,0.938,0.9386,0.9379,0.9382,8336.45
coinbase,USDCEUR,1678484880000,2023-03-10 21:48:00,0.9384,0.9384,0.9383,0.9384,17475
coinbase,USDCEUR,1678484940000,2023-03-10 21:49:00,0.9385,0.9387,0.9384,0.9384,12181.67
coinbase,USDCEUR,1678485000000,2023-03-10 21:50:00,0.9384,0.9389,0.9384,0.9388,236.01
coinbase,USDCEUR,1678485120000,2023-03-10 21:52:00,0.9385,0.9387,0.9385,0.9387,1118.93
coinbase,USDCEUR,1678485180000,2023-03-10 21:53:00,0.9385,0.9385,0.9379,0.9379,18244.82
coinbase,USDCEUR,1678485360000,2023-03-10 21:56:00,0.938,0.9383,0.938,0.9383,133.55
coinbase,USDCEUR,1678485420000,2023-03-10 21:57:00,0.9383,0.9384,0.9383,0.9384,67.76
coinbase,USDCEUR,1678485540000,2023-03-10 21:59:00,0.9386,0.9387,0.9386,0.9387,696.44
coinbase,USDCEUR,1678485600000,2023-03-10 22:00:00,0.9387,0.9387,0.9387,0.9387,518.7
coinbase,USDCEUR,1678485660000,2023-03-10 22:01:00,0.9386,0.9387,0.9386,0.9387,1120.12
coinbase,USDCEUR,1678485720000,2023-03-10 22:02:00,0.9387,0.9391,0.9387,0.9391,6947.96
coinbase,USDCEUR,1678485780000,2023-03-10 22:03:00,0.9387,0.9391,0.9373,0.9391,10224.39
coinbase,USDCEUR,1678485840000,2023-03-10 22:04:00,0.9388,0.9389,0.9369,0.9389,5731.75
coinbase,USDCEUR,1678485900000,2023-03-10 22:05:00,0.939,0.939,0.9389,0.939,188.18
coinbase,USDCEUR,1678485960000,2023-03-10 22:06:00,0.9389,0.939,0.9389,0.939,68.18
coinbase,USDCEUR,1678486080000,2023-03-10 22:08:00,0.939,0.939,0.9384,0.9384,485.35
coinbase,USDCEUR,1678486140000,2023-03-10 22:09:00,0.9384,0.9389,0.9384,0.9389,4252.25
coinbase,USDCEUR,1678486200000,2023-03-10 22:10:00,0.9389,0.9389,0.9385,0.9385,5.56
coinbase,USDCEUR,1678486260000,2023-03-10 22:11:00,0.9388,0.939,0.9388,0.939,449.48
coinbase,USDCEUR,1678486320000,2023-03-10 22:12:00,0.939,0.939,0.9386,0.9388,32.5
coinbase,USDCEUR,1678486380000,2023-03-10 22:13:00,0.9388,0.9388,0.9374,0.9385,16091.2
coinbase,USDCEUR,1678486500000,2023-03-10 22:15:00,0.9386,0.9387,0.9383,0.9387,1400.6
coinbase,USDCEUR,1678486560000,2023-03-10 22:16:00,0.9381,0.9389,0.9369,0.9389,5573.6
coinbase,USDCEUR,1678486620000,2023-03-10 22:17:00,0.9387,0.9387,0.9385,0.9385,206.27
coinbase,USDCEUR,1678486680000,2023-03-10 22:18:00,0.9382,0.9384,0.9382,0.9384,60472.45
coinbase,USDCEUR,1678486740000,2023-03-10 22:19:00,0.9379,0.9384,0.9376,0.9384,10067.12
coinbase,USDCEUR,1678486800000,2023-03-10 22:20:00,0.9378,0.9386,0.9378,0.9385,57336.18
coinbase,USDCEUR,1678486920000,2023-03-10 22:22:00,0.9381,0.9383,0.9381,0.9383,33172.78
coinbase,USDCEUR,1678486980000,2023-03-10 22:23:00,0.9383,0.9383,0.9377,0.9377,12939.36
coinbase,USDCEUR,1678487040000,2023-03-10 22:24:00,0.9382,0.9383,0.9377,0.9377,4375.82
coinbase,USDCEUR,1678487340000,2023-03-10 22:29:00,0.9383,0.9385,0.9377,0.9385,20841.14
coinbase,USDCEUR,1678487400000,2023-03-10 22:30:00,0.9377,0.9385,0.9376,0.9384,9014.16
coinbase,USDCEUR,1678487760000,2023-03-10 22:36:00,0.9377,0.938,0.936,0.938,24226.91
coinbase,USDCEUR,1678487820000,2023-03-10 22:37:00,0.9371,0.9383,0.937,0.9383,25684.22
coinbase,USDCEUR,1678487940000,2023-03-10 22:39:00,0.9378,0.9378,0.9377,0.9378,14486.92
coinbase,USDCEUR,1678488000000,2023-03-10 22:40:00,0.9378,0.9378,0.9375,0.9378,11713.09
coinbase,USDCEUR,1678488240000,2023-03-10 22:44:00,0.9378,0.9379,0.9378,0.9379,2351.27
coinbase,USDCEUR,1678488480000,2023-03-10 22:48:00,0.9378,0.9379,0.9378,0.9379,132.8
coinbase,USDCEUR,1678488780000,2023-03-10 22:53:00,0.9376,0.9376,0.9376,0.9376,22861.61
coinbase,USDCEUR,1678488900000,2023-03-10 22:55:00,0.9376,0.9376,0.9376,0.9376,3951.11
coinbase,USDCEUR,1678488960000,2023-03-10 22:56:00,0.9375,0.9376,0.9354,0.9376,26828.98
coinbase,USDCEUR,1678489020000,2023-03-10 22:57:00,0.9375,0.9376,0.9375,0.9375,37357.77
coinbase,USDCEUR,1678489080000,2023-03-10 22:58:00,0.9375,0.9376,0.9375,0.9376,63034.85
coinbase,USDCEUR,1678489140000,2023-03-10 22:59:00,0.9375,0.9378,0.9375,0.9378,398.51
coinbase,USDCEUR,1678453380000,2023-03-10 13:03:00,0.9447,0.9448,0.9447,0.9448,211.91
coinbase,USDCEUR,1678453440000,2023-03-10 13:04:00,0.9449,0.945,0.9449,0.945,136.49
coinbase,USDCEUR,1678454160000,2023-03-10 13:16:00,0.9451,0.9452,0.9449,0.9449,304.56
coinbase,USDCEUR,1678454520000,2023-03-10 13:22:00,0.9452,0.9452,0.9452,0.9452,434.01
coinbase,USDCEUR,1678454820000,2023-03-10 13:27:00,0.9448,0.9448,0.9445,0.9445,204.62
coinbase,USDCEUR,1678455000000,2023-03-10 13:30:00,0.9444,0.9452,0.9412,0.9412,29217.35
coinbase,USDCEUR,1678455060000,2023-03-10 13:31:00,0.9417,0.9424,0.9417,0.9424,98.39
coinbase,USDCEUR,1678455120000,2023-03-10 13:32:00,0.9425,0.9429,0.9425,0.9426,884.49
coinbase,USDCEUR,1678455180000,2023-03-10 13:33:00,0.9427,0.9428,0.9417,0.9417,479.32
coinbase,USDCEUR,1678455240000,2023-03-10 13:34:00,0.9414,0.9421,0.941,0.9421,1083.76
coinbase,USDCEUR,1678455300000,2023-03-10 13:35:00,0.9415,0.9421,0.9415,0.9421,460.1
coinbase,USDCEUR,1678455420000,2023-03-10 13:37:00,0.9421,0.9421,0.9416,0.9416,841.21
coinbase,USDCEUR,1678455540000,2023-03-10 13:39:00,0.9415,0.9415,0.9413,0.9414,1821.43
coinbase,USDCEUR,1678455720000,2023-03-10 13:42:00,0.9415,0.9415,0.941,0.941,777.94
coinbase,USDCEUR,1678455780000,2023-03-10 13:43:00,0.9402,0.9404,0.9402,0.9404,11315.89
coinbase,USDCEUR,1678455840000,2023-03-10 13:44:00,0.9409,0.9409,0.9408,0.9408,596.5
coinbase,USDCEUR,1678455900000,2023-03-10 13:45:00,0.9408,0.9408,0.9408,0.9408,205.26
coinbase,USDCEUR,1678456140000,2023-03-10 13:49:00,0.9408,0.9414,0.9408,0.9414,273.6
coinbase,USDCEUR,1678456200000,2023-03-10 13:50:00,0.9414,0.9419,0.9414,0.9419,427.75
coinbase,USDCEUR,1678456320000,2023-03-10 13:52:00,0.9418,0.9418,0.941,0.941,9.68
coinbase,USDCEUR,1678456560000,2023-03-10 13:56:00,0.9418,0.9421,0.9418,0.9421,201.01
coinbase,USDCEUR,1678456800000,2023-03-10 14:00:00,0.9426,0.9426,0.9426,0.9426,68.37
coinbase,USDCEUR,1678457160000,2023-03-10 14:06:00,0.9408,0.9415,0.9408,0.9412,382.31
coinbase,USDCEUR,1678457460000,2023-03-10 14:11:00,0.9404,0.9407,0.9404,0.9407,87.12
coinbase,USDCEUR,1678457700000,2023-03-10 14:15:00,0.9412,0.9412,0.9412,0.9412,3601.49
coinbase,USDCEUR,1678458060000,2023-03-10 14:21:00,0.9412,0.9412,0.9405,0.9405,286.55
coinbase,USDCEUR,1678458240000,2023-03-10 14:24:00,0.9403,0.9403,0.94,0.94,1025.94
coinbase,USDCEUR,1678458540000,2023-03-10 14:29:00,0.94,0.94,0.94,0.94,39.04
coinbase,USDCEUR,1678458720000,2023-03-10 14:32:00,0.9402,0.9402,0.9386,0.9386,560.77
coinbase,USDCEUR,1678458780000,2023-03-10 14:33:00,0.9391,0.9394,0.9391,0.9394,34048.77
coinbase,USDCEUR,1678458840000,2023-03-10 14:34:00,0.9394,0.9401,0.9393,0.9401,367.9
coinbase,USDCEUR,1678458900000,2023-03-10 14:35:00,0.9396,0.9398,0.9396,0.9398,10873.99
coinbase,USDCEUR,1678459200000,2023-03-10 14:40:00,0.9386,0.9386,0.9381,0.9381,412.19
coinbase,USDCEUR,1678459260000,2023-03-10 14:41:00,0.9378,0.9378,0.9378,0.9378,1000
coinbase,USDCEUR,1678459440000,2023-03-10 14:44:00,0.9378,0.9382,0.9378,0.9382,649.38
coinbase,USDCEUR,1678459560000,2023-03-10 14:46:00,0.9384,0.9385,0.9384,0.9385,201.92
coinbase,USDCEUR,1678459620000,2023-03-10 14:47:00,0.9385,0.9385,0.9385,0.9385,203.46
coinbase,USDCEUR,1678459680000,2023-03-10 14:48:00,0.9385,0.939,0.9384,0.9389,512.82
coinbase,USDCEUR,1678459800000,2023-03-10 14:50:00,0.9389,0.9394,0.9389,0.9394,4104.55
coinbase,USDCEUR,1678459920000,2023-03-10 14:52:00,0.939,0.939,0.9385,0.9385,1172.54
coinbase,USDCEUR,1678459980000,2023-03-10 14:53:00,0.9385,0.9389,0.9385,0.9389,599.59
coinbase,USDCEUR,1678460100000,2023-03-10 14:55:00,0.9389,0.9392,0.9389,0.9392,65
coinbase,USDCEUR,1678460220000,2023-03-10 14:57:00,0.9392,0.9392,0.9386,0.9386,73.39
coinbase,USDCEUR,1678460280000,2023-03-10 14:58:00,0.938,0.938,0.9379,0.9379,140.14
coinbase,USDCEUR,1678460400000,2023-03-10 15:00:00,0.9378,0.9378,0.9375,0.9375,749.38
coinbase,USDCEUR,1678460460000,2023-03-10 15:01:00,0.9373,0.9375,0.9369,0.9375,5204.03
coinbase,USDCEUR,1678460640000,2023-03-10 15:04:00,0.9371,0.9371,0.9364,0.9364,1739.06
coinbase,USDCEUR,1678460820000,2023-03-10 15:07:00,0.9368,0.9368,0.9367,0.9367,204.68
coinbase,USDCEUR,1678460880000,2023-03-10 15:08:00,0.9373,0.9375,0.9373,0.9375,315.78
coinbase,USDCEUR,1678461000000,2023-03-10 15:10:00,0.9377,0.9377,0.9376,0.9376,596.12
coinbase,USDCEUR,1678461060000,2023-03-10 15:11:00,0.9377,0.9377,0.9376,0.9376,313.67
coinbase,USDCEUR,1678461120000,2023-03-10 15:12:00,0.9371,0.9373,0.9369,0.9373,134.91
coinbase,USDCEUR,1678461360000,2023-03-10 15:16:00,0.9375,0.9377,0.9375,0.9376,10259.98
coinbase,USDCEUR,1678461420000,2023-03-10 15:17:00,0.9379,0.9379,0.9373,0.9373,130.37
coinbase,USDCEUR,1678461540000,2023-03-10 15:19:00,0.9375,0.9378,0.9375,0.9378,72.93
coinbase,USDCEUR,1678461780000,2023-03-10 15:23:00,0.9373,0.9377,0.9369,0.9369,1911.61
coinbase,USDCEUR,1678461960000,2023-03-10 15:26:00,0.9369,0.9369,0.9365,0.9365,852.35
coinbase,USDCEUR,1678462080000,2023-03-10 15:28:00,0.9361,0.9367,0.9361,0.9367,270.13
coinbase,USDCEUR,1678462200000,2023-03-10 15:30:00,0.9362,0.9362,0.936,0.936,180.93
coinbase,USDCEUR,1678462380000,2023-03-10 15:33:00,0.9365,0.9365,0.9365,0.9365,118.2
coinbase,USDCEUR,1678462500000,2023-03-10 15:35:00,0.9364,0.9364,0.9357,0.9364,10178.72
coinbase,USDCEUR,1678462620000,2023-03-10 15:37:00,0.9357,0.9357,0.9357,0.9357,11.56
coinbase,USDCEUR,1678462680000,2023-03-10 15:38:00,0.9364,0.9365,0.9351,0.9351,262.52
coinbase,USDCEUR,1678462800000,2023-03-10 15:40:00,0.936,0.9361,0.9358,0.9361,244.8
coinbase,USDCEUR,1678462920000,2023-03-10 15:42:00,0.9359,0.9363,0.9359,0.9363,763.08
coinbase,USDCEUR,1678462980000,2023-03-10 15:43:00,0.936,0.936,0.936,0.936,45.95
coinbase,USDCEUR,1678463160000,2023-03-10 15:46:00,0.9364,0.9364,0.9359,0.9359,299.51
coinbase,USDCEUR,1678463280000,2023-03-10 15:48:00,0.9353,0.9363,0.9353,0.9363,355.03
coinbase,USDCEUR,1678463340000,2023-03-10 15:49:00,0.9359,0.9364,0.9359,0.9364,3300.17
coinbase,USDCEUR,1678463460000,2023-03-10 15:51:00,0.9364,0.9371,0.9364,0.9365,33822.82
coinbase,USDCEUR,1678463520000,2023-03-10 15:52:00,0.9364,0.9368,0.9363,0.9368,192.19
coinbase,USDCEUR,1678463640000,2023-03-10 15:54:00,0.9361,0.9367,0.9361,0.9367,137.51
coinbase,USDCEUR,1678463700000,2023-03-10 15:55:00,0.9361,0.9365,0.936,0.9365,17354.39
coinbase,USDCEUR,1678463760000,2023-03-10 15:56:00,0.9364,0.9364,0.9364,0.9364,118.77
coinbase,USDCEUR,1678463820000,2023-03-10 15:57:00,0.9364,0.9365,0.9356,0.9364,156.89
coinbase,USDCEUR,1678464000000,2023-03-10 16:00:00,0.9364,0.9364,0.9364,0.9364,62.77
coinbase,USDCEUR,1678464120000,2023-03-10 16:02:00,0.9364,0.9367,0.9364,0.9367,72.79
coinbase,USDCEUR,1678464180000,2023-03-10 16:03:00,0.9367,0.9371,0.9367,0.9371,185.57
coinbase,USDCEUR,1678464300000,2023-03-10 16:05:00,0.9371,0.9374,0.9371,0.9374,345.54
coinbase,USDCEUR,1678464360000,2023-03-10 16:06:00,0.9372,0.9372,0.9368,0.9368,74.24
coinbase,USDCEUR,1678464660000,2023-03-10 16:11:00,0.9374,0.9377,0.9374,0.9376,5533.71
coinbase,USDCEUR,1678464780000,2023-03-10 16:13:00,0.9376,0.9376,0.9376,0.9376,133.02
coinbase,USDCEUR,1678464840000,2023-03-10 16:14:00,0.938,0.9384,0.938,0.9384,649.69
coinbase,USDCEUR,1678464900000,2023-03-10 16:15:00,0.9377,0.9382,0.9377,0.9382,327.47
coinbase,USDCEUR,1678465080000,2023-03-10 16:18:00,0.9382,0.9382,0.9381,0.9381,105658.01
coinbase,USDCEUR,1678465440000,2023-03-10 16:24:00,0.9382,0.9382,0.9382,0.9382,1.13
coinbase,USDCEUR,1678465500000,2023-03-10 16:25:00,0.9382,0.9382,0.9377,0.9377,175.54
coinbase,USDCEUR,1678465740000,2023-03-10 16:29:00,0.9384,0.9388,0.9379,0.9379,964.9
coinbase,USDCEUR,1678465800000,2023-03-10 16:30:00,0.9383,0.9383,0.9383,0.9383,766.54
coinbase,USDCEUR,1678466100000,2023-03-10 16:35:00,0.9383,0.9383,0.9381,0.9383,532.44
coinbase,USDCEUR,1678466160000,2023-03-10 16:36:00,0.9387,0.9387,0.9383,0.9383,69.7
coinbase,USDCEUR,1678466280000,2023-03-10 16:38:00,0.9386,0.9387,0.9384,0.9384,94.09
coinbase,USDCEUR,1678466340000,2023-03-10 16:39:00,0.9385,0.9386,0.938,0.938,33.36
coinbase,USDCEUR,1678466400000,2023-03-10 16:40:00,0.9382,0.9382,0.9382,0.9382,25.4
coinbase,USDCEUR,1678466460000,2023-03-10 16:41:00,0.9381,0.9384,0.9377,0.9377,241.6
coinbase,USDCEUR,1678466760000,2023-03-10 16:46:00,0.9381,0.9382,0.9381,0.9382,1135.83
coinbase,USDCEUR,1678467060000,2023-03-10 16:51:00,0.9382,0.9384,0.9379,0.9384,3326.26
coinbase,USDCEUR,1678467240000,2023-03-10 16:54:00,0.9383,0.9385,0.9383,0.9385,145.1
coinbase,USDCEUR,1678467300000,2023-03-10 16:55:00,0.9386,0.9394,0.9386,0.9394,484.15
coinbase,USDCEUR,1678467420000,2023-03-10 16:57:00,0.9383,0.9389,0.9383,0.9389,34.08
coinbase,USDCEUR,1678467600000,2023-03-10 17:00:00,0.9386,0.9386,0.9386,0.9386,37.46
coinbase,USDCEUR,1678467660000,2023-03-10 17:01:00,0.9386,0.9386,0.9384,0.9384,326.38
coinbase,USDCEUR,1678467780000,2023-03-10 17:03:00,0.9384,0.9388,0.9384,0.9388,74.19
coinbase,USDCEUR,1678467960000,2023-03-10 17:06:00,0.938,0.938,0.938,0.938,5.49
coinbase,USDCEUR,1678468020000,2023-03-10 17:07:00,0.938,0.9388,0.938,0.9388,130.62
coinbase,USDCEUR,1678468200000,2023-03-10 17:10:00,0.9384,0.9385,0.9384,0.9385,434.11
coinbase,USDCEUR,1678468320000,2023-03-10 17:12:00,0.9386,0.9386,0.938,0.938,373.45
coinbase,USDCEUR,1678468860000,2023-03-10 17:21:00,0.938,0.9385,0.938,0.9383,850.98
coinbase,USDCEUR,1678468920000,2023-03-10 17:22:00,0.9383,0.9383,0.9383,0.9383,117.63
coinbase,USDCEUR,1678469220000,2023-03-10 17:27:00,0.9383,0.9383,0.9381,0.9381,723.77
coinbase,USDCEUR,1678469340000,2023-03-10 17:29:00,0.9384,0.9384,0.938,0.938,4400.3
coinbase,USDCEUR,1678469460000,2023-03-10 17:31:00,0.938,0.938,0.9379,0.9379,2149.31
coinbase,USDCEUR,1678469520000,2023-03-10 17:32:00,0.9377,0.9377,0.9373,0.9373,596.36
coinbase,USDCEUR,1678469700000,2023-03-10 17:35:00,0.9379,0.9379,0.9379,0.9379,67.15
coinbase,USDCEUR,1678469880000,2023-03-10 17:38:00,0.9378,0.9378,0.9375,0.9375,167.15
coinbase,USDCEUR,1678470000000,2023-03-10 17:40:00,0.9376,0.9376,0.9375,0.9375,6000
coinbase,USDCEUR,1678470300000,2023-03-10 17:45:00,0.9375,0.9375,0.9374,0.9374,5060.17
coinbase,USDCEUR,1678470360000,2023-03-10 17:46:00,0.9379,0.9379,0.9376,0.9376,33067.08
coinbase,USDCEUR,1678470780000,2023-03-10 17:53:00,0.9375,0.9375,0.9369,0.9369,228.14
coinbase,USDCEUR,1678470840000,2023-03-10 17:54:00,0.9369,0.9369,0.9369,0.9369,8961.78
coinbase,USDCEUR,1678470960000,2023-03-10 17:56:00,0.9374,0.9375,0.9369,0.9375,111.33
coinbase,USDCEUR,1678435200000,2023-03-10 08:00:00,0.9446,0.9446,0.9446,0.9446,68.23
coinbase,USDCEUR,1678435440000,2023-03-10 08:04:00,0.9447,0.9452,0.9447,0.9452,155.59
coinbase,USDCEUR,1678435680000,2023-03-10 08:08:00,0.9452,0.9453,0.9452,0.9453,277.61
coinbase,USDCEUR,1678435740000,2023-03-10 08:09:00,0.9453,0.9453,0.9453,0.9453,1030.64
coinbase,USDCEUR,1678436160000,2023-03-10 08:16:00,0.9453,0.9455,0.9452,0.9454,1113.89
coinbase,USDCEUR,1678436220000,2023-03-10 08:17:00,0.9451,0.9455,0.945,0.9455,2128.27
coinbase,USDCEUR,1678436700000,2023-03-10 08:25:00,0.9455,0.9455,0.9453,0.9453,44.16
coinbase,USDCEUR,1678437180000,2023-03-10 08:33:00,0.9454,0.9454,0.945,0.945,478.53
coinbase,USDCEUR,1678437420000,2023-03-10 08:37:00,0.945,0.9453,0.945,0.945,2107.85
coinbase,USDCEUR,1678437480000,2023-03-10 08:38:00,0.9449,0.9449,0.9449,0.9449,272.85
coinbase,USDCEUR,1678437540000,2023-03-10 08:39:00,0.9447,0.9447,0.9447,0.9447,68.21
coinbase,USDCEUR,1678437660000,2023-03-10 08:41:00,0.9446,0.9449,0.9442,0.9442,555.95
coinbase,USDCEUR,1678437720000,2023-03-10 08:42:00,0.9444,0.9445,0.9444,0.9445,196
coinbase,USDCEUR,1678437840000,2023-03-10 08:44:00,0.9438,0.9438,0.9434,0.9434,1564.2
coinbase,USDCEUR,1678437960000,2023-03-10 08:46:00,0.9437,0.9442,0.9437,0.9438,847.11
coinbase,USDCEUR,1678438620000,2023-03-10 08:57:00,0.9442,0.9442,0.9441,0.9441,11
coinbase,USDCEUR,1678438740000,2023-03-10 08:59:00,0.9442,0.9442,0.9441,0.9441,2262.9
coinbase,USDCEUR,1678439100000,2023-03-10 09:05:00,0.9441,0.9442,0.9441,0.9442,350.92
coinbase,USDCEUR,1678439220000,2023-03-10 09:07:00,0.9445,0.9445,0.9441,0.9443,67.46
coinbase,USDCEUR,1678439940000,2023-03-10 09:19:00,0.9444,0.9444,0.9442,0.9442,2237.14
coinbase,USDCEUR,1678440120000,2023-03-10 09:22:00,0.9445,0.9445,0.9445,0.9445,272.94
coinbase,USDCEUR,1678440180000,2023-03-10 09:23:00,0.9445,0.9454,0.9445,0.9454,12071.42
coinbase,USDCEUR,1678440360000,2023-03-10 09:26:00,0.9447,0.9451,0.9446,0.9451,6.96
coinbase,USDCEUR,1678440540000,2023-03-10 09:29:00,0.9446,0.9446,0.9445,0.9445,203.73
coinbase,USDCEUR,1678440600000,2023-03-10 09:30:00,0.9444,0.9444,0.9444,0.9444,68.22
coinbase,USDCEUR,1678440720000,2023-03-10 09:32:00,0.9447,0.9447,0.9442,0.9444,999.97
coinbase,USDCEUR,1678441140000,2023-03-10 09:39:00,0.9444,0.9444,0.9441,0.9441,789.48
coinbase,USDCEUR,1678441320000,2023-03-10 09:42:00,0.9445,0.9445,0.944,0.944,115.71
coinbase,USDCEUR,1678441380000,2023-03-10 09:43:00,0.9445,0.9445,0.9445,0.9445,137.45
coinbase,USDCEUR,1678441440000,2023-03-10 09:44:00,0.9445,0.9445,0.9443,0.9443,89.91
coinbase,USDCEUR,1678441620000,2023-03-10 09:47:00,0.9443,0.9444,0.9443,0.9444,120.1
coinbase,USDCEUR,1678441740000,2023-03-10 09:49:00,0.944,0.944,0.944,0.944,49.98
coinbase,USDCEUR,1678441980000,2023-03-10 09:53:00,0.9442,0.9443,0.9441,0.9441,378.89
coinbase,USDCEUR,1678442040000,2023-03-10 09:54:00,0.9444,0.9446,0.9444,0.9446,285.86
coinbase,USDCEUR,1678442100000,2023-03-10 09:55:00,0.9446,0.9448,0.9445,0.9448,477.55
coinbase,USDCEUR,1678442160000,2023-03-10 09:56:00,0.9449,0.9449,0.9448,0.9448,545.76
coinbase,USDCEUR,1678442220000,2023-03-10 09:57:00,0.9451,0.9451,0.9451,0.9451,136.44
coinbase,USDCEUR,1678442340000,2023-03-10 09:59:00,0.9453,0.9454,0.9453,0.9454,573.67
coinbase,USDCEUR,1678442400000,2023-03-10 10:00:00,0.9455,0.9455,0.9452,0.9452,750.47
coinbase,USDCEUR,1678442640000,2023-03-10 10:04:00,0.9454,0.9454,0.9454,0.9454,406.14
coinbase,USDCEUR,1678442760000,2023-03-10 10:06:00,0.9454,0.9454,0.945,0.945,497.96
coinbase,USDCEUR,1678442820000,2023-03-10 10:07:00,0.945,0.945,0.9448,0.9448,281.48
coinbase,USDCEUR,1678442880000,2023-03-10 10:08:00,0.9448,0.9448,0.9447,0.9447,341.05
coinbase,USDCEUR,1678443060000,2023-03-10 10:11:00,0.9446,0.9446,0.9439,0.9439,6561.33
coinbase,USDCEUR,1678443120000,2023-03-10 10:12:00,0.9441,0.9441,0.9441,0.9441,1.05
coinbase,USDCEUR,1678443420000,2023-03-10 10:17:00,0.9444,0.9447,0.9441,0.9441,375.12
coinbase,USDCEUR,1678443660000,2023-03-10 10:21:00,0.9442,0.9442,0.9442,0.9442,98.02
coinbase,USDCEUR,1678443720000,2023-03-10 10:22:00,0.9439,0.9439,0.9436,0.9436,5030.22
coinbase,USDCEUR,1678443840000,2023-03-10 10:24:00,0.944,0.944,0.9439,0.9439,269.84
coinbase,USDCEUR,1678443900000,2023-03-10 10:25:00,0.9439,0.9439,0.9436,0.9436,204.76
coinbase,USDCEUR,1678444080000,2023-03-10 10:28:00,0.9435,0.9439,0.9435,0.9439,617.71
coinbase,USDCEUR,1678444260000,2023-03-10 10:31:00,0.9434,0.9434,0.9433,0.9433,5901.23
coinbase,USDCEUR,1678444380000,2023-03-10 10:33:00,0.9433,0.9433,0.9433,0.9433,120171.03
coinbase,USDCEUR,1678444440000,2023-03-10 10:34:00,0.9433,0.9435,0.9425,0.9435,49488.2
coinbase,USDCEUR,1678444800000,2023-03-10 10:40:00,0.9435,0.9438,0.9435,0.9438,207.14
coinbase,USDCEUR,1678444860000,2023-03-10 10:41:00,0.9438,0.9438,0.9437,0.9437,309.5
coinbase,USDCEUR,1678445040000,2023-03-10 10:44:00,0.9437,0.9442,0.9437,0.9442,81.4
coinbase,USDCEUR,1678445100000,2023-03-10 10:45:00,0.9434,0.9434,0.9434,0.9434,13.09
coinbase,USDCEUR,1678445160000,2023-03-10 10:46:00,0.9434,0.9442,0.9434,0.9442,2.27
coinbase,USDCEUR,1678445280000,2023-03-10 10:48:00,0.9441,0.9442,0.9441,0.9442,84.68
coinbase,USDCEUR,1678445340000,2023-03-10 10:49:00,0.9441,0.9442,0.9441,0.9442,537.64
coinbase,USDCEUR,1678445640000,2023-03-10 10:54:00,0.9442,0.9445,0.9442,0.9445,78.73
coinbase,USDCEUR,1678445700000,2023-03-10 10:55:00,0.9442,0.9445,0.9442,0.9445,131.12
coinbase,USDCEUR,1678445820000,2023-03-10 10:57:00,0.9445,0.9446,0.9445,0.9446,1677.84
coinbase,USDCEUR,1678445880000,2023-03-10 10:58:00,0.9445,0.9445,0.9445,0.9445,409.86
coinbase,USDCEUR,1678446180000,2023-03-10 11:03:00,0.9443,0.9445,0.9443,0.9445,69.31
coinbase,USDCEUR,1678446300000,2023-03-10 11:05:00,0.9445,0.9445,0.9443,0.9443,14568.77
coinbase,USDCEUR,1678446420000,2023-03-10 11:07:00,0.9442,0.9442,0.9441,0.9442,409.86
coinbase,USDCEUR,1678446480000,2023-03-10 11:08:00,0.9439,0.9442,0.9439,0.9442,52498.08
coinbase,USDCEUR,1678446600000,2023-03-10 11:10:00,0.9435,0.9439,0.9433,0.9439,1062.99
coinbase,USDCEUR,1678446900000,2023-03-10 11:15:00,0.9438,0.9442,0.9438,0.9442,566.07
coinbase,USDCEUR,1678447140000,2023-03-10 11:19:00,0.9442,0.9443,0.9442,0.9443,13603.82
coinbase,USDCEUR,1678447200000,2023-03-10 11:20:00,0.9445,0.9445,0.9445,0.9445,884.55
coinbase,USDCEUR,1678447320000,2023-03-10 11:22:00,0.9445,0.9445,0.9444,0.9445,104840.22
coinbase,USDCEUR,1678447740000,2023-03-10 11:29:00,0.9445,0.9445,0.9441,0.9441,161.44
coinbase,USDCEUR,1678447800000,2023-03-10 11:30:00,0.9442,0.9442,0.9434,0.944,84740.28
coinbase,USDCEUR,1678448220000,2023-03-10 11:37:00,0.9438,0.944,0.9438,0.944,265.63
coinbase,USDCEUR,1678448280000,2023-03-10 11:38:00,0.9439,0.944,0.9439,0.944,83.93
coinbase,USDCEUR,1678448340000,2023-03-10 11:39:00,0.944,0.944,0.944,0.944,93.4
coinbase,USDCEUR,1678448400000,2023-03-10 11:40:00,0.9434,0.9434,0.9434,0.9434,1.01
coinbase,USDCEUR,1678448460000,2023-03-10 11:41:00,0.9439,0.9439,0.9438,0.9438,92.63
coinbase,USDCEUR,1678448640000,2023-03-10 11:44:00,0.9439,0.9442,0.9437,0.9442,349.77
coinbase,USDCEUR,1678449180000,2023-03-10 11:53:00,0.9442,0.9444,0.9442,0.9444,70.96
coinbase,USDCEUR,1678449240000,2023-03-10 11:54:00,0.9444,0.9444,0.9444,0.9444,25.2
coinbase,USDCEUR,1678449600000,2023-03-10 12:00:00,0.9444,0.9445,0.9444,0.9445,758.87
coinbase,USDCEUR,1678449780000,2023-03-10 12:03:00,0.9446,0.9447,0.9446,0.9447,10287.93
coinbase,USDCEUR,1678449840000,2023-03-10 12:04:00,0.9448,0.9448,0.9448,0.9448,69.35
coinbase,USDCEUR,1678450200000,2023-03-10 12:10:00,0.945,0.9452,0.945,0.945,111.48
coinbase,USDCEUR,1678450380000,2023-03-10 12:13:00,0.945,0.945,0.945,0.945,98.68
coinbase,USDCEUR,1678450680000,2023-03-10 12:18:00,0.9448,0.9448,0.9448,0.9448,204.78
coinbase,USDCEUR,1678450920000,2023-03-10 12:22:00,0.9447,0.945,0.9447,0.945,17899.7
coinbase,USDCEUR,1678451100000,2023-03-10 12:25:00,0.9447,0.9449,0.9444,0.9449,3439.19
coinbase,USDCEUR,1678451460000,2023-03-10 12:31:00,0.9449,0.9449,0.9445,0.9445,16.45
coinbase,USDCEUR,1678451760000,2023-03-10 12:36:00,0.9446,0.9448,0.9445,0.9448,199.79
coinbase,USDCEUR,1678451880000,2023-03-10 12:38:00,0.9446,0.9446,0.9446,0.9446,68.21
coinbase,USDCEUR,1678452120000,2023-03-10 12:42:00,0.9442,0.9443,0.9442,0.9443,169.42
coinbase,USDCEUR,1678452180000,2023-03-10 12:43:00,0.9438,0.9446,0.9438,0.9446,460.29
coinbase,USDCEUR,1678452660000,2023-03-10 12:51:00,0.9446,0.9446,0.9445,0.9445,71.78
coinbase,USDCEUR,1678452780000,2023-03-10 12:53:00,0.9445,0.9445,0.9441,0.9441,105.03
coinbase,USDCEUR,1678453140000,2023-03-10 12:59:00,0.9443,0.9445,0.9443,0.9445,51.81
coinbase,USDCEUR,1678417200000,2023-03-10 03:00:00,0.9446,0.9447,0.9446,0.9447,204.69
coinbase,USDCEUR,1678417440000,2023-03-10 03:04:00,0.9449,0.9449,0.9444,0.9444,69.92
coinbase,USDCEUR,1678417740000,2023-03-10 03:09:00,0.9443,0.9443,0.9443,0.9443,201.25
coinbase,USDCEUR,1678417800000,2023-03-10 03:10:00,0.9442,0.9446,0.9442,0.9446,269.36
coinbase,USDCEUR,1678418340000,2023-03-10 03:19:00,0.9445,0.9445,0.9443,0.9443,27.8
coinbase,USDCEUR,1678419060000,2023-03-10 03:31:00,0.9445,0.9448,0.9443,0.9443,921.46
coinbase,USDCEUR,1678419720000,2023-03-10 03:42:00,0.9443,0.9443,0.9443,0.9443,7.74
coinbase,USDCEUR,1678420020000,2023-03-10 03:47:00,0.9443,0.9443,0.9441,0.9441,381.59
coinbase,USDCEUR,1678420140000,2023-03-10 03:49:00,0.9441,0.9441,0.944,0.944,10013.95
coinbase,USDCEUR,1678421100000,2023-03-10 04:05:00,0.9443,0.9443,0.9443,0.9443,69.9
coinbase,USDCEUR,1678421220000,2023-03-10 04:07:00,0.9443,0.9444,0.9443,0.9444,66.56
coinbase,USDCEUR,1678421640000,2023-03-10 04:14:00,0.9443,0.9447,0.9443,0.9447,2089.23
coinbase,USDCEUR,1678421700000,2023-03-10 04:15:00,0.9444,0.9444,0.944,0.944,3286.87
coinbase,USDCEUR,1678423020000,2023-03-10 04:37:00,0.9446,0.9446,0.9445,0.9445,5.91
coinbase,USDCEUR,1678423560000,2023-03-10 04:46:00,0.9445,0.9446,0.9445,0.9445,154.81
coinbase,USDCEUR,1678423920000,2023-03-10 04:52:00,0.944,0.9445,0.944,0.9445,39.81
coinbase,USDCEUR,1678424220000,2023-03-10 04:57:00,0.9445,0.9445,0.944,0.944,88.24
coinbase,USDCEUR,1678424520000,2023-03-10 05:02:00,0.9445,0.9448,0.9445,0.9448,317.52
coinbase,USDCEUR,1678424700000,2023-03-10 05:05:00,0.9447,0.9447,0.9443,0.9443,12.58
coinbase,USDCEUR,1678425300000,2023-03-10 05:15:00,0.9448,0.9448,0.9448,0.9448,23.55
coinbase,USDCEUR,1678425660000,2023-03-10 05:21:00,0.9449,0.9449,0.9449,0.9449,10.93
coinbase,USDCEUR,1678425900000,2023-03-10 05:25:00,0.9445,0.9449,0.9445,0.9449,10.94
coinbase,USDCEUR,1678427520000,2023-03-10 05:52:00,0.9449,0.9449,0.9446,0.9446,4.95
coinbase,USDCEUR,1678429080000,2023-03-10 06:18:00,0.9449,0.945,0.9446,0.9448,1179.33
coinbase,USDCEUR,1678429740000,2023-03-10 06:29:00,0.9446,0.9449,0.9446,0.9449,191.54
coinbase,USDCEUR,1678429800000,2023-03-10 06:30:00,0.9445,0.9448,0.9444,0.9448,436.84
coinbase,USDCEUR,1678430400000,2023-03-10 06:40:00,0.9447,0.9448,0.9447,0.9448,316.55
coinbase,USDCEUR,1678430460000,2023-03-10 06:41:00,0.9446,0.9449,0.9446,0.9449,296.16
coinbase,USDCEUR,1678430580000,2023-03-10 06:43:00,0.945,0.9454,0.945,0.9454,308.7
coinbase,USDCEUR,1678430760000,2023-03-10 06:46:00,0.9454,0.9454,0.9452,0.9452,964.6
coinbase,USDCEUR,1678431000000,2023-03-10 06:50:00,0.945,0.945,0.9448,0.9448,136.42
coinbase,USDCEUR,1678431600000,2023-03-10 07:00:00,0.9446,0.9446,0.9445,0.9445,3150.38
coinbase,USDCEUR,1678431660000,2023-03-10 07:01:00,0.9446,0.9448,0.9445,0.9445,205.9
coinbase,USDCEUR,1678431780000,2023-03-10 07:03:00,0.9446,0.9446,0.9444,0.9444,1196.93
coinbase,USDCEUR,1678431840000,2023-03-10 07:04:00,0.9443,0.9445,0.9443,0.9445,70.88
coinbase,USDCEUR,1678433220000,2023-03-10 07:27:00,0.9445,0.9445,0.9444,0.9444,15.95
coinbase,USDCEUR,1678433400000,2023-03-10 07:30:00,0.9442,0.9442,0.9438,0.9438,730.52
coinbase,USDCEUR,1678434060000,2023-03-10 07:41:00,0.944,0.9441,0.9437,0.9441,1267.19
coinbase,USDCEUR,1678434600000,2023-03-10 07:50:00,0.9436,0.9441,0.9436,0.9441,138.54
coinbase,USDCEUR,1678434660000,2023-03-10 07:51:00,0.9441,0.9441,0.9441,0.9441,136.48
coinbase,USDCEUR,1678434720000,2023-03-10 07:52:00,0.9441,0.9441,0.9441,0.9441,68.24
coinbase,USDCEUR,1678434840000,2023-03-10 07:54:00,0.9441,0.9443,0.9441,0.9443,204.71
coinbase,USDCEUR,1678434900000,2023-03-10 07:55:00,0.9441,0.9447,0.9441,0.9447,10136.47
coinbase,USDCEUR,1678435200000,2023-03-10 08:00:00,0.9446,0.9446,0.9446,0.9446,68.23
coinbase,USDCEUR,1678399560000,2023-03-09 22:06:00,0.9456,0.946,0.9454,0.946,353.95
coinbase,USDCEUR,1678399740000,2023-03-09 22:09:00,0.9459,0.9459,0.9457,0.9457,213.84
coinbase,USDCEUR,1678399860000,2023-03-09 22:11:00,0.9455,0.9456,0.9455,0.9456,100.22
coinbase,USDCEUR,1678400100000,2023-03-09 22:15:00,0.9456,0.9458,0.9456,0.9458,126.25
coinbase,USDCEUR,1678400460000,2023-03-09 22:21:00,0.9456,0.9456,0.9455,0.9455,204.47
coinbase,USDCEUR,1678400820000,2023-03-09 22:27:00,0.9455,0.9458,0.9455,0.9458,1222.76
coinbase,USDCEUR,1678401000000,2023-03-09 22:30:00,0.9458,0.9459,0.9449,0.9449,1169.26
coinbase,USDCEUR,1678401240000,2023-03-09 22:34:00,0.945,0.945,0.945,0.945,50
coinbase,USDCEUR,1678401420000,2023-03-09 22:37:00,0.9454,0.9455,0.9454,0.9454,349.07
coinbase,USDCEUR,1678401480000,2023-03-09 22:38:00,0.9455,0.9455,0.9455,0.9455,205.15
coinbase,USDCEUR,1678401540000,2023-03-09 22:39:00,0.9455,0.9457,0.9451,0.9455,3602.74
coinbase,USDCEUR,1678402140000,2023-03-09 22:49:00,0.9455,0.9455,0.9455,0.9455,31.02
coinbase,USDCEUR,1678402200000,2023-03-09 22:50:00,0.9455,0.9456,0.9455,0.9456,25.14
coinbase,USDCEUR,1678402260000,2023-03-09 22:51:00,0.9452,0.9455,0.9452,0.9453,722.82
coinbase,USDCEUR,1678402500000,2023-03-09 22:55:00,0.9455,0.9458,0.9455,0.9457,167.13
coinbase,USDCEUR,1678402560000,2023-03-09 22:56:00,0.9457,0.9457,0.9457,0.9457,26.15
coinbase,USDCEUR,1678402620000,2023-03-09 22:57:00,0.9457,0.9459,0.9456,0.9456,306.87
coinbase,USDCEUR,1678402800000,2023-03-09 23:00:00,0.9456,0.9456,0.9456,0.9456,272.64
coinbase,USDCEUR,1678403520000,2023-03-09 23:12:00,0.9454,0.9458,0.9454,0.9458,70.46
coinbase,USDCEUR,1678403580000,2023-03-09 23:13:00,0.9456,0.9456,0.9448,0.9448,24970.22
coinbase,USDCEUR,1678404360000,2023-03-09 23:26:00,0.9455,0.9455,0.9455,0.9455,39.44
coinbase,USDCEUR,1678404840000,2023-03-09 23:34:00,0.9449,0.9449,0.9448,0.9448,4.47
coinbase,USDCEUR,1678406100000,2023-03-09 23:55:00,0.9448,0.9448,0.9448,0.9448,10.98
coinbase,USDCEUR,1678406160000,2023-03-09 23:56:00,0.9448,0.9448,0.9448,0.9448,2.92
coinbase,USDCEUR,1678406340000,2023-03-09 23:59:00,0.9448,0.9448,0.9448,0.9448,20.8
coinbase,USDCEUR,1678406640000,2023-03-10 00:04:00,0.9448,0.9448,0.9448,0.9448,30.34
coinbase,USDCEUR,1678406700000,2023-03-10 00:05:00,0.945,0.945,0.9445,0.9445,380.9
coinbase,USDCEUR,1678407000000,2023-03-10 00:10:00,0.9441,0.9444,0.944,0.9444,108.92
coinbase,USDCEUR,1678407120000,2023-03-10 00:12:00,0.9444,0.9445,0.9444,0.9444,120.43
coinbase,USDCEUR,1678407240000,2023-03-10 00:14:00,0.9444,0.9445,0.9444,0.9445,574.45
coinbase,USDCEUR,1678407300000,2023-03-10 00:15:00,0.9445,0.9445,0.9445,0.9445,49.27
coinbase,USDCEUR,1678407900000,2023-03-10 00:25:00,0.9444,0.9445,0.9444,0.9445,10.21
coinbase,USDCEUR,1678408440000,2023-03-10 00:34:00,0.9435,0.9435,0.9435,0.9435,3.92
coinbase,USDCEUR,1678408500000,2023-03-10 00:35:00,0.9435,0.9437,0.9435,0.9437,325.35
coinbase,USDCEUR,1678408560000,2023-03-10 00:36:00,0.9435,0.9443,0.9435,0.9443,123.95
coinbase,USDCEUR,1678408680000,2023-03-10 00:38:00,0.9438,0.9438,0.9438,0.9438,29.06
coinbase,USDCEUR,1678409160000,2023-03-10 00:46:00,0.9443,0.9443,0.9443,0.9443,22.62
coinbase,USDCEUR,1678409400000,2023-03-10 00:50:00,0.9443,0.9443,0.9443,0.9443,16.76
coinbase,USDCEUR,1678409580000,2023-03-10 00:53:00,0.944,0.9443,0.944,0.9442,5007.14
coinbase,USDCEUR,1678409880000,2023-03-10 00:58:00,0.9437,0.9438,0.9437,0.9438,43.58
coinbase,USDCEUR,1678410120000,2023-03-10 01:02:00,0.9441,0.9443,0.9441,0.9442,301.17
coinbase,USDCEUR,1678410240000,2023-03-10 01:04:00,0.9444,0.9449,0.9444,0.9448,9554.34
coinbase,USDCEUR,1678410360000,2023-03-10 01:06:00,0.944,0.9448,0.944,0.9448,127.97
coinbase,USDCEUR,1678410600000,2023-03-10 01:10:00,0.9448,0.9448,0.9442,0.9447,11.34
coinbase,USDCEUR,1678410840000,2023-03-10 01:14:00,0.9442,0.9446,0.9442,0.9446,73.2
coinbase,USDCEUR,1678411020000,2023-03-10 01:17:00,0.9447,0.9448,0.9447,0.9448,469.53
coinbase,USDCEUR,1678411080000,2023-03-10 01:18:00,0.9447,0.9447,0.9447,0.9447,68.24
coinbase,USDCEUR,1678411260000,2023-03-10 01:21:00,0.9448,0.9452,0.9447,0.9452,78.69
coinbase,USDCEUR,1678412280000,2023-03-10 01:38:00,0.9443,0.9448,0.9443,0.9448,171.98
coinbase,USDCEUR,1678412400000,2023-03-10 01:40:00,0.9448,0.9448,0.9443,0.9443,26.16
coinbase,USDCEUR,1678412700000,2023-03-10 01:45:00,0.9447,0.9447,0.9444,0.9444,167.11
coinbase,USDCEUR,1678413060000,2023-03-10 01:51:00,0.9444,0.9447,0.9444,0.9447,147.25
coinbase,USDCEUR,1678413660000,2023-03-10 02:01:00,0.9447,0.9447,0.9443,0.9443,236.52
coinbase,USDCEUR,1678414140000,2023-03-10 02:09:00,0.9442,0.9446,0.9442,0.9446,128.31
coinbase,USDCEUR,1678415940000,2023-03-10 02:39:00,0.9445,0.9445,0.9443,0.9443,5003.44
coinbase,USDCEUR,1678416240000,2023-03-10 02:44:00,0.9446,0.9446,0.9446,0.9446,204.69
coinbase,USDCEUR,1678417200000,2023-03-10 03:00:00,0.9446,0.9447,0.9446,0.9447,204.69
coinbase,USDCEUR,1678381380000,2023-03-09 17:03:00,0.9455,0.9456,0.9455,0.9455,296.91
coinbase,USDCEUR,1678381680000,2023-03-09 17:08:00,0.9455,0.9457,0.9455,0.9456,52.87
coinbase,USDCEUR,1678381860000,2023-03-09 17:11:00,0.9456,0.9458,0.9456,0.9457,162.87
coinbase,USDCEUR,1678382100000,2023-03-09 17:15:00,0.9457,0.9464,0.9457,0.9464,4112.86
coinbase,USDCEUR,1678382520000,2023-03-09 17:22:00,0.9457,0.9458,0.9455,0.9455,257.1
coinbase,USDCEUR,1678382580000,2023-03-09 17:23:00,0.9456,0.9456,0.9453,0.9454,656.33
coinbase,USDCEUR,1678382640000,2023-03-09 17:24:00,0.9454,0.9454,0.9453,0.9454,186.61
coinbase,USDCEUR,1678383120000,2023-03-09 17:32:00,0.9454,0.9454,0.9454,0.9454,68.17
coinbase,USDCEUR,1678383180000,2023-03-09 17:33:00,0.9454,0.9454,0.9451,0.9451,136.35
coinbase,USDCEUR,1678383480000,2023-03-09 17:38:00,0.945,0.9451,0.9449,0.9449,533.49
coinbase,USDCEUR,1678383660000,2023-03-09 17:41:00,0.9454,0.9454,0.9448,0.9448,12
coinbase,USDCEUR,1678383780000,2023-03-09 17:43:00,0.9448,0.9448,0.9446,0.9446,5000
coinbase,USDCEUR,1678383960000,2023-03-09 17:46:00,0.9447,0.9451,0.9447,0.9451,13.3
coinbase,USDCEUR,1678384500000,2023-03-09 17:55:00,0.9451,0.9452,0.9451,0.9452,72.77
coinbase,USDCEUR,1678384860000,2023-03-09 18:01:00,0.9452,0.9452,0.9452,0.9452,131.74
coinbase,USDCEUR,1678384920000,2023-03-09 18:02:00,0.9448,0.9448,0.9447,0.9447,96.25
coinbase,USDCEUR,1678384980000,2023-03-09 18:03:00,0.9447,0.945,0.9445,0.945,192.61
coinbase,USDCEUR,1678385400000,2023-03-09 18:10:00,0.9449,0.9449,0.9449,0.9449,68.17
coinbase,USDCEUR,1678386240000,2023-03-09 18:24:00,0.9451,0.9452,0.9451,0.9452,24.93
coinbase,USDCEUR,1678386600000,2023-03-09 18:30:00,0.9452,0.9453,0.9452,0.9453,248.81
coinbase,USDCEUR,1678386720000,2023-03-09 18:32:00,0.9453,0.9453,0.9452,0.9452,132.2
coinbase,USDCEUR,1678386840000,2023-03-09 18:34:00,0.9452,0.9453,0.9452,0.9453,138.59
coinbase,USDCEUR,1678387140000,2023-03-09 18:39:00,0.9453,0.9456,0.9453,0.9455,9033.21
coinbase,USDCEUR,1678387260000,2023-03-09 18:41:00,0.9454,0.9456,0.9454,0.9456,501.9
coinbase,USDCEUR,1678387320000,2023-03-09 18:42:00,0.9453,0.9453,0.9449,0.9449,135.31
coinbase,USDCEUR,1678387380000,2023-03-09 18:43:00,0.9449,0.9449,0.9449,0.9449,205.59
coinbase,USDCEUR,1678387440000,2023-03-09 18:44:00,0.9453,0.9453,0.945,0.945,31757.39
coinbase,USDCEUR,1678387680000,2023-03-09 18:48:00,0.9453,0.9453,0.9453,0.9453,10.43
coinbase,USDCEUR,1678387800000,2023-03-09 18:50:00,0.9449,0.9449,0.9449,0.9449,68.2
coinbase,USDCEUR,1678387980000,2023-03-09 18:53:00,0.9447,0.945,0.9447,0.945,167.52
coinbase,USDCEUR,1678388040000,2023-03-09 18:54:00,0.9446,0.9446,0.9446,0.9446,409.24
coinbase,USDCEUR,1678388100000,2023-03-09 18:55:00,0.9446,0.9446,0.9444,0.9444,747.93
coinbase,USDCEUR,1678388580000,2023-03-09 19:03:00,0.9448,0.945,0.9448,0.9448,794.05
coinbase,USDCEUR,1678388640000,2023-03-09 19:04:00,0.945,0.945,0.9445,0.9445,7.58
coinbase,USDCEUR,1678388700000,2023-03-09 19:05:00,0.9449,0.9449,0.9446,0.9446,47.23
coinbase,USDCEUR,1678388760000,2023-03-09 19:06:00,0.9449,0.9454,0.9449,0.9454,1297.84
coinbase,USDCEUR,1678388820000,2023-03-09 19:07:00,0.9454,0.9455,0.9445,0.9445,2311.39
coinbase,USDCEUR,1678388940000,2023-03-09 19:09:00,0.9445,0.9446,0.9438,0.9438,7.38
coinbase,USDCEUR,1678389420000,2023-03-09 19:17:00,0.9445,0.9445,0.9445,0.9445,68.38
coinbase,USDCEUR,1678389540000,2023-03-09 19:19:00,0.9445,0.9445,0.9445,0.9445,5.06
coinbase,USDCEUR,1678389780000,2023-03-09 19:23:00,0.9445,0.9447,0.9445,0.9447,526.24
coinbase,USDCEUR,1678389900000,2023-03-09 19:25:00,0.9441,0.9448,0.9439,0.9448,311.05
coinbase,USDCEUR,1678390020000,2023-03-09 19:27:00,0.9438,0.9447,0.9438,0.9447,85.17
coinbase,USDCEUR,1678390440000,2023-03-09 19:34:00,0.9447,0.9447,0.9447,0.9447,10.18
coinbase,USDCEUR,1678390680000,2023-03-09 19:38:00,0.9446,0.9446,0.9446,0.9446,136.38
coinbase,USDCEUR,1678390740000,2023-03-09 19:39:00,0.9447,0.9447,0.9447,0.9447,10.84
coinbase,USDCEUR,1678390800000,2023-03-09 19:40:00,0.9447,0.9455,0.9447,0.9455,145.14
coinbase,USDCEUR,1678390980000,2023-03-09 19:43:00,0.9445,0.9455,0.9445,0.9452,473.93
coinbase,USDCEUR,1678391160000,2023-03-09 19:46:00,0.9451,0.9454,0.9451,0.9454,1229.96
coinbase,USDCEUR,1678391280000,2023-03-09 19:48:00,0.9447,0.9448,0.9447,0.9448,95.47
coinbase,USDCEUR,1678391580000,2023-03-09 19:53:00,0.9453,0.9453,0.9453,0.9453,4.61
coinbase,USDCEUR,1678391700000,2023-03-09 19:55:00,0.9447,0.9453,0.9447,0.9453,426.85
coinbase,USDCEUR,1678392180000,2023-03-09 20:03:00,0.9453,0.9453,0.9452,0.9452,38.27
coinbase,USDCEUR,1678392240000,2023-03-09 20:04:00,0.9452,0.9453,0.9452,0.9453,102.23
coinbase,USDCEUR,1678392300000,2023-03-09 20:05:00,0.9453,0.9455,0.9453,0.9455,73.81
coinbase,USDCEUR,1678392360000,2023-03-09 20:06:00,0.9455,0.9455,0.9455,0.9455,75.22
coinbase,USDCEUR,1678392600000,2023-03-09 20:10:00,0.9455,0.9455,0.9455,0.9455,5.99
coinbase,USDCEUR,1678392780000,2023-03-09 20:13:00,0.9451,0.9451,0.9449,0.9451,5860.84
coinbase,USDCEUR,1678392900000,2023-03-09 20:15:00,0.9447,0.9451,0.9447,0.9447,179.46
coinbase,USDCEUR,1678392960000,2023-03-09 20:16:00,0.9451,0.9451,0.9447,0.9447,42.97
coinbase,USDCEUR,1678393200000,2023-03-09 20:20:00,0.9451,0.9457,0.9451,0.9457,1123.36
coinbase,USDCEUR,1678393320000,2023-03-09 20:22:00,0.9458,0.946,0.945,0.945,2252.07
coinbase,USDCEUR,1678393440000,2023-03-09 20:24:00,0.9458,0.9459,0.9436,0.9454,7325.06
coinbase,USDCEUR,1678393620000,2023-03-09 20:27:00,0.9454,0.9457,0.9447,0.9447,132.3
coinbase,USDCEUR,1678393800000,2023-03-09 20:30:00,0.9451,0.9456,0.9451,0.9456,638.24
coinbase,USDCEUR,1678393920000,2023-03-09 20:32:00,0.9447,0.945,0.9434,0.9449,2870.76
coinbase,USDCEUR,1678393980000,2023-03-09 20:33:00,0.9449,0.9451,0.9449,0.9451,149.04
coinbase,USDCEUR,1678394160000,2023-03-09 20:36:00,0.9451,0.9451,0.9451,0.9451,272.8
coinbase,USDCEUR,1678394220000,2023-03-09 20:37:00,0.9451,0.9451,0.9451,0.9451,204.6
coinbase,USDCEUR,1678394400000,2023-03-09 20:40:00,0.945,0.9451,0.945,0.9451,69.23
coinbase,USDCEUR,1678394520000,2023-03-09 20:42:00,0.945,0.945,0.945,0.945,49.66
coinbase,USDCEUR,1678394640000,2023-03-09 20:44:00,0.9455,0.9455,0.9451,0.9455,1987.59
coinbase,USDCEUR,1678394760000,2023-03-09 20:46:00,0.9455,0.9456,0.9455,0.9456,217.82
coinbase,USDCEUR,1678394820000,2023-03-09 20:47:00,0.9456,0.9458,0.9455,0.9457,588.58
coinbase,USDCEUR,1678394940000,2023-03-09 20:49:00,0.9457,0.9458,0.945,0.9458,680.66
coinbase,USDCEUR,1678395120000,2023-03-09 20:52:00,0.9457,0.9457,0.945,0.945,481.06
coinbase,USDCEUR,1678395300000,2023-03-09 20:55:00,0.9453,0.9455,0.9452,0.9455,1125.24
coinbase,USDCEUR,1678395420000,2023-03-09 20:57:00,0.9452,0.9455,0.9452,0.9455,32945.15
coinbase,USDCEUR,1678395480000,2023-03-09 20:58:00,0.9455,0.9455,0.9447,0.9454,493.69
coinbase,USDCEUR,1678395660000,2023-03-09 21:01:00,0.9454,0.9454,0.9448,0.9448,50.89
coinbase,USDCEUR,1678395780000,2023-03-09 21:03:00,0.9454,0.9454,0.9447,0.9447,16.26
coinbase,USDCEUR,1678395840000,2023-03-09 21:04:00,0.9454,0.9454,0.9446,0.9448,3849.39
coinbase,USDCEUR,1678396200000,2023-03-09 21:10:00,0.9448,0.9454,0.9448,0.9454,15.66
coinbase,USDCEUR,1678396380000,2023-03-09 21:13:00,0.9454,0.9454,0.9454,0.9454,14.31
coinbase,USDCEUR,1678396500000,2023-03-09 21:15:00,0.9454,0.9454,0.9454,0.9454,53.67
coinbase,USDCEUR,1678396620000,2023-03-09 21:17:00,0.9453,0.9453,0.9453,0.9453,11.79
coinbase,USDCEUR,1678396680000,2023-03-09 21:18:00,0.9453,0.9456,0.9453,0.9455,546.18
coinbase,USDCEUR,1678396740000,2023-03-09 21:19:00,0.9455,0.9455,0.9455,0.9455,142.49
coinbase,USDCEUR,1678396800000,2023-03-09 21:20:00,0.9455,0.9455,0.9455,0.9455,6.08
coinbase,USDCEUR,1678396860000,2023-03-09 21:21:00,0.9456,0.9457,0.9456,0.9457,120.33
coinbase,USDCEUR,1678396980000,2023-03-09 21:23:00,0.9456,0.9457,0.9456,0.9457,269.07
coinbase,USDCEUR,1678397040000,2023-03-09 21:24:00,0.9459,0.9459,0.9459,0.9459,40.87
coinbase,USDCEUR,1678397160000,2023-03-09 21:26:00,0.9459,0.9462,0.9456,0.9456,3803.05
coinbase,USDCEUR,1678397400000,2023-03-09 21:30:00,0.9462,0.9462,0.9455,0.9461,3521
coinbase,USDCEUR,1678397520000,2023-03-09 21:32:00,0.9458,0.9461,0.9458,0.9461,117.49
coinbase,USDCEUR,1678397760000,2023-03-09 21:36:00,0.9458,0.9458,0.9456,0.9456,338.19
coinbase,USDCEUR,1678398120000,2023-03-09 21:42:00,0.9456,0.9458,0.9452,0.9458,2824.56
coinbase,USDCEUR,1678398420000,2023-03-09 21:47:00,0.9457,0.9457,0.9457,0.9457,32.91
coinbase,USDCEUR,1678398480000,2023-03-09 21:48:00,0.9455,0.9455,0.9455,0.9455,52.55
coinbase,USDCEUR,1678398540000,2023-03-09 21:49:00,0.9455,0.9455,0.9453,0.9453,83.5
coinbase,USDCEUR,1678398600000,2023-03-09 21:50:00,0.9457,0.9457,0.9456,0.9456,87.19
coinbase,USDCEUR,1678398660000,2023-03-09 21:51:00,0.9456,0.9457,0.9456,0.9456,77.64
coinbase,USDCEUR,1678398780000,2023-03-09 21:53:00,0.9454,0.9456,0.9454,0.9456,3.74
coinbase,USDCEUR,1678399140000,2023-03-09 21:59:00,0.9456,0.946,0.9456,0.946,6.12
coinbase,USDCEUR,1678363200000,2023-03-09 12:00:00,0.9455,0.9456,0.9455,0.9455,204.44
coinbase,USDCEUR,1678363320000,2023-03-09 12:02:00,0.9455,0.9455,0.9455,0.9455,68.17
coinbase,USDCEUR,1678363380000,2023-03-09 12:03:00,0.9455,0.9459,0.9455,0.9459,69.22
coinbase,USDCEUR,1678363560000,2023-03-09 12:06:00,0.9458,0.9458,0.9458,0.9458,1839.36
coinbase,USDCEUR,1678363620000,2023-03-09 12:07:00,0.9458,0.9458,0.9458,0.9458,68.16
coinbase,USDCEUR,1678363860000,2023-03-09 12:11:00,0.9457,0.9462,0.9457,0.9462,11.09
coinbase,USDCEUR,1678364220000,2023-03-09 12:17:00,0.9456,0.9458,0.9456,0.9456,19.06
coinbase,USDCEUR,1678364580000,2023-03-09 12:23:00,0.9461,0.9462,0.9461,0.9462,115.79
coinbase,USDCEUR,1678364940000,2023-03-09 12:29:00,0.946,0.9462,0.946,0.9462,744.82
coinbase,USDCEUR,1678365240000,2023-03-09 12:34:00,0.9464,0.947,0.9464,0.947,749
coinbase,USDCEUR,1678366440000,2023-03-09 12:54:00,0.9465,0.9469,0.9465,0.9469,173.26
coinbase,USDCEUR,1678366800000,2023-03-09 13:00:00,0.9466,0.9466,0.9463,0.9466,7013.9
coinbase,USDCEUR,1678367100000,2023-03-09 13:05:00,0.9464,0.9469,0.9464,0.9469,23.54
coinbase,USDCEUR,1678367220000,2023-03-09 13:07:00,0.9465,0.9471,0.9465,0.9471,139.95
coinbase,USDCEUR,1678367700000,2023-03-09 13:15:00,0.9472,0.9475,0.9472,0.9475,524.68
coinbase,USDCEUR,1678367820000,2023-03-09 13:17:00,0.947,0.947,0.9469,0.9469,75.8
coinbase,USDCEUR,1678367940000,2023-03-09 13:19:00,0.9469,0.9469,0.9464,0.9464,2492.72
coinbase,USDCEUR,1678368060000,2023-03-09 13:21:00,0.9468,0.947,0.9468,0.947,77.81
coinbase,USDCEUR,1678368600000,2023-03-09 13:30:00,0.9466,0.9466,0.9456,0.9456,5639.64
coinbase,USDCEUR,1678368720000,2023-03-09 13:32:00,0.9459,0.9459,0.9454,0.9454,171.35
coinbase,USDCEUR,1678368780000,2023-03-09 13:33:00,0.9453,0.9456,0.9443,0.9455,50667.41
coinbase,USDCEUR,1678369020000,2023-03-09 13:37:00,0.9458,0.9458,0.9457,0.9457,272.6
coinbase,USDCEUR,1678369080000,2023-03-09 13:38:00,0.9455,0.9462,0.9455,0.9462,74.03
coinbase,USDCEUR,1678369320000,2023-03-09 13:42:00,0.9462,0.9465,0.9462,0.9465,408.89
coinbase,USDCEUR,1678369500000,2023-03-09 13:45:00,0.9465,0.9465,0.9461,0.9461,1193.36
coinbase,USDCEUR,1678370040000,2023-03-09 13:54:00,0.9457,0.9462,0.9456,0.9462,3735.36
coinbase,USDCEUR,1678370280000,2023-03-09 13:58:00,0.9461,0.9461,0.9456,0.9456,199.04
coinbase,USDCEUR,1678370340000,2023-03-09 13:59:00,0.9457,0.9457,0.9448,0.9448,433.65
coinbase,USDCEUR,1678370520000,2023-03-09 14:02:00,0.9451,0.9451,0.9451,0.9451,52.91
coinbase,USDCEUR,1678370640000,2023-03-09 14:04:00,0.9451,0.9451,0.9451,0.9451,10.82
coinbase,USDCEUR,1678370700000,2023-03-09 14:05:00,0.9456,0.9456,0.9455,0.9455,2.08
coinbase,USDCEUR,1678370760000,2023-03-09 14:06:00,0.9452,0.9452,0.9452,0.9452,4999.99
coinbase,USDCEUR,1678370820000,2023-03-09 14:07:00,0.9452,0.9455,0.9452,0.9454,5006
coinbase,USDCEUR,1678370880000,2023-03-09 14:08:00,0.9452,0.9455,0.9452,0.9452,5087.78
coinbase,USDCEUR,1678370940000,2023-03-09 14:09:00,0.9455,0.946,0.9455,0.946,136.39
coinbase,USDCEUR,1678371000000,2023-03-09 14:10:00,0.946,0.946,0.9457,0.9457,12.25
coinbase,USDCEUR,1678371060000,2023-03-09 14:11:00,0.9456,0.9457,0.9456,0.9457,501.05
coinbase,USDCEUR,1678371180000,2023-03-09 14:13:00,0.9457,0.9457,0.9454,0.9454,101.05
coinbase,USDCEUR,1678371240000,2023-03-09 14:14:00,0.9458,0.9459,0.9458,0.9458,22.93
coinbase,USDCEUR,1678371660000,2023-03-09 14:21:00,0.9458,0.9458,0.9458,0.9458,1017.25
coinbase,USDCEUR,1678371900000,2023-03-09 14:25:00,0.9458,0.9459,0.9458,0.9459,68.2
coinbase,USDCEUR,1678372020000,2023-03-09 14:27:00,0.9459,0.946,0.9459,0.946,379.94
coinbase,USDCEUR,1678372200000,2023-03-09 14:30:00,0.9459,0.9459,0.9459,0.9459,212.42
coinbase,USDCEUR,1678372260000,2023-03-09 14:31:00,0.946,0.946,0.946,0.946,432.81
coinbase,USDCEUR,1678372320000,2023-03-09 14:32:00,0.946,0.946,0.945,0.945,65631.99
coinbase,USDCEUR,1678372560000,2023-03-09 14:36:00,0.9456,0.9456,0.9452,0.9452,424
coinbase,USDCEUR,1678373220000,2023-03-09 14:47:00,0.9451,0.9451,0.9448,0.9448,651.9
coinbase,USDCEUR,1678373520000,2023-03-09 14:52:00,0.9452,0.9452,0.9448,0.9448,72.08
coinbase,USDCEUR,1678373940000,2023-03-09 14:59:00,0.9448,0.945,0.9448,0.945,10464.83
coinbase,USDCEUR,1678374180000,2023-03-09 15:03:00,0.945,0.945,0.945,0.945,117.14
coinbase,USDCEUR,1678374420000,2023-03-09 15:07:00,0.9452,0.9452,0.9452,0.9452,24.87
coinbase,USDCEUR,1678374480000,2023-03-09 15:08:00,0.945,0.9452,0.9448,0.9452,128.25
coinbase,USDCEUR,1678375140000,2023-03-09 15:19:00,0.9452,0.9452,0.9448,0.9448,3.1
coinbase,USDCEUR,1678375380000,2023-03-09 15:23:00,0.9448,0.9457,0.9448,0.9456,5868.29
coinbase,USDCEUR,1678375500000,2023-03-09 15:25:00,0.945,0.9457,0.945,0.9457,134.27
coinbase,USDCEUR,1678375620000,2023-03-09 15:27:00,0.9456,0.9456,0.9452,0.9452,265.2
coinbase,USDCEUR,1678375980000,2023-03-09 15:33:00,0.9448,0.9448,0.9446,0.9446,215.97
coinbase,USDCEUR,1678376100000,2023-03-09 15:35:00,0.9452,0.9452,0.9447,0.9447,187.89
coinbase,USDCEUR,1678376520000,2023-03-09 15:42:00,0.9447,0.9447,0.9447,0.9447,10.59
coinbase,USDCEUR,1678376880000,2023-03-09 15:48:00,0.945,0.945,0.945,0.945,444.45
coinbase,USDCEUR,1678377000000,2023-03-09 15:50:00,0.9452,0.9452,0.9452,0.9452,68.19
coinbase,USDCEUR,1678377060000,2023-03-09 15:51:00,0.9452,0.9454,0.9452,0.9454,167.67
coinbase,USDCEUR,1678377180000,2023-03-09 15:53:00,0.9454,0.9456,0.9454,0.9456,390.65
coinbase,USDCEUR,1678377420000,2023-03-09 15:57:00,0.9459,0.9462,0.9459,0.9462,366.58
coinbase,USDCEUR,1678377480000,2023-03-09 15:58:00,0.9462,0.9463,0.946,0.9463,8722.39
coinbase,USDCEUR,1678377540000,2023-03-09 15:59:00,0.9463,0.9463,0.9455,0.9455,36.96
coinbase,USDCEUR,1678377780000,2023-03-09 16:03:00,0.9461,0.9464,0.9457,0.9464,214.71
coinbase,USDCEUR,1678378140000,2023-03-09 16:09:00,0.9465,0.9465,0.9462,0.9462,21.09
coinbase,USDCEUR,1678378440000,2023-03-09 16:14:00,0.9462,0.9462,0.9457,0.9457,262.75
coinbase,USDCEUR,1678378500000,2023-03-09 16:15:00,0.9457,0.9457,0.9456,0.9456,478.22
coinbase,USDCEUR,1678378560000,2023-03-09 16:16:00,0.9458,0.9458,0.9458,0.9458,528.08
coinbase,USDCEUR,1678378860000,2023-03-09 16:21:00,0.9459,0.9459,0.9459,0.9459,28.84
coinbase,USDCEUR,1678379160000,2023-03-09 16:26:00,0.9459,0.9459,0.945,0.945,29.41
coinbase,USDCEUR,1678379340000,2023-03-09 16:29:00,0.9457,0.9457,0.9451,0.9451,35.75
coinbase,USDCEUR,1678379460000,2023-03-09 16:31:00,0.9455,0.9455,0.9451,0.9451,92.66
coinbase,USDCEUR,1678379520000,2023-03-09 16:32:00,0.9454,0.9457,0.945,0.945,107.33
coinbase,USDCEUR,1678379580000,2023-03-09 16:33:00,0.945,0.9456,0.945,0.9456,12.34
coinbase,USDCEUR,1678379640000,2023-03-09 16:34:00,0.945,0.945,0.9448,0.9448,345.29
coinbase,USDCEUR,1678379760000,2023-03-09 16:36:00,0.9452,0.9453,0.9448,0.9453,109.7
coinbase,USDCEUR,1678380060000,2023-03-09 16:41:00,0.9448,0.9453,0.9447,0.9453,38.52
coinbase,USDCEUR,1678380360000,2023-03-09 16:46:00,0.9447,0.9453,0.9447,0.9453,31.51
coinbase,USDCEUR,1678380660000,2023-03-09 16:51:00,0.9453,0.9455,0.9451,0.9451,58.46
coinbase,USDCEUR,1678380900000,2023-03-09 16:55:00,0.9451,0.9452,0.9451,0.9452,3634.89
coinbase,USDCEUR,1678381020000,2023-03-09 16:57:00,0.9453,0.9453,0.9453,0.9453,104728.64
coinbase,USDCEUR,1678345320000,2023-03-09 07:02:00,0.9473,0.9475,0.9473,0.9475,72.22
coinbase,USDCEUR,1678345440000,2023-03-09 07:04:00,0.9473,0.9473,0.9472,0.9472,1.98
coinbase,USDCEUR,1678345680000,2023-03-09 07:08:00,0.9472,0.9475,0.9472,0.9475,417.2
coinbase,USDCEUR,1678346340000,2023-03-09 07:19:00,0.9471,0.9471,0.9471,0.9471,44.37
coinbase,USDCEUR,1678346700000,2023-03-09 07:25:00,0.9471,0.9474,0.947,0.947,5189.17
coinbase,USDCEUR,1678347480000,2023-03-09 07:38:00,0.9467,0.9471,0.9466,0.9471,76.92
coinbase,USDCEUR,1678348680000,2023-03-09 07:58:00,0.9471,0.9475,0.9471,0.9475,684.45
coinbase,USDCEUR,1678348740000,2023-03-09 07:59:00,0.9475,0.9475,0.9469,0.9469,3436.51
coinbase,USDCEUR,1678348860000,2023-03-09 08:01:00,0.9474,0.9477,0.9474,0.9477,1816.52
coinbase,USDCEUR,1678348920000,2023-03-09 08:02:00,0.9477,0.948,0.9476,0.9478,2600.41
coinbase,USDCEUR,1678348980000,2023-03-09 08:03:00,0.9478,0.9478,0.9473,0.9476,3178.36
coinbase,USDCEUR,1678349040000,2023-03-09 08:04:00,0.9476,0.9481,0.9474,0.948,5115.71
coinbase,USDCEUR,1678349100000,2023-03-09 08:05:00,0.9479,0.948,0.9472,0.9472,15537.2
coinbase,USDCEUR,1678349160000,2023-03-09 08:06:00,0.9472,0.9473,0.9472,0.9473,4667.48
coinbase,USDCEUR,1678349220000,2023-03-09 08:07:00,0.9473,0.9473,0.9473,0.9473,153.78
coinbase,USDCEUR,1678349280000,2023-03-09 08:08:00,0.9473,0.9473,0.9471,0.9471,3224.16
coinbase,USDCEUR,1678349400000,2023-03-09 08:10:00,0.9475,0.9476,0.9473,0.9475,1900.6
coinbase,USDCEUR,1678349460000,2023-03-09 08:11:00,0.9476,0.9478,0.9473,0.9478,5089.65
coinbase,USDCEUR,1678349520000,2023-03-09 08:12:00,0.9478,0.9478,0.9473,0.9477,5221.22
coinbase,USDCEUR,1678349580000,2023-03-09 08:13:00,0.9477,0.9477,0.9472,0.9474,155.43
coinbase,USDCEUR,1678350180000,2023-03-09 08:23:00,0.9473,0.9473,0.9473,0.9473,108.17
coinbase,USDCEUR,1678350300000,2023-03-09 08:25:00,0.9473,0.9477,0.9473,0.9477,16.61
coinbase,USDCEUR,1678350420000,2023-03-09 08:27:00,0.9473,0.9474,0.9473,0.9474,283.36
coinbase,USDCEUR,1678350780000,2023-03-09 08:33:00,0.9476,0.9476,0.9474,0.9474,225.57
coinbase,USDCEUR,1678350900000,2023-03-09 08:35:00,0.9472,0.9473,0.9472,0.9473,331.45
coinbase,USDCEUR,1678350960000,2023-03-09 08:36:00,0.9472,0.9472,0.9469,0.9469,476.2
coinbase,USDCEUR,1678351140000,2023-03-09 08:39:00,0.9468,0.947,0.9468,0.947,68.92
coinbase,USDCEUR,1678351260000,2023-03-09 08:41:00,0.9468,0.9472,0.9467,0.9472,30.18
coinbase,USDCEUR,1678351440000,2023-03-09 08:44:00,0.9467,0.9468,0.9463,0.9468,2814.41
coinbase,USDCEUR,1678351560000,2023-03-09 08:46:00,0.9467,0.9467,0.9467,0.9467,136.03
coinbase,USDCEUR,1678351620000,2023-03-09 08:47:00,0.9467,0.9471,0.9467,0.9471,136.04
coinbase,USDCEUR,1678351800000,2023-03-09 08:50:00,0.9471,0.9471,0.9471,0.9471,91.02
coinbase,USDCEUR,1678351980000,2023-03-09 08:53:00,0.9471,0.9472,0.9471,0.9471,364.16
coinbase,USDCEUR,1678352160000,2023-03-09 08:56:00,0.9468,0.9468,0.9468,0.9468,2530
coinbase,USDCEUR,1678352220000,2023-03-09 08:57:00,0.9471,0.9471,0.947,0.947,173
coinbase,USDCEUR,1678352460000,2023-03-09 09:01:00,0.9469,0.9472,0.9469,0.9472,20900.84
coinbase,USDCEUR,1678352640000,2023-03-09 09:04:00,0.9473,0.9475,0.9473,0.9475,214.53
coinbase,USDCEUR,1678352880000,2023-03-09 09:08:00,0.9471,0.9471,0.947,0.947,8.91
coinbase,USDCEUR,1678353300000,2023-03-09 09:15:00,0.947,0.947,0.9469,0.9469,448.11
coinbase,USDCEUR,1678353360000,2023-03-09 09:16:00,0.9468,0.9468,0.9467,0.9467,72.1
coinbase,USDCEUR,1678353720000,2023-03-09 09:22:00,0.947,0.947,0.9465,0.9465,138.32
coinbase,USDCEUR,1678353900000,2023-03-09 09:25:00,0.9464,0.9464,0.9464,0.9464,49.6
coinbase,USDCEUR,1678353960000,2023-03-09 09:26:00,0.9464,0.9464,0.9462,0.9462,290.52
coinbase,USDCEUR,1678354380000,2023-03-09 09:33:00,0.9462,0.9462,0.9458,0.9462,61.33
coinbase,USDCEUR,1678354680000,2023-03-09 09:38:00,0.9458,0.9458,0.9458,0.9458,4.32
coinbase,USDCEUR,1678354980000,2023-03-09 09:43:00,0.9458,0.9462,0.9458,0.9462,86.71
coinbase,USDCEUR,1678355160000,2023-03-09 09:46:00,0.9462,0.9462,0.9462,0.9462,68.05
coinbase,USDCEUR,1678355280000,2023-03-09 09:48:00,0.9466,0.9466,0.9465,0.9465,271.13
coinbase,USDCEUR,1678355400000,2023-03-09 09:50:00,0.9465,0.9469,0.9465,0.9469,23.92
coinbase,USDCEUR,1678355520000,2023-03-09 09:52:00,0.9468,0.9469,0.9466,0.9466,253.3
coinbase,USDCEUR,1678355580000,2023-03-09 09:53:00,0.9466,0.9466,0.946,0.9465,74.28
coinbase,USDCEUR,1678355880000,2023-03-09 09:58:00,0.9463,0.9468,0.9463,0.9467,77.39
coinbase,USDCEUR,1678355940000,2023-03-09 09:59:00,0.9467,0.9467,0.9464,0.9464,79.19
coinbase,USDCEUR,1678356240000,2023-03-09 10:04:00,0.9464,0.9468,0.9464,0.9468,636.1
coinbase,USDCEUR,1678356300000,2023-03-09 10:05:00,0.9469,0.9469,0.9469,0.9469,63.03
coinbase,USDCEUR,1678356360000,2023-03-09 10:06:00,0.9468,0.9468,0.9468,0.9468,136.15
coinbase,USDCEUR,1678356480000,2023-03-09 10:08:00,0.9468,0.9468,0.9468,0.9468,68.09
coinbase,USDCEUR,1678356600000,2023-03-09 10:10:00,0.9468,0.9468,0.9466,0.9468,215.17
coinbase,USDCEUR,1678356720000,2023-03-09 10:12:00,0.9465,0.9468,0.9465,0.9465,144.26
coinbase,USDCEUR,1678356780000,2023-03-09 10:13:00,0.9465,0.9466,0.9465,0.9466,29.89
coinbase,USDCEUR,1678357020000,2023-03-09 10:17:00,0.9466,0.9467,0.9466,0.9467,5171.64
coinbase,USDCEUR,1678357200000,2023-03-09 10:20:00,0.9466,0.9468,0.9466,0.9468,15.51
coinbase,USDCEUR,1678357620000,2023-03-09 10:27:00,0.9468,0.9468,0.9465,0.9465,27.47
coinbase,USDCEUR,1678357740000,2023-03-09 10:29:00,0.9465,0.9468,0.9465,0.9468,64.69
coinbase,USDCEUR,1678357860000,2023-03-09 10:31:00,0.9468,0.947,0.9463,0.9463,535.31
coinbase,USDCEUR,1678357980000,2023-03-09 10:33:00,0.9461,0.9464,0.946,0.9464,368.62
coinbase,USDCEUR,1678358220000,2023-03-09 10:37:00,0.946,0.946,0.946,0.946,9.85
coinbase,USDCEUR,1678358460000,2023-03-09 10:41:00,0.946,0.9462,0.946,0.9462,22.26
coinbase,USDCEUR,1678358520000,2023-03-09 10:42:00,0.9462,0.9462,0.9462,0.9462,1.19
coinbase,USDCEUR,1678358640000,2023-03-09 10:44:00,0.946,0.946,0.946,0.946,70.08
coinbase,USDCEUR,1678358820000,2023-03-09 10:47:00,0.9461,0.9461,0.9461,0.9461,113.09
coinbase,USDCEUR,1678358880000,2023-03-09 10:48:00,0.9461,0.9461,0.9461,0.9461,2436.91
coinbase,USDCEUR,1678359060000,2023-03-09 10:51:00,0.9462,0.9462,0.946,0.946,225.74
coinbase,USDCEUR,1678359120000,2023-03-09 10:52:00,0.946,0.9462,0.9458,0.9458,168.58
coinbase,USDCEUR,1678359180000,2023-03-09 10:53:00,0.9458,0.9462,0.9458,0.9462,42.49
coinbase,USDCEUR,1678359360000,2023-03-09 10:56:00,0.9462,0.9462,0.9458,0.9458,13.95
coinbase,USDCEUR,1678359600000,2023-03-09 11:00:00,0.946,0.946,0.946,0.946,5000
coinbase,USDCEUR,1678359720000,2023-03-09 11:02:00,0.9462,0.9462,0.9462,0.9462,198.06
coinbase,USDCEUR,1678359780000,2023-03-09 11:03:00,0.9458,0.946,0.9458,0.946,1040.73
coinbase,USDCEUR,1678359900000,2023-03-09 11:05:00,0.9453,0.9454,0.945,0.9454,497.98
coinbase,USDCEUR,1678360080000,2023-03-09 11:08:00,0.9449,0.9458,0.9449,0.9458,141.18
coinbase,USDCEUR,1678360380000,2023-03-09 11:13:00,0.9456,0.9457,0.9456,0.9457,464.56
coinbase,USDCEUR,1678360680000,2023-03-09 11:18:00,0.9455,0.9455,0.9452,0.9454,56362.12
coinbase,USDCEUR,1678360800000,2023-03-09 11:20:00,0.9454,0.9454,0.9454,0.9454,48491.68
coinbase,USDCEUR,1678360860000,2023-03-09 11:21:00,0.9454,0.9454,0.9452,0.9452,396.99
coinbase,USDCEUR,1678361220000,2023-03-09 11:27:00,0.9451,0.9453,0.9451,0.9453,1244.87
coinbase,USDCEUR,1678362420000,2023-03-09 11:47:00,0.9452,0.9453,0.9452,0.9453,19.3
coinbase,USDCEUR,1678362600000,2023-03-09 11:50:00,0.9453,0.9455,0.9453,0.9455,1526.04
coinbase,USDCEUR,1678362840000,2023-03-09 11:54:00,0.9452,0.9452,0.9451,0.9451,100
coinbase,USDCEUR,1678363020000,2023-03-09 11:57:00,0.9452,0.9455,0.9452,0.9455,1843.54
coinbase,USDCEUR,1678363200000,2023-03-09 12:00:00,0.9455,0.9456,0.9455,0.9455,204.44
coinbase,USDCEUR,1678329120000,2023-03-09 02:32:00,0.9487,0.9487,0.9484,0.9484,358.86
coinbase,USDCEUR,1678329660000,2023-03-09 02:41:00,0.9484,0.9487,0.9484,0.9487,1382.71
coinbase,USDCEUR,1678332300000,2023-03-09 03:25:00,0.9485,0.9486,0.9485,0.9486,284.85
coinbase,USDCEUR,1678332780000,2023-03-09 03:33:00,0.9486,0.9486,0.9483,0.9484,137.07
coinbase,USDCEUR,1678334280000,2023-03-09 03:58:00,0.948,0.9484,0.948,0.9484,14.45
coinbase,USDCEUR,1678336200000,2023-03-09 04:30:00,0.948,0.948,0.948,0.948,267.31
coinbase,USDCEUR,1678336740000,2023-03-09 04:39:00,0.948,0.9482,0.948,0.9482,198.39
coinbase,USDCEUR,1678336920000,2023-03-09 04:42:00,0.948,0.948,0.948,0.948,178.28
coinbase,USDCEUR,1678337340000,2023-03-09 04:49:00,0.9479,0.948,0.9478,0.9478,623.17
coinbase,USDCEUR,1678337580000,2023-03-09 04:53:00,0.9477,0.9477,0.9476,0.9476,141.5
coinbase,USDCEUR,1678337760000,2023-03-09 04:56:00,0.9476,0.9476,0.9476,0.9476,198.39
coinbase,USDCEUR,1678338420000,2023-03-09 05:07:00,0.9475,0.9479,0.9475,0.9479,663.21
coinbase,USDCEUR,1678341660000,2023-03-09 06:01:00,0.9476,0.9478,0.9475,0.9475,118.96
coinbase,USDCEUR,1678343100000,2023-03-09 06:25:00,0.9478,0.9478,0.9474,0.9474,141.95
coinbase,USDCEUR,1678343340000,2023-03-09 06:29:00,0.9474,0.9475,0.9471,0.9475,9330.67
coinbase,USDCEUR,1678343400000,2023-03-09 06:30:00,0.9475,0.9475,0.9475,0.9475,136.08
coinbase,USDCEUR,1678343520000,2023-03-09 06:32:00,0.9475,0.9475,0.9475,0.9475,136.08
coinbase,USDCEUR,1678343700000,2023-03-09 06:35:00,0.9475,0.9475,0.9474,0.9474,73.02
coinbase,USDCEUR,1678343820000,2023-03-09 06:37:00,0.9475,0.9475,0.9475,0.9475,136.08
coinbase,USDCEUR,1678310040000,2023-03-08 21:14:00,0.9482,0.9482,0.9482,0.9482,13522.84
coinbase,USDCEUR,1678310100000,2023-03-08 21:15:00,0.9483,0.9483,0.9482,0.9482,5.86
coinbase,USDCEUR,1678310160000,2023-03-08 21:16:00,0.9482,0.9482,0.9482,0.9482,19705.55
coinbase,USDCEUR,1678310460000,2023-03-08 21:21:00,0.948,0.9483,0.948,0.9483,6.8
coinbase,USDCEUR,1678310640000,2023-03-08 21:24:00,0.9483,0.9484,0.9483,0.9484,82.19
coinbase,USDCEUR,1678310940000,2023-03-08 21:29:00,0.9481,0.9485,0.9481,0.9485,405.51
coinbase,USDCEUR,1678311420000,2023-03-08 21:37:00,0.9482,0.9485,0.9482,0.9485,20.7
coinbase,USDCEUR,1678311720000,2023-03-08 21:42:00,0.9482,0.9485,0.9476,0.9485,3375.91
coinbase,USDCEUR,1678311840000,2023-03-08 21:44:00,0.9485,0.9485,0.9476,0.9476,1659.66
coinbase,USDCEUR,1678312620000,2023-03-08 21:57:00,0.9476,0.9476,0.9476,0.9476,4.08
coinbase,USDCEUR,1678312800000,2023-03-08 22:00:00,0.9477,0.9485,0.9477,0.9485,106.12
coinbase,USDCEUR,1678312980000,2023-03-08 22:03:00,0.9485,0.9485,0.9485,0.9485,49.14
coinbase,USDCEUR,1678313160000,2023-03-08 22:06:00,0.948,0.9484,0.948,0.9484,6.01
coinbase,USDCEUR,1678313280000,2023-03-08 22:08:00,0.948,0.948,0.948,0.948,66.97
coinbase,USDCEUR,1678313580000,2023-03-08 22:13:00,0.9481,0.9482,0.9481,0.9482,94.46
coinbase,USDCEUR,1678314360000,2023-03-08 22:26:00,0.9482,0.9482,0.9482,0.9482,5.42
coinbase,USDCEUR,1678314600000,2023-03-08 22:30:00,0.9484,0.9485,0.9484,0.9485,68.06
coinbase,USDCEUR,1678314900000,2023-03-08 22:35:00,0.9485,0.9485,0.9478,0.9478,9599.09
coinbase,USDCEUR,1678315320000,2023-03-08 22:42:00,0.9485,0.9485,0.9484,0.9484,113.08
coinbase,USDCEUR,1678315740000,2023-03-08 22:49:00,0.9485,0.949,0.9485,0.949,806.46
coinbase,USDCEUR,1678315800000,2023-03-08 22:50:00,0.9489,0.9489,0.9489,0.9489,2.88
coinbase,USDCEUR,1678315860000,2023-03-08 22:51:00,0.9489,0.9489,0.9489,0.9489,23.13
coinbase,USDCEUR,1678316100000,2023-03-08 22:55:00,0.9489,0.9491,0.9489,0.9491,272.35
coinbase,USDCEUR,1678316340000,2023-03-08 22:59:00,0.9486,0.9488,0.9486,0.9488,127.53
coinbase,USDCEUR,1678316580000,2023-03-08 23:03:00,0.9486,0.9486,0.9486,0.9486,268.27
coinbase,USDCEUR,1678316640000,2023-03-08 23:04:00,0.9485,0.9485,0.9485,0.9485,67.96
coinbase,USDCEUR,1678316880000,2023-03-08 23:08:00,0.9482,0.9482,0.9482,0.9482,27.88
coinbase,USDCEUR,1678316940000,2023-03-08 23:09:00,0.9482,0.9482,0.948,0.948,20099.07
coinbase,USDCEUR,1678317060000,2023-03-08 23:11:00,0.9484,0.9485,0.948,0.948,525.23
coinbase,USDCEUR,1678317480000,2023-03-08 23:18:00,0.9484,0.9486,0.948,0.948,526.38
coinbase,USDCEUR,1678318020000,2023-03-08 23:27:00,0.9485,0.9485,0.9485,0.9485,738.03
coinbase,USDCEUR,1678318200000,2023-03-08 23:30:00,0.948,0.9485,0.948,0.9485,6.23
coinbase,USDCEUR,1678318380000,2023-03-08 23:33:00,0.9485,0.9486,0.9485,0.9485,1674.94
coinbase,USDCEUR,1678318740000,2023-03-08 23:39:00,0.9485,0.9486,0.9483,0.9483,368.82
coinbase,USDCEUR,1678319280000,2023-03-08 23:48:00,0.9486,0.9486,0.948,0.948,61.1
coinbase,USDCEUR,1678320720000,2023-03-09 00:12:00,0.9484,0.9484,0.9484,0.9484,6.27
coinbase,USDCEUR,1678321080000,2023-03-09 00:18:00,0.948,0.948,0.9478,0.9478,94.39
coinbase,USDCEUR,1678321560000,2023-03-09 00:26:00,0.9481,0.9481,0.948,0.948,6.61
coinbase,USDCEUR,1678321860000,2023-03-09 00:31:00,0.9481,0.9484,0.9481,0.9484,2024.59
coinbase,USDCEUR,1678322640000,2023-03-09 00:44:00,0.9484,0.9484,0.9484,0.9484,3.53
coinbase,USDCEUR,1678322760000,2023-03-09 00:46:00,0.9484,0.9486,0.9484,0.9486,49.65
coinbase,USDCEUR,1678323780000,2023-03-09 01:03:00,0.9484,0.9484,0.9484,0.9484,561.01
coinbase,USDCEUR,1678324080000,2023-03-09 01:08:00,0.9486,0.9486,0.9484,0.9484,161.9
coinbase,USDCEUR,1678324200000,2023-03-09 01:10:00,0.9482,0.9484,0.9482,0.9484,416.84
coinbase,USDCEUR,1678325460000,2023-03-09 01:31:00,0.9486,0.9486,0.9486,0.9486,4072.03
coinbase,USDCEUR,1678326300000,2023-03-09 01:45:00,0.9487,0.9491,0.9487,0.9491,70.14
coinbase,USDCEUR,1678326900000,2023-03-09 01:55:00,0.9491,0.9491,0.9491,0.9491,2.75
coinbase,USDCEUR,1678291200000,2023-03-08 16:00:00,0.9472,0.9476,0.9472,0.9476,26.27
coinbase,USDCEUR,1678291320000,2023-03-08 16:02:00,0.9475,0.9475,0.9473,0.9473,135.96
coinbase,USDCEUR,1678291500000,2023-03-08 16:05:00,0.9472,0.9472,0.9472,0.9472,296.61
coinbase,USDCEUR,1678291560000,2023-03-08 16:06:00,0.9471,0.9471,0.9466,0.9466,271.9
coinbase,USDCEUR,1678291860000,2023-03-08 16:11:00,0.9465,0.9465,0.9465,0.9465,5.35
coinbase,USDCEUR,1678291920000,2023-03-08 16:12:00,0.9465,0.9468,0.9461,0.9467,423.04
coinbase,USDCEUR,1678292040000,2023-03-08 16:14:00,0.9467,0.9467,0.9464,0.9464,354.7
coinbase,USDCEUR,1678292160000,2023-03-08 16:16:00,0.947,0.9473,0.9469,0.9473,2995.42
coinbase,USDCEUR,1678292280000,2023-03-08 16:18:00,0.9469,0.9469,0.9469,0.9469,68.04
coinbase,USDCEUR,1678292520000,2023-03-08 16:22:00,0.9465,0.9465,0.9465,0.9465,10067.99
coinbase,USDCEUR,1678293000000,2023-03-08 16:30:00,0.9473,0.9473,0.947,0.947,342.29
coinbase,USDCEUR,1678293060000,2023-03-08 16:31:00,0.9475,0.9476,0.9475,0.9476,108212.27
coinbase,USDCEUR,1678293600000,2023-03-08 16:40:00,0.9478,0.9478,0.9476,0.9476,9977.54
coinbase,USDCEUR,1678293960000,2023-03-08 16:46:00,0.9478,0.9479,0.947,0.947,209.33
coinbase,USDCEUR,1678294260000,2023-03-08 16:51:00,0.9478,0.9479,0.9472,0.9472,597.17
coinbase,USDCEUR,1678294560000,2023-03-08 16:56:00,0.9479,0.9482,0.9475,0.9475,108089.82
coinbase,USDCEUR,1678294920000,2023-03-08 17:02:00,0.9481,0.9482,0.9481,0.9482,380.3
coinbase,USDCEUR,1678294980000,2023-03-08 17:03:00,0.9477,0.9477,0.9476,0.9476,2771.22
coinbase,USDCEUR,1678295040000,2023-03-08 17:04:00,0.9481,0.9482,0.9476,0.9476,5011.44
coinbase,USDCEUR,1678295340000,2023-03-08 17:09:00,0.9482,0.9482,0.9482,0.9482,63430.48
coinbase,USDCEUR,1678295520000,2023-03-08 17:12:00,0.9482,0.9484,0.9482,0.9484,47005.67
coinbase,USDCEUR,1678296000000,2023-03-08 17:20:00,0.9483,0.9483,0.9476,0.9476,9975.92
coinbase,USDCEUR,1678296660000,2023-03-08 17:31:00,0.9483,0.9484,0.9483,0.9484,103098.84
coinbase,USDCEUR,1678296900000,2023-03-08 17:35:00,0.9483,0.9484,0.9477,0.9477,64.83
coinbase,USDCEUR,1678297440000,2023-03-08 17:44:00,0.9477,0.9484,0.9477,0.9484,536.4
coinbase,USDCEUR,1678297620000,2023-03-08 17:47:00,0.9483,0.9484,0.9483,0.9484,222.44
coinbase,USDCEUR,1678297740000,2023-03-08 17:49:00,0.9479,0.9479,0.9479,0.9479,22.11
coinbase,USDCEUR,1678298100000,2023-03-08 17:55:00,0.9481,0.9485,0.948,0.9485,188.5
coinbase,USDCEUR,1678298520000,2023-03-08 18:02:00,0.9484,0.9485,0.948,0.9485,764.98
coinbase,USDCEUR,1678298580000,2023-03-08 18:03:00,0.9482,0.9482,0.9482,0.9482,31638.57
coinbase,USDCEUR,1678298640000,2023-03-08 18:04:00,0.948,0.9485,0.948,0.9483,41.55
coinbase,USDCEUR,1678298760000,2023-03-08 18:06:00,0.948,0.949,0.948,0.949,6.6
coinbase,USDCEUR,1678300500000,2023-03-08 18:35:00,0.9491,0.9491,0.949,0.9491,222.26
coinbase,USDCEUR,1678300740000,2023-03-08 18:39:00,0.9487,0.9487,0.9482,0.9485,166.47
coinbase,USDCEUR,1678301640000,2023-03-08 18:54:00,0.9485,0.9489,0.9485,0.9489,168.9
coinbase,USDCEUR,1678301700000,2023-03-08 18:55:00,0.9485,0.9486,0.9485,0.9486,117.5
coinbase,USDCEUR,1678301820000,2023-03-08 18:57:00,0.9486,0.9492,0.9486,0.9492,594.49
coinbase,USDCEUR,1678302000000,2023-03-08 19:00:00,0.9488,0.9488,0.9483,0.9486,546.77
coinbase,USDCEUR,1678302420000,2023-03-08 19:07:00,0.9487,0.9491,0.9487,0.949,989.52
coinbase,USDCEUR,1678302480000,2023-03-08 19:08:00,0.949,0.949,0.9487,0.9487,69.25
coinbase,USDCEUR,1678302600000,2023-03-08 19:10:00,0.9484,0.9488,0.9484,0.9485,539.72
coinbase,USDCEUR,1678302660000,2023-03-08 19:11:00,0.9485,0.9487,0.9485,0.9487,441.24
coinbase,USDCEUR,1678302720000,2023-03-08 19:12:00,0.9485,0.9485,0.9485,0.9485,135.84
coinbase,USDCEUR,1678302900000,2023-03-08 19:15:00,0.9485,0.9485,0.9484,0.9484,104511.19
coinbase,USDCEUR,1678303320000,2023-03-08 19:22:00,0.9484,0.9484,0.9479,0.9479,988.08
coinbase,USDCEUR,1678303500000,2023-03-08 19:25:00,0.948,0.9486,0.948,0.9486,521.8
coinbase,USDCEUR,1678303680000,2023-03-08 19:28:00,0.9481,0.9483,0.9481,0.9483,70.13
coinbase,USDCEUR,1678304220000,2023-03-08 19:37:00,0.9483,0.9484,0.9483,0.9483,526.48
coinbase,USDCEUR,1678304760000,2023-03-08 19:46:00,0.9481,0.9481,0.9481,0.9481,46.4
coinbase,USDCEUR,1678304820000,2023-03-08 19:47:00,0.9479,0.9479,0.9479,0.9479,23.98
coinbase,USDCEUR,1678304940000,2023-03-08 19:49:00,0.9479,0.948,0.9478,0.948,113.17
coinbase,USDCEUR,1678305180000,2023-03-08 19:53:00,0.9482,0.9482,0.948,0.9482,548.93
coinbase,USDCEUR,1678305240000,2023-03-08 19:54:00,0.9482,0.9482,0.948,0.948,305.9
coinbase,USDCEUR,1678305540000,2023-03-08 19:59:00,0.948,0.9482,0.948,0.9482,2161.04
coinbase,USDCEUR,1678306080000,2023-03-08 20:08:00,0.9482,0.9482,0.948,0.948,240.83
coinbase,USDCEUR,1678306920000,2023-03-08 20:22:00,0.9482,0.9482,0.9482,0.9482,9.91
coinbase,USDCEUR,1678306980000,2023-03-08 20:23:00,0.9482,0.9482,0.9479,0.9479,87.32
coinbase,USDCEUR,1678307760000,2023-03-08 20:36:00,0.9482,0.9482,0.9482,0.9482,522.17
coinbase,USDCEUR,1678308180000,2023-03-08 20:43:00,0.9479,0.9479,0.9479,0.9479,167.95
coinbase,USDCEUR,1678273320000,2023-03-08 11:02:00,0.9483,0.9483,0.9481,0.9481,70.66
coinbase,USDCEUR,1678273560000,2023-03-08 11:06:00,0.9485,0.9485,0.9482,0.9482,1.98
coinbase,USDCEUR,1678273680000,2023-03-08 11:08:00,0.9482,0.9485,0.9482,0.9485,239.09
coinbase,USDCEUR,1678274040000,2023-03-08 11:14:00,0.9483,0.9486,0.9482,0.9486,38.24
coinbase,USDCEUR,1678274220000,2023-03-08 11:17:00,0.9486,0.9486,0.9486,0.9486,154.5
coinbase,USDCEUR,1678274340000,2023-03-08 11:19:00,0.9487,0.9487,0.9487,0.9487,8305.34
coinbase,USDCEUR,1678274400000,2023-03-08 11:20:00,0.9483,0.9488,0.9483,0.9488,3.4
coinbase,USDCEUR,1678274700000,2023-03-08 11:25:00,0.9488,0.9488,0.9488,0.9488,101.53
coinbase,USDCEUR,1678274940000,2023-03-08 11:29:00,0.9485,0.9485,0.9484,0.9484,6.13
coinbase,USDCEUR,1678275960000,2023-03-08 11:46:00,0.9485,0.9485,0.9484,0.9484,20.38
coinbase,USDCEUR,1678276140000,2023-03-08 11:49:00,0.9487,0.9487,0.9485,0.9485,68.4
coinbase,USDCEUR,1678276560000,2023-03-08 11:56:00,0.9487,0.9491,0.9487,0.9487,2174.54
coinbase,USDCEUR,1678276620000,2023-03-08 11:57:00,0.9487,0.949,0.9487,0.949,140.9
coinbase,USDCEUR,1678276740000,2023-03-08 11:59:00,0.9487,0.9487,0.9487,0.9487,67.95
coinbase,USDCEUR,1678277400000,2023-03-08 12:10:00,0.9485,0.9485,0.9485,0.9485,135.84
coinbase,USDCEUR,1678277520000,2023-03-08 12:12:00,0.9485,0.9486,0.9485,0.9486,135.27
coinbase,USDCEUR,1678278000000,2023-03-08 12:20:00,0.9486,0.9486,0.9484,0.9485,137.64
coinbase,USDCEUR,1678278120000,2023-03-08 12:22:00,0.9489,0.9489,0.9489,0.9489,17.11
coinbase,USDCEUR,1678278300000,2023-03-08 12:25:00,0.9489,0.949,0.9485,0.9489,569.54
coinbase,USDCEUR,1678278420000,2023-03-08 12:27:00,0.9489,0.949,0.9486,0.9486,264.27
coinbase,USDCEUR,1678278780000,2023-03-08 12:33:00,0.9485,0.9485,0.9485,0.9485,8.29
coinbase,USDCEUR,1678278900000,2023-03-08 12:35:00,0.9486,0.9486,0.9486,0.9486,38.72
coinbase,USDCEUR,1678279020000,2023-03-08 12:37:00,0.9486,0.9488,0.9486,0.9488,113.97
coinbase,USDCEUR,1678279140000,2023-03-08 12:39:00,0.9485,0.9485,0.9483,0.9483,263.42
coinbase,USDCEUR,1678279260000,2023-03-08 12:41:00,0.9485,0.9485,0.9484,0.9484,374.71
coinbase,USDCEUR,1678279440000,2023-03-08 12:44:00,0.9482,0.9483,0.9482,0.9483,168.04
coinbase,USDCEUR,1678280100000,2023-03-08 12:55:00,0.9481,0.9485,0.9479,0.9479,223.78
coinbase,USDCEUR,1678280340000,2023-03-08 12:59:00,0.9478,0.9478,0.9476,0.9476,541.79
coinbase,USDCEUR,1678280580000,2023-03-08 13:03:00,0.9482,0.9482,0.9482,0.9482,62.31
coinbase,USDCEUR,1678281000000,2023-03-08 13:10:00,0.9477,0.9482,0.947,0.9482,50002.99
coinbase,USDCEUR,1678281060000,2023-03-08 13:11:00,0.9476,0.9482,0.9476,0.9482,11.7
coinbase,USDCEUR,1678281300000,2023-03-08 13:15:00,0.9482,0.9484,0.9482,0.9484,210.68
coinbase,USDCEUR,1678281360000,2023-03-08 13:16:00,0.9485,0.9487,0.9485,0.9486,864.65
coinbase,USDCEUR,1678281720000,2023-03-08 13:22:00,0.9483,0.9483,0.948,0.948,290.36
coinbase,USDCEUR,1678281840000,2023-03-08 13:24:00,0.948,0.9487,0.948,0.9487,529.76
coinbase,USDCEUR,1678282260000,2023-03-08 13:31:00,0.9482,0.9486,0.948,0.9486,67.09
coinbase,USDCEUR,1678282500000,2023-03-08 13:35:00,0.9485,0.9486,0.9484,0.9486,1752.25
coinbase,USDCEUR,1678282680000,2023-03-08 13:38:00,0.9486,0.9486,0.9486,0.9486,1.32
coinbase,USDCEUR,1678282860000,2023-03-08 13:41:00,0.9482,0.9485,0.948,0.9481,111.98
coinbase,USDCEUR,1678282980000,2023-03-08 13:43:00,0.9482,0.9482,0.948,0.948,77.96
coinbase,USDCEUR,1678283040000,2023-03-08 13:44:00,0.948,0.9481,0.948,0.9481,191.57
coinbase,USDCEUR,1678283400000,2023-03-08 13:50:00,0.9485,0.9485,0.9482,0.9482,77.8
coinbase,USDCEUR,1678283460000,2023-03-08 13:51:00,0.948,0.9481,0.948,0.9481,5844.58
coinbase,USDCEUR,1678283640000,2023-03-08 13:54:00,0.948,0.948,0.948,0.948,2084.15
coinbase,USDCEUR,1678283940000,2023-03-08 13:59:00,0.9479,0.948,0.9478,0.948,154.95
coinbase,USDCEUR,1678284240000,2023-03-08 14:04:00,0.948,0.948,0.948,0.948,54.41
coinbase,USDCEUR,1678284420000,2023-03-08 14:07:00,0.9479,0.9479,0.9478,0.9478,15.02
coinbase,USDCEUR,1678284660000,2023-03-08 14:11:00,0.9482,0.9482,0.9476,0.9476,12.87
coinbase,USDCEUR,1678285320000,2023-03-08 14:22:00,0.9482,0.9482,0.9478,0.9482,3412.49
coinbase,USDCEUR,1678285680000,2023-03-08 14:28:00,0.9478,0.9478,0.9474,0.9477,88.58
coinbase,USDCEUR,1678285860000,2023-03-08 14:31:00,0.948,0.9482,0.9474,0.9474,1829.42
coinbase,USDCEUR,1678285980000,2023-03-08 14:33:00,0.9478,0.9479,0.9478,0.9479,286.4
coinbase,USDCEUR,1678286700000,2023-03-08 14:45:00,0.948,0.9482,0.9475,0.9475,564.58
coinbase,USDCEUR,1678286820000,2023-03-08 14:47:00,0.9479,0.9479,0.947,0.947,223.86
coinbase,USDCEUR,1678287000000,2023-03-08 14:50:00,0.947,0.947,0.947,0.947,358.53
coinbase,USDCEUR,1678287120000,2023-03-08 14:52:00,0.9474,0.9474,0.9472,0.9474,12.09
coinbase,USDCEUR,1678287360000,2023-03-08 14:56:00,0.9474,0.9474,0.9474,0.9474,65.9
coinbase,USDCEUR,1678287600000,2023-03-08 15:00:00,0.9474,0.9487,0.9474,0.9485,3257.49
coinbase,USDCEUR,1678287660000,2023-03-08 15:01:00,0.9489,0.9493,0.9489,0.9493,1316.13
coinbase,USDCEUR,1678287720000,2023-03-08 15:02:00,0.9488,0.9488,0.948,0.948,1049.75
coinbase,USDCEUR,1678287780000,2023-03-08 15:03:00,0.9481,0.9481,0.948,0.948,211.51
coinbase,USDCEUR,1678287900000,2023-03-08 15:05:00,0.9479,0.9479,0.9479,0.9479,67.99
coinbase,USDCEUR,1678287960000,2023-03-08 15:06:00,0.9478,0.9485,0.9478,0.9485,205
coinbase,USDCEUR,1678288200000,2023-03-08 15:10:00,0.9478,0.9478,0.9478,0.9478,203.91
coinbase,USDCEUR,1678288260000,2023-03-08 15:11:00,0.9478,0.9482,0.9475,0.9482,793.77
coinbase,USDCEUR,1678288380000,2023-03-08 15:13:00,0.9476,0.9476,0.9476,0.9476,74.31
coinbase,USDCEUR,1678288500000,2023-03-08 15:15:00,0.9478,0.9485,0.9478,0.9485,90.67
coinbase,USDCEUR,1678288560000,2023-03-08 15:16:00,0.9484,0.9484,0.9478,0.9478,399.56
coinbase,USDCEUR,1678288680000,2023-03-08 15:18:00,0.9484,0.9485,0.9478,0.9478,7919.33
coinbase,USDCEUR,1678288980000,2023-03-08 15:23:00,0.9478,0.9478,0.947,0.9477,1013.5
coinbase,USDCEUR,1678289040000,2023-03-08 15:24:00,0.947,0.9472,0.947,0.9472,1049.28
coinbase,USDCEUR,1678289580000,2023-03-08 15:33:00,0.9468,0.9468,0.9458,0.9458,156.55
coinbase,USDCEUR,1678289700000,2023-03-08 15:35:00,0.9461,0.9461,0.946,0.946,36.26
coinbase,USDCEUR,1678289940000,2023-03-08 15:39:00,0.9467,0.9467,0.9463,0.9463,675.87
coinbase,USDCEUR,1678290000000,2023-03-08 15:40:00,0.9466,0.9466,0.9466,0.9466,203.91
coinbase,USDCEUR,1678290060000,2023-03-08 15:41:00,0.9466,0.9466,0.9466,0.9466,135.94
coinbase,USDCEUR,1678290180000,2023-03-08 15:43:00,0.9466,0.9472,0.9466,0.9472,135.93
coinbase,USDCEUR,1678290300000,2023-03-08 15:45:00,0.9472,0.9473,0.9472,0.9473,98.24
coinbase,USDCEUR,1678290360000,2023-03-08 15:46:00,0.9476,0.9476,0.9473,0.9473,342.85
coinbase,USDCEUR,1678290420000,2023-03-08 15:47:00,0.9475,0.9479,0.9475,0.9479,69.01
coinbase,USDCEUR,1678290600000,2023-03-08 15:50:00,0.9478,0.948,0.9472,0.9472,230.63
coinbase,USDCEUR,1678291200000,2023-03-08 16:00:00,0.9472,0.9476,0.9472,0.9476,26.27
coinbase,USDCEUR,1678255380000,2023-03-08 06:03:00,0.9493,0.9493,0.9493,0.9493,67.51
coinbase,USDCEUR,1678255500000,2023-03-08 06:05:00,0.9489,0.9489,0.9489,0.9489,130.03
coinbase,USDCEUR,1678255680000,2023-03-08 06:08:00,0.9489,0.9489,0.9489,0.9489,135.78
coinbase,USDCEUR,1678255800000,2023-03-08 06:10:00,0.9489,0.9491,0.9489,0.9491,335.56
coinbase,USDCEUR,1678255980000,2023-03-08 06:13:00,0.9493,0.9493,0.9482,0.9482,183.3
coinbase,USDCEUR,1678256160000,2023-03-08 06:16:00,0.9483,0.9484,0.9483,0.9484,983.2
coinbase,USDCEUR,1678256700000,2023-03-08 06:25:00,0.9484,0.9486,0.9484,0.9486,71.44
coinbase,USDCEUR,1678257720000,2023-03-08 06:42:00,0.949,0.949,0.949,0.949,2.47
coinbase,USDCEUR,1678257900000,2023-03-08 06:45:00,0.9483,0.9491,0.9483,0.9491,53.27
coinbase,USDCEUR,1678258200000,2023-03-08 06:50:00,0.9492,0.9492,0.9481,0.9481,115.03
coinbase,USDCEUR,1678259040000,2023-03-08 07:04:00,0.9488,0.9488,0.9487,0.9488,231.05
coinbase,USDCEUR,1678260660000,2023-03-08 07:31:00,0.9488,0.9488,0.9484,0.9484,159.68
coinbase,USDCEUR,1678260840000,2023-03-08 07:34:00,0.9483,0.9484,0.9483,0.9484,128.98
coinbase,USDCEUR,1678260900000,2023-03-08 07:35:00,0.9484,0.9484,0.9482,0.9482,88.15
coinbase,USDCEUR,1678260960000,2023-03-08 07:36:00,0.9482,0.9483,0.9482,0.9482,100.66
coinbase,USDCEUR,1678261020000,2023-03-08 07:37:00,0.9482,0.9482,0.9478,0.9478,83.23
coinbase,USDCEUR,1678261380000,2023-03-08 07:43:00,0.9478,0.9478,0.9473,0.9473,9002.11
coinbase,USDCEUR,1678261440000,2023-03-08 07:44:00,0.9477,0.9477,0.9476,0.9476,136.02
coinbase,USDCEUR,1678261500000,2023-03-08 07:45:00,0.9477,0.9482,0.9477,0.9482,221.03
coinbase,USDCEUR,1678261620000,2023-03-08 07:47:00,0.9477,0.9477,0.9477,0.9477,68.01
coinbase,USDCEUR,1678262220000,2023-03-08 07:57:00,0.9481,0.9481,0.9481,0.9481,2
coinbase,USDCEUR,1678262400000,2023-03-08 08:00:00,0.9481,0.9482,0.9481,0.9482,79567.38
coinbase,USDCEUR,1678262760000,2023-03-08 08:06:00,0.9483,0.9483,0.9479,0.9479,469.37
coinbase,USDCEUR,1678263000000,2023-03-08 08:10:00,0.9484,0.9484,0.9479,0.9479,170.72
coinbase,USDCEUR,1678263300000,2023-03-08 08:15:00,0.9486,0.9486,0.948,0.948,15.85
coinbase,USDCEUR,1678263840000,2023-03-08 08:24:00,0.948,0.9481,0.9479,0.9481,4875.96
coinbase,USDCEUR,1678264140000,2023-03-08 08:29:00,0.9479,0.948,0.9479,0.948,1268.98
coinbase,USDCEUR,1678264980000,2023-03-08 08:43:00,0.948,0.948,0.948,0.948,3.28
coinbase,USDCEUR,1678265400000,2023-03-08 08:50:00,0.948,0.9483,0.948,0.9483,9843.7
coinbase,USDCEUR,1678265700000,2023-03-08 08:55:00,0.9484,0.9485,0.9484,0.9485,475.86
coinbase,USDCEUR,1678266240000,2023-03-08 09:04:00,0.9487,0.9487,0.9486,0.9486,26.69
coinbase,USDCEUR,1678266360000,2023-03-08 09:06:00,0.9487,0.9487,0.9482,0.9482,203.51
coinbase,USDCEUR,1678266480000,2023-03-08 09:08:00,0.9487,0.9487,0.9487,0.9487,154.95
coinbase,USDCEUR,1678266660000,2023-03-08 09:11:00,0.9483,0.9484,0.9483,0.9484,339.9
coinbase,USDCEUR,1678266780000,2023-03-08 09:13:00,0.9483,0.9484,0.9483,0.9484,271.92
coinbase,USDCEUR,1678267020000,2023-03-08 09:17:00,0.9484,0.9484,0.9484,0.9484,67.98
coinbase,USDCEUR,1678267080000,2023-03-08 09:18:00,0.9485,0.9485,0.9484,0.9485,74.26
coinbase,USDCEUR,1678267200000,2023-03-08 09:20:00,0.9484,0.9484,0.9484,0.9484,135.4
coinbase,USDCEUR,1678267740000,2023-03-08 09:29:00,0.9485,0.9485,0.9485,0.9485,1.04
coinbase,USDCEUR,1678267920000,2023-03-08 09:32:00,0.9485,0.9486,0.9481,0.9481,14.08
coinbase,USDCEUR,1678268220000,2023-03-08 09:37:00,0.948,0.9482,0.9479,0.9479,611.77
coinbase,USDCEUR,1678268400000,2023-03-08 09:40:00,0.9483,0.9483,0.9483,0.9483,48.98
coinbase,USDCEUR,1678268520000,2023-03-08 09:42:00,0.9476,0.9483,0.9476,0.9483,3082.92
coinbase,USDCEUR,1678269300000,2023-03-08 09:55:00,0.9484,0.9484,0.9484,0.9484,67.98
coinbase,USDCEUR,1678269360000,2023-03-08 09:56:00,0.9485,0.9485,0.9485,0.9485,296.27
coinbase,USDCEUR,1678269420000,2023-03-08 09:57:00,0.9485,0.9485,0.9485,0.9485,111.01
coinbase,USDCEUR,1678269480000,2023-03-08 09:58:00,0.9485,0.9487,0.9485,0.9487,1177.33
coinbase,USDCEUR,1678270380000,2023-03-08 10:13:00,0.9484,0.9484,0.9484,0.9484,203.85
coinbase,USDCEUR,1678270680000,2023-03-08 10:18:00,0.9484,0.9484,0.9484,0.9484,135.9
coinbase,USDCEUR,1678270800000,2023-03-08 10:20:00,0.9484,0.9484,0.9482,0.9482,135.91
coinbase,USDCEUR,1678270920000,2023-03-08 10:22:00,0.9481,0.9482,0.9481,0.9482,135.35
coinbase,USDCEUR,1678271280000,2023-03-08 10:28:00,0.9485,0.9485,0.9485,0.9485,94.61
coinbase,USDCEUR,1678271460000,2023-03-08 10:31:00,0.9484,0.9485,0.9481,0.9481,310.42
coinbase,USDCEUR,1678271520000,2023-03-08 10:32:00,0.9482,0.9482,0.9482,0.9482,67.39
coinbase,USDCEUR,1678271760000,2023-03-08 10:36:00,0.9483,0.9483,0.948,0.948,233.64
coinbase,USDCEUR,1678271880000,2023-03-08 10:38:00,0.9483,0.9483,0.9483,0.9483,77.6
coinbase,USDCEUR,1678272060000,2023-03-08 10:41:00,0.9483,0.9486,0.9479,0.9485,1161.32
coinbase,USDCEUR,1678272120000,2023-03-08 10:42:00,0.948,0.9485,0.948,0.9485,50.47
coinbase,USDCEUR,1678272900000,2023-03-08 10:55:00,0.9482,0.9482,0.9478,0.9478,13900
coinbase,USDCEUR,1678273020000,2023-03-08 10:57:00,0.9479,0.9483,0.9478,0.9483,39391.09
coinbase,USDCEUR,1678273140000,2023-03-08 10:59:00,0.9483,0.9486,0.9483,0.9484,4083.43
coinbase,USDCEUR,1678237260000,2023-03-08 01:01:00,0.9479,0.9479,0.9479,0.9479,14.03
coinbase,USDCEUR,1678238040000,2023-03-08 01:14:00,0.9478,0.9478,0.9476,0.9476,6775.89
coinbase,USDCEUR,1678238460000,2023-03-08 01:21:00,0.9479,0.9479,0.9479,0.9479,172.58
coinbase,USDCEUR,1678239240000,2023-03-08 01:34:00,0.9476,0.9476,0.9476,0.9476,339.96
coinbase,USDCEUR,1678239360000,2023-03-08 01:36:00,0.9476,0.9479,0.9476,0.9479,70.17
coinbase,USDCEUR,1678239720000,2023-03-08 01:42:00,0.9476,0.9476,0.9475,0.9475,137.94
coinbase,USDCEUR,1678239840000,2023-03-08 01:44:00,0.9479,0.9479,0.9476,0.9476,20.34
coinbase,USDCEUR,1678240080000,2023-03-08 01:48:00,0.9478,0.9478,0.9478,0.9478,11.7
coinbase,USDCEUR,1678240260000,2023-03-08 01:51:00,0.9478,0.9479,0.9478,0.9479,89.59
coinbase,USDCEUR,1678240980000,2023-03-08 02:03:00,0.9478,0.9478,0.9478,0.9478,2.07
coinbase,USDCEUR,1678241160000,2023-03-08 02:06:00,0.9479,0.9479,0.9479,0.9479,1.99
coinbase,USDCEUR,1678241520000,2023-03-08 02:12:00,0.9479,0.9479,0.9479,0.9479,6.89
coinbase,USDCEUR,1678241940000,2023-03-08 02:19:00,0.9479,0.948,0.9479,0.948,2554.92
coinbase,USDCEUR,1678242600000,2023-03-08 02:30:00,0.9482,0.9485,0.9482,0.9485,69.19
coinbase,USDCEUR,1678242900000,2023-03-08 02:35:00,0.9481,0.9481,0.9481,0.9481,51.95
coinbase,USDCEUR,1678243260000,2023-03-08 02:41:00,0.9487,0.9489,0.9487,0.9489,22.59
coinbase,USDCEUR,1678244520000,2023-03-08 03:02:00,0.9489,0.9489,0.9489,0.9489,42.42
coinbase,USDCEUR,1678246260000,2023-03-08 03:31:00,0.9487,0.9489,0.9487,0.9489,14998
coinbase,USDCEUR,1678247340000,2023-03-08 03:49:00,0.9491,0.9493,0.9491,0.9493,96.33
coinbase,USDCEUR,1678247760000,2023-03-08 03:56:00,0.9493,0.9493,0.9486,0.9486,1240.76
coinbase,USDCEUR,1678248240000,2023-03-08 04:04:00,0.9486,0.9493,0.9486,0.9493,8.77
coinbase,USDCEUR,1678248720000,2023-03-08 04:12:00,0.9486,0.9494,0.9486,0.9494,277.07
coinbase,USDCEUR,1678249740000,2023-03-08 04:29:00,0.9489,0.9494,0.9489,0.9494,14.82
coinbase,USDCEUR,1678250100000,2023-03-08 04:35:00,0.9494,0.9494,0.9494,0.9494,70.84
coinbase,USDCEUR,1678250760000,2023-03-08 04:46:00,0.949,0.9494,0.949,0.9494,44.75
coinbase,USDCEUR,1678251360000,2023-03-08 04:56:00,0.949,0.949,0.949,0.949,321.34
coinbase,USDCEUR,1678251420000,2023-03-08 04:57:00,0.9489,0.9489,0.9489,0.9489,467.36
coinbase,USDCEUR,1678251480000,2023-03-08 04:58:00,0.9489,0.9489,0.9489,0.9489,67.91
coinbase,USDCEUR,1678251540000,2023-03-08 04:59:00,0.9489,0.9494,0.9489,0.9494,137.87
coinbase,USDCEUR,1678252020000,2023-03-08 05:07:00,0.9494,0.9494,0.9494,0.9494,45.7
coinbase,USDCEUR,1678252680000,2023-03-08 05:18:00,0.9494,0.9494,0.9494,0.9494,3.2
coinbase,USDCEUR,1678253040000,2023-03-08 05:24:00,0.9494,0.9495,0.9494,0.9495,952.99
coinbase,USDCEUR,1678253520000,2023-03-08 05:32:00,0.9491,0.9495,0.9491,0.9491,299.46
coinbase,USDCEUR,1678253580000,2023-03-08 05:33:00,0.9492,0.9492,0.9491,0.9492,599.36
coinbase,USDCEUR,1678253640000,2023-03-08 05:34:00,0.9492,0.9492,0.9492,0.9492,203.67
coinbase,USDCEUR,1678253760000,2023-03-08 05:36:00,0.9492,0.9492,0.949,0.9492,407.35
coinbase,USDCEUR,1678253820000,2023-03-08 05:37:00,0.949,0.9492,0.949,0.9492,68.91
coinbase,USDCEUR,1678254120000,2023-03-08 05:42:00,0.949,0.9492,0.949,0.9492,139.32
coinbase,USDCEUR,1678254180000,2023-03-08 05:43:00,0.949,0.9491,0.949,0.9491,91.7
coinbase,USDCEUR,1678254300000,2023-03-08 05:45:00,0.949,0.949,0.949,0.949,135.8
coinbase,USDCEUR,1678254480000,2023-03-08 05:48:00,0.949,0.949,0.9489,0.9489,272.62
coinbase,USDCEUR,1678254660000,2023-03-08 05:51:00,0.949,0.9494,0.949,0.9494,4.3
coinbase,USDCEUR,1678254900000,2023-03-08 05:55:00,0.9489,0.9489,0.9489,0.9489,4.74
coinbase,USDCEUR,1678219680000,2023-03-07 20:08:00,0.9475,0.9475,0.9473,0.9473,14.4
coinbase,USDCEUR,1678220280000,2023-03-07 20:18:00,0.9473,0.9473,0.9473,0.9473,205.16
coinbase,USDCEUR,1678220400000,2023-03-07 20:20:00,0.9473,0.9475,0.9473,0.9475,184.33
coinbase,USDCEUR,1678220640000,2023-03-07 20:24:00,0.9473,0.9473,0.9473,0.9473,2.24
coinbase,USDCEUR,1678220820000,2023-03-07 20:27:00,0.9473,0.9475,0.9466,0.9475,3266.58
coinbase,USDCEUR,1678220880000,2023-03-07 20:28:00,0.9474,0.9475,0.9474,0.9475,49.1
coinbase,USDCEUR,1678221720000,2023-03-07 20:42:00,0.947,0.9472,0.947,0.9472,41.42
coinbase,USDCEUR,1678221960000,2023-03-07 20:46:00,0.9475,0.9475,0.947,0.947,34.32
coinbase,USDCEUR,1678222080000,2023-03-07 20:48:00,0.9475,0.9475,0.9472,0.9472,360.45
coinbase,USDCEUR,1678222500000,2023-03-07 20:55:00,0.9472,0.9475,0.9472,0.9475,31.85
coinbase,USDCEUR,1678222620000,2023-03-07 20:57:00,0.9475,0.9475,0.9475,0.9475,1212.77
coinbase,USDCEUR,1678223340000,2023-03-07 21:09:00,0.9478,0.9478,0.9472,0.9472,31770.8
coinbase,USDCEUR,1678223400000,2023-03-07 21:10:00,0.9478,0.9479,0.9478,0.9479,9.53
coinbase,USDCEUR,1678223700000,2023-03-07 21:15:00,0.9479,0.948,0.9479,0.948,4496.79
coinbase,USDCEUR,1678223760000,2023-03-07 21:16:00,0.948,0.948,0.948,0.948,14.68
coinbase,USDCEUR,1678223820000,2023-03-07 21:17:00,0.948,0.948,0.948,0.948,181.72
coinbase,USDCEUR,1678224180000,2023-03-07 21:23:00,0.9476,0.9478,0.9475,0.9478,104.47
coinbase,USDCEUR,1678224360000,2023-03-07 21:26:00,0.9476,0.9478,0.9476,0.9478,3.04
coinbase,USDCEUR,1678224480000,2023-03-07 21:28:00,0.9476,0.9476,0.9476,0.9476,3.92
coinbase,USDCEUR,1678224540000,2023-03-07 21:29:00,0.9478,0.9478,0.9476,0.9476,1182.48
coinbase,USDCEUR,1678224780000,2023-03-07 21:33:00,0.9476,0.9476,0.9476,0.9476,2.28
coinbase,USDCEUR,1678224840000,2023-03-07 21:34:00,0.9476,0.9477,0.9474,0.9477,704.99
coinbase,USDCEUR,1678224960000,2023-03-07 21:36:00,0.9479,0.9479,0.9479,0.9479,17.98
coinbase,USDCEUR,1678225140000,2023-03-07 21:39:00,0.9479,0.9479,0.9479,0.9479,133.26
coinbase,USDCEUR,1678225200000,2023-03-07 21:40:00,0.9479,0.9479,0.9479,0.9479,58.64
coinbase,USDCEUR,1678225380000,2023-03-07 21:43:00,0.9475,0.9479,0.9475,0.9479,13.05
coinbase,USDCEUR,1678225500000,2023-03-07 21:45:00,0.9479,0.9479,0.9479,0.9479,39.56
coinbase,USDCEUR,1678225680000,2023-03-07 21:48:00,0.9479,0.948,0.9479,0.9479,147.72
coinbase,USDCEUR,1678225800000,2023-03-07 21:50:00,0.9479,0.9479,0.9479,0.9479,1.81
coinbase,USDCEUR,1678225860000,2023-03-07 21:51:00,0.9479,0.948,0.9479,0.948,216.4
coinbase,USDCEUR,1678225980000,2023-03-07 21:53:00,0.9479,0.9479,0.9479,0.9479,106.32
coinbase,USDCEUR,1678226220000,2023-03-07 21:57:00,0.9478,0.948,0.9475,0.948,504.36
coinbase,USDCEUR,1678226340000,2023-03-07 21:59:00,0.9479,0.9479,0.9479,0.9479,10
coinbase,USDCEUR,1678226400000,2023-03-07 22:00:00,0.9476,0.9479,0.9476,0.9479,31.69
coinbase,USDCEUR,1678226520000,2023-03-07 22:02:00,0.9479,0.9479,0.9476,0.9476,10.77
coinbase,USDCEUR,1678226700000,2023-03-07 22:05:00,0.9479,0.948,0.9479,0.9479,325.35
coinbase,USDCEUR,1678226760000,2023-03-07 22:06:00,0.9479,0.9479,0.9479,0.9479,1053.61
coinbase,USDCEUR,1678226940000,2023-03-07 22:09:00,0.9476,0.9479,0.9476,0.9479,29.21
coinbase,USDCEUR,1678227000000,2023-03-07 22:10:00,0.948,0.948,0.948,0.948,8964.93
coinbase,USDCEUR,1678227300000,2023-03-07 22:15:00,0.9476,0.948,0.9476,0.948,20.91
coinbase,USDCEUR,1678227360000,2023-03-07 22:16:00,0.948,0.948,0.9479,0.9479,12.79
coinbase,USDCEUR,1678227420000,2023-03-07 22:17:00,0.9479,0.9479,0.9476,0.9476,18
coinbase,USDCEUR,1678227600000,2023-03-07 22:20:00,0.9479,0.9479,0.9479,0.9479,9.94
coinbase,USDCEUR,1678227660000,2023-03-07 22:21:00,0.9479,0.9479,0.9479,0.9479,19.52
coinbase,USDCEUR,1678227960000,2023-03-07 22:26:00,0.9479,0.9479,0.9479,0.9479,31.01
coinbase,USDCEUR,1678228080000,2023-03-07 22:28:00,0.9479,0.9479,0.9478,0.9478,103.84
coinbase,USDCEUR,1678228200000,2023-03-07 22:30:00,0.9478,0.9478,0.9478,0.9478,136.53
coinbase,USDCEUR,1678228260000,2023-03-07 22:31:00,0.9478,0.9478,0.9476,0.9476,689.52
coinbase,USDCEUR,1678228560000,2023-03-07 22:36:00,0.9475,0.9475,0.9474,0.9474,385.36
coinbase,USDCEUR,1678228980000,2023-03-07 22:43:00,0.9476,0.9476,0.9476,0.9476,9.11
coinbase,USDCEUR,1678229040000,2023-03-07 22:44:00,0.9475,0.9475,0.9475,0.9475,2.11
coinbase,USDCEUR,1678229820000,2023-03-07 22:57:00,0.9475,0.9475,0.9473,0.9474,406.72
coinbase,USDCEUR,1678231860000,2023-03-07 23:31:00,0.9476,0.9476,0.9476,0.9476,8201.74
coinbase,USDCEUR,1678232040000,2023-03-07 23:34:00,0.9474,0.9479,0.9474,0.9479,226.05
coinbase,USDCEUR,1678232220000,2023-03-07 23:37:00,0.9475,0.9478,0.9472,0.9478,224.31
coinbase,USDCEUR,1678232700000,2023-03-07 23:45:00,0.9478,0.9478,0.9478,0.9478,216.91
coinbase,USDCEUR,1678232940000,2023-03-07 23:49:00,0.9474,0.9479,0.9474,0.9479,226.2
coinbase,USDCEUR,1678233240000,2023-03-07 23:54:00,0.9475,0.9479,0.9475,0.9479,158.88
coinbase,USDCEUR,1678233420000,2023-03-07 23:57:00,0.9476,0.9476,0.9476,0.9476,5.72
coinbase,USDCEUR,1678233600000,2023-03-08 00:00:00,0.9476,0.9476,0.9476,0.9476,14.04
coinbase,USDCEUR,1678233780000,2023-03-08 00:03:00,0.9478,0.9479,0.9478,0.9479,650.57
coinbase,USDCEUR,1678234320000,2023-03-08 00:12:00,0.948,0.948,0.948,0.948,1
coinbase,USDCEUR,1678234440000,2023-03-08 00:14:00,0.9476,0.948,0.9476,0.948,211.45
coinbase,USDCEUR,1678234920000,2023-03-08 00:22:00,0.9476,0.9476,0.9476,0.9476,62.42
coinbase,USDCEUR,1678235340000,2023-03-08 00:29:00,0.9476,0.948,0.9476,0.9476,18.2
coinbase,USDCEUR,1678235520000,2023-03-08 00:32:00,0.9476,0.9476,0.9476,0.9476,29.74
coinbase,USDCEUR,1678235820000,2023-03-08 00:37:00,0.9476,0.9476,0.9476,0.9476,35.98
coinbase,USDCEUR,1678235940000,2023-03-08 00:39:00,0.9476,0.9476,0.9476,0.9476,5.83
coinbase,USDCEUR,1678236360000,2023-03-08 00:46:00,0.9476,0.9479,0.9476,0.9479,8.34
coinbase,USDCEUR,1678236960000,2023-03-08 00:56:00,0.9479,0.948,0.9479,0.948,526.7
coinbase,USDCEUR,1678237020000,2023-03-08 00:57:00,0.9476,0.9476,0.9476,0.9476,7.33
coinbase,USDCEUR,1678237140000,2023-03-08 00:59:00,0.9476,0.9476,0.9476,0.9476,566.88
coinbase,USDCEUR,1678201200000,2023-03-07 15:00:00,0.9399,0.9414,0.9399,0.9413,5923.96
coinbase,USDCEUR,1678201260000,2023-03-07 15:01:00,0.941,0.9416,0.941,0.9411,435.23
coinbase,USDCEUR,1678201320000,2023-03-07 15:02:00,0.9411,0.9422,0.9411,0.9422,70.23
coinbase,USDCEUR,1678201380000,2023-03-07 15:03:00,0.9424,0.9426,0.9424,0.9424,1489.51
coinbase,USDCEUR,1678201620000,2023-03-07 15:07:00,0.9439,0.9439,0.9439,0.9439,52.89
coinbase,USDCEUR,1678201680000,2023-03-07 15:08:00,0.9439,0.9444,0.9439,0.9444,107.37
coinbase,USDCEUR,1678201740000,2023-03-07 15:09:00,0.9444,0.9444,0.9437,0.9437,362.32
coinbase,USDCEUR,1678201800000,2023-03-07 15:10:00,0.9437,0.9437,0.9437,0.9437,68.52
coinbase,USDCEUR,1678201860000,2023-03-07 15:11:00,0.9434,0.9438,0.9434,0.9435,286.48
coinbase,USDCEUR,1678201920000,2023-03-07 15:12:00,0.9435,0.9435,0.9435,0.9435,137.04
coinbase,USDCEUR,1678202100000,2023-03-07 15:15:00,0.944,0.9446,0.9435,0.9446,627.19
coinbase,USDCEUR,1678202340000,2023-03-07 15:19:00,0.9445,0.9446,0.9445,0.9446,216.72
coinbase,USDCEUR,1678202460000,2023-03-07 15:21:00,0.9436,0.9436,0.9431,0.9431,742.33
coinbase,USDCEUR,1678202580000,2023-03-07 15:23:00,0.9434,0.9434,0.9423,0.9433,210.81
coinbase,USDCEUR,1678203240000,2023-03-07 15:34:00,0.9424,0.9427,0.9423,0.9424,373.79
coinbase,USDCEUR,1678203300000,2023-03-07 15:35:00,0.9424,0.9424,0.9424,0.9424,136.95
coinbase,USDCEUR,1678203480000,2023-03-07 15:38:00,0.942,0.9426,0.942,0.9426,2501.21
coinbase,USDCEUR,1678203540000,2023-03-07 15:39:00,0.9426,0.9426,0.9423,0.9424,297.49
coinbase,USDCEUR,1678203840000,2023-03-07 15:44:00,0.9433,0.9435,0.9424,0.9424,216.6
coinbase,USDCEUR,1678204140000,2023-03-07 15:49:00,0.9432,0.9432,0.9432,0.9432,6.91
coinbase,USDCEUR,1678204200000,2023-03-07 15:50:00,0.9431,0.9433,0.943,0.9433,1321.12
coinbase,USDCEUR,1678204320000,2023-03-07 15:52:00,0.9432,0.9442,0.9432,0.9442,115.19
coinbase,USDCEUR,1678204380000,2023-03-07 15:53:00,0.9445,0.9447,0.9445,0.9447,921.85
coinbase,USDCEUR,1678204440000,2023-03-07 15:54:00,0.9449,0.945,0.9449,0.945,51200
coinbase,USDCEUR,1678204500000,2023-03-07 15:55:00,0.9451,0.9457,0.9451,0.9457,762.73
coinbase,USDCEUR,1678204560000,2023-03-07 15:56:00,0.9452,0.9452,0.9442,0.9443,410.85
coinbase,USDCEUR,1678204980000,2023-03-07 16:03:00,0.9443,0.9443,0.9433,0.9441,208.45
coinbase,USDCEUR,1678205160000,2023-03-07 16:06:00,0.9441,0.9441,0.9438,0.9438,53289.92
coinbase,USDCEUR,1678205220000,2023-03-07 16:07:00,0.9438,0.9438,0.9438,0.9438,51609.98
coinbase,USDCEUR,1678205520000,2023-03-07 16:12:00,0.9441,0.9441,0.9441,0.9441,36.34
coinbase,USDCEUR,1678205640000,2023-03-07 16:14:00,0.9441,0.945,0.9441,0.945,34.36
coinbase,USDCEUR,1678206000000,2023-03-07 16:20:00,0.945,0.945,0.9446,0.945,7994.02
coinbase,USDCEUR,1678206060000,2023-03-07 16:21:00,0.9447,0.9451,0.9445,0.9446,596.53
coinbase,USDCEUR,1678206120000,2023-03-07 16:22:00,0.9446,0.9451,0.9446,0.9451,3512.96
coinbase,USDCEUR,1678206300000,2023-03-07 16:25:00,0.9455,0.9461,0.9455,0.9461,4088.25
coinbase,USDCEUR,1678206540000,2023-03-07 16:29:00,0.946,0.946,0.9456,0.9456,206.03
coinbase,USDCEUR,1678206600000,2023-03-07 16:30:00,0.9454,0.9455,0.9454,0.9455,204.75
coinbase,USDCEUR,1678206960000,2023-03-07 16:36:00,0.9456,0.9459,0.9455,0.9455,351.47
coinbase,USDCEUR,1678207020000,2023-03-07 16:37:00,0.9456,0.9458,0.9456,0.9456,206.33
coinbase,USDCEUR,1678207140000,2023-03-07 16:39:00,0.9455,0.9456,0.9455,0.9456,204.75
coinbase,USDCEUR,1678207260000,2023-03-07 16:41:00,0.9449,0.9457,0.9449,0.9457,8.52
coinbase,USDCEUR,1678207320000,2023-03-07 16:42:00,0.9458,0.9458,0.9458,0.9458,4
coinbase,USDCEUR,1678207500000,2023-03-07 16:45:00,0.9458,0.946,0.9449,0.9449,2510.87
coinbase,USDCEUR,1678207620000,2023-03-07 16:47:00,0.9455,0.9455,0.9452,0.9452,27.1
coinbase,USDCEUR,1678207920000,2023-03-07 16:52:00,0.9452,0.9452,0.945,0.945,2987.87
coinbase,USDCEUR,1678208520000,2023-03-07 17:02:00,0.946,0.946,0.9456,0.9456,77.92
coinbase,USDCEUR,1678208760000,2023-03-07 17:06:00,0.9456,0.9456,0.9452,0.9452,584.28
coinbase,USDCEUR,1678208940000,2023-03-07 17:09:00,0.9452,0.946,0.9452,0.9453,503.18
coinbase,USDCEUR,1678209240000,2023-03-07 17:14:00,0.9453,0.9458,0.9453,0.9458,70.69
coinbase,USDCEUR,1678209420000,2023-03-07 17:17:00,0.9453,0.9454,0.9453,0.9454,70.69
coinbase,USDCEUR,1678209540000,2023-03-07 17:19:00,0.945,0.945,0.945,0.945,14.77
coinbase,USDCEUR,1678209600000,2023-03-07 17:20:00,0.945,0.9453,0.9442,0.9442,396.97
coinbase,USDCEUR,1678209960000,2023-03-07 17:26:00,0.9441,0.9441,0.9441,0.9441,9.18
coinbase,USDCEUR,1678210080000,2023-03-07 17:28:00,0.9449,0.9449,0.9443,0.9443,5.96
coinbase,USDCEUR,1678210500000,2023-03-07 17:35:00,0.9444,0.9444,0.9444,0.9444,62.78
coinbase,USDCEUR,1678210620000,2023-03-07 17:37:00,0.9445,0.945,0.9444,0.945,646.35
coinbase,USDCEUR,1678210680000,2023-03-07 17:38:00,0.9454,0.9454,0.9447,0.9447,50.4
coinbase,USDCEUR,1678210740000,2023-03-07 17:39:00,0.945,0.945,0.9447,0.9447,58.01
coinbase,USDCEUR,1678210800000,2023-03-07 17:40:00,0.9447,0.9447,0.9447,0.9447,11.81
coinbase,USDCEUR,1678210860000,2023-03-07 17:41:00,0.9454,0.9454,0.9449,0.9449,136.32
coinbase,USDCEUR,1678211040000,2023-03-07 17:44:00,0.9456,0.9456,0.9449,0.9449,39.2
coinbase,USDCEUR,1678211280000,2023-03-07 17:48:00,0.9456,0.9456,0.9456,0.9456,0.95
coinbase,USDCEUR,1678211400000,2023-03-07 17:50:00,0.9449,0.945,0.9449,0.945,27.08
coinbase,USDCEUR,1678211640000,2023-03-07 17:54:00,0.9457,0.9457,0.9452,0.9452,345.68
coinbase,USDCEUR,1678211820000,2023-03-07 17:57:00,0.9459,0.9459,0.9459,0.9459,477.24
coinbase,USDCEUR,1678212000000,2023-03-07 18:00:00,0.9455,0.9456,0.9455,0.9456,11.59
coinbase,USDCEUR,1678212180000,2023-03-07 18:03:00,0.9456,0.9456,0.9456,0.9456,31.45
coinbase,USDCEUR,1678212300000,2023-03-07 18:05:00,0.9456,0.9462,0.94,0.9462,15122.61
coinbase,USDCEUR,1678212420000,2023-03-07 18:07:00,0.9456,0.9462,0.9456,0.9458,1966.9
coinbase,USDCEUR,1678212480000,2023-03-07 18:08:00,0.9458,0.9458,0.9458,0.9458,3893.88
coinbase,USDCEUR,1678212540000,2023-03-07 18:09:00,0.946,0.9462,0.946,0.9462,1145.93
coinbase,USDCEUR,1678212720000,2023-03-07 18:12:00,0.9462,0.9463,0.9462,0.9463,15870.01
coinbase,USDCEUR,1678213080000,2023-03-07 18:18:00,0.9465,0.9465,0.9463,0.9463,2058.9
coinbase,USDCEUR,1678213680000,2023-03-07 18:28:00,0.9468,0.9468,0.9463,0.9468,349
coinbase,USDCEUR,1678214040000,2023-03-07 18:34:00,0.9466,0.9473,0.9466,0.9473,73.69
coinbase,USDCEUR,1678214160000,2023-03-07 18:36:00,0.9467,0.9467,0.9467,0.9467,19.24
coinbase,USDCEUR,1678214400000,2023-03-07 18:40:00,0.947,0.947,0.9467,0.9467,18.39
coinbase,USDCEUR,1678214460000,2023-03-07 18:41:00,0.9467,0.947,0.9466,0.9466,41.36
coinbase,USDCEUR,1678214520000,2023-03-07 18:42:00,0.947,0.947,0.9466,0.9466,213.32
coinbase,USDCEUR,1678214580000,2023-03-07 18:43:00,0.9466,0.947,0.9466,0.947,4953.9
coinbase,USDCEUR,1678214700000,2023-03-07 18:45:00,0.947,0.9473,0.947,0.947,142.33
coinbase,USDCEUR,1678214820000,2023-03-07 18:47:00,0.947,0.9473,0.947,0.9473,108.85
coinbase,USDCEUR,1678214880000,2023-03-07 18:48:00,0.947,0.9473,0.947,0.9473,76.68
coinbase,USDCEUR,1678215000000,2023-03-07 18:50:00,0.9473,0.9473,0.947,0.947,934.55
coinbase,USDCEUR,1678215060000,2023-03-07 18:51:00,0.947,0.947,0.947,0.947,78.26
coinbase,USDCEUR,1678215120000,2023-03-07 18:52:00,0.947,0.9473,0.947,0.947,111.13
coinbase,USDCEUR,1678215180000,2023-03-07 18:53:00,0.9473,0.9473,0.947,0.947,16.14
coinbase,USDCEUR,1678215240000,2023-03-07 18:54:00,0.947,0.9472,0.947,0.9472,32.11
coinbase,USDCEUR,1678215360000,2023-03-07 18:56:00,0.9473,0.9473,0.9472,0.9472,674.02
coinbase,USDCEUR,1678215600000,2023-03-07 19:00:00,0.947,0.9473,0.947,0.9473,12.33
coinbase,USDCEUR,1678215660000,2023-03-07 19:01:00,0.947,0.947,0.9469,0.9469,687.13
coinbase,USDCEUR,1678215720000,2023-03-07 19:02:00,0.9469,0.9469,0.9469,0.9469,13.7
coinbase,USDCEUR,1678215780000,2023-03-07 19:03:00,0.9469,0.9469,0.9468,0.9468,18.21
coinbase,USDCEUR,1678215840000,2023-03-07 19:04:00,0.9468,0.9473,0.9466,0.9467,487.63
coinbase,USDCEUR,1678215900000,2023-03-07 19:05:00,0.9473,0.9473,0.9467,0.9473,252.27
coinbase,USDCEUR,1678216080000,2023-03-07 19:08:00,0.9473,0.9473,0.9473,0.9473,517.95
coinbase,USDCEUR,1678216320000,2023-03-07 19:12:00,0.9473,0.9473,0.9471,0.9471,403.25
coinbase,USDCEUR,1678216380000,2023-03-07 19:13:00,0.9473,0.9473,0.9473,0.9473,833.39
coinbase,USDCEUR,1678216620000,2023-03-07 19:17:00,0.9469,0.9469,0.9469,0.9469,68.04
coinbase,USDCEUR,1678216740000,2023-03-07 19:19:00,0.9469,0.9471,0.9464,0.9471,993.15
coinbase,USDCEUR,1678216920000,2023-03-07 19:22:00,0.9471,0.9473,0.9471,0.9473,679.45
coinbase,USDCEUR,1678217160000,2023-03-07 19:26:00,0.9474,0.9474,0.9474,0.9474,17.71
coinbase,USDCEUR,1678217280000,2023-03-07 19:28:00,0.9469,0.9474,0.9469,0.9474,14.35
coinbase,USDCEUR,1678217400000,2023-03-07 19:30:00,0.9469,0.9474,0.9469,0.9474,2.62
coinbase,USDCEUR,1678217580000,2023-03-07 19:33:00,0.947,0.947,0.947,0.947,12.21
coinbase,USDCEUR,1678217760000,2023-03-07 19:36:00,0.9474,0.9475,0.9474,0.9475,3545.98
coinbase,USDCEUR,1678217880000,2023-03-07 19:38:00,0.9477,0.9477,0.9471,0.9471,70.3
coinbase,USDCEUR,1678218120000,2023-03-07 19:42:00,0.9476,0.9476,0.9476,0.9476,4.96
coinbase,USDCEUR,1678218240000,2023-03-07 19:44:00,0.9476,0.948,0.9476,0.948,83.24
coinbase,USDCEUR,1678218540000,2023-03-07 19:49:00,0.948,0.948,0.948,0.948,2.12
coinbase,USDCEUR,1678218660000,2023-03-07 19:51:00,0.948,0.948,0.948,0.948,156.07
coinbase,USDCEUR,1678218960000,2023-03-07 19:56:00,0.9476,0.9476,0.9476,0.9476,12.58
coinbase,USDCEUR,1678219080000,2023-03-07 19:58:00,0.9476,0.9476,0.9472,0.9472,216.15
coinbase,USDCEUR,1678219140000,2023-03-07 19:59:00,0.9473,0.9475,0.9473,0.9475,83.27
coinbase,USDCEUR,1678183440000,2023-03-07 10:04:00,0.9386,0.9387,0.9386,0.9386,194.29
coinbase,USDCEUR,1678183740000,2023-03-07 10:09:00,0.9382,0.9389,0.9377,0.9377,4352.08
coinbase,USDCEUR,1678183980000,2023-03-07 10:13:00,0.9377,0.9377,0.9377,0.9377,102.95
coinbase,USDCEUR,1678184220000,2023-03-07 10:17:00,0.9385,0.9386,0.9385,0.9386,511.54
coinbase,USDCEUR,1678184400000,2023-03-07 10:20:00,0.9384,0.9384,0.9384,0.9384,26.06
coinbase,USDCEUR,1678184460000,2023-03-07 10:21:00,0.9384,0.9384,0.9383,0.9384,385.97
coinbase,USDCEUR,1678184580000,2023-03-07 10:23:00,0.9383,0.9383,0.9377,0.9377,204.25
coinbase,USDCEUR,1678184640000,2023-03-07 10:24:00,0.9377,0.9382,0.9377,0.9382,72.05
coinbase,USDCEUR,1678184700000,2023-03-07 10:25:00,0.9382,0.9384,0.9382,0.9384,23.49
coinbase,USDCEUR,1678185420000,2023-03-07 10:37:00,0.9382,0.9382,0.9379,0.9379,34.76
coinbase,USDCEUR,1678185600000,2023-03-07 10:40:00,0.9379,0.9383,0.9377,0.9383,187.15
coinbase,USDCEUR,1678185720000,2023-03-07 10:42:00,0.9384,0.9384,0.9377,0.9377,61.19
coinbase,USDCEUR,1678186380000,2023-03-07 10:53:00,0.9383,0.9383,0.9377,0.9377,35.68
coinbase,USDCEUR,1678186560000,2023-03-07 10:56:00,0.9377,0.9377,0.9377,0.9377,235.91
coinbase,USDCEUR,1678186860000,2023-03-07 11:01:00,0.9383,0.9384,0.9377,0.9377,3127.45
coinbase,USDCEUR,1678187100000,2023-03-07 11:05:00,0.9382,0.9382,0.9377,0.9377,7581.23
coinbase,USDCEUR,1678187400000,2023-03-07 11:10:00,0.9382,0.9382,0.9382,0.9382,14.72
coinbase,USDCEUR,1678187580000,2023-03-07 11:13:00,0.9379,0.9379,0.9377,0.9377,481.87
coinbase,USDCEUR,1678187700000,2023-03-07 11:15:00,0.9377,0.9382,0.9377,0.9382,9.95
coinbase,USDCEUR,1678188480000,2023-03-07 11:28:00,0.938,0.938,0.9378,0.9378,1134.44
coinbase,USDCEUR,1678188660000,2023-03-07 11:31:00,0.938,0.938,0.9377,0.9377,18.85
coinbase,USDCEUR,1678189140000,2023-03-07 11:39:00,0.9377,0.938,0.9377,0.938,187.6
coinbase,USDCEUR,1678189260000,2023-03-07 11:41:00,0.938,0.9384,0.938,0.9384,1046.37
coinbase,USDCEUR,1678189380000,2023-03-07 11:43:00,0.9384,0.9384,0.9384,0.9384,274.84
coinbase,USDCEUR,1678189560000,2023-03-07 11:46:00,0.938,0.938,0.9379,0.9379,96.78
coinbase,USDCEUR,1678189860000,2023-03-07 11:51:00,0.9379,0.9384,0.9379,0.9384,5074.31
coinbase,USDCEUR,1678189980000,2023-03-07 11:53:00,0.9385,0.9388,0.9385,0.9388,72.24
coinbase,USDCEUR,1678190340000,2023-03-07 11:59:00,0.9388,0.9388,0.9388,0.9388,439.35
coinbase,USDCEUR,1678190520000,2023-03-07 12:02:00,0.9387,0.9387,0.9387,0.9387,79920.72
coinbase,USDCEUR,1678190580000,2023-03-07 12:03:00,0.9387,0.9387,0.9385,0.9385,21351.41
coinbase,USDCEUR,1678191360000,2023-03-07 12:16:00,0.9384,0.9384,0.938,0.938,212.99
coinbase,USDCEUR,1678191780000,2023-03-07 12:23:00,0.9385,0.9385,0.9383,0.9383,83.48
coinbase,USDCEUR,1678192080000,2023-03-07 12:28:00,0.9384,0.9388,0.9384,0.9388,3654.61
coinbase,USDCEUR,1678192140000,2023-03-07 12:29:00,0.9385,0.9385,0.9385,0.9385,11.39
coinbase,USDCEUR,1678192200000,2023-03-07 12:30:00,0.9389,0.9393,0.9389,0.9393,395.61
coinbase,USDCEUR,1678192320000,2023-03-07 12:32:00,0.9392,0.9393,0.9389,0.9389,499.73
coinbase,USDCEUR,1678192560000,2023-03-07 12:36:00,0.9386,0.9386,0.9386,0.9386,225.51
coinbase,USDCEUR,1678192620000,2023-03-07 12:37:00,0.9385,0.9385,0.9385,0.9385,68.29
coinbase,USDCEUR,1678192740000,2023-03-07 12:39:00,0.9384,0.9384,0.9382,0.9382,342.53
coinbase,USDCEUR,1678192980000,2023-03-07 12:43:00,0.9382,0.9384,0.9382,0.9383,952.52
coinbase,USDCEUR,1678193040000,2023-03-07 12:44:00,0.938,0.938,0.938,0.938,891.82
coinbase,USDCEUR,1678193280000,2023-03-07 12:48:00,0.9382,0.9382,0.9381,0.9381,227.56
coinbase,USDCEUR,1678193460000,2023-03-07 12:51:00,0.938,0.938,0.938,0.938,135.33
coinbase,USDCEUR,1678193580000,2023-03-07 12:53:00,0.9379,0.9379,0.9379,0.9379,375.43
coinbase,USDCEUR,1678193700000,2023-03-07 12:55:00,0.9378,0.9378,0.9374,0.9374,1479.26
coinbase,USDCEUR,1678193760000,2023-03-07 12:56:00,0.9377,0.9377,0.9377,0.9377,68.29
coinbase,USDCEUR,1678193820000,2023-03-07 12:57:00,0.9377,0.9378,0.9377,0.9378,251.74
coinbase,USDCEUR,1678194060000,2023-03-07 13:01:00,0.9377,0.9377,0.9375,0.9375,23.99
coinbase,USDCEUR,1678194120000,2023-03-07 13:02:00,0.9375,0.9377,0.9375,0.9377,68.49
coinbase,USDCEUR,1678194240000,2023-03-07 13:04:00,0.9378,0.9378,0.9377,0.9377,158.04
coinbase,USDCEUR,1678194480000,2023-03-07 13:08:00,0.9375,0.938,0.9375,0.938,17.89
coinbase,USDCEUR,1678194720000,2023-03-07 13:12:00,0.9375,0.9375,0.9375,0.9375,7.86
coinbase,USDCEUR,1678195260000,2023-03-07 13:21:00,0.9375,0.9375,0.9375,0.9375,107.13
coinbase,USDCEUR,1678195380000,2023-03-07 13:23:00,0.9375,0.9379,0.9372,0.9379,472.32
coinbase,USDCEUR,1678195740000,2023-03-07 13:29:00,0.9378,0.9379,0.9374,0.9374,615.17
coinbase,USDCEUR,1678195800000,2023-03-07 13:30:00,0.9378,0.9378,0.9378,0.9378,68.34
coinbase,USDCEUR,1678195860000,2023-03-07 13:31:00,0.9378,0.9378,0.9378,0.9378,205.02
coinbase,USDCEUR,1678195980000,2023-03-07 13:33:00,0.9378,0.9381,0.9378,0.9381,425.65
coinbase,USDCEUR,1678196100000,2023-03-07 13:35:00,0.9381,0.9383,0.9381,0.9383,186.14
coinbase,USDCEUR,1678196340000,2023-03-07 13:39:00,0.9377,0.9382,0.9377,0.9382,42.75
coinbase,USDCEUR,1678196520000,2023-03-07 13:42:00,0.9377,0.9382,0.9377,0.9382,4.06
coinbase,USDCEUR,1678197180000,2023-03-07 13:53:00,0.9384,0.9386,0.9384,0.9386,23298.56
coinbase,USDCEUR,1678197300000,2023-03-07 13:55:00,0.9386,0.9387,0.9386,0.9387,31915.36
coinbase,USDCEUR,1678197660000,2023-03-07 14:01:00,0.9387,0.9387,0.9387,0.9387,3.95
coinbase,USDCEUR,1678197780000,2023-03-07 14:03:00,0.9387,0.939,0.9387,0.939,351.3
coinbase,USDCEUR,1678197840000,2023-03-07 14:04:00,0.939,0.9391,0.939,0.9391,9.5
coinbase,USDCEUR,1678197900000,2023-03-07 14:05:00,0.9386,0.9391,0.9384,0.9384,355.95
coinbase,USDCEUR,1678197960000,2023-03-07 14:06:00,0.9385,0.9385,0.9384,0.9384,203.14
coinbase,USDCEUR,1678198020000,2023-03-07 14:07:00,0.9385,0.9386,0.9383,0.9386,282.79
coinbase,USDCEUR,1678198620000,2023-03-07 14:17:00,0.9391,0.9391,0.9389,0.9389,354.42
coinbase,USDCEUR,1678198980000,2023-03-07 14:23:00,0.9391,0.9392,0.9387,0.9387,24.86
coinbase,USDCEUR,1678199040000,2023-03-07 14:24:00,0.9392,0.9392,0.9392,0.9392,2.42
coinbase,USDCEUR,1678199160000,2023-03-07 14:26:00,0.9391,0.9392,0.9391,0.9392,20.79
coinbase,USDCEUR,1678199340000,2023-03-07 14:29:00,0.9388,0.9388,0.9388,0.9388,11.79
coinbase,USDCEUR,1678199460000,2023-03-07 14:31:00,0.9388,0.9388,0.9388,0.9388,368.62
coinbase,USDCEUR,1678199580000,2023-03-07 14:33:00,0.9392,0.9392,0.9392,0.9392,9.51
coinbase,USDCEUR,1678199640000,2023-03-07 14:34:00,0.9388,0.9388,0.9388,0.9388,6.43
coinbase,USDCEUR,1678199700000,2023-03-07 14:35:00,0.9392,0.9392,0.9388,0.9388,45.41
coinbase,USDCEUR,1678199760000,2023-03-07 14:36:00,0.9388,0.9391,0.9388,0.9391,110.63
coinbase,USDCEUR,1678199820000,2023-03-07 14:37:00,0.9392,0.9392,0.9391,0.9391,46.66
coinbase,USDCEUR,1678199940000,2023-03-07 14:39:00,0.9392,0.9392,0.9392,0.9392,430.35
coinbase,USDCEUR,1678200000000,2023-03-07 14:40:00,0.9392,0.9396,0.9392,0.9396,919.66
coinbase,USDCEUR,1678200120000,2023-03-07 14:42:00,0.9393,0.9399,0.9393,0.9398,32.17
coinbase,USDCEUR,1678200360000,2023-03-07 14:46:00,0.9398,0.94,0.9398,0.94,569.84
coinbase,USDCEUR,1678200600000,2023-03-07 14:50:00,0.9395,0.9396,0.9395,0.9396,70.09
coinbase,USDCEUR,1678200660000,2023-03-07 14:51:00,0.9396,0.9396,0.9396,0.9396,68.66
coinbase,USDCEUR,1678200720000,2023-03-07 14:52:00,0.9394,0.9395,0.9394,0.9395,82.58
coinbase,USDCEUR,1678200780000,2023-03-07 14:53:00,0.9394,0.9394,0.9393,0.9393,269.02
coinbase,USDCEUR,1678200900000,2023-03-07 14:55:00,0.9393,0.9394,0.939,0.939,634.92
coinbase,USDCEUR,1678201080000,2023-03-07 14:58:00,0.9395,0.9395,0.9395,0.9395,68.62
coinbase,USDCEUR,1678201200000,2023-03-07 15:00:00,0.9399,0.9414,0.9399,0.9413,5923.96
coinbase,USDCEUR,1678165320000,2023-03-07 05:02:00,0.935,0.935,0.935,0.935,84.64
coinbase,USDCEUR,1678165440000,2023-03-07 05:04:00,0.935,0.935,0.935,0.935,448.02
coinbase,USDCEUR,1678165500000,2023-03-07 05:05:00,0.935,0.935,0.935,0.935,57.41
coinbase,USDCEUR,1678165560000,2023-03-07 05:06:00,0.935,0.935,0.935,0.935,38.47
coinbase,USDCEUR,1678165620000,2023-03-07 05:07:00,0.935,0.935,0.935,0.935,80.91
coinbase,USDCEUR,1678165740000,2023-03-07 05:09:00,0.935,0.935,0.9348,0.9348,112.11
coinbase,USDCEUR,1678165800000,2023-03-07 05:10:00,0.9348,0.9348,0.9347,0.9347,124.42
coinbase,USDCEUR,1678165920000,2023-03-07 05:12:00,0.9352,0.9357,0.9352,0.9357,445.23
coinbase,USDCEUR,1678166280000,2023-03-07 05:18:00,0.9356,0.9356,0.9356,0.9356,21.46
coinbase,USDCEUR,1678166460000,2023-03-07 05:21:00,0.9356,0.9356,0.9356,0.9356,73.64
coinbase,USDCEUR,1678167360000,2023-03-07 05:36:00,0.9356,0.9364,0.9356,0.9358,9079.72
coinbase,USDCEUR,1678167960000,2023-03-07 05:46:00,0.9358,0.9358,0.9358,0.9358,342.4
coinbase,USDCEUR,1678168080000,2023-03-07 05:48:00,0.9356,0.9356,0.9356,0.9356,347.64
coinbase,USDCEUR,1678168140000,2023-03-07 05:49:00,0.9356,0.9356,0.9356,0.9356,324.7
coinbase,USDCEUR,1678168200000,2023-03-07 05:50:00,0.9356,0.9356,0.9356,0.9356,35.23
coinbase,USDCEUR,1678168380000,2023-03-07 05:53:00,0.9356,0.9356,0.9356,0.9356,30.05
coinbase,USDCEUR,1678168560000,2023-03-07 05:56:00,0.9362,0.9362,0.9356,0.9356,90.96
coinbase,USDCEUR,1678168800000,2023-03-07 06:00:00,0.9356,0.9362,0.9356,0.9362,19.9
coinbase,USDCEUR,1678169040000,2023-03-07 06:04:00,0.9356,0.9356,0.9356,0.9356,152.2
coinbase,USDCEUR,1678169100000,2023-03-07 06:05:00,0.9356,0.936,0.9356,0.936,533.08
coinbase,USDCEUR,1678169160000,2023-03-07 06:06:00,0.936,0.936,0.936,0.936,136.94
coinbase,USDCEUR,1678169220000,2023-03-07 06:07:00,0.936,0.936,0.936,0.936,68.47
coinbase,USDCEUR,1678169280000,2023-03-07 06:08:00,0.936,0.936,0.9356,0.9356,99.42
coinbase,USDCEUR,1678169340000,2023-03-07 06:09:00,0.9356,0.936,0.9356,0.936,72.29
coinbase,USDCEUR,1678169400000,2023-03-07 06:10:00,0.936,0.9362,0.936,0.9362,93.07
coinbase,USDCEUR,1678169460000,2023-03-07 06:11:00,0.9362,0.9362,0.9356,0.9356,311.88
coinbase,USDCEUR,1678169580000,2023-03-07 06:13:00,0.9356,0.9362,0.9356,0.9356,268.02
coinbase,USDCEUR,1678169640000,2023-03-07 06:14:00,0.9362,0.9362,0.9356,0.9362,236.94
coinbase,USDCEUR,1678169760000,2023-03-07 06:16:00,0.9356,0.9363,0.9356,0.9363,59.55
coinbase,USDCEUR,1678169880000,2023-03-07 06:18:00,0.9364,0.9364,0.9364,0.9364,7.07
coinbase,USDCEUR,1678170180000,2023-03-07 06:23:00,0.9364,0.9364,0.9364,0.9364,5538.27
coinbase,USDCEUR,1678170660000,2023-03-07 06:31:00,0.9368,0.9368,0.9368,0.9368,6.74
coinbase,USDCEUR,1678170720000,2023-03-07 06:32:00,0.9365,0.9367,0.9365,0.9367,148.39
coinbase,USDCEUR,1678170960000,2023-03-07 06:36:00,0.9365,0.9365,0.9365,0.9365,136.92
coinbase,USDCEUR,1678171260000,2023-03-07 06:41:00,0.9367,0.9368,0.9367,0.9368,316.91
coinbase,USDCEUR,1678171380000,2023-03-07 06:43:00,0.9367,0.9367,0.9367,0.9367,1.39
coinbase,USDCEUR,1678171440000,2023-03-07 06:44:00,0.9368,0.9369,0.9368,0.9369,11.47
coinbase,USDCEUR,1678171560000,2023-03-07 06:46:00,0.9369,0.937,0.9369,0.937,109.69
coinbase,USDCEUR,1678172100000,2023-03-07 06:55:00,0.937,0.937,0.9366,0.9366,21.47
coinbase,USDCEUR,1678172220000,2023-03-07 06:57:00,0.9366,0.9366,0.9366,0.9366,14.62
coinbase,USDCEUR,1678172400000,2023-03-07 07:00:00,0.937,0.937,0.937,0.937,1.25
coinbase,USDCEUR,1678172520000,2023-03-07 07:02:00,0.9366,0.9366,0.9366,0.9366,106.13
coinbase,USDCEUR,1678172700000,2023-03-07 07:05:00,0.9366,0.9379,0.9365,0.9379,3100.56
coinbase,USDCEUR,1678172760000,2023-03-07 07:06:00,0.9371,0.9373,0.9367,0.9373,1342.82
coinbase,USDCEUR,1678172940000,2023-03-07 07:09:00,0.9367,0.9367,0.9367,0.9367,342.15
coinbase,USDCEUR,1678173120000,2023-03-07 07:12:00,0.9367,0.9367,0.9367,0.9367,136.86
coinbase,USDCEUR,1678173180000,2023-03-07 07:13:00,0.9367,0.9367,0.9364,0.9364,889.74
coinbase,USDCEUR,1678173240000,2023-03-07 07:14:00,0.9365,0.9365,0.9363,0.9364,843.71
coinbase,USDCEUR,1678173780000,2023-03-07 07:23:00,0.9364,0.9366,0.936,0.936,413.65
coinbase,USDCEUR,1678173960000,2023-03-07 07:26:00,0.9359,0.9365,0.9359,0.9365,1810.63
coinbase,USDCEUR,1678174320000,2023-03-07 07:32:00,0.9359,0.9363,0.9359,0.9363,138.91
coinbase,USDCEUR,1678174440000,2023-03-07 07:34:00,0.9356,0.936,0.9355,0.936,1749.03
coinbase,USDCEUR,1678174800000,2023-03-07 07:40:00,0.936,0.936,0.936,0.936,20.4
coinbase,USDCEUR,1678175820000,2023-03-07 07:57:00,0.936,0.936,0.936,0.936,19.79
coinbase,USDCEUR,1678176060000,2023-03-07 08:01:00,0.936,0.936,0.936,0.936,295.13
coinbase,USDCEUR,1678176300000,2023-03-07 08:05:00,0.9356,0.9364,0.9356,0.9364,771.83
coinbase,USDCEUR,1678176660000,2023-03-07 08:11:00,0.9364,0.9366,0.9364,0.9366,1078.57
coinbase,USDCEUR,1678176780000,2023-03-07 08:13:00,0.9365,0.9365,0.9365,0.9365,273.88
coinbase,USDCEUR,1678176840000,2023-03-07 08:14:00,0.9365,0.9365,0.9365,0.9365,68.47
coinbase,USDCEUR,1678176900000,2023-03-07 08:15:00,0.9365,0.9368,0.9365,0.9368,136.9
coinbase,USDCEUR,1678177740000,2023-03-07 08:29:00,0.9376,0.9376,0.9372,0.9372,78.46
coinbase,USDCEUR,1678177860000,2023-03-07 08:31:00,0.9365,0.9365,0.9364,0.9365,187.99
coinbase,USDCEUR,1678178280000,2023-03-07 08:38:00,0.9372,0.9372,0.9369,0.9369,445.58
coinbase,USDCEUR,1678178340000,2023-03-07 08:39:00,0.9372,0.9372,0.9372,0.9372,24.45
coinbase,USDCEUR,1678178460000,2023-03-07 08:41:00,0.9373,0.9373,0.9365,0.9365,17.23
coinbase,USDCEUR,1678178580000,2023-03-07 08:43:00,0.9372,0.9372,0.9363,0.9363,28174.93
coinbase,USDCEUR,1678178940000,2023-03-07 08:49:00,0.9363,0.9372,0.9363,0.9372,73
coinbase,USDCEUR,1678179060000,2023-03-07 08:51:00,0.9372,0.9372,0.9372,0.9372,76.35
coinbase,USDCEUR,1678179600000,2023-03-07 09:00:00,0.9369,0.9372,0.9369,0.9372,139.89
coinbase,USDCEUR,1678179660000,2023-03-07 09:01:00,0.9373,0.9373,0.9371,0.9372,13543.97
coinbase,USDCEUR,1678179780000,2023-03-07 09:03:00,0.9374,0.9375,0.9374,0.9375,293.5
coinbase,USDCEUR,1678179840000,2023-03-07 09:04:00,0.9375,0.9378,0.9375,0.9378,77.54
coinbase,USDCEUR,1678179960000,2023-03-07 09:06:00,0.9377,0.9379,0.9377,0.9379,26413.75
coinbase,USDCEUR,1678180080000,2023-03-07 09:08:00,0.9375,0.9375,0.9375,0.9375,23.69
coinbase,USDCEUR,1678180320000,2023-03-07 09:12:00,0.9379,0.9379,0.9375,0.9376,329.62
coinbase,USDCEUR,1678180620000,2023-03-07 09:17:00,0.9382,0.9382,0.9382,0.9382,5.72
coinbase,USDCEUR,1678180740000,2023-03-07 09:19:00,0.9383,0.9384,0.9383,0.9384,20.18
coinbase,USDCEUR,1678181100000,2023-03-07 09:25:00,0.9379,0.9384,0.9379,0.9384,48.55
coinbase,USDCEUR,1678181160000,2023-03-07 09:26:00,0.9384,0.9384,0.9384,0.9384,46.83
coinbase,USDCEUR,1678181280000,2023-03-07 09:28:00,0.9384,0.9384,0.9378,0.9378,65.82
coinbase,USDCEUR,1678181520000,2023-03-07 09:32:00,0.9381,0.9381,0.9375,0.9375,7993.86
coinbase,USDCEUR,1678181640000,2023-03-07 09:34:00,0.938,0.938,0.9377,0.9377,987.26
coinbase,USDCEUR,1678182180000,2023-03-07 09:43:00,0.938,0.9381,0.938,0.9381,178.88
coinbase,USDCEUR,1678182360000,2023-03-07 09:46:00,0.9381,0.9388,0.9377,0.9377,2197.15
coinbase,USDCEUR,1678182480000,2023-03-07 09:48:00,0.9377,0.9377,0.9377,0.9377,18.86
coinbase,USDCEUR,1678147320000,2023-03-07 00:02:00,0.9364,0.9364,0.9364,0.9364,85.97
coinbase,USDCEUR,1678147380000,2023-03-07 00:03:00,0.9364,0.9364,0.9359,0.9359,13.8
coinbase,USDCEUR,1678147980000,2023-03-07 00:13:00,0.9364,0.9364,0.9364,0.9364,30.02
coinbase,USDCEUR,1678148280000,2023-03-07 00:18:00,0.9364,0.9364,0.9359,0.9359,29.69
coinbase,USDCEUR,1678148340000,2023-03-07 00:19:00,0.9359,0.9366,0.9359,0.9366,835.94
coinbase,USDCEUR,1678149000000,2023-03-07 00:30:00,0.9359,0.9365,0.9359,0.9364,679.08
coinbase,USDCEUR,1678149060000,2023-03-07 00:31:00,0.9364,0.9364,0.9357,0.9357,127.81
coinbase,USDCEUR,1678149120000,2023-03-07 00:32:00,0.9357,0.9364,0.9355,0.9355,1236.81
coinbase,USDCEUR,1678149180000,2023-03-07 00:33:00,0.9356,0.9356,0.9355,0.9355,1461.41
coinbase,USDCEUR,1678149240000,2023-03-07 00:34:00,0.9355,0.9363,0.9354,0.9363,754.91
coinbase,USDCEUR,1678149720000,2023-03-07 00:42:00,0.9363,0.9363,0.9355,0.9355,352.86
coinbase,USDCEUR,1678149960000,2023-03-07 00:46:00,0.9363,0.9364,0.9355,0.9355,192.46
coinbase,USDCEUR,1678150140000,2023-03-07 00:49:00,0.9364,0.9364,0.9364,0.9364,94.49
coinbase,USDCEUR,1678150440000,2023-03-07 00:54:00,0.9364,0.9364,0.9364,0.9364,644.33
coinbase,USDCEUR,1678150860000,2023-03-07 01:01:00,0.9364,0.9364,0.9364,0.9364,547.88
coinbase,USDCEUR,1678150920000,2023-03-07 01:02:00,0.9364,0.9364,0.9364,0.9364,205.44
coinbase,USDCEUR,1678150980000,2023-03-07 01:03:00,0.9365,0.9365,0.9364,0.9364,951.09
coinbase,USDCEUR,1678151280000,2023-03-07 01:08:00,0.9364,0.9364,0.9364,0.9364,136.96
coinbase,USDCEUR,1678151460000,2023-03-07 01:11:00,0.9364,0.9364,0.936,0.936,572.44
coinbase,USDCEUR,1678153620000,2023-03-07 01:47:00,0.9364,0.9364,0.936,0.936,417.52
coinbase,USDCEUR,1678154160000,2023-03-07 01:56:00,0.9355,0.936,0.9355,0.936,34.33
coinbase,USDCEUR,1678154460000,2023-03-07 02:01:00,0.936,0.936,0.936,0.936,11.55
coinbase,USDCEUR,1678154580000,2023-03-07 02:03:00,0.936,0.936,0.9355,0.9355,10.82
coinbase,USDCEUR,1678155360000,2023-03-07 02:16:00,0.936,0.9361,0.9355,0.9355,165.13
coinbase,USDCEUR,1678155420000,2023-03-07 02:17:00,0.936,0.936,0.936,0.936,23.69
coinbase,USDCEUR,1678156380000,2023-03-07 02:33:00,0.936,0.9361,0.936,0.9361,78.89
coinbase,USDCEUR,1678156560000,2023-03-07 02:36:00,0.9361,0.9361,0.9361,0.9361,52.17
coinbase,USDCEUR,1678156920000,2023-03-07 02:42:00,0.9356,0.9356,0.9356,0.9356,23.69
coinbase,USDCEUR,1678157520000,2023-03-07 02:52:00,0.9356,0.9356,0.9355,0.9355,742.1
coinbase,USDCEUR,1678158780000,2023-03-07 03:13:00,0.9359,0.9359,0.9358,0.9358,206.87
coinbase,USDCEUR,1678159860000,2023-03-07 03:31:00,0.9358,0.9361,0.9358,0.9361,530.48
coinbase,USDCEUR,1678160460000,2023-03-07 03:41:00,0.9355,0.9361,0.9355,0.9361,118.34
coinbase,USDCEUR,1678161480000,2023-03-07 03:58:00,0.9355,0.9359,0.9354,0.9359,44729.27
coinbase,USDCEUR,1678161900000,2023-03-07 04:05:00,0.9358,0.9358,0.9358,0.9358,128.61
coinbase,USDCEUR,1678163040000,2023-03-07 04:24:00,0.9358,0.9358,0.9358,0.9358,2.24
coinbase,USDCEUR,1678163520000,2023-03-07 04:32:00,0.9355,0.9355,0.9353,0.9353,152.1
coinbase,USDCEUR,1678163760000,2023-03-07 04:36:00,0.9353,0.9353,0.9352,0.9352,141.22
coinbase,USDCEUR,1678163880000,2023-03-07 04:38:00,0.9352,0.9352,0.9352,0.9352,28.22
coinbase,USDCEUR,1678164060000,2023-03-07 04:41:00,0.9352,0.9352,0.935,0.935,108.35
coinbase,USDCEUR,1678164120000,2023-03-07 04:42:00,0.935,0.935,0.935,0.935,97.61
coinbase,USDCEUR,1678164240000,2023-03-07 04:44:00,0.935,0.935,0.935,0.935,149.11
coinbase,USDCEUR,1678164480000,2023-03-07 04:48:00,0.935,0.935,0.935,0.935,37.55
coinbase,USDCEUR,1678164660000,2023-03-07 04:51:00,0.935,0.935,0.935,0.935,30.23
coinbase,USDCEUR,1678164720000,2023-03-07 04:52:00,0.935,0.9354,0.935,0.9354,52.32
coinbase,USDCEUR,1678164900000,2023-03-07 04:55:00,0.935,0.935,0.935,0.935,57.37
coinbase,USDCEUR,1678129800000,2023-03-06 19:10:00,0.9373,0.9377,0.9373,0.9377,4766.88
coinbase,USDCEUR,1678129980000,2023-03-06 19:13:00,0.9369,0.9376,0.9369,0.9376,38.79
coinbase,USDCEUR,1678130760000,2023-03-06 19:26:00,0.9376,0.938,0.9375,0.9375,474.84
coinbase,USDCEUR,1678131540000,2023-03-06 19:39:00,0.9372,0.9372,0.9372,0.9372,168.41
coinbase,USDCEUR,1678132440000,2023-03-06 19:54:00,0.9378,0.9378,0.9378,0.9378,54.89
coinbase,USDCEUR,1678132500000,2023-03-06 19:55:00,0.9374,0.9374,0.9373,0.9373,1174.09
coinbase,USDCEUR,1678132680000,2023-03-06 19:58:00,0.9377,0.9377,0.9376,0.9376,3.56
coinbase,USDCEUR,1678133220000,2023-03-06 20:07:00,0.9369,0.9374,0.9369,0.9374,3.36
coinbase,USDCEUR,1678134000000,2023-03-06 20:20:00,0.9374,0.9374,0.9371,0.9371,36004.2
coinbase,USDCEUR,1678134540000,2023-03-06 20:29:00,0.937,0.937,0.9369,0.9369,543.32
coinbase,USDCEUR,1678134780000,2023-03-06 20:33:00,0.9373,0.9373,0.9373,0.9373,121.15
coinbase,USDCEUR,1678135680000,2023-03-06 20:48:00,0.9373,0.9373,0.9373,0.9373,6.71
coinbase,USDCEUR,1678137120000,2023-03-06 21:12:00,0.9366,0.9369,0.9366,0.9369,67.5
coinbase,USDCEUR,1678137600000,2023-03-06 21:20:00,0.9366,0.937,0.9366,0.937,702.65
coinbase,USDCEUR,1678137900000,2023-03-06 21:25:00,0.9368,0.9368,0.9366,0.9366,1475.88
coinbase,USDCEUR,1678138260000,2023-03-06 21:31:00,0.9367,0.9367,0.9364,0.9364,11839.28
coinbase,USDCEUR,1678138860000,2023-03-06 21:41:00,0.9369,0.9369,0.9363,0.9363,60.03
coinbase,USDCEUR,1678139340000,2023-03-06 21:49:00,0.9363,0.9368,0.9363,0.9368,8.92
coinbase,USDCEUR,1678139580000,2023-03-06 21:53:00,0.9367,0.9367,0.9364,0.9364,76.8
coinbase,USDCEUR,1678139700000,2023-03-06 21:55:00,0.9367,0.9367,0.9362,0.9362,104.9
coinbase,USDCEUR,1678139940000,2023-03-06 21:59:00,0.9366,0.9367,0.9357,0.9357,1121.61
coinbase,USDCEUR,1678140300000,2023-03-06 22:05:00,0.9364,0.9366,0.9358,0.9365,2284.45
coinbase,USDCEUR,1678140360000,2023-03-06 22:06:00,0.9364,0.9364,0.9364,0.9364,68.44
coinbase,USDCEUR,1678140420000,2023-03-06 22:07:00,0.9357,0.9365,0.9357,0.9364,1586.02
coinbase,USDCEUR,1678140480000,2023-03-06 22:08:00,0.9364,0.9373,0.9357,0.9373,13917.24
coinbase,USDCEUR,1678140600000,2023-03-06 22:10:00,0.937,0.937,0.937,0.937,9.93
coinbase,USDCEUR,1678140720000,2023-03-06 22:12:00,0.9361,0.9361,0.9361,0.9361,5500
coinbase,USDCEUR,1678140780000,2023-03-06 22:13:00,0.9362,0.9363,0.9362,0.9363,5834.88
coinbase,USDCEUR,1678140900000,2023-03-06 22:15:00,0.9362,0.9363,0.9358,0.9363,20304.22
coinbase,USDCEUR,1678140960000,2023-03-06 22:16:00,0.9362,0.9363,0.9357,0.9363,26929.37
coinbase,USDCEUR,1678141020000,2023-03-06 22:17:00,0.9358,0.937,0.9357,0.936,42251.51
coinbase,USDCEUR,1678141140000,2023-03-06 22:19:00,0.9362,0.9362,0.936,0.936,15005.33
coinbase,USDCEUR,1678141200000,2023-03-06 22:20:00,0.9362,0.9363,0.9362,0.9363,30000.91
coinbase,USDCEUR,1678141260000,2023-03-06 22:21:00,0.9357,0.9357,0.9357,0.9357,16.52
coinbase,USDCEUR,1678141320000,2023-03-06 22:22:00,0.9357,0.9361,0.9357,0.936,5055.91
coinbase,USDCEUR,1678141440000,2023-03-06 22:24:00,0.9361,0.9361,0.9361,0.9361,1205.44
coinbase,USDCEUR,1678141500000,2023-03-06 22:25:00,0.9361,0.9363,0.9361,0.9363,16373.01
coinbase,USDCEUR,1678141740000,2023-03-06 22:29:00,0.936,0.936,0.936,0.936,4300
coinbase,USDCEUR,1678141800000,2023-03-06 22:30:00,0.936,0.9361,0.936,0.9361,611.68
coinbase,USDCEUR,1678142100000,2023-03-06 22:35:00,0.9361,0.9363,0.9361,0.9363,2125.28
coinbase,USDCEUR,1678142400000,2023-03-06 22:40:00,0.9366,0.9367,0.9366,0.9366,112.32
coinbase,USDCEUR,1678142460000,2023-03-06 22:41:00,0.9362,0.9362,0.9362,0.9362,55
coinbase,USDCEUR,1678142640000,2023-03-06 22:44:00,0.9365,0.9365,0.9365,0.9365,160.01
coinbase,USDCEUR,1678142700000,2023-03-06 22:45:00,0.9363,0.9365,0.9363,0.9365,119.76
coinbase,USDCEUR,1678143060000,2023-03-06 22:51:00,0.9362,0.9362,0.9362,0.9362,64.85
coinbase,USDCEUR,1678143660000,2023-03-06 23:01:00,0.9363,0.9363,0.9363,0.9363,52.53
coinbase,USDCEUR,1678144320000,2023-03-06 23:12:00,0.9362,0.9362,0.9357,0.9357,10672.87
coinbase,USDCEUR,1678144800000,2023-03-06 23:20:00,0.9357,0.9361,0.9357,0.9361,108.07
coinbase,USDCEUR,1678145040000,2023-03-06 23:24:00,0.9357,0.9362,0.9357,0.9362,77.58
coinbase,USDCEUR,1678145400000,2023-03-06 23:30:00,0.9362,0.9362,0.9362,0.9362,33.58
coinbase,USDCEUR,1678145460000,2023-03-06 23:31:00,0.9362,0.9366,0.9362,0.9366,533.44
coinbase,USDCEUR,1678145520000,2023-03-06 23:32:00,0.9361,0.9365,0.9359,0.9359,374.38
coinbase,USDCEUR,1678145880000,2023-03-06 23:38:00,0.9364,0.9365,0.9364,0.9364,120.37
coinbase,USDCEUR,1678146540000,2023-03-06 23:49:00,0.9359,0.9359,0.9359,0.9359,136.95
coinbase,USDCEUR,1678146900000,2023-03-06 23:55:00,0.9364,0.9364,0.9363,0.9363,13.69
coinbase,USDCEUR,1678111320000,2023-03-06 14:02:00,0.9391,0.9391,0.9391,0.9391,7.71
coinbase,USDCEUR,1678111740000,2023-03-06 14:09:00,0.9387,0.9387,0.9387,0.9387,106.5
coinbase,USDCEUR,1678111920000,2023-03-06 14:12:00,0.9388,0.9388,0.9387,0.9387,1570.33
coinbase,USDCEUR,1678111980000,2023-03-06 14:13:00,0.9388,0.9388,0.9386,0.9386,5985.96
coinbase,USDCEUR,1678112520000,2023-03-06 14:22:00,0.9385,0.9385,0.9383,0.9383,342.77
coinbase,USDCEUR,1678112640000,2023-03-06 14:24:00,0.9382,0.9385,0.9382,0.9385,72.5
coinbase,USDCEUR,1678113060000,2023-03-06 14:31:00,0.9385,0.9389,0.9385,0.9389,731.32
coinbase,USDCEUR,1678113240000,2023-03-06 14:34:00,0.9386,0.9388,0.9386,0.9388,166.57
coinbase,USDCEUR,1678113300000,2023-03-06 14:35:00,0.9386,0.9386,0.9383,0.9383,205.21
coinbase,USDCEUR,1678113480000,2023-03-06 14:38:00,0.938,0.9383,0.938,0.9383,871.66
coinbase,USDCEUR,1678113540000,2023-03-06 14:39:00,0.9378,0.9381,0.9377,0.9377,1599.22
coinbase,USDCEUR,1678113780000,2023-03-06 14:43:00,0.9377,0.9384,0.9375,0.9384,1833.41
coinbase,USDCEUR,1678114260000,2023-03-06 14:51:00,0.9375,0.9383,0.9375,0.9383,12.98
coinbase,USDCEUR,1678114920000,2023-03-06 15:02:00,0.9383,0.9383,0.9375,0.9375,537.08
coinbase,USDCEUR,1678114980000,2023-03-06 15:03:00,0.9378,0.9378,0.9378,0.9378,104.44
coinbase,USDCEUR,1678115040000,2023-03-06 15:04:00,0.9374,0.9374,0.9372,0.9372,204.6
coinbase,USDCEUR,1678115280000,2023-03-06 15:08:00,0.9374,0.9374,0.9369,0.9369,69.52
coinbase,USDCEUR,1678115400000,2023-03-06 15:10:00,0.9364,0.9372,0.9363,0.9372,1629.28
coinbase,USDCEUR,1678115520000,2023-03-06 15:12:00,0.9366,0.9366,0.9362,0.9362,12.01
coinbase,USDCEUR,1678115580000,2023-03-06 15:13:00,0.9365,0.9365,0.9365,0.9365,68.35
coinbase,USDCEUR,1678115640000,2023-03-06 15:14:00,0.9365,0.9372,0.9365,0.9372,361.86
coinbase,USDCEUR,1678116180000,2023-03-06 15:23:00,0.9369,0.9374,0.9369,0.9374,480.64
coinbase,USDCEUR,1678116600000,2023-03-06 15:30:00,0.9369,0.9374,0.9369,0.9374,271.62
coinbase,USDCEUR,1678117020000,2023-03-06 15:37:00,0.9374,0.9374,0.9371,0.9371,50022.47
coinbase,USDCEUR,1678117380000,2023-03-06 15:43:00,0.9367,0.9367,0.9365,0.9365,205.06
coinbase,USDCEUR,1678117620000,2023-03-06 15:47:00,0.9363,0.9363,0.9363,0.9363,50
coinbase,USDCEUR,1678117740000,2023-03-06 15:49:00,0.9365,0.9365,0.9365,0.9365,1160
coinbase,USDCEUR,1678117860000,2023-03-06 15:51:00,0.9366,0.9366,0.9363,0.9363,293.48
coinbase,USDCEUR,1678117980000,2023-03-06 15:53:00,0.9366,0.9366,0.9366,0.9366,66.7
coinbase,USDCEUR,1678118160000,2023-03-06 15:56:00,0.9368,0.9368,0.9368,0.9368,32.76
coinbase,USDCEUR,1678118220000,2023-03-06 15:57:00,0.9364,0.9367,0.9364,0.9367,142.08
coinbase,USDCEUR,1678118340000,2023-03-06 15:59:00,0.9367,0.9367,0.9367,0.9367,205.2
coinbase,USDCEUR,1678118400000,2023-03-06 16:00:00,0.9369,0.9373,0.9367,0.9367,467.98
coinbase,USDCEUR,1678118880000,2023-03-06 16:08:00,0.9367,0.9367,0.9364,0.9364,271.62
coinbase,USDCEUR,1678119180000,2023-03-06 16:13:00,0.9361,0.9361,0.9361,0.9361,12.77
coinbase,USDCEUR,1678119360000,2023-03-06 16:16:00,0.9366,0.9366,0.9362,0.9365,481.3
coinbase,USDCEUR,1678119420000,2023-03-06 16:17:00,0.9365,0.9384,0.9365,0.9365,4322.16
coinbase,USDCEUR,1678119900000,2023-03-06 16:25:00,0.9369,0.9374,0.9369,0.9374,201.31
coinbase,USDCEUR,1678120080000,2023-03-06 16:28:00,0.9368,0.9368,0.9368,0.9368,2.98
coinbase,USDCEUR,1678120140000,2023-03-06 16:29:00,0.937,0.9372,0.937,0.9372,241.41
coinbase,USDCEUR,1678120380000,2023-03-06 16:33:00,0.9373,0.9373,0.9369,0.9369,1940.1
coinbase,USDCEUR,1678121040000,2023-03-06 16:44:00,0.9365,0.9372,0.9365,0.9372,268.62
coinbase,USDCEUR,1678121340000,2023-03-06 16:49:00,0.9365,0.9371,0.9365,0.9371,229.16
coinbase,USDCEUR,1678121640000,2023-03-06 16:54:00,0.9363,0.9363,0.9362,0.9362,1707.49
coinbase,USDCEUR,1678121760000,2023-03-06 16:56:00,0.9361,0.9361,0.9361,0.9361,3.58
coinbase,USDCEUR,1678121820000,2023-03-06 16:57:00,0.9361,0.9361,0.9361,0.9361,64.82
coinbase,USDCEUR,1678121880000,2023-03-06 16:58:00,0.936,0.936,0.9359,0.9359,405.74
coinbase,USDCEUR,1678122780000,2023-03-06 17:13:00,0.936,0.9363,0.936,0.9363,9185.7
coinbase,USDCEUR,1678123200000,2023-03-06 17:20:00,0.9363,0.9363,0.9357,0.9357,471.38
coinbase,USDCEUR,1678123680000,2023-03-06 17:28:00,0.9363,0.9363,0.9363,0.9363,136.93
coinbase,USDCEUR,1678123800000,2023-03-06 17:30:00,0.9363,0.9366,0.9363,0.9365,208.1
coinbase,USDCEUR,1678123860000,2023-03-06 17:31:00,0.9366,0.9366,0.9363,0.9363,10419.44
coinbase,USDCEUR,1678124520000,2023-03-06 17:42:00,0.9363,0.9363,0.9363,0.9363,500
coinbase,USDCEUR,1678124580000,2023-03-06 17:43:00,0.9363,0.9368,0.9363,0.9367,564.29
coinbase,USDCEUR,1678124940000,2023-03-06 17:49:00,0.9367,0.9367,0.9363,0.9363,145.06
coinbase,USDCEUR,1678125180000,2023-03-06 17:53:00,0.9366,0.9366,0.9366,0.9366,205.38
coinbase,USDCEUR,1678125240000,2023-03-06 17:54:00,0.9366,0.9366,0.9366,0.9366,79.22
coinbase,USDCEUR,1678125420000,2023-03-06 17:57:00,0.9364,0.9366,0.9364,0.9366,203.97
coinbase,USDCEUR,1678125540000,2023-03-06 17:59:00,0.9364,0.9364,0.9364,0.9364,10000
coinbase,USDCEUR,1678125660000,2023-03-06 18:01:00,0.9363,0.9363,0.9363,0.9363,2.67
coinbase,USDCEUR,1678125780000,2023-03-06 18:03:00,0.9366,0.9374,0.9363,0.9374,4286.31
coinbase,USDCEUR,1678126200000,2023-03-06 18:10:00,0.9374,0.9374,0.9369,0.9369,31.29
coinbase,USDCEUR,1678126500000,2023-03-06 18:15:00,0.9372,0.9372,0.9371,0.9371,2246.38
coinbase,USDCEUR,1678126560000,2023-03-06 18:16:00,0.9371,0.9371,0.9371,0.9371,2192.9
coinbase,USDCEUR,1678126620000,2023-03-06 18:17:00,0.9369,0.9374,0.9369,0.9374,202.32
coinbase,USDCEUR,1678126980000,2023-03-06 18:23:00,0.9368,0.9372,0.9368,0.9372,73.68
coinbase,USDCEUR,1678127220000,2023-03-06 18:27:00,0.9369,0.9369,0.9367,0.9367,108.25
coinbase,USDCEUR,1678127700000,2023-03-06 18:35:00,0.9366,0.9367,0.9366,0.9367,1208.63
coinbase,USDCEUR,1678128000000,2023-03-06 18:40:00,0.9368,0.9369,0.9368,0.9369,9300.06
coinbase,USDCEUR,1678128180000,2023-03-06 18:43:00,0.9369,0.9369,0.9366,0.9366,1236.27
coinbase,USDCEUR,1678128660000,2023-03-06 18:51:00,0.9372,0.9375,0.9372,0.9375,695.74
coinbase,USDCEUR,1678128780000,2023-03-06 18:53:00,0.9375,0.9378,0.9369,0.9369,304.59
coinbase,USDCEUR,1678128960000,2023-03-06 18:56:00,0.9369,0.9369,0.9369,0.9369,65.47
coinbase,USDCEUR,1678093200000,2023-03-06 09:00:00,0.9394,0.9394,0.9394,0.9394,16.39
coinbase,USDCEUR,1678093260000,2023-03-06 09:01:00,0.9394,0.9397,0.9394,0.9397,267.28
coinbase,USDCEUR,1678093380000,2023-03-06 09:03:00,0.9396,0.9396,0.939,0.939,110.36
coinbase,USDCEUR,1678093620000,2023-03-06 09:07:00,0.9395,0.9395,0.9394,0.9394,26618.35
coinbase,USDCEUR,1678094160000,2023-03-06 09:16:00,0.9395,0.9399,0.9395,0.9396,669.11
coinbase,USDCEUR,1678094220000,2023-03-06 09:17:00,0.9396,0.9398,0.9396,0.9398,79.26
coinbase,USDCEUR,1678094400000,2023-03-06 09:20:00,0.9398,0.9398,0.9396,0.9396,2.98
coinbase,USDCEUR,1678094460000,2023-03-06 09:21:00,0.9398,0.9398,0.9396,0.9398,10006.06
coinbase,USDCEUR,1678094520000,2023-03-06 09:22:00,0.9396,0.9396,0.9396,0.9396,201.06
coinbase,USDCEUR,1678094580000,2023-03-06 09:23:00,0.9396,0.9396,0.9396,0.9396,68.6
coinbase,USDCEUR,1678094640000,2023-03-06 09:24:00,0.9397,0.9397,0.9392,0.9397,278.99
coinbase,USDCEUR,1678094700000,2023-03-06 09:25:00,0.9394,0.9396,0.9394,0.9396,70.05
coinbase,USDCEUR,1678094880000,2023-03-06 09:28:00,0.9397,0.9398,0.9397,0.9398,548.8
coinbase,USDCEUR,1678094940000,2023-03-06 09:29:00,0.9399,0.9402,0.9399,0.9399,10462.87
coinbase,USDCEUR,1678095000000,2023-03-06 09:30:00,0.9401,0.9401,0.9401,0.9401,10643.89
coinbase,USDCEUR,1678095060000,2023-03-06 09:31:00,0.9401,0.9402,0.9395,0.9402,7735.21
coinbase,USDCEUR,1678095600000,2023-03-06 09:40:00,0.9402,0.9402,0.9402,0.9402,104.86
coinbase,USDCEUR,1678095720000,2023-03-06 09:42:00,0.9402,0.9402,0.9398,0.9398,153.91
coinbase,USDCEUR,1678096080000,2023-03-06 09:48:00,0.9398,0.9402,0.9398,0.9402,208.69
coinbase,USDCEUR,1678096260000,2023-03-06 09:51:00,0.94,0.9404,0.9399,0.9404,257.49
coinbase,USDCEUR,1678096440000,2023-03-06 09:54:00,0.9404,0.9404,0.9404,0.9404,4.52
coinbase,USDCEUR,1678096500000,2023-03-06 09:55:00,0.9404,0.9404,0.94,0.94,18.27
coinbase,USDCEUR,1678096560000,2023-03-06 09:56:00,0.9404,0.9404,0.9403,0.9403,216.09
coinbase,USDCEUR,1678096620000,2023-03-06 09:57:00,0.9404,0.9406,0.9404,0.9406,569.88
coinbase,USDCEUR,1678096920000,2023-03-06 10:02:00,0.9409,0.941,0.9409,0.941,5.58
coinbase,USDCEUR,1678097160000,2023-03-06 10:06:00,0.941,0.941,0.9406,0.9406,378.43
coinbase,USDCEUR,1678097520000,2023-03-06 10:12:00,0.9402,0.9403,0.9402,0.9403,144.1
coinbase,USDCEUR,1678097760000,2023-03-06 10:16:00,0.9405,0.9407,0.9403,0.9407,1082.61
coinbase,USDCEUR,1678097820000,2023-03-06 10:17:00,0.9408,0.9408,0.9408,0.9408,2.06
coinbase,USDCEUR,1678097880000,2023-03-06 10:18:00,0.9408,0.9408,0.9404,0.9405,81.37
coinbase,USDCEUR,1678098120000,2023-03-06 10:22:00,0.9405,0.9408,0.94,0.9402,21657.43
coinbase,USDCEUR,1678098300000,2023-03-06 10:25:00,0.9402,0.9402,0.9402,0.9402,234.07
coinbase,USDCEUR,1678098420000,2023-03-06 10:27:00,0.9401,0.9403,0.9396,0.9403,2363.89
coinbase,USDCEUR,1678098540000,2023-03-06 10:29:00,0.9402,0.9405,0.9402,0.9405,528.63
coinbase,USDCEUR,1678098660000,2023-03-06 10:31:00,0.9402,0.9403,0.9396,0.9396,583.47
coinbase,USDCEUR,1678099020000,2023-03-06 10:37:00,0.9403,0.9403,0.9403,0.9403,68.55
coinbase,USDCEUR,1678099080000,2023-03-06 10:38:00,0.9401,0.9405,0.9401,0.9405,10155.62
coinbase,USDCEUR,1678099320000,2023-03-06 10:42:00,0.9405,0.9406,0.9405,0.9406,317.4
coinbase,USDCEUR,1678100340000,2023-03-06 10:59:00,0.9407,0.9407,0.9405,0.9405,489.77
coinbase,USDCEUR,1678100580000,2023-03-06 11:03:00,0.9406,0.9409,0.9404,0.9409,1188.04
coinbase,USDCEUR,1678100940000,2023-03-06 11:09:00,0.9409,0.9412,0.9409,0.9412,506.64
coinbase,USDCEUR,1678101120000,2023-03-06 11:12:00,0.9407,0.9407,0.9405,0.9405,252.49
coinbase,USDCEUR,1678101300000,2023-03-06 11:15:00,0.9409,0.9409,0.9408,0.9408,4.97
coinbase,USDCEUR,1678101540000,2023-03-06 11:19:00,0.9411,0.9412,0.9408,0.9408,109.44
coinbase,USDCEUR,1678101780000,2023-03-06 11:23:00,0.9408,0.9408,0.9408,0.9408,137.09
coinbase,USDCEUR,1678102500000,2023-03-06 11:35:00,0.9405,0.9406,0.9403,0.9403,548.33
coinbase,USDCEUR,1678102680000,2023-03-06 11:38:00,0.9406,0.9408,0.9406,0.9407,215.17
coinbase,USDCEUR,1678102860000,2023-03-06 11:41:00,0.9407,0.9408,0.9405,0.9405,253.95
coinbase,USDCEUR,1678102980000,2023-03-06 11:43:00,0.9409,0.941,0.9406,0.9406,208.58
coinbase,USDCEUR,1678103040000,2023-03-06 11:44:00,0.9406,0.9406,0.9406,0.9406,10.39
coinbase,USDCEUR,1678103100000,2023-03-06 11:45:00,0.9406,0.9409,0.9406,0.9409,133.44
coinbase,USDCEUR,1678103460000,2023-03-06 11:51:00,0.9406,0.9406,0.9404,0.9404,278.26
coinbase,USDCEUR,1678103520000,2023-03-06 11:52:00,0.9405,0.9405,0.9405,0.9405,668.49
coinbase,USDCEUR,1678103640000,2023-03-06 11:54:00,0.9405,0.9405,0.9402,0.9402,548.23
coinbase,USDCEUR,1678103700000,2023-03-06 11:55:00,0.9401,0.9401,0.9396,0.9396,151.95
coinbase,USDCEUR,1678103820000,2023-03-06 11:57:00,0.9397,0.9397,0.9397,0.9397,2768.53
coinbase,USDCEUR,1678103880000,2023-03-06 11:58:00,0.9397,0.9398,0.9397,0.9398,5162.9
coinbase,USDCEUR,1678103940000,2023-03-06 11:59:00,0.9396,0.9398,0.9396,0.9396,3132.6
coinbase,USDCEUR,1678104000000,2023-03-06 12:00:00,0.9398,0.9398,0.9397,0.9397,31.81
coinbase,USDCEUR,1678104060000,2023-03-06 12:01:00,0.9397,0.9398,0.9397,0.9397,21.39
coinbase,USDCEUR,1678104120000,2023-03-06 12:02:00,0.9398,0.9403,0.9398,0.9403,49.04
coinbase,USDCEUR,1678104240000,2023-03-06 12:04:00,0.9401,0.9403,0.9401,0.9403,116.14
coinbase,USDCEUR,1678104360000,2023-03-06 12:06:00,0.9404,0.9404,0.9404,0.9404,137.11
coinbase,USDCEUR,1678104600000,2023-03-06 12:10:00,0.9404,0.9405,0.9404,0.9405,205.64
coinbase,USDCEUR,1678104720000,2023-03-06 12:12:00,0.9405,0.9405,0.9404,0.9404,172.92
coinbase,USDCEUR,1678104900000,2023-03-06 12:15:00,0.9402,0.9402,0.9401,0.9401,33.5
coinbase,USDCEUR,1678105020000,2023-03-06 12:17:00,0.9403,0.9404,0.9403,0.9404,59
coinbase,USDCEUR,1678105080000,2023-03-06 12:18:00,0.9405,0.9408,0.9399,0.9405,106974.71
coinbase,USDCEUR,1678105380000,2023-03-06 12:23:00,0.9404,0.9404,0.9399,0.9399,48.84
coinbase,USDCEUR,1678106220000,2023-03-06 12:37:00,0.9404,0.9404,0.9403,0.9403,90.14
coinbase,USDCEUR,1678106400000,2023-03-06 12:40:00,0.9404,0.9408,0.9404,0.9405,525.44
coinbase,USDCEUR,1678106880000,2023-03-06 12:48:00,0.9404,0.9407,0.9404,0.9407,11
coinbase,USDCEUR,1678107180000,2023-03-06 12:53:00,0.9407,0.9407,0.9407,0.9407,2.5
coinbase,USDCEUR,1678107240000,2023-03-06 12:54:00,0.9407,0.9409,0.9405,0.9405,435.04
coinbase,USDCEUR,1678107360000,2023-03-06 12:56:00,0.9404,0.9405,0.9404,0.9405,204.59
coinbase,USDCEUR,1678107660000,2023-03-06 13:01:00,0.9404,0.9405,0.94,0.9405,403.23
coinbase,USDCEUR,1678108020000,2023-03-06 13:07:00,0.9403,0.9403,0.9403,0.9403,57.35
coinbase,USDCEUR,1678108080000,2023-03-06 13:08:00,0.9402,0.9402,0.94,0.94,6518.65
coinbase,USDCEUR,1678108140000,2023-03-06 13:09:00,0.9399,0.9399,0.9397,0.9397,454.78
coinbase,USDCEUR,1678108380000,2023-03-06 13:13:00,0.9396,0.94,0.9396,0.94,423.26
coinbase,USDCEUR,1678108620000,2023-03-06 13:17:00,0.9393,0.9393,0.9391,0.9393,215.13
coinbase,USDCEUR,1678108980000,2023-03-06 13:23:00,0.939,0.939,0.9387,0.9387,343.05
coinbase,USDCEUR,1678109880000,2023-03-06 13:38:00,0.9388,0.9388,0.9386,0.9386,844.26
coinbase,USDCEUR,1678110060000,2023-03-06 13:41:00,0.9389,0.939,0.9389,0.939,180.12
coinbase,USDCEUR,1678110540000,2023-03-06 13:49:00,0.9389,0.9389,0.9389,0.9389,75.37
coinbase,USDCEUR,1678110600000,2023-03-06 13:50:00,0.939,0.9391,0.939,0.9391,75.91
coinbase,USDCEUR,1678110840000,2023-03-06 13:54:00,0.939,0.939,0.9387,0.9387,164.47
coinbase,USDCEUR,1678111080000,2023-03-06 13:58:00,0.9391,0.9391,0.9388,0.9388,13.18
coinbase,USDCEUR,1678111140000,2023-03-06 13:59:00,0.9391,0.9391,0.9389,0.9389,120.01
coinbase,USDCEUR,1678075920000,2023-03-06 04:12:00,0.9396,0.9402,0.9396,0.9402,544.01
coinbase,USDCEUR,1678076580000,2023-03-06 04:23:00,0.9401,0.9402,0.9401,0.9402,9.81
coinbase,USDCEUR,1678077360000,2023-03-06 04:36:00,0.9397,0.9402,0.9397,0.9397,178.58
coinbase,USDCEUR,1678078020000,2023-03-06 04:47:00,0.9399,0.94,0.9399,0.94,259
coinbase,USDCEUR,1678078620000,2023-03-06 04:57:00,0.9396,0.9399,0.9396,0.9399,412.39
coinbase,USDCEUR,1678079460000,2023-03-06 05:11:00,0.9395,0.9395,0.9394,0.9394,769.66
coinbase,USDCEUR,1678079940000,2023-03-06 05:19:00,0.939,0.9394,0.939,0.9394,58.28
coinbase,USDCEUR,1678080720000,2023-03-06 05:32:00,0.9394,0.9394,0.9392,0.9392,13.79
coinbase,USDCEUR,1678081020000,2023-03-06 05:37:00,0.9394,0.9394,0.939,0.939,35.95
coinbase,USDCEUR,1678081320000,2023-03-06 05:42:00,0.9394,0.9394,0.9394,0.9394,61.87
coinbase,USDCEUR,1678082160000,2023-03-06 05:56:00,0.939,0.939,0.939,0.939,177.97
coinbase,USDCEUR,1678082880000,2023-03-06 06:08:00,0.9388,0.9393,0.9388,0.9393,480.3
coinbase,USDCEUR,1678083780000,2023-03-06 06:23:00,0.9393,0.9394,0.9393,0.9394,249.29
coinbase,USDCEUR,1678083840000,2023-03-06 06:24:00,0.9394,0.9394,0.9394,0.9394,224.45
coinbase,USDCEUR,1678083900000,2023-03-06 06:25:00,0.9395,0.9395,0.9395,0.9395,343.05
coinbase,USDCEUR,1678083960000,2023-03-06 06:26:00,0.9398,0.9398,0.9397,0.9397,17.38
coinbase,USDCEUR,1678084260000,2023-03-06 06:31:00,0.9397,0.9398,0.9397,0.9398,128.27
coinbase,USDCEUR,1678085220000,2023-03-06 06:47:00,0.9397,0.9397,0.9397,0.9397,11.81
coinbase,USDCEUR,1678085640000,2023-03-06 06:54:00,0.9394,0.9394,0.9394,0.9394,274.44
coinbase,USDCEUR,1678086000000,2023-03-06 07:00:00,0.9396,0.9396,0.9392,0.9392,168.01
coinbase,USDCEUR,1678086840000,2023-03-06 07:14:00,0.9394,0.9394,0.9391,0.9391,31.4
coinbase,USDCEUR,1678087020000,2023-03-06 07:17:00,0.939,0.9392,0.9389,0.9389,215.71
coinbase,USDCEUR,1678087320000,2023-03-06 07:22:00,0.9389,0.9389,0.9388,0.9388,3750.67
coinbase,USDCEUR,1678087920000,2023-03-06 07:32:00,0.9386,0.9386,0.938,0.9385,126.39
coinbase,USDCEUR,1678088040000,2023-03-06 07:34:00,0.9385,0.9386,0.9385,0.9385,1068.27
coinbase,USDCEUR,1678088400000,2023-03-06 07:40:00,0.9385,0.9385,0.9385,0.9385,215.64
coinbase,USDCEUR,1678088940000,2023-03-06 07:49:00,0.9385,0.9385,0.9385,0.9385,57.48
coinbase,USDCEUR,1678089060000,2023-03-06 07:51:00,0.9387,0.9387,0.9384,0.9384,2.76
coinbase,USDCEUR,1678089120000,2023-03-06 07:52:00,0.9384,0.9386,0.9383,0.9386,193.17
coinbase,USDCEUR,1678089300000,2023-03-06 07:55:00,0.9386,0.9387,0.9386,0.9387,340.47
coinbase,USDCEUR,1678089360000,2023-03-06 07:56:00,0.9386,0.9386,0.9386,0.9386,273.12
coinbase,USDCEUR,1678089420000,2023-03-06 07:57:00,0.9386,0.939,0.9386,0.939,135.51
coinbase,USDCEUR,1678090080000,2023-03-06 08:08:00,0.9389,0.9389,0.9386,0.9386,204.84
coinbase,USDCEUR,1678090740000,2023-03-06 08:19:00,0.9385,0.9389,0.938,0.938,15693.77
coinbase,USDCEUR,1678091040000,2023-03-06 08:24:00,0.9384,0.9384,0.9384,0.9384,273.24
coinbase,USDCEUR,1678091400000,2023-03-06 08:30:00,0.9387,0.9389,0.9387,0.9388,1018.11
coinbase,USDCEUR,1678091460000,2023-03-06 08:31:00,0.9388,0.9389,0.9386,0.9389,210.27
coinbase,USDCEUR,1678091520000,2023-03-06 08:32:00,0.9388,0.9393,0.9388,0.9388,4044.8
coinbase,USDCEUR,1678091820000,2023-03-06 08:37:00,0.9392,0.9392,0.9392,0.9392,63.05
coinbase,USDCEUR,1678091880000,2023-03-06 08:38:00,0.9386,0.9386,0.9385,0.9385,200.41
coinbase,USDCEUR,1678092900000,2023-03-06 08:55:00,0.9386,0.9392,0.9386,0.9392,484.22
coinbase,USDCEUR,1678092960000,2023-03-06 08:56:00,0.9392,0.9392,0.939,0.939,71.99
coinbase,USDCEUR,1678093020000,2023-03-06 08:57:00,0.9393,0.9394,0.9393,0.9394,260.36
coinbase,USDCEUR,1678093080000,2023-03-06 08:58:00,0.939,0.9394,0.939,0.9394,219.72
coinbase,USDCEUR,1678093200000,2023-03-06 09:00:00,0.9394,0.9394,0.9394,0.9394,16.39
coinbase,USDCEUR,1678057560000,2023-03-05 23:06:00,0.9414,0.9414,0.9412,0.9412,205.37
coinbase,USDCEUR,1678057740000,2023-03-05 23:09:00,0.9412,0.9412,0.9407,0.9407,21863.09
coinbase,USDCEUR,1678057800000,2023-03-05 23:10:00,0.9412,0.9412,0.9412,0.9412,205.47
coinbase,USDCEUR,1678058220000,2023-03-05 23:17:00,0.941,0.941,0.9409,0.9409,25.62
coinbase,USDCEUR,1678058340000,2023-03-05 23:19:00,0.9412,0.9412,0.9412,0.9412,1
coinbase,USDCEUR,1678058400000,2023-03-05 23:20:00,0.9412,0.9415,0.9412,0.9415,250.41
coinbase,USDCEUR,1678058580000,2023-03-05 23:23:00,0.9415,0.9415,0.9415,0.9415,5.31
coinbase,USDCEUR,1678058640000,2023-03-05 23:24:00,0.9413,0.9414,0.9413,0.9414,84.07
coinbase,USDCEUR,1678058940000,2023-03-05 23:29:00,0.9414,0.9417,0.9411,0.9411,1786.67
coinbase,USDCEUR,1678059660000,2023-03-05 23:41:00,0.9412,0.9416,0.9412,0.9416,72.12
coinbase,USDCEUR,1678060200000,2023-03-05 23:50:00,0.9415,0.9417,0.9415,0.9417,110.95
coinbase,USDCEUR,1678060260000,2023-03-05 23:51:00,0.9413,0.9416,0.9412,0.9416,184.05
coinbase,USDCEUR,1678060500000,2023-03-05 23:55:00,0.9413,0.9417,0.9413,0.9414,256.12
coinbase,USDCEUR,1678060680000,2023-03-05 23:58:00,0.9414,0.9414,0.9414,0.9414,17.98
coinbase,USDCEUR,1678061040000,2023-03-06 00:04:00,0.9414,0.9416,0.9413,0.9413,374.71
coinbase,USDCEUR,1678061160000,2023-03-06 00:06:00,0.9413,0.9413,0.9413,0.9413,136.98
coinbase,USDCEUR,1678061220000,2023-03-06 00:07:00,0.941,0.941,0.9409,0.9409,205.49
coinbase,USDCEUR,1678061280000,2023-03-06 00:08:00,0.9412,0.9412,0.9407,0.9407,56.48
coinbase,USDCEUR,1678061520000,2023-03-06 00:12:00,0.9409,0.9409,0.9407,0.9407,1509.79
coinbase,USDCEUR,1678061700000,2023-03-06 00:15:00,0.9412,0.9412,0.9412,0.9412,65.11
coinbase,USDCEUR,1678061880000,2023-03-06 00:18:00,0.9412,0.9413,0.9412,0.9412,29.71
coinbase,USDCEUR,1678062300000,2023-03-06 00:25:00,0.9408,0.9411,0.9402,0.9402,8615.38
coinbase,USDCEUR,1678062540000,2023-03-06 00:29:00,0.9401,0.9406,0.9401,0.9406,3.8
coinbase,USDCEUR,1678062780000,2023-03-06 00:33:00,0.9402,0.9402,0.9402,0.9402,2.32
coinbase,USDCEUR,1678062900000,2023-03-06 00:35:00,0.9405,0.9405,0.9403,0.9405,140.43
coinbase,USDCEUR,1678062960000,2023-03-06 00:36:00,0.9405,0.9405,0.9405,0.9405,68.52
coinbase,USDCEUR,1678063020000,2023-03-06 00:37:00,0.9405,0.9405,0.9405,0.9405,137.04
coinbase,USDCEUR,1678063140000,2023-03-06 00:39:00,0.9405,0.9405,0.9405,0.9405,137.04
coinbase,USDCEUR,1678063260000,2023-03-06 00:41:00,0.9405,0.9405,0.9405,0.9405,137.04
coinbase,USDCEUR,1678063320000,2023-03-06 00:42:00,0.9404,0.9404,0.9404,0.9404,35.86
coinbase,USDCEUR,1678063740000,2023-03-06 00:49:00,0.9409,0.941,0.9409,0.9409,62.35
coinbase,USDCEUR,1678064220000,2023-03-06 00:57:00,0.9409,0.9409,0.9409,0.9409,73.45
coinbase,USDCEUR,1678064280000,2023-03-06 00:58:00,0.941,0.9411,0.941,0.9411,154.95
coinbase,USDCEUR,1678064340000,2023-03-06 00:59:00,0.9412,0.9412,0.9409,0.9409,258.46
coinbase,USDCEUR,1678064520000,2023-03-06 01:02:00,0.9411,0.9411,0.9411,0.9411,38.38
coinbase,USDCEUR,1678064640000,2023-03-06 01:04:00,0.9411,0.9412,0.9411,0.9412,24.32
coinbase,USDCEUR,1678064880000,2023-03-06 01:08:00,0.9409,0.9409,0.9408,0.9408,11.84
coinbase,USDCEUR,1678065060000,2023-03-06 01:11:00,0.9411,0.9412,0.9411,0.9412,12.47
coinbase,USDCEUR,1678065240000,2023-03-06 01:14:00,0.9412,0.9412,0.9409,0.9412,269.55
coinbase,USDCEUR,1678065300000,2023-03-06 01:15:00,0.9412,0.9412,0.9412,0.9412,137.06
coinbase,USDCEUR,1678065360000,2023-03-06 01:16:00,0.9412,0.9412,0.9412,0.9412,205.59
coinbase,USDCEUR,1678065480000,2023-03-06 01:18:00,0.9413,0.9415,0.9413,0.9415,502.17
coinbase,USDCEUR,1678065600000,2023-03-06 01:20:00,0.9415,0.9415,0.9415,0.9415,9.79
coinbase,USDCEUR,1678065900000,2023-03-06 01:25:00,0.9411,0.9412,0.9411,0.9412,32.3
coinbase,USDCEUR,1678066020000,2023-03-06 01:27:00,0.9412,0.9412,0.9412,0.9412,14.65
coinbase,USDCEUR,1678066200000,2023-03-06 01:30:00,0.9415,0.9415,0.9412,0.9412,191.74
coinbase,USDCEUR,1678066380000,2023-03-06 01:33:00,0.9412,0.9412,0.9411,0.9411,43.79
coinbase,USDCEUR,1678066440000,2023-03-06 01:34:00,0.9414,0.9414,0.9414,0.9414,7.95
coinbase,USDCEUR,1678066500000,2023-03-06 01:35:00,0.9412,0.9412,0.9412,0.9412,204.33
coinbase,USDCEUR,1678066620000,2023-03-06 01:37:00,0.9415,0.9415,0.9412,0.9412,6.75
coinbase,USDCEUR,1678066680000,2023-03-06 01:38:00,0.9412,0.9415,0.9412,0.9415,139.35
coinbase,USDCEUR,1678066800000,2023-03-06 01:40:00,0.9412,0.9413,0.9412,0.9413,128.68
coinbase,USDCEUR,1678066920000,2023-03-06 01:42:00,0.9415,0.9415,0.9411,0.9411,72.07
coinbase,USDCEUR,1678067280000,2023-03-06 01:48:00,0.9411,0.9411,0.9411,0.9411,0.55
coinbase,USDCEUR,1678067460000,2023-03-06 01:51:00,0.9409,0.9409,0.9408,0.9408,959.19
coinbase,USDCEUR,1678067880000,2023-03-06 01:58:00,0.9408,0.9412,0.9408,0.9412,1082.95
coinbase,USDCEUR,1678068180000,2023-03-06 02:03:00,0.9412,0.9412,0.9412,0.9412,90.21
coinbase,USDCEUR,1678068360000,2023-03-06 02:06:00,0.9412,0.9412,0.9412,0.9412,70.59
coinbase,USDCEUR,1678068540000,2023-03-06 02:09:00,0.9408,0.9408,0.9408,0.9408,40.29
coinbase,USDCEUR,1678069020000,2023-03-06 02:17:00,0.941,0.941,0.941,0.941,2278.84
coinbase,USDCEUR,1678069080000,2023-03-06 02:18:00,0.9409,0.9412,0.9409,0.9412,16.63
coinbase,USDCEUR,1678069140000,2023-03-06 02:19:00,0.9412,0.9412,0.9412,0.9412,0.92
coinbase,USDCEUR,1678069740000,2023-03-06 02:29:00,0.941,0.9413,0.941,0.9413,54.96
coinbase,USDCEUR,1678069860000,2023-03-06 02:31:00,0.9408,0.9408,0.9406,0.9406,165.16
coinbase,USDCEUR,1678070040000,2023-03-06 02:34:00,0.9409,0.9409,0.9405,0.9405,189.23
coinbase,USDCEUR,1678070280000,2023-03-06 02:38:00,0.9403,0.9403,0.9402,0.9402,959.34
coinbase,USDCEUR,1678070520000,2023-03-06 02:42:00,0.9401,0.9404,0.94,0.94,1439.98
coinbase,USDCEUR,1678070940000,2023-03-06 02:49:00,0.9399,0.9402,0.9399,0.9402,80.63
coinbase,USDCEUR,1678071180000,2023-03-06 02:53:00,0.9397,0.94,0.9394,0.9394,120.26
coinbase,USDCEUR,1678071240000,2023-03-06 02:54:00,0.9392,0.9396,0.9392,0.9396,90.9
coinbase,USDCEUR,1678072080000,2023-03-06 03:08:00,0.9398,0.9399,0.9393,0.9393,93.93
coinbase,USDCEUR,1678072200000,2023-03-06 03:10:00,0.9398,0.9399,0.9394,0.9394,207.66
coinbase,USDCEUR,1678073340000,2023-03-06 03:29:00,0.9398,0.9398,0.9393,0.9393,213.79
coinbase,USDCEUR,1678073700000,2023-03-06 03:35:00,0.9397,0.9397,0.9396,0.9396,274.21
coinbase,USDCEUR,1678073760000,2023-03-06 03:36:00,0.9396,0.9396,0.9396,0.9396,205.68
coinbase,USDCEUR,1678073820000,2023-03-06 03:37:00,0.9396,0.9397,0.9396,0.9396,236.28
coinbase,USDCEUR,1678074000000,2023-03-06 03:40:00,0.9396,0.9396,0.9394,0.9394,71.27
coinbase,USDCEUR,1678074180000,2023-03-06 03:43:00,0.9396,0.9396,0.9394,0.9394,160.85
coinbase,USDCEUR,1678074240000,2023-03-06 03:44:00,0.9396,0.9396,0.9396,0.9396,116.35
coinbase,USDCEUR,1678074360000,2023-03-06 03:46:00,0.9397,0.9397,0.9397,0.9397,173.46
coinbase,USDCEUR,1678075080000,2023-03-06 03:58:00,0.9397,0.9397,0.9397,0.9397,24
coinbase,USDCEUR,1678039680000,2023-03-05 18:08:00,0.9411,0.9411,0.9409,0.9409,36.7
coinbase,USDCEUR,1678039800000,2023-03-05 18:10:00,0.9409,0.9409,0.9409,0.9409,224.38
coinbase,USDCEUR,1678039980000,2023-03-05 18:13:00,0.9411,0.9411,0.9411,0.9411,21.55
coinbase,USDCEUR,1678040880000,2023-03-05 18:28:00,0.9411,0.9411,0.941,0.941,1487.72
coinbase,USDCEUR,1678041000000,2023-03-05 18:30:00,0.9409,0.9409,0.9408,0.9408,9131.37
coinbase,USDCEUR,1678041780000,2023-03-05 18:43:00,0.941,0.941,0.941,0.941,2.03
coinbase,USDCEUR,1678042020000,2023-03-05 18:47:00,0.9408,0.941,0.9408,0.941,9.04
coinbase,USDCEUR,1678042260000,2023-03-05 18:51:00,0.941,0.941,0.941,0.941,44.1
coinbase,USDCEUR,1678042320000,2023-03-05 18:52:00,0.9406,0.9409,0.9406,0.9409,48.12
coinbase,USDCEUR,1678042440000,2023-03-05 18:54:00,0.9406,0.9409,0.9406,0.9409,70.49
coinbase,USDCEUR,1678042560000,2023-03-05 18:56:00,0.9406,0.9409,0.9406,0.9409,60.85
coinbase,USDCEUR,1678042620000,2023-03-05 18:57:00,0.9409,0.941,0.9409,0.9409,284.32
coinbase,USDCEUR,1678042800000,2023-03-05 19:00:00,0.941,0.9411,0.941,0.9411,51.57
coinbase,USDCEUR,1678043040000,2023-03-05 19:04:00,0.9407,0.9407,0.9406,0.9406,560.51
coinbase,USDCEUR,1678043100000,2023-03-05 19:05:00,0.941,0.941,0.9409,0.9409,225.91
coinbase,USDCEUR,1678043160000,2023-03-05 19:06:00,0.941,0.9411,0.9409,0.9411,208.03
coinbase,USDCEUR,1678043280000,2023-03-05 19:08:00,0.9407,0.9407,0.9406,0.9406,121.1
coinbase,USDCEUR,1678044060000,2023-03-05 19:21:00,0.941,0.941,0.941,0.941,50.32
coinbase,USDCEUR,1678044660000,2023-03-05 19:31:00,0.941,0.9411,0.941,0.9411,1712.08
coinbase,USDCEUR,1678044960000,2023-03-05 19:36:00,0.941,0.9411,0.941,0.9411,25.62
coinbase,USDCEUR,1678045200000,2023-03-05 19:40:00,0.9411,0.9411,0.941,0.941,1065.92
coinbase,USDCEUR,1678045740000,2023-03-05 19:49:00,0.941,0.941,0.941,0.941,88.04
coinbase,USDCEUR,1678046400000,2023-03-05 20:00:00,0.941,0.941,0.941,0.941,0.16
coinbase,USDCEUR,1678046880000,2023-03-05 20:08:00,0.9409,0.9409,0.9409,0.9409,179.98
coinbase,USDCEUR,1678047000000,2023-03-05 20:10:00,0.941,0.941,0.941,0.941,453.5
coinbase,USDCEUR,1678047240000,2023-03-05 20:14:00,0.9409,0.9409,0.9409,0.9409,2.91
coinbase,USDCEUR,1678047300000,2023-03-05 20:15:00,0.941,0.941,0.9409,0.941,339.01
coinbase,USDCEUR,1678047900000,2023-03-05 20:25:00,0.9409,0.9409,0.9409,0.9409,9.55
coinbase,USDCEUR,1678047960000,2023-03-05 20:26:00,0.9409,0.941,0.9409,0.941,53.38
coinbase,USDCEUR,1678048380000,2023-03-05 20:33:00,0.9409,0.941,0.9409,0.9409,154.04
coinbase,USDCEUR,1678048560000,2023-03-05 20:36:00,0.941,0.941,0.941,0.941,57.63
coinbase,USDCEUR,1678049040000,2023-03-05 20:44:00,0.9409,0.941,0.9409,0.941,46.24
coinbase,USDCEUR,1678049400000,2023-03-05 20:50:00,0.9409,0.9409,0.9409,0.9409,28.37
coinbase,USDCEUR,1678049820000,2023-03-05 20:57:00,0.941,0.941,0.941,0.941,173.48
coinbase,USDCEUR,1678050600000,2023-03-05 21:10:00,0.941,0.941,0.941,0.941,122099.36
coinbase,USDCEUR,1678051200000,2023-03-05 21:20:00,0.941,0.9411,0.941,0.9411,739.61
coinbase,USDCEUR,1678051620000,2023-03-05 21:27:00,0.9411,0.9411,0.9411,0.9411,60.33
coinbase,USDCEUR,1678051680000,2023-03-05 21:28:00,0.9411,0.9411,0.9409,0.9409,333.98
coinbase,USDCEUR,1678052400000,2023-03-05 21:40:00,0.9411,0.9411,0.9409,0.9409,3665.21
coinbase,USDCEUR,1678052820000,2023-03-05 21:47:00,0.9407,0.9411,0.9407,0.9411,68.26
coinbase,USDCEUR,1678053660000,2023-03-05 22:01:00,0.9411,0.9413,0.9411,0.9413,562.69
coinbase,USDCEUR,1678053720000,2023-03-05 22:02:00,0.9413,0.9413,0.9413,0.9413,75.76
coinbase,USDCEUR,1678053840000,2023-03-05 22:04:00,0.9415,0.9418,0.9412,0.9418,323.49
coinbase,USDCEUR,1678053960000,2023-03-05 22:06:00,0.9418,0.9419,0.9418,0.9419,1256.06
coinbase,USDCEUR,1678054020000,2023-03-05 22:07:00,0.9416,0.9416,0.9413,0.9413,3828.48
coinbase,USDCEUR,1678054140000,2023-03-05 22:09:00,0.9413,0.9413,0.9413,0.9413,31.89
coinbase,USDCEUR,1678054500000,2023-03-05 22:15:00,0.9417,0.9419,0.9414,0.9419,2194.31
coinbase,USDCEUR,1678054560000,2023-03-05 22:16:00,0.9419,0.9419,0.941,0.941,3107.76
coinbase,USDCEUR,1678054800000,2023-03-05 22:20:00,0.9411,0.9414,0.941,0.941,138.02
coinbase,USDCEUR,1678054920000,2023-03-05 22:22:00,0.9414,0.9414,0.9414,0.9414,3.26
coinbase,USDCEUR,1678054980000,2023-03-05 22:23:00,0.9414,0.9414,0.9414,0.9414,30.97
coinbase,USDCEUR,1678055040000,2023-03-05 22:24:00,0.9414,0.9414,0.9414,0.9414,9.69
coinbase,USDCEUR,1678055160000,2023-03-05 22:26:00,0.9414,0.942,0.9414,0.942,943.14
coinbase,USDCEUR,1678055400000,2023-03-05 22:30:00,0.9421,0.9422,0.9421,0.9422,123.34
coinbase,USDCEUR,1678056120000,2023-03-05 22:42:00,0.9415,0.9415,0.9413,0.9413,315.6
coinbase,USDCEUR,1678057140000,2023-03-05 22:59:00,0.9414,0.9415,0.9414,0.9415,69.45
coinbase,USDCEUR,1678021440000,2023-03-05 13:04:00,0.9407,0.9407,0.9407,0.9407,246.66
coinbase,USDCEUR,1678021560000,2023-03-05 13:06:00,0.9406,0.9406,0.9404,0.9404,288.66
coinbase,USDCEUR,1678021920000,2023-03-05 13:12:00,0.9404,0.9405,0.9404,0.9405,5.72
coinbase,USDCEUR,1678022220000,2023-03-05 13:17:00,0.9404,0.9407,0.9404,0.9407,268.6
coinbase,USDCEUR,1678022400000,2023-03-05 13:20:00,0.9404,0.9404,0.9404,0.9404,500
coinbase,USDCEUR,1678022760000,2023-03-05 13:26:00,0.9404,0.9407,0.9404,0.9407,10.88
coinbase,USDCEUR,1678023000000,2023-03-05 13:30:00,0.9404,0.9404,0.9404,0.9404,282.45
coinbase,USDCEUR,1678023240000,2023-03-05 13:34:00,0.9404,0.9407,0.9404,0.9407,7.66
coinbase,USDCEUR,1678023780000,2023-03-05 13:43:00,0.9407,0.9407,0.9404,0.9404,302.49
coinbase,USDCEUR,1678024380000,2023-03-05 13:53:00,0.9407,0.9407,0.9405,0.9405,26.84
coinbase,USDCEUR,1678024560000,2023-03-05 13:56:00,0.9408,0.9408,0.9405,0.9405,7.33
coinbase,USDCEUR,1678024740000,2023-03-05 13:59:00,0.9405,0.9407,0.9405,0.9407,64.65
coinbase,USDCEUR,1678025160000,2023-03-05 14:06:00,0.9405,0.9405,0.9404,0.9404,65.36
coinbase,USDCEUR,1678025340000,2023-03-05 14:09:00,0.9405,0.9411,0.9404,0.9411,2494.09
coinbase,USDCEUR,1678026180000,2023-03-05 14:23:00,0.9407,0.9408,0.9404,0.9408,542.09
coinbase,USDCEUR,1678026300000,2023-03-05 14:25:00,0.9408,0.9408,0.9407,0.9407,139.09
coinbase,USDCEUR,1678026420000,2023-03-05 14:27:00,0.9407,0.9409,0.9407,0.9409,104.36
coinbase,USDCEUR,1678026780000,2023-03-05 14:33:00,0.9409,0.9411,0.9407,0.9407,119.71
coinbase,USDCEUR,1678027320000,2023-03-05 14:42:00,0.9407,0.9408,0.9404,0.9407,3100.47
coinbase,USDCEUR,1678027380000,2023-03-05 14:43:00,0.9407,0.9411,0.9405,0.9405,1836.77
coinbase,USDCEUR,1678027740000,2023-03-05 14:49:00,0.9406,0.9411,0.9406,0.9411,4260.84
coinbase,USDCEUR,1678029480000,2023-03-05 15:18:00,0.9406,0.9411,0.9406,0.9411,1014.77
coinbase,USDCEUR,1678029660000,2023-03-05 15:21:00,0.9406,0.9406,0.9406,0.9406,0.99
coinbase,USDCEUR,1678029720000,2023-03-05 15:22:00,0.9411,0.9411,0.9406,0.9406,16.34
coinbase,USDCEUR,1678030140000,2023-03-05 15:29:00,0.9406,0.9411,0.9406,0.9411,20.97
coinbase,USDCEUR,1678030380000,2023-03-05 15:33:00,0.941,0.9411,0.941,0.9411,7.14
coinbase,USDCEUR,1678030440000,2023-03-05 15:34:00,0.941,0.941,0.941,0.941,2.33
coinbase,USDCEUR,1678030740000,2023-03-05 15:39:00,0.9411,0.9411,0.941,0.941,777.36
coinbase,USDCEUR,1678030800000,2023-03-05 15:40:00,0.941,0.941,0.941,0.941,36.46
coinbase,USDCEUR,1678031160000,2023-03-05 15:46:00,0.9406,0.9406,0.9405,0.9405,46.39
coinbase,USDCEUR,1678031220000,2023-03-05 15:47:00,0.941,0.9411,0.941,0.9411,202.36
coinbase,USDCEUR,1678031700000,2023-03-05 15:55:00,0.941,0.9411,0.9405,0.9405,117.84
coinbase,USDCEUR,1678032300000,2023-03-05 16:05:00,0.9411,0.9411,0.9405,0.9405,6.73
coinbase,USDCEUR,1678033620000,2023-03-05 16:27:00,0.9411,0.9411,0.9405,0.9405,2.54
coinbase,USDCEUR,1678033920000,2023-03-05 16:32:00,0.9405,0.9405,0.9405,0.9405,31.37
coinbase,USDCEUR,1678034220000,2023-03-05 16:37:00,0.9411,0.9411,0.9411,0.9411,96.87
coinbase,USDCEUR,1678035300000,2023-03-05 16:55:00,0.9406,0.9406,0.9405,0.9405,65.15
coinbase,USDCEUR,1678035360000,2023-03-05 16:56:00,0.9411,0.9411,0.9411,0.9411,59.19
coinbase,USDCEUR,1678036620000,2023-03-05 17:17:00,0.9411,0.9411,0.9405,0.9405,7.58
coinbase,USDCEUR,1678036680000,2023-03-05 17:18:00,0.9405,0.9405,0.9405,0.9405,2.29
coinbase,USDCEUR,1678036740000,2023-03-05 17:19:00,0.9405,0.9411,0.9405,0.9411,37.51
coinbase,USDCEUR,1678036920000,2023-03-05 17:22:00,0.9411,0.9411,0.9411,0.9411,9.43
coinbase,USDCEUR,1678037100000,2023-03-05 17:25:00,0.9405,0.9408,0.9405,0.9408,271.02
coinbase,USDCEUR,1678037580000,2023-03-05 17:33:00,0.9411,0.9411,0.941,0.9411,239.63
coinbase,USDCEUR,1678037700000,2023-03-05 17:35:00,0.9411,0.9411,0.9409,0.9409,961.81
coinbase,USDCEUR,1678038180000,2023-03-05 17:43:00,0.9409,0.9411,0.9409,0.9411,231.71
coinbase,USDCEUR,1678038420000,2023-03-05 17:47:00,0.9409,0.9411,0.9408,0.9411,237.54
coinbase,USDCEUR,1678038960000,2023-03-05 17:56:00,0.9409,0.9411,0.9409,0.9411,52.5
coinbase,USDCEUR,1678003260000,2023-03-05 08:01:00,0.9408,0.9408,0.9408,0.9408,13.37
coinbase,USDCEUR,1678004160000,2023-03-05 08:16:00,0.9406,0.9406,0.9406,0.9406,31.82
coinbase,USDCEUR,1678004460000,2023-03-05 08:21:00,0.9406,0.9409,0.9405,0.9409,306.91
coinbase,USDCEUR,1678005120000,2023-03-05 08:32:00,0.9409,0.9409,0.9409,0.9409,59.68
coinbase,USDCEUR,1678005180000,2023-03-05 08:33:00,0.9406,0.9406,0.9406,0.9406,41.04
coinbase,USDCEUR,1678005480000,2023-03-05 08:38:00,0.9408,0.9411,0.9406,0.9406,13308.95
coinbase,USDCEUR,1678006380000,2023-03-05 08:53:00,0.9411,0.9411,0.9408,0.9411,5073.85
coinbase,USDCEUR,1678006440000,2023-03-05 08:54:00,0.9409,0.9409,0.9409,0.9409,3000
coinbase,USDCEUR,1678006560000,2023-03-05 08:56:00,0.9411,0.9414,0.9411,0.9414,342.46
coinbase,USDCEUR,1678006980000,2023-03-05 09:03:00,0.9412,0.9415,0.9412,0.9415,1115.78
coinbase,USDCEUR,1678007100000,2023-03-05 09:05:00,0.9412,0.9415,0.9412,0.9415,80.64
coinbase,USDCEUR,1678007340000,2023-03-05 09:09:00,0.9415,0.9415,0.9411,0.9411,106.14
coinbase,USDCEUR,1678008060000,2023-03-05 09:21:00,0.9411,0.9411,0.9411,0.9411,61.61
coinbase,USDCEUR,1678008420000,2023-03-05 09:27:00,0.9412,0.9412,0.9409,0.9409,77.37
coinbase,USDCEUR,1678008660000,2023-03-05 09:31:00,0.9409,0.9413,0.9407,0.9407,764.92
coinbase,USDCEUR,1678008840000,2023-03-05 09:34:00,0.9407,0.9411,0.9407,0.9411,227.17
coinbase,USDCEUR,1678009620000,2023-03-05 09:47:00,0.9407,0.9407,0.9407,0.9407,367.56
coinbase,USDCEUR,1678009680000,2023-03-05 09:48:00,0.9407,0.9409,0.9407,0.9409,74.05
coinbase,USDCEUR,1678009740000,2023-03-05 09:49:00,0.9409,0.941,0.9406,0.9406,104.82
coinbase,USDCEUR,1678009980000,2023-03-05 09:53:00,0.9408,0.9408,0.9408,0.9408,2000.99
coinbase,USDCEUR,1678010280000,2023-03-05 09:58:00,0.9408,0.9409,0.9408,0.9408,761
coinbase,USDCEUR,1678010520000,2023-03-05 10:02:00,0.9406,0.9406,0.9406,0.9406,5.07
coinbase,USDCEUR,1678011000000,2023-03-05 10:10:00,0.9406,0.9411,0.9406,0.9411,330.98
coinbase,USDCEUR,1678011480000,2023-03-05 10:18:00,0.9406,0.9411,0.9401,0.9402,7394.04
coinbase,USDCEUR,1678011780000,2023-03-05 10:23:00,0.9402,0.9411,0.9402,0.9411,201.66
coinbase,USDCEUR,1678012980000,2023-03-05 10:43:00,0.9411,0.9411,0.9407,0.9407,17.76
coinbase,USDCEUR,1678013460000,2023-03-05 10:51:00,0.9407,0.9407,0.9403,0.9403,116.9
coinbase,USDCEUR,1678013760000,2023-03-05 10:56:00,0.9402,0.9406,0.9402,0.9405,286.85
coinbase,USDCEUR,1678014000000,2023-03-05 11:00:00,0.9405,0.9405,0.9403,0.9403,279.13
coinbase,USDCEUR,1678014060000,2023-03-05 11:01:00,0.9405,0.9408,0.9405,0.9408,76.73
coinbase,USDCEUR,1678014180000,2023-03-05 11:03:00,0.9407,0.9407,0.9403,0.9403,123
coinbase,USDCEUR,1678014900000,2023-03-05 11:15:00,0.9404,0.9407,0.9404,0.9407,56.55
coinbase,USDCEUR,1678015200000,2023-03-05 11:20:00,0.9404,0.9404,0.9404,0.9404,135.11
coinbase,USDCEUR,1678015380000,2023-03-05 11:23:00,0.9404,0.9404,0.9404,0.9404,159.09
coinbase,USDCEUR,1678016100000,2023-03-05 11:35:00,0.9406,0.9406,0.9406,0.9406,179.5
coinbase,USDCEUR,1678016280000,2023-03-05 11:38:00,0.9404,0.9407,0.9404,0.9407,414.49
coinbase,USDCEUR,1678016340000,2023-03-05 11:39:00,0.9407,0.9411,0.9407,0.9411,103.67
coinbase,USDCEUR,1678016400000,2023-03-05 11:40:00,0.9407,0.9413,0.9405,0.9406,50720.52
coinbase,USDCEUR,1678016520000,2023-03-05 11:42:00,0.9406,0.9406,0.9405,0.9405,142.3
coinbase,USDCEUR,1678016700000,2023-03-05 11:45:00,0.9406,0.9406,0.9406,0.9406,6.2
coinbase,USDCEUR,1678016820000,2023-03-05 11:47:00,0.9406,0.9406,0.9405,0.9405,109.46
coinbase,USDCEUR,1678016940000,2023-03-05 11:49:00,0.9411,0.9413,0.9406,0.9406,112.13
coinbase,USDCEUR,1678017420000,2023-03-05 11:57:00,0.9409,0.9411,0.9406,0.9406,116.81
coinbase,USDCEUR,1678017900000,2023-03-05 12:05:00,0.9411,0.9411,0.941,0.941,522.76
coinbase,USDCEUR,1678018140000,2023-03-05 12:09:00,0.941,0.941,0.941,0.941,2.45
coinbase,USDCEUR,1678018500000,2023-03-05 12:15:00,0.941,0.941,0.9406,0.9406,5.29
coinbase,USDCEUR,1678019340000,2023-03-05 12:29:00,0.941,0.941,0.9406,0.9406,19.67
coinbase,USDCEUR,1678019460000,2023-03-05 12:31:00,0.9406,0.9406,0.9406,0.9406,2.24
coinbase,USDCEUR,1678019520000,2023-03-05 12:32:00,0.9406,0.9406,0.9404,0.9406,1233.03
coinbase,USDCEUR,1678019760000,2023-03-05 12:36:00,0.9406,0.941,0.9406,0.941,949.13
coinbase,USDCEUR,1678019880000,2023-03-05 12:38:00,0.9408,0.9409,0.9405,0.9408,116.75
coinbase,USDCEUR,1678020000000,2023-03-05 12:40:00,0.9406,0.9407,0.9406,0.9407,308.83
coinbase,USDCEUR,1678020060000,2023-03-05 12:41:00,0.9407,0.9407,0.9406,0.9407,38.89
coinbase,USDCEUR,1678020180000,2023-03-05 12:43:00,0.9407,0.9407,0.9406,0.9406,46.51
coinbase,USDCEUR,1678020360000,2023-03-05 12:46:00,0.9406,0.9406,0.9406,0.9406,2.59
coinbase,USDCEUR,1678020480000,2023-03-05 12:48:00,0.9407,0.9407,0.9407,0.9407,283.72
coinbase,USDCEUR,1678020600000,2023-03-05 12:50:00,0.9406,0.9407,0.9406,0.9407,259.78
coinbase,USDCEUR,1678020720000,2023-03-05 12:52:00,0.9407,0.9407,0.9407,0.9407,47.77
coinbase,USDCEUR,1678020840000,2023-03-05 12:54:00,0.9407,0.9407,0.9407,0.9407,547.31
coinbase,USDCEUR,1677985320000,2023-03-05 03:02:00,0.9409,0.9409,0.9409,0.9409,190.18
coinbase,USDCEUR,1677985800000,2023-03-05 03:10:00,0.9406,0.9409,0.9406,0.9409,192.34
coinbase,USDCEUR,1677986460000,2023-03-05 03:21:00,0.9409,0.9409,0.9409,0.9409,33.22
coinbase,USDCEUR,1677986520000,2023-03-05 03:22:00,0.9406,0.9406,0.9405,0.9405,31.67
coinbase,USDCEUR,1677986880000,2023-03-05 03:28:00,0.9408,0.9408,0.9406,0.9406,27.76
coinbase,USDCEUR,1677988140000,2023-03-05 03:49:00,0.9406,0.9408,0.9406,0.9408,20.11
coinbase,USDCEUR,1677989220000,2023-03-05 04:07:00,0.9408,0.9408,0.9408,0.9408,89.27
coinbase,USDCEUR,1677989460000,2023-03-05 04:11:00,0.9407,0.9407,0.9407,0.9407,60.8
coinbase,USDCEUR,1677990780000,2023-03-05 04:33:00,0.9407,0.9407,0.9407,0.9407,1002.23
coinbase,USDCEUR,1677991980000,2023-03-05 04:53:00,0.9408,0.9408,0.9405,0.9405,41.61
coinbase,USDCEUR,1677992400000,2023-03-05 05:00:00,0.9405,0.9408,0.9405,0.9408,11.2
coinbase,USDCEUR,1677993480000,2023-03-05 05:18:00,0.9405,0.9405,0.9403,0.9403,8003.06
coinbase,USDCEUR,1677994560000,2023-03-05 05:36:00,0.9407,0.9407,0.9406,0.9406,615.59
coinbase,USDCEUR,1677995880000,2023-03-05 05:58:00,0.9406,0.9406,0.9406,0.9406,1997.88
coinbase,USDCEUR,1677996720000,2023-03-05 06:12:00,0.9407,0.9407,0.9406,0.9406,685.3
coinbase,USDCEUR,1677997920000,2023-03-05 06:32:00,0.9409,0.9409,0.9409,0.9409,127.76
coinbase,USDCEUR,1677998700000,2023-03-05 06:45:00,0.9405,0.9407,0.9405,0.9407,53.73
coinbase,USDCEUR,1678001160000,2023-03-05 07:26:00,0.9407,0.9408,0.9407,0.9408,44.07
coinbase,USDCEUR,1678001400000,2023-03-05 07:30:00,0.9408,0.9409,0.9407,0.9408,4514.88
coinbase,USDCEUR,1678001940000,2023-03-05 07:39:00,0.9406,0.9409,0.9406,0.9409,3064.65
coinbase,USDCEUR,1678002480000,2023-03-05 07:48:00,0.9408,0.9409,0.9406,0.9406,44.08
coinbase,USDCEUR,1678002660000,2023-03-05 07:51:00,0.9406,0.9406,0.9404,0.9404,348.9
coinbase,USDCEUR,1678002840000,2023-03-05 07:54:00,0.9409,0.9409,0.9405,0.9405,105.85
coinbase,USDCEUR,1678002900000,2023-03-05 07:55:00,0.9408,0.9409,0.9408,0.9408,5513.32
coinbase,USDCEUR,1677972360000,2023-03-04 23:26:00,0.9409,0.9409,0.9407,0.9407,11.01
coinbase,USDCEUR,1677972600000,2023-03-04 23:30:00,0.9407,0.9407,0.9407,0.9407,48.11
coinbase,USDCEUR,1677972660000,2023-03-04 23:31:00,0.9407,0.9407,0.9407,0.9407,454.99
coinbase,USDCEUR,1677973020000,2023-03-04 23:37:00,0.9407,0.9407,0.9407,0.9407,550.26
coinbase,USDCEUR,1677973080000,2023-03-04 23:38:00,0.9407,0.9407,0.9407,0.9407,1393.57
coinbase,USDCEUR,1677973200000,2023-03-04 23:40:00,0.9407,0.9409,0.9407,0.9409,336.74
coinbase,USDCEUR,1677974100000,2023-03-04 23:55:00,0.9409,0.9409,0.9409,0.9409,335.68
coinbase,USDCEUR,1677974460000,2023-03-05 00:01:00,0.9407,0.9407,0.9407,0.9407,14.9
coinbase,USDCEUR,1677974700000,2023-03-05 00:05:00,0.9407,0.9409,0.9407,0.9409,16.68
coinbase,USDCEUR,1677974820000,2023-03-05 00:07:00,0.9409,0.9409,0.9409,0.9409,23.36
coinbase,USDCEUR,1677975180000,2023-03-05 00:13:00,0.9409,0.9409,0.9407,0.9407,364.53
coinbase,USDCEUR,1677975240000,2023-03-05 00:14:00,0.9407,0.9407,0.9407,0.9407,520.3
coinbase,USDCEUR,1677975300000,2023-03-05 00:15:00,0.9407,0.9407,0.9407,0.9407,100.02
coinbase,USDCEUR,1677975360000,2023-03-05 00:16:00,0.9407,0.9407,0.9407,0.9407,247.89
coinbase,USDCEUR,1677975420000,2023-03-05 00:17:00,0.9407,0.9407,0.9407,0.9407,158.33
coinbase,USDCEUR,1677975720000,2023-03-05 00:22:00,0.9409,0.9409,0.9409,0.9409,263.23
coinbase,USDCEUR,1677976440000,2023-03-05 00:34:00,0.9407,0.9409,0.9407,0.9407,82.28
coinbase,USDCEUR,1677976560000,2023-03-05 00:36:00,0.9409,0.9409,0.9409,0.9409,3.45
coinbase,USDCEUR,1677976680000,2023-03-05 00:38:00,0.9407,0.9407,0.9407,0.9407,13.43
coinbase,USDCEUR,1677977340000,2023-03-05 00:49:00,0.9407,0.9409,0.9407,0.9409,25.9
coinbase,USDCEUR,1677977460000,2023-03-05 00:51:00,0.9407,0.9409,0.9407,0.9409,638.45
coinbase,USDCEUR,1677977760000,2023-03-05 00:56:00,0.9407,0.9407,0.9407,0.9407,17.16
coinbase,USDCEUR,1677977940000,2023-03-05 00:59:00,0.9409,0.9409,0.9409,0.9409,113.43
coinbase,USDCEUR,1677978120000,2023-03-05 01:02:00,0.9409,0.9409,0.9407,0.9407,29.11
coinbase,USDCEUR,1677978960000,2023-03-05 01:16:00,0.9407,0.9407,0.9405,0.9405,1252.33
coinbase,USDCEUR,1677979140000,2023-03-05 01:19:00,0.9409,0.9409,0.9406,0.9406,58.3
coinbase,USDCEUR,1677979560000,2023-03-05 01:26:00,0.9406,0.9406,0.9404,0.9404,233.25
coinbase,USDCEUR,1677980040000,2023-03-05 01:34:00,0.9408,0.9408,0.9404,0.9404,74.95
coinbase,USDCEUR,1677980640000,2023-03-05 01:44:00,0.9404,0.9404,0.9404,0.9404,10.8
coinbase,USDCEUR,1677981180000,2023-03-05 01:53:00,0.9407,0.9407,0.9407,0.9407,3.3
coinbase,USDCEUR,1677981480000,2023-03-05 01:58:00,0.9407,0.9409,0.9407,0.9408,625.63
coinbase,USDCEUR,1677981600000,2023-03-05 02:00:00,0.9408,0.9408,0.9405,0.9405,41.75
coinbase,USDCEUR,1677981900000,2023-03-05 02:05:00,0.9408,0.9409,0.9408,0.9409,169.28
coinbase,USDCEUR,1677982080000,2023-03-05 02:08:00,0.9406,0.9406,0.9406,0.9406,3.2
coinbase,USDCEUR,1677982200000,2023-03-05 02:10:00,0.9409,0.9409,0.9409,0.9409,8.34
coinbase,USDCEUR,1677982680000,2023-03-05 02:18:00,0.9409,0.9409,0.9409,0.9409,64.92
coinbase,USDCEUR,1677983340000,2023-03-05 02:29:00,0.9409,0.9409,0.9409,0.9409,12.93
coinbase,USDCEUR,1677983700000,2023-03-05 02:35:00,0.9409,0.9409,0.9409,0.9409,19.61
coinbase,USDCEUR,1677983760000,2023-03-05 02:36:00,0.9409,0.9409,0.9409,0.9409,145.61
coinbase,USDCEUR,1677983880000,2023-03-05 02:38:00,0.9409,0.9409,0.9409,0.9409,106.73
coinbase,USDCEUR,1677984300000,2023-03-05 02:45:00,0.9406,0.9406,0.9406,0.9406,2.45
coinbase,USDCEUR,1677984600000,2023-03-05 02:50:00,0.9409,0.9409,0.9409,0.9409,287.57
coinbase,USDCEUR,1677932460000,2023-03-04 12:21:00,0.9409,0.9409,0.9402,0.9402,3753.48
coinbase,USDCEUR,1677933180000,2023-03-04 12:33:00,0.9406,0.9406,0.9406,0.9406,137.08
coinbase,USDCEUR,1677933360000,2023-03-04 12:36:00,0.9406,0.9406,0.9403,0.9403,141.47
coinbase,USDCEUR,1677934740000,2023-03-04 12:59:00,0.9406,0.9407,0.9403,0.9403,79.8
coinbase,USDCEUR,1677934860000,2023-03-04 13:01:00,0.9403,0.9403,0.9403,0.9403,60.59
coinbase,USDCEUR,1677935100000,2023-03-04 13:05:00,0.9403,0.9406,0.9403,0.9406,343.77
coinbase,USDCEUR,1677935340000,2023-03-04 13:09:00,0.9406,0.9406,0.9406,0.9406,274.12
coinbase,USDCEUR,1677935400000,2023-03-04 13:10:00,0.9406,0.9406,0.9406,0.9406,205.59
coinbase,USDCEUR,1677935460000,2023-03-04 13:11:00,0.9406,0.9406,0.9406,0.9406,68.53
coinbase,USDCEUR,1677935520000,2023-03-04 13:12:00,0.9406,0.9406,0.9406,0.9406,68.53
coinbase,USDCEUR,1677935580000,2023-03-04 13:13:00,0.9406,0.9406,0.9406,0.9406,137.06
coinbase,USDCEUR,1677935640000,2023-03-04 13:14:00,0.9406,0.9406,0.9406,0.9406,88.4
coinbase,USDCEUR,1677936180000,2023-03-04 13:23:00,0.9408,0.9408,0.9406,0.9406,29.88
coinbase,USDCEUR,1677936240000,2023-03-04 13:24:00,0.9406,0.9406,0.9406,0.9406,117.84
coinbase,USDCEUR,1677936300000,2023-03-04 13:25:00,0.9407,0.9407,0.9407,0.9407,137.06
coinbase,USDCEUR,1677936360000,2023-03-04 13:26:00,0.9407,0.9407,0.9406,0.9407,146.98
coinbase,USDCEUR,1677936780000,2023-03-04 13:33:00,0.9407,0.9407,0.9407,0.9407,137.02
coinbase,USDCEUR,1677936840000,2023-03-04 13:34:00,0.9407,0.9409,0.9406,0.9406,71.29
coinbase,USDCEUR,1677936960000,2023-03-04 13:36:00,0.9408,0.9408,0.9407,0.9407,11.31
coinbase,USDCEUR,1677937320000,2023-03-04 13:42:00,0.9408,0.9409,0.9408,0.9409,851.9
coinbase,USDCEUR,1677937380000,2023-03-04 13:43:00,0.9409,0.9409,0.9409,0.9409,32.92
coinbase,USDCEUR,1677937440000,2023-03-04 13:44:00,0.9409,0.9409,0.9409,0.9409,786.76
coinbase,USDCEUR,1677937680000,2023-03-04 13:48:00,0.9409,0.9409,0.9405,0.9405,8.78
coinbase,USDCEUR,1677937860000,2023-03-04 13:51:00,0.9406,0.9408,0.9405,0.9408,357.25
coinbase,USDCEUR,1677937920000,2023-03-04 13:52:00,0.9408,0.9408,0.9408,0.9408,13.33
coinbase,USDCEUR,1677937980000,2023-03-04 13:53:00,0.9408,0.9409,0.9408,0.9409,543.99
coinbase,USDCEUR,1677938160000,2023-03-04 13:56:00,0.9409,0.9409,0.9407,0.9408,192.32
coinbase,USDCEUR,1677938580000,2023-03-04 14:03:00,0.9406,0.9406,0.9405,0.9405,3507.26
coinbase,USDCEUR,1677938760000,2023-03-04 14:06:00,0.9408,0.9408,0.9405,0.9405,6.98
coinbase,USDCEUR,1677939120000,2023-03-04 14:12:00,0.9405,0.9405,0.9405,0.9405,1.7
coinbase,USDCEUR,1677939240000,2023-03-04 14:14:00,0.9408,0.9408,0.9408,0.9408,66.93
coinbase,USDCEUR,1677939420000,2023-03-04 14:17:00,0.9408,0.9409,0.9408,0.9409,959.67
coinbase,USDCEUR,1677939540000,2023-03-04 14:19:00,0.9409,0.9409,0.9406,0.9406,21.16
coinbase,USDCEUR,1677939600000,2023-03-04 14:20:00,0.9406,0.9408,0.9406,0.9408,9.83
coinbase,USDCEUR,1677939780000,2023-03-04 14:23:00,0.9408,0.9409,0.9408,0.9409,102.53
coinbase,USDCEUR,1677940980000,2023-03-04 14:43:00,0.9408,0.9408,0.9407,0.9407,45.42
coinbase,USDCEUR,1677941160000,2023-03-04 14:46:00,0.9407,0.9408,0.9407,0.9408,147.61
coinbase,USDCEUR,1677941640000,2023-03-04 14:54:00,0.9408,0.9408,0.9408,0.9408,434.88
coinbase,USDCEUR,1677943140000,2023-03-04 15:19:00,0.9408,0.9408,0.9408,0.9408,24.63
coinbase,USDCEUR,1677943320000,2023-03-04 15:22:00,0.9407,0.9409,0.9407,0.9409,288.48
coinbase,USDCEUR,1677943500000,2023-03-04 15:25:00,0.9407,0.9409,0.9406,0.9409,287.61
coinbase,USDCEUR,1677943680000,2023-03-04 15:28:00,0.9409,0.9409,0.9406,0.9406,5.83
coinbase,USDCEUR,1677943740000,2023-03-04 15:29:00,0.9409,0.9409,0.9409,0.9409,1.03
coinbase,USDCEUR,1677943800000,2023-03-04 15:30:00,0.9406,0.9409,0.9406,0.9409,1001.65
coinbase,USDCEUR,1677944280000,2023-03-04 15:38:00,0.9406,0.9406,0.9406,0.9406,2.44
coinbase,USDCEUR,1677944640000,2023-03-04 15:44:00,0.9406,0.9409,0.9406,0.9409,15.33
coinbase,USDCEUR,1677945360000,2023-03-04 15:56:00,0.9409,0.9409,0.9406,0.9406,16.61
coinbase,USDCEUR,1677946080000,2023-03-04 16:08:00,0.9409,0.9409,0.9406,0.9406,19.28
coinbase,USDCEUR,1677946260000,2023-03-04 16:11:00,0.9409,0.9409,0.9408,0.9408,206.53
coinbase,USDCEUR,1677946860000,2023-03-04 16:21:00,0.9407,0.9408,0.9407,0.9408,154.02
coinbase,USDCEUR,1677947220000,2023-03-04 16:27:00,0.9408,0.9409,0.9407,0.9407,295.32
coinbase,USDCEUR,1677948840000,2023-03-04 16:54:00,0.9409,0.9409,0.9409,0.9409,124.6
coinbase,USDCEUR,1677949080000,2023-03-04 16:58:00,0.9409,0.9409,0.9409,0.9409,146.83
coinbase,USDCEUR,1677949140000,2023-03-04 16:59:00,0.9409,0.9409,0.9409,0.9409,150.26
coinbase,USDCEUR,1677913620000,2023-03-04 07:07:00,0.941,0.941,0.9406,0.9406,17.67
coinbase,USDCEUR,1677913980000,2023-03-04 07:13:00,0.9406,0.9406,0.9406,0.9406,25.15
coinbase,USDCEUR,1677914040000,2023-03-04 07:14:00,0.9406,0.9406,0.9406,0.9406,59.66
coinbase,USDCEUR,1677914100000,2023-03-04 07:15:00,0.9406,0.9409,0.9406,0.9409,76.38
coinbase,USDCEUR,1677915180000,2023-03-04 07:33:00,0.9406,0.9409,0.9404,0.9409,2653.18
coinbase,USDCEUR,1677915960000,2023-03-04 07:46:00,0.9408,0.9414,0.9408,0.9414,5005.98
coinbase,USDCEUR,1677916800000,2023-03-04 08:00:00,0.9409,0.9409,0.9409,0.9409,19.91
coinbase,USDCEUR,1677917160000,2023-03-04 08:06:00,0.9409,0.9409,0.9407,0.9407,527.93
coinbase,USDCEUR,1677917340000,2023-03-04 08:09:00,0.9406,0.9407,0.9404,0.9407,623.16
coinbase,USDCEUR,1677917460000,2023-03-04 08:11:00,0.9407,0.9407,0.9407,0.9407,2457.81
coinbase,USDCEUR,1677917520000,2023-03-04 08:12:00,0.9407,0.9407,0.9407,0.9407,205.47
coinbase,USDCEUR,1677917700000,2023-03-04 08:15:00,0.9407,0.9407,0.9407,0.9407,9683.88
coinbase,USDCEUR,1677917880000,2023-03-04 08:18:00,0.9407,0.9407,0.9407,0.9407,205.48
coinbase,USDCEUR,1677919680000,2023-03-04 08:48:00,0.9407,0.9408,0.9405,0.9405,1561.33
coinbase,USDCEUR,1677920040000,2023-03-04 08:54:00,0.9408,0.9408,0.9407,0.9407,317.16
coinbase,USDCEUR,1677920280000,2023-03-04 08:58:00,0.9405,0.9408,0.9405,0.9408,109.2
coinbase,USDCEUR,1677920640000,2023-03-04 09:04:00,0.9405,0.9407,0.9405,0.9407,121.11
coinbase,USDCEUR,1677920820000,2023-03-04 09:07:00,0.9407,0.9407,0.9407,0.9407,137.02
coinbase,USDCEUR,1677921000000,2023-03-04 09:10:00,0.9407,0.9407,0.9405,0.9405,3006.06
coinbase,USDCEUR,1677922500000,2023-03-04 09:35:00,0.9407,0.9407,0.9407,0.9407,12048.6
coinbase,USDCEUR,1677922920000,2023-03-04 09:42:00,0.9407,0.9407,0.9407,0.9407,56453.39
coinbase,USDCEUR,1677923880000,2023-03-04 09:58:00,0.9408,0.9408,0.9408,0.9408,8.08
coinbase,USDCEUR,1677924240000,2023-03-04 10:04:00,0.9406,0.9406,0.9405,0.9405,36.61
coinbase,USDCEUR,1677924300000,2023-03-04 10:05:00,0.9406,0.9406,0.9406,0.9406,11.28
coinbase,USDCEUR,1677925320000,2023-03-04 10:22:00,0.9407,0.9408,0.9407,0.9408,10035.9
coinbase,USDCEUR,1677926400000,2023-03-04 10:40:00,0.9405,0.9406,0.9403,0.9406,5399.04
coinbase,USDCEUR,1677926880000,2023-03-04 10:48:00,0.9407,0.9408,0.9406,0.9408,824.2
coinbase,USDCEUR,1677927240000,2023-03-04 10:54:00,0.9407,0.9407,0.9407,0.9407,137.02
coinbase,USDCEUR,1677927300000,2023-03-04 10:55:00,0.9407,0.9407,0.9407,0.9407,205.53
coinbase,USDCEUR,1677927480000,2023-03-04 10:58:00,0.9411,0.9411,0.9408,0.9409,10100.94
coinbase,USDCEUR,1677929640000,2023-03-04 11:34:00,0.9408,0.9408,0.9407,0.9407,35.1
coinbase,USDCEUR,1677895560000,2023-03-04 02:06:00,0.9404,0.9404,0.9401,0.9401,56.62
coinbase,USDCEUR,1677895920000,2023-03-04 02:12:00,0.9404,0.9404,0.9401,0.9401,34.8
coinbase,USDCEUR,1677896280000,2023-03-04 02:18:00,0.9404,0.9404,0.9401,0.9401,5.3
coinbase,USDCEUR,1677896700000,2023-03-04 02:25:00,0.9401,0.9401,0.9401,0.9401,24.85
coinbase,USDCEUR,1677896880000,2023-03-04 02:28:00,0.9401,0.9401,0.9401,0.9401,13.62
coinbase,USDCEUR,1677897000000,2023-03-04 02:30:00,0.9404,0.9408,0.9404,0.9408,607.04
coinbase,USDCEUR,1677898500000,2023-03-04 02:55:00,0.9405,0.9405,0.9405,0.9405,44.44
coinbase,USDCEUR,1677898620000,2023-03-04 02:57:00,0.9407,0.9407,0.9407,0.9407,3.97
coinbase,USDCEUR,1677898800000,2023-03-04 03:00:00,0.9407,0.9407,0.9405,0.9405,30.55
coinbase,USDCEUR,1677900120000,2023-03-04 03:22:00,0.9405,0.9407,0.9405,0.9407,27.49
coinbase,USDCEUR,1677900480000,2023-03-04 03:28:00,0.9405,0.9405,0.9405,0.9405,21.26
coinbase,USDCEUR,1677902160000,2023-03-04 03:56:00,0.9405,0.9405,0.9405,0.9405,89.65
coinbase,USDCEUR,1677903360000,2023-03-04 04:16:00,0.9407,0.9407,0.9405,0.9405,12.77
coinbase,USDCEUR,1677905280000,2023-03-04 04:48:00,0.9405,0.9407,0.9405,0.9407,15.54
coinbase,USDCEUR,1677905940000,2023-03-04 04:59:00,0.9407,0.9407,0.9405,0.9407,23.75
coinbase,USDCEUR,1677907560000,2023-03-04 05:26:00,0.9405,0.9405,0.9403,0.9403,197.38
coinbase,USDCEUR,1677908220000,2023-03-04 05:37:00,0.9405,0.9406,0.9405,0.9406,279.48
coinbase,USDCEUR,1677909000000,2023-03-04 05:50:00,0.9406,0.9406,0.9406,0.9406,137.04
coinbase,USDCEUR,1677909180000,2023-03-04 05:53:00,0.9409,0.9409,0.9407,0.9409,1090.78
coinbase,USDCEUR,1677909780000,2023-03-04 06:03:00,0.9408,0.9411,0.9406,0.9406,547.16
coinbase,USDCEUR,1677910980000,2023-03-04 06:23:00,0.9406,0.9406,0.9406,0.9406,32.54
coinbase,USDCEUR,1677911100000,2023-03-04 06:25:00,0.9406,0.9406,0.9406,0.9406,2.06
coinbase,USDCEUR,1677911280000,2023-03-04 06:28:00,0.9406,0.9411,0.9406,0.9411,81.02
coinbase,USDCEUR,1677912660000,2023-03-04 06:51:00,0.9406,0.9406,0.9406,0.9406,68.99
coinbase,USDCEUR,1677877380000,2023-03-03 21:03:00,0.9404,0.9404,0.94,0.94,3407.47
coinbase,USDCEUR,1677877920000,2023-03-03 21:12:00,0.94,0.9404,0.94,0.9404,135.45
coinbase,USDCEUR,1677877980000,2023-03-03 21:13:00,0.9403,0.9403,0.9403,0.9403,176.29
coinbase,USDCEUR,1677878040000,2023-03-03 21:14:00,0.94,0.9403,0.94,0.9403,101.5
coinbase,USDCEUR,1677878280000,2023-03-03 21:18:00,0.9403,0.9406,0.9403,0.9406,422.21
coinbase,USDCEUR,1677878520000,2023-03-03 21:22:00,0.9402,0.9405,0.9402,0.9405,15.98
coinbase,USDCEUR,1677878580000,2023-03-03 21:23:00,0.9405,0.9405,0.9405,0.9405,29.36
coinbase,USDCEUR,1677878640000,2023-03-03 21:24:00,0.9401,0.9406,0.9401,0.9406,4544.56
coinbase,USDCEUR,1677878940000,2023-03-03 21:29:00,0.9403,0.9403,0.9403,0.9403,13.37
coinbase,USDCEUR,1677879180000,2023-03-03 21:33:00,0.9401,0.9401,0.9401,0.9401,2086.64
coinbase,USDCEUR,1677879480000,2023-03-03 21:38:00,0.9405,0.9405,0.9401,0.9401,24.92
coinbase,USDCEUR,1677879840000,2023-03-03 21:44:00,0.9405,0.9405,0.9405,0.9405,11.8
coinbase,USDCEUR,1677880260000,2023-03-03 21:51:00,0.9405,0.9405,0.9405,0.9405,57.01
coinbase,USDCEUR,1677880320000,2023-03-03 21:52:00,0.9402,0.9404,0.9401,0.9404,169.1
coinbase,USDCEUR,1677880680000,2023-03-03 21:58:00,0.9405,0.9405,0.9401,0.9401,2
coinbase,USDCEUR,1677880800000,2023-03-03 22:00:00,0.9402,0.9405,0.9402,0.9405,332.62
coinbase,USDCEUR,1677881040000,2023-03-03 22:04:00,0.9405,0.9405,0.9405,0.9405,130.49
coinbase,USDCEUR,1677881580000,2023-03-03 22:13:00,0.94,0.94,0.94,0.94,80
coinbase,USDCEUR,1677881940000,2023-03-03 22:19:00,0.9402,0.9405,0.9402,0.9405,3.07
coinbase,USDCEUR,1677882420000,2023-03-03 22:27:00,0.9405,0.9406,0.9405,0.9406,463.69
coinbase,USDCEUR,1677882480000,2023-03-03 22:28:00,0.9406,0.9406,0.9405,0.9405,17.35
coinbase,USDCEUR,1677882900000,2023-03-03 22:35:00,0.9405,0.9405,0.9405,0.9405,17.95
coinbase,USDCEUR,1677883020000,2023-03-03 22:37:00,0.9405,0.9405,0.94,0.94,21.76
coinbase,USDCEUR,1677883080000,2023-03-03 22:38:00,0.9404,0.9408,0.9404,0.9408,4851.15
coinbase,USDCEUR,1677883560000,2023-03-03 22:46:00,0.9405,0.9406,0.9405,0.9406,34.64
coinbase,USDCEUR,1677883920000,2023-03-03 22:52:00,0.9403,0.9406,0.9403,0.9406,27.91
coinbase,USDCEUR,1677884820000,2023-03-03 23:07:00,0.9403,0.9403,0.9403,0.9403,0.94
coinbase,USDCEUR,1677884880000,2023-03-03 23:08:00,0.9403,0.9408,0.9403,0.9408,441.17
coinbase,USDCEUR,1677885660000,2023-03-03 23:21:00,0.9407,0.9407,0.9407,0.9407,67.36
coinbase,USDCEUR,1677885840000,2023-03-03 23:24:00,0.9403,0.9406,0.9403,0.9406,1350.2
coinbase,USDCEUR,1677886140000,2023-03-03 23:29:00,0.9406,0.9406,0.9406,0.9406,23.82
coinbase,USDCEUR,1677886680000,2023-03-03 23:38:00,0.9404,0.9407,0.9404,0.9407,73.43
coinbase,USDCEUR,1677886980000,2023-03-03 23:43:00,0.9407,0.9407,0.9406,0.9406,24.15
coinbase,USDCEUR,1677887220000,2023-03-03 23:47:00,0.9406,0.9406,0.9406,0.9406,33.16
coinbase,USDCEUR,1677887340000,2023-03-03 23:49:00,0.9406,0.9408,0.9406,0.9407,174.16
coinbase,USDCEUR,1677887940000,2023-03-03 23:59:00,0.9407,0.9407,0.9404,0.9404,136.24
coinbase,USDCEUR,1677888060000,2023-03-04 00:01:00,0.9407,0.9407,0.9407,0.9407,10.82
coinbase,USDCEUR,1677888360000,2023-03-04 00:06:00,0.9405,0.9407,0.9405,0.9405,9.92
coinbase,USDCEUR,1677888540000,2023-03-04 00:09:00,0.9407,0.9409,0.9407,0.9409,433.8
coinbase,USDCEUR,1677888900000,2023-03-04 00:15:00,0.9405,0.9407,0.9405,0.9407,11.85
coinbase,USDCEUR,1677889200000,2023-03-04 00:20:00,0.9407,0.9407,0.9407,0.9407,29.55
coinbase,USDCEUR,1677889380000,2023-03-04 00:23:00,0.9405,0.9407,0.9404,0.9404,445.52
coinbase,USDCEUR,1677889560000,2023-03-04 00:26:00,0.9403,0.9406,0.9401,0.9406,117.65
coinbase,USDCEUR,1677889800000,2023-03-04 00:30:00,0.9402,0.9402,0.9402,0.9402,38.08
coinbase,USDCEUR,1677889920000,2023-03-04 00:32:00,0.9402,0.9405,0.9402,0.9405,14.29
coinbase,USDCEUR,1677890100000,2023-03-04 00:35:00,0.9402,0.9402,0.9402,0.9402,8.72
coinbase,USDCEUR,1677890220000,2023-03-04 00:37:00,0.9402,0.9405,0.9402,0.9405,57.92
coinbase,USDCEUR,1677890640000,2023-03-04 00:44:00,0.9405,0.9405,0.9402,0.9402,22.37
coinbase,USDCEUR,1677890700000,2023-03-04 00:45:00,0.9405,0.9405,0.9402,0.9405,71.15
coinbase,USDCEUR,1677890940000,2023-03-04 00:49:00,0.9402,0.9404,0.9401,0.9404,162.26
coinbase,USDCEUR,1677891240000,2023-03-04 00:54:00,0.9402,0.9404,0.9402,0.9404,65.35
coinbase,USDCEUR,1677891540000,2023-03-04 00:59:00,0.9404,0.9404,0.94,0.94,75.62
coinbase,USDCEUR,1677892980000,2023-03-04 01:23:00,0.9404,0.9404,0.9404,0.9404,6.49
coinbase,USDCEUR,1677893040000,2023-03-04 01:24:00,0.94,0.9404,0.94,0.9404,2475.33
coinbase,USDCEUR,1677893400000,2023-03-04 01:30:00,0.9403,0.9404,0.9401,0.9404,47.37
coinbase,USDCEUR,1677894240000,2023-03-04 01:44:00,0.9401,0.9404,0.9401,0.9404,75.75
coinbase,USDCEUR,1677894420000,2023-03-04 01:47:00,0.9401,0.9404,0.9401,0.9401,42.59
coinbase,USDCEUR,1677894480000,2023-03-04 01:48:00,0.9401,0.9401,0.9401,0.9401,7.29
coinbase,USDCEUR,1677894720000,2023-03-04 01:52:00,0.9403,0.9403,0.9401,0.9401,25.43
coinbase,USDCEUR,1677859800000,2023-03-03 16:10:00,0.9439,0.9439,0.9436,0.9436,422.36
coinbase,USDCEUR,1677859920000,2023-03-03 16:12:00,0.9438,0.9445,0.9438,0.9445,63.2
coinbase,USDCEUR,1677860220000,2023-03-03 16:17:00,0.9438,0.9445,0.9438,0.9445,6.28
coinbase,USDCEUR,1677860640000,2023-03-03 16:24:00,0.9444,0.9445,0.9444,0.9445,43061.55
coinbase,USDCEUR,1677860700000,2023-03-03 16:25:00,0.9445,0.9446,0.9445,0.9445,24961.9
coinbase,USDCEUR,1677860760000,2023-03-03 16:26:00,0.9445,0.9446,0.9445,0.9446,32672.46
coinbase,USDCEUR,1677860880000,2023-03-03 16:28:00,0.9446,0.9446,0.9446,0.9446,476.46
coinbase,USDCEUR,1677861060000,2023-03-03 16:31:00,0.9445,0.9445,0.9441,0.9442,78.8
coinbase,USDCEUR,1677861240000,2023-03-03 16:34:00,0.9442,0.9442,0.9439,0.9439,136.45
coinbase,USDCEUR,1677861420000,2023-03-03 16:37:00,0.9439,0.944,0.9438,0.944,274.66
coinbase,USDCEUR,1677861660000,2023-03-03 16:41:00,0.9438,0.9439,0.9436,0.9439,165.91
coinbase,USDCEUR,1677861780000,2023-03-03 16:43:00,0.9436,0.9436,0.9436,0.9436,170.95
coinbase,USDCEUR,1677861840000,2023-03-03 16:44:00,0.9436,0.9436,0.9431,0.9431,1644.46
coinbase,USDCEUR,1677861900000,2023-03-03 16:45:00,0.9429,0.9429,0.9429,0.9429,56.73
coinbase,USDCEUR,1677862440000,2023-03-03 16:54:00,0.9433,0.9433,0.9432,0.9432,2296.57
coinbase,USDCEUR,1677862500000,2023-03-03 16:55:00,0.9433,0.9433,0.9432,0.9433,481.93
coinbase,USDCEUR,1677862560000,2023-03-03 16:56:00,0.9432,0.9433,0.9429,0.9431,112.04
coinbase,USDCEUR,1677862680000,2023-03-03 16:58:00,0.9432,0.9432,0.9428,0.9431,193.39
coinbase,USDCEUR,1677863220000,2023-03-03 17:07:00,0.9429,0.943,0.9429,0.943,564.96
coinbase,USDCEUR,1677863340000,2023-03-03 17:09:00,0.9429,0.9429,0.9428,0.9428,53.42
coinbase,USDCEUR,1677863400000,2023-03-03 17:10:00,0.9428,0.9428,0.9427,0.9427,90.96
coinbase,USDCEUR,1677863520000,2023-03-03 17:12:00,0.9425,0.9428,0.9425,0.9428,208.53
coinbase,USDCEUR,1677863700000,2023-03-03 17:15:00,0.9426,0.9426,0.9424,0.9424,21.76
coinbase,USDCEUR,1677864120000,2023-03-03 17:22:00,0.9426,0.9426,0.9423,0.9423,822.56
coinbase,USDCEUR,1677864360000,2023-03-03 17:26:00,0.9426,0.9426,0.9422,0.9422,14.96
coinbase,USDCEUR,1677864660000,2023-03-03 17:31:00,0.9426,0.9426,0.9419,0.9419,993.06
coinbase,USDCEUR,1677864900000,2023-03-03 17:35:00,0.9425,0.9425,0.9419,0.9419,63.3
coinbase,USDCEUR,1677865320000,2023-03-03 17:42:00,0.9419,0.9419,0.9416,0.9417,227.58
coinbase,USDCEUR,1677865380000,2023-03-03 17:43:00,0.9416,0.9421,0.9416,0.9421,113.23
coinbase,USDCEUR,1677865500000,2023-03-03 17:45:00,0.9416,0.9419,0.9416,0.9419,563.29
coinbase,USDCEUR,1677865740000,2023-03-03 17:49:00,0.9419,0.9419,0.9416,0.9416,377.14
coinbase,USDCEUR,1677865980000,2023-03-03 17:53:00,0.9415,0.9415,0.9415,0.9415,25.57
coinbase,USDCEUR,1677866160000,2023-03-03 17:56:00,0.9415,0.9415,0.9415,0.9415,24852.91
coinbase,USDCEUR,1677866280000,2023-03-03 17:58:00,0.9415,0.9419,0.9415,0.9418,138.39
coinbase,USDCEUR,1677867120000,2023-03-03 18:12:00,0.9414,0.9417,0.9412,0.9417,717.04
coinbase,USDCEUR,1677867180000,2023-03-03 18:13:00,0.9417,0.9417,0.9411,0.9413,10805.99
coinbase,USDCEUR,1677867300000,2023-03-03 18:15:00,0.9414,0.9414,0.9414,0.9414,4.89
coinbase,USDCEUR,1677867420000,2023-03-03 18:17:00,0.9415,0.9419,0.9415,0.9415,496.56
coinbase,USDCEUR,1677867660000,2023-03-03 18:21:00,0.9418,0.9418,0.9418,0.9418,49.62
coinbase,USDCEUR,1677867720000,2023-03-03 18:22:00,0.9415,0.9419,0.9415,0.9419,577.37
coinbase,USDCEUR,1677868200000,2023-03-03 18:30:00,0.9418,0.9418,0.9418,0.9418,20.67
coinbase,USDCEUR,1677868500000,2023-03-03 18:35:00,0.9417,0.9418,0.9417,0.9418,606.5
coinbase,USDCEUR,1677868800000,2023-03-03 18:40:00,0.9418,0.9419,0.9415,0.9415,111.2
coinbase,USDCEUR,1677869040000,2023-03-03 18:44:00,0.9418,0.9418,0.9418,0.9418,18.68
coinbase,USDCEUR,1677869280000,2023-03-03 18:48:00,0.9418,0.9419,0.9417,0.9419,185.05
coinbase,USDCEUR,1677870120000,2023-03-03 19:02:00,0.9418,0.9418,0.9418,0.9418,3.87
coinbase,USDCEUR,1677870180000,2023-03-03 19:03:00,0.9416,0.9416,0.9415,0.9415,127.58
coinbase,USDCEUR,1677870240000,2023-03-03 19:04:00,0.9414,0.9417,0.9414,0.9414,289.37
coinbase,USDCEUR,1677870540000,2023-03-03 19:09:00,0.9415,0.9415,0.9415,0.9415,1.2
coinbase,USDCEUR,1677870660000,2023-03-03 19:11:00,0.9415,0.9415,0.9414,0.9414,601.4
coinbase,USDCEUR,1677871140000,2023-03-03 19:19:00,0.9415,0.9417,0.9415,0.9417,9.63
coinbase,USDCEUR,1677871200000,2023-03-03 19:20:00,0.9417,0.9417,0.9412,0.9412,343.03
coinbase,USDCEUR,1677871560000,2023-03-03 19:26:00,0.9414,0.9414,0.9413,0.9413,27.42
coinbase,USDCEUR,1677871800000,2023-03-03 19:30:00,0.9413,0.9416,0.9413,0.9416,73.76
coinbase,USDCEUR,1677871980000,2023-03-03 19:33:00,0.9416,0.9416,0.9415,0.9415,75.22
coinbase,USDCEUR,1677872100000,2023-03-03 19:35:00,0.9415,0.9416,0.9415,0.9416,8059.99
coinbase,USDCEUR,1677872400000,2023-03-03 19:40:00,0.9416,0.9416,0.9408,0.9409,10014.96
coinbase,USDCEUR,1677872700000,2023-03-03 19:45:00,0.9409,0.9413,0.9409,0.9413,48.08
coinbase,USDCEUR,1677872940000,2023-03-03 19:49:00,0.9413,0.9414,0.9409,0.9409,163.28
coinbase,USDCEUR,1677873420000,2023-03-03 19:57:00,0.9411,0.9411,0.9411,0.9411,195.6
coinbase,USDCEUR,1677873480000,2023-03-03 19:58:00,0.9412,0.9412,0.9411,0.9411,15.87
coinbase,USDCEUR,1677873660000,2023-03-03 20:01:00,0.941,0.941,0.941,0.941,1017.32
coinbase,USDCEUR,1677873720000,2023-03-03 20:02:00,0.941,0.9412,0.9409,0.9412,1727.9
coinbase,USDCEUR,1677873900000,2023-03-03 20:05:00,0.9409,0.9409,0.9401,0.9401,273.64
coinbase,USDCEUR,1677874380000,2023-03-03 20:13:00,0.9407,0.9407,0.9406,0.9406,14.74
coinbase,USDCEUR,1677874800000,2023-03-03 20:20:00,0.9403,0.9406,0.9403,0.9406,53.35
coinbase,USDCEUR,1677875460000,2023-03-03 20:31:00,0.9406,0.9411,0.9406,0.9406,382.7
coinbase,USDCEUR,1677875700000,2023-03-03 20:35:00,0.9406,0.9406,0.9406,0.9406,3134.18
coinbase,USDCEUR,1677875940000,2023-03-03 20:39:00,0.9406,0.9406,0.9404,0.9404,244.14
coinbase,USDCEUR,1677876420000,2023-03-03 20:47:00,0.9406,0.9406,0.9406,0.9406,411.08
coinbase,USDCEUR,1677876780000,2023-03-03 20:53:00,0.9406,0.9406,0.9406,0.9406,5.11
coinbase,USDCEUR,1677877080000,2023-03-03 20:58:00,0.9404,0.9406,0.9404,0.9406,5.04
coinbase,USDCEUR,1677841200000,2023-03-03 11:00:00,0.9422,0.9426,0.9421,0.9425,769.32
coinbase,USDCEUR,1677841320000,2023-03-03 11:02:00,0.9426,0.9428,0.9426,0.9428,25798.95
coinbase,USDCEUR,1677841380000,2023-03-03 11:03:00,0.9429,0.9431,0.9429,0.9431,42416.37
coinbase,USDCEUR,1677841920000,2023-03-03 11:12:00,0.9431,0.9432,0.9431,0.9432,100788.86
coinbase,USDCEUR,1677842160000,2023-03-03 11:16:00,0.9431,0.9431,0.9431,0.9431,3.35
coinbase,USDCEUR,1677842640000,2023-03-03 11:24:00,0.9433,0.9436,0.9427,0.9436,14748.18
coinbase,USDCEUR,1677843300000,2023-03-03 11:35:00,0.9435,0.9435,0.9434,0.9434,137.28
coinbase,USDCEUR,1677843540000,2023-03-03 11:39:00,0.943,0.9432,0.943,0.9432,1689.31
coinbase,USDCEUR,1677843600000,2023-03-03 11:40:00,0.943,0.943,0.943,0.943,136.68
coinbase,USDCEUR,1677843780000,2023-03-03 11:43:00,0.943,0.943,0.943,0.943,205.02
coinbase,USDCEUR,1677843840000,2023-03-03 11:44:00,0.9433,0.9434,0.943,0.943,2262.4
coinbase,USDCEUR,1677843900000,2023-03-03 11:45:00,0.943,0.943,0.943,0.943,136.68
coinbase,USDCEUR,1677844080000,2023-03-03 11:48:00,0.943,0.943,0.9427,0.9427,136.67
coinbase,USDCEUR,1677844320000,2023-03-03 11:52:00,0.9427,0.9431,0.9427,0.9431,322.32
coinbase,USDCEUR,1677844440000,2023-03-03 11:54:00,0.9431,0.9431,0.9427,0.9427,188.28
coinbase,USDCEUR,1677844560000,2023-03-03 11:56:00,0.9431,0.9431,0.9431,0.9431,2.12
coinbase,USDCEUR,1677844680000,2023-03-03 11:58:00,0.9431,0.9431,0.9431,0.9431,124.08
coinbase,USDCEUR,1677844800000,2023-03-03 12:00:00,0.9427,0.9427,0.9427,0.9427,292.75
coinbase,USDCEUR,1677844860000,2023-03-03 12:01:00,0.9426,0.9431,0.9426,0.9431,72.74
coinbase,USDCEUR,1677845220000,2023-03-03 12:07:00,0.9431,0.9431,0.9427,0.9427,15.14
coinbase,USDCEUR,1677845460000,2023-03-03 12:11:00,0.9431,0.9431,0.9429,0.9429,16.1
coinbase,USDCEUR,1677845640000,2023-03-03 12:14:00,0.9431,0.9431,0.9427,0.9427,46.05
coinbase,USDCEUR,1677845760000,2023-03-03 12:16:00,0.9431,0.9431,0.9431,0.9431,87.87
coinbase,USDCEUR,1677846000000,2023-03-03 12:20:00,0.9431,0.9431,0.9431,0.9431,22.41
coinbase,USDCEUR,1677846060000,2023-03-03 12:21:00,0.9427,0.9427,0.9427,0.9427,13.15
coinbase,USDCEUR,1677846300000,2023-03-03 12:25:00,0.9431,0.9431,0.9431,0.9431,183.74
coinbase,USDCEUR,1677846360000,2023-03-03 12:26:00,0.9431,0.9431,0.9431,0.9431,341.75
coinbase,USDCEUR,1677846480000,2023-03-03 12:28:00,0.9431,0.9434,0.9431,0.9434,137.7
coinbase,USDCEUR,1677846600000,2023-03-03 12:30:00,0.9434,0.9434,0.9426,0.9429,10343.76
coinbase,USDCEUR,1677846720000,2023-03-03 12:32:00,0.9431,0.9431,0.9431,0.9431,13.19
coinbase,USDCEUR,1677846900000,2023-03-03 12:35:00,0.943,0.943,0.943,0.943,212.4
coinbase,USDCEUR,1677846960000,2023-03-03 12:36:00,0.943,0.9431,0.943,0.9431,132.51
coinbase,USDCEUR,1677847020000,2023-03-03 12:37:00,0.9434,0.9434,0.9433,0.9433,429.07
coinbase,USDCEUR,1677847380000,2023-03-03 12:43:00,0.9433,0.9433,0.9432,0.9432,56.25
coinbase,USDCEUR,1677847560000,2023-03-03 12:46:00,0.9433,0.9434,0.9433,0.9434,171.39
coinbase,USDCEUR,1677847680000,2023-03-03 12:48:00,0.9435,0.9435,0.9435,0.9435,12.81
coinbase,USDCEUR,1677847860000,2023-03-03 12:51:00,0.9435,0.9437,0.9433,0.9433,822.52
coinbase,USDCEUR,1677848040000,2023-03-03 12:54:00,0.9435,0.9435,0.9435,0.9435,32.86
coinbase,USDCEUR,1677848100000,2023-03-03 12:55:00,0.9434,0.9434,0.9433,0.9433,136.7
coinbase,USDCEUR,1677848160000,2023-03-03 12:56:00,0.9435,0.9435,0.943,0.9435,94.64
coinbase,USDCEUR,1677848280000,2023-03-03 12:58:00,0.943,0.9434,0.943,0.9434,164.94
coinbase,USDCEUR,1677848340000,2023-03-03 12:59:00,0.943,0.9434,0.9426,0.9434,720.19
coinbase,USDCEUR,1677848400000,2023-03-03 13:00:00,0.9426,0.9426,0.9426,0.9426,28.24
coinbase,USDCEUR,1677848460000,2023-03-03 13:01:00,0.9426,0.9426,0.9426,0.9426,4.17
coinbase,USDCEUR,1677848520000,2023-03-03 13:02:00,0.9431,0.9431,0.9431,0.9431,1.2
coinbase,USDCEUR,1677848700000,2023-03-03 13:05:00,0.9426,0.9426,0.9426,0.9426,1.62
coinbase,USDCEUR,1677848760000,2023-03-03 13:06:00,0.9426,0.9436,0.9426,0.9436,370.81
coinbase,USDCEUR,1677849180000,2023-03-03 13:13:00,0.9431,0.9432,0.9431,0.9432,136.7
coinbase,USDCEUR,1677849240000,2023-03-03 13:14:00,0.9432,0.9433,0.9426,0.9433,153.64
coinbase,USDCEUR,1677849420000,2023-03-03 13:17:00,0.9433,0.9434,0.9433,0.9434,530.91
coinbase,USDCEUR,1677849600000,2023-03-03 13:20:00,0.9433,0.9434,0.9426,0.9426,605.76
coinbase,USDCEUR,1677850020000,2023-03-03 13:27:00,0.9427,0.9428,0.9424,0.9424,95.28
coinbase,USDCEUR,1677850140000,2023-03-03 13:29:00,0.9427,0.9429,0.9427,0.9429,196.76
coinbase,USDCEUR,1677850380000,2023-03-03 13:33:00,0.9425,0.9425,0.9425,0.9425,16.41
coinbase,USDCEUR,1677850440000,2023-03-03 13:34:00,0.9425,0.9427,0.9422,0.9427,116.59
coinbase,USDCEUR,1677850500000,2023-03-03 13:35:00,0.9422,0.9426,0.9422,0.9426,341.99
coinbase,USDCEUR,1677850560000,2023-03-03 13:36:00,0.942,0.942,0.942,0.942,68.34
coinbase,USDCEUR,1677851220000,2023-03-03 13:47:00,0.9417,0.9417,0.9416,0.9416,140.37
coinbase,USDCEUR,1677851280000,2023-03-03 13:48:00,0.9417,0.9419,0.9417,0.9419,4970.7
coinbase,USDCEUR,1677851580000,2023-03-03 13:53:00,0.9419,0.9419,0.9419,0.9419,26.69
coinbase,USDCEUR,1677851820000,2023-03-03 13:57:00,0.9416,0.9416,0.9416,0.9416,25.5
coinbase,USDCEUR,1677851880000,2023-03-03 13:58:00,0.9419,0.9419,0.9417,0.9417,55.06
coinbase,USDCEUR,1677851940000,2023-03-03 13:59:00,0.9417,0.9417,0.9417,0.9417,5.06
coinbase,USDCEUR,1677852000000,2023-03-03 14:00:00,0.9424,0.9425,0.9416,0.9416,405.73
coinbase,USDCEUR,1677852180000,2023-03-03 14:03:00,0.9416,0.9416,0.9416,0.9416,70
coinbase,USDCEUR,1677852240000,2023-03-03 14:04:00,0.9416,0.9416,0.9416,0.9416,39.16
coinbase,USDCEUR,1677852300000,2023-03-03 14:05:00,0.9416,0.9416,0.9416,0.9416,111.33
coinbase,USDCEUR,1677852540000,2023-03-03 14:09:00,0.942,0.942,0.9419,0.9419,82.67
coinbase,USDCEUR,1677853080000,2023-03-03 14:18:00,0.9424,0.9424,0.9424,0.9424,16.57
coinbase,USDCEUR,1677853320000,2023-03-03 14:22:00,0.9419,0.9424,0.9419,0.9424,144.01
coinbase,USDCEUR,1677853380000,2023-03-03 14:23:00,0.9424,0.9425,0.9424,0.9425,410.46
coinbase,USDCEUR,1677853440000,2023-03-03 14:24:00,0.9425,0.9428,0.9422,0.9428,766.47
coinbase,USDCEUR,1677853560000,2023-03-03 14:26:00,0.9424,0.9429,0.9424,0.9429,9.9
coinbase,USDCEUR,1677854040000,2023-03-03 14:34:00,0.9425,0.9426,0.9425,0.9426,136.84
coinbase,USDCEUR,1677854100000,2023-03-03 14:35:00,0.9425,0.9425,0.9425,0.9425,68.42
coinbase,USDCEUR,1677854160000,2023-03-03 14:36:00,0.9426,0.9428,0.9426,0.9426,215.69
coinbase,USDCEUR,1677854400000,2023-03-03 14:40:00,0.9422,0.9425,0.9422,0.9425,81.22
coinbase,USDCEUR,1677854700000,2023-03-03 14:45:00,0.9423,0.9428,0.9421,0.9421,11.37
coinbase,USDCEUR,1677855180000,2023-03-03 14:53:00,0.9427,0.9427,0.9427,0.9427,103
coinbase,USDCEUR,1677855360000,2023-03-03 14:56:00,0.9423,0.9426,0.9423,0.9426,66.93
coinbase,USDCEUR,1677855420000,2023-03-03 14:57:00,0.9425,0.9426,0.9425,0.9426,60.66
coinbase,USDCEUR,1677855480000,2023-03-03 14:58:00,0.9427,0.9427,0.9426,0.9426,154.76
coinbase,USDCEUR,1677855540000,2023-03-03 14:59:00,0.9424,0.9429,0.9424,0.9429,1070.36
coinbase,USDCEUR,1677855600000,2023-03-03 15:00:00,0.9429,0.9429,0.9429,0.9429,2504.66
coinbase,USDCEUR,1677855660000,2023-03-03 15:01:00,0.9429,0.9436,0.9429,0.9436,2378.93
coinbase,USDCEUR,1677855720000,2023-03-03 15:02:00,0.9436,0.9448,0.9436,0.9443,1405.83
coinbase,USDCEUR,1677855840000,2023-03-03 15:04:00,0.9438,0.9442,0.9438,0.9442,154.69
coinbase,USDCEUR,1677856020000,2023-03-03 15:07:00,0.9451,0.9451,0.9447,0.9447,572.62
coinbase,USDCEUR,1677856380000,2023-03-03 15:13:00,0.944,0.944,0.9435,0.9437,427.71
coinbase,USDCEUR,1677856440000,2023-03-03 15:14:00,0.9436,0.9437,0.9435,0.9435,429.92
coinbase,USDCEUR,1677856560000,2023-03-03 15:16:00,0.9436,0.9436,0.9432,0.9432,178.33
coinbase,USDCEUR,1677856800000,2023-03-03 15:20:00,0.9435,0.9435,0.9435,0.9435,1.69
coinbase,USDCEUR,1677856920000,2023-03-03 15:22:00,0.9435,0.9435,0.9431,0.9431,143.82
coinbase,USDCEUR,1677857040000,2023-03-03 15:24:00,0.9429,0.943,0.9429,0.9429,433.21
coinbase,USDCEUR,1677857100000,2023-03-03 15:25:00,0.9429,0.9429,0.9428,0.9428,341.65
coinbase,USDCEUR,1677857400000,2023-03-03 15:30:00,0.9428,0.9428,0.9422,0.9422,1508.18
coinbase,USDCEUR,1677857580000,2023-03-03 15:33:00,0.9427,0.9435,0.9427,0.9435,386.91
coinbase,USDCEUR,1677858000000,2023-03-03 15:40:00,0.9429,0.9435,0.9429,0.9435,24.51
coinbase,USDCEUR,1677858300000,2023-03-03 15:45:00,0.9435,0.9435,0.9435,0.9435,173.59
coinbase,USDCEUR,1677858600000,2023-03-03 15:50:00,0.9435,0.9435,0.9435,0.9435,707.96
coinbase,USDCEUR,1677858660000,2023-03-03 15:51:00,0.9435,0.9439,0.9435,0.9439,12.78
coinbase,USDCEUR,1677858960000,2023-03-03 15:56:00,0.9439,0.9439,0.9439,0.9439,24.08
coinbase,USDCEUR,1677823620000,2023-03-03 06:07:00,0.9426,0.9428,0.9426,0.9428,365.6
coinbase,USDCEUR,1677823860000,2023-03-03 06:11:00,0.9428,0.9429,0.9428,0.9429,135.35
coinbase,USDCEUR,1677824100000,2023-03-03 06:15:00,0.9425,0.9425,0.9425,0.9425,25.35
coinbase,USDCEUR,1677824340000,2023-03-03 06:19:00,0.9426,0.9426,0.942,0.942,2063.37
coinbase,USDCEUR,1677824580000,2023-03-03 06:23:00,0.9424,0.9424,0.9424,0.9424,34.64
coinbase,USDCEUR,1677825180000,2023-03-03 06:33:00,0.9419,0.9419,0.9419,0.9419,19.99
coinbase,USDCEUR,1677825540000,2023-03-03 06:39:00,0.9419,0.9424,0.9419,0.9419,50.74
coinbase,USDCEUR,1677825600000,2023-03-03 06:40:00,0.9419,0.9424,0.9419,0.9424,25.28
coinbase,USDCEUR,1677825660000,2023-03-03 06:41:00,0.9423,0.9423,0.9419,0.9423,83.44
coinbase,USDCEUR,1677825840000,2023-03-03 06:44:00,0.9419,0.9423,0.9419,0.9423,43.04
coinbase,USDCEUR,1677825960000,2023-03-03 06:46:00,0.9419,0.9426,0.9419,0.9426,507.44
coinbase,USDCEUR,1677826260000,2023-03-03 06:51:00,0.9422,0.9422,0.9421,0.9421,108.34
coinbase,USDCEUR,1677827400000,2023-03-03 07:10:00,0.9419,0.9419,0.9419,0.9419,1.53
coinbase,USDCEUR,1677827760000,2023-03-03 07:16:00,0.942,0.9425,0.942,0.9425,49.4
coinbase,USDCEUR,1677828120000,2023-03-03 07:22:00,0.9425,0.9425,0.9425,0.9425,50.4
coinbase,USDCEUR,1677828300000,2023-03-03 07:25:00,0.9424,0.9425,0.9424,0.9425,52.04
coinbase,USDCEUR,1677828360000,2023-03-03 07:26:00,0.9425,0.9427,0.9425,0.9427,4754.92
coinbase,USDCEUR,1677828720000,2023-03-03 07:32:00,0.942,0.942,0.9419,0.9419,819.16
coinbase,USDCEUR,1677828780000,2023-03-03 07:33:00,0.9422,0.9423,0.9422,0.9423,208.45
coinbase,USDCEUR,1677829020000,2023-03-03 07:37:00,0.9423,0.9423,0.9419,0.9419,4.72
coinbase,USDCEUR,1677829560000,2023-03-03 07:46:00,0.9423,0.9423,0.9423,0.9423,3020.29
coinbase,USDCEUR,1677829740000,2023-03-03 07:49:00,0.9423,0.9426,0.9423,0.9426,752.1
coinbase,USDCEUR,1677829920000,2023-03-03 07:52:00,0.9426,0.9427,0.9426,0.9427,149.83
coinbase,USDCEUR,1677829980000,2023-03-03 07:53:00,0.9426,0.9426,0.9426,0.9426,28.87
coinbase,USDCEUR,1677830040000,2023-03-03 07:54:00,0.9426,0.9426,0.9426,0.9426,107.89
coinbase,USDCEUR,1677830100000,2023-03-03 07:55:00,0.9426,0.9426,0.9426,0.9426,68.38
coinbase,USDCEUR,1677830220000,2023-03-03 07:57:00,0.9428,0.9428,0.9427,0.9427,25.57
coinbase,USDCEUR,1677830460000,2023-03-03 08:01:00,0.9427,0.9427,0.9424,0.9424,27.5
coinbase,USDCEUR,1677830580000,2023-03-03 08:03:00,0.9424,0.9424,0.9424,0.9424,51.33
coinbase,USDCEUR,1677830640000,2023-03-03 08:04:00,0.9427,0.9427,0.9422,0.9422,288.16
coinbase,USDCEUR,1677830880000,2023-03-03 08:08:00,0.9426,0.9426,0.942,0.942,210.19
coinbase,USDCEUR,1677831060000,2023-03-03 08:11:00,0.9425,0.9427,0.9425,0.9426,159.28
coinbase,USDCEUR,1677831120000,2023-03-03 08:12:00,0.9421,0.9428,0.9421,0.9425,97.11
coinbase,USDCEUR,1677831360000,2023-03-03 08:16:00,0.9422,0.9422,0.9422,0.9422,68.38
coinbase,USDCEUR,1677831420000,2023-03-03 08:17:00,0.9422,0.9422,0.9417,0.9417,1035.06
coinbase,USDCEUR,1677831780000,2023-03-03 08:23:00,0.9416,0.9416,0.9413,0.9413,268
coinbase,USDCEUR,1677832020000,2023-03-03 08:27:00,0.9413,0.9416,0.9412,0.9416,114.98
coinbase,USDCEUR,1677832140000,2023-03-03 08:29:00,0.9415,0.9417,0.9415,0.9417,7626.34
coinbase,USDCEUR,1677832260000,2023-03-03 08:31:00,0.9419,0.9419,0.9413,0.9413,56.03
coinbase,USDCEUR,1677832680000,2023-03-03 08:38:00,0.9413,0.9413,0.9413,0.9413,12.75
coinbase,USDCEUR,1677832860000,2023-03-03 08:41:00,0.9413,0.9413,0.9413,0.9413,146.24
coinbase,USDCEUR,1677832920000,2023-03-03 08:42:00,0.9412,0.9415,0.9411,0.9415,52.42
coinbase,USDCEUR,1677833160000,2023-03-03 08:46:00,0.9415,0.9415,0.9415,0.9415,13.01
coinbase,USDCEUR,1677833400000,2023-03-03 08:50:00,0.9412,0.9415,0.9412,0.9415,44.17
coinbase,USDCEUR,1677833580000,2023-03-03 08:53:00,0.9413,0.9415,0.9413,0.9415,2112.09
coinbase,USDCEUR,1677834060000,2023-03-03 09:01:00,0.9418,0.9419,0.9417,0.9419,206.67
coinbase,USDCEUR,1677834240000,2023-03-03 09:04:00,0.9418,0.9418,0.9415,0.9418,38.63
coinbase,USDCEUR,1677834300000,2023-03-03 09:05:00,0.9418,0.9418,0.9417,0.9417,2292.07
coinbase,USDCEUR,1677834360000,2023-03-03 09:06:00,0.9417,0.9417,0.9417,0.9417,2.25
coinbase,USDCEUR,1677834420000,2023-03-03 09:07:00,0.9417,0.9418,0.9417,0.9418,528.15
coinbase,USDCEUR,1677834480000,2023-03-03 09:08:00,0.9419,0.9419,0.9416,0.9418,209.83
coinbase,USDCEUR,1677834540000,2023-03-03 09:09:00,0.9423,0.9423,0.9423,0.9423,19.34
coinbase,USDCEUR,1677834660000,2023-03-03 09:11:00,0.9423,0.9423,0.9423,0.9423,144.5
coinbase,USDCEUR,1677834720000,2023-03-03 09:12:00,0.9423,0.9423,0.9422,0.9422,1204.31
coinbase,USDCEUR,1677834960000,2023-03-03 09:16:00,0.9423,0.9424,0.9423,0.9424,542.36
coinbase,USDCEUR,1677835020000,2023-03-03 09:17:00,0.9419,0.9419,0.9419,0.9419,11.75
coinbase,USDCEUR,1677835260000,2023-03-03 09:21:00,0.9419,0.9424,0.9419,0.9424,25.3
coinbase,USDCEUR,1677835440000,2023-03-03 09:24:00,0.9423,0.9424,0.9416,0.9422,335.73
coinbase,USDCEUR,1677835980000,2023-03-03 09:33:00,0.9422,0.9423,0.9422,0.9423,59.86
coinbase,USDCEUR,1677836160000,2023-03-03 09:36:00,0.9417,0.942,0.9416,0.9417,1022.58
coinbase,USDCEUR,1677836580000,2023-03-03 09:43:00,0.9423,0.9424,0.9423,0.9424,367.43
coinbase,USDCEUR,1677837000000,2023-03-03 09:50:00,0.9424,0.9427,0.9424,0.9426,534.35
coinbase,USDCEUR,1677837120000,2023-03-03 09:52:00,0.9427,0.9427,0.9424,0.9424,80.26
coinbase,USDCEUR,1677837420000,2023-03-03 09:57:00,0.9426,0.9426,0.9426,0.9426,68.41
coinbase,USDCEUR,1677837480000,2023-03-03 09:58:00,0.9426,0.9427,0.9426,0.9427,312.67
coinbase,USDCEUR,1677837540000,2023-03-03 09:59:00,0.9429,0.943,0.9429,0.943,174.56
coinbase,USDCEUR,1677837600000,2023-03-03 10:00:00,0.943,0.943,0.943,0.943,14.4
coinbase,USDCEUR,1677837720000,2023-03-03 10:02:00,0.9431,0.9431,0.9431,0.9431,75.06
coinbase,USDCEUR,1677837900000,2023-03-03 10:05:00,0.9429,0.9433,0.9429,0.9433,343.86
coinbase,USDCEUR,1677837960000,2023-03-03 10:06:00,0.9433,0.9436,0.9433,0.9436,1910.08
coinbase,USDCEUR,1677838020000,2023-03-03 10:07:00,0.9437,0.9438,0.9437,0.9438,69.2
coinbase,USDCEUR,1677838260000,2023-03-03 10:11:00,0.9434,0.9435,0.9434,0.9435,73.6
coinbase,USDCEUR,1677838440000,2023-03-03 10:14:00,0.9435,0.9435,0.9432,0.9432,95.68
coinbase,USDCEUR,1677838500000,2023-03-03 10:15:00,0.9433,0.9433,0.9433,0.9433,68.36
coinbase,USDCEUR,1677838560000,2023-03-03 10:16:00,0.9433,0.9433,0.9429,0.9429,273.42
coinbase,USDCEUR,1677838680000,2023-03-03 10:18:00,0.9429,0.9433,0.9426,0.9426,288.37
coinbase,USDCEUR,1677838740000,2023-03-03 10:19:00,0.9426,0.9432,0.9426,0.9432,36.43
coinbase,USDCEUR,1677839040000,2023-03-03 10:24:00,0.9426,0.9426,0.9422,0.9425,1136.72
coinbase,USDCEUR,1677839340000,2023-03-03 10:29:00,0.9423,0.9429,0.9423,0.9429,21.47
coinbase,USDCEUR,1677839760000,2023-03-03 10:36:00,0.9424,0.9424,0.9424,0.9424,6.08
coinbase,USDCEUR,1677840060000,2023-03-03 10:41:00,0.9424,0.9424,0.9424,0.9424,62.28
coinbase,USDCEUR,1677840180000,2023-03-03 10:43:00,0.9423,0.9423,0.9423,0.9423,333.62
coinbase,USDCEUR,1677840240000,2023-03-03 10:44:00,0.9423,0.9423,0.9421,0.9421,83.43
coinbase,USDCEUR,1677840420000,2023-03-03 10:47:00,0.9422,0.9428,0.9422,0.9428,11
coinbase,USDCEUR,1677841020000,2023-03-03 10:57:00,0.9424,0.9427,0.9424,0.9427,123.08
coinbase,USDCEUR,1677841080000,2023-03-03 10:58:00,0.9425,0.9425,0.9422,0.9422,69.41
coinbase,USDCEUR,1677841200000,2023-03-03 11:00:00,0.9422,0.9426,0.9421,0.9425,769.32
coinbase,USDCEUR,1677805260000,2023-03-03 01:01:00,0.943,0.943,0.9424,0.9424,304.62
coinbase,USDCEUR,1677805380000,2023-03-03 01:03:00,0.9424,0.9429,0.9424,0.9429,106.66
coinbase,USDCEUR,1677805500000,2023-03-03 01:05:00,0.9428,0.9428,0.9428,0.9428,18
coinbase,USDCEUR,1677805740000,2023-03-03 01:09:00,0.9425,0.9427,0.9425,0.9427,76.02
coinbase,USDCEUR,1677805980000,2023-03-03 01:13:00,0.9425,0.9426,0.942,0.9426,54.63
coinbase,USDCEUR,1677806040000,2023-03-03 01:14:00,0.9422,0.9423,0.9422,0.9423,1494.81
coinbase,USDCEUR,1677806100000,2023-03-03 01:15:00,0.9425,0.9425,0.9423,0.9423,118.05
coinbase,USDCEUR,1677806160000,2023-03-03 01:16:00,0.9426,0.9426,0.9423,0.9423,185.66
coinbase,USDCEUR,1677806280000,2023-03-03 01:18:00,0.9426,0.9426,0.9423,0.9426,10.03
coinbase,USDCEUR,1677806460000,2023-03-03 01:21:00,0.9426,0.9426,0.9425,0.9426,10154.31
coinbase,USDCEUR,1677806520000,2023-03-03 01:22:00,0.9427,0.9429,0.942,0.942,1346.1
coinbase,USDCEUR,1677806580000,2023-03-03 01:23:00,0.9427,0.9427,0.9422,0.9422,38.16
coinbase,USDCEUR,1677806760000,2023-03-03 01:26:00,0.9426,0.9426,0.9425,0.9425,274.39
coinbase,USDCEUR,1677806880000,2023-03-03 01:28:00,0.9428,0.9435,0.9428,0.9435,3584.8
coinbase,USDCEUR,1677806940000,2023-03-03 01:29:00,0.9434,0.9435,0.9433,0.9433,12.77
coinbase,USDCEUR,1677807060000,2023-03-03 01:31:00,0.9427,0.9435,0.9423,0.9435,1909.97
coinbase,USDCEUR,1677807120000,2023-03-03 01:32:00,0.9425,0.9436,0.9388,0.943,8243.71
coinbase,USDCEUR,1677807180000,2023-03-03 01:33:00,0.9427,0.9435,0.9424,0.9435,465.83
coinbase,USDCEUR,1677807300000,2023-03-03 01:35:00,0.9431,0.9431,0.9425,0.9428,825.52
coinbase,USDCEUR,1677807360000,2023-03-03 01:36:00,0.9427,0.9435,0.9425,0.9432,448.33
coinbase,USDCEUR,1677807420000,2023-03-03 01:37:00,0.9427,0.9435,0.9427,0.9435,663.03
coinbase,USDCEUR,1677807480000,2023-03-03 01:38:00,0.9433,0.9433,0.9431,0.9431,201.13
coinbase,USDCEUR,1677807600000,2023-03-03 01:40:00,0.9431,0.9433,0.9427,0.9427,392.43
coinbase,USDCEUR,1677807660000,2023-03-03 01:41:00,0.9427,0.9433,0.9427,0.9433,218.99
coinbase,USDCEUR,1677807720000,2023-03-03 01:42:00,0.9433,0.9433,0.9423,0.9429,6301.08
coinbase,USDCEUR,1677807780000,2023-03-03 01:43:00,0.9429,0.9429,0.9429,0.9429,5.23
coinbase,USDCEUR,1677807840000,2023-03-03 01:44:00,0.9432,0.9432,0.943,0.943,14.04
coinbase,USDCEUR,1677807900000,2023-03-03 01:45:00,0.9428,0.943,0.9428,0.943,167.07
coinbase,USDCEUR,1677807960000,2023-03-03 01:46:00,0.9432,0.9432,0.9432,0.9432,67.9
coinbase,USDCEUR,1677808020000,2023-03-03 01:47:00,0.9424,0.9432,0.9424,0.9432,121.7
coinbase,USDCEUR,1677808080000,2023-03-03 01:48:00,0.9432,0.9432,0.9426,0.9431,234.2
coinbase,USDCEUR,1677808140000,2023-03-03 01:49:00,0.9431,0.9431,0.9431,0.9431,34.33
coinbase,USDCEUR,1677808200000,2023-03-03 01:50:00,0.9431,0.9432,0.9431,0.9431,49.44
coinbase,USDCEUR,1677808260000,2023-03-03 01:51:00,0.9431,0.9431,0.9431,0.9431,26.66
coinbase,USDCEUR,1677808620000,2023-03-03 01:57:00,0.9431,0.9431,0.9431,0.9431,13.1
coinbase,USDCEUR,1677808680000,2023-03-03 01:58:00,0.9431,0.9432,0.9424,0.9432,479.84
coinbase,USDCEUR,1677808740000,2023-03-03 01:59:00,0.9432,0.9432,0.9432,0.9432,275.63
coinbase,USDCEUR,1677808800000,2023-03-03 02:00:00,0.9432,0.9432,0.9424,0.9424,296.49
coinbase,USDCEUR,1677808920000,2023-03-03 02:02:00,0.9432,0.9432,0.9432,0.9432,5.16
coinbase,USDCEUR,1677809520000,2023-03-03 02:12:00,0.9432,0.9434,0.9425,0.9425,996.56
coinbase,USDCEUR,1677809760000,2023-03-03 02:16:00,0.9431,0.9431,0.9425,0.9425,44.08
coinbase,USDCEUR,1677810000000,2023-03-03 02:20:00,0.9431,0.9431,0.9431,0.9431,16.44
coinbase,USDCEUR,1677810720000,2023-03-03 02:32:00,0.9431,0.9431,0.9426,0.9426,29.75
coinbase,USDCEUR,1677811140000,2023-03-03 02:39:00,0.9431,0.9434,0.9431,0.9434,75.02
coinbase,USDCEUR,1677811620000,2023-03-03 02:47:00,0.9431,0.9431,0.9427,0.9431,248.24
coinbase,USDCEUR,1677811680000,2023-03-03 02:48:00,0.9427,0.9431,0.9427,0.9431,17.56
coinbase,USDCEUR,1677811860000,2023-03-03 02:51:00,0.9426,0.9431,0.9425,0.9431,702.34
coinbase,USDCEUR,1677811920000,2023-03-03 02:52:00,0.9431,0.9431,0.9431,0.9431,12.83
coinbase,USDCEUR,1677811980000,2023-03-03 02:53:00,0.9431,0.9431,0.9431,0.9431,11.73
coinbase,USDCEUR,1677812040000,2023-03-03 02:54:00,0.9431,0.9431,0.9428,0.9428,13.96
coinbase,USDCEUR,1677812280000,2023-03-03 02:58:00,0.9431,0.9431,0.9427,0.9427,355.69
coinbase,USDCEUR,1677812400000,2023-03-03 03:00:00,0.9431,0.9431,0.9429,0.9431,414.52
coinbase,USDCEUR,1677812520000,2023-03-03 03:02:00,0.9431,0.9431,0.9431,0.9431,214.41
coinbase,USDCEUR,1677812640000,2023-03-03 03:04:00,0.9431,0.9431,0.9431,0.9431,136.68
coinbase,USDCEUR,1677812940000,2023-03-03 03:09:00,0.9428,0.9431,0.9428,0.9431,6.01
coinbase,USDCEUR,1677813120000,2023-03-03 03:12:00,0.9431,0.9431,0.9431,0.9431,6.72
coinbase,USDCEUR,1677813480000,2023-03-03 03:18:00,0.9431,0.9431,0.9428,0.9428,4.65
coinbase,USDCEUR,1677813540000,2023-03-03 03:19:00,0.9431,0.9431,0.9427,0.9427,28.06
coinbase,USDCEUR,1677814620000,2023-03-03 03:37:00,0.9431,0.9433,0.9431,0.9433,64.67
coinbase,USDCEUR,1677814680000,2023-03-03 03:38:00,0.9434,0.9434,0.9433,0.9433,34.55
coinbase,USDCEUR,1677815280000,2023-03-03 03:48:00,0.9428,0.9428,0.9428,0.9428,26.19
coinbase,USDCEUR,1677815460000,2023-03-03 03:51:00,0.9433,0.9433,0.9433,0.9433,2.21
coinbase,USDCEUR,1677815520000,2023-03-03 03:52:00,0.9433,0.9433,0.9433,0.9433,1
coinbase,USDCEUR,1677815700000,2023-03-03 03:55:00,0.9433,0.9433,0.9432,0.9432,115.32
coinbase,USDCEUR,1677816060000,2023-03-03 04:01:00,0.9428,0.9432,0.9428,0.9432,32.98
coinbase,USDCEUR,1677816600000,2023-03-03 04:10:00,0.9428,0.9433,0.9428,0.9433,241.5
coinbase,USDCEUR,1677817020000,2023-03-03 04:17:00,0.9433,0.9433,0.9428,0.9428,43.59
coinbase,USDCEUR,1677818160000,2023-03-03 04:36:00,0.9433,0.9434,0.9433,0.9434,72.86
coinbase,USDCEUR,1677818520000,2023-03-03 04:42:00,0.9434,0.9434,0.943,0.943,24.88
coinbase,USDCEUR,1677819000000,2023-03-03 04:50:00,0.9434,0.9434,0.9434,0.9434,4
coinbase,USDCEUR,1677819060000,2023-03-03 04:51:00,0.943,0.943,0.9428,0.9428,2009.52
coinbase,USDCEUR,1677819420000,2023-03-03 04:57:00,0.9434,0.9434,0.9434,0.9434,14.02
coinbase,USDCEUR,1677819660000,2023-03-03 05:01:00,0.9428,0.9435,0.9428,0.9435,1837.58
coinbase,USDCEUR,1677819720000,2023-03-03 05:02:00,0.9435,0.9435,0.943,0.943,207.28
coinbase,USDCEUR,1677819840000,2023-03-03 05:04:00,0.943,0.943,0.9428,0.9428,70.54
coinbase,USDCEUR,1677820020000,2023-03-03 05:07:00,0.9428,0.9428,0.9428,0.9428,4.95
coinbase,USDCEUR,1677820080000,2023-03-03 05:08:00,0.9432,0.9433,0.9432,0.9433,163.04
coinbase,USDCEUR,1677820140000,2023-03-03 05:09:00,0.9433,0.9433,0.9432,0.9432,111.14
coinbase,USDCEUR,1677820440000,2023-03-03 05:14:00,0.9433,0.9433,0.9433,0.9433,6.29
coinbase,USDCEUR,1677820500000,2023-03-03 05:15:00,0.9433,0.9433,0.9428,0.9428,9.74
coinbase,USDCEUR,1677820860000,2023-03-03 05:21:00,0.9433,0.9433,0.9433,0.9433,1.12
coinbase,USDCEUR,1677821040000,2023-03-03 05:24:00,0.9431,0.9431,0.9428,0.9428,12.59
coinbase,USDCEUR,1677821400000,2023-03-03 05:30:00,0.9431,0.9431,0.9431,0.9431,1.7
coinbase,USDCEUR,1677821520000,2023-03-03 05:32:00,0.9428,0.9428,0.9428,0.9428,22.01
coinbase,USDCEUR,1677821760000,2023-03-03 05:36:00,0.9431,0.9431,0.9428,0.9428,2583.3
coinbase,USDCEUR,1677821940000,2023-03-03 05:39:00,0.943,0.943,0.9427,0.9427,139.35
coinbase,USDCEUR,1677822120000,2023-03-03 05:42:00,0.9426,0.9426,0.9425,0.9425,915.21
coinbase,USDCEUR,1677823140000,2023-03-03 05:59:00,0.9429,0.9429,0.9429,0.9429,48.78
coinbase,USDCEUR,1677787200000,2023-03-02 20:00:00,0.9437,0.9443,0.9437,0.9443,213.98
coinbase,USDCEUR,1677787260000,2023-03-02 20:01:00,0.9438,0.9438,0.9437,0.9438,46.86
coinbase,USDCEUR,1677787320000,2023-03-02 20:02:00,0.9441,0.9441,0.9441,0.9441,13.36
coinbase,USDCEUR,1677787380000,2023-03-02 20:03:00,0.9443,0.9444,0.9443,0.9444,379.66
coinbase,USDCEUR,1677787560000,2023-03-02 20:06:00,0.9444,0.9448,0.9444,0.9447,1405.76
coinbase,USDCEUR,1677787620000,2023-03-02 20:07:00,0.9447,0.9447,0.9441,0.9441,117.51
coinbase,USDCEUR,1677787740000,2023-03-02 20:09:00,0.9445,0.9445,0.9442,0.9442,74.09
coinbase,USDCEUR,1677787800000,2023-03-02 20:10:00,0.9442,0.9445,0.9441,0.9445,190.58
coinbase,USDCEUR,1677787860000,2023-03-02 20:11:00,0.9442,0.9442,0.944,0.944,273.67
coinbase,USDCEUR,1677787920000,2023-03-02 20:12:00,0.944,0.944,0.9438,0.9438,150.61
coinbase,USDCEUR,1677787980000,2023-03-02 20:13:00,0.9438,0.9438,0.9438,0.9438,71.73
coinbase,USDCEUR,1677788100000,2023-03-02 20:15:00,0.9438,0.9439,0.9437,0.9439,888.4
coinbase,USDCEUR,1677788220000,2023-03-02 20:17:00,0.9436,0.9441,0.9436,0.9441,267.86
coinbase,USDCEUR,1677788340000,2023-03-02 20:19:00,0.9441,0.9441,0.944,0.9441,299.77
coinbase,USDCEUR,1677788520000,2023-03-02 20:22:00,0.9441,0.9441,0.9441,0.9441,174.39
coinbase,USDCEUR,1677788640000,2023-03-02 20:24:00,0.9441,0.9441,0.9441,0.9441,4850.81
coinbase,USDCEUR,1677788700000,2023-03-02 20:25:00,0.9441,0.9441,0.9441,0.9441,116.17
coinbase,USDCEUR,1677788760000,2023-03-02 20:26:00,0.9436,0.9436,0.9433,0.9433,210.22
coinbase,USDCEUR,1677788820000,2023-03-02 20:27:00,0.9438,0.9439,0.943,0.9432,242.37
coinbase,USDCEUR,1677788880000,2023-03-02 20:28:00,0.9438,0.9439,0.943,0.943,553.71
coinbase,USDCEUR,1677789060000,2023-03-02 20:31:00,0.9435,0.9439,0.9435,0.9439,1324.82
coinbase,USDCEUR,1677789180000,2023-03-02 20:33:00,0.9436,0.9436,0.9429,0.9429,1403.35
coinbase,USDCEUR,1677789240000,2023-03-02 20:34:00,0.9435,0.9439,0.9435,0.9435,25958.91
coinbase,USDCEUR,1677789540000,2023-03-02 20:39:00,0.9433,0.9433,0.9429,0.9429,23.46
coinbase,USDCEUR,1677789720000,2023-03-02 20:42:00,0.9429,0.9433,0.9429,0.9433,47.08
coinbase,USDCEUR,1677790020000,2023-03-02 20:47:00,0.9433,0.9433,0.9433,0.9433,58.04
coinbase,USDCEUR,1677790080000,2023-03-02 20:48:00,0.9433,0.9438,0.9433,0.9436,174.22
coinbase,USDCEUR,1677790200000,2023-03-02 20:50:00,0.9437,0.9437,0.943,0.9436,116.97
coinbase,USDCEUR,1677790440000,2023-03-02 20:54:00,0.9436,0.9437,0.9436,0.9437,236.17
coinbase,USDCEUR,1677790500000,2023-03-02 20:55:00,0.9432,0.9436,0.943,0.9431,236.34
coinbase,USDCEUR,1677790560000,2023-03-02 20:56:00,0.9436,0.9436,0.9436,0.9436,136.58
coinbase,USDCEUR,1677790620000,2023-03-02 20:57:00,0.9435,0.9437,0.9435,0.9437,137.6
coinbase,USDCEUR,1677791040000,2023-03-02 21:04:00,0.9436,0.9436,0.9436,0.9436,57.86
coinbase,USDCEUR,1677791100000,2023-03-02 21:05:00,0.9436,0.9436,0.9436,0.9436,584.73
coinbase,USDCEUR,1677791460000,2023-03-02 21:11:00,0.9432,0.9436,0.9432,0.9432,102.18
coinbase,USDCEUR,1677791640000,2023-03-02 21:14:00,0.9435,0.9436,0.9435,0.9436,232.02
coinbase,USDCEUR,1677791700000,2023-03-02 21:15:00,0.9436,0.9436,0.9435,0.9435,184.38
coinbase,USDCEUR,1677791940000,2023-03-02 21:19:00,0.9436,0.9436,0.9436,0.9436,58.06
coinbase,USDCEUR,1677792060000,2023-03-02 21:21:00,0.9435,0.9436,0.9435,0.9436,96.86
coinbase,USDCEUR,1677792300000,2023-03-02 21:25:00,0.9436,0.9436,0.9436,0.9436,58.26
coinbase,USDCEUR,1677792420000,2023-03-02 21:27:00,0.9436,0.9436,0.9436,0.9436,316.93
coinbase,USDCEUR,1677792480000,2023-03-02 21:28:00,0.9433,0.9433,0.9432,0.9432,212.97
coinbase,USDCEUR,1677792540000,2023-03-02 21:29:00,0.9435,0.9436,0.9433,0.9435,491.82
coinbase,USDCEUR,1677792600000,2023-03-02 21:30:00,0.9433,0.9435,0.9432,0.9435,280.42
coinbase,USDCEUR,1677792660000,2023-03-02 21:31:00,0.9435,0.9435,0.9433,0.9433,77.34
coinbase,USDCEUR,1677792720000,2023-03-02 21:32:00,0.9438,0.9438,0.9433,0.9435,10041.18
coinbase,USDCEUR,1677792840000,2023-03-02 21:34:00,0.9435,0.9436,0.9433,0.9436,10171
coinbase,USDCEUR,1677792960000,2023-03-02 21:36:00,0.9434,0.9437,0.9434,0.9437,24.19
coinbase,USDCEUR,1677793140000,2023-03-02 21:39:00,0.9436,0.9438,0.9436,0.9438,126.56
coinbase,USDCEUR,1677793260000,2023-03-02 21:41:00,0.9438,0.9438,0.9437,0.9437,126.51
coinbase,USDCEUR,1677793440000,2023-03-02 21:44:00,0.9435,0.9441,0.9434,0.9441,1110.33
coinbase,USDCEUR,1677793560000,2023-03-02 21:46:00,0.9435,0.9435,0.9433,0.9433,20000
coinbase,USDCEUR,1677793620000,2023-03-02 21:47:00,0.9439,0.9441,0.9433,0.9441,20603.85
coinbase,USDCEUR,1677793680000,2023-03-02 21:48:00,0.9441,0.9441,0.9441,0.9441,116.47
coinbase,USDCEUR,1677794160000,2023-03-02 21:56:00,0.9437,0.9437,0.9437,0.9437,30
coinbase,USDCEUR,1677794280000,2023-03-02 21:58:00,0.9438,0.9438,0.9438,0.9438,287.1
coinbase,USDCEUR,1677794640000,2023-03-02 22:04:00,0.9439,0.9439,0.9437,0.9437,269.2
coinbase,USDCEUR,1677794700000,2023-03-02 22:05:00,0.9439,0.9439,0.9437,0.9437,142.97
coinbase,USDCEUR,1677794880000,2023-03-02 22:08:00,0.9439,0.9439,0.9439,0.9439,1.04
coinbase,USDCEUR,1677794940000,2023-03-02 22:09:00,0.9437,0.9441,0.9434,0.9441,1707.73
coinbase,USDCEUR,1677795540000,2023-03-02 22:19:00,0.9435,0.944,0.9435,0.9439,66.77
coinbase,USDCEUR,1677795720000,2023-03-02 22:22:00,0.9439,0.9439,0.9439,0.9439,51.94
coinbase,USDCEUR,1677795900000,2023-03-02 22:25:00,0.9439,0.944,0.9439,0.944,139.1
coinbase,USDCEUR,1677796020000,2023-03-02 22:27:00,0.9439,0.9439,0.9439,0.9439,24.58
coinbase,USDCEUR,1677796320000,2023-03-02 22:32:00,0.9439,0.9439,0.9439,0.9439,6.04
coinbase,USDCEUR,1677796560000,2023-03-02 22:36:00,0.9439,0.9439,0.9439,0.9439,124.95
coinbase,USDCEUR,1677796680000,2023-03-02 22:38:00,0.9439,0.944,0.9439,0.944,117.13
coinbase,USDCEUR,1677796740000,2023-03-02 22:39:00,0.9439,0.944,0.9436,0.9439,117.15
coinbase,USDCEUR,1677796800000,2023-03-02 22:40:00,0.9436,0.944,0.9435,0.9439,309.2
coinbase,USDCEUR,1677796920000,2023-03-02 22:42:00,0.9436,0.944,0.9435,0.944,4614.35
coinbase,USDCEUR,1677797040000,2023-03-02 22:44:00,0.944,0.944,0.9432,0.9432,27058.42
coinbase,USDCEUR,1677797220000,2023-03-02 22:47:00,0.9435,0.9439,0.9435,0.9438,165.77
coinbase,USDCEUR,1677797700000,2023-03-02 22:55:00,0.9435,0.9437,0.9433,0.9437,5440.55
coinbase,USDCEUR,1677797760000,2023-03-02 22:56:00,0.9437,0.9438,0.9437,0.9438,195.16
coinbase,USDCEUR,1677797880000,2023-03-02 22:58:00,0.9438,0.9438,0.9438,0.9438,4.89
coinbase,USDCEUR,1677797940000,2023-03-02 22:59:00,0.9438,0.9438,0.9438,0.9438,66.88
coinbase,USDCEUR,1677798120000,2023-03-02 23:02:00,0.9434,0.9437,0.9434,0.9435,30.02
coinbase,USDCEUR,1677798300000,2023-03-02 23:05:00,0.9437,0.9438,0.9437,0.9438,158.16
coinbase,USDCEUR,1677798360000,2023-03-02 23:06:00,0.9438,0.9438,0.9435,0.9435,177.24
coinbase,USDCEUR,1677798480000,2023-03-02 23:08:00,0.9438,0.9438,0.9438,0.9438,177.18
coinbase,USDCEUR,1677798600000,2023-03-02 23:10:00,0.9438,0.9438,0.9438,0.9438,235.17
coinbase,USDCEUR,1677798720000,2023-03-02 23:12:00,0.9437,0.9438,0.9437,0.9438,117.62
coinbase,USDCEUR,1677798780000,2023-03-02 23:13:00,0.9438,0.9438,0.9437,0.9438,235.32
coinbase,USDCEUR,1677798840000,2023-03-02 23:14:00,0.9437,0.9438,0.9432,0.9438,601.14
coinbase,USDCEUR,1677798900000,2023-03-02 23:15:00,0.9437,0.9437,0.9437,0.9437,131.06
coinbase,USDCEUR,1677799020000,2023-03-02 23:17:00,0.9437,0.9437,0.9433,0.9433,20.16
coinbase,USDCEUR,1677799080000,2023-03-02 23:18:00,0.9433,0.9437,0.9433,0.9437,73.84
coinbase,USDCEUR,1677799260000,2023-03-02 23:21:00,0.9436,0.9436,0.9435,0.9435,59.99
coinbase,USDCEUR,1677799860000,2023-03-02 23:31:00,0.9434,0.9435,0.9433,0.9433,239.02
coinbase,USDCEUR,1677800160000,2023-03-02 23:36:00,0.9435,0.9435,0.9431,0.9431,213.16
coinbase,USDCEUR,1677800400000,2023-03-02 23:40:00,0.9435,0.9436,0.9435,0.9436,153.49
coinbase,USDCEUR,1677800520000,2023-03-02 23:42:00,0.9435,0.9437,0.9435,0.9437,420.22
coinbase,USDCEUR,1677800700000,2023-03-02 23:45:00,0.9432,0.9432,0.9432,0.9432,19.81
coinbase,USDCEUR,1677800820000,2023-03-02 23:47:00,0.9437,0.9437,0.9437,0.9437,92.37
coinbase,USDCEUR,1677800940000,2023-03-02 23:49:00,0.9437,0.9438,0.9437,0.9438,118.6
coinbase,USDCEUR,1677801240000,2023-03-02 23:54:00,0.9438,0.9438,0.9433,0.9433,130.7
coinbase,USDCEUR,1677801480000,2023-03-02 23:58:00,0.9437,0.9437,0.9434,0.9434,2.14
coinbase,USDCEUR,1677801660000,2023-03-03 00:01:00,0.9438,0.9438,0.9438,0.9438,1.43
coinbase,USDCEUR,1677801960000,2023-03-03 00:06:00,0.9438,0.9438,0.9438,0.9438,119.25
coinbase,USDCEUR,1677802800000,2023-03-03 00:20:00,0.9435,0.9438,0.9434,0.9435,474.93
coinbase,USDCEUR,1677802860000,2023-03-03 00:21:00,0.9435,0.9435,0.9433,0.9433,149.05
coinbase,USDCEUR,1677803880000,2023-03-03 00:38:00,0.9437,0.9437,0.9434,0.9434,46.12
coinbase,USDCEUR,1677804360000,2023-03-03 00:46:00,0.9434,0.9437,0.9433,0.9437,537.31
coinbase,USDCEUR,1677804540000,2023-03-03 00:49:00,0.9434,0.9434,0.9433,0.9433,588.7
coinbase,USDCEUR,1677804660000,2023-03-03 00:51:00,0.9436,0.9436,0.9436,0.9436,35.23
coinbase,USDCEUR,1677804720000,2023-03-03 00:52:00,0.9432,0.9432,0.9431,0.9431,185.12
coinbase,USDCEUR,1677804780000,2023-03-03 00:53:00,0.943,0.943,0.943,0.943,273.18
coinbase,USDCEUR,1677804900000,2023-03-03 00:55:00,0.9429,0.9429,0.9429,0.9429,195.02
coinbase,USDCEUR,1677769200000,2023-03-02 15:00:00,0.9442,0.9442,0.9434,0.9435,207.32
coinbase,USDCEUR,1677769260000,2023-03-02 15:01:00,0.9434,0.9438,0.9434,0.9438,337.78
coinbase,USDCEUR,1677769320000,2023-03-02 15:02:00,0.9433,0.9435,0.9433,0.9435,137.83
coinbase,USDCEUR,1677769380000,2023-03-02 15:03:00,0.9429,0.943,0.9429,0.9429,66.23
coinbase,USDCEUR,1677769500000,2023-03-02 15:05:00,0.9429,0.9429,0.9429,0.9429,4.18
coinbase,USDCEUR,1677769560000,2023-03-02 15:06:00,0.9435,0.9437,0.9435,0.9437,69.18
coinbase,USDCEUR,1677769620000,2023-03-02 15:07:00,0.9436,0.9437,0.943,0.943,88.27
coinbase,USDCEUR,1677769920000,2023-03-02 15:12:00,0.943,0.9437,0.943,0.9437,8532.09
coinbase,USDCEUR,1677770040000,2023-03-02 15:14:00,0.9436,0.9437,0.9434,0.9434,40.03
coinbase,USDCEUR,1677770160000,2023-03-02 15:16:00,0.9434,0.9434,0.9434,0.9434,14.05
coinbase,USDCEUR,1677770400000,2023-03-02 15:20:00,0.9437,0.9441,0.9437,0.9441,51089.18
coinbase,USDCEUR,1677770640000,2023-03-02 15:24:00,0.9441,0.9441,0.9441,0.9441,46505.87
coinbase,USDCEUR,1677770760000,2023-03-02 15:26:00,0.9441,0.9441,0.944,0.944,39390.58
coinbase,USDCEUR,1677770940000,2023-03-02 15:29:00,0.9437,0.9437,0.9431,0.9431,69.44
coinbase,USDCEUR,1677771060000,2023-03-02 15:31:00,0.9434,0.9434,0.9432,0.9432,2943.74
coinbase,USDCEUR,1677771180000,2023-03-02 15:33:00,0.9436,0.9436,0.9433,0.9433,137.59
coinbase,USDCEUR,1677771240000,2023-03-02 15:34:00,0.9436,0.9436,0.9432,0.9432,172.61
coinbase,USDCEUR,1677771300000,2023-03-02 15:35:00,0.9434,0.9436,0.9434,0.9436,23.3
coinbase,USDCEUR,1677771480000,2023-03-02 15:38:00,0.9436,0.9436,0.9428,0.9433,6304.64
coinbase,USDCEUR,1677772080000,2023-03-02 15:48:00,0.9428,0.9428,0.9428,0.9428,35.53
coinbase,USDCEUR,1677772200000,2023-03-02 15:50:00,0.9428,0.9428,0.9426,0.9426,72.48
coinbase,USDCEUR,1677772500000,2023-03-02 15:55:00,0.943,0.943,0.943,0.943,14.05
coinbase,USDCEUR,1677772620000,2023-03-02 15:57:00,0.9428,0.9428,0.9424,0.9424,173
coinbase,USDCEUR,1677772740000,2023-03-02 15:59:00,0.9428,0.9428,0.9428,0.9428,95.4
coinbase,USDCEUR,1677772860000,2023-03-02 16:01:00,0.9429,0.9433,0.9429,0.9431,218.79
coinbase,USDCEUR,1677773040000,2023-03-02 16:04:00,0.9425,0.9425,0.9423,0.9423,222.43
coinbase,USDCEUR,1677773280000,2023-03-02 16:08:00,0.9428,0.9428,0.9425,0.9427,216.61
coinbase,USDCEUR,1677773340000,2023-03-02 16:09:00,0.9427,0.9427,0.9427,0.9427,136.54
coinbase,USDCEUR,1677773400000,2023-03-02 16:10:00,0.9431,0.9431,0.9431,0.9431,68.27
coinbase,USDCEUR,1677773460000,2023-03-02 16:11:00,0.9433,0.9438,0.9432,0.9432,1209.85
coinbase,USDCEUR,1677773640000,2023-03-02 16:14:00,0.9432,0.9433,0.9432,0.9433,36.1
coinbase,USDCEUR,1677773700000,2023-03-02 16:15:00,0.9436,0.9436,0.9433,0.9433,100724.17
coinbase,USDCEUR,1677773820000,2023-03-02 16:17:00,0.9436,0.9437,0.9434,0.9434,118.91
coinbase,USDCEUR,1677773880000,2023-03-02 16:18:00,0.9434,0.9434,0.9434,0.9434,136.56
coinbase,USDCEUR,1677774060000,2023-03-02 16:21:00,0.9436,0.9439,0.9436,0.9438,374.69
coinbase,USDCEUR,1677774120000,2023-03-02 16:22:00,0.9433,0.9434,0.9429,0.9429,8212.76
coinbase,USDCEUR,1677774180000,2023-03-02 16:23:00,0.9434,0.9438,0.943,0.943,468.9
coinbase,USDCEUR,1677774360000,2023-03-02 16:26:00,0.9438,0.9438,0.9432,0.9432,76.9
coinbase,USDCEUR,1677774420000,2023-03-02 16:27:00,0.9438,0.9438,0.9438,0.9438,27.46
coinbase,USDCEUR,1677774660000,2023-03-02 16:31:00,0.9433,0.9433,0.9432,0.9432,153.35
coinbase,USDCEUR,1677774780000,2023-03-02 16:33:00,0.9437,0.9437,0.9436,0.9437,102.75
coinbase,USDCEUR,1677774900000,2023-03-02 16:35:00,0.9437,0.9437,0.9437,0.9437,129.71
coinbase,USDCEUR,1677775020000,2023-03-02 16:37:00,0.9433,0.9438,0.9432,0.9438,20512.15
coinbase,USDCEUR,1677775140000,2023-03-02 16:39:00,0.9439,0.944,0.9439,0.944,109.9
coinbase,USDCEUR,1677775200000,2023-03-02 16:40:00,0.944,0.944,0.944,0.944,13.71
coinbase,USDCEUR,1677775500000,2023-03-02 16:45:00,0.944,0.9441,0.9433,0.9433,227.64
coinbase,USDCEUR,1677775560000,2023-03-02 16:46:00,0.9438,0.9438,0.9438,0.9438,13
coinbase,USDCEUR,1677775680000,2023-03-02 16:48:00,0.944,0.9441,0.944,0.9441,17.32
coinbase,USDCEUR,1677775740000,2023-03-02 16:49:00,0.9441,0.9441,0.9438,0.9438,60.49
coinbase,USDCEUR,1677775800000,2023-03-02 16:50:00,0.9438,0.944,0.9436,0.9436,270.16
coinbase,USDCEUR,1677775860000,2023-03-02 16:51:00,0.9438,0.9441,0.9438,0.9441,2105.53
coinbase,USDCEUR,1677775980000,2023-03-02 16:53:00,0.9441,0.9441,0.9437,0.9437,64.81
coinbase,USDCEUR,1677776100000,2023-03-02 16:55:00,0.9441,0.9441,0.944,0.944,100.42
coinbase,USDCEUR,1677776160000,2023-03-02 16:56:00,0.9441,0.9442,0.9441,0.9442,295.51
coinbase,USDCEUR,1677776580000,2023-03-02 17:03:00,0.9442,0.9442,0.9438,0.9438,3623.79
coinbase,USDCEUR,1677776700000,2023-03-02 17:05:00,0.9445,0.9448,0.9445,0.9448,242.66
coinbase,USDCEUR,1677776820000,2023-03-02 17:07:00,0.9448,0.9448,0.9448,0.9448,402.45
coinbase,USDCEUR,1677776940000,2023-03-02 17:09:00,0.9448,0.9448,0.9448,0.9448,230.32
coinbase,USDCEUR,1677777000000,2023-03-02 17:10:00,0.9448,0.9449,0.9448,0.9449,245.96
coinbase,USDCEUR,1677777060000,2023-03-02 17:11:00,0.9444,0.9449,0.9444,0.9445,111.47
coinbase,USDCEUR,1677777120000,2023-03-02 17:12:00,0.9445,0.9448,0.9445,0.9448,18.09
coinbase,USDCEUR,1677777180000,2023-03-02 17:13:00,0.9445,0.9445,0.9438,0.9438,68.65
coinbase,USDCEUR,1677777360000,2023-03-02 17:16:00,0.9441,0.9442,0.9441,0.9442,23.82
coinbase,USDCEUR,1677777540000,2023-03-02 17:19:00,0.9443,0.9448,0.9443,0.9444,145.09
coinbase,USDCEUR,1677777600000,2023-03-02 17:20:00,0.9444,0.9445,0.9441,0.9442,1394.38
coinbase,USDCEUR,1677777660000,2023-03-02 17:21:00,0.9443,0.9443,0.9442,0.9442,40.2
coinbase,USDCEUR,1677777720000,2023-03-02 17:22:00,0.9442,0.9442,0.9442,0.9442,17.03
coinbase,USDCEUR,1677777780000,2023-03-02 17:23:00,0.9447,0.9448,0.9443,0.9443,95.89
coinbase,USDCEUR,1677777900000,2023-03-02 17:25:00,0.9444,0.9444,0.9442,0.9442,133.4
coinbase,USDCEUR,1677777960000,2023-03-02 17:26:00,0.9442,0.9442,0.9442,0.9442,7.08
coinbase,USDCEUR,1677778020000,2023-03-02 17:27:00,0.9443,0.9447,0.9443,0.9447,54.22
coinbase,USDCEUR,1677778140000,2023-03-02 17:29:00,0.9445,0.9445,0.9443,0.9443,25.98
coinbase,USDCEUR,1677778260000,2023-03-02 17:31:00,0.9443,0.9443,0.9442,0.9442,139.88
coinbase,USDCEUR,1677778320000,2023-03-02 17:32:00,0.9444,0.9446,0.9444,0.9446,29.84
coinbase,USDCEUR,1677778440000,2023-03-02 17:34:00,0.9443,0.9446,0.9443,0.9446,70.51
coinbase,USDCEUR,1677778560000,2023-03-02 17:36:00,0.9446,0.9446,0.9441,0.9441,153.29
coinbase,USDCEUR,1677778620000,2023-03-02 17:37:00,0.9441,0.9445,0.9441,0.9442,419.29
coinbase,USDCEUR,1677778680000,2023-03-02 17:38:00,0.9443,0.9446,0.9442,0.9442,420.45
coinbase,USDCEUR,1677778740000,2023-03-02 17:39:00,0.9445,0.9448,0.9443,0.9448,327.47
coinbase,USDCEUR,1677778920000,2023-03-02 17:42:00,0.9444,0.9453,0.9444,0.9453,328.93
coinbase,USDCEUR,1677778980000,2023-03-02 17:43:00,0.9445,0.9445,0.9444,0.9444,20.91
coinbase,USDCEUR,1677779100000,2023-03-02 17:45:00,0.9445,0.9453,0.9445,0.9453,40.77
coinbase,USDCEUR,1677779220000,2023-03-02 17:47:00,0.9453,0.9453,0.9453,0.9453,558.19
coinbase,USDCEUR,1677779460000,2023-03-02 17:51:00,0.9448,0.9448,0.9447,0.9447,229.53
coinbase,USDCEUR,1677779580000,2023-03-02 17:53:00,0.9448,0.9448,0.9448,0.9448,19.05
coinbase,USDCEUR,1677779700000,2023-03-02 17:55:00,0.9452,0.9453,0.9449,0.9449,381.27
coinbase,USDCEUR,1677779880000,2023-03-02 17:58:00,0.9451,0.9451,0.9446,0.9446,5090.59
coinbase,USDCEUR,1677780120000,2023-03-02 18:02:00,0.9451,0.9455,0.9451,0.9454,2250.82
coinbase,USDCEUR,1677780240000,2023-03-02 18:04:00,0.9455,0.9456,0.945,0.945,294.56
coinbase,USDCEUR,1677780420000,2023-03-02 18:07:00,0.9452,0.9455,0.9452,0.9455,68.21
coinbase,USDCEUR,1677780540000,2023-03-02 18:09:00,0.9455,0.9455,0.9455,0.9455,64.9
coinbase,USDCEUR,1677780600000,2023-03-02 18:10:00,0.9455,0.9456,0.9453,0.9453,69.38
coinbase,USDCEUR,1677780660000,2023-03-02 18:11:00,0.9456,0.9456,0.945,0.945,170.12
coinbase,USDCEUR,1677780900000,2023-03-02 18:15:00,0.9455,0.9458,0.9455,0.9458,352.16
coinbase,USDCEUR,1677781080000,2023-03-02 18:18:00,0.9451,0.9451,0.945,0.945,210.83
coinbase,USDCEUR,1677781200000,2023-03-02 18:20:00,0.945,0.9456,0.945,0.9456,71.41
coinbase,USDCEUR,1677781380000,2023-03-02 18:23:00,0.945,0.9456,0.945,0.9456,324.92
coinbase,USDCEUR,1677781440000,2023-03-02 18:24:00,0.9455,0.9455,0.9455,0.9455,98.53
coinbase,USDCEUR,1677781560000,2023-03-02 18:26:00,0.9456,0.9457,0.9451,0.9451,540.69
coinbase,USDCEUR,1677782100000,2023-03-02 18:35:00,0.9452,0.9452,0.945,0.945,668.34
coinbase,USDCEUR,1677782160000,2023-03-02 18:36:00,0.945,0.945,0.9445,0.9445,818.62
coinbase,USDCEUR,1677782220000,2023-03-02 18:37:00,0.9444,0.9448,0.9444,0.9448,54.34
coinbase,USDCEUR,1677782280000,2023-03-02 18:38:00,0.9445,0.9445,0.9444,0.9444,211.02
coinbase,USDCEUR,1677782460000,2023-03-02 18:41:00,0.9443,0.9448,0.9443,0.9448,63.49
coinbase,USDCEUR,1677782520000,2023-03-02 18:42:00,0.9449,0.9452,0.9449,0.9452,651.49
coinbase,USDCEUR,1677782640000,2023-03-02 18:44:00,0.9445,0.9451,0.9444,0.9446,378.4
coinbase,USDCEUR,1677782940000,2023-03-02 18:49:00,0.9445,0.9449,0.9445,0.9449,37.27
coinbase,USDCEUR,1677783180000,2023-03-02 18:53:00,0.9446,0.945,0.9446,0.945,526.95
coinbase,USDCEUR,1677783240000,2023-03-02 18:54:00,0.9446,0.9446,0.9445,0.9445,292.24
coinbase,USDCEUR,1677783420000,2023-03-02 18:57:00,0.9446,0.9449,0.9446,0.9449,71.4
coinbase,USDCEUR,1677783480000,2023-03-02 18:58:00,0.9446,0.9446,0.9444,0.9445,477.4
coinbase,USDCEUR,1677783600000,2023-03-02 19:00:00,0.9444,0.9444,0.944,0.944,272.86
coinbase,USDCEUR,1677783720000,2023-03-02 19:02:00,0.944,0.9447,0.944,0.9447,126.28
coinbase,USDCEUR,1677783840000,2023-03-02 19:04:00,0.9438,0.9446,0.9436,0.9436,434.1
coinbase,USDCEUR,1677784020000,2023-03-02 19:07:00,0.9437,0.9437,0.9434,0.9434,210.66
coinbase,USDCEUR,1677784080000,2023-03-02 19:08:00,0.9443,0.9443,0.944,0.944,116.4
coinbase,USDCEUR,1677784200000,2023-03-02 19:10:00,0.944,0.944,0.944,0.944,116.32
coinbase,USDCEUR,1677784260000,2023-03-02 19:11:00,0.944,0.944,0.9439,0.9439,69.81
coinbase,USDCEUR,1677784320000,2023-03-02 19:12:00,0.9436,0.9444,0.9434,0.9444,2402.51
coinbase,USDCEUR,1677784440000,2023-03-02 19:14:00,0.944,0.9444,0.944,0.9444,1095.28
coinbase,USDCEUR,1677784740000,2023-03-02 19:19:00,0.944,0.9443,0.944,0.9443,8341.93
coinbase,USDCEUR,1677784860000,2023-03-02 19:21:00,0.9443,0.9443,0.9436,0.9439,97.6
coinbase,USDCEUR,1677785100000,2023-03-02 19:25:00,0.9435,0.9435,0.9432,0.9432,9112.77
coinbase,USDCEUR,1677785220000,2023-03-02 19:27:00,0.9442,0.9442,0.9433,0.9433,2.12
coinbase,USDCEUR,1677785820000,2023-03-02 19:37:00,0.9436,0.9442,0.9435,0.9442,68.39
coinbase,USDCEUR,1677785940000,2023-03-02 19:39:00,0.9442,0.9442,0.9435,0.9435,394.46
coinbase,USDCEUR,1677786180000,2023-03-02 19:43:00,0.9435,0.9441,0.9435,0.9437,236
coinbase,USDCEUR,1677786240000,2023-03-02 19:44:00,0.9441,0.9443,0.9441,0.9443,115.92
coinbase,USDCEUR,1677786420000,2023-03-02 19:47:00,0.9438,0.9442,0.9436,0.9442,354.34
coinbase,USDCEUR,1677786600000,2023-03-02 19:50:00,0.9442,0.9443,0.9437,0.9437,71.94
coinbase,USDCEUR,1677786840000,2023-03-02 19:54:00,0.9443,0.9443,0.944,0.944,85.08
coinbase,USDCEUR,1677786900000,2023-03-02 19:55:00,0.9443,0.9444,0.9443,0.9444,116.1
coinbase,USDCEUR,1677787020000,2023-03-02 19:57:00,0.944,0.944,0.9439,0.9439,46.43
coinbase,USDCEUR,1677787080000,2023-03-02 19:58:00,0.9444,0.9444,0.9436,0.9436,357.84
coinbase,USDCEUR,1677787200000,2023-03-02 20:00:00,0.9437,0.9443,0.9437,0.9443,213.98
coinbase,USDCEUR,1677751200000,2023-03-02 10:00:00,0.9416,0.9417,0.9416,0.9416,62.91
coinbase,USDCEUR,1677751320000,2023-03-02 10:02:00,0.9418,0.9422,0.9416,0.9416,157.05
coinbase,USDCEUR,1677751440000,2023-03-02 10:04:00,0.9417,0.9417,0.9416,0.9416,152.95
coinbase,USDCEUR,1677751920000,2023-03-02 10:12:00,0.9416,0.942,0.9412,0.942,2148.96
coinbase,USDCEUR,1677752220000,2023-03-02 10:17:00,0.9418,0.9419,0.9416,0.9416,4497.9
coinbase,USDCEUR,1677752400000,2023-03-02 10:20:00,0.9413,0.9422,0.9413,0.9422,1446.77
coinbase,USDCEUR,1677752520000,2023-03-02 10:22:00,0.9415,0.9418,0.9415,0.9418,299.21
coinbase,USDCEUR,1677752580000,2023-03-02 10:23:00,0.9417,0.9418,0.9416,0.9416,50928.1
coinbase,USDCEUR,1677752640000,2023-03-02 10:24:00,0.942,0.942,0.9416,0.9416,55422.75
coinbase,USDCEUR,1677752880000,2023-03-02 10:28:00,0.9414,0.9415,0.9414,0.9415,136.96
coinbase,USDCEUR,1677752940000,2023-03-02 10:29:00,0.9415,0.9415,0.9414,0.9414,82.68
coinbase,USDCEUR,1677753000000,2023-03-02 10:30:00,0.9414,0.9415,0.9413,0.9413,205.53
coinbase,USDCEUR,1677753060000,2023-03-02 10:31:00,0.9413,0.9415,0.9413,0.9413,192.02
coinbase,USDCEUR,1677753120000,2023-03-02 10:32:00,0.9414,0.9414,0.9411,0.9411,136.9
coinbase,USDCEUR,1677753180000,2023-03-02 10:33:00,0.9411,0.9411,0.9406,0.9406,2199.91
coinbase,USDCEUR,1677753240000,2023-03-02 10:34:00,0.9409,0.9409,0.9409,0.9409,68.45
coinbase,USDCEUR,1677753300000,2023-03-02 10:35:00,0.9411,0.9411,0.9411,0.9411,68.45
coinbase,USDCEUR,1677753420000,2023-03-02 10:37:00,0.9413,0.9415,0.9413,0.9415,69.66
coinbase,USDCEUR,1677753600000,2023-03-02 10:40:00,0.9415,0.9415,0.9415,0.9415,135.69
coinbase,USDCEUR,1677753840000,2023-03-02 10:44:00,0.9419,0.9421,0.9419,0.9421,343.99
coinbase,USDCEUR,1677753960000,2023-03-02 10:46:00,0.9421,0.9421,0.9421,0.9421,34.2
coinbase,USDCEUR,1677754020000,2023-03-02 10:47:00,0.9421,0.9422,0.9421,0.9422,902.62
coinbase,USDCEUR,1677754140000,2023-03-02 10:49:00,0.9424,0.9424,0.9422,0.9422,53.72
coinbase,USDCEUR,1677754620000,2023-03-02 10:57:00,0.9424,0.9424,0.9424,0.9424,1.04
coinbase,USDCEUR,1677754680000,2023-03-02 10:58:00,0.942,0.9422,0.9419,0.9422,1867.41
coinbase,USDCEUR,1677754920000,2023-03-02 11:02:00,0.9419,0.9419,0.9419,0.9419,410.64
coinbase,USDCEUR,1677754980000,2023-03-02 11:03:00,0.9419,0.9419,0.9419,0.9419,273.76
coinbase,USDCEUR,1677755100000,2023-03-02 11:05:00,0.9419,0.9419,0.9419,0.9419,68.44
coinbase,USDCEUR,1677755220000,2023-03-02 11:07:00,0.9418,0.9418,0.9414,0.9415,479.08
coinbase,USDCEUR,1677755460000,2023-03-02 11:11:00,0.9418,0.9418,0.9415,0.9415,69.42
coinbase,USDCEUR,1677755760000,2023-03-02 11:16:00,0.9414,0.9415,0.9414,0.9415,81.11
coinbase,USDCEUR,1677756000000,2023-03-02 11:20:00,0.9411,0.9414,0.9411,0.9414,28.22
coinbase,USDCEUR,1677756300000,2023-03-02 11:25:00,0.9417,0.9418,0.9417,0.9418,70.24
coinbase,USDCEUR,1677756600000,2023-03-02 11:30:00,0.9418,0.9422,0.9418,0.9418,1780.44
coinbase,USDCEUR,1677756780000,2023-03-02 11:33:00,0.9418,0.9418,0.9417,0.9417,136.88
coinbase,USDCEUR,1677756840000,2023-03-02 11:34:00,0.942,0.942,0.9414,0.9414,15.94
coinbase,USDCEUR,1677756960000,2023-03-02 11:36:00,0.9415,0.9415,0.9414,0.9414,160.43
coinbase,USDCEUR,1677757020000,2023-03-02 11:37:00,0.9412,0.9413,0.9412,0.9412,369.85
coinbase,USDCEUR,1677757080000,2023-03-02 11:38:00,0.9416,0.9416,0.9409,0.9409,149.15
coinbase,USDCEUR,1677757200000,2023-03-02 11:40:00,0.9413,0.9413,0.9411,0.9411,30172.28
coinbase,USDCEUR,1677757380000,2023-03-02 11:43:00,0.9411,0.9412,0.9411,0.9412,70879.2
coinbase,USDCEUR,1677757560000,2023-03-02 11:46:00,0.9412,0.9412,0.9409,0.9409,27.9
coinbase,USDCEUR,1677757680000,2023-03-02 11:48:00,0.9409,0.9413,0.9409,0.9409,44.83
coinbase,USDCEUR,1677757920000,2023-03-02 11:52:00,0.9409,0.9413,0.9409,0.9413,132.39
coinbase,USDCEUR,1677758100000,2023-03-02 11:55:00,0.9413,0.9413,0.9413,0.9413,17.86
coinbase,USDCEUR,1677758340000,2023-03-02 11:59:00,0.9415,0.9415,0.9415,0.9415,15.02
coinbase,USDCEUR,1677758580000,2023-03-02 12:03:00,0.9414,0.9415,0.9414,0.9415,11.56
coinbase,USDCEUR,1677758760000,2023-03-02 12:06:00,0.9415,0.9415,0.9415,0.9415,164.99
coinbase,USDCEUR,1677758880000,2023-03-02 12:08:00,0.9415,0.9415,0.9411,0.9411,23.57
coinbase,USDCEUR,1677759360000,2023-03-02 12:16:00,0.9415,0.9415,0.9415,0.9415,45.59
coinbase,USDCEUR,1677759420000,2023-03-02 12:17:00,0.9415,0.9415,0.9415,0.9415,34.67
coinbase,USDCEUR,1677759480000,2023-03-02 12:18:00,0.9416,0.9416,0.9415,0.9415,45.51
coinbase,USDCEUR,1677759540000,2023-03-02 12:19:00,0.9415,0.9415,0.9415,0.9415,819.05
coinbase,USDCEUR,1677759600000,2023-03-02 12:20:00,0.9415,0.9417,0.9415,0.9417,503.84
coinbase,USDCEUR,1677759720000,2023-03-02 12:22:00,0.9415,0.9417,0.9415,0.9417,768.04
coinbase,USDCEUR,1677759780000,2023-03-02 12:23:00,0.9417,0.9417,0.9417,0.9417,15
coinbase,USDCEUR,1677759960000,2023-03-02 12:26:00,0.9417,0.9419,0.9412,0.9412,103.43
coinbase,USDCEUR,1677760260000,2023-03-02 12:31:00,0.9414,0.9414,0.9413,0.9413,79.42
coinbase,USDCEUR,1677760380000,2023-03-02 12:33:00,0.9413,0.9418,0.9413,0.9413,71.42
coinbase,USDCEUR,1677760440000,2023-03-02 12:34:00,0.9414,0.9418,0.9414,0.9414,94.85
coinbase,USDCEUR,1677760500000,2023-03-02 12:35:00,0.9414,0.9418,0.9414,0.9415,278.22
coinbase,USDCEUR,1677760560000,2023-03-02 12:36:00,0.9417,0.9417,0.9415,0.9415,85.73
coinbase,USDCEUR,1677760680000,2023-03-02 12:38:00,0.9417,0.9417,0.9417,0.9417,41.95
coinbase,USDCEUR,1677760800000,2023-03-02 12:40:00,0.9417,0.9417,0.9417,0.9417,1550.75
coinbase,USDCEUR,1677760980000,2023-03-02 12:43:00,0.9419,0.9419,0.9418,0.9418,98.13
coinbase,USDCEUR,1677761100000,2023-03-02 12:45:00,0.9418,0.9422,0.9418,0.9422,7.37
coinbase,USDCEUR,1677761220000,2023-03-02 12:47:00,0.9421,0.9422,0.9421,0.9422,6.68
coinbase,USDCEUR,1677761280000,2023-03-02 12:48:00,0.9421,0.9424,0.9421,0.9424,1186.13
coinbase,USDCEUR,1677761340000,2023-03-02 12:49:00,0.9421,0.9425,0.9421,0.9425,1010.51
coinbase,USDCEUR,1677761460000,2023-03-02 12:51:00,0.9424,0.9425,0.9424,0.9425,36.25
coinbase,USDCEUR,1677761520000,2023-03-02 12:52:00,0.9425,0.943,0.9425,0.943,6.47
coinbase,USDCEUR,1677761640000,2023-03-02 12:54:00,0.9425,0.9426,0.9425,0.9426,31.24
coinbase,USDCEUR,1677761820000,2023-03-02 12:57:00,0.9426,0.9433,0.9426,0.9433,18.64
coinbase,USDCEUR,1677762420000,2023-03-02 13:07:00,0.9426,0.9426,0.9426,0.9426,14.65
coinbase,USDCEUR,1677762480000,2023-03-02 13:08:00,0.9426,0.9426,0.9426,0.9426,44.79
coinbase,USDCEUR,1677762720000,2023-03-02 13:12:00,0.9429,0.9432,0.9429,0.9432,21316.64
coinbase,USDCEUR,1677762780000,2023-03-02 13:13:00,0.9432,0.9434,0.9432,0.9434,31810.65
coinbase,USDCEUR,1677762960000,2023-03-02 13:16:00,0.9436,0.9436,0.9432,0.9432,20.46
coinbase,USDCEUR,1677763080000,2023-03-02 13:18:00,0.9433,0.9433,0.9433,0.9433,136.68
coinbase,USDCEUR,1677763200000,2023-03-02 13:20:00,0.9432,0.9435,0.9432,0.9435,487.45
coinbase,USDCEUR,1677763260000,2023-03-02 13:21:00,0.9434,0.9434,0.9434,0.9434,28.15
coinbase,USDCEUR,1677763380000,2023-03-02 13:23:00,0.9433,0.9433,0.9433,0.9433,29751.06
coinbase,USDCEUR,1677763560000,2023-03-02 13:26:00,0.9434,0.9434,0.9434,0.9434,17.35
coinbase,USDCEUR,1677763620000,2023-03-02 13:27:00,0.943,0.943,0.943,0.943,8.45
coinbase,USDCEUR,1677763680000,2023-03-02 13:28:00,0.943,0.9434,0.943,0.943,182.67
coinbase,USDCEUR,1677763800000,2023-03-02 13:30:00,0.9434,0.9441,0.9434,0.9441,530.18
coinbase,USDCEUR,1677764160000,2023-03-02 13:36:00,0.9439,0.9439,0.9439,0.9439,3.26
coinbase,USDCEUR,1677764400000,2023-03-02 13:40:00,0.9444,0.9445,0.9442,0.9442,391.24
coinbase,USDCEUR,1677764520000,2023-03-02 13:42:00,0.9445,0.9445,0.944,0.944,225.78
coinbase,USDCEUR,1677764580000,2023-03-02 13:43:00,0.9443,0.9443,0.9443,0.9443,13064.91
coinbase,USDCEUR,1677764640000,2023-03-02 13:44:00,0.9443,0.9443,0.944,0.944,39919.09
coinbase,USDCEUR,1677764880000,2023-03-02 13:48:00,0.9444,0.9445,0.944,0.9444,309.45
coinbase,USDCEUR,1677765000000,2023-03-02 13:50:00,0.944,0.9446,0.944,0.9446,1477.52
coinbase,USDCEUR,1677765120000,2023-03-02 13:52:00,0.9449,0.945,0.9449,0.945,50014.4
coinbase,USDCEUR,1677765180000,2023-03-02 13:53:00,0.9447,0.9447,0.9446,0.9446,16.6
coinbase,USDCEUR,1677765240000,2023-03-02 13:54:00,0.9447,0.9447,0.9446,0.9447,19.01
coinbase,USDCEUR,1677765420000,2023-03-02 13:57:00,0.9447,0.9453,0.9447,0.9447,70.36
coinbase,USDCEUR,1677765480000,2023-03-02 13:58:00,0.9447,0.9447,0.9447,0.9447,121.71
coinbase,USDCEUR,1677765600000,2023-03-02 14:00:00,0.9447,0.9447,0.9446,0.9447,259.12
coinbase,USDCEUR,1677765720000,2023-03-02 14:02:00,0.9446,0.9446,0.9442,0.9442,146.59
coinbase,USDCEUR,1677765840000,2023-03-02 14:04:00,0.9444,0.9444,0.9444,0.9444,5.84
coinbase,USDCEUR,1677765960000,2023-03-02 14:06:00,0.9443,0.9443,0.9442,0.9442,252.36
coinbase,USDCEUR,1677766020000,2023-03-02 14:07:00,0.9442,0.9442,0.9442,0.9442,108.69
coinbase,USDCEUR,1677766320000,2023-03-02 14:12:00,0.944,0.9441,0.9438,0.9441,4555
coinbase,USDCEUR,1677766380000,2023-03-02 14:13:00,0.9438,0.9438,0.9431,0.9431,186.94
coinbase,USDCEUR,1677766560000,2023-03-02 14:16:00,0.9439,0.9439,0.9439,0.9439,6
coinbase,USDCEUR,1677766680000,2023-03-02 14:18:00,0.9437,0.9437,0.9437,0.9437,0.94
coinbase,USDCEUR,1677766740000,2023-03-02 14:19:00,0.9439,0.9439,0.9439,0.9439,1981.4
coinbase,USDCEUR,1677766860000,2023-03-02 14:21:00,0.9439,0.9439,0.9435,0.9435,10589.28
coinbase,USDCEUR,1677767040000,2023-03-02 14:24:00,0.9441,0.9442,0.9436,0.9436,424.26
coinbase,USDCEUR,1677767220000,2023-03-02 14:27:00,0.9442,0.9442,0.9436,0.9436,10086.57
coinbase,USDCEUR,1677767400000,2023-03-02 14:30:00,0.9439,0.9441,0.9439,0.9441,23.9
coinbase,USDCEUR,1677767460000,2023-03-02 14:31:00,0.9436,0.9436,0.9436,0.9436,329.45
coinbase,USDCEUR,1677767580000,2023-03-02 14:33:00,0.9434,0.9439,0.9434,0.9435,77.34
coinbase,USDCEUR,1677767700000,2023-03-02 14:35:00,0.9435,0.9435,0.9435,0.9435,43.67
coinbase,USDCEUR,1677767820000,2023-03-02 14:37:00,0.9438,0.9438,0.9435,0.9435,69.18
coinbase,USDCEUR,1677768060000,2023-03-02 14:41:00,0.944,0.944,0.9438,0.9438,29736.07
coinbase,USDCEUR,1677768240000,2023-03-02 14:44:00,0.944,0.944,0.944,0.944,21.6
coinbase,USDCEUR,1677768300000,2023-03-02 14:45:00,0.9441,0.9443,0.9439,0.9443,477.68
coinbase,USDCEUR,1677768360000,2023-03-02 14:46:00,0.9443,0.9449,0.9443,0.9444,465.67
coinbase,USDCEUR,1677768480000,2023-03-02 14:48:00,0.9444,0.9444,0.944,0.944,84.36
coinbase,USDCEUR,1677768600000,2023-03-02 14:50:00,0.944,0.944,0.944,0.944,68.24
coinbase,USDCEUR,1677768660000,2023-03-02 14:51:00,0.9439,0.9439,0.9437,0.9437,272.96
coinbase,USDCEUR,1677768720000,2023-03-02 14:52:00,0.9437,0.9437,0.9437,0.9437,24.2
coinbase,USDCEUR,1677768780000,2023-03-02 14:53:00,0.9437,0.9437,0.9433,0.9433,357.82
coinbase,USDCEUR,1677768840000,2023-03-02 14:54:00,0.9434,0.9442,0.9432,0.9442,2182.87
coinbase,USDCEUR,1677769140000,2023-03-02 14:59:00,0.9433,0.9442,0.9433,0.9442,24.67
coinbase,USDCEUR,1677769200000,2023-03-02 15:00:00,0.9442,0.9442,0.9434,0.9435,207.32
coinbase,USDCEUR,1677733320000,2023-03-02 05:02:00,0.9391,0.9391,0.9385,0.9385,3899.32
coinbase,USDCEUR,1677733740000,2023-03-02 05:09:00,0.9391,0.9396,0.9391,0.9396,3725.89
coinbase,USDCEUR,1677733800000,2023-03-02 05:10:00,0.9392,0.9392,0.9385,0.9385,3931.72
coinbase,USDCEUR,1677734400000,2023-03-02 05:20:00,0.9392,0.9395,0.9391,0.9391,994.34
coinbase,USDCEUR,1677734760000,2023-03-02 05:26:00,0.9395,0.9395,0.9392,0.9392,27.12
coinbase,USDCEUR,1677735420000,2023-03-02 05:37:00,0.9395,0.9395,0.9395,0.9395,1007.4
coinbase,USDCEUR,1677735600000,2023-03-02 05:40:00,0.9396,0.9396,0.9393,0.9393,115.4
coinbase,USDCEUR,1677736140000,2023-03-02 05:49:00,0.9396,0.9398,0.9396,0.9398,79.49
coinbase,USDCEUR,1677737580000,2023-03-02 06:13:00,0.9399,0.94,0.9396,0.94,1109.33
coinbase,USDCEUR,1677737880000,2023-03-02 06:18:00,0.94,0.94,0.94,0.94,1.17
coinbase,USDCEUR,1677738900000,2023-03-02 06:35:00,0.9396,0.9397,0.9396,0.9397,1343.54
coinbase,USDCEUR,1677739620000,2023-03-02 06:47:00,0.9396,0.9399,0.9396,0.9399,142.91
coinbase,USDCEUR,1677740460000,2023-03-02 07:01:00,0.94,0.94,0.9399,0.9399,18.66
coinbase,USDCEUR,1677741060000,2023-03-02 07:11:00,0.9396,0.9396,0.9396,0.9396,1.06
coinbase,USDCEUR,1677741120000,2023-03-02 07:12:00,0.9399,0.9402,0.9397,0.9397,5335
coinbase,USDCEUR,1677741300000,2023-03-02 07:15:00,0.9403,0.9403,0.9403,0.9403,8.07
coinbase,USDCEUR,1677741840000,2023-03-02 07:24:00,0.9403,0.9403,0.9403,0.9403,127.7
coinbase,USDCEUR,1677742020000,2023-03-02 07:27:00,0.9403,0.9403,0.9398,0.9398,16.18
coinbase,USDCEUR,1677742260000,2023-03-02 07:31:00,0.9399,0.9399,0.9399,0.9399,17.48
coinbase,USDCEUR,1677742320000,2023-03-02 07:32:00,0.9399,0.9399,0.9399,0.9399,32.64
coinbase,USDCEUR,1677742380000,2023-03-02 07:33:00,0.9399,0.9403,0.9399,0.9403,24.24
coinbase,USDCEUR,1677742500000,2023-03-02 07:35:00,0.9403,0.9403,0.9403,0.9403,20.77
coinbase,USDCEUR,1677742560000,2023-03-02 07:36:00,0.9403,0.9405,0.9399,0.9399,53.76
coinbase,USDCEUR,1677742860000,2023-03-02 07:41:00,0.9399,0.9404,0.9399,0.9404,554.14
coinbase,USDCEUR,1677742980000,2023-03-02 07:43:00,0.9402,0.9402,0.9402,0.9402,2.06
coinbase,USDCEUR,1677743160000,2023-03-02 07:46:00,0.9407,0.9407,0.9401,0.9402,33.84
coinbase,USDCEUR,1677743220000,2023-03-02 07:47:00,0.9401,0.9401,0.94,0.94,245.79
coinbase,USDCEUR,1677743280000,2023-03-02 07:48:00,0.94,0.94,0.94,0.94,132.89
coinbase,USDCEUR,1677743340000,2023-03-02 07:49:00,0.94,0.9404,0.9397,0.9404,22.47
coinbase,USDCEUR,1677743400000,2023-03-02 07:50:00,0.9404,0.9404,0.9401,0.9401,5.05
coinbase,USDCEUR,1677743580000,2023-03-02 07:53:00,0.9401,0.9401,0.9401,0.9401,16.41
coinbase,USDCEUR,1677743640000,2023-03-02 07:54:00,0.9401,0.9401,0.9401,0.9401,3.39
coinbase,USDCEUR,1677743880000,2023-03-02 07:58:00,0.9401,0.9401,0.9401,0.9401,883.15
coinbase,USDCEUR,1677744060000,2023-03-02 08:01:00,0.9402,0.9402,0.94,0.94,19.42
coinbase,USDCEUR,1677744180000,2023-03-02 08:03:00,0.94,0.9406,0.94,0.9406,18.83
coinbase,USDCEUR,1677744300000,2023-03-02 08:05:00,0.9406,0.9406,0.9406,0.9406,66.99
coinbase,USDCEUR,1677744360000,2023-03-02 08:06:00,0.9404,0.9404,0.9404,0.9404,8.81
coinbase,USDCEUR,1677744420000,2023-03-02 08:07:00,0.9409,0.9409,0.9409,0.9409,16.67
coinbase,USDCEUR,1677744480000,2023-03-02 08:08:00,0.9409,0.9412,0.9407,0.9407,60.3
coinbase,USDCEUR,1677744600000,2023-03-02 08:10:00,0.9411,0.9411,0.9407,0.9407,28.67
coinbase,USDCEUR,1677744720000,2023-03-02 08:12:00,0.9407,0.9407,0.9407,0.9407,73.18
coinbase,USDCEUR,1677744960000,2023-03-02 08:16:00,0.9407,0.941,0.9407,0.941,1350.34
coinbase,USDCEUR,1677745320000,2023-03-02 08:22:00,0.9407,0.9407,0.9407,0.9407,4296.15
coinbase,USDCEUR,1677745440000,2023-03-02 08:24:00,0.9405,0.9405,0.9401,0.9402,152.82
coinbase,USDCEUR,1677745680000,2023-03-02 08:28:00,0.9405,0.941,0.9405,0.941,146.86
coinbase,USDCEUR,1677745860000,2023-03-02 08:31:00,0.941,0.941,0.941,0.941,5.9
coinbase,USDCEUR,1677746040000,2023-03-02 08:34:00,0.9406,0.9409,0.9406,0.9409,221.23
coinbase,USDCEUR,1677746280000,2023-03-02 08:38:00,0.941,0.941,0.941,0.941,28.49
coinbase,USDCEUR,1677746340000,2023-03-02 08:39:00,0.9406,0.941,0.9406,0.9406,83.31
coinbase,USDCEUR,1677746520000,2023-03-02 08:42:00,0.9406,0.9406,0.9406,0.9406,60.87
coinbase,USDCEUR,1677746700000,2023-03-02 08:45:00,0.9406,0.9406,0.9406,0.9406,23.45
coinbase,USDCEUR,1677746880000,2023-03-02 08:48:00,0.9406,0.9408,0.9403,0.9406,293.46
coinbase,USDCEUR,1677747240000,2023-03-02 08:54:00,0.9404,0.9404,0.9403,0.9403,262.98
coinbase,USDCEUR,1677747300000,2023-03-02 08:55:00,0.9403,0.9406,0.9403,0.9406,168.26
coinbase,USDCEUR,1677747420000,2023-03-02 08:57:00,0.9404,0.9404,0.9404,0.9404,137.02
coinbase,USDCEUR,1677747480000,2023-03-02 08:58:00,0.9406,0.9406,0.9406,0.9406,59.17
coinbase,USDCEUR,1677747540000,2023-03-02 08:59:00,0.9404,0.9404,0.94,0.94,194.63
coinbase,USDCEUR,1677747720000,2023-03-02 09:02:00,0.9404,0.9404,0.9404,0.9404,6.91
coinbase,USDCEUR,1677747960000,2023-03-02 09:06:00,0.94,0.94,0.9399,0.9399,68.06
coinbase,USDCEUR,1677748020000,2023-03-02 09:07:00,0.94,0.9403,0.9399,0.9403,271.14
coinbase,USDCEUR,1677748320000,2023-03-02 09:12:00,0.9399,0.9403,0.9399,0.9403,126.95
coinbase,USDCEUR,1677749040000,2023-03-02 09:24:00,0.9405,0.9405,0.9405,0.9405,137.02
coinbase,USDCEUR,1677749100000,2023-03-02 09:25:00,0.9404,0.9404,0.9404,0.9404,14.73
coinbase,USDCEUR,1677749160000,2023-03-02 09:26:00,0.9404,0.9404,0.9402,0.9402,7872
coinbase,USDCEUR,1677749220000,2023-03-02 09:27:00,0.9406,0.9407,0.9402,0.9402,530.3
coinbase,USDCEUR,1677749580000,2023-03-02 09:33:00,0.9406,0.9407,0.9406,0.9407,46803.05
coinbase,USDCEUR,1677749760000,2023-03-02 09:36:00,0.9404,0.9406,0.9404,0.9406,159.47
coinbase,USDCEUR,1677749940000,2023-03-02 09:39:00,0.9407,0.9409,0.9407,0.9409,10617.91
coinbase,USDCEUR,1677750300000,2023-03-02 09:45:00,0.9408,0.9408,0.9405,0.9408,107.4
coinbase,USDCEUR,1677750780000,2023-03-02 09:53:00,0.9406,0.9412,0.9406,0.9412,7083.77
coinbase,USDCEUR,1677750960000,2023-03-02 09:56:00,0.9414,0.9418,0.9414,0.9418,72.75
coinbase,USDCEUR,1677751200000,2023-03-02 10:00:00,0.9416,0.9417,0.9416,0.9416,62.91
coinbase,USDCEUR,1677715200000,2023-03-02 00:00:00,0.9374,0.9374,0.9374,0.9374,49.5
coinbase,USDCEUR,1677715320000,2023-03-02 00:02:00,0.9375,0.9375,0.9375,0.9375,266.83
coinbase,USDCEUR,1677715500000,2023-03-02 00:05:00,0.9378,0.9379,0.9375,0.9375,802
coinbase,USDCEUR,1677715920000,2023-03-02 00:12:00,0.9378,0.9378,0.9374,0.9374,139.24
coinbase,USDCEUR,1677716340000,2023-03-02 00:19:00,0.9373,0.9378,0.9371,0.9378,1092.29
coinbase,USDCEUR,1677717540000,2023-03-02 00:39:00,0.9377,0.9378,0.9377,0.9377,216.69
coinbase,USDCEUR,1677718080000,2023-03-02 00:48:00,0.9377,0.9378,0.9374,0.9374,194.92
coinbase,USDCEUR,1677718260000,2023-03-02 00:51:00,0.9375,0.9375,0.9375,0.9375,31.99
coinbase,USDCEUR,1677718440000,2023-03-02 00:54:00,0.9378,0.9386,0.9378,0.9386,2927.95
coinbase,USDCEUR,1677718860000,2023-03-02 01:01:00,0.9382,0.9382,0.9382,0.9382,204.99
coinbase,USDCEUR,1677719580000,2023-03-02 01:13:00,0.9382,0.9382,0.9379,0.9379,22920.82
coinbase,USDCEUR,1677719880000,2023-03-02 01:18:00,0.9385,0.9385,0.9379,0.9385,111.59
coinbase,USDCEUR,1677720900000,2023-03-02 01:35:00,0.9385,0.9385,0.9385,0.9385,1.99
coinbase,USDCEUR,1677721080000,2023-03-02 01:38:00,0.9385,0.9386,0.9385,0.9386,13803.24
coinbase,USDCEUR,1677721140000,2023-03-02 01:39:00,0.9387,0.9392,0.9387,0.9392,69.69
coinbase,USDCEUR,1677725820000,2023-03-02 02:57:00,0.9388,0.9388,0.9388,0.9388,68.62
coinbase,USDCEUR,1677725880000,2023-03-02 02:58:00,0.9388,0.9388,0.9388,0.9388,68.65
coinbase,USDCEUR,1677725940000,2023-03-02 02:59:00,0.9388,0.9388,0.9388,0.9388,137.3
coinbase,USDCEUR,1677726180000,2023-03-02 03:03:00,0.9384,0.9384,0.9383,0.9383,99.78
coinbase,USDCEUR,1677726360000,2023-03-02 03:06:00,0.9387,0.9392,0.9386,0.9392,137.68
coinbase,USDCEUR,1677727560000,2023-03-02 03:26:00,0.9387,0.9391,0.9387,0.9391,168.2
coinbase,USDCEUR,1677728160000,2023-03-02 03:36:00,0.9392,0.9392,0.9389,0.9389,353.71
coinbase,USDCEUR,1677730020000,2023-03-02 04:07:00,0.9393,0.9393,0.9393,0.9393,273.88
coinbase,USDCEUR,1677730380000,2023-03-02 04:13:00,0.9393,0.9393,0.9389,0.9389,25.89
coinbase,USDCEUR,1677731280000,2023-03-02 04:28:00,0.9393,0.9393,0.9389,0.9389,16.48
coinbase,USDCEUR,1677731520000,2023-03-02 04:32:00,0.9393,0.9393,0.9393,0.9393,45.1
coinbase,USDCEUR,1677732240000,2023-03-02 04:44:00,0.9393,0.9394,0.9393,0.9394,508.5
coinbase,USDCEUR,1677733080000,2023-03-02 04:58:00,0.9389,0.9389,0.9389,0.9389,0.91
coinbase,USDCEUR,1677733140000,2023-03-02 04:59:00,0.9393,0.9395,0.9393,0.9395,3886.79
coinbase,USDCEUR,1677697380000,2023-03-01 19:03:00,0.9391,0.9393,0.9391,0.9393,213.68
coinbase,USDCEUR,1677697560000,2023-03-01 19:06:00,0.9386,0.9395,0.9386,0.9395,537.32
coinbase,USDCEUR,1677698460000,2023-03-01 19:21:00,0.9394,0.9394,0.9394,0.9394,49.69
coinbase,USDCEUR,1677698580000,2023-03-01 19:23:00,0.9394,0.9395,0.9394,0.9394,160.36
coinbase,USDCEUR,1677698940000,2023-03-01 19:29:00,0.9388,0.9391,0.9388,0.9391,431.87
coinbase,USDCEUR,1677699240000,2023-03-01 19:34:00,0.9388,0.9395,0.9388,0.9393,1598.7
coinbase,USDCEUR,1677700020000,2023-03-01 19:47:00,0.9392,0.9392,0.939,0.939,92412.96
coinbase,USDCEUR,1677700080000,2023-03-01 19:48:00,0.939,0.939,0.9389,0.9389,8828
coinbase,USDCEUR,1677700200000,2023-03-01 19:50:00,0.9388,0.939,0.9388,0.939,120.46
coinbase,USDCEUR,1677700320000,2023-03-01 19:52:00,0.9388,0.9388,0.9388,0.9388,145.38
coinbase,USDCEUR,1677700380000,2023-03-01 19:53:00,0.9388,0.9388,0.9385,0.9385,608.21
coinbase,USDCEUR,1677700440000,2023-03-01 19:54:00,0.9386,0.9386,0.9386,0.9386,204.81
coinbase,USDCEUR,1677700620000,2023-03-01 19:57:00,0.9387,0.9388,0.9384,0.9384,6596.71
coinbase,USDCEUR,1677700680000,2023-03-01 19:58:00,0.9385,0.9385,0.9382,0.9382,274.6
coinbase,USDCEUR,1677701580000,2023-03-01 20:13:00,0.938,0.9383,0.9378,0.9378,147.62
coinbase,USDCEUR,1677702300000,2023-03-01 20:25:00,0.9383,0.9383,0.9377,0.9377,19.55
coinbase,USDCEUR,1677703560000,2023-03-01 20:46:00,0.9378,0.9378,0.9375,0.9376,3020.96
coinbase,USDCEUR,1677704280000,2023-03-01 20:58:00,0.9378,0.9379,0.9374,0.9374,364.24
coinbase,USDCEUR,1677704340000,2023-03-01 20:59:00,0.9374,0.9375,0.9372,0.9375,16072.94
coinbase,USDCEUR,1677704700000,2023-03-01 21:05:00,0.9378,0.9378,0.9377,0.9377,8.19
coinbase,USDCEUR,1677705120000,2023-03-01 21:12:00,0.9373,0.9373,0.9373,0.9373,9.09
coinbase,USDCEUR,1677705360000,2023-03-01 21:16:00,0.9375,0.9378,0.9375,0.9378,441.34
coinbase,USDCEUR,1677707160000,2023-03-01 21:46:00,0.9374,0.9374,0.9374,0.9374,3.76
coinbase,USDCEUR,1677707280000,2023-03-01 21:48:00,0.9377,0.9378,0.9374,0.9374,4627.46
coinbase,USDCEUR,1677709500000,2023-03-01 22:25:00,0.9375,0.9375,0.9375,0.9375,132.71
coinbase,USDCEUR,1677709800000,2023-03-01 22:30:00,0.9375,0.9377,0.9374,0.9377,4700.04
coinbase,USDCEUR,1677710100000,2023-03-01 22:35:00,0.9375,0.9376,0.9375,0.9376,72.94
coinbase,USDCEUR,1677711120000,2023-03-01 22:52:00,0.9375,0.9376,0.9375,0.9376,535.18
coinbase,USDCEUR,1677711240000,2023-03-01 22:54:00,0.9374,0.9376,0.9369,0.9376,15712.57
coinbase,USDCEUR,1677711600000,2023-03-01 23:00:00,0.937,0.9372,0.937,0.9372,3491.96
coinbase,USDCEUR,1677712200000,2023-03-01 23:10:00,0.9371,0.9375,0.9371,0.9375,2873.98
coinbase,USDCEUR,1677712740000,2023-03-01 23:19:00,0.9375,0.9375,0.9375,0.9375,73.32
coinbase,USDCEUR,1677715200000,2023-03-02 00:00:00,0.9374,0.9374,0.9374,0.9374,49.5
coinbase,USDCEUR,1677679200000,2023-03-01 14:00:00,0.937,0.9375,0.9367,0.9367,741.88
coinbase,USDCEUR,1677679320000,2023-03-01 14:02:00,0.9371,0.9371,0.937,0.937,508.71
coinbase,USDCEUR,1677679620000,2023-03-01 14:07:00,0.937,0.9374,0.937,0.9374,317.72
coinbase,USDCEUR,1677679740000,2023-03-01 14:09:00,0.9374,0.9375,0.9371,0.9371,134.09
coinbase,USDCEUR,1677680160000,2023-03-01 14:16:00,0.9371,0.9372,0.9371,0.9372,72
coinbase,USDCEUR,1677680640000,2023-03-01 14:24:00,0.9369,0.9373,0.9366,0.9373,1816.34
coinbase,USDCEUR,1677680940000,2023-03-01 14:29:00,0.9366,0.9372,0.9366,0.9372,612.88
coinbase,USDCEUR,1677681360000,2023-03-01 14:36:00,0.9373,0.9373,0.9369,0.9373,190.47
coinbase,USDCEUR,1677681840000,2023-03-01 14:44:00,0.9373,0.9373,0.937,0.937,74.19
coinbase,USDCEUR,1677681960000,2023-03-01 14:46:00,0.9374,0.9374,0.9371,0.9371,200.69
coinbase,USDCEUR,1677682080000,2023-03-01 14:48:00,0.9371,0.9371,0.9371,0.9371,67.67
coinbase,USDCEUR,1677682140000,2023-03-01 14:49:00,0.9369,0.9369,0.9368,0.9369,1237.78
coinbase,USDCEUR,1677682380000,2023-03-01 14:53:00,0.9373,0.9375,0.9373,0.9375,1512.1
coinbase,USDCEUR,1677682560000,2023-03-01 14:56:00,0.9374,0.9377,0.9374,0.9377,1979.81
coinbase,USDCEUR,1677682800000,2023-03-01 15:00:00,0.9372,0.9379,0.9369,0.9379,3338.87
coinbase,USDCEUR,1677682980000,2023-03-01 15:03:00,0.9378,0.9378,0.9378,0.9378,1600
coinbase,USDCEUR,1677683040000,2023-03-01 15:04:00,0.9377,0.9383,0.9377,0.9383,797.59
coinbase,USDCEUR,1677683100000,2023-03-01 15:05:00,0.9385,0.9386,0.9385,0.9386,203.98
coinbase,USDCEUR,1677683220000,2023-03-01 15:07:00,0.9389,0.9392,0.9389,0.9389,273.44
coinbase,USDCEUR,1677683460000,2023-03-01 15:11:00,0.9396,0.9396,0.9396,0.9396,0.99
coinbase,USDCEUR,1677683520000,2023-03-01 15:12:00,0.9396,0.9396,0.9386,0.9386,116.6
coinbase,USDCEUR,1677683700000,2023-03-01 15:15:00,0.939,0.939,0.939,0.939,27742.46
coinbase,USDCEUR,1677683760000,2023-03-01 15:16:00,0.9392,0.9392,0.9386,0.9389,79936.73
coinbase,USDCEUR,1677683820000,2023-03-01 15:17:00,0.9383,0.9383,0.9383,0.9383,5.58
coinbase,USDCEUR,1677684120000,2023-03-01 15:22:00,0.9384,0.9384,0.9384,0.9384,205.55
coinbase,USDCEUR,1677684600000,2023-03-01 15:30:00,0.9389,0.9389,0.9387,0.9387,234.72
coinbase,USDCEUR,1677684900000,2023-03-01 15:35:00,0.9385,0.9386,0.9382,0.9382,273.44
coinbase,USDCEUR,1677685020000,2023-03-01 15:37:00,0.938,0.938,0.9371,0.9371,478.58
coinbase,USDCEUR,1677685080000,2023-03-01 15:38:00,0.9378,0.9379,0.9378,0.9379,99.55
coinbase,USDCEUR,1677685380000,2023-03-01 15:43:00,0.9376,0.9378,0.9376,0.9377,986.72
coinbase,USDCEUR,1677685440000,2023-03-01 15:44:00,0.9375,0.9375,0.9374,0.9374,83.11
coinbase,USDCEUR,1677685500000,2023-03-01 15:45:00,0.9374,0.9375,0.9372,0.9374,78.33
coinbase,USDCEUR,1677685560000,2023-03-01 15:46:00,0.9374,0.9374,0.9368,0.9372,937.82
coinbase,USDCEUR,1677685620000,2023-03-01 15:47:00,0.9374,0.9375,0.9374,0.9375,63.61
coinbase,USDCEUR,1677685680000,2023-03-01 15:48:00,0.9374,0.9375,0.9374,0.9375,512.93
coinbase,USDCEUR,1677686100000,2023-03-01 15:55:00,0.9375,0.9375,0.9375,0.9375,20342
coinbase,USDCEUR,1677686340000,2023-03-01 15:59:00,0.9371,0.9375,0.9371,0.9375,1124.36
coinbase,USDCEUR,1677686460000,2023-03-01 16:01:00,0.9377,0.9377,0.9376,0.9376,68.98
coinbase,USDCEUR,1677686640000,2023-03-01 16:04:00,0.9377,0.9385,0.9377,0.9381,31770.05
coinbase,USDCEUR,1677686700000,2023-03-01 16:05:00,0.9381,0.9381,0.938,0.938,23013.75
coinbase,USDCEUR,1677686820000,2023-03-01 16:07:00,0.9378,0.9381,0.9378,0.9381,10664.35
coinbase,USDCEUR,1677687240000,2023-03-01 16:14:00,0.9376,0.9381,0.9376,0.9381,93.4
coinbase,USDCEUR,1677687360000,2023-03-01 16:16:00,0.9375,0.9375,0.9371,0.9371,526.26
coinbase,USDCEUR,1677687780000,2023-03-01 16:23:00,0.9376,0.9376,0.9376,0.9376,2.67
coinbase,USDCEUR,1677687900000,2023-03-01 16:25:00,0.9372,0.9372,0.9366,0.9366,696.7
coinbase,USDCEUR,1677688320000,2023-03-01 16:32:00,0.9372,0.9372,0.9371,0.9371,153.34
coinbase,USDCEUR,1677688560000,2023-03-01 16:36:00,0.9372,0.9372,0.9372,0.9372,67.61
coinbase,USDCEUR,1677688620000,2023-03-01 16:37:00,0.9371,0.9375,0.937,0.9375,2256.33
coinbase,USDCEUR,1677688680000,2023-03-01 16:38:00,0.9373,0.9375,0.9372,0.9372,322.69
coinbase,USDCEUR,1677688740000,2023-03-01 16:39:00,0.9372,0.9375,0.9371,0.9371,610.69
coinbase,USDCEUR,1677688860000,2023-03-01 16:41:00,0.9371,0.9372,0.9369,0.9372,183.16
coinbase,USDCEUR,1677688980000,2023-03-01 16:43:00,0.937,0.9374,0.9369,0.9369,369.38
coinbase,USDCEUR,1677689040000,2023-03-01 16:44:00,0.937,0.9375,0.9369,0.9375,588.39
coinbase,USDCEUR,1677689280000,2023-03-01 16:48:00,0.9369,0.937,0.9369,0.937,12.88
coinbase,USDCEUR,1677689460000,2023-03-01 16:51:00,0.9374,0.9374,0.9374,0.9374,1.07
coinbase,USDCEUR,1677689580000,2023-03-01 16:53:00,0.9374,0.9374,0.9374,0.9374,27.09
coinbase,USDCEUR,1677690060000,2023-03-01 17:01:00,0.9371,0.9371,0.9369,0.9369,140.61
coinbase,USDCEUR,1677690420000,2023-03-01 17:07:00,0.9372,0.9373,0.9367,0.9367,539.55
coinbase,USDCEUR,1677690540000,2023-03-01 17:09:00,0.9367,0.9373,0.9367,0.9373,16901.49
coinbase,USDCEUR,1677690660000,2023-03-01 17:11:00,0.9372,0.9372,0.9366,0.9366,324.65
coinbase,USDCEUR,1677690720000,2023-03-01 17:12:00,0.9366,0.9366,0.9366,0.9366,121.81
coinbase,USDCEUR,1677690780000,2023-03-01 17:13:00,0.9366,0.9368,0.9366,0.9366,198.94
coinbase,USDCEUR,1677690840000,2023-03-01 17:14:00,0.9367,0.9367,0.9366,0.9366,254.32
coinbase,USDCEUR,1677690960000,2023-03-01 17:16:00,0.9366,0.9366,0.9363,0.9364,669.71
coinbase,USDCEUR,1677691140000,2023-03-01 17:19:00,0.9366,0.937,0.9364,0.937,257.76
coinbase,USDCEUR,1677691200000,2023-03-01 17:20:00,0.9365,0.937,0.9364,0.9365,675.01
coinbase,USDCEUR,1677691320000,2023-03-01 17:22:00,0.9367,0.9367,0.9364,0.9364,17040.81
coinbase,USDCEUR,1677691440000,2023-03-01 17:24:00,0.9369,0.9369,0.9369,0.9369,62.65
coinbase,USDCEUR,1677691500000,2023-03-01 17:25:00,0.9368,0.9368,0.9368,0.9368,67.69
coinbase,USDCEUR,1677691560000,2023-03-01 17:26:00,0.9368,0.937,0.9368,0.937,405.96
coinbase,USDCEUR,1677691680000,2023-03-01 17:28:00,0.9371,0.9372,0.9371,0.9372,243.05
coinbase,USDCEUR,1677691740000,2023-03-01 17:29:00,0.9373,0.9374,0.9373,0.9373,533.61
coinbase,USDCEUR,1677692220000,2023-03-01 17:37:00,0.9374,0.9374,0.9374,0.9374,2321.25
coinbase,USDCEUR,1677692280000,2023-03-01 17:38:00,0.9375,0.9375,0.9372,0.9372,479.65
coinbase,USDCEUR,1677692820000,2023-03-01 17:47:00,0.9375,0.9375,0.9375,0.9375,67.69
coinbase,USDCEUR,1677692940000,2023-03-01 17:49:00,0.9378,0.9378,0.9376,0.9377,386.37
coinbase,USDCEUR,1677693480000,2023-03-01 17:58:00,0.9378,0.938,0.9378,0.938,29.81
coinbase,USDCEUR,1677694380000,2023-03-01 18:13:00,0.938,0.9381,0.938,0.9381,274.83
coinbase,USDCEUR,1677695760000,2023-03-01 18:36:00,0.9385,0.9385,0.9383,0.9383,1262.93
coinbase,USDCEUR,1677696240000,2023-03-01 18:44:00,0.9381,0.9393,0.9381,0.9393,832.04
coinbase,USDCEUR,1677696960000,2023-03-01 18:56:00,0.9387,0.9387,0.9382,0.9384,12092.05
coinbase,USDCEUR,1677661200000,2023-03-01 09:00:00,0.9396,0.9396,0.9393,0.9393,1145.57
coinbase,USDCEUR,1677661260000,2023-03-01 09:01:00,0.9392,0.9392,0.9392,0.9392,600.89
coinbase,USDCEUR,1677661500000,2023-03-01 09:05:00,0.9385,0.9391,0.9381,0.9391,361.58
coinbase,USDCEUR,1677661620000,2023-03-01 09:07:00,0.9391,0.9392,0.9391,0.9392,211.15
coinbase,USDCEUR,1677661680000,2023-03-01 09:08:00,0.9392,0.9392,0.939,0.939,100.85
coinbase,USDCEUR,1677661740000,2023-03-01 09:09:00,0.9392,0.9393,0.9392,0.9393,342.7
coinbase,USDCEUR,1677661920000,2023-03-01 09:12:00,0.9393,0.9394,0.9393,0.9394,411.24
coinbase,USDCEUR,1677661980000,2023-03-01 09:13:00,0.9394,0.9395,0.9394,0.9395,262.9
coinbase,USDCEUR,1677662040000,2023-03-01 09:14:00,0.9396,0.9396,0.9395,0.9395,631.3
coinbase,USDCEUR,1677662100000,2023-03-01 09:15:00,0.9396,0.94,0.9396,0.94,4819.77
coinbase,USDCEUR,1677662160000,2023-03-01 09:16:00,0.94,0.94,0.9392,0.9392,249.84
coinbase,USDCEUR,1677662460000,2023-03-01 09:21:00,0.9399,0.9399,0.9398,0.9398,205.65
coinbase,USDCEUR,1677662520000,2023-03-01 09:22:00,0.9398,0.9399,0.9398,0.9399,274.2
coinbase,USDCEUR,1677662700000,2023-03-01 09:25:00,0.9399,0.9399,0.9399,0.9399,68.55
coinbase,USDCEUR,1677662760000,2023-03-01 09:26:00,0.9396,0.9399,0.9396,0.9398,145.98
coinbase,USDCEUR,1677663060000,2023-03-01 09:31:00,0.9394,0.9404,0.9394,0.9401,14294.69
coinbase,USDCEUR,1677663240000,2023-03-01 09:34:00,0.9399,0.9399,0.9399,0.9399,1.61
coinbase,USDCEUR,1677663360000,2023-03-01 09:36:00,0.9399,0.9399,0.9393,0.9393,282.58
coinbase,USDCEUR,1677663840000,2023-03-01 09:44:00,0.9397,0.9397,0.9393,0.9396,149.95
coinbase,USDCEUR,1677664020000,2023-03-01 09:47:00,0.9396,0.9396,0.9396,0.9396,68.56
coinbase,USDCEUR,1677664140000,2023-03-01 09:49:00,0.9396,0.9398,0.9396,0.9398,69231.55
coinbase,USDCEUR,1677664740000,2023-03-01 09:59:00,0.9397,0.9403,0.9397,0.9398,2065.67
coinbase,USDCEUR,1677664920000,2023-03-01 10:02:00,0.9402,0.9403,0.9397,0.9397,245.56
coinbase,USDCEUR,1677665220000,2023-03-01 10:07:00,0.9399,0.9399,0.9399,0.9399,3.26
coinbase,USDCEUR,1677665400000,2023-03-01 10:10:00,0.9402,0.9403,0.9399,0.9399,141.5
coinbase,USDCEUR,1677665640000,2023-03-01 10:14:00,0.9395,0.9398,0.9393,0.9393,792.14
coinbase,USDCEUR,1677665880000,2023-03-01 10:18:00,0.939,0.939,0.9387,0.9387,349.53
coinbase,USDCEUR,1677666000000,2023-03-01 10:20:00,0.939,0.939,0.9382,0.9382,10604.79
coinbase,USDCEUR,1677666120000,2023-03-01 10:22:00,0.9385,0.9387,0.9385,0.9387,387.44
coinbase,USDCEUR,1677666180000,2023-03-01 10:23:00,0.9389,0.9392,0.9385,0.9385,54135.32
coinbase,USDCEUR,1677666240000,2023-03-01 10:24:00,0.9385,0.9387,0.9378,0.9383,13808.73
coinbase,USDCEUR,1677666300000,2023-03-01 10:25:00,0.9386,0.9389,0.9385,0.9386,27302.84
coinbase,USDCEUR,1677666360000,2023-03-01 10:26:00,0.9385,0.9388,0.9385,0.9388,20550.54
coinbase,USDCEUR,1677666420000,2023-03-01 10:27:00,0.9386,0.9387,0.9376,0.9387,1476.79
coinbase,USDCEUR,1677666480000,2023-03-01 10:28:00,0.9386,0.9386,0.9379,0.9379,609.5
coinbase,USDCEUR,1677666780000,2023-03-01 10:33:00,0.9385,0.9387,0.9385,0.9386,396.87
coinbase,USDCEUR,1677666840000,2023-03-01 10:34:00,0.9386,0.9388,0.9386,0.9387,341.3
coinbase,USDCEUR,1677667140000,2023-03-01 10:39:00,0.9385,0.9385,0.9385,0.9385,6257.02
coinbase,USDCEUR,1677667260000,2023-03-01 10:41:00,0.9387,0.9387,0.9387,0.9387,4.08
coinbase,USDCEUR,1677667380000,2023-03-01 10:43:00,0.9387,0.9389,0.9387,0.9389,137.9
coinbase,USDCEUR,1677667440000,2023-03-01 10:44:00,0.9388,0.9388,0.9388,0.9388,136.89
coinbase,USDCEUR,1677667620000,2023-03-01 10:47:00,0.9388,0.9392,0.9388,0.939,4397.1
coinbase,USDCEUR,1677667980000,2023-03-01 10:53:00,0.9388,0.9388,0.9387,0.9387,274.52
coinbase,USDCEUR,1677668100000,2023-03-01 10:55:00,0.9386,0.9386,0.9382,0.9382,273.41
coinbase,USDCEUR,1677668220000,2023-03-01 10:57:00,0.9379,0.9379,0.9376,0.9376,1024.64
coinbase,USDCEUR,1677668400000,2023-03-01 11:00:00,0.9376,0.9376,0.9373,0.9373,2705.47
coinbase,USDCEUR,1677668520000,2023-03-01 11:02:00,0.9377,0.9378,0.9375,0.9375,4581.68
coinbase,USDCEUR,1677668580000,2023-03-01 11:03:00,0.9376,0.9376,0.9376,0.9376,9.53
coinbase,USDCEUR,1677668760000,2023-03-01 11:06:00,0.9377,0.9377,0.9376,0.9376,70630.36
coinbase,USDCEUR,1677668940000,2023-03-01 11:09:00,0.9377,0.9377,0.9377,0.9377,135.14
coinbase,USDCEUR,1677669000000,2023-03-01 11:10:00,0.9377,0.9377,0.9377,0.9377,67.58
coinbase,USDCEUR,1677669240000,2023-03-01 11:14:00,0.9381,0.9381,0.9381,0.9381,136.27
coinbase,USDCEUR,1677669300000,2023-03-01 11:15:00,0.9381,0.9381,0.9381,0.9381,273.28
coinbase,USDCEUR,1677669360000,2023-03-01 11:16:00,0.9383,0.9387,0.9381,0.9381,272.91
coinbase,USDCEUR,1677669840000,2023-03-01 11:24:00,0.9386,0.9386,0.9382,0.9382,200.79
coinbase,USDCEUR,1677670440000,2023-03-01 11:34:00,0.9377,0.9377,0.9374,0.9374,680.99
coinbase,USDCEUR,1677670920000,2023-03-01 11:42:00,0.9369,0.9369,0.9369,0.9369,36.36
coinbase,USDCEUR,1677671400000,2023-03-01 11:50:00,0.9373,0.9373,0.9373,0.9373,140.12
coinbase,USDCEUR,1677671580000,2023-03-01 11:53:00,0.9373,0.9373,0.937,0.9373,207.23
coinbase,USDCEUR,1677671700000,2023-03-01 11:55:00,0.9373,0.9373,0.9373,0.9373,67.63
coinbase,USDCEUR,1677671760000,2023-03-01 11:56:00,0.9375,0.9375,0.9369,0.9369,55.84
coinbase,USDCEUR,1677671880000,2023-03-01 11:58:00,0.9375,0.9375,0.9375,0.9375,2.17
coinbase,USDCEUR,1677672000000,2023-03-01 12:00:00,0.9375,0.9375,0.9375,0.9375,67.63
coinbase,USDCEUR,1677672060000,2023-03-01 12:01:00,0.9375,0.9375,0.9375,0.9375,136
coinbase,USDCEUR,1677672120000,2023-03-01 12:02:00,0.9375,0.9376,0.9375,0.9376,410.87
coinbase,USDCEUR,1677672180000,2023-03-01 12:03:00,0.9377,0.9377,0.9375,0.9375,53.66
coinbase,USDCEUR,1677673380000,2023-03-01 12:23:00,0.9373,0.9373,0.9369,0.9369,1062.23
coinbase,USDCEUR,1677673920000,2023-03-01 12:32:00,0.9366,0.9366,0.9366,0.9366,1069.85
coinbase,USDCEUR,1677674340000,2023-03-01 12:39:00,0.9364,0.9364,0.9364,0.9364,100
coinbase,USDCEUR,1677674460000,2023-03-01 12:41:00,0.9364,0.9365,0.9364,0.9364,529.83
coinbase,USDCEUR,1677674940000,2023-03-01 12:49:00,0.9359,0.9364,0.9359,0.9364,31.47
coinbase,USDCEUR,1677675300000,2023-03-01 12:55:00,0.9359,0.9365,0.9358,0.9361,279.77
coinbase,USDCEUR,1677675600000,2023-03-01 13:00:00,0.9359,0.9359,0.9358,0.9358,821.76
coinbase,USDCEUR,1677675660000,2023-03-01 13:01:00,0.9358,0.936,0.935,0.936,1564.14
coinbase,USDCEUR,1677675720000,2023-03-01 13:02:00,0.9352,0.9361,0.9352,0.9353,555.66
coinbase,USDCEUR,1677675780000,2023-03-01 13:03:00,0.9353,0.9356,0.9353,0.9356,322.45
coinbase,USDCEUR,1677675840000,2023-03-01 13:04:00,0.9356,0.9356,0.9356,0.9356,138.43
coinbase,USDCEUR,1677675900000,2023-03-01 13:05:00,0.9361,0.9361,0.9356,0.9356,141.64
coinbase,USDCEUR,1677675960000,2023-03-01 13:06:00,0.9357,0.9357,0.9355,0.9355,414.29
coinbase,USDCEUR,1677676020000,2023-03-01 13:07:00,0.9357,0.936,0.9355,0.936,143.71
coinbase,USDCEUR,1677676080000,2023-03-01 13:08:00,0.9357,0.936,0.9355,0.936,204.07
coinbase,USDCEUR,1677676140000,2023-03-01 13:09:00,0.9361,0.9362,0.9361,0.9362,44014.85
coinbase,USDCEUR,1677676200000,2023-03-01 13:10:00,0.9363,0.9364,0.9363,0.9363,45907.44
coinbase,USDCEUR,1677676260000,2023-03-01 13:11:00,0.9364,0.9364,0.9361,0.9361,17323.7
coinbase,USDCEUR,1677676380000,2023-03-01 13:13:00,0.9361,0.9365,0.9361,0.9365,287.97
coinbase,USDCEUR,1677676500000,2023-03-01 13:15:00,0.9363,0.9365,0.9355,0.9355,646.81
coinbase,USDCEUR,1677676560000,2023-03-01 13:16:00,0.9361,0.9363,0.9355,0.9357,2106.98
coinbase,USDCEUR,1677676740000,2023-03-01 13:19:00,0.9362,0.9364,0.9362,0.9364,580.34
coinbase,USDCEUR,1677676860000,2023-03-01 13:21:00,0.9362,0.9365,0.9358,0.9358,279.35
coinbase,USDCEUR,1677676980000,2023-03-01 13:23:00,0.9363,0.9363,0.9359,0.9359,61.96
coinbase,USDCEUR,1677677040000,2023-03-01 13:24:00,0.9359,0.9369,0.9358,0.9369,470.14
coinbase,USDCEUR,1677677100000,2023-03-01 13:25:00,0.9361,0.9368,0.9361,0.9368,196.89
coinbase,USDCEUR,1677677520000,2023-03-01 13:32:00,0.9368,0.9375,0.9368,0.9375,1017.74
coinbase,USDCEUR,1677677640000,2023-03-01 13:34:00,0.9374,0.9376,0.9366,0.9366,664.71
coinbase,USDCEUR,1677677820000,2023-03-01 13:37:00,0.9372,0.9372,0.9364,0.9364,375.35
coinbase,USDCEUR,1677677940000,2023-03-01 13:39:00,0.9369,0.937,0.9369,0.937,281.62
coinbase,USDCEUR,1677678000000,2023-03-01 13:40:00,0.937,0.9373,0.9362,0.9362,913.63
coinbase,USDCEUR,1677678120000,2023-03-01 13:42:00,0.9367,0.9368,0.9367,0.9367,164.41
coinbase,USDCEUR,1677678240000,2023-03-01 13:44:00,0.9368,0.9373,0.9368,0.9373,1340.4
coinbase,USDCEUR,1677678360000,2023-03-01 13:46:00,0.9366,0.9372,0.9366,0.9372,85.69
coinbase,USDCEUR,1677678600000,2023-03-01 13:50:00,0.9373,0.9373,0.9369,0.9369,40.04
coinbase,USDCEUR,1677679080000,2023-03-01 13:58:00,0.9368,0.9372,0.9366,0.9372,765.45
coinbase,USDCEUR,1677679200000,2023-03-01 14:00:00,0.937,0.9375,0.9367,0.9367,741.88
coinbase,USDCEUR,1677643440000,2023-03-01 04:04:00,0.9443,0.9443,0.9443,0.9443,9.35
coinbase,USDCEUR,1677643680000,2023-03-01 04:08:00,0.9439,0.9439,0.9439,0.9439,83.64
coinbase,USDCEUR,1677644580000,2023-03-01 04:23:00,0.9443,0.9443,0.944,0.944,12.91
coinbase,USDCEUR,1677645000000,2023-03-01 04:30:00,0.9439,0.9443,0.9439,0.9443,34.54
coinbase,USDCEUR,1677645240000,2023-03-01 04:34:00,0.9439,0.9439,0.9439,0.9439,12.66
coinbase,USDCEUR,1677645420000,2023-03-01 04:37:00,0.9439,0.944,0.9439,0.944,9.9
coinbase,USDCEUR,1677645600000,2023-03-01 04:40:00,0.944,0.944,0.9439,0.9439,36.64
coinbase,USDCEUR,1677645660000,2023-03-01 04:41:00,0.9443,0.9447,0.944,0.944,119.37
coinbase,USDCEUR,1677645780000,2023-03-01 04:43:00,0.944,0.944,0.9438,0.9438,164.3
coinbase,USDCEUR,1677645900000,2023-03-01 04:45:00,0.9439,0.9439,0.9438,0.9438,135.25
coinbase,USDCEUR,1677646080000,2023-03-01 04:48:00,0.9438,0.9438,0.9438,0.9438,42.95
coinbase,USDCEUR,1677646140000,2023-03-01 04:49:00,0.9438,0.9438,0.9438,0.9438,40.08
coinbase,USDCEUR,1677646200000,2023-03-01 04:50:00,0.9439,0.9439,0.9438,0.9438,100.06
coinbase,USDCEUR,1677646380000,2023-03-01 04:53:00,0.9446,0.9446,0.9446,0.9446,39.26
coinbase,USDCEUR,1677646440000,2023-03-01 04:54:00,0.9438,0.9438,0.9438,0.9438,34.8
coinbase,USDCEUR,1677646560000,2023-03-01 04:56:00,0.9438,0.9438,0.9438,0.9438,83.97
coinbase,USDCEUR,1677647040000,2023-03-01 05:04:00,0.9442,0.9442,0.9438,0.9438,21.43
coinbase,USDCEUR,1677647160000,2023-03-01 05:06:00,0.9439,0.9442,0.9438,0.9442,501.28
coinbase,USDCEUR,1677647700000,2023-03-01 05:15:00,0.9438,0.9438,0.9436,0.9436,9092.79
coinbase,USDCEUR,1677647940000,2023-03-01 05:19:00,0.9436,0.9437,0.9436,0.9436,95.06
coinbase,USDCEUR,1677648000000,2023-03-01 05:20:00,0.9436,0.9436,0.9436,0.9436,9.92
coinbase,USDCEUR,1677648480000,2023-03-01 05:28:00,0.9439,0.944,0.9439,0.944,104.81
coinbase,USDCEUR,1677649020000,2023-03-01 05:37:00,0.9437,0.944,0.9437,0.944,16.79
coinbase,USDCEUR,1677650100000,2023-03-01 05:55:00,0.9439,0.9439,0.9439,0.9439,25.47
coinbase,USDCEUR,1677650640000,2023-03-01 06:04:00,0.9439,0.9441,0.9439,0.9441,64.14
coinbase,USDCEUR,1677650700000,2023-03-01 06:05:00,0.9437,0.9437,0.9436,0.9437,44.87
coinbase,USDCEUR,1677651060000,2023-03-01 06:11:00,0.9437,0.9437,0.9436,0.9436,155.4
coinbase,USDCEUR,1677651480000,2023-03-01 06:18:00,0.9435,0.9435,0.9435,0.9435,32.98
coinbase,USDCEUR,1677651720000,2023-03-01 06:22:00,0.9437,0.9437,0.9433,0.9433,4.68
coinbase,USDCEUR,1677651900000,2023-03-01 06:25:00,0.9432,0.9432,0.9431,0.9431,76.7
coinbase,USDCEUR,1677652020000,2023-03-01 06:27:00,0.943,0.943,0.9429,0.9429,281.04
coinbase,USDCEUR,1677652680000,2023-03-01 06:38:00,0.9425,0.9428,0.9425,0.9428,69.31
coinbase,USDCEUR,1677652800000,2023-03-01 06:40:00,0.9428,0.9428,0.9428,0.9428,136.64
coinbase,USDCEUR,1677652860000,2023-03-01 06:41:00,0.9428,0.9428,0.9426,0.9426,136.66
coinbase,USDCEUR,1677653340000,2023-03-01 06:49:00,0.9424,0.9424,0.9422,0.9422,190.63
coinbase,USDCEUR,1677653400000,2023-03-01 06:50:00,0.9421,0.9421,0.9419,0.9419,78.64
coinbase,USDCEUR,1677653640000,2023-03-01 06:54:00,0.9419,0.9419,0.9419,0.9419,21.18
coinbase,USDCEUR,1677653700000,2023-03-01 06:55:00,0.9419,0.9419,0.9418,0.9418,39.45
coinbase,USDCEUR,1677654000000,2023-03-01 07:00:00,0.9422,0.9423,0.9422,0.9423,205.05
coinbase,USDCEUR,1677654180000,2023-03-01 07:03:00,0.9424,0.9424,0.9419,0.9419,77.32
coinbase,USDCEUR,1677654960000,2023-03-01 07:16:00,0.9418,0.9422,0.9418,0.9422,1583.75
coinbase,USDCEUR,1677655380000,2023-03-01 07:23:00,0.942,0.942,0.9418,0.9418,486.81
coinbase,USDCEUR,1677655800000,2023-03-01 07:30:00,0.9414,0.9417,0.9414,0.9417,75.92
coinbase,USDCEUR,1677656100000,2023-03-01 07:35:00,0.9417,0.9417,0.9417,0.9417,68.4
coinbase,USDCEUR,1677656160000,2023-03-01 07:36:00,0.9414,0.9417,0.9414,0.9417,783.12
coinbase,USDCEUR,1677656340000,2023-03-01 07:39:00,0.9419,0.9419,0.9415,0.9415,75.76
coinbase,USDCEUR,1677656880000,2023-03-01 07:48:00,0.9412,0.9413,0.941,0.9413,151.48
coinbase,USDCEUR,1677657120000,2023-03-01 07:52:00,0.9406,0.9408,0.9406,0.9408,177.32
coinbase,USDCEUR,1677657300000,2023-03-01 07:55:00,0.9407,0.9408,0.9402,0.9402,1350.41
coinbase,USDCEUR,1677657420000,2023-03-01 07:57:00,0.9402,0.9402,0.9396,0.9397,121.49
coinbase,USDCEUR,1677657480000,2023-03-01 07:58:00,0.9396,0.9401,0.9396,0.9401,202.3
coinbase,USDCEUR,1677657720000,2023-03-01 08:02:00,0.9402,0.9402,0.94,0.94,395.59
coinbase,USDCEUR,1677657780000,2023-03-01 08:03:00,0.9401,0.9406,0.94,0.9406,66.12
coinbase,USDCEUR,1677657840000,2023-03-01 08:04:00,0.9407,0.9407,0.9406,0.9406,479.24
coinbase,USDCEUR,1677657900000,2023-03-01 08:05:00,0.9406,0.9407,0.9406,0.9406,273.88
coinbase,USDCEUR,1677657960000,2023-03-01 08:06:00,0.9406,0.9413,0.9406,0.9409,1229.64
coinbase,USDCEUR,1677658200000,2023-03-01 08:10:00,0.941,0.941,0.9406,0.9406,174.73
coinbase,USDCEUR,1677658380000,2023-03-01 08:13:00,0.9404,0.9405,0.94,0.94,55.82
coinbase,USDCEUR,1677658500000,2023-03-01 08:15:00,0.94,0.9404,0.9398,0.9404,460.63
coinbase,USDCEUR,1677658620000,2023-03-01 08:17:00,0.9404,0.9405,0.9402,0.9402,287
coinbase,USDCEUR,1677659280000,2023-03-01 08:28:00,0.9399,0.9399,0.9399,0.9399,368.03
coinbase,USDCEUR,1677659460000,2023-03-01 08:31:00,0.9402,0.9402,0.9402,0.9402,4.34
coinbase,USDCEUR,1677659580000,2023-03-01 08:33:00,0.9398,0.9398,0.9396,0.9396,812.66
coinbase,USDCEUR,1677660240000,2023-03-01 08:44:00,0.9401,0.9403,0.9401,0.9403,666.29
coinbase,USDCEUR,1677660360000,2023-03-01 08:46:00,0.9405,0.9411,0.9405,0.9408,1213.84
coinbase,USDCEUR,1677660420000,2023-03-01 08:47:00,0.9408,0.9408,0.9403,0.9403,32100.45
coinbase,USDCEUR,1677660480000,2023-03-01 08:48:00,0.9406,0.9407,0.9403,0.9403,1347.23
coinbase,USDCEUR,1677660540000,2023-03-01 08:49:00,0.9406,0.9406,0.9406,0.9406,192.13
coinbase,USDCEUR,1677660780000,2023-03-01 08:53:00,0.9397,0.9397,0.9396,0.9396,11.41
coinbase,USDCEUR,1677660840000,2023-03-01 08:54:00,0.9396,0.9396,0.9396,0.9396,6.98
coinbase,USDCEUR,1677660900000,2023-03-01 08:55:00,0.9396,0.9396,0.9393,0.9393,606.7
coinbase,USDCEUR,1677661200000,2023-03-01 09:00:00,0.9396,0.9396,0.9393,0.9393,1145.57
coinbase,USDCEUR,1677628920000,2023-03-01 00:02:00,0.9457,0.9457,0.9457,0.9457,106.2
coinbase,USDCEUR,1677628980000,2023-03-01 00:03:00,0.9457,0.9457,0.9457,0.9457,35.39
coinbase,USDCEUR,1677629040000,2023-03-01 00:04:00,0.9457,0.9458,0.9457,0.9458,102.31
coinbase,USDCEUR,1677629160000,2023-03-01 00:06:00,0.9458,0.9458,0.9458,0.9458,111255.26
coinbase,USDCEUR,1677629400000,2023-03-01 00:10:00,0.9458,0.9458,0.9458,0.9458,92213.12
coinbase,USDCEUR,1677629460000,2023-03-01 00:11:00,0.9458,0.9458,0.9457,0.9457,361156.61
coinbase,USDCEUR,1677629880000,2023-03-01 00:18:00,0.9455,0.9458,0.9455,0.9456,140889.57
coinbase,USDCEUR,1677630120000,2023-03-01 00:22:00,0.9458,0.9459,0.9458,0.9459,198471.97
coinbase,USDCEUR,1677630420000,2023-03-01 00:27:00,0.9459,0.9459,0.9459,0.9459,681.26
coinbase,USDCEUR,1677630600000,2023-03-01 00:30:00,0.9457,0.9458,0.9456,0.9456,305.23
coinbase,USDCEUR,1677630660000,2023-03-01 00:31:00,0.9458,0.9462,0.9457,0.9462,212.43
coinbase,USDCEUR,1677631200000,2023-03-01 00:40:00,0.9457,0.9462,0.9457,0.9462,31.49
coinbase,USDCEUR,1677631320000,2023-03-01 00:42:00,0.9457,0.9463,0.9454,0.9463,14095.58
coinbase,USDCEUR,1677631440000,2023-03-01 00:44:00,0.946,0.9461,0.946,0.9461,277.84
coinbase,USDCEUR,1677632280000,2023-03-01 00:58:00,0.946,0.9462,0.946,0.9462,5408.26
coinbase,USDCEUR,1677632880000,2023-03-01 01:08:00,0.9462,0.9462,0.9461,0.9461,2.06
coinbase,USDCEUR,1677633060000,2023-03-01 01:11:00,0.9461,0.9461,0.9458,0.9458,87.65
coinbase,USDCEUR,1677633240000,2023-03-01 01:14:00,0.9458,0.9458,0.9458,0.9458,136.28
coinbase,USDCEUR,1677633360000,2023-03-01 01:16:00,0.9458,0.9458,0.9458,0.9458,68.14
coinbase,USDCEUR,1677633420000,2023-03-01 01:17:00,0.9458,0.9458,0.9457,0.9457,545.12
coinbase,USDCEUR,1677633480000,2023-03-01 01:18:00,0.9457,0.9457,0.9457,0.9457,272.56
coinbase,USDCEUR,1677633600000,2023-03-01 01:20:00,0.9456,0.9459,0.9455,0.9459,28.39
coinbase,USDCEUR,1677634200000,2023-03-01 01:30:00,0.9456,0.9456,0.9454,0.9455,746.53
coinbase,USDCEUR,1677634260000,2023-03-01 01:31:00,0.9455,0.9455,0.9451,0.9451,746.21
coinbase,USDCEUR,1677634800000,2023-03-01 01:40:00,0.9452,0.9452,0.9452,0.9452,84.03
coinbase,USDCEUR,1677635040000,2023-03-01 01:44:00,0.9452,0.9452,0.9452,0.9452,6.74
coinbase,USDCEUR,1677635280000,2023-03-01 01:48:00,0.9455,0.9455,0.9455,0.9455,91.94
coinbase,USDCEUR,1677635460000,2023-03-01 01:51:00,0.9452,0.9452,0.9451,0.9451,48.94
coinbase,USDCEUR,1677635580000,2023-03-01 01:53:00,0.945,0.945,0.9448,0.9448,138.5
coinbase,USDCEUR,1677635880000,2023-03-01 01:58:00,0.9448,0.9452,0.9448,0.9452,68.47
coinbase,USDCEUR,1677635940000,2023-03-01 01:59:00,0.9452,0.9452,0.9452,0.9452,70.89
coinbase,USDCEUR,1677636300000,2023-03-01 02:05:00,0.9451,0.9451,0.9448,0.9448,54.14
coinbase,USDCEUR,1677637020000,2023-03-01 02:17:00,0.9447,0.9447,0.9447,0.9447,7.9
coinbase,USDCEUR,1677637080000,2023-03-01 02:18:00,0.9447,0.9447,0.9447,0.9447,83.49
coinbase,USDCEUR,1677637200000,2023-03-01 02:20:00,0.9447,0.9447,0.9447,0.9447,85.55
coinbase,USDCEUR,1677637380000,2023-03-01 02:23:00,0.9447,0.9451,0.9446,0.9451,86.13
coinbase,USDCEUR,1677638520000,2023-03-01 02:42:00,0.9451,0.9453,0.9451,0.9453,433.68
coinbase,USDCEUR,1677638580000,2023-03-01 02:43:00,0.9449,0.945,0.9449,0.945,2119.18
coinbase,USDCEUR,1677638880000,2023-03-01 02:48:00,0.9451,0.9452,0.9451,0.9452,8.07
coinbase,USDCEUR,1677639600000,2023-03-01 03:00:00,0.9452,0.9453,0.9449,0.9449,484.25
coinbase,USDCEUR,1677639840000,2023-03-01 03:04:00,0.9452,0.9452,0.9449,0.9449,65.76
coinbase,USDCEUR,1677640680000,2023-03-01 03:18:00,0.9446,0.9448,0.9446,0.9448,221.98
coinbase,USDCEUR,1677640860000,2023-03-01 03:21:00,0.9445,0.9448,0.9438,0.9438,2124.33
