datetime,open,high,low,close,volume
2023-03-01 00:00:00+00:00,1.05889,1.05908,1.05888,1.05905,0
2023-03-01 00:01:00+00:00,1.05905,1.05907,1.05896,1.05906,0
2023-03-01 00:02:00+00:00,1.05905,1.05916,1.05905,1.05915,0
2023-03-01 00:03:00+00:00,1.05915,1.05917,1.05915,1.05917,0
2023-03-01 00:04:00+00:00,1.05918,1.05925,1.05917,1.05917,0
2023-03-01 00:05:00+00:00,1.05918,1.05923,1.05911,1.05911,0
2023-03-01 00:06:00+00:00,1.05911,1.05912,1.05906,1.05906,0
2023-03-01 00:07:00+00:00,1.05906,1.0591,1.05904,1.05907,0
2023-03-01 00:08:00+00:00,1.05907,1.05911,1.05904,1.05905,0
2023-03-01 00:09:00+00:00,1.05903,1.05907,1.059,1.05901,0
2023-03-01 00:10:00+00:00,1.05901,1.05905,1.05892,1.05899,0
2023-03-01 00:11:00+00:00,1.059,1.05908,1.05898,1.05908,0
2023-03-01 00:12:00+00:00,1.05907,1.05916,1.05907,1.05914,0
2023-03-01 00:13:00+00:00,1.05914,1.05923,1.05912,1.05921,0
2023-03-01 00:14:00+00:00,1.05921,1.05925,1.0592,1.05921,0
2023-03-01 00:15:00+00:00,1.05922,1.05943,1.05921,1.05937,0
2023-03-01 00:16:00+00:00,1.05937,1.05942,1.05935,1.05942,0
2023-03-01 00:17:00+00:00,1.05942,1.05943,1.05935,1.05936,0
2023-03-01 00:18:00+00:00,1.05936,1.05936,1.0593,1.05932,0
2023-03-01 00:19:00+00:00,1.05933,1.05937,1.0593,1.05933,0
2023-03-01 00:20:00+00:00,1.05931,1.05937,1.05925,1.05925,0
2023-03-01 00:21:00+00:00,1.05925,1.05925,1.05914,1.05916,0
2023-03-01 00:22:00+00:00,1.05915,1.05926,1.05913,1.05926,0
2023-03-01 00:23:00+00:00,1.05925,1.05927,1.05924,1.05927,0
2023-03-01 00:24:00+00:00,1.05926,1.05936,1.05925,1.05936,0
2023-03-01 00:25:00+00:00,1.05936,1.05942,1.05932,1.05939,0
2023-03-01 00:26:00+00:00,1.05937,1.05939,1.05933,1.05938,0
2023-03-01 00:27:00+00:00,1.05938,1.05941,1.05936,1.05936,0
2023-03-01 00:28:00+00:00,1.05935,1.0595,1.05934,1.05947,0
2023-03-01 00:29:00+00:00,1.05948,1.05952,1.05943,1.05948,0
2023-03-01 00:30:00+00:00,1.05948,1.05949,1.05941,1.05942,0
2023-03-01 00:31:00+00:00,1.05943,1.05943,1.05928,1.05929,0
2023-03-01 00:32:00+00:00,1.05927,1.05934,1.05927,1.05933,0
2023-03-01 00:33:00+00:00,1.05933,1.05933,1.05927,1.05928,0
2023-03-01 00:34:00+00:00,1.05927,1.05927,1.05918,1.05922,0
2023-03-01 00:35:00+00:00,1.05923,1.05928,1.05921,1.05925,0
2023-03-01 00:36:00+00:00,1.05924,1.05929,1.05923,1.05928,0
2023-03-01 00:37:00+00:00,1.05928,1.0593,1.05926,1.05928,0
2023-03-01 00:38:00+00:00,1.05928,1.05932,1.05921,1.05925,0
2023-03-01 00:39:00+00:00,1.05926,1.05927,1.05915,1.05922,0
2023-03-01 00:40:00+00:00,1.05921,1.05926,1.05921,1.05922,0
2023-03-01 00:41:00+00:00,1.05921,1.05923,1.05918,1.05918,0
2023-03-01 00:42:00+00:00,1.05919,1.05919,1.05914,1.05916,0
2023-03-01 00:43:00+00:00,1.05917,1.05918,1.05911,1.05911,0
2023-03-01 00:44:00+00:00,1.05909,1.05913,1.05909,1.05913,0
2023-03-01 00:45:00+00:00,1.05912,1.05917,1.05912,1.05912,0
2023-03-01 00:46:00+00:00,1.0591,1.0591,1.05907,1.05908,0
2023-03-01 00:47:00+00:00,1.05908,1.0592,1.05908,1.05914,0
2023-03-01 00:48:00+00:00,1.05915,1.05918,1.05913,1.05914,0
2023-03-01 00:49:00+00:00,1.05914,1.05917,1.05913,1.05913,0
2023-03-01 00:50:00+00:00,1.05913,1.05918,1.05911,1.05912,0
2023-03-01 00:51:00+00:00,1.05913,1.05919,1.05912,1.05918,0
2023-03-01 00:52:00+00:00,1.05919,1.05924,1.05916,1.05917,0
2023-03-01 00:53:00+00:00,1.05919,1.05919,1.05916,1.05916,0
2023-03-01 00:54:00+00:00,1.05917,1.05917,1.05912,1.05913,0
2023-03-01 00:55:00+00:00,1.05912,1.05914,1.05909,1.05912,0
2023-03-01 00:56:00+00:00,1.05912,1.05912,1.05906,1.05907,0
2023-03-01 00:57:00+00:00,1.05907,1.05933,1.05907,1.05923,0
2023-03-01 00:58:00+00:00,1.05925,1.05927,1.05913,1.05913,0
2023-03-01 00:59:00+00:00,1.05914,1.05914,1.05905,1.05907,0
2023-03-01 01:00:00+00:00,1.05907,1.05913,1.05891,1.05913,0
2023-03-01 01:01:00+00:00,1.05913,1.05914,1.05902,1.05907,0
2023-03-01 01:02:00+00:00,1.05907,1.05927,1.05902,1.05925,0
2023-03-01 01:03:00+00:00,1.05924,1.0593,1.05922,1.05923,0
2023-03-01 01:04:00+00:00,1.05923,1.05932,1.05923,1.05926,0
2023-03-01 01:05:00+00:00,1.05925,1.05928,1.05919,1.05925,0
2023-03-01 01:06:00+00:00,1.05926,1.05926,1.05923,1.05923,0
2023-03-01 01:07:00+00:00,1.05924,1.0593,1.05924,1.05927,0
2023-03-01 01:08:00+00:00,1.05927,1.05927,1.0592,1.05923,0
2023-03-01 01:09:00+00:00,1.05922,1.05927,1.05922,1.05927,0
2023-03-01 01:10:00+00:00,1.05928,1.05933,1.05925,1.05931,0
2023-03-01 01:11:00+00:00,1.05931,1.05931,1.05925,1.05929,0
2023-03-01 01:12:00+00:00,1.05929,1.05943,1.05929,1.05941,0
2023-03-01 01:13:00+00:00,1.05942,1.05953,1.05941,1.05953,0
2023-03-01 01:14:00+00:00,1.05952,1.05967,1.05952,1.05963,0
2023-03-01 01:15:00+00:00,1.05962,1.05965,1.0596,1.05963,0
2023-03-01 01:16:00+00:00,1.05963,1.05966,1.05959,1.05963,0
2023-03-01 01:17:00+00:00,1.05963,1.05965,1.0596,1.05964,0
2023-03-01 01:18:00+00:00,1.05963,1.05964,1.05959,1.05959,0
2023-03-01 01:19:00+00:00,1.05961,1.05964,1.05959,1.05962,0
2023-03-01 01:20:00+00:00,1.05961,1.05962,1.05958,1.05959,0
2023-03-01 01:21:00+00:00,1.05959,1.05969,1.05959,1.05967,0
2023-03-01 01:22:00+00:00,1.05968,1.05986,1.05967,1.05977,0
2023-03-01 01:23:00+00:00,1.05978,1.05983,1.05974,1.05983,0
2023-03-01 01:24:00+00:00,1.05983,1.05997,1.05979,1.05993,0
2023-03-01 01:25:00+00:00,1.05993,1.06003,1.05979,1.0599,0
2023-03-01 01:26:00+00:00,1.05989,1.06021,1.05984,1.06014,0
2023-03-01 01:27:00+00:00,1.06017,1.06028,1.06017,1.0602,0
2023-03-01 01:28:00+00:00,1.06019,1.06021,1.05989,1.05996,0
2023-03-01 01:29:00+00:00,1.05997,1.06024,1.05994,1.06018,0
2023-03-01 01:30:00+00:00,1.06018,1.06029,1.06017,1.06024,0
2023-03-01 01:31:00+00:00,1.06024,1.06038,1.06018,1.06027,0
2023-03-01 01:32:00+00:00,1.06028,1.06033,1.06018,1.06027,0
2023-03-01 01:33:00+00:00,1.06028,1.06028,1.06017,1.06024,0
2023-03-01 01:34:00+00:00,1.06025,1.06042,1.06025,1.06037,0
2023-03-01 01:35:00+00:00,1.06041,1.06045,1.06036,1.06036,0
2023-03-01 01:36:00+00:00,1.06036,1.06048,1.06026,1.06034,0
2023-03-01 01:37:00+00:00,1.06037,1.06058,1.06034,1.06037,0
2023-03-01 01:38:00+00:00,1.06037,1.06047,1.06018,1.06021,0
2023-03-01 01:39:00+00:00,1.06022,1.06024,1.06015,1.0602,0
2023-03-01 01:40:00+00:00,1.06022,1.06028,1.06006,1.06008,0
2023-03-01 01:41:00+00:00,1.06007,1.06027,1.06007,1.06027,0
2023-03-01 01:42:00+00:00,1.06028,1.06031,1.06015,1.06027,0
2023-03-01 01:43:00+00:00,1.06027,1.06033,1.06027,1.06032,0
2023-03-01 01:44:00+00:00,1.06032,1.06033,1.06027,1.06027,0
2023-03-01 01:45:00+00:00,1.06027,1.06038,1.06027,1.06035,0
2023-03-01 01:46:00+00:00,1.06033,1.06046,1.06033,1.06043,0
2023-03-01 01:47:00+00:00,1.06042,1.06081,1.06037,1.06078,0
2023-03-01 01:48:00+00:00,1.06078,1.061,1.06076,1.06096,0
2023-03-01 01:49:00+00:00,1.06096,1.06119,1.06092,1.06117,0
2023-03-01 01:50:00+00:00,1.06117,1.06146,1.06115,1.06143,0
2023-03-01 01:51:00+00:00,1.06143,1.06143,1.06092,1.06098,0
2023-03-01 01:52:00+00:00,1.06099,1.06132,1.06099,1.06123,0
2023-03-01 01:53:00+00:00,1.06124,1.06125,1.06112,1.06114,0
2023-03-01 01:54:00+00:00,1.06112,1.06117,1.06103,1.06103,0
2023-03-01 01:55:00+00:00,1.06105,1.06124,1.06105,1.06117,0
2023-03-01 01:56:00+00:00,1.06116,1.06123,1.06096,1.06096,0
2023-03-01 01:57:00+00:00,1.06095,1.06096,1.06079,1.06088,0
2023-03-01 01:58:00+00:00,1.06085,1.06085,1.06072,1.06077,0
2023-03-01 01:59:00+00:00,1.06078,1.06082,1.06067,1.06069,0
2023-03-01 02:00:00+00:00,1.0607,1.06076,1.06065,1.06069,0
2023-03-01 02:01:00+00:00,1.0607,1.06082,1.06062,1.06081,0
2023-03-01 02:02:00+00:00,1.06083,1.06084,1.06056,1.06056,0
2023-03-01 02:03:00+00:00,1.06055,1.0606,1.06041,1.06059,0
2023-03-01 02:04:00+00:00,1.0606,1.06067,1.06054,1.06064,0
2023-03-01 02:05:00+00:00,1.06063,1.06092,1.06062,1.06088,0
2023-03-01 02:06:00+00:00,1.06088,1.06103,1.06088,1.06103,0
2023-03-01 02:07:00+00:00,1.06103,1.06108,1.06084,1.06086,0
2023-03-01 02:08:00+00:00,1.06086,1.06092,1.06079,1.0609,0
2023-03-01 02:09:00+00:00,1.0609,1.06104,1.06088,1.06091,0
2023-03-01 02:10:00+00:00,1.06092,1.06122,1.06092,1.06112,0
2023-03-01 02:11:00+00:00,1.06113,1.06116,1.06099,1.061,0
2023-03-01 02:12:00+00:00,1.06099,1.06102,1.06087,1.06098,0
2023-03-01 02:13:00+00:00,1.06099,1.06108,1.06092,1.06103,0
2023-03-01 02:14:00+00:00,1.06103,1.06111,1.06096,1.06098,0
2023-03-01 02:15:00+00:00,1.06097,1.06114,1.06094,1.06104,0
2023-03-01 02:16:00+00:00,1.06103,1.06113,1.06098,1.06108,0
2023-03-01 02:17:00+00:00,1.06109,1.06113,1.06099,1.06099,0
2023-03-01 02:18:00+00:00,1.061,1.06119,1.06099,1.06118,0
2023-03-01 02:19:00+00:00,1.06117,1.06127,1.06109,1.06123,0
2023-03-01 02:20:00+00:00,1.06124,1.06124,1.06106,1.06107,0
2023-03-01 02:21:00+00:00,1.06106,1.06111,1.06101,1.06103,0
2023-03-01 02:22:00+00:00,1.06101,1.06117,1.06091,1.06117,0
2023-03-01 02:23:00+00:00,1.06118,1.06146,1.06118,1.06143,0
2023-03-01 02:24:00+00:00,1.06144,1.06147,1.06137,1.06137,0
2023-03-01 02:25:00+00:00,1.06136,1.06138,1.06126,1.06129,0
2023-03-01 02:26:00+00:00,1.06129,1.06147,1.06128,1.06143,0
2023-03-01 02:27:00+00:00,1.06143,1.06188,1.06141,1.06178,0
2023-03-01 02:28:00+00:00,1.06177,1.06183,1.06167,1.06168,0
2023-03-01 02:29:00+00:00,1.06168,1.0617,1.06151,1.06158,0
2023-03-01 02:30:00+00:00,1.06159,1.06168,1.06152,1.06167,0
2023-03-01 02:31:00+00:00,1.06166,1.06169,1.06157,1.06158,0
2023-03-01 02:32:00+00:00,1.06159,1.06173,1.06159,1.06168,0
2023-03-01 02:33:00+00:00,1.06167,1.06178,1.06166,1.06171,0
2023-03-01 02:34:00+00:00,1.06169,1.06185,1.06117,1.06145,0
2023-03-01 02:35:00+00:00,1.06144,1.06154,1.06135,1.06139,0
2023-03-01 02:36:00+00:00,1.06138,1.06144,1.06128,1.06141,0
2023-03-01 02:37:00+00:00,1.06141,1.06147,1.06135,1.06141,0
2023-03-01 02:38:00+00:00,1.06141,1.06148,1.06133,1.06141,0
2023-03-01 02:39:00+00:00,1.0614,1.0615,1.06128,1.06146,0
2023-03-01 02:40:00+00:00,1.06146,1.06153,1.06138,1.06146,0
2023-03-01 02:41:00+00:00,1.06146,1.06148,1.06141,1.06143,0
2023-03-01 02:42:00+00:00,1.06144,1.06159,1.06144,1.06157,0
2023-03-01 02:43:00+00:00,1.06157,1.06164,1.06154,1.06155,0
2023-03-01 02:44:00+00:00,1.06155,1.06194,1.06154,1.06194,0
2023-03-01 02:45:00+00:00,1.06195,1.06225,1.06192,1.06223,0
2023-03-01 02:46:00+00:00,1.06224,1.06231,1.06208,1.06217,0
2023-03-01 02:47:00+00:00,1.0622,1.06234,1.06215,1.06229,0
2023-03-01 02:48:00+00:00,1.0623,1.06276,1.06228,1.06256,0
2023-03-01 02:49:00+00:00,1.06257,1.06273,1.0624,1.06248,0
2023-03-01 02:50:00+00:00,1.06247,1.0625,1.06237,1.06247,0
2023-03-01 02:51:00+00:00,1.06248,1.06269,1.06244,1.06261,0
2023-03-01 02:52:00+00:00,1.06262,1.06335,1.06262,1.06326,0
2023-03-01 02:53:00+00:00,1.06325,1.06336,1.06298,1.06298,0
2023-03-01 02:54:00+00:00,1.06297,1.06346,1.06297,1.06344,0
2023-03-01 02:55:00+00:00,1.06343,1.06379,1.06332,1.06376,0
2023-03-01 02:56:00+00:00,1.06376,1.06426,1.06347,1.06424,0
2023-03-01 02:57:00+00:00,1.06423,1.06431,1.06376,1.06426,0
2023-03-01 02:58:00+00:00,1.06425,1.0645,1.06411,1.06431,0
2023-03-01 02:59:00+00:00,1.0643,1.06438,1.06392,1.06415,0
2023-03-01 03:00:00+00:00,1.06415,1.06432,1.06406,1.0642,0
2023-03-01 03:01:00+00:00,1.0642,1.06427,1.06369,1.06378,0
2023-03-01 03:02:00+00:00,1.06377,1.06381,1.06336,1.06336,0
2023-03-01 03:03:00+00:00,1.06336,1.06343,1.06312,1.06313,0
2023-03-01 03:04:00+00:00,1.06313,1.06313,1.06264,1.06286,0
2023-03-01 03:05:00+00:00,1.06281,1.06296,1.06256,1.06293,0
2023-03-01 03:06:00+00:00,1.06293,1.06296,1.06272,1.06287,0
2023-03-01 03:07:00+00:00,1.06286,1.06307,1.06279,1.06279,0
2023-03-01 03:08:00+00:00,1.0628,1.06295,1.06254,1.06293,0
2023-03-01 03:09:00+00:00,1.06292,1.06304,1.06282,1.06294,0
2023-03-01 03:10:00+00:00,1.06295,1.06309,1.06294,1.06308,0
2023-03-01 03:11:00+00:00,1.06309,1.06338,1.06309,1.06328,0
2023-03-01 03:12:00+00:00,1.06328,1.06366,1.0632,1.06355,0
2023-03-01 03:13:00+00:00,1.06354,1.06389,1.06351,1.06378,0
2023-03-01 03:14:00+00:00,1.06377,1.06391,1.06373,1.06388,0
2023-03-01 03:15:00+00:00,1.06389,1.06425,1.06371,1.06374,0
2023-03-01 03:16:00+00:00,1.06372,1.06373,1.06335,1.06339,0
2023-03-01 03:17:00+00:00,1.06341,1.06344,1.06312,1.06322,0
2023-03-01 03:18:00+00:00,1.06323,1.06372,1.06323,1.06372,0
2023-03-01 03:19:00+00:00,1.06373,1.06393,1.06343,1.06343,0
2023-03-01 03:20:00+00:00,1.06344,1.06386,1.06336,1.06382,0
2023-03-01 03:21:00+00:00,1.06383,1.06384,1.06353,1.06364,0
2023-03-01 03:22:00+00:00,1.06365,1.06367,1.06348,1.06348,0
2023-03-01 03:23:00+00:00,1.06349,1.06394,1.06348,1.06378,0
2023-03-01 03:24:00+00:00,1.06379,1.06385,1.06362,1.06381,0
2023-03-01 03:25:00+00:00,1.06382,1.06388,1.06367,1.06373,0
2023-03-01 03:26:00+00:00,1.06372,1.06401,1.06368,1.06393,0
2023-03-01 03:27:00+00:00,1.06394,1.06422,1.06387,1.06419,0
2023-03-01 03:28:00+00:00,1.0642,1.06426,1.06393,1.06399,0
2023-03-01 03:29:00+00:00,1.064,1.06415,1.06392,1.06396,0
2023-03-01 03:30:00+00:00,1.06396,1.06424,1.06387,1.06424,0
2023-03-01 03:31:00+00:00,1.06424,1.06428,1.06412,1.06423,0
2023-03-01 03:32:00+00:00,1.06422,1.06423,1.06392,1.06403,0
2023-03-01 03:33:00+00:00,1.06403,1.06453,1.06388,1.0645,0
2023-03-01 03:34:00+00:00,1.0645,1.06476,1.0645,1.06456,0
2023-03-01 03:35:00+00:00,1.06455,1.06458,1.06427,1.06442,0
2023-03-01 03:36:00+00:00,1.06442,1.06449,1.06418,1.06422,0
2023-03-01 03:37:00+00:00,1.06422,1.06428,1.06415,1.06423,0
2023-03-01 03:38:00+00:00,1.06422,1.06428,1.06415,1.06424,0
2023-03-01 03:39:00+00:00,1.06425,1.06428,1.06415,1.06426,0
2023-03-01 03:40:00+00:00,1.06427,1.0643,1.06422,1.06428,0
2023-03-01 03:41:00+00:00,1.06427,1.06429,1.06414,1.06427,0
2023-03-01 03:42:00+00:00,1.06427,1.06427,1.06386,1.06387,0
2023-03-01 03:43:00+00:00,1.06386,1.06391,1.06372,1.06376,0
2023-03-01 03:44:00+00:00,1.06377,1.06385,1.0635,1.0635,0
2023-03-01 03:45:00+00:00,1.06351,1.06362,1.06331,1.06336,0
2023-03-01 03:46:00+00:00,1.06338,1.06365,1.06338,1.06361,0
2023-03-01 03:47:00+00:00,1.06361,1.06385,1.06356,1.06383,0
2023-03-01 03:48:00+00:00,1.06384,1.06391,1.06375,1.06377,0
2023-03-01 03:49:00+00:00,1.06374,1.06388,1.06362,1.06377,0
2023-03-01 03:50:00+00:00,1.06376,1.06399,1.06376,1.06395,0
2023-03-01 03:51:00+00:00,1.06394,1.064,1.06383,1.06383,0
2023-03-01 03:52:00+00:00,1.06387,1.06417,1.06387,1.06412,0
2023-03-01 03:53:00+00:00,1.06413,1.06453,1.06412,1.06449,0
2023-03-01 03:54:00+00:00,1.06449,1.06454,1.06445,1.06449,0
2023-03-01 03:55:00+00:00,1.0645,1.06481,1.06446,1.06456,0
2023-03-01 03:56:00+00:00,1.06456,1.06478,1.06448,1.06477,0
2023-03-01 03:57:00+00:00,1.06476,1.06477,1.06463,1.06469,0
2023-03-01 03:58:00+00:00,1.0647,1.06479,1.06455,1.06474,0
2023-03-01 03:59:00+00:00,1.06471,1.06486,1.06469,1.06482,0
2023-03-01 04:00:00+00:00,1.06482,1.06484,1.0645,1.06477,0
2023-03-01 04:01:00+00:00,1.06479,1.06516,1.0647,1.06477,0
2023-03-01 04:02:00+00:00,1.06478,1.06513,1.06474,1.06486,0
2023-03-01 04:03:00+00:00,1.06484,1.06539,1.06481,1.0653,0
2023-03-01 04:04:00+00:00,1.06529,1.06572,1.06522,1.06527,0
2023-03-01 04:05:00+00:00,1.06528,1.06545,1.06495,1.06501,0
2023-03-01 04:06:00+00:00,1.06502,1.06513,1.06478,1.06478,0
2023-03-01 04:07:00+00:00,1.06478,1.06499,1.06469,1.0647,0
2023-03-01 04:08:00+00:00,1.06471,1.06477,1.06451,1.06451,0
2023-03-01 04:09:00+00:00,1.0645,1.06482,1.06449,1.06477,0
2023-03-01 04:10:00+00:00,1.06476,1.06498,1.06473,1.06489,0
2023-03-01 04:11:00+00:00,1.06491,1.06492,1.06453,1.06458,0
2023-03-01 04:12:00+00:00,1.06458,1.06458,1.06438,1.06449,0
2023-03-01 04:13:00+00:00,1.06449,1.0645,1.06431,1.06433,0
2023-03-01 04:14:00+00:00,1.06433,1.06454,1.06433,1.0644,0
2023-03-01 04:15:00+00:00,1.0644,1.06447,1.06415,1.06431,0
2023-03-01 04:16:00+00:00,1.06434,1.06442,1.06421,1.06428,0
2023-03-01 04:17:00+00:00,1.06428,1.0643,1.06415,1.06418,0
2023-03-01 04:18:00+00:00,1.06421,1.06423,1.06407,1.06413,0
2023-03-01 04:19:00+00:00,1.06415,1.06418,1.0641,1.0641,0
2023-03-01 04:20:00+00:00,1.06409,1.06414,1.06399,1.06407,0
2023-03-01 04:21:00+00:00,1.06405,1.06405,1.06383,1.06386,0
2023-03-01 04:22:00+00:00,1.06386,1.06396,1.06383,1.06386,0
2023-03-01 04:23:00+00:00,1.06386,1.06398,1.06376,1.06387,0
2023-03-01 04:24:00+00:00,1.06385,1.06414,1.06381,1.06406,0
2023-03-01 04:25:00+00:00,1.06406,1.06413,1.06404,1.06405,0
2023-03-01 04:26:00+00:00,1.06405,1.06409,1.06405,1.06409,0
2023-03-01 04:27:00+00:00,1.0641,1.06429,1.0641,1.06427,0
2023-03-01 04:28:00+00:00,1.06431,1.06445,1.06431,1.06432,0
2023-03-01 04:29:00+00:00,1.06432,1.06439,1.06427,1.06436,0
2023-03-01 04:30:00+00:00,1.06436,1.06436,1.06407,1.06412,0
2023-03-01 04:31:00+00:00,1.06413,1.06417,1.06405,1.06407,0
2023-03-01 04:32:00+00:00,1.06406,1.06456,1.06406,1.06456,0
2023-03-01 04:33:00+00:00,1.06457,1.06464,1.06451,1.06457,0
2023-03-01 04:34:00+00:00,1.06458,1.06468,1.06452,1.06453,0
2023-03-01 04:35:00+00:00,1.06453,1.06462,1.0645,1.06456,0
2023-03-01 04:36:00+00:00,1.06456,1.06463,1.06448,1.06458,0
2023-03-01 04:37:00+00:00,1.06458,1.06468,1.0645,1.06451,0
2023-03-01 04:38:00+00:00,1.06452,1.06487,1.06452,1.06481,0
2023-03-01 04:39:00+00:00,1.06481,1.06504,1.06471,1.06491,0
2023-03-01 04:40:00+00:00,1.06492,1.06503,1.06481,1.06481,0
2023-03-01 04:41:00+00:00,1.06481,1.06482,1.06452,1.06461,0
2023-03-01 04:42:00+00:00,1.0646,1.06469,1.06456,1.06457,0
2023-03-01 04:43:00+00:00,1.06458,1.0648,1.06452,1.06476,0
2023-03-01 04:44:00+00:00,1.06475,1.06494,1.06463,1.06466,0
2023-03-01 04:45:00+00:00,1.06467,1.06474,1.06458,1.06458,0
2023-03-01 04:46:00+00:00,1.06457,1.06457,1.06415,1.06428,0
2023-03-01 04:47:00+00:00,1.0643,1.0643,1.06414,1.06415,0
2023-03-01 04:48:00+00:00,1.06416,1.0643,1.06407,1.06412,0
2023-03-01 04:49:00+00:00,1.06412,1.06427,1.06405,1.0642,0
2023-03-01 04:50:00+00:00,1.06421,1.06442,1.06421,1.06428,0
2023-03-01 04:51:00+00:00,1.06429,1.0644,1.06424,1.06434,0
2023-03-01 04:52:00+00:00,1.06433,1.06433,1.06421,1.0643,0
2023-03-01 04:53:00+00:00,1.06431,1.06449,1.06426,1.06444,0
2023-03-01 04:54:00+00:00,1.06444,1.06456,1.06443,1.06454,0
2023-03-01 04:55:00+00:00,1.06455,1.06456,1.06442,1.06451,0
2023-03-01 04:56:00+00:00,1.0645,1.06452,1.06433,1.0644,0
2023-03-01 04:57:00+00:00,1.0644,1.06457,1.06439,1.06443,0
2023-03-01 04:58:00+00:00,1.06444,1.06444,1.06427,1.06435,0
2023-03-01 04:59:00+00:00,1.06439,1.06441,1.06417,1.06422,0
2023-03-01 06:00:00+00:00,1.0668,1.0668,1.06624,1.06649,0
2023-03-01 06:01:00+00:00,1.06648,1.06665,1.06643,1.06658,0
2023-03-01 06:02:00+00:00,1.06659,1.06665,1.06647,1.06663,0
2023-03-01 06:03:00+00:00,1.06661,1.06668,1.0665,1.06664,0
2023-03-01 06:04:00+00:00,1.06666,1.06668,1.06654,1.06656,0
2023-03-01 06:05:00+00:00,1.06655,1.06667,1.06653,1.06653,0
2023-03-01 06:06:00+00:00,1.06653,1.06656,1.06628,1.06651,0
2023-03-01 06:07:00+00:00,1.06648,1.06665,1.06645,1.06652,0
2023-03-01 06:08:00+00:00,1.06652,1.06661,1.06652,1.06653,0
2023-03-01 06:09:00+00:00,1.06654,1.06667,1.06653,1.06655,0
2023-03-01 06:10:00+00:00,1.06653,1.06655,1.06621,1.06621,0
2023-03-01 06:11:00+00:00,1.06619,1.06621,1.06613,1.06621,0
2023-03-01 06:12:00+00:00,1.06621,1.06647,1.0662,1.06624,0
2023-03-01 06:13:00+00:00,1.06623,1.06629,1.06603,1.06603,0
2023-03-01 06:14:00+00:00,1.06603,1.06608,1.06596,1.06605,0
2023-03-01 06:15:00+00:00,1.06606,1.0661,1.06591,1.06602,0
2023-03-01 06:16:00+00:00,1.06603,1.0661,1.06592,1.06604,0
2023-03-01 06:17:00+00:00,1.06604,1.06615,1.06597,1.06604,0
2023-03-01 06:18:00+00:00,1.06602,1.06608,1.06594,1.06598,0
2023-03-01 06:19:00+00:00,1.06597,1.06599,1.06572,1.06572,0
2023-03-01 06:20:00+00:00,1.06572,1.06574,1.06554,1.06554,0
2023-03-01 06:21:00+00:00,1.06554,1.06571,1.06548,1.06569,0
2023-03-01 06:22:00+00:00,1.06569,1.06584,1.06565,1.06565,0
2023-03-01 06:23:00+00:00,1.06566,1.06571,1.06552,1.06553,0
2023-03-01 06:24:00+00:00,1.06553,1.06582,1.06552,1.06577,0
2023-03-01 06:25:00+00:00,1.06577,1.06586,1.06573,1.06584,0
2023-03-01 06:26:00+00:00,1.06583,1.06628,1.06583,1.06605,0
2023-03-01 06:27:00+00:00,1.06604,1.06617,1.06602,1.06615,0
2023-03-01 06:28:00+00:00,1.06618,1.06645,1.06611,1.0663,0
2023-03-01 06:29:00+00:00,1.06629,1.06649,1.06601,1.06649,0
2023-03-01 06:30:00+00:00,1.06648,1.06649,1.06632,1.06641,0
2023-03-01 06:31:00+00:00,1.0664,1.06654,1.06638,1.06652,0
2023-03-01 06:32:00+00:00,1.06654,1.06655,1.06639,1.06639,0
2023-03-01 06:33:00+00:00,1.06639,1.06659,1.06638,1.06654,0
2023-03-01 06:34:00+00:00,1.06653,1.06687,1.06653,1.06668,0
2023-03-01 06:35:00+00:00,1.06667,1.06684,1.06655,1.06657,0
2023-03-01 06:36:00+00:00,1.06657,1.06681,1.06657,1.06678,0
2023-03-01 06:37:00+00:00,1.06678,1.06689,1.06678,1.06678,0
2023-03-01 06:38:00+00:00,1.06679,1.06697,1.06679,1.06695,0
2023-03-01 06:39:00+00:00,1.06695,1.06709,1.06693,1.06704,0
2023-03-01 06:40:00+00:00,1.06704,1.06706,1.06691,1.06698,0
2023-03-01 06:41:00+00:00,1.06697,1.06699,1.06682,1.06688,0
2023-03-01 06:42:00+00:00,1.06689,1.06693,1.06683,1.06689,0
2023-03-01 06:43:00+00:00,1.06687,1.06704,1.06684,1.0669,0
2023-03-01 06:44:00+00:00,1.0669,1.0669,1.06665,1.06688,0
2023-03-01 06:45:00+00:00,1.06686,1.06695,1.06684,1.06693,0
2023-03-01 06:46:00+00:00,1.06693,1.06696,1.06685,1.06693,0
2023-03-01 06:47:00+00:00,1.06693,1.067,1.06688,1.06694,0
2023-03-01 06:48:00+00:00,1.06692,1.06701,1.06679,1.06695,0
2023-03-01 06:49:00+00:00,1.06696,1.06703,1.06686,1.06702,0
2023-03-01 06:50:00+00:00,1.06703,1.06739,1.06701,1.06729,0
2023-03-01 06:51:00+00:00,1.06728,1.06729,1.06682,1.06687,0
2023-03-01 06:52:00+00:00,1.06687,1.06687,1.06674,1.06682,0
2023-03-01 06:53:00+00:00,1.06681,1.06682,1.06666,1.06669,0
2023-03-01 06:54:00+00:00,1.06668,1.06695,1.06663,1.06682,0
2023-03-01 06:55:00+00:00,1.06682,1.06684,1.06667,1.06673,0
2023-03-01 06:56:00+00:00,1.06672,1.06689,1.06658,1.06686,0
2023-03-01 06:57:00+00:00,1.06686,1.06703,1.06683,1.06693,0
2023-03-01 06:58:00+00:00,1.06695,1.06707,1.06692,1.06698,0
2023-03-01 06:59:00+00:00,1.06699,1.06705,1.06694,1.06695,0
2023-03-01 08:00:00+00:00,1.06865,1.06911,1.0686,1.06911,0
2023-03-01 08:01:00+00:00,1.06909,1.06913,1.06892,1.06894,0
2023-03-01 08:02:00+00:00,1.06894,1.06897,1.06885,1.06889,0
2023-03-01 08:03:00+00:00,1.06887,1.06889,1.06855,1.06859,0
2023-03-01 08:04:00+00:00,1.06858,1.06858,1.06835,1.06836,0
2023-03-01 08:05:00+00:00,1.06835,1.0685,1.06834,1.06847,0
2023-03-01 08:06:00+00:00,1.06845,1.06853,1.06836,1.06852,0
2023-03-01 08:07:00+00:00,1.06852,1.06854,1.06843,1.06845,0
2023-03-01 08:08:00+00:00,1.06845,1.06847,1.06823,1.06823,0
2023-03-01 08:09:00+00:00,1.06823,1.06844,1.06814,1.06832,0
2023-03-01 08:10:00+00:00,1.06832,1.06834,1.06808,1.06817,0
2023-03-01 08:11:00+00:00,1.06816,1.06831,1.06814,1.06827,0
2023-03-01 08:12:00+00:00,1.06828,1.06851,1.06827,1.06842,0
2023-03-01 08:13:00+00:00,1.06843,1.0687,1.06833,1.06852,0
2023-03-01 08:14:00+00:00,1.0685,1.06861,1.06837,1.06837,0
2023-03-01 08:15:00+00:00,1.06838,1.06872,1.06838,1.06868,0
2023-03-01 08:16:00+00:00,1.06869,1.06869,1.06857,1.06862,0
2023-03-01 08:17:00+00:00,1.06862,1.06869,1.06847,1.06854,0
2023-03-01 08:18:00+00:00,1.06854,1.06861,1.06837,1.06839,0
2023-03-01 08:19:00+00:00,1.06837,1.06868,1.06837,1.06868,0
2023-03-01 08:20:00+00:00,1.06865,1.06879,1.06858,1.06861,0
2023-03-01 08:21:00+00:00,1.06861,1.0687,1.06852,1.06852,0
2023-03-01 08:22:00+00:00,1.06851,1.06853,1.06816,1.0682,0
2023-03-01 08:23:00+00:00,1.06819,1.06838,1.06819,1.06823,0
2023-03-01 08:24:00+00:00,1.06826,1.06827,1.06781,1.06785,0
2023-03-01 08:25:00+00:00,1.06785,1.06787,1.06776,1.0678,0
2023-03-01 08:26:00+00:00,1.0678,1.06782,1.06762,1.06768,0
2023-03-01 08:27:00+00:00,1.06769,1.0677,1.06752,1.06762,0
2023-03-01 08:28:00+00:00,1.06761,1.06765,1.06748,1.0675,0
2023-03-01 08:29:00+00:00,1.0675,1.06768,1.06745,1.06758,0
2023-03-01 08:30:00+00:00,1.06756,1.06779,1.0674,1.06749,0
2023-03-01 08:31:00+00:00,1.06748,1.06762,1.0674,1.06742,0
2023-03-01 08:32:00+00:00,1.06745,1.06752,1.06721,1.06732,0
2023-03-01 08:33:00+00:00,1.06732,1.06742,1.06717,1.06737,0
2023-03-01 08:34:00+00:00,1.06737,1.06738,1.06716,1.06718,0
2023-03-01 08:35:00+00:00,1.06717,1.06758,1.06717,1.06757,0
2023-03-01 08:36:00+00:00,1.06756,1.06761,1.06745,1.06757,0
2023-03-01 08:37:00+00:00,1.06756,1.06777,1.06754,1.06768,0
2023-03-01 08:38:00+00:00,1.06767,1.06778,1.06762,1.06778,0
2023-03-01 08:39:00+00:00,1.06777,1.06782,1.06761,1.06761,0
2023-03-01 08:40:00+00:00,1.06762,1.06763,1.06743,1.06756,0
2023-03-01 08:41:00+00:00,1.06756,1.06769,1.06756,1.06761,0
2023-03-01 08:42:00+00:00,1.06761,1.06763,1.06746,1.06746,0
2023-03-01 08:43:00+00:00,1.06747,1.06764,1.06746,1.0675,0
2023-03-01 08:44:00+00:00,1.0675,1.06751,1.06722,1.06729,0
2023-03-01 08:45:00+00:00,1.06728,1.06746,1.0672,1.06737,0
2023-03-01 08:46:00+00:00,1.06738,1.06739,1.06712,1.06714,0
2023-03-01 08:47:00+00:00,1.06714,1.06724,1.0669,1.06696,0
2023-03-01 08:48:00+00:00,1.06697,1.06716,1.06694,1.06703,0
2023-03-01 08:49:00+00:00,1.06702,1.06727,1.06693,1.06712,0
2023-03-01 08:50:00+00:00,1.06711,1.0672,1.06697,1.067,0
2023-03-01 08:51:00+00:00,1.06706,1.06711,1.06701,1.06707,0
2023-03-01 08:52:00+00:00,1.06706,1.06711,1.06692,1.06692,0
2023-03-01 08:53:00+00:00,1.06693,1.06705,1.0669,1.06702,0
2023-03-01 08:54:00+00:00,1.06703,1.06746,1.06703,1.06745,0
2023-03-01 08:55:00+00:00,1.06744,1.06747,1.06723,1.06723,0
2023-03-01 08:56:00+00:00,1.06723,1.06727,1.06716,1.06716,0
2023-03-01 08:57:00+00:00,1.06714,1.06731,1.06703,1.06727,0
2023-03-01 08:58:00+00:00,1.06726,1.06743,1.06722,1.06736,0
2023-03-01 08:59:00+00:00,1.06735,1.06745,1.06703,1.06711,0
2023-03-01 10:00:00+00:00,1.0666,1.06772,1.06605,1.06646,0
2023-03-01 10:01:00+00:00,1.06645,1.06727,1.06644,1.06668,0
2023-03-01 10:02:00+00:00,1.06666,1.06678,1.06613,1.06668,0
2023-03-01 10:03:00+00:00,1.06666,1.06681,1.06601,1.06613,0
2023-03-01 10:04:00+00:00,1.06611,1.0662,1.06564,1.06597,0
2023-03-01 10:05:00+00:00,1.06597,1.06608,1.06545,1.06549,0
2023-03-01 10:06:00+00:00,1.06549,1.06549,1.06502,1.0651,0
2023-03-01 10:07:00+00:00,1.06511,1.06514,1.06469,1.0648,0
2023-03-01 10:08:00+00:00,1.06476,1.06478,1.0644,1.06471,0
2023-03-01 10:09:00+00:00,1.06472,1.06487,1.06457,1.06476,0
2023-03-01 10:10:00+00:00,1.06476,1.06476,1.06434,1.0645,0
2023-03-01 10:11:00+00:00,1.06451,1.06466,1.06435,1.06448,0
2023-03-01 10:12:00+00:00,1.0645,1.06503,1.06441,1.06497,0
2023-03-01 10:13:00+00:00,1.06495,1.06549,1.06482,1.06533,0
2023-03-01 10:14:00+00:00,1.06532,1.06533,1.0649,1.06505,0
2023-03-01 10:15:00+00:00,1.06504,1.06504,1.06474,1.06482,0
2023-03-01 10:16:00+00:00,1.0648,1.06548,1.06467,1.06531,0
2023-03-01 10:17:00+00:00,1.06534,1.06545,1.06505,1.06533,0
2023-03-01 10:18:00+00:00,1.06532,1.06544,1.06515,1.06518,0
2023-03-01 10:19:00+00:00,1.06519,1.06523,1.06481,1.06515,0
2023-03-01 10:20:00+00:00,1.06516,1.06533,1.06497,1.06519,0
2023-03-01 10:21:00+00:00,1.0652,1.06572,1.0652,1.06567,0
2023-03-01 10:22:00+00:00,1.06567,1.06576,1.06524,1.06545,0
2023-03-01 10:23:00+00:00,1.06546,1.06577,1.06539,1.06567,0
2023-03-01 10:24:00+00:00,1.06566,1.06577,1.06531,1.06532,0
2023-03-01 10:25:00+00:00,1.06535,1.06543,1.06486,1.06498,0
2023-03-01 10:26:00+00:00,1.06498,1.06503,1.06473,1.06476,0
2023-03-01 10:27:00+00:00,1.06476,1.06479,1.06441,1.06472,0
2023-03-01 10:28:00+00:00,1.06472,1.0648,1.06456,1.06464,0
2023-03-01 10:29:00+00:00,1.06463,1.06493,1.0646,1.0647,0
2023-03-01 10:30:00+00:00,1.06469,1.06489,1.06454,1.06475,0
2023-03-01 10:31:00+00:00,1.06474,1.06493,1.06464,1.06474,0
2023-03-01 10:32:00+00:00,1.06473,1.06499,1.06468,1.06494,0
2023-03-01 10:33:00+00:00,1.06494,1.06535,1.06489,1.06527,0
2023-03-01 10:34:00+00:00,1.06526,1.06566,1.06523,1.06555,0
2023-03-01 10:35:00+00:00,1.06553,1.06593,1.06552,1.06592,0
2023-03-01 10:36:00+00:00,1.06593,1.06637,1.06592,1.06637,0
2023-03-01 10:37:00+00:00,1.06637,1.06672,1.06626,1.06672,0
2023-03-01 10:38:00+00:00,1.06673,1.06703,1.06656,1.06699,0
2023-03-01 10:39:00+00:00,1.06698,1.06707,1.0667,1.0667,0
2023-03-01 10:40:00+00:00,1.06669,1.06701,1.06661,1.06698,0
2023-03-01 10:41:00+00:00,1.06698,1.0673,1.06697,1.06713,0
2023-03-01 10:42:00+00:00,1.06713,1.06722,1.06704,1.06719,0
2023-03-01 10:43:00+00:00,1.06719,1.06727,1.06694,1.06701,0
2023-03-01 10:44:00+00:00,1.06701,1.06712,1.06688,1.06706,0
2023-03-01 10:45:00+00:00,1.06706,1.06727,1.067,1.06722,0
2023-03-01 10:46:00+00:00,1.06722,1.06784,1.06721,1.06746,0
2023-03-01 10:47:00+00:00,1.06747,1.0675,1.06715,1.06717,0
2023-03-01 10:48:00+00:00,1.06715,1.06721,1.06694,1.06706,0
2023-03-01 10:49:00+00:00,1.06705,1.06722,1.06689,1.06693,0
2023-03-01 10:50:00+00:00,1.06694,1.06711,1.06663,1.06697,0
2023-03-01 10:51:00+00:00,1.06697,1.06759,1.06696,1.06722,0
2023-03-01 10:52:00+00:00,1.06721,1.06728,1.06699,1.06715,0
2023-03-01 10:53:00+00:00,1.06713,1.06767,1.06713,1.06716,0
2023-03-01 10:54:00+00:00,1.06716,1.06716,1.06681,1.06692,0
2023-03-01 10:55:00+00:00,1.0669,1.06691,1.06655,1.06691,0
2023-03-01 10:56:00+00:00,1.06689,1.06698,1.06675,1.06678,0
2023-03-01 10:57:00+00:00,1.06676,1.06696,1.06674,1.06692,0
2023-03-01 10:58:00+00:00,1.06692,1.06729,1.0669,1.06726,0
2023-03-01 10:59:00+00:00,1.06725,1.06748,1.06719,1.06721,0
2023-03-01 12:00:00+00:00,1.0673,1.06738,1.06718,1.06735,0
2023-03-01 12:01:00+00:00,1.06737,1.06752,1.06734,1.06742,0
2023-03-01 12:02:00+00:00,1.06741,1.06743,1.06719,1.06721,0
2023-03-01 12:03:00+00:00,1.06719,1.06721,1.06705,1.06715,0
2023-03-01 12:04:00+00:00,1.06716,1.06727,1.0671,1.06725,0
2023-03-01 12:05:00+00:00,1.06727,1.06729,1.06716,1.06724,0
2023-03-01 12:06:00+00:00,1.06727,1.06759,1.06727,1.06755,0
2023-03-01 12:07:00+00:00,1.06755,1.06779,1.06741,1.06741,0
2023-03-01 12:08:00+00:00,1.06743,1.06762,1.06743,1.06761,0
2023-03-01 12:09:00+00:00,1.06763,1.06777,1.06761,1.06768,0
2023-03-01 12:10:00+00:00,1.0677,1.06776,1.06752,1.06752,0
2023-03-01 12:11:00+00:00,1.06753,1.06768,1.0674,1.06749,0
2023-03-01 12:12:00+00:00,1.06748,1.06754,1.0674,1.06745,0
2023-03-01 12:13:00+00:00,1.06745,1.06752,1.06716,1.06728,0
2023-03-01 12:14:00+00:00,1.06727,1.0675,1.0672,1.06745,0
2023-03-01 12:15:00+00:00,1.06747,1.06756,1.06736,1.0675,0
2023-03-01 12:16:00+00:00,1.0675,1.06778,1.06745,1.06762,0
2023-03-01 12:17:00+00:00,1.06761,1.06761,1.06746,1.06751,0
2023-03-01 12:18:00+00:00,1.06752,1.06768,1.06751,1.06768,0
2023-03-01 12:19:00+00:00,1.06766,1.06766,1.06747,1.06752,0
2023-03-01 12:20:00+00:00,1.06753,1.06753,1.06721,1.06737,0
2023-03-01 12:21:00+00:00,1.06741,1.06763,1.06738,1.0676,0
2023-03-01 12:22:00+00:00,1.0676,1.06761,1.06741,1.06754,0
2023-03-01 12:23:00+00:00,1.06754,1.06758,1.06742,1.06747,0
2023-03-01 12:24:00+00:00,1.06746,1.06748,1.06727,1.06729,0
2023-03-01 12:25:00+00:00,1.06728,1.06741,1.06727,1.06734,0
2023-03-01 12:26:00+00:00,1.06733,1.06736,1.06716,1.06721,0
2023-03-01 12:27:00+00:00,1.06723,1.06735,1.06711,1.06716,0
2023-03-01 12:28:00+00:00,1.06717,1.06722,1.06691,1.06696,0
2023-03-01 12:29:00+00:00,1.06695,1.06696,1.06668,1.06674,0
2023-03-01 12:30:00+00:00,1.06674,1.06693,1.06674,1.06686,0
2023-03-01 12:31:00+00:00,1.06685,1.06695,1.06684,1.06693,0
2023-03-01 12:32:00+00:00,1.06692,1.06703,1.06691,1.06699,0
2023-03-01 12:33:00+00:00,1.06698,1.06711,1.06695,1.06707,0
2023-03-01 12:34:00+00:00,1.06706,1.06709,1.06696,1.06696,0
2023-03-01 12:35:00+00:00,1.06699,1.067,1.06674,1.06693,0
2023-03-01 12:36:00+00:00,1.06691,1.06707,1.06681,1.06685,0
2023-03-01 12:37:00+00:00,1.06687,1.06688,1.06661,1.06664,0
2023-03-01 12:38:00+00:00,1.06665,1.06666,1.06651,1.06657,0
2023-03-01 12:39:00+00:00,1.06655,1.0667,1.06655,1.06667,0
2023-03-01 12:40:00+00:00,1.06667,1.06681,1.06665,1.06677,0
2023-03-01 12:41:00+00:00,1.06681,1.06686,1.06653,1.06655,0
2023-03-01 12:42:00+00:00,1.06655,1.06679,1.06655,1.06673,0
2023-03-01 12:43:00+00:00,1.06672,1.06681,1.06666,1.06668,0
2023-03-01 12:44:00+00:00,1.06668,1.06685,1.06662,1.06676,0
2023-03-01 12:45:00+00:00,1.06677,1.06695,1.0667,1.06676,0
2023-03-01 12:46:00+00:00,1.06675,1.0669,1.06657,1.06661,0
2023-03-01 12:47:00+00:00,1.06658,1.06667,1.06655,1.06666,0
2023-03-01 12:48:00+00:00,1.06666,1.06678,1.06658,1.06658,0
2023-03-01 12:49:00+00:00,1.06658,1.06679,1.06651,1.06677,0
2023-03-01 12:50:00+00:00,1.06676,1.06683,1.06675,1.06681,0
2023-03-01 12:51:00+00:00,1.06681,1.06688,1.06677,1.06686,0
2023-03-01 12:52:00+00:00,1.06688,1.06702,1.06685,1.06701,0
2023-03-01 12:53:00+00:00,1.06701,1.06706,1.06688,1.06689,0
2023-03-01 12:54:00+00:00,1.06689,1.06692,1.06685,1.06686,0
2023-03-01 12:55:00+00:00,1.06686,1.06692,1.06682,1.06682,0
2023-03-01 12:56:00+00:00,1.06683,1.06683,1.06657,1.06659,0
2023-03-01 12:57:00+00:00,1.06658,1.0666,1.06646,1.06656,0
2023-03-01 12:58:00+00:00,1.06656,1.06656,1.06643,1.06656,0
2023-03-01 12:59:00+00:00,1.06657,1.06658,1.06641,1.0665,0
2023-03-01 14:00:00+00:00,1.06517,1.06518,1.06512,1.06514,0
2023-03-01 14:01:00+00:00,1.06512,1.06517,1.06505,1.06517,0
2023-03-01 14:02:00+00:00,1.06517,1.06518,1.06508,1.06517,0
2023-03-01 14:03:00+00:00,1.06515,1.06515,1.06484,1.06489,0
2023-03-01 14:04:00+00:00,1.06489,1.06496,1.06483,1.06491,0
2023-03-01 14:05:00+00:00,1.06491,1.06504,1.06486,1.06497,0
2023-03-01 14:06:00+00:00,1.06496,1.06498,1.06489,1.06493,0
2023-03-01 14:07:00+00:00,1.06493,1.06502,1.06483,1.06497,0
2023-03-01 14:08:00+00:00,1.06498,1.06498,1.0648,1.06488,0
2023-03-01 14:09:00+00:00,1.06489,1.065,1.06489,1.065,0
2023-03-01 14:10:00+00:00,1.06498,1.06518,1.06498,1.06511,0
2023-03-01 14:11:00+00:00,1.06511,1.06517,1.06506,1.06514,0
2023-03-01 14:12:00+00:00,1.06512,1.0652,1.06512,1.06518,0
2023-03-01 14:13:00+00:00,1.06518,1.06529,1.06513,1.06515,0
2023-03-01 14:14:00+00:00,1.06515,1.0652,1.06505,1.06506,0
2023-03-01 14:15:00+00:00,1.06505,1.06505,1.06496,1.06496,0
2023-03-01 14:16:00+00:00,1.06495,1.065,1.06488,1.06499,0
2023-03-01 14:17:00+00:00,1.06499,1.06504,1.0649,1.06496,0
2023-03-01 14:18:00+00:00,1.06497,1.06497,1.06489,1.06491,0
2023-03-01 14:19:00+00:00,1.06492,1.06492,1.06467,1.06477,0
2023-03-01 14:20:00+00:00,1.06477,1.0649,1.0647,1.06473,0
2023-03-01 14:21:00+00:00,1.06472,1.06485,1.06472,1.06484,0
2023-03-01 14:22:00+00:00,1.06484,1.06491,1.06481,1.0649,0
2023-03-01 14:23:00+00:00,1.06492,1.06493,1.06478,1.0649,0
2023-03-01 14:24:00+00:00,1.06489,1.06492,1.06484,1.06486,0
2023-03-01 14:25:00+00:00,1.06488,1.06488,1.0648,1.06481,0
2023-03-01 14:26:00+00:00,1.06483,1.06503,1.0648,1.06497,0
2023-03-01 14:27:00+00:00,1.06496,1.06496,1.06484,1.06485,0
2023-03-01 14:28:00+00:00,1.06486,1.06495,1.06486,1.06492,0
2023-03-01 14:29:00+00:00,1.06492,1.06495,1.06491,1.06492,0
2023-03-01 14:30:00+00:00,1.06491,1.06498,1.06488,1.06491,0
2023-03-01 14:31:00+00:00,1.06492,1.06492,1.06472,1.06482,0
2023-03-01 14:32:00+00:00,1.06481,1.06482,1.06463,1.06473,0
2023-03-01 14:33:00+00:00,1.06473,1.06475,1.06465,1.06471,0
2023-03-01 14:34:00+00:00,1.0647,1.06484,1.06468,1.06482,0
2023-03-01 14:35:00+00:00,1.06482,1.06488,1.06474,1.06483,0
2023-03-01 14:36:00+00:00,1.06483,1.06488,1.0648,1.06484,0
2023-03-01 14:37:00+00:00,1.06482,1.06487,1.06478,1.06482,0
2023-03-01 14:38:00+00:00,1.06481,1.06489,1.06478,1.06487,0
2023-03-01 14:39:00+00:00,1.06488,1.06497,1.0648,1.06492,0
2023-03-01 14:40:00+00:00,1.06489,1.06494,1.06487,1.06489,0
2023-03-01 14:41:00+00:00,1.06491,1.06501,1.06481,1.065,0
2023-03-01 14:42:00+00:00,1.06501,1.06511,1.065,1.06508,0
2023-03-01 14:43:00+00:00,1.06507,1.06521,1.06502,1.06521,0
2023-03-01 14:44:00+00:00,1.06524,1.0653,1.06522,1.06522,0
2023-03-01 14:45:00+00:00,1.06522,1.06529,1.06519,1.06529,0
2023-03-01 14:46:00+00:00,1.06528,1.0653,1.06523,1.06525,0
2023-03-01 14:47:00+00:00,1.06525,1.06527,1.06523,1.06526,0
2023-03-01 14:48:00+00:00,1.06524,1.0653,1.0652,1.06525,0
2023-03-01 14:49:00+00:00,1.06525,1.06534,1.06522,1.06532,0
2023-03-01 14:50:00+00:00,1.06532,1.06536,1.06527,1.0653,0
2023-03-01 14:51:00+00:00,1.0653,1.06531,1.06525,1.06531,0
2023-03-01 14:52:00+00:00,1.06532,1.06547,1.06532,1.06545,0
2023-03-01 14:53:00+00:00,1.06545,1.06571,1.06545,1.06567,0
2023-03-01 14:54:00+00:00,1.06567,1.06567,1.06556,1.06557,0
2023-03-01 14:55:00+00:00,1.06556,1.06568,1.06555,1.06568,0
2023-03-01 14:56:00+00:00,1.06567,1.06579,1.06565,1.06579,0
2023-03-01 14:57:00+00:00,1.06578,1.06583,1.06571,1.06576,0
2023-03-01 14:58:00+00:00,1.06575,1.06589,1.06572,1.06581,0
2023-03-01 14:59:00+00:00,1.06581,1.06586,1.06559,1.0657,0
2023-03-01 16:00:00+00:00,1.06647,1.06657,1.06645,1.06654,0
2023-03-01 16:01:00+00:00,1.06654,1.06658,1.06652,1.06656,0
2023-03-01 16:02:00+00:00,1.06656,1.06658,1.06654,1.06656,0
2023-03-01 16:03:00+00:00,1.06657,1.06663,1.06655,1.06661,0
2023-03-01 16:04:00+00:00,1.06661,1.06661,1.06649,1.06649,0
2023-03-01 16:05:00+00:00,1.06651,1.06652,1.06648,1.06649,0
2023-03-01 16:06:00+00:00,1.0665,1.06654,1.06648,1.06649,0
2023-03-01 16:07:00+00:00,1.06649,1.06655,1.06649,1.0665,0
2023-03-01 16:08:00+00:00,1.0665,1.06653,1.0665,1.06652,0
2023-03-01 16:09:00+00:00,1.06651,1.06654,1.0665,1.06654,0
2023-03-01 16:10:00+00:00,1.06655,1.06658,1.06655,1.06655,0
2023-03-01 16:11:00+00:00,1.06653,1.06655,1.06653,1.06654,0
2023-03-01 16:12:00+00:00,1.06654,1.06658,1.06654,1.06655,0
2023-03-01 16:13:00+00:00,1.06657,1.06659,1.06654,1.06659,0
2023-03-01 16:14:00+00:00,1.06658,1.06659,1.06653,1.06655,0
2023-03-01 16:15:00+00:00,1.06657,1.06663,1.06656,1.06662,0
2023-03-01 16:16:00+00:00,1.06662,1.06662,1.06658,1.06658,0
2023-03-01 16:17:00+00:00,1.06658,1.06662,1.06658,1.06659,0
2023-03-01 16:18:00+00:00,1.06658,1.06661,1.06658,1.06661,0
2023-03-01 16:19:00+00:00,1.06661,1.06671,1.0666,1.06669,0
2023-03-01 16:20:00+00:00,1.06669,1.06671,1.06668,1.06669,0
2023-03-01 16:21:00+00:00,1.06669,1.06669,1.06665,1.06666,0
2023-03-01 16:22:00+00:00,1.06667,1.0667,1.06667,1.06668,0
2023-03-01 16:23:00+00:00,1.06671,1.06673,1.06671,1.06672,0
2023-03-01 16:24:00+00:00,1.06672,1.06672,1.0667,1.06672,0
2023-03-01 16:25:00+00:00,1.06671,1.06678,1.06671,1.06678,0
2023-03-01 16:26:00+00:00,1.06678,1.06679,1.06672,1.06673,0
2023-03-01 16:27:00+00:00,1.06672,1.06673,1.06671,1.06673,0
2023-03-01 16:28:00+00:00,1.06673,1.06677,1.06669,1.06676,0
2023-03-01 16:29:00+00:00,1.06678,1.06682,1.06677,1.06678,0
2023-03-01 16:30:00+00:00,1.06678,1.06688,1.06678,1.06688,0
2023-03-01 16:31:00+00:00,1.06688,1.06688,1.06683,1.06683,0
2023-03-01 16:32:00+00:00,1.06683,1.06686,1.06679,1.06686,0
2023-03-01 16:33:00+00:00,1.06685,1.06695,1.06683,1.06684,0
2023-03-01 16:34:00+00:00,1.06684,1.06693,1.06684,1.06691,0
2023-03-01 16:35:00+00:00,1.06691,1.06692,1.06684,1.06684,0
2023-03-01 16:36:00+00:00,1.06684,1.06685,1.0668,1.06681,0
2023-03-01 16:37:00+00:00,1.06681,1.06688,1.0668,1.06688,0
2023-03-01 16:38:00+00:00,1.06688,1.0669,1.06686,1.06686,0
2023-03-01 16:39:00+00:00,1.06685,1.06686,1.06685,1.06685,0
2023-03-01 16:40:00+00:00,1.06685,1.06686,1.06684,1.06684,0
2023-03-01 16:41:00+00:00,1.06684,1.067,1.06682,1.06698,0
2023-03-01 16:42:00+00:00,1.06698,1.06708,1.06697,1.06703,0
2023-03-01 16:43:00+00:00,1.06703,1.06707,1.06703,1.06707,0
2023-03-01 16:44:00+00:00,1.06706,1.06706,1.06705,1.06706,0
2023-03-01 16:45:00+00:00,1.06705,1.06708,1.06703,1.06707,0
2023-03-01 16:46:00+00:00,1.06706,1.06708,1.06696,1.06697,0
2023-03-01 16:47:00+00:00,1.06698,1.06699,1.06696,1.06697,0
2023-03-01 16:48:00+00:00,1.06697,1.06699,1.06696,1.06697,0
2023-03-01 16:49:00+00:00,1.06699,1.06699,1.06697,1.06697,0
2023-03-01 16:50:00+00:00,1.06697,1.06703,1.06697,1.06702,0
2023-03-01 16:51:00+00:00,1.06702,1.06705,1.06701,1.06705,0
2023-03-01 16:52:00+00:00,1.06704,1.06712,1.06699,1.06699,0
2023-03-01 16:53:00+00:00,1.06699,1.06702,1.06698,1.06701,0
2023-03-01 16:54:00+00:00,1.06701,1.06701,1.06691,1.06691,0
2023-03-01 16:55:00+00:00,1.06692,1.06697,1.0669,1.06693,0
2023-03-01 16:56:00+00:00,1.06694,1.06694,1.06684,1.0669,0
2023-03-01 16:57:00+00:00,1.06689,1.06691,1.06687,1.06689,0
2023-03-01 16:58:00+00:00,1.06692,1.06693,1.0668,1.06687,0
2023-03-01 16:59:00+00:00,1.06688,1.06691,1.06667,1.06668,0
2023-03-01 18:00:00+00:00,1.0668,1.06719,1.0668,1.06719,0
2023-03-01 18:01:00+00:00,1.06719,1.06723,1.06714,1.06715,0
2023-03-01 18:02:00+00:00,1.06717,1.06717,1.06709,1.06712,0
2023-03-01 18:03:00+00:00,1.0671,1.0671,1.06702,1.06702,0
2023-03-01 18:04:00+00:00,1.06702,1.06702,1.06695,1.06695,0
2023-03-01 18:05:00+00:00,1.06697,1.06697,1.06689,1.06694,0
2023-03-01 18:06:00+00:00,1.06693,1.06695,1.06689,1.06694,0
2023-03-01 18:07:00+00:00,1.06696,1.06697,1.06695,1.06696,0
2023-03-01 18:08:00+00:00,1.06695,1.06702,1.06695,1.067,0
2023-03-01 18:09:00+00:00,1.06701,1.06701,1.0669,1.06691,0
2023-03-01 18:10:00+00:00,1.0669,1.06692,1.06689,1.0669,0
2023-03-01 18:11:00+00:00,1.06691,1.06691,1.06688,1.06688,0
2023-03-01 18:12:00+00:00,1.06687,1.06687,1.06674,1.06674,0
2023-03-01 18:13:00+00:00,1.06673,1.06687,1.06673,1.06678,0
2023-03-01 18:14:00+00:00,1.06676,1.06678,1.06671,1.06673,0
2023-03-01 18:15:00+00:00,1.06674,1.06683,1.06672,1.06672,0
2023-03-01 18:16:00+00:00,1.06671,1.06673,1.06666,1.06667,0
2023-03-01 18:17:00+00:00,1.06668,1.06668,1.06662,1.06664,0
2023-03-01 18:18:00+00:00,1.06667,1.06667,1.06662,1.06664,0
2023-03-01 18:19:00+00:00,1.06663,1.06663,1.06659,1.06662,0
2023-03-01 18:20:00+00:00,1.06663,1.06687,1.06663,1.06687,0
2023-03-01 18:21:00+00:00,1.06688,1.06697,1.06687,1.06689,0
2023-03-01 18:22:00+00:00,1.06689,1.06689,1.06681,1.06683,0
2023-03-01 18:23:00+00:00,1.06684,1.06694,1.0668,1.0668,0
2023-03-01 18:24:00+00:00,1.06681,1.06683,1.06675,1.06676,0
2023-03-01 18:25:00+00:00,1.06676,1.06676,1.06672,1.06673,0
2023-03-01 18:26:00+00:00,1.06676,1.0669,1.06675,1.06684,0
2023-03-01 18:27:00+00:00,1.06684,1.06684,1.0668,1.06684,0
2023-03-01 18:28:00+00:00,1.06682,1.06689,1.06682,1.06684,0
2023-03-01 18:29:00+00:00,1.06683,1.06684,1.06682,1.06684,0
2023-03-01 18:30:00+00:00,1.06684,1.06685,1.06677,1.06678,0
2023-03-01 18:31:00+00:00,1.06678,1.06685,1.06678,1.06682,0
2023-03-01 18:32:00+00:00,1.06683,1.06687,1.0668,1.06686,0
2023-03-01 18:33:00+00:00,1.06688,1.06691,1.06684,1.06684,0
2023-03-01 18:34:00+00:00,1.06683,1.06684,1.06682,1.06682,0
2023-03-01 18:35:00+00:00,1.0668,1.06681,1.0668,1.06681,0
2023-03-01 18:36:00+00:00,1.0668,1.06681,1.06677,1.06678,0
2023-03-01 18:37:00+00:00,1.06679,1.06681,1.06679,1.06681,0
2023-03-01 18:38:00+00:00,1.06681,1.06682,1.06679,1.0668,0
2023-03-01 18:39:00+00:00,1.0668,1.06681,1.0668,1.0668,0
2023-03-01 18:40:00+00:00,1.06681,1.06686,1.06679,1.06686,0
2023-03-01 18:41:00+00:00,1.06688,1.06692,1.06688,1.06692,0
2023-03-01 18:42:00+00:00,1.06692,1.06694,1.06692,1.06692,0
2023-03-01 18:43:00+00:00,1.06692,1.06692,1.06692,1.06692,0
2023-03-01 18:44:00+00:00,1.06694,1.06695,1.06694,1.06695,0
2023-03-01 18:45:00+00:00,1.06695,1.06703,1.06694,1.06703,0
2023-03-01 18:46:00+00:00,1.06701,1.06703,1.067,1.067,0
2023-03-01 18:47:00+00:00,1.067,1.06702,1.067,1.06702,0
2023-03-01 18:48:00+00:00,1.06701,1.06702,1.06682,1.06682,0
2023-03-01 18:49:00+00:00,1.06682,1.06684,1.06682,1.06683,0
2023-03-01 18:50:00+00:00,1.06682,1.06683,1.06679,1.06679,0
2023-03-01 18:51:00+00:00,1.06679,1.06684,1.06677,1.06682,0
2023-03-01 18:52:00+00:00,1.06686,1.06696,1.06686,1.06689,0
2023-03-01 18:53:00+00:00,1.0669,1.06693,1.06689,1.0669,0
2023-03-01 18:54:00+00:00,1.06689,1.06691,1.06683,1.06688,0
2023-03-01 18:55:00+00:00,1.06687,1.06688,1.06684,1.06688,0
2023-03-01 18:56:00+00:00,1.06686,1.06687,1.06686,1.06687,0
2023-03-01 18:57:00+00:00,1.06686,1.06687,1.06682,1.06687,0
2023-03-01 18:58:00+00:00,1.06687,1.0669,1.06684,1.06684,0
2023-03-01 18:59:00+00:00,1.06684,1.06687,1.06681,1.06684,0
2023-03-01 19:00:00+00:00,1.06684,1.06687,1.0666,1.06662,0
2023-03-01 19:01:00+00:00,1.0666,1.06667,1.06659,1.06666,0
2023-03-01 19:02:00+00:00,1.06666,1.06667,1.06655,1.06661,0
2023-03-01 19:03:00+00:00,1.0666,1.06664,1.0665,1.06651,0
2023-03-01 19:04:00+00:00,1.0665,1.06652,1.06635,1.0665,0
2023-03-01 19:05:00+00:00,1.06651,1.06656,1.06648,1.06648,0
2023-03-01 19:06:00+00:00,1.0665,1.06651,1.06639,1.06639,0
2023-03-01 19:07:00+00:00,1.0664,1.0665,1.0664,1.06641,0
2023-03-01 19:08:00+00:00,1.06645,1.06651,1.06645,1.06648,0
2023-03-01 19:09:00+00:00,1.06649,1.06657,1.06649,1.06655,0
2023-03-01 19:10:00+00:00,1.06656,1.06661,1.06656,1.06657,0
2023-03-01 19:11:00+00:00,1.06659,1.06662,1.06659,1.0666,0
2023-03-01 19:12:00+00:00,1.06662,1.06662,1.06659,1.0666,0
2023-03-01 19:13:00+00:00,1.0666,1.06668,1.0666,1.06668,0
2023-03-01 19:14:00+00:00,1.06669,1.06677,1.06669,1.06674,0
2023-03-01 19:15:00+00:00,1.06675,1.06693,1.06674,1.0669,0
2023-03-01 19:16:00+00:00,1.0669,1.06692,1.06686,1.06686,0
2023-03-01 19:17:00+00:00,1.06686,1.06692,1.06686,1.06692,0
2023-03-01 19:18:00+00:00,1.06691,1.06697,1.06691,1.06696,0
2023-03-01 19:19:00+00:00,1.06696,1.06713,1.06696,1.06697,0
2023-03-01 19:20:00+00:00,1.067,1.06709,1.067,1.06702,0
2023-03-01 19:21:00+00:00,1.06701,1.06722,1.06701,1.0672,0
2023-03-01 19:22:00+00:00,1.06722,1.06726,1.06713,1.06714,0
2023-03-01 19:23:00+00:00,1.06714,1.06714,1.06708,1.06711,0
2023-03-01 19:24:00+00:00,1.06709,1.06717,1.06709,1.06714,0
2023-03-01 19:25:00+00:00,1.06714,1.06715,1.06703,1.06706,0
2023-03-01 19:26:00+00:00,1.06707,1.06712,1.06703,1.06705,0
2023-03-01 19:27:00+00:00,1.06704,1.06704,1.06695,1.06697,0
2023-03-01 19:28:00+00:00,1.06697,1.067,1.06688,1.06688,0
2023-03-01 19:29:00+00:00,1.06688,1.06694,1.06683,1.06688,0
2023-03-01 19:30:00+00:00,1.06688,1.06689,1.06679,1.06687,0
2023-03-01 19:31:00+00:00,1.06689,1.06691,1.06687,1.06688,0
2023-03-01 19:32:00+00:00,1.06687,1.06693,1.06686,1.06688,0
2023-03-01 19:33:00+00:00,1.06689,1.06691,1.06688,1.06689,0
2023-03-01 19:34:00+00:00,1.06688,1.06689,1.06682,1.06687,0
2023-03-01 19:35:00+00:00,1.06686,1.06688,1.06678,1.06679,0
2023-03-01 19:36:00+00:00,1.0668,1.0668,1.06666,1.0667,0
2023-03-01 19:37:00+00:00,1.06668,1.06674,1.06664,1.06672,0
2023-03-01 19:38:00+00:00,1.06674,1.06675,1.06668,1.06673,0
2023-03-01 19:39:00+00:00,1.06672,1.06674,1.06662,1.06662,0
2023-03-01 19:40:00+00:00,1.06661,1.06665,1.06656,1.06657,0
2023-03-01 19:41:00+00:00,1.06656,1.06662,1.06656,1.06661,0
2023-03-01 19:42:00+00:00,1.0666,1.06661,1.06657,1.06659,0
2023-03-01 19:43:00+00:00,1.0666,1.06667,1.0666,1.06661,0
2023-03-01 19:44:00+00:00,1.06661,1.06667,1.06661,1.06666,0
2023-03-01 19:45:00+00:00,1.06665,1.06665,1.06661,1.06661,0
2023-03-01 19:46:00+00:00,1.06661,1.06662,1.06646,1.06652,0
2023-03-01 19:47:00+00:00,1.06651,1.06653,1.06651,1.06652,0
2023-03-01 19:48:00+00:00,1.06655,1.06661,1.06648,1.06648,0
2023-03-01 19:49:00+00:00,1.06649,1.06652,1.06643,1.06651,0
2023-03-01 19:50:00+00:00,1.06649,1.06661,1.06647,1.06652,0
2023-03-01 19:51:00+00:00,1.06652,1.06658,1.06648,1.06652,0
2023-03-01 19:52:00+00:00,1.06652,1.06652,1.06641,1.06647,0
2023-03-01 19:53:00+00:00,1.06645,1.06651,1.06637,1.06648,0
2023-03-01 19:54:00+00:00,1.0665,1.06659,1.06639,1.06641,0
2023-03-01 19:55:00+00:00,1.0664,1.06641,1.06615,1.06621,0
2023-03-01 19:56:00+00:00,1.06622,1.06626,1.066,1.066,0
2023-03-01 19:57:00+00:00,1.06601,1.06625,1.06592,1.06607,0
2023-03-01 19:58:00+00:00,1.06608,1.06611,1.06583,1.06586,0
2023-03-01 19:59:00+00:00,1.06588,1.06603,1.06582,1.06601,0
2023-03-01 20:00:00+00:00,1.06603,1.06603,1.06583,1.06601,0
2023-03-01 20:01:00+00:00,1.06601,1.06615,1.06596,1.06612,0
2023-03-01 20:02:00+00:00,1.06612,1.06618,1.0661,1.06613,0
2023-03-01 20:03:00+00:00,1.06613,1.06615,1.06586,1.06592,0
2023-03-01 20:04:00+00:00,1.06592,1.06597,1.06584,1.06592,0
2023-03-01 20:05:00+00:00,1.06593,1.06598,1.06571,1.06576,0
2023-03-01 20:06:00+00:00,1.06577,1.06583,1.06568,1.06574,0
2023-03-01 20:07:00+00:00,1.06576,1.06593,1.06576,1.06582,0
2023-03-01 20:08:00+00:00,1.06581,1.06581,1.06567,1.06568,0
2023-03-01 20:09:00+00:00,1.06569,1.06582,1.0656,1.06571,0
2023-03-01 20:10:00+00:00,1.06572,1.06576,1.06571,1.06572,0
2023-03-01 20:11:00+00:00,1.06572,1.06582,1.06572,1.06579,0
2023-03-01 20:12:00+00:00,1.06581,1.06588,1.06575,1.06587,0
2023-03-01 20:13:00+00:00,1.06586,1.06606,1.06581,1.06605,0
2023-03-01 20:14:00+00:00,1.06606,1.06608,1.06589,1.06592,0
2023-03-01 20:15:00+00:00,1.06591,1.06591,1.06566,1.06586,0
2023-03-01 20:16:00+00:00,1.06587,1.06591,1.06583,1.0659,0
2023-03-01 20:17:00+00:00,1.06589,1.06604,1.06582,1.06586,0
2023-03-01 20:18:00+00:00,1.06588,1.06597,1.06587,1.06593,0
2023-03-01 20:19:00+00:00,1.06594,1.06601,1.0659,1.06597,0
2023-03-01 20:20:00+00:00,1.06597,1.06602,1.06585,1.06587,0
2023-03-01 20:21:00+00:00,1.06584,1.06587,1.06573,1.06586,0
2023-03-01 20:22:00+00:00,1.06586,1.06587,1.06577,1.06583,0
2023-03-01 20:23:00+00:00,1.06585,1.06586,1.06577,1.06577,0
2023-03-01 20:24:00+00:00,1.06577,1.06585,1.06575,1.06585,0
2023-03-01 20:25:00+00:00,1.06584,1.06587,1.06582,1.06583,0
2023-03-01 20:26:00+00:00,1.06582,1.06595,1.06581,1.06581,0
2023-03-01 20:27:00+00:00,1.06582,1.06591,1.06581,1.06586,0
2023-03-01 20:28:00+00:00,1.06588,1.06588,1.06581,1.06583,0
2023-03-01 20:29:00+00:00,1.06585,1.06586,1.06582,1.06584,0
2023-03-01 20:30:00+00:00,1.06584,1.06592,1.06581,1.06588,0
2023-03-01 20:31:00+00:00,1.06587,1.06587,1.06561,1.06566,0
2023-03-01 20:32:00+00:00,1.06569,1.06569,1.06551,1.06551,0
2023-03-01 20:33:00+00:00,1.0655,1.06576,1.06548,1.06567,0
2023-03-01 20:34:00+00:00,1.06567,1.06568,1.06561,1.06568,0
2023-03-01 20:35:00+00:00,1.06569,1.0658,1.06569,1.06572,0
2023-03-01 20:36:00+00:00,1.06571,1.06572,1.0655,1.0655,0
2023-03-01 20:37:00+00:00,1.06554,1.06554,1.06547,1.06548,0
2023-03-01 20:38:00+00:00,1.06547,1.0655,1.06517,1.06518,0
2023-03-01 20:39:00+00:00,1.06517,1.06517,1.06502,1.06505,0
2023-03-01 20:40:00+00:00,1.06508,1.06508,1.06482,1.06483,0
2023-03-01 20:41:00+00:00,1.06484,1.06515,1.0648,1.06503,0
2023-03-01 20:42:00+00:00,1.06503,1.06503,1.06482,1.06484,0
2023-03-01 20:43:00+00:00,1.06484,1.06487,1.06471,1.06475,0
2023-03-01 20:44:00+00:00,1.06475,1.06479,1.06463,1.06476,0
2023-03-01 20:45:00+00:00,1.06474,1.0648,1.06466,1.0647,0
2023-03-01 20:46:00+00:00,1.06471,1.06506,1.06471,1.06502,0
2023-03-01 20:47:00+00:00,1.06503,1.06506,1.06491,1.065,0
2023-03-01 20:48:00+00:00,1.06502,1.06502,1.06491,1.06494,0
2023-03-01 20:49:00+00:00,1.06495,1.06505,1.06491,1.06501,0
2023-03-01 20:50:00+00:00,1.06502,1.0651,1.06493,1.06505,0
2023-03-01 20:51:00+00:00,1.06506,1.06521,1.06501,1.06517,0
2023-03-01 20:52:00+00:00,1.06517,1.06521,1.06509,1.0651,0
2023-03-01 20:53:00+00:00,1.06509,1.0652,1.06508,1.06518,0
2023-03-01 20:54:00+00:00,1.06517,1.06524,1.06512,1.06512,0
2023-03-01 20:55:00+00:00,1.06512,1.06514,1.06502,1.06506,0
2023-03-01 20:56:00+00:00,1.06507,1.06511,1.06498,1.06511,0
2023-03-01 20:57:00+00:00,1.06511,1.06521,1.06507,1.06521,0
2023-03-01 20:58:00+00:00,1.0652,1.06524,1.06512,1.06516,0
2023-03-01 20:59:00+00:00,1.06517,1.06517,1.06507,1.06513,0
2023-03-01 21:00:00+00:00,1.06513,1.06518,1.06501,1.0651,0
2023-03-01 21:01:00+00:00,1.06508,1.06515,1.06506,1.06515,0
2023-03-01 21:02:00+00:00,1.06515,1.06517,1.06508,1.06511,0
2023-03-01 21:03:00+00:00,1.06512,1.06522,1.06508,1.0652,0
2023-03-01 21:04:00+00:00,1.06521,1.06532,1.06517,1.06532,0
2023-03-01 21:05:00+00:00,1.06536,1.06549,1.06535,1.06543,0
2023-03-01 21:06:00+00:00,1.06543,1.06547,1.06533,1.06536,0
2023-03-01 21:07:00+00:00,1.06537,1.06543,1.06522,1.06522,0
2023-03-01 21:08:00+00:00,1.0652,1.06522,1.06501,1.06505,0
2023-03-01 21:09:00+00:00,1.06506,1.06519,1.06501,1.06506,0
2023-03-01 21:10:00+00:00,1.06506,1.06511,1.06498,1.06505,0
2023-03-01 21:11:00+00:00,1.06506,1.06512,1.06505,1.06508,0
2023-03-01 21:12:00+00:00,1.06506,1.06516,1.06503,1.06515,0
2023-03-01 21:13:00+00:00,1.06514,1.06527,1.06514,1.06527,0
2023-03-01 21:14:00+00:00,1.06527,1.06532,1.06512,1.06515,0
2023-03-01 21:15:00+00:00,1.06516,1.06523,1.0651,1.06522,0
2023-03-01 21:16:00+00:00,1.06523,1.06527,1.06516,1.06521,0
2023-03-01 21:17:00+00:00,1.06521,1.06532,1.06515,1.0653,0
2023-03-01 21:18:00+00:00,1.06531,1.06532,1.06519,1.06522,0
2023-03-01 21:19:00+00:00,1.06521,1.06526,1.0652,1.06526,0
2023-03-01 21:20:00+00:00,1.06525,1.06527,1.06521,1.06526,0
2023-03-01 21:21:00+00:00,1.06525,1.06527,1.0652,1.0652,0
2023-03-01 21:22:00+00:00,1.06521,1.06525,1.06515,1.06523,0
2023-03-01 21:23:00+00:00,1.06524,1.06536,1.06522,1.06531,0
2023-03-01 21:24:00+00:00,1.06534,1.06536,1.06526,1.06526,0
2023-03-01 21:25:00+00:00,1.06525,1.06547,1.06525,1.0654,0
2023-03-01 21:26:00+00:00,1.06541,1.06542,1.0653,1.06536,0
2023-03-01 21:27:00+00:00,1.06536,1.06552,1.06531,1.06552,0
2023-03-01 21:28:00+00:00,1.06552,1.06559,1.06552,1.06556,0
2023-03-01 21:29:00+00:00,1.06557,1.06568,1.06556,1.06567,0
2023-03-01 21:30:00+00:00,1.06568,1.06568,1.0655,1.06557,0
2023-03-01 21:31:00+00:00,1.06557,1.06557,1.06546,1.06551,0
2023-03-01 21:32:00+00:00,1.0655,1.06551,1.0654,1.06541,0
2023-03-01 21:33:00+00:00,1.06542,1.06542,1.06528,1.06536,0
2023-03-01 21:34:00+00:00,1.06536,1.06543,1.06533,1.06542,0
2023-03-01 21:35:00+00:00,1.06542,1.06542,1.06533,1.06534,0
2023-03-01 21:36:00+00:00,1.06535,1.06535,1.06522,1.06531,0
2023-03-01 21:37:00+00:00,1.06532,1.06542,1.06532,1.06542,0
2023-03-01 21:38:00+00:00,1.06542,1.06543,1.06532,1.06535,0
2023-03-01 21:39:00+00:00,1.06534,1.06534,1.06513,1.06513,0
2023-03-01 21:40:00+00:00,1.06512,1.06522,1.06508,1.06522,0
2023-03-01 21:41:00+00:00,1.06523,1.06531,1.06521,1.0653,0
2023-03-01 21:42:00+00:00,1.06531,1.06537,1.06524,1.06525,0
2023-03-01 21:43:00+00:00,1.06525,1.06526,1.06493,1.06502,0
2023-03-01 21:44:00+00:00,1.06502,1.06508,1.06501,1.06502,0
2023-03-01 21:45:00+00:00,1.06502,1.06517,1.06498,1.06506,0
2023-03-01 21:46:00+00:00,1.06506,1.06507,1.06497,1.06498,0
2023-03-01 21:47:00+00:00,1.06498,1.06498,1.06485,1.06486,0
2023-03-01 21:48:00+00:00,1.06486,1.065,1.06486,1.065,0
2023-03-01 21:49:00+00:00,1.065,1.06502,1.06491,1.06494,0
2023-03-01 21:50:00+00:00,1.06495,1.06496,1.06488,1.06495,0
2023-03-01 21:51:00+00:00,1.06495,1.06507,1.06492,1.06501,0
2023-03-01 21:52:00+00:00,1.06501,1.06502,1.06489,1.06491,0
2023-03-01 21:53:00+00:00,1.0649,1.06501,1.06485,1.06499,0
2023-03-01 21:54:00+00:00,1.06498,1.06517,1.06496,1.06512,0
2023-03-01 21:55:00+00:00,1.06516,1.06522,1.06516,1.06518,0
2023-03-01 21:56:00+00:00,1.06519,1.06523,1.06517,1.06522,0
2023-03-01 21:57:00+00:00,1.06525,1.06546,1.06525,1.06546,0
2023-03-01 21:58:00+00:00,1.06546,1.06557,1.06545,1.06551,0
2023-03-01 21:59:00+00:00,1.06551,1.06561,1.06547,1.06556,0
2023-03-01 22:00:00+00:00,1.06557,1.06558,1.06542,1.06543,0
2023-03-01 22:01:00+00:00,1.06544,1.06546,1.06532,1.06533,0
2023-03-01 22:02:00+00:00,1.06535,1.06546,1.06525,1.06546,0
2023-03-01 22:03:00+00:00,1.06546,1.06546,1.06541,1.06544,0
2023-03-01 22:04:00+00:00,1.06542,1.06546,1.06534,1.06534,0
2023-03-01 22:05:00+00:00,1.06536,1.06537,1.06527,1.06527,0
2023-03-01 22:06:00+00:00,1.06528,1.0653,1.0651,1.0651,0
2023-03-01 22:07:00+00:00,1.06511,1.06517,1.0651,1.0651,0
2023-03-01 22:08:00+00:00,1.06511,1.06513,1.0649,1.06491,0
2023-03-01 22:09:00+00:00,1.0649,1.06501,1.0649,1.06496,0
2023-03-01 22:10:00+00:00,1.06496,1.06497,1.06475,1.06482,0
2023-03-01 22:11:00+00:00,1.06482,1.06484,1.06465,1.06465,0
2023-03-01 22:12:00+00:00,1.06465,1.0649,1.06464,1.06488,0
2023-03-01 22:13:00+00:00,1.06487,1.0649,1.06479,1.06485,0
2023-03-01 22:14:00+00:00,1.06485,1.06501,1.06484,1.06499,0
2023-03-01 22:15:00+00:00,1.065,1.06505,1.0649,1.06495,0
2023-03-01 22:16:00+00:00,1.06497,1.06502,1.06495,1.06495,0
2023-03-01 22:17:00+00:00,1.065,1.06501,1.0649,1.065,0
2023-03-01 22:18:00+00:00,1.06499,1.06505,1.06494,1.06505,0
2023-03-01 22:19:00+00:00,1.06506,1.06516,1.065,1.06505,0
2023-03-01 22:20:00+00:00,1.06505,1.0651,1.06499,1.06501,0
2023-03-01 22:21:00+00:00,1.06504,1.06504,1.06491,1.06491,0
2023-03-01 22:22:00+00:00,1.06491,1.06494,1.06489,1.06494,0
2023-03-01 22:23:00+00:00,1.06497,1.06501,1.06493,1.06495,0
2023-03-01 22:24:00+00:00,1.06496,1.06499,1.06489,1.06494,0
2023-03-01 22:25:00+00:00,1.06494,1.065,1.06479,1.06481,0
2023-03-01 22:26:00+00:00,1.06483,1.0649,1.06481,1.06485,0
2023-03-01 22:27:00+00:00,1.06485,1.06496,1.06484,1.06494,0
2023-03-01 22:28:00+00:00,1.06496,1.06496,1.06491,1.06496,0
2023-03-01 22:29:00+00:00,1.06495,1.06501,1.06493,1.06495,0
2023-03-01 22:30:00+00:00,1.06498,1.06499,1.06486,1.06493,0
2023-03-01 22:31:00+00:00,1.06493,1.065,1.06493,1.06496,0
2023-03-01 22:32:00+00:00,1.06495,1.065,1.06495,1.06495,0
2023-03-01 22:33:00+00:00,1.06496,1.06496,1.06493,1.06493,0
2023-03-01 22:34:00+00:00,1.06492,1.06493,1.06482,1.06484,0
2023-03-01 22:35:00+00:00,1.06482,1.06485,1.0646,1.06464,0
2023-03-01 22:36:00+00:00,1.06465,1.06466,1.06448,1.06455,0
2023-03-01 22:37:00+00:00,1.06454,1.06459,1.06444,1.06455,0
2023-03-01 22:38:00+00:00,1.06455,1.06462,1.06453,1.06459,0
2023-03-01 22:39:00+00:00,1.06461,1.0648,1.0646,1.06476,0
2023-03-01 22:40:00+00:00,1.06478,1.06479,1.06461,1.06464,0
2023-03-01 22:41:00+00:00,1.06464,1.0647,1.06464,1.06469,0
2023-03-01 22:42:00+00:00,1.0647,1.06471,1.06465,1.0647,0
2023-03-01 22:43:00+00:00,1.06471,1.06472,1.0646,1.0647,0
2023-03-01 22:44:00+00:00,1.06471,1.06475,1.0647,1.06472,0
2023-03-01 22:45:00+00:00,1.06473,1.06473,1.06449,1.0645,0
2023-03-01 22:46:00+00:00,1.06454,1.06459,1.06454,1.06455,0
2023-03-01 22:47:00+00:00,1.06455,1.0646,1.06453,1.06454,0
2023-03-01 22:48:00+00:00,1.06454,1.06457,1.06453,1.06454,0
2023-03-01 22:49:00+00:00,1.06454,1.06455,1.06449,1.0645,0
2023-03-01 22:50:00+00:00,1.06452,1.06461,1.0645,1.06458,0
2023-03-01 22:51:00+00:00,1.06458,1.06465,1.06458,1.06461,0
2023-03-01 22:52:00+00:00,1.06462,1.06467,1.0646,1.06466,0
2023-03-01 22:53:00+00:00,1.06466,1.06466,1.06461,1.06463,0
2023-03-01 22:54:00+00:00,1.06463,1.0647,1.06462,1.06466,0
2023-03-01 22:55:00+00:00,1.06468,1.06469,1.06461,1.06465,0
2023-03-01 22:56:00+00:00,1.06465,1.06465,1.06456,1.06456,0
2023-03-01 22:57:00+00:00,1.06456,1.0646,1.06456,1.06456,0
2023-03-01 22:58:00+00:00,1.06459,1.06461,1.06455,1.06456,0
2023-03-01 22:59:00+00:00,1.06456,1.0646,1.06455,1.06456,0
2023-03-01 23:00:00+00:00,1.06456,1.06462,1.06456,1.06461,0
2023-03-01 23:01:00+00:00,1.0646,1.06461,1.06457,1.06459,0
2023-03-01 23:02:00+00:00,1.06461,1.06464,1.06457,1.06457,0
2023-03-01 23:03:00+00:00,1.06457,1.06457,1.06455,1.06455,0
2023-03-01 23:04:00+00:00,1.06456,1.06464,1.06456,1.06456,0
2023-03-01 23:05:00+00:00,1.06459,1.0646,1.06453,1.06456,0
2023-03-01 23:06:00+00:00,1.06457,1.06461,1.06456,1.06456,0
2023-03-01 23:07:00+00:00,1.06456,1.06477,1.06456,1.06476,0
2023-03-01 23:08:00+00:00,1.06476,1.06487,1.06475,1.06485,0
2023-03-01 23:09:00+00:00,1.06485,1.06488,1.06485,1.06486,0
2023-03-01 23:10:00+00:00,1.06487,1.06487,1.0648,1.0648,0
2023-03-01 23:11:00+00:00,1.0648,1.06487,1.0648,1.06485,0
2023-03-01 23:12:00+00:00,1.06488,1.06488,1.06486,1.06486,0
2023-03-01 23:13:00+00:00,1.06486,1.06487,1.06481,1.06484,0
2023-03-01 23:14:00+00:00,1.06483,1.06487,1.06482,1.06485,0
2023-03-01 23:15:00+00:00,1.06485,1.06492,1.06485,1.06485,0
2023-03-01 23:16:00+00:00,1.06486,1.06486,1.06475,1.06479,0
2023-03-01 23:17:00+00:00,1.0648,1.06482,1.06475,1.06481,0
2023-03-01 23:18:00+00:00,1.06482,1.06486,1.0648,1.06485,0
2023-03-01 23:19:00+00:00,1.06485,1.06496,1.06485,1.06496,0
2023-03-01 23:20:00+00:00,1.06496,1.06497,1.06485,1.06485,0
2023-03-01 23:21:00+00:00,1.06485,1.06491,1.06482,1.06488,0
2023-03-01 23:22:00+00:00,1.06487,1.06487,1.06481,1.06486,0
2023-03-01 23:23:00+00:00,1.06487,1.06491,1.06483,1.06489,0
2023-03-01 23:24:00+00:00,1.06489,1.0649,1.0648,1.0648,0
2023-03-01 23:25:00+00:00,1.06481,1.06488,1.06479,1.06486,0
2023-03-01 23:26:00+00:00,1.06487,1.06493,1.06487,1.06487,0
2023-03-01 23:27:00+00:00,1.06487,1.06489,1.06482,1.06484,0
2023-03-01 23:28:00+00:00,1.06485,1.06487,1.06484,1.06486,0
2023-03-01 23:29:00+00:00,1.06485,1.06486,1.06482,1.06482,0
2023-03-01 23:30:00+00:00,1.06482,1.06486,1.06477,1.06478,0
2023-03-01 23:31:00+00:00,1.06478,1.06482,1.06468,1.06472,0
2023-03-01 23:32:00+00:00,1.06474,1.06476,1.06471,1.06472,0
2023-03-01 23:33:00+00:00,1.06474,1.06481,1.06474,1.06481,0
2023-03-01 23:34:00+00:00,1.06481,1.06488,1.06481,1.06483,0
2023-03-01 23:35:00+00:00,1.06484,1.06488,1.06481,1.06482,0
2023-03-01 23:36:00+00:00,1.06484,1.06492,1.06484,1.0649,0
2023-03-01 23:37:00+00:00,1.06491,1.06495,1.0648,1.06483,0
2023-03-01 23:38:00+00:00,1.06483,1.06489,1.06483,1.06487,0
2023-03-01 23:39:00+00:00,1.06487,1.06487,1.06476,1.06476,0
2023-03-01 23:40:00+00:00,1.06475,1.0648,1.06466,1.06467,0
2023-03-01 23:41:00+00:00,1.06468,1.06477,1.06467,1.06472,0
2023-03-01 23:42:00+00:00,1.06474,1.06475,1.06472,1.06475,0
2023-03-01 23:43:00+00:00,1.06474,1.06476,1.06473,1.06475,0
2023-03-01 23:44:00+00:00,1.06476,1.06481,1.06476,1.06479,0
2023-03-01 23:45:00+00:00,1.0648,1.06487,1.06479,1.06487,0
2023-03-01 23:46:00+00:00,1.06486,1.06496,1.06486,1.06496,0
2023-03-01 23:47:00+00:00,1.06495,1.06495,1.06483,1.06491,0
2023-03-01 23:48:00+00:00,1.06491,1.06492,1.06489,1.06491,0
2023-03-01 23:49:00+00:00,1.06492,1.06492,1.06491,1.06491,0
2023-03-01 23:50:00+00:00,1.06492,1.06495,1.06486,1.06492,0
2023-03-01 23:51:00+00:00,1.06492,1.06493,1.06488,1.06489,0
2023-03-01 23:52:00+00:00,1.06488,1.06488,1.06481,1.06481,0
2023-03-01 23:53:00+00:00,1.0648,1.0649,1.06479,1.06485,0
2023-03-01 23:54:00+00:00,1.06489,1.06491,1.06489,1.0649,0
2023-03-01 23:55:00+00:00,1.06489,1.065,1.06489,1.06495,0
2023-03-01 23:56:00+00:00,1.06494,1.06505,1.06493,1.06505,0
2023-03-01 23:57:00+00:00,1.06507,1.06507,1.06499,1.06501,0
2023-03-01 23:58:00+00:00,1.06502,1.06504,1.06485,1.06488,0
2023-03-01 23:59:00+00:00,1.06487,1.06488,1.06476,1.06479,0
2023-03-02 00:00:00+00:00,1.06478,1.06485,1.06477,1.06477,0
2023-03-02 00:01:00+00:00,1.06477,1.06481,1.06472,1.06474,0
2023-03-02 00:02:00+00:00,1.06474,1.06482,1.06473,1.06475,0
2023-03-02 00:03:00+00:00,1.06474,1.0648,1.06472,1.06474,0
2023-03-02 00:04:00+00:00,1.06473,1.06475,1.0647,1.0647,0
2023-03-02 00:05:00+00:00,1.06471,1.06471,1.0647,1.0647,0
2023-03-02 00:06:00+00:00,1.0647,1.06471,1.06453,1.06455,0
2023-03-02 00:07:00+00:00,1.06457,1.06462,1.06454,1.06461,0
2023-03-02 00:08:00+00:00,1.06462,1.06475,1.06461,1.06475,0
2023-03-02 00:09:00+00:00,1.06476,1.06476,1.06473,1.06475,0
2023-03-02 00:10:00+00:00,1.06475,1.06481,1.06475,1.06476,0
2023-03-02 00:11:00+00:00,1.06474,1.06474,1.06469,1.06471,0
2023-03-02 00:12:00+00:00,1.06471,1.06476,1.0647,1.06471,0
2023-03-02 00:13:00+00:00,1.06471,1.06471,1.06467,1.06468,0
2023-03-02 00:14:00+00:00,1.06469,1.06469,1.06451,1.06452,0
2023-03-02 00:15:00+00:00,1.06454,1.06463,1.06454,1.06457,0
2023-03-02 00:16:00+00:00,1.06457,1.06457,1.06451,1.06454,0
2023-03-02 00:17:00+00:00,1.06453,1.06461,1.06453,1.06461,0
2023-03-02 00:18:00+00:00,1.0646,1.06461,1.06457,1.0646,0
2023-03-02 00:19:00+00:00,1.06459,1.06465,1.06451,1.06451,0
2023-03-02 00:20:00+00:00,1.06454,1.0646,1.06454,1.06456,0
2023-03-02 00:21:00+00:00,1.06457,1.06462,1.06456,1.06462,0
2023-03-02 00:22:00+00:00,1.06461,1.06462,1.06458,1.06458,0
2023-03-02 00:23:00+00:00,1.06457,1.06458,1.06453,1.06457,0
2023-03-02 00:24:00+00:00,1.06456,1.06456,1.06447,1.0645,0
2023-03-02 00:25:00+00:00,1.06449,1.0645,1.06449,1.06449,0
2023-03-02 00:26:00+00:00,1.06443,1.06445,1.06428,1.0643,0
2023-03-02 00:27:00+00:00,1.06431,1.06443,1.06428,1.06442,0
2023-03-02 00:28:00+00:00,1.06441,1.06447,1.06439,1.06444,0
2023-03-02 00:29:00+00:00,1.06444,1.06444,1.0643,1.06432,0
2023-03-02 00:30:00+00:00,1.06431,1.06435,1.06425,1.0643,0
2023-03-02 00:31:00+00:00,1.0643,1.06442,1.0643,1.06438,0
2023-03-02 00:32:00+00:00,1.06438,1.06444,1.06433,1.06442,0
2023-03-02 00:33:00+00:00,1.06441,1.06448,1.06441,1.06447,0
2023-03-02 00:34:00+00:00,1.06446,1.0645,1.06444,1.06447,0
2023-03-02 00:35:00+00:00,1.06448,1.06448,1.06428,1.06428,0
2023-03-02 00:36:00+00:00,1.06428,1.06433,1.06427,1.06427,0
2023-03-02 00:37:00+00:00,1.06427,1.06428,1.06412,1.06412,0
2023-03-02 00:38:00+00:00,1.06412,1.06412,1.06403,1.06406,0
2023-03-02 00:39:00+00:00,1.06407,1.06408,1.06398,1.064,0
2023-03-02 00:40:00+00:00,1.06399,1.06423,1.06398,1.06421,0
2023-03-02 00:41:00+00:00,1.06422,1.06422,1.0641,1.06413,0
2023-03-02 00:42:00+00:00,1.06412,1.06413,1.06406,1.06412,0
2023-03-02 00:43:00+00:00,1.06413,1.06419,1.06412,1.06418,0
2023-03-02 00:44:00+00:00,1.06417,1.06418,1.0641,1.06411,0
2023-03-02 00:45:00+00:00,1.06412,1.06412,1.064,1.06401,0
2023-03-02 00:46:00+00:00,1.06402,1.06407,1.06401,1.06403,0
2023-03-02 00:47:00+00:00,1.06404,1.06407,1.06401,1.06407,0
2023-03-02 00:48:00+00:00,1.06407,1.06408,1.06401,1.06402,0
2023-03-02 00:49:00+00:00,1.06403,1.06403,1.06381,1.06384,0
2023-03-02 00:50:00+00:00,1.06384,1.06396,1.0638,1.06395,0
2023-03-02 00:51:00+00:00,1.06396,1.06401,1.0638,1.06382,0
2023-03-02 00:52:00+00:00,1.0638,1.06383,1.06371,1.06382,0
2023-03-02 00:53:00+00:00,1.06381,1.06387,1.06371,1.06385,0
2023-03-02 00:54:00+00:00,1.06385,1.06387,1.06383,1.06386,0
2023-03-02 00:55:00+00:00,1.06387,1.06411,1.06387,1.06407,0
2023-03-02 00:56:00+00:00,1.06407,1.06409,1.06387,1.06392,0
2023-03-02 00:57:00+00:00,1.06393,1.06398,1.06387,1.06396,0
2023-03-02 00:58:00+00:00,1.06398,1.06407,1.06387,1.06402,0
2023-03-02 00:59:00+00:00,1.06402,1.0641,1.06402,1.0641,0
2023-03-02 01:00:00+00:00,1.06411,1.06418,1.06392,1.06397,0
2023-03-02 01:01:00+00:00,1.06397,1.06408,1.06396,1.06404,0
2023-03-02 01:02:00+00:00,1.06403,1.06403,1.06394,1.06396,0
2023-03-02 01:03:00+00:00,1.06395,1.06395,1.06379,1.06381,0
2023-03-02 01:04:00+00:00,1.06383,1.06392,1.06381,1.06382,0
2023-03-02 01:05:00+00:00,1.06382,1.06391,1.06382,1.06387,0
2023-03-02 01:06:00+00:00,1.06386,1.06387,1.06368,1.06372,0
2023-03-02 01:07:00+00:00,1.06373,1.06373,1.06363,1.06364,0
2023-03-02 01:08:00+00:00,1.06369,1.06374,1.06367,1.06367,0
2023-03-02 01:09:00+00:00,1.06367,1.06368,1.06356,1.06357,0
2023-03-02 01:10:00+00:00,1.06356,1.06371,1.06354,1.06367,0
2023-03-02 01:11:00+00:00,1.06367,1.06368,1.06364,1.06366,0
2023-03-02 01:12:00+00:00,1.06368,1.06369,1.0636,1.06361,0
2023-03-02 01:13:00+00:00,1.0636,1.06361,1.06353,1.06354,0
2023-03-02 01:14:00+00:00,1.06356,1.06358,1.06352,1.06352,0
2023-03-02 01:15:00+00:00,1.06353,1.06356,1.06352,1.06356,0
2023-03-02 01:16:00+00:00,1.06359,1.06367,1.06358,1.06366,0
2023-03-02 01:17:00+00:00,1.06365,1.06382,1.06365,1.06381,0
2023-03-02 01:18:00+00:00,1.06383,1.06393,1.06383,1.06391,0
2023-03-02 01:19:00+00:00,1.06391,1.06396,1.06381,1.06393,0
2023-03-02 01:20:00+00:00,1.06394,1.06397,1.06381,1.06383,0
2023-03-02 01:21:00+00:00,1.06381,1.06386,1.06371,1.06382,0
2023-03-02 01:22:00+00:00,1.06381,1.06381,1.06366,1.06366,0
2023-03-02 01:23:00+00:00,1.06366,1.0638,1.06366,1.06366,0
2023-03-02 01:24:00+00:00,1.06365,1.06376,1.06365,1.06376,0
2023-03-02 01:25:00+00:00,1.06373,1.0638,1.06368,1.06377,0
2023-03-02 01:26:00+00:00,1.06377,1.06387,1.06377,1.06386,0
2023-03-02 01:27:00+00:00,1.06386,1.06402,1.06386,1.06397,0
2023-03-02 01:28:00+00:00,1.06398,1.06405,1.06392,1.06392,0
2023-03-02 01:29:00+00:00,1.06392,1.06393,1.06381,1.06391,0
2023-03-02 01:30:00+00:00,1.06389,1.06401,1.06385,1.06396,0
2023-03-02 01:31:00+00:00,1.06399,1.064,1.06391,1.06393,0
2023-03-02 01:32:00+00:00,1.06394,1.06394,1.06386,1.06392,0
2023-03-02 01:33:00+00:00,1.06392,1.06399,1.06391,1.06395,0
2023-03-02 01:34:00+00:00,1.06396,1.06406,1.06393,1.06403,0
2023-03-02 01:35:00+00:00,1.06403,1.06406,1.06397,1.06402,0
2023-03-02 01:36:00+00:00,1.06403,1.06408,1.06401,1.06402,0
2023-03-02 01:37:00+00:00,1.06402,1.06402,1.0639,1.06391,0
2023-03-02 01:38:00+00:00,1.06394,1.064,1.0639,1.064,0
2023-03-02 01:39:00+00:00,1.06405,1.06409,1.06398,1.06403,0
2023-03-02 01:40:00+00:00,1.06401,1.06417,1.06401,1.06417,0
2023-03-02 01:41:00+00:00,1.06417,1.06429,1.06414,1.06427,0
2023-03-02 01:42:00+00:00,1.06426,1.06427,1.06421,1.06426,0
2023-03-02 01:43:00+00:00,1.06425,1.06435,1.06425,1.06428,0
2023-03-02 01:44:00+00:00,1.06427,1.06431,1.06423,1.06423,0
2023-03-02 01:45:00+00:00,1.06423,1.06432,1.06422,1.06432,0
2023-03-02 01:46:00+00:00,1.06432,1.06432,1.06412,1.06417,0
2023-03-02 01:47:00+00:00,1.06419,1.06422,1.0641,1.06413,0
2023-03-02 01:48:00+00:00,1.06412,1.06413,1.064,1.06406,0
2023-03-02 01:49:00+00:00,1.06406,1.06407,1.06392,1.06394,0
2023-03-02 01:50:00+00:00,1.06394,1.06396,1.06381,1.06384,0
2023-03-02 01:51:00+00:00,1.06387,1.0639,1.06379,1.06379,0
2023-03-02 01:52:00+00:00,1.06379,1.06379,1.06369,1.06372,0
2023-03-02 01:53:00+00:00,1.0637,1.06407,1.06369,1.0639,0
2023-03-02 01:54:00+00:00,1.06389,1.06405,1.06386,1.06397,0
2023-03-02 01:55:00+00:00,1.06399,1.06412,1.06398,1.06412,0
2023-03-02 01:56:00+00:00,1.06412,1.06416,1.06405,1.06405,0
2023-03-02 01:57:00+00:00,1.06406,1.06407,1.06385,1.0639,0
2023-03-02 01:58:00+00:00,1.06391,1.06392,1.0638,1.06391,0
2023-03-02 01:59:00+00:00,1.06392,1.06403,1.06385,1.06391,0
2023-03-02 02:00:00+00:00,1.06393,1.06404,1.06381,1.06401,0
2023-03-02 02:01:00+00:00,1.06403,1.06421,1.06396,1.06415,0
2023-03-02 02:02:00+00:00,1.06414,1.06435,1.06409,1.0643,0
2023-03-02 02:03:00+00:00,1.06429,1.0643,1.0641,1.06417,0
2023-03-02 02:04:00+00:00,1.06417,1.06417,1.06405,1.06405,0
2023-03-02 02:05:00+00:00,1.06405,1.0642,1.06405,1.06419,0
2023-03-02 02:06:00+00:00,1.06419,1.06426,1.06418,1.06426,0
2023-03-02 02:07:00+00:00,1.06427,1.06445,1.06422,1.06425,0
2023-03-02 02:08:00+00:00,1.06425,1.06447,1.06425,1.0644,0
2023-03-02 02:09:00+00:00,1.06439,1.06445,1.06432,1.06439,0
2023-03-02 02:10:00+00:00,1.06439,1.06442,1.06431,1.06431,0
2023-03-02 02:11:00+00:00,1.0643,1.06431,1.06416,1.06423,0
2023-03-02 02:12:00+00:00,1.06423,1.06435,1.06412,1.06414,0
2023-03-02 02:13:00+00:00,1.06413,1.06417,1.06399,1.06402,0
2023-03-02 02:14:00+00:00,1.06403,1.06406,1.06377,1.06384,0
2023-03-02 02:15:00+00:00,1.06385,1.06396,1.06363,1.06375,0
2023-03-02 02:16:00+00:00,1.06375,1.06385,1.06367,1.06367,0
2023-03-02 02:17:00+00:00,1.06366,1.06371,1.06354,1.0636,0
2023-03-02 02:18:00+00:00,1.06361,1.06373,1.06361,1.06373,0
2023-03-02 02:19:00+00:00,1.06374,1.06385,1.06372,1.06382,0
2023-03-02 02:20:00+00:00,1.06381,1.06391,1.06374,1.0639,0
2023-03-02 02:21:00+00:00,1.06389,1.06395,1.06385,1.06391,0
2023-03-02 02:22:00+00:00,1.0639,1.06395,1.06379,1.0639,0
2023-03-02 02:23:00+00:00,1.0639,1.06392,1.06369,1.06373,0
2023-03-02 02:24:00+00:00,1.06374,1.06378,1.06362,1.06365,0
2023-03-02 02:25:00+00:00,1.06366,1.06371,1.06355,1.06355,0
2023-03-02 02:26:00+00:00,1.06358,1.06366,1.06324,1.0633,0
2023-03-02 02:27:00+00:00,1.0633,1.06355,1.06328,1.06354,0
2023-03-02 02:28:00+00:00,1.06356,1.06356,1.06335,1.06337,0
2023-03-02 02:29:00+00:00,1.06338,1.06366,1.0633,1.06366,0
2023-03-02 02:30:00+00:00,1.06367,1.0639,1.06362,1.0639,0
2023-03-02 02:31:00+00:00,1.06389,1.06402,1.06383,1.06388,0
2023-03-02 02:32:00+00:00,1.06387,1.06394,1.0638,1.0639,0
2023-03-02 02:33:00+00:00,1.0639,1.06395,1.06366,1.06374,0
2023-03-02 02:34:00+00:00,1.06373,1.06384,1.06364,1.06369,0
2023-03-02 02:35:00+00:00,1.06368,1.06369,1.0635,1.06359,0
2023-03-02 02:36:00+00:00,1.0636,1.06369,1.06355,1.06366,0
2023-03-02 02:37:00+00:00,1.06368,1.06376,1.06362,1.06365,0
2023-03-02 02:38:00+00:00,1.06363,1.06363,1.06345,1.06354,0
2023-03-02 02:39:00+00:00,1.06357,1.06374,1.06357,1.0637,0
2023-03-02 02:40:00+00:00,1.06369,1.06369,1.06354,1.06354,0
2023-03-02 02:41:00+00:00,1.06355,1.0636,1.0635,1.06355,0
2023-03-02 02:42:00+00:00,1.06354,1.06354,1.06329,1.06329,0
2023-03-02 02:43:00+00:00,1.06329,1.06329,1.06321,1.06329,0
2023-03-02 02:44:00+00:00,1.06329,1.0634,1.06323,1.06335,0
2023-03-02 02:45:00+00:00,1.06338,1.06353,1.06338,1.0634,0
2023-03-02 02:46:00+00:00,1.0634,1.06341,1.06326,1.06337,0
2023-03-02 02:47:00+00:00,1.06337,1.06342,1.06325,1.06336,0
2023-03-02 02:48:00+00:00,1.06337,1.06374,1.06336,1.06372,0
2023-03-02 02:49:00+00:00,1.06373,1.06391,1.06373,1.06386,0
2023-03-02 02:50:00+00:00,1.06385,1.06396,1.06379,1.06396,0
2023-03-02 02:51:00+00:00,1.06395,1.06403,1.0639,1.06391,0
2023-03-02 02:52:00+00:00,1.0639,1.0639,1.0637,1.06385,0
2023-03-02 02:53:00+00:00,1.06385,1.06403,1.06382,1.06402,0
2023-03-02 02:54:00+00:00,1.06401,1.0641,1.06397,1.06404,0
2023-03-02 02:55:00+00:00,1.06404,1.06404,1.0639,1.06398,0
2023-03-02 02:56:00+00:00,1.06397,1.06397,1.06382,1.06386,0
2023-03-02 02:57:00+00:00,1.06385,1.06393,1.06385,1.06389,0
2023-03-02 02:58:00+00:00,1.06389,1.06392,1.06373,1.06373,0
2023-03-02 02:59:00+00:00,1.06373,1.06373,1.0635,1.06361,0
2023-03-02 03:00:00+00:00,1.06362,1.06372,1.06324,1.06325,0
2023-03-02 03:01:00+00:00,1.06326,1.06366,1.06309,1.06361,0
2023-03-02 03:02:00+00:00,1.06361,1.06367,1.06326,1.06326,0
2023-03-02 03:03:00+00:00,1.06327,1.06357,1.06325,1.06333,0
2023-03-02 03:04:00+00:00,1.06332,1.0634,1.0631,1.0632,0
2023-03-02 03:05:00+00:00,1.06319,1.06326,1.06301,1.06301,0
2023-03-02 03:06:00+00:00,1.06301,1.06301,1.06285,1.06294,0
2023-03-02 03:07:00+00:00,1.06294,1.06307,1.06293,1.063,0
2023-03-02 03:08:00+00:00,1.06299,1.063,1.06285,1.06285,0
2023-03-02 03:09:00+00:00,1.06286,1.06288,1.06275,1.06275,0
2023-03-02 03:10:00+00:00,1.06276,1.06308,1.06259,1.06307,0
2023-03-02 03:11:00+00:00,1.06307,1.06325,1.06301,1.06311,0
2023-03-02 03:12:00+00:00,1.06315,1.06316,1.06304,1.06316,0
2023-03-02 03:13:00+00:00,1.06317,1.06322,1.0628,1.0628,0
2023-03-02 03:14:00+00:00,1.06282,1.06291,1.06274,1.0628,0
2023-03-02 03:15:00+00:00,1.06281,1.06288,1.06276,1.06286,0
2023-03-02 03:16:00+00:00,1.06288,1.06312,1.06288,1.06301,0
2023-03-02 03:17:00+00:00,1.06301,1.06312,1.0629,1.06296,0
2023-03-02 03:18:00+00:00,1.06298,1.06307,1.0629,1.06301,0
2023-03-02 03:19:00+00:00,1.06301,1.06312,1.06299,1.06301,0
2023-03-02 03:20:00+00:00,1.06301,1.06313,1.06286,1.06295,0
2023-03-02 03:21:00+00:00,1.06295,1.06303,1.06287,1.06297,0
2023-03-02 03:22:00+00:00,1.06297,1.06313,1.06295,1.06307,0
2023-03-02 03:23:00+00:00,1.06307,1.06335,1.06307,1.06323,0
2023-03-02 03:24:00+00:00,1.06322,1.06331,1.06322,1.06327,0
2023-03-02 03:25:00+00:00,1.0633,1.06347,1.0633,1.06338,0
2023-03-02 03:26:00+00:00,1.06337,1.06337,1.06318,1.0632,0
2023-03-02 03:27:00+00:00,1.0632,1.06326,1.0631,1.06317,0
2023-03-02 03:28:00+00:00,1.06316,1.06318,1.06305,1.06306,0
2023-03-02 03:29:00+00:00,1.06306,1.06308,1.06288,1.06288,0
2023-03-02 03:30:00+00:00,1.06287,1.06317,1.06287,1.06312,0
2023-03-02 03:31:00+00:00,1.06312,1.06325,1.06302,1.06318,0
2023-03-02 03:32:00+00:00,1.06319,1.06332,1.06315,1.06315,0
2023-03-02 03:33:00+00:00,1.06317,1.06327,1.06306,1.06326,0
2023-03-02 03:34:00+00:00,1.06325,1.0634,1.06322,1.06331,0
2023-03-02 03:35:00+00:00,1.06333,1.06333,1.06308,1.0631,0
2023-03-02 03:36:00+00:00,1.0631,1.06322,1.0631,1.06319,0
2023-03-02 03:37:00+00:00,1.0632,1.0632,1.06303,1.06318,0
2023-03-02 03:38:00+00:00,1.06318,1.06318,1.06306,1.06312,0
2023-03-02 03:39:00+00:00,1.06312,1.06314,1.06304,1.06307,0
2023-03-02 03:40:00+00:00,1.06306,1.06313,1.06264,1.06303,0
2023-03-02 03:41:00+00:00,1.06303,1.06354,1.06291,1.06347,0
2023-03-02 03:42:00+00:00,1.06349,1.06354,1.06337,1.06342,0
2023-03-02 03:43:00+00:00,1.06343,1.06349,1.06327,1.06342,0
2023-03-02 03:44:00+00:00,1.06343,1.06353,1.06326,1.06353,0
2023-03-02 03:45:00+00:00,1.06354,1.0636,1.06337,1.06358,0
2023-03-02 03:46:00+00:00,1.06358,1.06358,1.06327,1.06336,0
2023-03-02 03:47:00+00:00,1.06336,1.06353,1.06327,1.06342,0
2023-03-02 03:48:00+00:00,1.06343,1.06358,1.06335,1.06353,0
2023-03-02 03:49:00+00:00,1.06353,1.0636,1.06346,1.06353,0
2023-03-02 03:50:00+00:00,1.06354,1.06363,1.06352,1.06354,0
2023-03-02 03:51:00+00:00,1.06355,1.06367,1.06349,1.06357,0
2023-03-02 03:52:00+00:00,1.06356,1.06356,1.06336,1.06346,0
2023-03-02 03:53:00+00:00,1.0635,1.06362,1.06345,1.06362,0
2023-03-02 03:54:00+00:00,1.06362,1.06382,1.06359,1.06375,0
2023-03-02 03:55:00+00:00,1.06376,1.06388,1.06358,1.0636,0
2023-03-02 03:56:00+00:00,1.0636,1.06374,1.06355,1.06373,0
2023-03-02 03:57:00+00:00,1.0637,1.06372,1.06357,1.06365,0
2023-03-02 03:58:00+00:00,1.06364,1.06374,1.0636,1.06365,0
2023-03-02 03:59:00+00:00,1.06365,1.06388,1.06365,1.06383,0
2023-03-02 04:00:00+00:00,1.06382,1.06397,1.06366,1.06373,0
2023-03-02 04:01:00+00:00,1.06372,1.06378,1.06357,1.0636,0
2023-03-02 04:02:00+00:00,1.06361,1.06374,1.06358,1.06364,0
2023-03-02 04:03:00+00:00,1.06363,1.06367,1.06353,1.06367,0
2023-03-02 04:04:00+00:00,1.06369,1.06398,1.06369,1.06373,0
2023-03-02 04:05:00+00:00,1.06372,1.06373,1.06353,1.06355,0
2023-03-02 04:06:00+00:00,1.06354,1.06369,1.06353,1.06362,0
2023-03-02 04:07:00+00:00,1.06362,1.06374,1.06353,1.06366,0
2023-03-02 04:08:00+00:00,1.06366,1.06398,1.06366,1.06397,0
2023-03-02 04:09:00+00:00,1.06398,1.06418,1.06385,1.06398,0
2023-03-02 04:10:00+00:00,1.06399,1.06411,1.06394,1.06397,0
2023-03-02 04:11:00+00:00,1.06397,1.06403,1.06369,1.06377,0
2023-03-02 04:12:00+00:00,1.06378,1.06387,1.06375,1.06379,0
2023-03-02 04:13:00+00:00,1.06379,1.06395,1.06377,1.06393,0
2023-03-02 04:14:00+00:00,1.06392,1.06404,1.06378,1.06403,0
2023-03-02 04:15:00+00:00,1.06404,1.06429,1.06401,1.06402,0
2023-03-02 04:16:00+00:00,1.06403,1.06408,1.0639,1.06402,0
2023-03-02 04:17:00+00:00,1.06403,1.06405,1.06396,1.06401,0
2023-03-02 04:18:00+00:00,1.06399,1.06399,1.06382,1.06391,0
2023-03-02 04:19:00+00:00,1.06393,1.06396,1.06383,1.06387,0
2023-03-02 04:20:00+00:00,1.06387,1.06394,1.06371,1.06371,0
2023-03-02 04:21:00+00:00,1.06372,1.06377,1.06348,1.0635,0
2023-03-02 04:22:00+00:00,1.0635,1.06354,1.06324,1.06326,0
2023-03-02 04:23:00+00:00,1.06326,1.06327,1.06313,1.06317,0
2023-03-02 04:24:00+00:00,1.06316,1.06316,1.06293,1.06294,0
2023-03-02 04:25:00+00:00,1.06293,1.06298,1.06274,1.06283,0
2023-03-02 04:26:00+00:00,1.06283,1.06296,1.06283,1.06296,0
2023-03-02 04:27:00+00:00,1.06294,1.06297,1.06285,1.06289,0
2023-03-02 04:28:00+00:00,1.06289,1.06317,1.06286,1.06301,0
2023-03-02 04:29:00+00:00,1.06302,1.06314,1.06297,1.06302,0
2023-03-02 04:30:00+00:00,1.06303,1.0631,1.06297,1.06305,0
2023-03-02 04:31:00+00:00,1.06306,1.06316,1.06305,1.06315,0
2023-03-02 04:32:00+00:00,1.06315,1.06346,1.06309,1.06335,0
2023-03-02 04:33:00+00:00,1.06336,1.06338,1.06322,1.06323,0
2023-03-02 04:34:00+00:00,1.06322,1.06337,1.06317,1.06317,0
2023-03-02 04:35:00+00:00,1.06316,1.06322,1.06309,1.0631,0
2023-03-02 04:36:00+00:00,1.0631,1.06315,1.06298,1.06308,0
2023-03-02 04:37:00+00:00,1.06307,1.06307,1.06298,1.06305,0
2023-03-02 04:38:00+00:00,1.06305,1.06307,1.06298,1.06305,0
2023-03-02 04:39:00+00:00,1.06306,1.06306,1.0628,1.0628,0
2023-03-02 04:40:00+00:00,1.06281,1.06304,1.06267,1.06278,0
2023-03-02 04:41:00+00:00,1.06279,1.06284,1.06263,1.06274,0
2023-03-02 04:42:00+00:00,1.06275,1.06278,1.06263,1.06264,0
2023-03-02 04:43:00+00:00,1.06264,1.06276,1.06257,1.06268,0
2023-03-02 04:44:00+00:00,1.06268,1.0628,1.06267,1.06276,0
2023-03-02 04:45:00+00:00,1.06277,1.06289,1.06268,1.06276,0
2023-03-02 04:46:00+00:00,1.06278,1.06287,1.06272,1.06276,0
2023-03-02 04:47:00+00:00,1.06277,1.06283,1.06271,1.06277,0
2023-03-02 04:48:00+00:00,1.06276,1.06282,1.06272,1.06282,0
2023-03-02 04:49:00+00:00,1.06283,1.06298,1.06282,1.06297,0
2023-03-02 04:50:00+00:00,1.06297,1.06302,1.06288,1.06292,0
2023-03-02 04:51:00+00:00,1.06292,1.06298,1.06262,1.06271,0
2023-03-02 04:52:00+00:00,1.06272,1.06289,1.06267,1.06279,0
2023-03-02 04:53:00+00:00,1.06279,1.06281,1.06268,1.06279,0
2023-03-02 04:54:00+00:00,1.06281,1.06282,1.0627,1.0627,0
2023-03-02 04:55:00+00:00,1.0627,1.0627,1.06223,1.06223,0
2023-03-02 04:56:00+00:00,1.06224,1.06224,1.06202,1.06206,0
2023-03-02 04:57:00+00:00,1.06205,1.06216,1.0619,1.06191,0
2023-03-02 04:58:00+00:00,1.06193,1.06206,1.0619,1.06205,0
2023-03-02 04:59:00+00:00,1.06205,1.06241,1.06205,1.0624,0
2023-03-02 05:00:00+00:00,1.06239,1.06316,1.06234,1.06257,0
2023-03-02 05:01:00+00:00,1.0626,1.06264,1.06227,1.06237,0
2023-03-02 05:02:00+00:00,1.06238,1.06244,1.0619,1.06242,0
2023-03-02 05:03:00+00:00,1.06244,1.06248,1.06218,1.06241,0
2023-03-02 05:04:00+00:00,1.06241,1.06267,1.06235,1.06252,0
2023-03-02 05:05:00+00:00,1.06252,1.06274,1.06246,1.06258,0
2023-03-02 05:06:00+00:00,1.06258,1.06258,1.06228,1.06238,0
2023-03-02 05:07:00+00:00,1.06239,1.06249,1.06193,1.06225,0
2023-03-02 05:08:00+00:00,1.06227,1.06231,1.06208,1.06227,0
2023-03-02 05:09:00+00:00,1.06225,1.06236,1.06225,1.06229,0
2023-03-02 05:10:00+00:00,1.06228,1.06228,1.06199,1.06204,0
2023-03-02 05:11:00+00:00,1.06204,1.06236,1.06203,1.0623,0
2023-03-02 05:12:00+00:00,1.06233,1.0625,1.06233,1.06244,0
2023-03-02 05:13:00+00:00,1.06243,1.06257,1.06235,1.06256,0
2023-03-02 05:14:00+00:00,1.06256,1.06269,1.06249,1.06251,0
2023-03-02 05:15:00+00:00,1.06249,1.06251,1.06234,1.06249,0
2023-03-02 05:16:00+00:00,1.06249,1.06266,1.06247,1.06253,0
2023-03-02 05:17:00+00:00,1.06254,1.06259,1.06233,1.06236,0
2023-03-02 05:18:00+00:00,1.06238,1.06238,1.06218,1.06224,0
2023-03-02 05:19:00+00:00,1.06223,1.0623,1.06199,1.06203,0
2023-03-02 05:20:00+00:00,1.06202,1.06229,1.0619,1.06208,0
2023-03-02 05:21:00+00:00,1.0621,1.06214,1.06193,1.06208,0
2023-03-02 05:22:00+00:00,1.06209,1.06261,1.06208,1.0626,0
2023-03-02 05:23:00+00:00,1.0626,1.06261,1.06233,1.06237,0
2023-03-02 05:24:00+00:00,1.06238,1.06255,1.06237,1.06253,0
2023-03-02 05:25:00+00:00,1.06254,1.06255,1.06236,1.06244,0
2023-03-02 05:26:00+00:00,1.06243,1.06255,1.06232,1.06254,0
2023-03-02 05:27:00+00:00,1.06253,1.06258,1.06245,1.06258,0
2023-03-02 05:28:00+00:00,1.0626,1.06283,1.06257,1.06281,0
2023-03-02 05:29:00+00:00,1.0628,1.0628,1.06259,1.06263,0
2023-03-02 05:30:00+00:00,1.06264,1.06274,1.06263,1.06264,0
2023-03-02 05:31:00+00:00,1.06265,1.0627,1.06249,1.06262,0
2023-03-02 05:32:00+00:00,1.06261,1.06276,1.06259,1.06274,0
2023-03-02 05:33:00+00:00,1.06276,1.06286,1.0627,1.06275,0
2023-03-02 05:34:00+00:00,1.06275,1.06275,1.0625,1.06254,0
2023-03-02 05:35:00+00:00,1.06254,1.0626,1.0625,1.06254,0
2023-03-02 05:36:00+00:00,1.06254,1.06254,1.06244,1.06245,0
2023-03-02 05:37:00+00:00,1.06244,1.06255,1.06233,1.06249,0
2023-03-02 05:38:00+00:00,1.06251,1.06257,1.06238,1.06245,0
2023-03-02 05:39:00+00:00,1.06243,1.06243,1.06228,1.06231,0
2023-03-02 05:40:00+00:00,1.06232,1.06238,1.06221,1.06228,0
2023-03-02 05:41:00+00:00,1.06228,1.06229,1.06208,1.06226,0
2023-03-02 05:42:00+00:00,1.06224,1.06225,1.06209,1.06215,0
2023-03-02 05:43:00+00:00,1.06214,1.06236,1.06208,1.06215,0
2023-03-02 05:44:00+00:00,1.06215,1.06217,1.06197,1.06209,0
2023-03-02 05:45:00+00:00,1.06208,1.06216,1.06193,1.062,0
2023-03-02 05:46:00+00:00,1.06201,1.06216,1.062,1.06205,0
2023-03-02 05:47:00+00:00,1.06205,1.0621,1.0619,1.06192,0
2023-03-02 05:48:00+00:00,1.06191,1.06202,1.06179,1.06186,0
2023-03-02 05:49:00+00:00,1.06187,1.06198,1.06184,1.06193,0
2023-03-02 05:50:00+00:00,1.06193,1.06198,1.06185,1.06191,0
2023-03-02 05:51:00+00:00,1.0619,1.06193,1.06164,1.06174,0
2023-03-02 05:52:00+00:00,1.06172,1.06178,1.06171,1.06175,0
2023-03-02 05:53:00+00:00,1.06176,1.06185,1.06168,1.06174,0
2023-03-02 05:54:00+00:00,1.06174,1.06186,1.06173,1.06179,0
2023-03-02 05:55:00+00:00,1.06181,1.06201,1.06181,1.0619,0
2023-03-02 05:56:00+00:00,1.0619,1.0619,1.06178,1.06179,0
2023-03-02 05:57:00+00:00,1.0618,1.06182,1.06167,1.06177,0
2023-03-02 05:58:00+00:00,1.06176,1.06178,1.06158,1.0616,0
2023-03-02 05:59:00+00:00,1.06158,1.06159,1.06129,1.06138,0
2023-03-02 08:00:00+00:00,1.06057,1.06071,1.06047,1.06048,0
2023-03-02 08:01:00+00:00,1.06049,1.06084,1.06048,1.06082,0
2023-03-02 08:02:00+00:00,1.06083,1.06097,1.06071,1.06072,0
2023-03-02 08:03:00+00:00,1.0607,1.06077,1.06066,1.06069,0
2023-03-02 08:04:00+00:00,1.06069,1.06069,1.06048,1.0606,0
2023-03-02 08:05:00+00:00,1.06061,1.06064,1.06023,1.06044,0
2023-03-02 08:06:00+00:00,1.06043,1.06075,1.06036,1.06071,0
2023-03-02 08:07:00+00:00,1.0607,1.06096,1.06065,1.06087,0
2023-03-02 08:08:00+00:00,1.06087,1.06092,1.06068,1.06076,0
2023-03-02 08:09:00+00:00,1.06076,1.06095,1.06076,1.0608,0
2023-03-02 08:10:00+00:00,1.0608,1.06083,1.06056,1.06058,0
2023-03-02 08:11:00+00:00,1.06059,1.06059,1.06044,1.06049,0
2023-03-02 08:12:00+00:00,1.06051,1.06063,1.06048,1.06055,0
2023-03-02 08:13:00+00:00,1.06055,1.06056,1.06038,1.06049,0
2023-03-02 08:14:00+00:00,1.06049,1.06055,1.06043,1.06048,0
2023-03-02 08:15:00+00:00,1.06048,1.06054,1.06027,1.06034,0
2023-03-02 08:16:00+00:00,1.06035,1.06038,1.06028,1.06034,0
2023-03-02 08:17:00+00:00,1.06035,1.06037,1.06012,1.06014,0
2023-03-02 08:18:00+00:00,1.06017,1.06034,1.06011,1.06032,0
2023-03-02 08:19:00+00:00,1.06033,1.06048,1.06033,1.06042,0
2023-03-02 08:20:00+00:00,1.06042,1.06058,1.06031,1.06048,0
2023-03-02 08:21:00+00:00,1.06051,1.06074,1.06049,1.06057,0
2023-03-02 08:22:00+00:00,1.06055,1.06055,1.06038,1.06051,0
2023-03-02 08:23:00+00:00,1.06051,1.06051,1.06028,1.06037,0
2023-03-02 08:24:00+00:00,1.06037,1.06052,1.06027,1.06045,0
2023-03-02 08:25:00+00:00,1.06043,1.06054,1.06043,1.06054,0
2023-03-02 08:26:00+00:00,1.06055,1.06075,1.06055,1.06069,0
2023-03-02 08:27:00+00:00,1.06068,1.06072,1.0606,1.06065,0
2023-03-02 08:28:00+00:00,1.06063,1.06069,1.06057,1.06061,0
2023-03-02 08:29:00+00:00,1.0606,1.06079,1.06055,1.06069,0
2023-03-02 08:30:00+00:00,1.06067,1.06067,1.05898,1.0595,0
2023-03-02 08:31:00+00:00,1.0595,1.05951,1.05883,1.05912,0
2023-03-02 08:32:00+00:00,1.05914,1.05959,1.05906,1.0595,0
2023-03-02 08:33:00+00:00,1.05948,1.05965,1.05924,1.05928,0
2023-03-02 08:34:00+00:00,1.0593,1.0593,1.05888,1.05913,0
2023-03-02 08:35:00+00:00,1.05912,1.05946,1.05899,1.0591,0
2023-03-02 08:36:00+00:00,1.05908,1.05929,1.05897,1.05924,0
2023-03-02 08:37:00+00:00,1.05924,1.05935,1.05901,1.05929,0
2023-03-02 08:38:00+00:00,1.05929,1.05956,1.05924,1.0594,0
2023-03-02 08:39:00+00:00,1.05941,1.05948,1.05913,1.05939,0
2023-03-02 08:40:00+00:00,1.05939,1.05962,1.05935,1.05958,0
2023-03-02 08:41:00+00:00,1.05957,1.05962,1.05933,1.05949,0
2023-03-02 08:42:00+00:00,1.05951,1.05955,1.05916,1.05942,0
2023-03-02 08:43:00+00:00,1.05942,1.05944,1.05925,1.05944,0
2023-03-02 08:44:00+00:00,1.05944,1.05989,1.05944,1.0596,0
2023-03-02 08:45:00+00:00,1.05959,1.05976,1.0595,1.05976,0
2023-03-02 08:46:00+00:00,1.05975,1.05975,1.05945,1.05952,0
2023-03-02 08:47:00+00:00,1.05954,1.0597,1.05923,1.05923,0
2023-03-02 08:48:00+00:00,1.05924,1.05931,1.05902,1.05923,0
2023-03-02 08:49:00+00:00,1.05923,1.05937,1.05918,1.0592,0
2023-03-02 08:50:00+00:00,1.05919,1.05931,1.05904,1.05918,0
2023-03-02 08:51:00+00:00,1.05919,1.05923,1.0587,1.05888,0
2023-03-02 08:52:00+00:00,1.05888,1.05896,1.05854,1.05859,0
2023-03-02 08:53:00+00:00,1.05858,1.05863,1.05821,1.05828,0
2023-03-02 08:54:00+00:00,1.05828,1.05853,1.05823,1.05847,0
2023-03-02 08:55:00+00:00,1.05847,1.05865,1.05843,1.05859,0
2023-03-02 08:56:00+00:00,1.05858,1.05878,1.05842,1.05855,0
2023-03-02 08:57:00+00:00,1.05853,1.05855,1.05835,1.05847,0
2023-03-02 08:58:00+00:00,1.0585,1.05855,1.05819,1.05854,0
2023-03-02 08:59:00+00:00,1.05854,1.05859,1.0583,1.05858,0
2023-03-02 10:00:00+00:00,1.05992,1.06025,1.05992,1.06019,0
2023-03-02 10:01:00+00:00,1.06018,1.06045,1.06018,1.06028,0
2023-03-02 10:02:00+00:00,1.06028,1.06078,1.06012,1.06075,0
2023-03-02 10:03:00+00:00,1.06073,1.06077,1.06038,1.06049,0
2023-03-02 10:04:00+00:00,1.06049,1.06069,1.06048,1.06058,0
2023-03-02 10:05:00+00:00,1.06058,1.06065,1.06032,1.06043,0
2023-03-02 10:06:00+00:00,1.06043,1.06053,1.06001,1.06004,0
2023-03-02 10:07:00+00:00,1.06005,1.06009,1.05988,1.06002,0
2023-03-02 10:08:00+00:00,1.06001,1.06023,1.06,1.06019,0
2023-03-02 10:09:00+00:00,1.06021,1.06043,1.06021,1.06038,0
2023-03-02 10:10:00+00:00,1.06039,1.06059,1.06029,1.06056,0
2023-03-02 10:11:00+00:00,1.06059,1.06069,1.06049,1.06059,0
2023-03-02 10:12:00+00:00,1.06057,1.06066,1.0604,1.06044,0
2023-03-02 10:13:00+00:00,1.06044,1.06056,1.06032,1.06049,0
2023-03-02 10:14:00+00:00,1.06052,1.06069,1.06052,1.06055,0
2023-03-02 10:15:00+00:00,1.06055,1.06082,1.06054,1.06076,0
2023-03-02 10:16:00+00:00,1.06078,1.0609,1.06077,1.06079,0
2023-03-02 10:17:00+00:00,1.06078,1.0608,1.06056,1.0606,0
2023-03-02 10:18:00+00:00,1.06058,1.06058,1.05991,1.05994,0
2023-03-02 10:19:00+00:00,1.05994,1.06,1.05975,1.0599,0
2023-03-02 10:20:00+00:00,1.05989,1.0599,1.05952,1.05964,0
2023-03-02 10:21:00+00:00,1.05963,1.05963,1.05936,1.0595,0
2023-03-02 10:22:00+00:00,1.0595,1.05971,1.05938,1.05954,0
2023-03-02 10:23:00+00:00,1.05954,1.05985,1.05953,1.05973,0
2023-03-02 10:24:00+00:00,1.05972,1.05978,1.05958,1.05975,0
2023-03-02 10:25:00+00:00,1.05977,1.05977,1.0596,1.0596,0
2023-03-02 10:26:00+00:00,1.05958,1.05977,1.05944,1.05975,0
2023-03-02 10:27:00+00:00,1.05976,1.06027,1.05975,1.0601,0
2023-03-02 10:28:00+00:00,1.06012,1.06026,1.06008,1.06023,0
2023-03-02 10:29:00+00:00,1.06024,1.06035,1.06013,1.06019,0
2023-03-02 10:30:00+00:00,1.06021,1.06037,1.0602,1.06022,0
2023-03-02 10:31:00+00:00,1.06022,1.06031,1.06004,1.06026,0
2023-03-02 10:32:00+00:00,1.06026,1.06039,1.06026,1.06039,0
2023-03-02 10:33:00+00:00,1.0604,1.06064,1.06035,1.06054,0
2023-03-02 10:34:00+00:00,1.06055,1.06068,1.06049,1.06055,0
2023-03-02 10:35:00+00:00,1.06055,1.06076,1.06039,1.06043,0
2023-03-02 10:36:00+00:00,1.06042,1.06047,1.06028,1.06037,0
2023-03-02 10:37:00+00:00,1.06038,1.06043,1.06019,1.06023,0
2023-03-02 10:38:00+00:00,1.06023,1.06031,1.06009,1.06012,0
2023-03-02 10:39:00+00:00,1.06013,1.06041,1.06012,1.06027,0
2023-03-02 10:40:00+00:00,1.06027,1.06032,1.06016,1.06025,0
2023-03-02 10:41:00+00:00,1.06024,1.06034,1.06018,1.06032,0
2023-03-02 10:42:00+00:00,1.0603,1.0603,1.05999,1.06023,0
2023-03-02 10:43:00+00:00,1.06024,1.06026,1.0601,1.06017,0
2023-03-02 10:44:00+00:00,1.06017,1.06025,1.0601,1.06022,0
2023-03-02 10:45:00+00:00,1.06022,1.06023,1.06001,1.06016,0
2023-03-02 10:46:00+00:00,1.06017,1.06041,1.06017,1.06036,0
2023-03-02 10:47:00+00:00,1.06036,1.06057,1.06034,1.06046,0
2023-03-02 10:48:00+00:00,1.06045,1.06088,1.06043,1.06078,0
2023-03-02 10:49:00+00:00,1.06077,1.06077,1.06064,1.06074,0
2023-03-02 10:50:00+00:00,1.06074,1.06122,1.06074,1.0612,0
2023-03-02 10:51:00+00:00,1.0612,1.06123,1.06096,1.06104,0
2023-03-02 10:52:00+00:00,1.06104,1.0613,1.06088,1.06116,0
2023-03-02 10:53:00+00:00,1.06116,1.06139,1.06115,1.06134,0
2023-03-02 10:54:00+00:00,1.06133,1.06134,1.06107,1.0612,0
2023-03-02 10:55:00+00:00,1.0612,1.06142,1.06116,1.06136,0
2023-03-02 10:56:00+00:00,1.06135,1.06145,1.06124,1.06134,0
2023-03-02 10:57:00+00:00,1.06134,1.06144,1.06109,1.0611,0
2023-03-02 10:58:00+00:00,1.06111,1.06119,1.06099,1.06105,0
2023-03-02 10:59:00+00:00,1.06103,1.06103,1.06084,1.06086,0
2023-03-02 12:00:00+00:00,1.05939,1.05948,1.05927,1.05934,0
2023-03-02 12:01:00+00:00,1.05934,1.05934,1.05916,1.05929,0
2023-03-02 12:02:00+00:00,1.05929,1.05929,1.05912,1.05918,0
2023-03-02 12:03:00+00:00,1.05916,1.05921,1.05909,1.05913,0
2023-03-02 12:04:00+00:00,1.05914,1.05923,1.05914,1.05918,0
2023-03-02 12:05:00+00:00,1.05918,1.05921,1.05912,1.05921,0
2023-03-02 12:06:00+00:00,1.0592,1.05926,1.05915,1.05926,0
2023-03-02 12:07:00+00:00,1.05925,1.05927,1.05911,1.05911,0
2023-03-02 12:08:00+00:00,1.05913,1.05919,1.05912,1.05919,0
2023-03-02 12:09:00+00:00,1.05919,1.05922,1.05917,1.05919,0
2023-03-02 12:10:00+00:00,1.05919,1.05928,1.05897,1.05898,0
2023-03-02 12:11:00+00:00,1.05898,1.05909,1.05893,1.05894,0
2023-03-02 12:12:00+00:00,1.05894,1.05894,1.05881,1.05892,0
2023-03-02 12:13:00+00:00,1.05892,1.05916,1.05887,1.05916,0
2023-03-02 12:14:00+00:00,1.05915,1.05915,1.05893,1.05903,0
2023-03-02 12:15:00+00:00,1.05904,1.05904,1.05863,1.05864,0
2023-03-02 12:16:00+00:00,1.05864,1.0587,1.05854,1.05865,0
2023-03-02 12:17:00+00:00,1.05865,1.0587,1.05854,1.05858,0
2023-03-02 12:18:00+00:00,1.05857,1.0586,1.05849,1.05851,0
2023-03-02 12:19:00+00:00,1.05853,1.05866,1.05848,1.05863,0
2023-03-02 12:20:00+00:00,1.05863,1.05874,1.0586,1.05866,0
2023-03-02 12:21:00+00:00,1.05864,1.05875,1.05859,1.05859,0
2023-03-02 12:22:00+00:00,1.0586,1.05867,1.05854,1.05867,0
2023-03-02 12:23:00+00:00,1.05868,1.05872,1.05861,1.05869,0
2023-03-02 12:24:00+00:00,1.05867,1.05895,1.05867,1.05891,0
2023-03-02 12:25:00+00:00,1.05889,1.05899,1.05885,1.05886,0
2023-03-02 12:26:00+00:00,1.05887,1.05899,1.05883,1.05896,0
2023-03-02 12:27:00+00:00,1.05897,1.05902,1.05885,1.05902,0
2023-03-02 12:28:00+00:00,1.05902,1.05909,1.059,1.05909,0
2023-03-02 12:29:00+00:00,1.05907,1.05909,1.05889,1.05889,0
2023-03-02 12:30:00+00:00,1.05888,1.05895,1.05886,1.05887,0
2023-03-02 12:31:00+00:00,1.05888,1.05908,1.05887,1.05908,0
2023-03-02 12:32:00+00:00,1.05908,1.05913,1.05895,1.05906,0
2023-03-02 12:33:00+00:00,1.05906,1.05912,1.05894,1.05896,0
2023-03-02 12:34:00+00:00,1.05896,1.05901,1.05885,1.05898,0
2023-03-02 12:35:00+00:00,1.05898,1.05898,1.05874,1.05875,0
2023-03-02 12:36:00+00:00,1.05874,1.05883,1.05872,1.05872,0
2023-03-02 12:37:00+00:00,1.0587,1.05874,1.05866,1.0587,0
2023-03-02 12:38:00+00:00,1.05869,1.0587,1.05851,1.05851,0
2023-03-02 12:39:00+00:00,1.05851,1.05859,1.05844,1.05855,0
2023-03-02 12:40:00+00:00,1.05855,1.05856,1.05836,1.05845,0
2023-03-02 12:41:00+00:00,1.05845,1.05846,1.05833,1.05838,0
2023-03-02 12:42:00+00:00,1.0584,1.05849,1.05838,1.05847,0
2023-03-02 12:43:00+00:00,1.05848,1.05853,1.05847,1.05851,0
2023-03-02 12:44:00+00:00,1.05852,1.0586,1.05843,1.05843,0
2023-03-02 12:45:00+00:00,1.05843,1.05846,1.05823,1.05824,0
2023-03-02 12:46:00+00:00,1.05824,1.05839,1.05822,1.05836,0
2023-03-02 12:47:00+00:00,1.05836,1.05846,1.05835,1.05846,0
2023-03-02 12:48:00+00:00,1.05845,1.05845,1.05837,1.05838,0
2023-03-02 12:49:00+00:00,1.05837,1.05842,1.05821,1.05826,0
2023-03-02 12:50:00+00:00,1.05825,1.05826,1.05811,1.05817,0
2023-03-02 12:51:00+00:00,1.05818,1.05827,1.05808,1.05808,0
2023-03-02 12:52:00+00:00,1.05808,1.05808,1.0579,1.05791,0
2023-03-02 12:53:00+00:00,1.0579,1.05801,1.05777,1.058,0
2023-03-02 12:54:00+00:00,1.05799,1.05809,1.05798,1.05801,0
2023-03-02 12:55:00+00:00,1.05801,1.05801,1.05776,1.05785,0
2023-03-02 12:56:00+00:00,1.05786,1.05787,1.05771,1.05781,0
2023-03-02 12:57:00+00:00,1.0578,1.0578,1.05765,1.05766,0
2023-03-02 12:58:00+00:00,1.05767,1.05778,1.05764,1.05776,0
2023-03-02 12:59:00+00:00,1.05776,1.05797,1.05774,1.05797,0
2023-03-02 13:00:00+00:00,1.05799,1.05804,1.05785,1.05804,0
2023-03-02 13:01:00+00:00,1.05804,1.0582,1.05804,1.05817,0
2023-03-02 13:02:00+00:00,1.05817,1.05817,1.05786,1.05787,0
2023-03-02 13:03:00+00:00,1.05787,1.05789,1.05782,1.05783,0
2023-03-02 13:04:00+00:00,1.05785,1.05787,1.05778,1.05779,0
2023-03-02 13:05:00+00:00,1.05779,1.05779,1.05768,1.05769,0
2023-03-02 13:06:00+00:00,1.05769,1.05771,1.05764,1.05766,0
2023-03-02 13:07:00+00:00,1.05766,1.05771,1.05764,1.05771,0
2023-03-02 13:08:00+00:00,1.05771,1.05776,1.05765,1.05776,0
2023-03-02 13:09:00+00:00,1.05776,1.05779,1.05767,1.05774,0
2023-03-02 13:10:00+00:00,1.05774,1.05778,1.05774,1.05777,0
2023-03-02 13:11:00+00:00,1.05776,1.05778,1.05772,1.05774,0
2023-03-02 13:12:00+00:00,1.05773,1.05777,1.05772,1.05776,0
2023-03-02 13:13:00+00:00,1.05775,1.05781,1.0577,1.05772,0
2023-03-02 13:14:00+00:00,1.05773,1.05779,1.05771,1.05776,0
2023-03-02 13:15:00+00:00,1.05775,1.05779,1.05772,1.05776,0
2023-03-02 13:16:00+00:00,1.05776,1.0579,1.05774,1.05788,0
2023-03-02 13:17:00+00:00,1.05788,1.05801,1.05786,1.05794,0
2023-03-02 13:18:00+00:00,1.05794,1.05812,1.05794,1.05807,0
2023-03-02 13:19:00+00:00,1.05808,1.05819,1.05807,1.05818,0
2023-03-02 13:20:00+00:00,1.05817,1.05819,1.05805,1.0581,0
2023-03-02 13:21:00+00:00,1.05809,1.05809,1.05802,1.05803,0
2023-03-02 13:22:00+00:00,1.05803,1.05807,1.058,1.05807,0
2023-03-02 13:23:00+00:00,1.05807,1.05809,1.05803,1.05805,0
2023-03-02 13:24:00+00:00,1.05805,1.05807,1.05787,1.05789,0
2023-03-02 13:25:00+00:00,1.05789,1.05796,1.05775,1.05777,0
2023-03-02 13:26:00+00:00,1.05776,1.05778,1.05767,1.05767,0
2023-03-02 13:27:00+00:00,1.05767,1.05777,1.05767,1.05769,0
2023-03-02 13:28:00+00:00,1.0577,1.05788,1.0577,1.05787,0
2023-03-02 13:29:00+00:00,1.05786,1.05788,1.05776,1.05777,0
2023-03-02 13:30:00+00:00,1.05777,1.05779,1.05774,1.05774,0
2023-03-02 13:31:00+00:00,1.05775,1.05784,1.05775,1.05777,0
2023-03-02 13:32:00+00:00,1.05778,1.05784,1.05769,1.05773,0
2023-03-02 13:33:00+00:00,1.05772,1.05777,1.05772,1.05777,0
2023-03-02 13:34:00+00:00,1.05777,1.05789,1.05777,1.05786,0
2023-03-02 13:35:00+00:00,1.05787,1.05857,1.05787,1.05855,0
2023-03-02 13:36:00+00:00,1.05854,1.05913,1.05853,1.05913,0
2023-03-02 13:37:00+00:00,1.05912,1.05915,1.05867,1.05872,0
2023-03-02 13:38:00+00:00,1.05872,1.05886,1.05832,1.05835,0
2023-03-02 13:39:00+00:00,1.05835,1.05845,1.05832,1.05836,0
2023-03-02 13:40:00+00:00,1.05837,1.05877,1.05835,1.05867,0
2023-03-02 13:41:00+00:00,1.05868,1.05878,1.05862,1.05874,0
2023-03-02 13:42:00+00:00,1.05872,1.05872,1.05837,1.05859,0
2023-03-02 13:43:00+00:00,1.0586,1.05873,1.05849,1.05872,0
2023-03-02 13:44:00+00:00,1.05872,1.05872,1.05853,1.05853,0
2023-03-02 13:45:00+00:00,1.05853,1.05858,1.05844,1.05846,0
2023-03-02 13:46:00+00:00,1.05847,1.05878,1.05847,1.05872,0
2023-03-02 13:47:00+00:00,1.05871,1.05879,1.05863,1.05879,0
2023-03-02 13:48:00+00:00,1.05879,1.05888,1.05866,1.05871,0
2023-03-02 13:49:00+00:00,1.05871,1.05878,1.05866,1.05873,0
2023-03-02 13:50:00+00:00,1.05872,1.05882,1.05868,1.05878,0
2023-03-02 13:51:00+00:00,1.05877,1.05888,1.05872,1.05873,0
2023-03-02 13:52:00+00:00,1.05873,1.05888,1.05873,1.05886,0
2023-03-02 13:53:00+00:00,1.05887,1.05901,1.05886,1.05892,0
2023-03-02 13:54:00+00:00,1.05891,1.05905,1.05887,1.05892,0
2023-03-02 13:55:00+00:00,1.05891,1.05904,1.05886,1.05888,0
2023-03-02 13:56:00+00:00,1.0589,1.0589,1.05877,1.05878,0
2023-03-02 13:57:00+00:00,1.05878,1.05904,1.05877,1.05902,0
2023-03-02 13:58:00+00:00,1.05904,1.0594,1.05904,1.05937,0
2023-03-02 13:59:00+00:00,1.05935,1.05937,1.05927,1.05927,0
2023-03-02 16:00:00+00:00,1.06002,1.06002,1.05977,1.05982,0
2023-03-02 16:01:00+00:00,1.05981,1.05995,1.05981,1.05991,0
2023-03-02 16:02:00+00:00,1.05994,1.06,1.05983,1.05997,0
2023-03-02 16:03:00+00:00,1.05997,1.06003,1.05996,1.06,0
2023-03-02 16:04:00+00:00,1.06001,1.06002,1.05993,1.05994,0
2023-03-02 16:05:00+00:00,1.05994,1.06003,1.05992,1.05994,0
2023-03-02 16:06:00+00:00,1.05994,1.05996,1.05993,1.05994,0
2023-03-02 16:07:00+00:00,1.05993,1.05995,1.05984,1.05984,0
2023-03-02 16:08:00+00:00,1.05984,1.05989,1.05983,1.05987,0
2023-03-02 16:09:00+00:00,1.05988,1.05992,1.05987,1.0599,0
2023-03-02 16:10:00+00:00,1.0599,1.05991,1.05987,1.05988,0
2023-03-02 16:11:00+00:00,1.05987,1.05988,1.05983,1.05983,0
2023-03-02 16:12:00+00:00,1.05983,1.05989,1.05983,1.05988,0
2023-03-02 16:13:00+00:00,1.05989,1.0599,1.05988,1.05989,0
2023-03-02 16:14:00+00:00,1.05988,1.05993,1.05988,1.05991,0
2023-03-02 16:15:00+00:00,1.05993,1.05994,1.05988,1.05989,0
2023-03-02 16:16:00+00:00,1.0599,1.05993,1.0599,1.05992,0
2023-03-02 16:17:00+00:00,1.05991,1.05991,1.05969,1.0597,0
2023-03-02 16:18:00+00:00,1.0597,1.05974,1.05966,1.05971,0
2023-03-02 16:19:00+00:00,1.05972,1.05972,1.05967,1.05972,0
2023-03-02 16:20:00+00:00,1.05971,1.05972,1.05965,1.05969,0
2023-03-02 16:21:00+00:00,1.0597,1.05976,1.0597,1.05974,0
2023-03-02 16:22:00+00:00,1.05976,1.05983,1.05971,1.05981,0
2023-03-02 16:23:00+00:00,1.05982,1.05991,1.05981,1.05987,0
2023-03-02 16:24:00+00:00,1.05985,1.05986,1.05983,1.05983,0
2023-03-02 16:25:00+00:00,1.05983,1.05989,1.05983,1.05986,0
2023-03-02 16:26:00+00:00,1.05986,1.05987,1.05982,1.05982,0
2023-03-02 16:27:00+00:00,1.05983,1.05983,1.05976,1.05981,0
2023-03-02 16:28:00+00:00,1.05981,1.05983,1.05981,1.05982,0
2023-03-02 16:29:00+00:00,1.05981,1.05981,1.0597,1.05973,0
2023-03-02 16:30:00+00:00,1.05974,1.05977,1.05972,1.05977,0
2023-03-02 16:31:00+00:00,1.0598,1.05983,1.05966,1.05967,0
2023-03-02 16:32:00+00:00,1.05967,1.05972,1.05962,1.05972,0
2023-03-02 16:33:00+00:00,1.05972,1.05974,1.0597,1.05973,0
2023-03-02 16:34:00+00:00,1.05974,1.05978,1.05973,1.05978,0
2023-03-02 16:35:00+00:00,1.05978,1.05978,1.05974,1.05974,0
2023-03-02 16:36:00+00:00,1.05972,1.05975,1.0597,1.05971,0
2023-03-02 16:37:00+00:00,1.05972,1.05972,1.05971,1.05972,0
2023-03-02 16:38:00+00:00,1.05972,1.05973,1.05966,1.05966,0
2023-03-02 16:39:00+00:00,1.05967,1.05968,1.05967,1.05968,0
2023-03-02 16:40:00+00:00,1.05969,1.05969,1.05967,1.05967,0
2023-03-02 16:41:00+00:00,1.05969,1.05971,1.05959,1.05961,0
2023-03-02 16:42:00+00:00,1.0596,1.05961,1.05958,1.05961,0
2023-03-02 16:43:00+00:00,1.05961,1.05967,1.05961,1.05967,0
2023-03-02 16:44:00+00:00,1.05967,1.05971,1.05967,1.05971,0
2023-03-02 16:45:00+00:00,1.0597,1.05978,1.05968,1.05973,0
2023-03-02 16:46:00+00:00,1.05974,1.05976,1.05971,1.05974,0
2023-03-02 16:47:00+00:00,1.05974,1.05976,1.05974,1.05974,0
2023-03-02 16:49:00+00:00,1.05974,1.05975,1.0597,1.05971,0
2023-03-02 16:50:00+00:00,1.05971,1.05973,1.05971,1.05971,0
2023-03-02 16:51:00+00:00,1.05971,1.05977,1.05971,1.05977,0
2023-03-02 16:52:00+00:00,1.05977,1.05977,1.05977,1.05977,0
2023-03-02 16:53:00+00:00,1.05975,1.05978,1.05974,1.05974,0
2023-03-02 16:54:00+00:00,1.05974,1.05974,1.0597,1.0597,0
2023-03-02 16:55:00+00:00,1.05971,1.05976,1.05965,1.05976,0
2023-03-02 16:56:00+00:00,1.05974,1.05977,1.05973,1.05975,0
2023-03-02 16:57:00+00:00,1.05974,1.05975,1.05965,1.05965,0
2023-03-02 16:58:00+00:00,1.05966,1.05969,1.05964,1.05969,0
2023-03-02 16:59:00+00:00,1.05969,1.05975,1.05957,1.05957,0
2023-03-02 17:00:00+00:00,1.05957,1.05971,1.05946,1.05971,0
2023-03-02 17:01:00+00:00,1.05987,1.05987,1.05971,1.05971,0
2023-03-02 17:02:00+00:00,1.05971,1.05971,1.05971,1.05971,0
2023-03-02 17:03:00+00:00,1.05971,1.05971,1.05971,1.05971,0
2023-03-02 17:04:00+00:00,1.05976,1.05976,1.05976,1.05976,0
2023-03-02 17:05:00+00:00,1.05976,1.05976,1.05976,1.05976,0
2023-03-02 17:06:00+00:00,1.05971,1.05971,1.05971,1.05971,0
2023-03-02 17:07:00+00:00,1.05971,1.05971,1.05971,1.05971,0
2023-03-02 17:08:00+00:00,1.05971,1.05971,1.05971,1.05971,0
2023-03-02 17:09:00+00:00,1.05971,1.05971,1.05971,1.05971,0
2023-03-02 17:10:00+00:00,1.05971,1.05971,1.05971,1.05971,0
2023-03-02 17:11:00+00:00,1.0597,1.0597,1.0597,1.0597,0
2023-03-02 17:14:00+00:00,1.05963,1.05967,1.05963,1.05967,0
2023-03-02 17:15:00+00:00,1.05967,1.05967,1.05967,1.05967,0
2023-03-02 17:17:00+00:00,1.05967,1.05967,1.05967,1.05967,0
2023-03-02 17:24:00+00:00,1.05965,1.05965,1.05965,1.05965,0
2023-03-02 17:29:00+00:00,1.05959,1.05963,1.05959,1.05963,0
2023-03-02 17:30:00+00:00,1.05963,1.05963,1.05963,1.05963,0
2023-03-02 17:31:00+00:00,1.05963,1.05963,1.05963,1.05963,0
2023-03-02 17:32:00+00:00,1.05963,1.05963,1.05963,1.05963,0
2023-03-02 17:33:00+00:00,1.05963,1.05963,1.05963,1.05963,0
2023-03-02 17:34:00+00:00,1.05963,1.05963,1.05963,1.05963,0
2023-03-02 17:35:00+00:00,1.05963,1.05963,1.05963,1.05963,0
2023-03-02 17:36:00+00:00,1.05963,1.05963,1.05963,1.05963,0
2023-03-02 17:37:00+00:00,1.05963,1.05963,1.05963,1.05963,0
2023-03-02 17:38:00+00:00,1.05963,1.05963,1.05963,1.05963,0
2023-03-02 17:39:00+00:00,1.05963,1.05966,1.05963,1.05966,0
2023-03-02 17:40:00+00:00,1.05966,1.0597,1.05966,1.05968,0
2023-03-02 17:41:00+00:00,1.05972,1.05972,1.05971,1.05971,0
2023-03-02 17:42:00+00:00,1.05971,1.05971,1.05971,1.05971,0
2023-03-02 17:45:00+00:00,1.05969,1.05971,1.05969,1.05971,0
2023-03-02 17:46:00+00:00,1.05969,1.05981,1.05965,1.05966,0
2023-03-02 17:47:00+00:00,1.05966,1.05966,1.05966,1.05966,0
2023-03-02 17:48:00+00:00,1.05966,1.05966,1.05966,1.05966,0
2023-03-02 17:49:00+00:00,1.05966,1.05966,1.05966,1.05966,0
2023-03-02 17:50:00+00:00,1.05966,1.05966,1.05958,1.05963,0
2023-03-02 17:51:00+00:00,1.05963,1.05964,1.05961,1.05962,0
2023-03-02 17:52:00+00:00,1.05962,1.05963,1.05961,1.05962,0
2023-03-02 17:53:00+00:00,1.05962,1.05962,1.05962,1.05962,0
2023-03-02 17:54:00+00:00,1.05963,1.05963,1.05963,1.05963,0
2023-03-02 17:55:00+00:00,1.05961,1.05961,1.05959,1.05959,0
2023-03-02 17:56:00+00:00,1.05961,1.05961,1.05959,1.05961,0
2023-03-02 17:57:00+00:00,1.05962,1.05972,1.05958,1.05972,0
2023-03-02 17:58:00+00:00,1.05974,1.05976,1.05965,1.05968,0
2023-03-02 17:59:00+00:00,1.0597,1.05978,1.05966,1.05977,0
2023-03-02 19:00:00+00:00,1.05982,1.05995,1.0598,1.05992,0
2023-03-02 19:01:00+00:00,1.05993,1.05994,1.05972,1.05979,0
2023-03-02 19:02:00+00:00,1.05978,1.0598,1.05973,1.05973,0
2023-03-02 19:03:00+00:00,1.05972,1.05973,1.05967,1.05969,0
2023-03-02 19:04:00+00:00,1.05968,1.0597,1.05966,1.05968,0
2023-03-02 19:05:00+00:00,1.05968,1.05969,1.05967,1.05969,0
2023-03-02 19:06:00+00:00,1.05969,1.05969,1.05967,1.05968,0
2023-03-02 19:07:00+00:00,1.05968,1.0597,1.05968,1.05968,0
2023-03-02 19:08:00+00:00,1.05967,1.05968,1.05967,1.05968,0
2023-03-02 19:09:00+00:00,1.05971,1.05977,1.05971,1.05976,0
2023-03-02 19:10:00+00:00,1.05982,1.05986,1.05982,1.05985,0
2023-03-02 19:11:00+00:00,1.05984,1.05987,1.05984,1.05984,0
2023-03-02 19:12:00+00:00,1.05983,1.05987,1.05983,1.05986,0
2023-03-02 19:13:00+00:00,1.05986,1.05988,1.05985,1.05988,0
2023-03-02 19:14:00+00:00,1.05986,1.05987,1.05978,1.05983,0
2023-03-02 19:15:00+00:00,1.05983,1.05993,1.05983,1.05984,0
2023-03-02 19:16:00+00:00,1.05987,1.05993,1.05986,1.05992,0
2023-03-02 19:17:00+00:00,1.05991,1.05991,1.05984,1.05984,0
2023-03-02 19:18:00+00:00,1.05986,1.05996,1.05985,1.05994,0
2023-03-02 19:19:00+00:00,1.05995,1.05996,1.05994,1.05996,0
2023-03-02 19:20:00+00:00,1.06001,1.06028,1.06001,1.06025,0
2023-03-02 19:21:00+00:00,1.06026,1.06032,1.06024,1.06024,0
2023-03-02 19:22:00+00:00,1.06026,1.06036,1.06025,1.06035,0
2023-03-02 19:23:00+00:00,1.06036,1.06036,1.06028,1.06028,0
2023-03-02 19:24:00+00:00,1.06029,1.06029,1.06023,1.06023,0
2023-03-02 19:25:00+00:00,1.06021,1.06023,1.06019,1.06019,0
2023-03-02 19:26:00+00:00,1.06018,1.06018,1.06013,1.06016,0
2023-03-02 19:27:00+00:00,1.06016,1.06021,1.06016,1.06019,0
2023-03-02 19:28:00+00:00,1.06018,1.06018,1.06005,1.06005,0
2023-03-02 19:29:00+00:00,1.06003,1.06003,1.05985,1.0599,0
2023-03-02 19:30:00+00:00,1.05989,1.06,1.05989,1.06,0
2023-03-02 19:31:00+00:00,1.06,1.06001,1.05995,1.05995,0
2023-03-02 19:32:00+00:00,1.05994,1.06004,1.05994,1.06,0
2023-03-02 19:33:00+00:00,1.06,1.06006,1.06,1.06,0
2023-03-02 19:34:00+00:00,1.06001,1.06006,1.06,1.06001,0
2023-03-02 19:35:00+00:00,1.06001,1.06012,1.06,1.06009,0
2023-03-02 19:36:00+00:00,1.06009,1.06018,1.06009,1.06015,0
2023-03-02 19:37:00+00:00,1.06015,1.06015,1.06011,1.06011,0
2023-03-02 19:38:00+00:00,1.06011,1.06017,1.06011,1.06016,0
2023-03-02 19:39:00+00:00,1.06017,1.06017,1.06011,1.06012,0
2023-03-02 19:40:00+00:00,1.06011,1.06016,1.06011,1.06015,0
2023-03-02 19:41:00+00:00,1.06015,1.06017,1.0601,1.0601,0
2023-03-02 19:42:00+00:00,1.0601,1.06013,1.0601,1.0601,0
2023-03-02 19:43:00+00:00,1.0601,1.06016,1.0601,1.06015,0
2023-03-02 19:44:00+00:00,1.06017,1.06018,1.06015,1.06016,0
2023-03-02 19:45:00+00:00,1.06015,1.06023,1.06015,1.0602,0
2023-03-02 19:46:00+00:00,1.0602,1.06026,1.06018,1.06021,0
2023-03-02 19:47:00+00:00,1.06021,1.06029,1.06021,1.06028,0
2023-03-02 19:48:00+00:00,1.06027,1.0603,1.06022,1.06025,0
2023-03-02 19:49:00+00:00,1.06029,1.06032,1.06024,1.06027,0
2023-03-02 19:50:00+00:00,1.06028,1.06038,1.06028,1.06038,0
2023-03-02 19:51:00+00:00,1.06038,1.06053,1.06034,1.06051,0
2023-03-02 19:52:00+00:00,1.06052,1.06065,1.0605,1.06065,0
2023-03-02 19:53:00+00:00,1.06066,1.06077,1.06065,1.06071,0
2023-03-02 19:54:00+00:00,1.0607,1.0608,1.06066,1.06071,0
2023-03-02 19:55:00+00:00,1.0607,1.06076,1.06067,1.06075,0
2023-03-02 19:56:00+00:00,1.06074,1.06089,1.06072,1.06084,0
2023-03-02 19:57:00+00:00,1.06084,1.06104,1.06074,1.06103,0
2023-03-02 19:58:00+00:00,1.06105,1.06115,1.06101,1.0611,0
2023-03-02 19:59:00+00:00,1.06109,1.06113,1.06101,1.06105,0
2023-03-02 20:00:00+00:00,1.06105,1.06121,1.061,1.06115,0
2023-03-02 20:01:00+00:00,1.06116,1.06122,1.06111,1.06114,0
2023-03-02 20:02:00+00:00,1.06115,1.0612,1.06101,1.06105,0
2023-03-02 20:03:00+00:00,1.06104,1.06107,1.0609,1.06105,0
2023-03-02 20:04:00+00:00,1.06104,1.06106,1.06092,1.06105,0
2023-03-02 20:05:00+00:00,1.06105,1.06105,1.06091,1.06096,0
2023-03-02 20:06:00+00:00,1.06095,1.061,1.06091,1.06096,0
2023-03-02 20:07:00+00:00,1.06095,1.061,1.06093,1.06095,0
2023-03-02 20:08:00+00:00,1.06095,1.06108,1.06091,1.06101,0
2023-03-02 20:09:00+00:00,1.06101,1.0612,1.06098,1.06118,0
2023-03-02 20:10:00+00:00,1.06119,1.06124,1.06113,1.06118,0
2023-03-02 20:11:00+00:00,1.0612,1.0612,1.06101,1.06101,0
2023-03-02 20:12:00+00:00,1.06103,1.06125,1.06103,1.0612,0
2023-03-02 20:13:00+00:00,1.0612,1.0612,1.0611,1.06114,0
2023-03-02 20:14:00+00:00,1.06114,1.06115,1.061,1.06101,0
2023-03-02 20:15:00+00:00,1.06101,1.06108,1.06092,1.06095,0
2023-03-02 20:16:00+00:00,1.06095,1.06121,1.06095,1.06119,0
2023-03-02 20:17:00+00:00,1.06119,1.06127,1.06115,1.06118,0
2023-03-02 20:18:00+00:00,1.06118,1.06127,1.06116,1.06125,0
2023-03-02 20:19:00+00:00,1.06125,1.0614,1.06125,1.06133,0
2023-03-02 20:20:00+00:00,1.06133,1.06133,1.06116,1.06123,0
2023-03-02 20:21:00+00:00,1.06121,1.06128,1.06121,1.06125,0
2023-03-02 20:22:00+00:00,1.06124,1.06131,1.06119,1.06126,0
2023-03-02 20:23:00+00:00,1.06127,1.06136,1.06126,1.06127,0
2023-03-02 20:24:00+00:00,1.06127,1.06135,1.06125,1.06132,0
2023-03-02 20:25:00+00:00,1.06133,1.06142,1.06121,1.06121,0
2023-03-02 20:26:00+00:00,1.0612,1.06121,1.06108,1.0611,0
2023-03-02 20:27:00+00:00,1.0611,1.06116,1.06104,1.06106,0
2023-03-02 20:28:00+00:00,1.06106,1.0611,1.06094,1.06095,0
2023-03-02 20:29:00+00:00,1.06095,1.06111,1.06094,1.06101,0
2023-03-02 20:30:00+00:00,1.06102,1.06108,1.061,1.06104,0
2023-03-02 20:31:00+00:00,1.06104,1.06104,1.06095,1.061,0
2023-03-02 20:32:00+00:00,1.061,1.06104,1.06093,1.06094,0
2023-03-02 20:33:00+00:00,1.06095,1.06097,1.0608,1.0608,0
2023-03-02 20:34:00+00:00,1.0608,1.0608,1.06056,1.06069,0
2023-03-02 20:35:00+00:00,1.06072,1.06094,1.06071,1.06086,0
2023-03-02 20:36:00+00:00,1.06086,1.0609,1.06081,1.06084,0
2023-03-02 20:37:00+00:00,1.06085,1.06097,1.06085,1.0609,0
2023-03-02 20:38:00+00:00,1.06091,1.06102,1.06088,1.06089,0
2023-03-02 20:39:00+00:00,1.06091,1.06103,1.06088,1.06099,0
2023-03-02 20:40:00+00:00,1.061,1.06101,1.06082,1.06089,0
2023-03-02 20:41:00+00:00,1.06087,1.06087,1.06075,1.06077,0
2023-03-02 20:42:00+00:00,1.06077,1.06079,1.06074,1.06078,0
2023-03-02 20:43:00+00:00,1.06078,1.06079,1.06075,1.06078,0
2023-03-02 20:44:00+00:00,1.06078,1.06095,1.06078,1.06095,0
2023-03-02 20:45:00+00:00,1.06094,1.06115,1.06094,1.0611,0
2023-03-02 20:46:00+00:00,1.06111,1.06111,1.06088,1.06089,0
2023-03-02 20:47:00+00:00,1.06088,1.06088,1.0606,1.0607,0
2023-03-02 20:48:00+00:00,1.0607,1.06074,1.06054,1.06055,0
2023-03-02 20:49:00+00:00,1.06057,1.06065,1.06054,1.0606,0
2023-03-02 20:50:00+00:00,1.06059,1.06075,1.06056,1.0607,0
2023-03-02 20:51:00+00:00,1.0607,1.06075,1.0606,1.06062,0
2023-03-02 20:52:00+00:00,1.06061,1.06065,1.06058,1.06064,0
2023-03-02 20:53:00+00:00,1.06063,1.06066,1.06055,1.06055,0
2023-03-02 20:54:00+00:00,1.06056,1.06062,1.06051,1.06059,0
2023-03-02 20:55:00+00:00,1.06059,1.06062,1.06051,1.06057,0
2023-03-02 20:56:00+00:00,1.06059,1.06069,1.06054,1.06062,0
2023-03-02 20:57:00+00:00,1.06062,1.06081,1.06058,1.06075,0
2023-03-02 20:58:00+00:00,1.06075,1.06079,1.0607,1.06079,0
2023-03-02 20:59:00+00:00,1.06079,1.06093,1.06078,1.06082,0
2023-03-02 21:00:00+00:00,1.06083,1.06088,1.06079,1.06086,0
2023-03-02 21:01:00+00:00,1.06086,1.06105,1.06085,1.06093,0
2023-03-02 21:02:00+00:00,1.06092,1.06092,1.06075,1.06079,0
2023-03-02 21:03:00+00:00,1.06079,1.06089,1.06074,1.06088,0
2023-03-02 21:04:00+00:00,1.06087,1.06101,1.06083,1.06099,0
2023-03-02 21:05:00+00:00,1.06102,1.06104,1.06096,1.06097,0
2023-03-02 21:06:00+00:00,1.06096,1.06099,1.06091,1.06093,0
2023-03-02 21:07:00+00:00,1.06093,1.06097,1.0609,1.0609,0
2023-03-02 21:08:00+00:00,1.0609,1.06105,1.06089,1.06093,0
2023-03-02 21:09:00+00:00,1.06092,1.061,1.06088,1.061,0
2023-03-02 21:10:00+00:00,1.06101,1.06104,1.06094,1.061,0
2023-03-02 21:11:00+00:00,1.061,1.06105,1.06091,1.06091,0
2023-03-02 21:12:00+00:00,1.06092,1.06095,1.06085,1.06095,0
2023-03-02 21:13:00+00:00,1.06094,1.06104,1.0609,1.06097,0
2023-03-02 21:14:00+00:00,1.06098,1.06106,1.06094,1.06095,0
2023-03-02 21:15:00+00:00,1.06095,1.06111,1.0609,1.06109,0
2023-03-02 21:16:00+00:00,1.06108,1.06128,1.06108,1.06124,0
2023-03-02 21:17:00+00:00,1.06124,1.06148,1.0612,1.06128,0
2023-03-02 21:18:00+00:00,1.06131,1.06133,1.0612,1.0612,0
2023-03-02 21:19:00+00:00,1.0612,1.06136,1.0612,1.06131,0
2023-03-02 21:20:00+00:00,1.06129,1.06132,1.0611,1.0611,0
2023-03-02 21:21:00+00:00,1.06112,1.0612,1.06096,1.06096,0
2023-03-02 21:22:00+00:00,1.06098,1.0611,1.06098,1.06108,0
2023-03-02 21:23:00+00:00,1.06109,1.0611,1.06099,1.06103,0
2023-03-02 21:24:00+00:00,1.06104,1.06104,1.06084,1.06088,0
2023-03-02 21:25:00+00:00,1.06088,1.06093,1.06085,1.06086,0
2023-03-02 21:26:00+00:00,1.06086,1.06086,1.0608,1.06084,0
2023-03-02 21:27:00+00:00,1.06083,1.06085,1.06074,1.06079,0
2023-03-02 21:28:00+00:00,1.06079,1.0609,1.06078,1.06088,0
2023-03-02 21:29:00+00:00,1.06088,1.06089,1.06074,1.06088,0
2023-03-02 21:30:00+00:00,1.06089,1.0609,1.06079,1.06081,0
2023-03-02 21:31:00+00:00,1.0608,1.06094,1.06077,1.06094,0
2023-03-02 21:32:00+00:00,1.06094,1.06097,1.0608,1.0609,0
2023-03-02 21:33:00+00:00,1.06091,1.06096,1.06089,1.06093,0
2023-03-02 21:34:00+00:00,1.06092,1.06096,1.06085,1.06089,0
2023-03-02 21:35:00+00:00,1.0609,1.06095,1.06086,1.06088,0
2023-03-02 21:36:00+00:00,1.0609,1.0609,1.06088,1.06088,0
2023-03-02 21:37:00+00:00,1.06086,1.06086,1.06068,1.06072,0
2023-03-02 21:38:00+00:00,1.06073,1.06085,1.06072,1.06084,0
2023-03-02 21:39:00+00:00,1.06084,1.06085,1.0607,1.06071,0
2023-03-02 21:40:00+00:00,1.06073,1.06082,1.06069,1.0608,0
2023-03-02 21:41:00+00:00,1.06081,1.06081,1.06064,1.06065,0
2023-03-02 21:42:00+00:00,1.06065,1.06068,1.06059,1.06067,0
2023-03-02 21:43:00+00:00,1.06067,1.06067,1.06052,1.06056,0
2023-03-02 21:44:00+00:00,1.06057,1.06057,1.06047,1.06049,0
2023-03-02 21:45:00+00:00,1.06051,1.06053,1.06048,1.06049,0
2023-03-02 21:46:00+00:00,1.06048,1.06054,1.06042,1.06054,0
2023-03-02 21:47:00+00:00,1.06054,1.06054,1.06032,1.06033,0
2023-03-02 21:48:00+00:00,1.06034,1.06049,1.06029,1.06045,0
2023-03-02 21:49:00+00:00,1.06045,1.06056,1.06043,1.06043,0
2023-03-02 21:50:00+00:00,1.06043,1.06055,1.06043,1.06051,0
2023-03-02 21:51:00+00:00,1.06051,1.06054,1.06044,1.0605,0
2023-03-02 21:52:00+00:00,1.06051,1.06054,1.06046,1.06047,0
2023-03-02 21:53:00+00:00,1.06046,1.06049,1.06038,1.06048,0
2023-03-02 21:54:00+00:00,1.06048,1.06048,1.06037,1.06041,0
2023-03-02 21:55:00+00:00,1.06042,1.06044,1.06029,1.06029,0
2023-03-02 21:56:00+00:00,1.06027,1.06033,1.06022,1.06025,0
2023-03-02 21:57:00+00:00,1.06025,1.06033,1.06025,1.06029,0
2023-03-02 21:58:00+00:00,1.06029,1.06029,1.06017,1.06023,0
2023-03-02 21:59:00+00:00,1.06025,1.06029,1.0602,1.06023,0
2023-03-02 22:00:00+00:00,1.06024,1.06025,1.0602,1.06022,0
2023-03-02 22:01:00+00:00,1.06022,1.0603,1.0602,1.0603,0
2023-03-02 22:02:00+00:00,1.06031,1.06031,1.06024,1.06027,0
2023-03-02 22:03:00+00:00,1.06026,1.06031,1.06023,1.06029,0
2023-03-02 22:04:00+00:00,1.06028,1.06036,1.06028,1.06036,0
2023-03-02 22:05:00+00:00,1.06035,1.06038,1.06026,1.06033,0
2023-03-02 22:06:00+00:00,1.06033,1.06036,1.06031,1.06032,0
2023-03-02 22:07:00+00:00,1.06031,1.06043,1.06031,1.06036,0
2023-03-02 22:08:00+00:00,1.06037,1.06042,1.06034,1.0604,0
2023-03-02 22:09:00+00:00,1.06038,1.0605,1.06038,1.06043,0
2023-03-02 22:10:00+00:00,1.06044,1.06047,1.06039,1.06044,0
2023-03-02 22:11:00+00:00,1.06045,1.06048,1.06032,1.06033,0
2023-03-02 22:12:00+00:00,1.06034,1.0605,1.06032,1.06048,0
2023-03-02 22:13:00+00:00,1.06047,1.06051,1.06045,1.06049,0
2023-03-02 22:14:00+00:00,1.0605,1.06056,1.06048,1.06049,0
2023-03-02 22:15:00+00:00,1.06052,1.06053,1.06047,1.06049,0
2023-03-02 22:16:00+00:00,1.06049,1.06058,1.06048,1.06058,0
2023-03-02 22:17:00+00:00,1.06056,1.06059,1.0605,1.0605,0
2023-03-02 22:18:00+00:00,1.06049,1.06055,1.06049,1.06054,0
2023-03-02 22:19:00+00:00,1.06052,1.06059,1.0605,1.06059,0
2023-03-02 22:20:00+00:00,1.06059,1.0606,1.06055,1.06058,0
2023-03-02 22:21:00+00:00,1.06062,1.06075,1.06062,1.06066,0
2023-03-02 22:22:00+00:00,1.06067,1.06071,1.06058,1.06058,0
2023-03-02 22:23:00+00:00,1.06058,1.06068,1.06058,1.06062,0
2023-03-02 22:24:00+00:00,1.06062,1.06064,1.06055,1.06055,0
2023-03-02 22:25:00+00:00,1.06055,1.06056,1.06049,1.06056,0
2023-03-02 22:26:00+00:00,1.0606,1.0606,1.06052,1.06055,0
2023-03-02 22:27:00+00:00,1.06056,1.06064,1.06056,1.06062,0
2023-03-02 22:28:00+00:00,1.06061,1.06061,1.06058,1.06059,0
2023-03-02 22:29:00+00:00,1.0606,1.06064,1.06059,1.06064,0
2023-03-02 22:30:00+00:00,1.06065,1.06065,1.06059,1.06065,0
2023-03-02 22:31:00+00:00,1.06064,1.06064,1.06058,1.06059,0
2023-03-02 22:32:00+00:00,1.0606,1.06062,1.06059,1.06061,0
2023-03-02 22:33:00+00:00,1.06061,1.06061,1.06051,1.06051,0
2023-03-02 22:34:00+00:00,1.06051,1.06056,1.06051,1.06056,0
2023-03-02 22:35:00+00:00,1.06056,1.06056,1.06049,1.06052,0
2023-03-02 22:36:00+00:00,1.06053,1.06054,1.06041,1.06041,0
2023-03-02 22:37:00+00:00,1.06041,1.06041,1.06025,1.06025,0
2023-03-02 22:38:00+00:00,1.06025,1.0603,1.06021,1.06025,0
2023-03-02 22:39:00+00:00,1.06023,1.0603,1.06023,1.06027,0
2023-03-02 22:40:00+00:00,1.06027,1.0603,1.06025,1.06029,0
2023-03-02 22:41:00+00:00,1.06031,1.06044,1.06031,1.06044,0
2023-03-02 22:42:00+00:00,1.06044,1.06051,1.0604,1.06042,0
2023-03-02 22:43:00+00:00,1.06041,1.0605,1.06041,1.06046,0
2023-03-02 22:44:00+00:00,1.06045,1.0605,1.0604,1.0605,0
2023-03-02 22:45:00+00:00,1.06051,1.06056,1.06045,1.06055,0
2023-03-02 22:46:00+00:00,1.06056,1.06056,1.0605,1.06056,0
2023-03-02 22:47:00+00:00,1.06055,1.06068,1.06055,1.06065,0
2023-03-02 22:48:00+00:00,1.06064,1.06066,1.06056,1.06058,0
2023-03-02 22:49:00+00:00,1.06059,1.06061,1.06055,1.0606,0
2023-03-02 22:50:00+00:00,1.06059,1.06064,1.06056,1.06061,0
2023-03-02 22:51:00+00:00,1.0606,1.06062,1.06058,1.06061,0
2023-03-02 22:52:00+00:00,1.06061,1.06062,1.06054,1.0606,0
2023-03-02 22:53:00+00:00,1.06059,1.06065,1.06058,1.06065,0
2023-03-02 22:54:00+00:00,1.06064,1.06065,1.06053,1.06055,0
2023-03-02 22:55:00+00:00,1.06056,1.06056,1.0604,1.06045,0
2023-03-02 22:56:00+00:00,1.06046,1.06059,1.06045,1.06057,0
2023-03-02 22:57:00+00:00,1.06056,1.06064,1.06055,1.06058,0
2023-03-02 22:58:00+00:00,1.06058,1.06065,1.06056,1.06064,0
2023-03-02 22:59:00+00:00,1.06065,1.06067,1.06061,1.06061,0
2023-03-02 23:00:00+00:00,1.06062,1.06076,1.0606,1.06076,0
2023-03-02 23:01:00+00:00,1.06076,1.06078,1.06071,1.06071,0
2023-03-02 23:02:00+00:00,1.06074,1.06078,1.06071,1.06071,0
2023-03-02 23:03:00+00:00,1.06074,1.06074,1.06068,1.06069,0
2023-03-02 23:04:00+00:00,1.06068,1.06074,1.06068,1.06074,0
2023-03-02 23:05:00+00:00,1.06073,1.0608,1.0607,1.0608,0
2023-03-02 23:06:00+00:00,1.06081,1.06082,1.06069,1.06071,0
2023-03-02 23:07:00+00:00,1.0607,1.06076,1.06069,1.0607,0
2023-03-02 23:08:00+00:00,1.06071,1.06072,1.06069,1.0607,0
2023-03-02 23:09:00+00:00,1.06071,1.06071,1.06069,1.0607,0
2023-03-02 23:10:00+00:00,1.0607,1.06072,1.06069,1.06071,0
2023-03-02 23:11:00+00:00,1.0607,1.06076,1.0607,1.06075,0
2023-03-02 23:12:00+00:00,1.06075,1.06077,1.06071,1.06071,0
2023-03-02 23:13:00+00:00,1.0607,1.06076,1.06069,1.06075,0
2023-03-02 23:14:00+00:00,1.06076,1.0608,1.06075,1.06075,0
2023-03-02 23:15:00+00:00,1.06076,1.06082,1.06075,1.06081,0
2023-03-02 23:16:00+00:00,1.06079,1.06081,1.06075,1.0608,0
2023-03-02 23:17:00+00:00,1.0608,1.0608,1.0607,1.06071,0
2023-03-02 23:18:00+00:00,1.06071,1.06074,1.0607,1.06072,0
2023-03-02 23:19:00+00:00,1.06071,1.06072,1.06061,1.06064,0
2023-03-02 23:20:00+00:00,1.06064,1.06066,1.06064,1.06066,0
2023-03-02 23:21:00+00:00,1.06065,1.06071,1.06065,1.0607,0
2023-03-02 23:22:00+00:00,1.06073,1.06074,1.06065,1.06065,0
2023-03-02 23:23:00+00:00,1.06064,1.06072,1.06063,1.0607,0
2023-03-02 23:24:00+00:00,1.0607,1.06075,1.06069,1.06075,0
2023-03-02 23:25:00+00:00,1.06074,1.06076,1.06074,1.06074,0
2023-03-02 23:26:00+00:00,1.06074,1.06075,1.06069,1.06069,0
2023-03-02 23:27:00+00:00,1.0607,1.0607,1.06063,1.06064,0
2023-03-02 23:28:00+00:00,1.06063,1.06073,1.06062,1.06069,0
2023-03-02 23:29:00+00:00,1.06069,1.06071,1.06068,1.06069,0
2023-03-02 23:30:00+00:00,1.06071,1.06071,1.06059,1.0606,0
2023-03-02 23:31:00+00:00,1.0606,1.06064,1.06051,1.06058,0
2023-03-02 23:32:00+00:00,1.06057,1.0606,1.06057,1.0606,0
2023-03-02 23:33:00+00:00,1.06059,1.06065,1.06059,1.0606,0
2023-03-02 23:34:00+00:00,1.0606,1.06061,1.06057,1.0606,0
2023-03-02 23:35:00+00:00,1.06061,1.06064,1.0606,1.06064,0
2023-03-02 23:36:00+00:00,1.06062,1.06064,1.06059,1.0606,0
2023-03-02 23:37:00+00:00,1.06059,1.0606,1.06057,1.06057,0
2023-03-02 23:38:00+00:00,1.06057,1.06061,1.06055,1.0606,0
2023-03-02 23:39:00+00:00,1.0606,1.06061,1.06057,1.0606,0
2023-03-02 23:40:00+00:00,1.0606,1.06072,1.0606,1.0607,0
2023-03-02 23:41:00+00:00,1.0607,1.06074,1.06067,1.06072,0
2023-03-02 23:42:00+00:00,1.06072,1.0608,1.06067,1.06069,0
2023-03-02 23:43:00+00:00,1.06069,1.0607,1.06065,1.06065,0
2023-03-02 23:44:00+00:00,1.06065,1.06069,1.06063,1.06065,0
2023-03-02 23:45:00+00:00,1.06065,1.06065,1.06056,1.06056,0
2023-03-02 23:46:00+00:00,1.06054,1.06065,1.06054,1.06064,0
2023-03-02 23:47:00+00:00,1.06065,1.06068,1.06064,1.06067,0
2023-03-02 23:48:00+00:00,1.06066,1.06071,1.06064,1.06069,0
2023-03-02 23:49:00+00:00,1.0607,1.06076,1.06064,1.06074,0
2023-03-02 23:50:00+00:00,1.06075,1.06081,1.06074,1.06076,0
2023-03-02 23:51:00+00:00,1.06075,1.06077,1.06073,1.06075,0
2023-03-02 23:52:00+00:00,1.06076,1.0608,1.06075,1.0608,0
2023-03-02 23:53:00+00:00,1.06079,1.06085,1.06074,1.06074,0
2023-03-02 23:54:00+00:00,1.06075,1.0608,1.06074,1.0608,0
2023-03-02 23:55:00+00:00,1.06079,1.06085,1.06079,1.06084,0
2023-03-02 23:56:00+00:00,1.06085,1.06097,1.06085,1.06091,0
2023-03-02 23:57:00+00:00,1.06091,1.06091,1.06085,1.06086,0
2023-03-02 23:58:00+00:00,1.06085,1.06085,1.06081,1.06085,0
2023-03-02 23:59:00+00:00,1.06086,1.06086,1.06081,1.06085,0
2023-03-03 00:00:00+00:00,1.06085,1.06091,1.06081,1.06088,0
2023-03-03 00:01:00+00:00,1.06087,1.0609,1.06085,1.0609,0
2023-03-03 00:02:00+00:00,1.0609,1.06091,1.06086,1.06091,0
2023-03-03 00:03:00+00:00,1.06091,1.06096,1.0609,1.06095,0
2023-03-03 00:04:00+00:00,1.06096,1.06105,1.06094,1.06095,0
2023-03-03 00:05:00+00:00,1.06095,1.061,1.06095,1.061,0
2023-03-03 00:06:00+00:00,1.061,1.061,1.06094,1.06095,0
2023-03-03 00:07:00+00:00,1.06094,1.06094,1.06083,1.06083,0
2023-03-03 00:08:00+00:00,1.06083,1.06095,1.06082,1.06094,0
2023-03-03 00:09:00+00:00,1.06092,1.06094,1.06088,1.06088,0
2023-03-03 00:10:00+00:00,1.06087,1.06094,1.06084,1.0609,0
2023-03-03 00:11:00+00:00,1.06088,1.06091,1.06084,1.06089,0
2023-03-03 00:12:00+00:00,1.06089,1.06093,1.06086,1.06092,0
2023-03-03 00:13:00+00:00,1.06093,1.06093,1.06089,1.06093,0
2023-03-03 00:14:00+00:00,1.06093,1.06097,1.06091,1.06094,0
2023-03-03 00:15:00+00:00,1.06094,1.06095,1.06094,1.06094,0
2023-03-03 00:16:00+00:00,1.06094,1.06101,1.0609,1.0609,0
2023-03-03 00:17:00+00:00,1.06091,1.06091,1.06084,1.06084,0
2023-03-03 00:18:00+00:00,1.06085,1.06085,1.06081,1.06084,0
2023-03-03 00:19:00+00:00,1.06083,1.06085,1.0608,1.06082,0
2023-03-03 00:20:00+00:00,1.06083,1.06087,1.06081,1.06083,0
2023-03-03 00:21:00+00:00,1.06081,1.06085,1.0608,1.06082,0
2023-03-03 00:22:00+00:00,1.06083,1.06086,1.06081,1.06085,0
2023-03-03 00:23:00+00:00,1.06085,1.06086,1.06085,1.06086,0
2023-03-03 00:24:00+00:00,1.06086,1.0609,1.06085,1.06085,0
2023-03-03 00:25:00+00:00,1.06084,1.06086,1.06084,1.06084,0
2023-03-03 00:26:00+00:00,1.06085,1.06089,1.06083,1.06089,0
2023-03-03 00:27:00+00:00,1.0609,1.06101,1.0609,1.06096,0
2023-03-03 00:28:00+00:00,1.06097,1.06106,1.06096,1.061,0
2023-03-03 00:29:00+00:00,1.061,1.06106,1.06095,1.06105,0
2023-03-03 00:30:00+00:00,1.06105,1.06106,1.06099,1.06104,0
2023-03-03 00:31:00+00:00,1.06102,1.0611,1.06098,1.061,0
2023-03-03 00:32:00+00:00,1.061,1.061,1.06091,1.06093,0
2023-03-03 00:33:00+00:00,1.06093,1.06099,1.06093,1.06095,0
2023-03-03 00:34:00+00:00,1.06096,1.061,1.06093,1.06097,0
2023-03-03 00:35:00+00:00,1.06098,1.06098,1.06092,1.06095,0
2023-03-03 00:36:00+00:00,1.06097,1.06104,1.06097,1.06101,0
2023-03-03 00:37:00+00:00,1.061,1.06122,1.06096,1.06122,0
2023-03-03 00:38:00+00:00,1.06123,1.06131,1.0612,1.06129,0
2023-03-03 00:39:00+00:00,1.06128,1.06129,1.06121,1.06127,0
2023-03-03 00:40:00+00:00,1.06129,1.0613,1.06125,1.06126,0
2023-03-03 00:41:00+00:00,1.06125,1.0613,1.06124,1.06124,0
2023-03-03 00:42:00+00:00,1.06123,1.06125,1.0612,1.06124,0
2023-03-03 00:43:00+00:00,1.06123,1.06129,1.06121,1.06123,0
2023-03-03 00:44:00+00:00,1.06124,1.06124,1.06112,1.06119,0
2023-03-03 00:45:00+00:00,1.06119,1.06121,1.06116,1.0612,0
2023-03-03 00:46:00+00:00,1.06121,1.06122,1.06118,1.06118,0
2023-03-03 00:47:00+00:00,1.06122,1.06122,1.06117,1.0612,0
2023-03-03 00:48:00+00:00,1.06122,1.06123,1.06114,1.06123,0
2023-03-03 00:49:00+00:00,1.06125,1.06127,1.06122,1.06124,0
2023-03-03 00:50:00+00:00,1.06125,1.06126,1.06119,1.06122,0
2023-03-03 00:51:00+00:00,1.06123,1.06131,1.06119,1.0613,0
2023-03-03 00:52:00+00:00,1.06128,1.06128,1.0612,1.06125,0
2023-03-03 00:53:00+00:00,1.06124,1.06124,1.06119,1.06119,0
2023-03-03 00:54:00+00:00,1.0612,1.06121,1.06115,1.06115,0
2023-03-03 00:55:00+00:00,1.06119,1.06119,1.06109,1.06109,0
2023-03-03 00:56:00+00:00,1.06108,1.0611,1.06101,1.06107,0
2023-03-03 00:57:00+00:00,1.06108,1.0611,1.06104,1.0611,0
2023-03-03 00:58:00+00:00,1.06109,1.0611,1.0609,1.06097,0
2023-03-03 00:59:00+00:00,1.06095,1.06097,1.06085,1.0609,0
2023-03-03 01:00:00+00:00,1.0609,1.06101,1.06089,1.061,0
2023-03-03 01:01:00+00:00,1.061,1.06111,1.06096,1.0611,0
2023-03-03 01:02:00+00:00,1.06111,1.06113,1.06098,1.06099,0
2023-03-03 01:03:00+00:00,1.06098,1.06119,1.06094,1.06118,0
2023-03-03 01:04:00+00:00,1.06119,1.06119,1.06105,1.06105,0
2023-03-03 01:05:00+00:00,1.06106,1.06112,1.06106,1.06112,0
2023-03-03 01:06:00+00:00,1.06117,1.06133,1.06117,1.06127,0
2023-03-03 01:07:00+00:00,1.06127,1.06149,1.06127,1.0614,0
2023-03-03 01:08:00+00:00,1.06142,1.06142,1.0613,1.0613,0
2023-03-03 01:09:00+00:00,1.06128,1.06138,1.06127,1.06135,0
2023-03-03 01:10:00+00:00,1.06136,1.06149,1.06136,1.06145,0
2023-03-03 01:11:00+00:00,1.06146,1.06148,1.06141,1.06145,0
2023-03-03 01:12:00+00:00,1.06143,1.06146,1.06133,1.06141,0
2023-03-03 01:13:00+00:00,1.06141,1.06142,1.06133,1.06133,0
2023-03-03 01:14:00+00:00,1.06133,1.06136,1.06128,1.06136,0
2023-03-03 01:15:00+00:00,1.06137,1.06148,1.06133,1.06137,0
2023-03-03 01:16:00+00:00,1.06135,1.06146,1.06134,1.0614,0
2023-03-03 01:17:00+00:00,1.0614,1.06151,1.06133,1.0615,0
2023-03-03 01:18:00+00:00,1.06151,1.06155,1.06135,1.06146,0
2023-03-03 01:19:00+00:00,1.06147,1.06154,1.06145,1.06151,0
2023-03-03 01:20:00+00:00,1.06154,1.06157,1.06149,1.06154,0
2023-03-03 01:21:00+00:00,1.06152,1.06154,1.06144,1.06152,0
2023-03-03 01:22:00+00:00,1.06151,1.0617,1.06149,1.0616,0
2023-03-03 01:23:00+00:00,1.06159,1.0616,1.06155,1.06159,0
2023-03-03 01:24:00+00:00,1.06159,1.06164,1.06155,1.06157,0
2023-03-03 01:25:00+00:00,1.06157,1.06159,1.06153,1.06157,0
2023-03-03 01:26:00+00:00,1.06155,1.06156,1.0615,1.06155,0
2023-03-03 01:27:00+00:00,1.06154,1.06164,1.06154,1.06164,0
2023-03-03 01:28:00+00:00,1.06165,1.06172,1.0616,1.06166,0
2023-03-03 01:29:00+00:00,1.06167,1.06168,1.06157,1.06162,0
2023-03-03 01:30:00+00:00,1.06162,1.06162,1.06157,1.0616,0
2023-03-03 01:31:00+00:00,1.06161,1.06164,1.06152,1.06155,0
2023-03-03 01:32:00+00:00,1.06157,1.06173,1.0615,1.06166,0
2023-03-03 01:33:00+00:00,1.06166,1.0617,1.06157,1.06165,0
2023-03-03 01:34:00+00:00,1.06165,1.06167,1.06164,1.06165,0
2023-03-03 01:35:00+00:00,1.06168,1.06176,1.06166,1.06174,0
2023-03-03 01:36:00+00:00,1.06172,1.06172,1.06165,1.06165,0
2023-03-03 01:37:00+00:00,1.06165,1.06172,1.0616,1.06166,0
2023-03-03 01:38:00+00:00,1.06167,1.06177,1.06167,1.06172,0
2023-03-03 01:39:00+00:00,1.06174,1.06176,1.06164,1.06166,0
2023-03-03 01:40:00+00:00,1.06166,1.06176,1.06166,1.0617,0
2023-03-03 01:41:00+00:00,1.06171,1.06179,1.06164,1.06164,0
2023-03-03 01:42:00+00:00,1.06163,1.06172,1.06161,1.06167,0
2023-03-03 01:43:00+00:00,1.06167,1.06176,1.06165,1.06173,0
2023-03-03 01:44:00+00:00,1.06173,1.06177,1.06169,1.06169,0
2023-03-03 01:45:00+00:00,1.06169,1.06176,1.06161,1.06176,0
2023-03-03 01:46:00+00:00,1.06175,1.06182,1.06175,1.0618,0
2023-03-03 01:47:00+00:00,1.06179,1.06187,1.06179,1.06185,0
2023-03-03 01:48:00+00:00,1.06185,1.06187,1.06185,1.06186,0
2023-03-03 01:49:00+00:00,1.06186,1.06194,1.06186,1.06192,0
2023-03-03 01:50:00+00:00,1.06193,1.06199,1.06191,1.06197,0
2023-03-03 01:51:00+00:00,1.06195,1.06205,1.06194,1.06199,0
2023-03-03 01:52:00+00:00,1.06199,1.06212,1.06198,1.06211,0
2023-03-03 01:53:00+00:00,1.06211,1.06227,1.06211,1.06225,0
2023-03-03 01:54:00+00:00,1.06224,1.06231,1.0621,1.06213,0
2023-03-03 01:55:00+00:00,1.06212,1.06217,1.06205,1.06216,0
2023-03-03 01:56:00+00:00,1.06216,1.06221,1.06206,1.06219,0
2023-03-03 01:57:00+00:00,1.06218,1.06219,1.0621,1.06211,0
2023-03-03 01:58:00+00:00,1.06212,1.06214,1.06201,1.06211,0
2023-03-03 01:59:00+00:00,1.06212,1.06215,1.06205,1.06211,0
2023-03-03 02:00:00+00:00,1.0621,1.06212,1.06187,1.06192,0
2023-03-03 02:01:00+00:00,1.06191,1.062,1.06185,1.06195,0
2023-03-03 02:02:00+00:00,1.06195,1.06198,1.06184,1.06187,0
2023-03-03 02:03:00+00:00,1.06188,1.06188,1.06173,1.06181,0
2023-03-03 02:04:00+00:00,1.06181,1.06196,1.06175,1.06191,0
2023-03-03 02:05:00+00:00,1.06191,1.062,1.06179,1.0618,0
2023-03-03 02:06:00+00:00,1.06181,1.06183,1.06162,1.06163,0
2023-03-03 02:07:00+00:00,1.06165,1.06169,1.06149,1.06149,0
2023-03-03 02:08:00+00:00,1.06153,1.06164,1.06153,1.06161,0
2023-03-03 02:09:00+00:00,1.06161,1.0617,1.0616,1.06169,0
2023-03-03 02:10:00+00:00,1.0617,1.06195,1.06169,1.06182,0
2023-03-03 02:11:00+00:00,1.06182,1.06192,1.06182,1.06191,0
2023-03-03 02:12:00+00:00,1.0619,1.06193,1.06184,1.0619,0
2023-03-03 02:13:00+00:00,1.0619,1.06194,1.06182,1.06186,0
2023-03-03 02:14:00+00:00,1.06185,1.06186,1.06164,1.06167,0
2023-03-03 02:15:00+00:00,1.06166,1.06175,1.06164,1.06169,0
2023-03-03 02:16:00+00:00,1.06168,1.06175,1.06161,1.0617,0
2023-03-03 02:17:00+00:00,1.06174,1.06186,1.06172,1.06174,0
2023-03-03 02:18:00+00:00,1.06174,1.06181,1.06162,1.06169,0
2023-03-03 02:19:00+00:00,1.06167,1.06185,1.06167,1.06182,0
2023-03-03 02:20:00+00:00,1.06181,1.06183,1.06168,1.06168,0
2023-03-03 02:21:00+00:00,1.06168,1.06171,1.06143,1.06147,0
2023-03-03 02:22:00+00:00,1.06148,1.06159,1.06138,1.06157,0
2023-03-03 02:23:00+00:00,1.06158,1.06168,1.06146,1.06149,0
2023-03-03 02:24:00+00:00,1.06149,1.06154,1.06136,1.06153,0
2023-03-03 02:25:00+00:00,1.06153,1.06154,1.06133,1.06134,0
2023-03-03 02:26:00+00:00,1.06133,1.06148,1.06129,1.06134,0
2023-03-03 02:27:00+00:00,1.06133,1.06145,1.0613,1.06144,0
2023-03-03 02:28:00+00:00,1.06146,1.06146,1.06123,1.06129,0
2023-03-03 02:29:00+00:00,1.0613,1.0616,1.06129,1.06159,0
2023-03-03 02:30:00+00:00,1.0616,1.06185,1.06155,1.06181,0
2023-03-03 02:31:00+00:00,1.06181,1.06189,1.06175,1.06188,0
2023-03-03 02:32:00+00:00,1.06188,1.06196,1.06188,1.06196,0
2023-03-03 02:33:00+00:00,1.06195,1.06222,1.06194,1.0622,0
2023-03-03 02:34:00+00:00,1.06224,1.06228,1.0621,1.06211,0
2023-03-03 02:35:00+00:00,1.0621,1.06214,1.06192,1.06196,0
2023-03-03 02:36:00+00:00,1.06195,1.06202,1.06186,1.0619,0
2023-03-03 02:37:00+00:00,1.0619,1.06194,1.06174,1.06174,0
2023-03-03 02:38:00+00:00,1.06175,1.06185,1.0617,1.0617,0
2023-03-03 02:39:00+00:00,1.06169,1.06177,1.06169,1.06176,0
2023-03-03 02:40:00+00:00,1.06175,1.06187,1.06175,1.06186,0
2023-03-03 02:41:00+00:00,1.06187,1.06193,1.06172,1.06181,0
2023-03-03 02:42:00+00:00,1.06181,1.06186,1.06169,1.06174,0
2023-03-03 02:43:00+00:00,1.06174,1.0618,1.0617,1.0617,0
2023-03-03 02:44:00+00:00,1.06171,1.06183,1.0617,1.06179,0
2023-03-03 02:45:00+00:00,1.0618,1.0618,1.06165,1.06165,0
2023-03-03 02:46:00+00:00,1.06164,1.0617,1.06155,1.06158,0
2023-03-03 02:47:00+00:00,1.06156,1.0616,1.06154,1.06158,0
2023-03-03 02:48:00+00:00,1.06157,1.06157,1.0613,1.0614,0
2023-03-03 02:49:00+00:00,1.0614,1.06144,1.06127,1.06131,0
2023-03-03 02:50:00+00:00,1.06131,1.06141,1.06117,1.06119,0
2023-03-03 02:51:00+00:00,1.06118,1.06118,1.06102,1.06104,0
2023-03-03 02:52:00+00:00,1.06104,1.0611,1.06098,1.0611,0
2023-03-03 02:53:00+00:00,1.0611,1.06122,1.06108,1.06121,0
2023-03-03 02:54:00+00:00,1.06121,1.06127,1.06115,1.0612,0
2023-03-03 02:55:00+00:00,1.0612,1.0612,1.06104,1.06106,0
2023-03-03 02:56:00+00:00,1.06107,1.06111,1.06093,1.06095,0
2023-03-03 02:57:00+00:00,1.06096,1.061,1.06091,1.06099,0
2023-03-03 02:58:00+00:00,1.06099,1.06106,1.06094,1.061,0
2023-03-03 02:59:00+00:00,1.06102,1.06111,1.06097,1.06097,0
2023-03-03 03:00:00+00:00,1.06098,1.0614,1.06098,1.06136,0
2023-03-03 03:01:00+00:00,1.06137,1.06154,1.06134,1.0615,0
2023-03-03 03:02:00+00:00,1.06151,1.06157,1.06127,1.06128,0
2023-03-03 03:03:00+00:00,1.06128,1.06166,1.06128,1.06158,0
2023-03-03 03:04:00+00:00,1.06157,1.06184,1.06154,1.06184,0
2023-03-03 03:05:00+00:00,1.06183,1.06197,1.06167,1.06179,0
2023-03-03 03:06:00+00:00,1.06181,1.0619,1.06164,1.06173,0
2023-03-03 03:07:00+00:00,1.06172,1.06178,1.06124,1.06145,0
2023-03-03 03:08:00+00:00,1.06147,1.06155,1.06139,1.06149,0
2023-03-03 03:09:00+00:00,1.06148,1.06155,1.06132,1.06154,0
2023-03-03 03:10:00+00:00,1.06154,1.06165,1.06124,1.06124,0
2023-03-03 03:11:00+00:00,1.06125,1.06139,1.06108,1.06139,0
2023-03-03 03:12:00+00:00,1.0614,1.06143,1.06129,1.06138,0
2023-03-03 03:13:00+00:00,1.06137,1.06148,1.06127,1.06128,0
2023-03-03 03:14:00+00:00,1.06129,1.06141,1.06127,1.06138,0
2023-03-03 03:15:00+00:00,1.06139,1.0615,1.0613,1.06144,0
2023-03-03 03:16:00+00:00,1.06143,1.06175,1.06142,1.06175,0
2023-03-03 03:17:00+00:00,1.06174,1.06218,1.06166,1.06208,0
2023-03-03 03:18:00+00:00,1.0621,1.06228,1.06206,1.06214,0
2023-03-03 03:19:00+00:00,1.06213,1.06222,1.0621,1.06213,0
2023-03-03 03:20:00+00:00,1.06213,1.06215,1.06194,1.06204,0
2023-03-03 03:21:00+00:00,1.06206,1.06207,1.06195,1.06204,0
2023-03-03 03:22:00+00:00,1.06205,1.06215,1.06197,1.06209,0
2023-03-03 03:23:00+00:00,1.06208,1.06224,1.06195,1.06215,0
2023-03-03 03:24:00+00:00,1.06214,1.06218,1.06203,1.0621,0
2023-03-03 03:25:00+00:00,1.06211,1.06217,1.06189,1.06217,0
2023-03-03 03:26:00+00:00,1.06216,1.06216,1.06203,1.06213,0
2023-03-03 03:27:00+00:00,1.06213,1.0623,1.06212,1.06229,0
2023-03-03 03:28:00+00:00,1.06229,1.06229,1.06203,1.06204,0
2023-03-03 03:29:00+00:00,1.06206,1.06206,1.06184,1.06185,0
2023-03-03 03:30:00+00:00,1.06184,1.06197,1.06169,1.06179,0
2023-03-03 03:31:00+00:00,1.06179,1.06192,1.06173,1.0619,0
2023-03-03 03:32:00+00:00,1.0619,1.06229,1.0619,1.06228,0
2023-03-03 03:33:00+00:00,1.06229,1.06233,1.06222,1.06231,0
2023-03-03 03:34:00+00:00,1.06232,1.06232,1.0621,1.06223,0
2023-03-03 03:35:00+00:00,1.06223,1.06239,1.06217,1.06236,0
2023-03-03 03:36:00+00:00,1.06235,1.06249,1.06231,1.06248,0
2023-03-03 03:37:00+00:00,1.06248,1.06259,1.06239,1.06247,0
2023-03-03 03:38:00+00:00,1.06247,1.06255,1.06242,1.06249,0
2023-03-03 03:39:00+00:00,1.06249,1.06258,1.06247,1.06251,0
2023-03-03 03:40:00+00:00,1.06251,1.06265,1.06248,1.06264,0
2023-03-03 03:41:00+00:00,1.06265,1.0628,1.06256,1.06277,0
2023-03-03 03:42:00+00:00,1.06277,1.0629,1.06265,1.06265,0
2023-03-03 03:43:00+00:00,1.06264,1.06265,1.06248,1.06256,0
2023-03-03 03:44:00+00:00,1.06256,1.06265,1.06255,1.06255,0
2023-03-03 03:45:00+00:00,1.06255,1.06255,1.06222,1.06224,0
2023-03-03 03:46:00+00:00,1.06222,1.06222,1.06207,1.06215,0
2023-03-03 03:47:00+00:00,1.06216,1.06239,1.06214,1.06239,0
2023-03-03 03:48:00+00:00,1.06238,1.06242,1.0622,1.06221,0
2023-03-03 03:49:00+00:00,1.06221,1.06238,1.06217,1.06228,0
2023-03-03 03:50:00+00:00,1.06228,1.06229,1.06209,1.06214,0
2023-03-03 03:51:00+00:00,1.06213,1.06218,1.06204,1.06209,0
2023-03-03 03:52:00+00:00,1.06208,1.0622,1.06203,1.06219,0
2023-03-03 03:53:00+00:00,1.06219,1.06223,1.06214,1.0622,0
2023-03-03 03:54:00+00:00,1.06219,1.06234,1.06218,1.06222,0
2023-03-03 03:55:00+00:00,1.06222,1.06226,1.06207,1.06226,0
2023-03-03 03:56:00+00:00,1.06224,1.06235,1.0622,1.06228,0
2023-03-03 03:57:00+00:00,1.06228,1.06237,1.06213,1.06214,0
2023-03-03 03:58:00+00:00,1.06214,1.06221,1.06211,1.06214,0
2023-03-03 03:59:00+00:00,1.06214,1.06215,1.06204,1.06208,0
2023-03-03 04:00:00+00:00,1.06208,1.06208,1.06168,1.06176,0
2023-03-03 04:01:00+00:00,1.06174,1.06188,1.06174,1.06175,0
2023-03-03 04:02:00+00:00,1.06174,1.06202,1.06174,1.06201,0
2023-03-03 04:03:00+00:00,1.062,1.06205,1.06194,1.06202,0
2023-03-03 04:04:00+00:00,1.06201,1.06207,1.06185,1.0619,0
2023-03-03 04:05:00+00:00,1.06189,1.06195,1.06175,1.06186,0
2023-03-03 04:06:00+00:00,1.06187,1.06201,1.06185,1.06196,0
2023-03-03 04:07:00+00:00,1.06196,1.06197,1.06178,1.06178,0
2023-03-03 04:08:00+00:00,1.06178,1.06197,1.06169,1.06194,0
2023-03-03 04:09:00+00:00,1.06193,1.06193,1.06168,1.06171,0
2023-03-03 04:10:00+00:00,1.06172,1.06194,1.06172,1.06176,0
2023-03-03 04:11:00+00:00,1.06175,1.06175,1.06132,1.06133,0
2023-03-03 04:12:00+00:00,1.06136,1.06141,1.06113,1.06135,0
2023-03-03 04:13:00+00:00,1.06137,1.0615,1.06137,1.06148,0
2023-03-03 04:14:00+00:00,1.06149,1.06149,1.06128,1.06138,0
2023-03-03 04:15:00+00:00,1.06137,1.06167,1.06137,1.06158,0
2023-03-03 04:16:00+00:00,1.06158,1.06177,1.06144,1.06168,0
2023-03-03 04:17:00+00:00,1.06169,1.06191,1.06169,1.0618,0
2023-03-03 04:18:00+00:00,1.06178,1.06179,1.06144,1.06152,0
2023-03-03 04:19:00+00:00,1.06153,1.06169,1.06151,1.06157,0
2023-03-03 04:20:00+00:00,1.06158,1.06174,1.06153,1.06174,0
2023-03-03 04:21:00+00:00,1.06174,1.06179,1.06163,1.0617,0
2023-03-03 04:22:00+00:00,1.0617,1.06191,1.0617,1.06186,0
2023-03-03 04:23:00+00:00,1.06186,1.06195,1.06179,1.06185,0
2023-03-03 04:24:00+00:00,1.06184,1.06209,1.06182,1.06199,0
2023-03-03 04:25:00+00:00,1.062,1.06206,1.06189,1.06193,0
2023-03-03 04:26:00+00:00,1.06193,1.062,1.06175,1.06183,0
2023-03-03 04:27:00+00:00,1.06183,1.06188,1.06174,1.06174,0
2023-03-03 04:28:00+00:00,1.06174,1.06179,1.06161,1.06164,0
2023-03-03 04:29:00+00:00,1.06166,1.06179,1.06161,1.06167,0
2023-03-03 04:30:00+00:00,1.06165,1.06199,1.06161,1.06198,0
2023-03-03 04:31:00+00:00,1.06199,1.06199,1.06183,1.06188,0
2023-03-03 04:32:00+00:00,1.06189,1.06191,1.06164,1.06167,0
2023-03-03 04:33:00+00:00,1.06166,1.06186,1.06164,1.06185,0
2023-03-03 04:34:00+00:00,1.06186,1.06191,1.06173,1.06189,0
2023-03-03 04:35:00+00:00,1.06189,1.06193,1.06184,1.06188,0
2023-03-03 04:36:00+00:00,1.0619,1.06197,1.06188,1.06194,0
2023-03-03 04:37:00+00:00,1.06196,1.06204,1.06186,1.06191,0
2023-03-03 04:38:00+00:00,1.0619,1.06194,1.0618,1.0619,0
2023-03-03 04:39:00+00:00,1.0619,1.06195,1.0617,1.06173,0
2023-03-03 04:40:00+00:00,1.06173,1.06175,1.06132,1.06134,0
2023-03-03 04:41:00+00:00,1.06135,1.06143,1.06129,1.06132,0
2023-03-03 04:42:00+00:00,1.06134,1.06134,1.06118,1.06127,0
2023-03-03 04:43:00+00:00,1.06128,1.06139,1.06122,1.06128,0
2023-03-03 04:44:00+00:00,1.06129,1.06137,1.06127,1.06129,0
2023-03-03 04:45:00+00:00,1.06128,1.06149,1.06128,1.06147,0
2023-03-03 04:46:00+00:00,1.06148,1.06156,1.06144,1.06148,0
2023-03-03 04:47:00+00:00,1.06149,1.06152,1.06134,1.06139,0
2023-03-03 04:48:00+00:00,1.06141,1.06141,1.06127,1.06133,0
2023-03-03 04:49:00+00:00,1.06133,1.06134,1.06119,1.06123,0
2023-03-03 04:50:00+00:00,1.06124,1.06124,1.06102,1.06104,0
2023-03-03 04:51:00+00:00,1.06105,1.06105,1.06076,1.06076,0
2023-03-03 04:52:00+00:00,1.06076,1.06096,1.06074,1.06093,0
2023-03-03 04:53:00+00:00,1.06093,1.06094,1.06088,1.06088,0
2023-03-03 04:54:00+00:00,1.06089,1.06097,1.06078,1.06091,0
2023-03-03 04:55:00+00:00,1.06091,1.0611,1.06086,1.0611,0
2023-03-03 04:56:00+00:00,1.06113,1.06151,1.06113,1.06136,0
2023-03-03 04:57:00+00:00,1.06136,1.06141,1.06078,1.06079,0
2023-03-03 04:58:00+00:00,1.06081,1.06105,1.06078,1.061,0
2023-03-03 04:59:00+00:00,1.06098,1.06111,1.06079,1.06097,0
2023-03-03 05:00:00+00:00,1.06097,1.06103,1.06078,1.06084,0
2023-03-03 05:01:00+00:00,1.06083,1.06099,1.06065,1.0607,0
2023-03-03 05:02:00+00:00,1.06068,1.06078,1.06062,1.06068,0
2023-03-03 05:03:00+00:00,1.06068,1.06075,1.06066,1.06068,0
2023-03-03 05:04:00+00:00,1.06068,1.06079,1.06065,1.06075,0
2023-03-03 05:05:00+00:00,1.06074,1.06074,1.06052,1.06055,0
2023-03-03 05:06:00+00:00,1.06058,1.06062,1.0603,1.0603,0
2023-03-03 05:07:00+00:00,1.0603,1.06034,1.06007,1.06009,0
2023-03-03 05:08:00+00:00,1.06009,1.06046,1.06003,1.06035,0
2023-03-03 05:09:00+00:00,1.06036,1.0606,1.06036,1.06044,0
2023-03-03 05:10:00+00:00,1.06044,1.06058,1.0604,1.06045,0
2023-03-03 05:11:00+00:00,1.06046,1.06057,1.06034,1.06056,0
2023-03-03 05:12:00+00:00,1.06055,1.06066,1.06044,1.06062,0
2023-03-03 05:13:00+00:00,1.06063,1.06073,1.06059,1.06065,0
2023-03-03 05:14:00+00:00,1.06064,1.06091,1.06057,1.06091,0
2023-03-03 05:15:00+00:00,1.0609,1.06099,1.06071,1.0609,0
2023-03-03 05:16:00+00:00,1.0609,1.06115,1.06087,1.0611,0
2023-03-03 05:17:00+00:00,1.0611,1.06119,1.06108,1.06109,0
2023-03-03 05:18:00+00:00,1.06108,1.06139,1.06108,1.06126,0
2023-03-03 05:19:00+00:00,1.06127,1.06146,1.06127,1.06135,0
2023-03-03 05:20:00+00:00,1.06135,1.06145,1.06129,1.06131,0
2023-03-03 05:21:00+00:00,1.0613,1.0614,1.0613,1.06131,0
2023-03-03 05:22:00+00:00,1.06131,1.06132,1.06123,1.06124,0
2023-03-03 05:23:00+00:00,1.06123,1.06152,1.06123,1.06145,0
2023-03-03 05:24:00+00:00,1.06147,1.06153,1.0613,1.0613,0
2023-03-03 05:25:00+00:00,1.06131,1.06143,1.06124,1.06124,0
2023-03-03 05:26:00+00:00,1.06124,1.06136,1.06118,1.06134,0
2023-03-03 05:27:00+00:00,1.06134,1.06134,1.06122,1.06125,0
2023-03-03 05:28:00+00:00,1.06125,1.06129,1.06119,1.06121,0
2023-03-03 05:29:00+00:00,1.0612,1.06138,1.0612,1.06128,0
2023-03-03 05:30:00+00:00,1.06127,1.06155,1.06127,1.06151,0
2023-03-03 05:31:00+00:00,1.06151,1.06156,1.06146,1.06151,0
2023-03-03 05:32:00+00:00,1.0615,1.06157,1.06141,1.0615,0
2023-03-03 05:33:00+00:00,1.06151,1.06151,1.06127,1.06135,0
2023-03-03 05:34:00+00:00,1.06137,1.06165,1.06137,1.06163,0
2023-03-03 05:35:00+00:00,1.06165,1.06185,1.06162,1.06185,0
2023-03-03 05:36:00+00:00,1.06188,1.06199,1.06188,1.06189,0
2023-03-03 05:37:00+00:00,1.06189,1.06194,1.06183,1.06188,0
2023-03-03 05:38:00+00:00,1.06188,1.0619,1.06176,1.0619,0
2023-03-03 05:39:00+00:00,1.06188,1.0619,1.0618,1.0618,0
2023-03-03 05:40:00+00:00,1.0618,1.06181,1.06165,1.06175,0
2023-03-03 05:41:00+00:00,1.06179,1.06202,1.06174,1.06201,0
2023-03-03 05:42:00+00:00,1.06202,1.06209,1.06194,1.06205,0
2023-03-03 05:43:00+00:00,1.06206,1.06227,1.06204,1.0622,0
2023-03-03 05:44:00+00:00,1.0622,1.06224,1.06209,1.06219,0
2023-03-03 05:45:00+00:00,1.0622,1.06231,1.06214,1.06217,0
2023-03-03 05:46:00+00:00,1.06216,1.0622,1.06201,1.06202,0
2023-03-03 05:47:00+00:00,1.06201,1.06202,1.06173,1.06173,0
2023-03-03 05:48:00+00:00,1.06173,1.06184,1.06171,1.06178,0
2023-03-03 05:49:00+00:00,1.06178,1.06178,1.06161,1.06165,0
2023-03-03 05:50:00+00:00,1.06164,1.06178,1.06157,1.06174,0
2023-03-03 05:51:00+00:00,1.06174,1.06176,1.06151,1.06159,0
2023-03-03 05:52:00+00:00,1.06157,1.06171,1.06155,1.06168,0
2023-03-03 05:53:00+00:00,1.06168,1.06179,1.06164,1.06165,0
2023-03-03 05:54:00+00:00,1.06165,1.06165,1.06159,1.06159,0
2023-03-03 05:55:00+00:00,1.0616,1.06176,1.0616,1.0617,0
2023-03-03 05:56:00+00:00,1.06169,1.06185,1.06162,1.0618,0
2023-03-03 05:57:00+00:00,1.0618,1.06183,1.0617,1.0617,0
2023-03-03 05:58:00+00:00,1.0617,1.06179,1.06167,1.06177,0
2023-03-03 05:59:00+00:00,1.06176,1.06176,1.06164,1.06165,0
2023-03-03 07:00:00+00:00,1.06144,1.06172,1.06144,1.06165,0
2023-03-03 07:01:00+00:00,1.06165,1.06184,1.06162,1.0618,0
2023-03-03 07:02:00+00:00,1.06179,1.06181,1.06171,1.06174,0
2023-03-03 07:03:00+00:00,1.06172,1.06173,1.06144,1.06144,0
2023-03-03 07:04:00+00:00,1.06144,1.06158,1.06143,1.06144,0
2023-03-03 07:05:00+00:00,1.06143,1.06144,1.06131,1.06135,0
2023-03-03 07:06:00+00:00,1.06135,1.0614,1.06125,1.06129,0
2023-03-03 07:07:00+00:00,1.0613,1.06134,1.06124,1.06129,0
2023-03-03 07:08:00+00:00,1.06128,1.06133,1.0611,1.06114,0
2023-03-03 07:09:00+00:00,1.06113,1.06118,1.06104,1.0611,0
2023-03-03 07:10:00+00:00,1.06109,1.0611,1.06099,1.061,0
2023-03-03 07:11:00+00:00,1.06099,1.06106,1.06092,1.06099,0
2023-03-03 07:12:00+00:00,1.06098,1.06113,1.06093,1.06094,0
2023-03-03 07:13:00+00:00,1.06093,1.06113,1.06093,1.06109,0
2023-03-03 07:14:00+00:00,1.06111,1.06111,1.06094,1.06099,0
2023-03-03 07:15:00+00:00,1.06099,1.06109,1.06092,1.06105,0
2023-03-03 07:16:00+00:00,1.06106,1.06123,1.06106,1.0612,0
2023-03-03 07:17:00+00:00,1.0612,1.06131,1.06111,1.06129,0
2023-03-03 07:18:00+00:00,1.0613,1.06136,1.06121,1.06133,0
2023-03-03 07:19:00+00:00,1.06136,1.06139,1.06113,1.06115,0
2023-03-03 07:20:00+00:00,1.06114,1.0612,1.06099,1.06115,0
2023-03-03 07:21:00+00:00,1.06117,1.06135,1.06117,1.06135,0
2023-03-03 07:22:00+00:00,1.06135,1.06135,1.06119,1.0612,0
2023-03-03 07:23:00+00:00,1.0612,1.06126,1.0612,1.06126,0
2023-03-03 07:24:00+00:00,1.06126,1.06126,1.06093,1.06095,0
2023-03-03 07:25:00+00:00,1.06094,1.06096,1.06067,1.06067,0
2023-03-03 07:26:00+00:00,1.06066,1.06067,1.06053,1.06063,0
2023-03-03 07:27:00+00:00,1.06063,1.06076,1.06063,1.06071,0
2023-03-03 07:28:00+00:00,1.06073,1.06076,1.06063,1.06069,0
2023-03-03 07:29:00+00:00,1.0607,1.06076,1.06069,1.0607,0
2023-03-03 07:30:00+00:00,1.06072,1.06087,1.06069,1.06086,0
2023-03-03 07:31:00+00:00,1.06087,1.0609,1.06082,1.06086,0
2023-03-03 07:32:00+00:00,1.06086,1.061,1.06084,1.06098,0
2023-03-03 07:33:00+00:00,1.06096,1.06099,1.06088,1.0609,0
2023-03-03 07:34:00+00:00,1.0609,1.0609,1.06081,1.06089,0
2023-03-03 07:35:00+00:00,1.06089,1.06097,1.06089,1.06097,0
2023-03-03 07:36:00+00:00,1.06097,1.06097,1.06075,1.06076,0
2023-03-03 07:37:00+00:00,1.06075,1.06079,1.06071,1.06075,0
2023-03-03 07:38:00+00:00,1.06074,1.06076,1.0606,1.06064,0
2023-03-03 07:39:00+00:00,1.06065,1.06077,1.06064,1.06074,0
2023-03-03 07:40:00+00:00,1.06074,1.06074,1.06054,1.0606,0
2023-03-03 07:41:00+00:00,1.06059,1.06064,1.06053,1.06061,0
2023-03-03 07:42:00+00:00,1.0606,1.06062,1.06053,1.06055,0
2023-03-03 07:43:00+00:00,1.06053,1.06053,1.06039,1.06044,0
2023-03-03 07:44:00+00:00,1.06044,1.06049,1.06041,1.06047,0
2023-03-03 07:45:00+00:00,1.06047,1.06061,1.06044,1.06054,0
2023-03-03 07:46:00+00:00,1.06055,1.06065,1.06041,1.06041,0
2023-03-03 07:47:00+00:00,1.0604,1.06045,1.06029,1.06043,0
2023-03-03 07:48:00+00:00,1.06042,1.06059,1.06039,1.06046,0
2023-03-03 07:49:00+00:00,1.06049,1.06062,1.06049,1.06055,0
2023-03-03 07:50:00+00:00,1.06054,1.06056,1.06043,1.06043,0
2023-03-03 07:51:00+00:00,1.06042,1.06054,1.06042,1.06054,0
2023-03-03 07:52:00+00:00,1.06054,1.06071,1.06054,1.06064,0
2023-03-03 07:53:00+00:00,1.06065,1.06092,1.06063,1.06091,0
2023-03-03 07:54:00+00:00,1.0609,1.06092,1.06078,1.0608,0
2023-03-03 07:55:00+00:00,1.0608,1.06095,1.06079,1.06091,0
2023-03-03 07:56:00+00:00,1.06091,1.06097,1.06084,1.06094,0
2023-03-03 07:57:00+00:00,1.06095,1.06099,1.0609,1.06099,0
2023-03-03 07:58:00+00:00,1.06098,1.06138,1.06097,1.06131,0
2023-03-03 07:59:00+00:00,1.06132,1.0614,1.06109,1.06123,0
2023-03-03 09:00:00+00:00,1.06223,1.06234,1.06212,1.06227,0
2023-03-03 09:01:00+00:00,1.06228,1.06249,1.06227,1.06235,0
2023-03-03 09:02:00+00:00,1.06234,1.06238,1.06222,1.06228,0
2023-03-03 09:03:00+00:00,1.0623,1.06246,1.06227,1.06243,0
2023-03-03 09:04:00+00:00,1.06242,1.06264,1.0624,1.06262,0
2023-03-03 09:05:00+00:00,1.06263,1.06294,1.06259,1.06263,0
2023-03-03 09:06:00+00:00,1.06263,1.06264,1.06242,1.06247,0
2023-03-03 09:07:00+00:00,1.06248,1.06253,1.06239,1.06249,0
2023-03-03 09:08:00+00:00,1.06249,1.06256,1.06243,1.06249,0
2023-03-03 09:09:00+00:00,1.06249,1.0625,1.06229,1.06229,0
2023-03-03 09:10:00+00:00,1.06229,1.06236,1.06228,1.06229,0
2023-03-03 09:11:00+00:00,1.06229,1.06244,1.06219,1.06242,0
2023-03-03 09:12:00+00:00,1.06241,1.06259,1.06238,1.06254,0
2023-03-03 09:13:00+00:00,1.06254,1.06268,1.06252,1.06264,0
2023-03-03 09:14:00+00:00,1.06264,1.06264,1.0624,1.06243,0
2023-03-03 09:15:00+00:00,1.06242,1.06254,1.06225,1.06225,0
2023-03-03 09:16:00+00:00,1.06226,1.06234,1.06221,1.06225,0
2023-03-03 09:17:00+00:00,1.06224,1.06224,1.06197,1.06203,0
2023-03-03 09:18:00+00:00,1.06203,1.06229,1.06203,1.06226,0
2023-03-03 09:19:00+00:00,1.06227,1.06227,1.06186,1.06187,0
2023-03-03 09:20:00+00:00,1.06189,1.0621,1.06187,1.06203,0
2023-03-03 09:21:00+00:00,1.06204,1.06204,1.06186,1.06187,0
2023-03-03 09:22:00+00:00,1.06186,1.06188,1.06163,1.06165,0
2023-03-03 09:23:00+00:00,1.06167,1.06168,1.0614,1.06142,0
2023-03-03 09:24:00+00:00,1.06141,1.06142,1.06126,1.06128,0
2023-03-03 09:25:00+00:00,1.06127,1.06134,1.06118,1.06118,0
2023-03-03 09:26:00+00:00,1.06117,1.06132,1.06114,1.06118,0
2023-03-03 09:27:00+00:00,1.06117,1.06157,1.06117,1.0615,0
2023-03-03 09:28:00+00:00,1.06149,1.06149,1.06131,1.06137,0
2023-03-03 09:29:00+00:00,1.06136,1.06155,1.06133,1.06153,0
2023-03-03 09:30:00+00:00,1.06152,1.06174,1.06124,1.06133,0
2023-03-03 09:31:00+00:00,1.06136,1.06159,1.06136,1.06149,0
2023-03-03 09:32:00+00:00,1.06149,1.06173,1.06148,1.06149,0
2023-03-03 09:33:00+00:00,1.06147,1.06153,1.06133,1.06142,0
2023-03-03 09:34:00+00:00,1.06143,1.06178,1.06139,1.06178,0
2023-03-03 09:35:00+00:00,1.06178,1.06189,1.06167,1.06175,0
2023-03-03 09:36:00+00:00,1.06174,1.0618,1.0616,1.06174,0
2023-03-03 09:37:00+00:00,1.06177,1.06189,1.0617,1.06184,0
2023-03-03 09:38:00+00:00,1.06185,1.06194,1.06159,1.0616,0
2023-03-03 09:39:00+00:00,1.06161,1.06183,1.06148,1.06158,0
2023-03-03 09:40:00+00:00,1.06158,1.06169,1.06156,1.06159,0
2023-03-03 09:41:00+00:00,1.06159,1.0618,1.06155,1.06168,0
2023-03-03 09:42:00+00:00,1.06167,1.06168,1.06152,1.06153,0
2023-03-03 09:43:00+00:00,1.06152,1.06176,1.06143,1.06167,0
2023-03-03 09:44:00+00:00,1.06168,1.06172,1.06141,1.06143,0
2023-03-03 09:45:00+00:00,1.06145,1.06179,1.06132,1.06152,0
2023-03-03 09:46:00+00:00,1.06152,1.06201,1.06152,1.06193,0
2023-03-03 09:47:00+00:00,1.06193,1.06204,1.06171,1.06203,0
2023-03-03 09:48:00+00:00,1.06202,1.06223,1.06199,1.0622,0
2023-03-03 09:49:00+00:00,1.06221,1.06224,1.06198,1.06198,0
2023-03-03 09:50:00+00:00,1.06197,1.062,1.06183,1.06194,0
2023-03-03 09:51:00+00:00,1.06194,1.06198,1.06172,1.06183,0
2023-03-03 09:52:00+00:00,1.06185,1.06205,1.06178,1.06187,0
2023-03-03 09:53:00+00:00,1.06186,1.06192,1.06163,1.06179,0
2023-03-03 09:54:00+00:00,1.0618,1.06186,1.06163,1.06175,0
2023-03-03 09:55:00+00:00,1.06174,1.06179,1.06133,1.06147,0
2023-03-03 09:56:00+00:00,1.06146,1.06152,1.06134,1.06134,0
2023-03-03 09:57:00+00:00,1.06133,1.06164,1.06117,1.06119,0
2023-03-03 09:58:00+00:00,1.0612,1.06142,1.0612,1.06132,0
2023-03-03 09:59:00+00:00,1.0613,1.06157,1.0613,1.06135,0
2023-03-03 11:00:00+00:00,1.05976,1.05991,1.05969,1.0598,0
2023-03-03 11:01:00+00:00,1.05979,1.05984,1.05952,1.05983,0
2023-03-03 11:02:00+00:00,1.05984,1.05999,1.05963,1.05995,0
2023-03-03 11:03:00+00:00,1.05996,1.05996,1.05948,1.05959,0
2023-03-03 11:04:00+00:00,1.05962,1.05966,1.05953,1.05958,0
2023-03-03 11:05:00+00:00,1.05959,1.05991,1.05949,1.05981,0
2023-03-03 11:06:00+00:00,1.05983,1.06001,1.05981,1.05988,0
2023-03-03 11:07:00+00:00,1.05989,1.06003,1.05978,1.06003,0
2023-03-03 11:08:00+00:00,1.06005,1.06011,1.05956,1.0596,0
2023-03-03 11:09:00+00:00,1.05958,1.05966,1.05953,1.0596,0
2023-03-03 11:10:00+00:00,1.0596,1.05963,1.0594,1.05946,0
2023-03-03 11:11:00+00:00,1.05946,1.05946,1.05924,1.0593,0
2023-03-03 11:12:00+00:00,1.05932,1.05962,1.0593,1.05953,0
2023-03-03 11:13:00+00:00,1.05953,1.05982,1.05952,1.05977,0
2023-03-03 11:14:00+00:00,1.05979,1.05997,1.05976,1.05984,0
2023-03-03 11:15:00+00:00,1.05984,1.0599,1.05977,1.05989,0
2023-03-03 11:16:00+00:00,1.05988,1.05997,1.05973,1.05996,0
2023-03-03 11:17:00+00:00,1.05997,1.06018,1.05991,1.06012,0
2023-03-03 11:18:00+00:00,1.06013,1.06026,1.06009,1.0602,0
2023-03-03 11:19:00+00:00,1.06021,1.06021,1.05982,1.05989,0
2023-03-03 11:20:00+00:00,1.05989,1.05989,1.05959,1.05967,0
2023-03-03 11:21:00+00:00,1.05968,1.05995,1.05958,1.05988,0
2023-03-03 11:22:00+00:00,1.05988,1.06003,1.05983,1.05993,0
2023-03-03 11:23:00+00:00,1.05995,1.06003,1.0599,1.05999,0
2023-03-03 11:24:00+00:00,1.06,1.06002,1.05984,1.06,0
2023-03-03 11:25:00+00:00,1.06,1.06015,1.05992,1.06004,0
2023-03-03 11:26:00+00:00,1.06004,1.06024,1.06,1.06013,0
2023-03-03 11:27:00+00:00,1.06015,1.06017,1.05998,1.06007,0
2023-03-03 11:28:00+00:00,1.0601,1.06023,1.06002,1.06023,0
2023-03-03 11:29:00+00:00,1.06027,1.06031,1.06018,1.06027,0
2023-03-03 11:30:00+00:00,1.06028,1.06042,1.06027,1.06029,0
2023-03-03 11:31:00+00:00,1.06029,1.06033,1.06013,1.06018,0
2023-03-03 11:32:00+00:00,1.06022,1.0603,1.06018,1.06018,0
2023-03-03 11:33:00+00:00,1.06018,1.0603,1.06013,1.06019,0
2023-03-03 11:34:00+00:00,1.0602,1.06034,1.06013,1.06029,0
2023-03-03 11:35:00+00:00,1.06029,1.0606,1.06029,1.06054,0
2023-03-03 11:36:00+00:00,1.06056,1.06061,1.06054,1.06059,0
2023-03-03 11:37:00+00:00,1.06061,1.06093,1.06061,1.06085,0
2023-03-03 11:38:00+00:00,1.06085,1.06095,1.06061,1.06066,0
2023-03-03 11:39:00+00:00,1.06064,1.06064,1.06039,1.06056,0
2023-03-03 11:40:00+00:00,1.06055,1.06072,1.06055,1.06072,0
2023-03-03 11:41:00+00:00,1.06072,1.06072,1.06059,1.06064,0
2023-03-03 11:42:00+00:00,1.06063,1.06071,1.06049,1.06064,0
2023-03-03 11:43:00+00:00,1.06065,1.06093,1.06063,1.06093,0
2023-03-03 11:44:00+00:00,1.06094,1.0611,1.06093,1.06102,0
2023-03-03 11:45:00+00:00,1.06101,1.06113,1.06094,1.06108,0
2023-03-03 11:46:00+00:00,1.0611,1.06123,1.06103,1.06108,0
2023-03-03 11:47:00+00:00,1.06106,1.06116,1.061,1.06107,0
2023-03-03 11:48:00+00:00,1.06107,1.06124,1.06106,1.06109,0
2023-03-03 11:49:00+00:00,1.06107,1.06112,1.061,1.06108,0
2023-03-03 11:50:00+00:00,1.06108,1.06123,1.06103,1.06103,0
2023-03-03 11:51:00+00:00,1.06102,1.06122,1.06102,1.06114,0
2023-03-03 11:52:00+00:00,1.06114,1.06165,1.06114,1.06159,0
2023-03-03 11:53:00+00:00,1.06158,1.06161,1.06131,1.06136,0
2023-03-03 11:54:00+00:00,1.06137,1.0615,1.06135,1.06139,0
2023-03-03 11:55:00+00:00,1.06139,1.0615,1.06139,1.06141,0
2023-03-03 11:56:00+00:00,1.06142,1.06166,1.06138,1.06143,0
2023-03-03 11:57:00+00:00,1.06143,1.06159,1.06143,1.06159,0
2023-03-03 11:58:00+00:00,1.0616,1.06171,1.06157,1.06159,0
2023-03-03 11:59:00+00:00,1.06159,1.06169,1.06158,1.06159,0
2023-03-03 13:00:00+00:00,1.06245,1.06251,1.06237,1.06239,0
2023-03-03 13:01:00+00:00,1.0624,1.06255,1.06239,1.06247,0
2023-03-03 13:02:00+00:00,1.06247,1.06248,1.06239,1.06244,0
2023-03-03 13:03:00+00:00,1.06244,1.06244,1.06237,1.06238,0
2023-03-03 13:04:00+00:00,1.06236,1.06245,1.06232,1.06244,0
2023-03-03 13:05:00+00:00,1.06245,1.06246,1.06229,1.06234,0
2023-03-03 13:06:00+00:00,1.06233,1.06245,1.06233,1.06243,0
2023-03-03 13:07:00+00:00,1.06243,1.06252,1.06241,1.06251,0
2023-03-03 13:08:00+00:00,1.06251,1.0626,1.06251,1.06256,0
2023-03-03 13:09:00+00:00,1.06257,1.06262,1.06251,1.06259,0
2023-03-03 13:10:00+00:00,1.06258,1.0626,1.06254,1.06257,0
2023-03-03 13:11:00+00:00,1.06256,1.06258,1.06247,1.06249,0
2023-03-03 13:12:00+00:00,1.06249,1.06267,1.06248,1.06266,0
2023-03-03 13:13:00+00:00,1.06266,1.06273,1.0626,1.06262,0
2023-03-03 13:14:00+00:00,1.06261,1.06262,1.06251,1.06253,0
2023-03-03 13:15:00+00:00,1.06252,1.06252,1.06227,1.06227,0
2023-03-03 13:16:00+00:00,1.06229,1.06229,1.06215,1.0622,0
2023-03-03 13:17:00+00:00,1.06219,1.06231,1.06215,1.06223,0
2023-03-03 13:18:00+00:00,1.06222,1.06236,1.0622,1.06222,0
2023-03-03 13:19:00+00:00,1.0622,1.06225,1.06212,1.06222,0
2023-03-03 13:20:00+00:00,1.06222,1.06224,1.06218,1.06222,0
2023-03-03 13:21:00+00:00,1.06222,1.06222,1.06211,1.06218,0
2023-03-03 13:22:00+00:00,1.06217,1.06226,1.06217,1.06226,0
2023-03-03 13:23:00+00:00,1.06226,1.06233,1.06219,1.06221,0
2023-03-03 13:24:00+00:00,1.06223,1.06223,1.0621,1.06212,0
2023-03-03 13:25:00+00:00,1.06212,1.06231,1.06211,1.06223,0
2023-03-03 13:26:00+00:00,1.06224,1.06237,1.06221,1.06235,0
2023-03-03 13:27:00+00:00,1.06236,1.06237,1.0623,1.06232,0
2023-03-03 13:28:00+00:00,1.06232,1.06236,1.0622,1.06231,0
2023-03-03 13:29:00+00:00,1.06234,1.06236,1.06221,1.06231,0
2023-03-03 13:30:00+00:00,1.06233,1.06236,1.06228,1.06231,0
2023-03-03 13:31:00+00:00,1.0623,1.0623,1.06221,1.06221,0
2023-03-03 13:32:00+00:00,1.06221,1.06221,1.06206,1.06209,0
2023-03-03 13:33:00+00:00,1.06206,1.06212,1.06206,1.06211,0
2023-03-03 13:34:00+00:00,1.06209,1.06214,1.06202,1.06203,0
2023-03-03 13:35:00+00:00,1.06202,1.06205,1.06199,1.062,0
2023-03-03 13:36:00+00:00,1.062,1.06207,1.062,1.06201,0
2023-03-03 13:37:00+00:00,1.06204,1.06205,1.06202,1.06205,0
2023-03-03 13:38:00+00:00,1.06205,1.06207,1.06199,1.06205,0
2023-03-03 13:39:00+00:00,1.06206,1.06207,1.06204,1.06206,0
2023-03-03 13:40:00+00:00,1.06205,1.06205,1.06198,1.06201,0
2023-03-03 13:41:00+00:00,1.06201,1.06211,1.06201,1.0621,0
2023-03-03 13:42:00+00:00,1.06209,1.06226,1.06208,1.06216,0
2023-03-03 13:43:00+00:00,1.06217,1.06227,1.06217,1.06225,0
2023-03-03 13:44:00+00:00,1.06226,1.06228,1.06222,1.06226,0
2023-03-03 13:45:00+00:00,1.06226,1.06227,1.06214,1.06214,0
2023-03-03 13:46:00+00:00,1.06212,1.06221,1.0621,1.0622,0
2023-03-03 13:47:00+00:00,1.06219,1.06227,1.06219,1.06222,0
2023-03-03 13:48:00+00:00,1.06223,1.06226,1.06223,1.06226,0
2023-03-03 13:49:00+00:00,1.06226,1.06229,1.06223,1.06227,0
2023-03-03 13:50:00+00:00,1.06225,1.06227,1.06219,1.06221,0
2023-03-03 13:51:00+00:00,1.0622,1.06222,1.06212,1.06212,0
2023-03-03 13:52:00+00:00,1.06211,1.06223,1.06205,1.06222,0
2023-03-03 13:53:00+00:00,1.06222,1.06225,1.06219,1.06225,0
2023-03-03 13:54:00+00:00,1.06224,1.06227,1.06217,1.06224,0
2023-03-03 13:55:00+00:00,1.06224,1.06234,1.06224,1.06228,0
2023-03-03 13:56:00+00:00,1.06231,1.06233,1.06228,1.06228,0
2023-03-03 13:57:00+00:00,1.06227,1.06234,1.06224,1.06227,0
2023-03-03 13:58:00+00:00,1.06227,1.06232,1.06226,1.06231,0
2023-03-03 13:59:00+00:00,1.0623,1.06246,1.0623,1.06242,0
2023-03-03 15:00:00+00:00,1.06344,1.06353,1.0633,1.06347,0
2023-03-03 15:01:00+00:00,1.06347,1.06362,1.06346,1.06356,0
2023-03-03 15:02:00+00:00,1.06358,1.06364,1.06349,1.0635,0
2023-03-03 15:03:00+00:00,1.0635,1.06357,1.0634,1.06357,0
2023-03-03 15:04:00+00:00,1.06358,1.06372,1.06356,1.0637,0
2023-03-03 15:05:00+00:00,1.0637,1.06384,1.0637,1.06379,0
2023-03-03 15:06:00+00:00,1.0638,1.06382,1.06374,1.06375,0
2023-03-03 15:07:00+00:00,1.06377,1.06377,1.06374,1.06377,0
2023-03-03 15:08:00+00:00,1.06376,1.06378,1.06374,1.06376,0
2023-03-03 15:09:00+00:00,1.06374,1.0638,1.06374,1.06375,0
2023-03-03 15:10:00+00:00,1.06377,1.06377,1.06374,1.06374,0
2023-03-03 15:11:00+00:00,1.06375,1.06375,1.06374,1.06374,0
2023-03-03 15:12:00+00:00,1.06377,1.06382,1.06374,1.06378,0
2023-03-03 15:13:00+00:00,1.06377,1.06379,1.06374,1.06374,0
2023-03-03 15:14:00+00:00,1.06375,1.06375,1.0637,1.06374,0
2023-03-03 15:15:00+00:00,1.06374,1.06374,1.06373,1.06374,0
2023-03-03 15:16:00+00:00,1.06373,1.06377,1.06369,1.06373,0
2023-03-03 15:17:00+00:00,1.06372,1.06374,1.06357,1.06358,0
2023-03-03 15:18:00+00:00,1.06359,1.06359,1.06344,1.06353,0
2023-03-03 15:19:00+00:00,1.06354,1.06354,1.06338,1.06344,0
2023-03-03 15:20:00+00:00,1.06343,1.06353,1.06341,1.06347,0
2023-03-03 15:21:00+00:00,1.06349,1.06354,1.06347,1.06353,0
2023-03-03 15:22:00+00:00,1.06353,1.06353,1.06342,1.06344,0
2023-03-03 15:23:00+00:00,1.06342,1.06353,1.06342,1.0635,0
2023-03-03 15:24:00+00:00,1.06349,1.06352,1.06347,1.06348,0
2023-03-03 15:25:00+00:00,1.06348,1.06348,1.06337,1.06343,0
2023-03-03 15:26:00+00:00,1.06343,1.06343,1.06338,1.06341,0
2023-03-03 15:27:00+00:00,1.06341,1.06358,1.06339,1.06358,0
2023-03-03 15:28:00+00:00,1.06359,1.06365,1.06359,1.06362,0
2023-03-03 15:29:00+00:00,1.06362,1.06362,1.06356,1.06358,0
2023-03-03 15:30:00+00:00,1.06357,1.06357,1.06346,1.06349,0
2023-03-03 15:31:00+00:00,1.06349,1.0635,1.06339,1.06343,0
2023-03-03 15:32:00+00:00,1.06343,1.06344,1.06332,1.06332,0
2023-03-03 15:33:00+00:00,1.06333,1.06335,1.06328,1.06332,0
2023-03-03 15:34:00+00:00,1.06332,1.06334,1.06332,1.06333,0
2023-03-03 15:35:00+00:00,1.06333,1.06335,1.06333,1.06333,0
2023-03-03 15:36:00+00:00,1.06335,1.06335,1.06329,1.06333,0
2023-03-03 15:37:00+00:00,1.06334,1.06335,1.06332,1.06332,0
2023-03-03 15:38:00+00:00,1.06333,1.06348,1.06333,1.06348,0
2023-03-03 15:39:00+00:00,1.0635,1.06352,1.06343,1.06347,0
2023-03-03 15:40:00+00:00,1.06347,1.06351,1.06342,1.06351,0
2023-03-03 15:41:00+00:00,1.06351,1.06352,1.06337,1.06339,0
2023-03-03 15:42:00+00:00,1.06339,1.0634,1.06332,1.06332,0
2023-03-03 15:43:00+00:00,1.06333,1.06337,1.06328,1.06333,0
2023-03-03 15:44:00+00:00,1.06332,1.06337,1.06332,1.06332,0
2023-03-03 15:45:00+00:00,1.0633,1.06331,1.06317,1.06319,0
2023-03-03 15:46:00+00:00,1.06318,1.0632,1.0631,1.06311,0
2023-03-03 15:47:00+00:00,1.06312,1.06313,1.06306,1.06306,0
2023-03-03 15:48:00+00:00,1.06307,1.06309,1.06302,1.06307,0
2023-03-03 15:49:00+00:00,1.06307,1.06322,1.06306,1.06317,0
2023-03-03 15:50:00+00:00,1.06318,1.0633,1.06308,1.06322,0
2023-03-03 15:51:00+00:00,1.06322,1.06323,1.06316,1.06317,0
2023-03-03 15:52:00+00:00,1.06318,1.06323,1.06316,1.06318,0
2023-03-03 15:53:00+00:00,1.06318,1.0633,1.06316,1.06327,0
2023-03-03 15:54:00+00:00,1.06328,1.06335,1.06327,1.06328,0
2023-03-03 15:55:00+00:00,1.06327,1.06339,1.06323,1.06333,0
2023-03-03 15:56:00+00:00,1.06333,1.06337,1.06329,1.06333,0
2023-03-03 15:57:00+00:00,1.06333,1.06333,1.06323,1.06327,0
2023-03-03 15:58:00+00:00,1.06328,1.06337,1.06324,1.06327,0
2023-03-03 15:59:00+00:00,1.06327,1.06351,1.06326,1.0635,0
2023-03-05 18:00:00+00:00,1.06266,1.06288,1.06256,1.06267,0
2023-03-05 18:01:00+00:00,1.06267,1.06268,1.06257,1.06257,0
2023-03-05 18:02:00+00:00,1.06257,1.06261,1.06252,1.06261,0
2023-03-05 18:03:00+00:00,1.06261,1.06261,1.06252,1.06253,0
2023-03-05 18:04:00+00:00,1.06257,1.06258,1.06257,1.06257,0
2023-03-05 18:05:00+00:00,1.06257,1.06268,1.06257,1.06267,0
2023-03-05 18:06:00+00:00,1.06268,1.06269,1.06267,1.06268,0
2023-03-05 18:07:00+00:00,1.06269,1.06281,1.06269,1.06278,0
2023-03-05 18:08:00+00:00,1.06278,1.06278,1.06238,1.06242,0
2023-03-05 18:09:00+00:00,1.06241,1.06259,1.06238,1.06238,0
2023-03-05 18:10:00+00:00,1.06237,1.06247,1.06232,1.06234,0
2023-03-05 18:11:00+00:00,1.06235,1.06241,1.06232,1.06241,0
2023-03-05 18:12:00+00:00,1.06241,1.06248,1.06241,1.06248,0
2023-03-05 18:13:00+00:00,1.06246,1.06256,1.06244,1.06252,0
2023-03-05 18:14:00+00:00,1.06253,1.06262,1.06252,1.06252,0
2023-03-05 18:15:00+00:00,1.06252,1.0626,1.06252,1.0626,0
2023-03-05 18:16:00+00:00,1.0626,1.06262,1.06255,1.06257,0
2023-03-05 18:17:00+00:00,1.06256,1.06256,1.06238,1.06241,0
2023-03-05 18:18:00+00:00,1.06247,1.06252,1.06246,1.06247,0
2023-03-05 18:19:00+00:00,1.06248,1.06251,1.06242,1.06242,0
2023-03-05 18:20:00+00:00,1.06242,1.06246,1.06237,1.06238,0
2023-03-05 18:21:00+00:00,1.06237,1.06252,1.06237,1.06252,0
2023-03-05 18:22:00+00:00,1.06247,1.06253,1.06234,1.06242,0
2023-03-05 18:23:00+00:00,1.06242,1.06257,1.06236,1.06257,0
2023-03-05 18:24:00+00:00,1.06257,1.06258,1.06242,1.06242,0
2023-03-05 18:25:00+00:00,1.06244,1.06249,1.06242,1.06242,0
2023-03-05 18:26:00+00:00,1.06243,1.06248,1.06243,1.06247,0
2023-03-05 18:27:00+00:00,1.06247,1.06254,1.06247,1.06251,0
2023-03-05 18:28:00+00:00,1.06248,1.06248,1.06237,1.06242,0
2023-03-05 18:29:00+00:00,1.06243,1.06243,1.06237,1.06237,0
2023-03-05 18:30:00+00:00,1.06237,1.06238,1.06232,1.06237,0
2023-03-05 18:31:00+00:00,1.06237,1.06245,1.06232,1.0624,0
2023-03-05 18:32:00+00:00,1.06241,1.06241,1.06239,1.06239,0
2023-03-05 18:33:00+00:00,1.06239,1.06247,1.06239,1.06244,0
2023-03-05 18:34:00+00:00,1.06247,1.06258,1.06246,1.06252,0
2023-03-05 18:35:00+00:00,1.06252,1.06254,1.06252,1.06253,0
2023-03-05 18:36:00+00:00,1.06253,1.06262,1.06253,1.06259,0
2023-03-05 18:37:00+00:00,1.0626,1.06263,1.0626,1.06263,0
2023-03-05 18:38:00+00:00,1.06262,1.06277,1.06262,1.06273,0
2023-03-05 18:39:00+00:00,1.06273,1.06277,1.06272,1.06276,0
2023-03-05 18:40:00+00:00,1.06276,1.06276,1.06262,1.06272,0
2023-03-05 18:41:00+00:00,1.06272,1.06272,1.06268,1.06268,0
2023-03-05 18:42:00+00:00,1.06269,1.06273,1.06269,1.06272,0
2023-03-05 18:43:00+00:00,1.06271,1.06271,1.06267,1.06269,0
2023-03-05 18:44:00+00:00,1.06269,1.06269,1.06265,1.06267,0
2023-03-05 18:45:00+00:00,1.06268,1.06274,1.06264,1.06264,0
2023-03-05 18:46:00+00:00,1.06264,1.06264,1.06263,1.06264,0
2023-03-05 18:47:00+00:00,1.06267,1.06275,1.06267,1.0627,0
2023-03-05 18:48:00+00:00,1.0627,1.06271,1.06269,1.06269,0
2023-03-05 18:49:00+00:00,1.0627,1.06279,1.06269,1.06279,0
2023-03-05 18:50:00+00:00,1.06277,1.06277,1.06262,1.06264,0
2023-03-05 18:51:00+00:00,1.06265,1.06265,1.06264,1.06265,0
2023-03-05 18:52:00+00:00,1.06265,1.06269,1.06264,1.06264,0
2023-03-05 18:53:00+00:00,1.06263,1.06268,1.06258,1.06268,0
2023-03-05 18:54:00+00:00,1.06269,1.06272,1.06267,1.06268,0
2023-03-05 18:55:00+00:00,1.06267,1.06268,1.06267,1.06268,0
2023-03-05 18:56:00+00:00,1.06267,1.06268,1.06264,1.06265,0
2023-03-05 18:57:00+00:00,1.06264,1.06265,1.06254,1.06261,0
2023-03-05 18:58:00+00:00,1.0626,1.0626,1.06258,1.06258,0
2023-03-05 18:59:00+00:00,1.06257,1.06258,1.06253,1.06254,0
2023-03-05 19:00:00+00:00,1.06255,1.06262,1.06253,1.06262,0
2023-03-05 19:01:00+00:00,1.06262,1.06272,1.06262,1.0627,0
2023-03-05 19:02:00+00:00,1.0627,1.0627,1.06263,1.06265,0
2023-03-05 19:03:00+00:00,1.06265,1.06274,1.06264,1.06273,0
2023-03-05 19:04:00+00:00,1.06276,1.06283,1.06273,1.06279,0
2023-03-05 19:05:00+00:00,1.06278,1.0629,1.06277,1.06289,0
2023-03-05 19:06:00+00:00,1.06289,1.06308,1.06289,1.06307,0
2023-03-05 19:07:00+00:00,1.06309,1.06319,1.06308,1.06314,0
2023-03-05 19:08:00+00:00,1.06312,1.06342,1.06311,1.06336,0
2023-03-05 19:09:00+00:00,1.06337,1.06337,1.06326,1.06335,0
2023-03-05 19:10:00+00:00,1.06334,1.06341,1.06325,1.06325,0
2023-03-05 19:11:00+00:00,1.06325,1.06327,1.06325,1.06326,0
2023-03-05 19:12:00+00:00,1.06328,1.06348,1.06328,1.06342,0
2023-03-05 19:13:00+00:00,1.06342,1.06354,1.06342,1.06343,0
2023-03-05 19:14:00+00:00,1.06344,1.06345,1.06329,1.0633,0
2023-03-05 19:15:00+00:00,1.06329,1.06334,1.06324,1.06332,0
2023-03-05 19:16:00+00:00,1.06335,1.06335,1.06314,1.06315,0
2023-03-05 19:17:00+00:00,1.06315,1.06318,1.06308,1.06313,0
2023-03-05 19:18:00+00:00,1.06312,1.06318,1.06312,1.06317,0
2023-03-05 19:19:00+00:00,1.06316,1.06319,1.06316,1.06317,0
2023-03-05 19:20:00+00:00,1.06317,1.06318,1.06312,1.06315,0
2023-03-05 19:21:00+00:00,1.06315,1.06324,1.06315,1.06319,0
2023-03-05 19:22:00+00:00,1.06319,1.0633,1.06315,1.0633,0
2023-03-05 19:23:00+00:00,1.06329,1.0634,1.06329,1.06339,0
2023-03-05 19:24:00+00:00,1.06339,1.06342,1.06335,1.06335,0
2023-03-05 19:25:00+00:00,1.06335,1.06354,1.06335,1.06353,0
2023-03-05 19:26:00+00:00,1.06354,1.06354,1.06344,1.06344,0
2023-03-05 19:27:00+00:00,1.06342,1.06345,1.06337,1.06344,0
2023-03-05 19:28:00+00:00,1.06343,1.06361,1.06343,1.06353,0
2023-03-05 19:29:00+00:00,1.06356,1.06364,1.06353,1.06363,0
2023-03-05 19:30:00+00:00,1.06363,1.06363,1.06352,1.06356,0
2023-03-05 19:31:00+00:00,1.06356,1.06363,1.06356,1.06361,0
2023-03-05 19:32:00+00:00,1.06359,1.06359,1.06351,1.06353,0
2023-03-05 19:33:00+00:00,1.06353,1.06361,1.06353,1.06356,0
2023-03-05 19:34:00+00:00,1.06356,1.06358,1.0635,1.06351,0
2023-03-05 19:35:00+00:00,1.0635,1.06351,1.06332,1.06334,0
2023-03-05 19:36:00+00:00,1.06334,1.06344,1.0633,1.06344,0
2023-03-05 19:37:00+00:00,1.06344,1.06344,1.06334,1.06334,0
2023-03-05 19:38:00+00:00,1.06335,1.0634,1.06333,1.06336,0
2023-03-05 19:39:00+00:00,1.06336,1.06341,1.06333,1.06334,0
2023-03-05 19:40:00+00:00,1.06334,1.06342,1.06332,1.06341,0
2023-03-05 19:41:00+00:00,1.06341,1.06342,1.0634,1.06342,0
2023-03-05 19:42:00+00:00,1.06341,1.06347,1.06341,1.06344,0
2023-03-05 19:43:00+00:00,1.06342,1.06342,1.06329,1.06335,0
2023-03-05 19:44:00+00:00,1.06334,1.06342,1.06334,1.06341,0
2023-03-05 19:45:00+00:00,1.0634,1.06341,1.06331,1.06336,0
2023-03-05 19:46:00+00:00,1.06336,1.06347,1.06336,1.06344,0
2023-03-05 19:47:00+00:00,1.06343,1.06347,1.06343,1.06344,0
2023-03-05 19:48:00+00:00,1.06342,1.06342,1.06341,1.06342,0
2023-03-05 19:49:00+00:00,1.06341,1.06357,1.06341,1.06353,0
2023-03-05 19:50:00+00:00,1.06352,1.06357,1.06328,1.06329,0
2023-03-05 19:51:00+00:00,1.06329,1.06334,1.06326,1.06333,0
2023-03-05 19:52:00+00:00,1.06332,1.06336,1.06328,1.06328,0
2023-03-05 19:53:00+00:00,1.06326,1.06326,1.06315,1.06318,0
2023-03-05 19:54:00+00:00,1.06319,1.06323,1.06302,1.06302,0
2023-03-05 19:55:00+00:00,1.06303,1.06324,1.06303,1.06309,0
2023-03-05 19:56:00+00:00,1.06309,1.06314,1.06304,1.0631,0
2023-03-05 19:57:00+00:00,1.0631,1.06311,1.06284,1.06285,0
2023-03-05 19:58:00+00:00,1.06285,1.06286,1.06269,1.0628,0
2023-03-05 19:59:00+00:00,1.06281,1.06283,1.06254,1.06266,0
2023-03-05 20:00:00+00:00,1.06269,1.06283,1.06269,1.06273,0
2023-03-05 20:01:00+00:00,1.06273,1.06286,1.06265,1.06283,0
2023-03-05 20:02:00+00:00,1.06282,1.06285,1.06271,1.0628,0
2023-03-05 20:03:00+00:00,1.0628,1.0629,1.06279,1.0629,0
2023-03-05 20:04:00+00:00,1.06291,1.06295,1.0627,1.06276,0
2023-03-05 20:05:00+00:00,1.06275,1.0628,1.06272,1.06275,0
2023-03-05 20:06:00+00:00,1.06275,1.06295,1.06273,1.06285,0
2023-03-05 20:07:00+00:00,1.06284,1.06286,1.06276,1.06281,0
2023-03-05 20:08:00+00:00,1.0628,1.06291,1.06278,1.06281,0
2023-03-05 20:09:00+00:00,1.0628,1.06281,1.06274,1.0628,0
2023-03-05 20:10:00+00:00,1.06281,1.06287,1.06276,1.06276,0
2023-03-05 20:11:00+00:00,1.06275,1.06281,1.06272,1.06277,0
2023-03-05 20:12:00+00:00,1.06278,1.06282,1.06275,1.06281,0
2023-03-05 20:13:00+00:00,1.06279,1.06279,1.06271,1.06271,0
2023-03-05 20:14:00+00:00,1.06271,1.06274,1.06256,1.06269,0
2023-03-05 20:15:00+00:00,1.06269,1.06275,1.0625,1.0625,0
2023-03-05 20:16:00+00:00,1.06252,1.06258,1.06252,1.06257,0
2023-03-05 20:17:00+00:00,1.06256,1.06262,1.0625,1.06253,0
2023-03-05 20:18:00+00:00,1.06253,1.06254,1.06242,1.06243,0
2023-03-05 20:19:00+00:00,1.06243,1.06251,1.06243,1.06251,0
2023-03-05 20:20:00+00:00,1.06252,1.06253,1.0624,1.06241,0
2023-03-05 20:21:00+00:00,1.06241,1.06249,1.06241,1.06244,0
2023-03-05 20:22:00+00:00,1.06244,1.06256,1.0624,1.0624,0
2023-03-05 20:23:00+00:00,1.06241,1.06263,1.06241,1.06258,0
2023-03-05 20:24:00+00:00,1.06258,1.06263,1.06256,1.06261,0
2023-03-05 20:25:00+00:00,1.06264,1.06271,1.06262,1.06266,0
2023-03-05 20:26:00+00:00,1.06267,1.06286,1.06266,1.06272,0
2023-03-05 20:27:00+00:00,1.06271,1.06277,1.06269,1.06275,0
2023-03-05 20:28:00+00:00,1.06276,1.06278,1.06271,1.06272,0
2023-03-05 20:29:00+00:00,1.06272,1.06285,1.06272,1.06275,0
2023-03-05 20:30:00+00:00,1.06277,1.06304,1.06277,1.06296,0
2023-03-05 20:31:00+00:00,1.06296,1.0631,1.06296,1.06302,0
2023-03-05 20:32:00+00:00,1.06302,1.06311,1.06298,1.06311,0
2023-03-05 20:33:00+00:00,1.06309,1.06331,1.06307,1.0633,0
2023-03-05 20:34:00+00:00,1.0633,1.06336,1.06324,1.06324,0
2023-03-05 20:35:00+00:00,1.06322,1.06326,1.06309,1.06311,0
2023-03-05 20:36:00+00:00,1.06313,1.06314,1.06302,1.06305,0
2023-03-05 20:37:00+00:00,1.06305,1.06325,1.06303,1.06325,0
2023-03-05 20:38:00+00:00,1.06325,1.0633,1.06319,1.06322,0
2023-03-05 20:39:00+00:00,1.06321,1.06329,1.06315,1.06328,0
2023-03-05 20:40:00+00:00,1.06329,1.06337,1.06327,1.0633,0
2023-03-05 20:41:00+00:00,1.06329,1.06334,1.06302,1.06308,0
2023-03-05 20:42:00+00:00,1.06308,1.0631,1.06296,1.06299,0
2023-03-05 20:43:00+00:00,1.06298,1.06326,1.06298,1.06326,0
2023-03-05 20:44:00+00:00,1.06326,1.06339,1.06325,1.06338,0
2023-03-05 20:45:00+00:00,1.06337,1.06338,1.06324,1.06325,0
2023-03-05 20:46:00+00:00,1.06326,1.0633,1.06319,1.0632,0
2023-03-05 20:47:00+00:00,1.06319,1.06322,1.06314,1.06316,0
2023-03-05 20:48:00+00:00,1.06316,1.0634,1.06316,1.0634,0
2023-03-05 20:49:00+00:00,1.0634,1.06342,1.06337,1.06342,0
2023-03-05 20:50:00+00:00,1.06341,1.06349,1.06335,1.06348,0
2023-03-05 20:51:00+00:00,1.06348,1.06352,1.06344,1.06346,0
2023-03-05 20:52:00+00:00,1.06345,1.06346,1.06344,1.06346,0
2023-03-05 20:53:00+00:00,1.06346,1.06362,1.06346,1.06356,0
2023-03-05 20:54:00+00:00,1.06355,1.06361,1.06354,1.06357,0
2023-03-05 20:55:00+00:00,1.06357,1.0638,1.06356,1.06379,0
2023-03-05 20:56:00+00:00,1.06378,1.06378,1.0636,1.0636,0
2023-03-05 20:57:00+00:00,1.0636,1.06366,1.06356,1.06366,0
2023-03-05 20:58:00+00:00,1.06365,1.06367,1.06361,1.06361,0
2023-03-05 20:59:00+00:00,1.06362,1.06363,1.06359,1.06362,0
2023-03-05 21:00:00+00:00,1.06359,1.06371,1.06359,1.06369,0
2023-03-05 21:01:00+00:00,1.06369,1.06369,1.06352,1.06353,0
2023-03-05 21:02:00+00:00,1.06351,1.06351,1.06327,1.06327,0
2023-03-05 21:03:00+00:00,1.06328,1.0633,1.06312,1.06322,0
2023-03-05 21:04:00+00:00,1.06322,1.06322,1.06317,1.06321,0
2023-03-05 21:05:00+00:00,1.06321,1.06321,1.0631,1.06311,0
2023-03-05 21:06:00+00:00,1.06311,1.06312,1.06305,1.06311,0
2023-03-05 21:07:00+00:00,1.06312,1.06312,1.06293,1.06303,0
2023-03-05 21:08:00+00:00,1.06304,1.06304,1.0629,1.06297,0
2023-03-05 21:09:00+00:00,1.06298,1.06308,1.06297,1.06304,0
2023-03-05 21:10:00+00:00,1.06304,1.06307,1.063,1.06301,0
2023-03-05 21:11:00+00:00,1.06301,1.06307,1.06301,1.06307,0
2023-03-05 21:12:00+00:00,1.06306,1.06306,1.06294,1.06296,0
2023-03-05 21:13:00+00:00,1.06298,1.06308,1.06298,1.06306,0
2023-03-05 21:14:00+00:00,1.06304,1.06306,1.06298,1.06301,0
2023-03-05 21:15:00+00:00,1.06301,1.06304,1.06301,1.06303,0
2023-03-05 21:16:00+00:00,1.06303,1.06306,1.06303,1.06304,0
2023-03-05 21:17:00+00:00,1.06304,1.06304,1.06291,1.06291,0
2023-03-05 21:18:00+00:00,1.06291,1.06296,1.06281,1.06294,0
2023-03-05 21:19:00+00:00,1.06295,1.06295,1.06292,1.06293,0
2023-03-05 21:20:00+00:00,1.06292,1.06292,1.06281,1.0629,0
2023-03-05 21:21:00+00:00,1.06291,1.06293,1.06288,1.06289,0
2023-03-05 21:22:00+00:00,1.06291,1.06296,1.06289,1.06294,0
2023-03-05 21:23:00+00:00,1.06295,1.06301,1.06295,1.063,0
2023-03-05 21:24:00+00:00,1.06303,1.06318,1.06303,1.06318,0
2023-03-05 21:25:00+00:00,1.06316,1.06331,1.06316,1.06331,0
2023-03-05 21:26:00+00:00,1.0633,1.0633,1.06312,1.06314,0
2023-03-05 21:27:00+00:00,1.06314,1.06326,1.06312,1.06325,0
2023-03-05 21:28:00+00:00,1.06324,1.06326,1.0632,1.06326,0
2023-03-05 21:29:00+00:00,1.06328,1.06335,1.06326,1.06333,0
2023-03-05 21:30:00+00:00,1.06333,1.06342,1.0633,1.06342,0
2023-03-05 21:31:00+00:00,1.06342,1.06365,1.06342,1.06362,0
2023-03-05 21:32:00+00:00,1.06362,1.06379,1.06354,1.0636,0
2023-03-05 21:33:00+00:00,1.06361,1.06377,1.06356,1.06372,0
2023-03-05 21:34:00+00:00,1.06371,1.06372,1.06357,1.06357,0
2023-03-05 21:35:00+00:00,1.0636,1.06362,1.06357,1.06358,0
2023-03-05 21:36:00+00:00,1.06355,1.06383,1.06355,1.0638,0
2023-03-05 21:37:00+00:00,1.06379,1.06406,1.06378,1.06406,0
2023-03-05 21:38:00+00:00,1.06405,1.06417,1.0639,1.06397,0
2023-03-05 21:39:00+00:00,1.064,1.06404,1.06396,1.06396,0
2023-03-05 21:40:00+00:00,1.06395,1.06413,1.06383,1.0641,0
2023-03-05 21:41:00+00:00,1.0641,1.0643,1.06408,1.0643,0
2023-03-05 21:42:00+00:00,1.0643,1.0645,1.0643,1.06443,0
2023-03-05 21:43:00+00:00,1.06442,1.06442,1.06431,1.06431,0
2023-03-05 21:44:00+00:00,1.0643,1.06448,1.0643,1.06442,0
2023-03-05 21:45:00+00:00,1.06443,1.06445,1.06433,1.06433,0
2023-03-05 21:46:00+00:00,1.06435,1.0644,1.06432,1.06436,0
2023-03-05 21:47:00+00:00,1.06435,1.06441,1.06433,1.06437,0
2023-03-05 21:48:00+00:00,1.06438,1.06446,1.06437,1.06437,0
2023-03-05 21:49:00+00:00,1.06437,1.06466,1.06437,1.06457,0
2023-03-05 21:50:00+00:00,1.06458,1.06476,1.06458,1.06476,0
2023-03-05 21:51:00+00:00,1.06476,1.06476,1.06461,1.06463,0
2023-03-05 21:52:00+00:00,1.06464,1.06474,1.06463,1.06472,0
2023-03-05 21:53:00+00:00,1.06472,1.06484,1.06471,1.06484,0
2023-03-05 21:54:00+00:00,1.06485,1.06493,1.06482,1.06484,0
2023-03-05 21:55:00+00:00,1.06486,1.06498,1.06485,1.06491,0
2023-03-05 21:56:00+00:00,1.06489,1.0649,1.06477,1.0648,0
2023-03-05 21:57:00+00:00,1.06478,1.0648,1.06456,1.06464,0
2023-03-05 21:58:00+00:00,1.06465,1.06465,1.06443,1.06444,0
2023-03-05 21:59:00+00:00,1.06446,1.06457,1.06438,1.0645,0
2023-03-05 22:00:00+00:00,1.06454,1.06466,1.0645,1.06459,0
2023-03-05 22:01:00+00:00,1.0646,1.06461,1.06444,1.06449,0
2023-03-05 22:02:00+00:00,1.06451,1.06454,1.06448,1.0645,0
2023-03-05 22:03:00+00:00,1.06451,1.0646,1.06447,1.0646,0
2023-03-05 22:04:00+00:00,1.0646,1.06467,1.06455,1.06464,0
2023-03-05 22:05:00+00:00,1.06465,1.06474,1.06464,1.06474,0
2023-03-05 22:06:00+00:00,1.06473,1.06474,1.0646,1.06461,0
2023-03-05 22:07:00+00:00,1.06462,1.06487,1.06462,1.06485,0
2023-03-05 22:08:00+00:00,1.06486,1.0649,1.06474,1.06483,0
2023-03-05 22:09:00+00:00,1.06483,1.06484,1.06478,1.06479,0
2023-03-05 22:10:00+00:00,1.06478,1.0648,1.06458,1.0646,0
2023-03-05 22:11:00+00:00,1.06458,1.06464,1.06458,1.06459,0
2023-03-05 22:12:00+00:00,1.06458,1.06469,1.06458,1.06469,0
2023-03-05 22:13:00+00:00,1.06468,1.06469,1.06454,1.06455,0
2023-03-05 22:14:00+00:00,1.06454,1.0646,1.06438,1.06439,0
2023-03-05 22:15:00+00:00,1.06438,1.06448,1.06438,1.06444,0
2023-03-05 22:16:00+00:00,1.06447,1.06449,1.0644,1.06441,0
2023-03-05 22:17:00+00:00,1.06441,1.06444,1.06437,1.06439,0
2023-03-05 22:18:00+00:00,1.06441,1.06455,1.0644,1.06449,0
2023-03-05 22:19:00+00:00,1.06448,1.06449,1.06443,1.06444,0
2023-03-05 22:20:00+00:00,1.06447,1.06449,1.0644,1.06443,0
2023-03-05 22:21:00+00:00,1.06444,1.06456,1.06441,1.06454,0
2023-03-05 22:22:00+00:00,1.06454,1.06464,1.0645,1.0646,0
2023-03-05 22:23:00+00:00,1.06463,1.06469,1.06459,1.06464,0
2023-03-05 22:24:00+00:00,1.06464,1.06467,1.06456,1.06456,0
2023-03-05 22:25:00+00:00,1.06458,1.06464,1.06454,1.06464,0
2023-03-05 22:26:00+00:00,1.06463,1.06469,1.06463,1.06465,0
2023-03-05 22:27:00+00:00,1.06464,1.06465,1.06451,1.06454,0
2023-03-05 22:28:00+00:00,1.06451,1.0646,1.06449,1.06452,0
2023-03-05 22:29:00+00:00,1.06453,1.06456,1.06451,1.06452,0
2023-03-05 22:30:00+00:00,1.06454,1.06454,1.06449,1.06452,0
2023-03-05 22:31:00+00:00,1.06452,1.06452,1.06446,1.06446,0
2023-03-05 22:32:00+00:00,1.06446,1.06456,1.06446,1.06456,0
2023-03-05 22:33:00+00:00,1.06456,1.06461,1.0645,1.0645,0
2023-03-05 22:34:00+00:00,1.0645,1.06452,1.06442,1.06444,0
2023-03-05 22:35:00+00:00,1.06444,1.0645,1.06435,1.06447,0
2023-03-05 22:36:00+00:00,1.06446,1.06461,1.06446,1.06459,0
2023-03-05 22:37:00+00:00,1.0646,1.0646,1.06448,1.06451,0
2023-03-05 22:38:00+00:00,1.0645,1.06457,1.0645,1.06457,0
2023-03-05 22:39:00+00:00,1.06456,1.06461,1.06456,1.06461,0
2023-03-05 22:40:00+00:00,1.06459,1.06459,1.06451,1.06457,0
2023-03-05 22:41:00+00:00,1.06455,1.06468,1.06455,1.06468,0
2023-03-05 22:42:00+00:00,1.06467,1.06476,1.06466,1.06471,0
2023-03-05 22:43:00+00:00,1.06471,1.06471,1.06451,1.06457,0
2023-03-05 22:44:00+00:00,1.06456,1.06461,1.06454,1.06456,0
2023-03-05 22:45:00+00:00,1.06459,1.06459,1.06445,1.06445,0
2023-03-05 22:46:00+00:00,1.06443,1.06448,1.06441,1.06445,0
2023-03-05 22:47:00+00:00,1.06444,1.0645,1.06444,1.06449,0
2023-03-05 22:48:00+00:00,1.0645,1.06453,1.06448,1.06451,0
2023-03-05 22:49:00+00:00,1.06452,1.06455,1.06447,1.06447,0
2023-03-05 22:50:00+00:00,1.06447,1.06454,1.06446,1.0645,0
2023-03-05 22:51:00+00:00,1.0645,1.06455,1.06448,1.06451,0
2023-03-05 22:52:00+00:00,1.06451,1.06463,1.06451,1.06459,0
2023-03-05 22:53:00+00:00,1.06459,1.06471,1.06458,1.06467,0
2023-03-05 22:54:00+00:00,1.06466,1.06468,1.06449,1.06451,0
2023-03-05 22:55:00+00:00,1.06452,1.06464,1.06451,1.06464,0
2023-03-05 22:56:00+00:00,1.06465,1.06471,1.06464,1.06465,0
2023-03-05 22:57:00+00:00,1.06464,1.06467,1.06461,1.06466,0
2023-03-05 22:58:00+00:00,1.06466,1.06467,1.06463,1.06466,0
2023-03-05 22:59:00+00:00,1.06466,1.06466,1.06455,1.06456,0
2023-03-05 23:00:00+00:00,1.06457,1.06462,1.06456,1.06457,0
2023-03-05 23:01:00+00:00,1.06457,1.06457,1.06456,1.06456,0
2023-03-05 23:02:00+00:00,1.06455,1.06461,1.06455,1.06461,0
2023-03-05 23:03:00+00:00,1.06462,1.06462,1.06455,1.06456,0
2023-03-05 23:04:00+00:00,1.06455,1.06461,1.06451,1.06461,0
2023-03-05 23:05:00+00:00,1.0646,1.06466,1.06459,1.06459,0
2023-03-05 23:06:00+00:00,1.06458,1.06461,1.0645,1.06457,0
2023-03-05 23:07:00+00:00,1.06455,1.06459,1.06454,1.06458,0
2023-03-05 23:08:00+00:00,1.06459,1.06462,1.06458,1.0646,0
2023-03-05 23:09:00+00:00,1.0646,1.0646,1.06455,1.06455,0
2023-03-05 23:10:00+00:00,1.06454,1.0646,1.06454,1.06459,0
2023-03-05 23:11:00+00:00,1.06459,1.06459,1.06455,1.06457,0
2023-03-05 23:12:00+00:00,1.06458,1.06466,1.06454,1.06465,0
2023-03-05 23:13:00+00:00,1.06465,1.06466,1.06461,1.06464,0
2023-03-05 23:14:00+00:00,1.06463,1.06466,1.06457,1.06457,0
2023-03-05 23:15:00+00:00,1.06456,1.06457,1.06451,1.06452,0
2023-03-05 23:16:00+00:00,1.06451,1.06457,1.06444,1.06456,0
2023-03-05 23:17:00+00:00,1.06457,1.06463,1.06455,1.06456,0
2023-03-05 23:18:00+00:00,1.06457,1.06458,1.06452,1.06454,0
2023-03-05 23:19:00+00:00,1.06455,1.06456,1.06451,1.06455,0
2023-03-05 23:20:00+00:00,1.06455,1.06455,1.06452,1.06455,0
2023-03-05 23:21:00+00:00,1.06456,1.06456,1.06436,1.06441,0
2023-03-05 23:22:00+00:00,1.06441,1.06449,1.06441,1.06445,0
2023-03-05 23:23:00+00:00,1.06444,1.06448,1.06443,1.06445,0
2023-03-05 23:24:00+00:00,1.06445,1.06445,1.06436,1.06442,0
2023-03-05 23:25:00+00:00,1.06441,1.06446,1.06421,1.06441,0
2023-03-05 23:26:00+00:00,1.06445,1.06452,1.06445,1.0645,0
2023-03-05 23:27:00+00:00,1.06451,1.06451,1.06444,1.06445,0
2023-03-05 23:28:00+00:00,1.06445,1.06448,1.06443,1.06446,0
2023-03-05 23:29:00+00:00,1.06447,1.06451,1.0644,1.06446,0
2023-03-05 23:30:00+00:00,1.06447,1.06447,1.06435,1.06436,0
2023-03-05 23:31:00+00:00,1.06436,1.06436,1.06421,1.06425,0
2023-03-05 23:32:00+00:00,1.06429,1.06431,1.06419,1.06421,0
2023-03-05 23:33:00+00:00,1.0642,1.06426,1.06412,1.06421,0
2023-03-05 23:34:00+00:00,1.0642,1.06421,1.06413,1.06419,0
2023-03-05 23:35:00+00:00,1.06419,1.06431,1.06417,1.06425,0
2023-03-05 23:36:00+00:00,1.06426,1.06434,1.06426,1.06433,0
2023-03-05 23:37:00+00:00,1.06432,1.06435,1.06426,1.06435,0
2023-03-05 23:38:00+00:00,1.06433,1.06436,1.06433,1.06435,0
2023-03-05 23:39:00+00:00,1.06436,1.06439,1.06436,1.06436,0
2023-03-05 23:40:00+00:00,1.06435,1.06437,1.06432,1.06436,0
2023-03-05 23:41:00+00:00,1.06436,1.06436,1.06433,1.06435,0
2023-03-05 23:42:00+00:00,1.06435,1.06445,1.06435,1.06445,0
2023-03-05 23:43:00+00:00,1.06445,1.06446,1.06445,1.06446,0
2023-03-05 23:44:00+00:00,1.06445,1.06446,1.06443,1.06446,0
2023-03-05 23:45:00+00:00,1.06445,1.06448,1.06443,1.06445,0
2023-03-05 23:46:00+00:00,1.06446,1.06447,1.06445,1.06445,0
2023-03-05 23:47:00+00:00,1.06445,1.06445,1.06439,1.0644,0
2023-03-05 23:48:00+00:00,1.06441,1.06445,1.06439,1.06439,0
2023-03-05 23:49:00+00:00,1.06439,1.06442,1.06435,1.0644,0
2023-03-05 23:50:00+00:00,1.06441,1.06446,1.06438,1.06439,0
2023-03-05 23:51:00+00:00,1.06439,1.06441,1.06439,1.0644,0
2023-03-05 23:52:00+00:00,1.0644,1.06441,1.06435,1.06435,0
2023-03-05 23:53:00+00:00,1.06434,1.06441,1.06429,1.06441,0
2023-03-05 23:54:00+00:00,1.06442,1.06445,1.06437,1.0644,0
2023-03-05 23:55:00+00:00,1.06438,1.06444,1.06435,1.06435,0
2023-03-05 23:56:00+00:00,1.06434,1.06442,1.06433,1.06441,0
2023-03-05 23:57:00+00:00,1.06439,1.06439,1.06435,1.06435,0
2023-03-05 23:58:00+00:00,1.06434,1.06435,1.06429,1.0643,0
2023-03-05 23:59:00+00:00,1.0643,1.06431,1.06421,1.06426,0
2023-03-06 00:00:00+00:00,1.06428,1.06438,1.06428,1.06435,0
2023-03-06 00:01:00+00:00,1.06435,1.06435,1.06424,1.06425,0
2023-03-06 00:02:00+00:00,1.06425,1.06425,1.06408,1.06411,0
2023-03-06 00:03:00+00:00,1.06412,1.06415,1.0641,1.0641,0
2023-03-06 00:04:00+00:00,1.06412,1.0642,1.06411,1.06418,0
2023-03-06 00:05:00+00:00,1.06417,1.06421,1.06416,1.06421,0
2023-03-06 00:06:00+00:00,1.0642,1.06426,1.06418,1.06421,0
2023-03-06 00:07:00+00:00,1.06423,1.06431,1.06422,1.06428,0
2023-03-06 00:08:00+00:00,1.06428,1.06431,1.06427,1.06431,0
2023-03-06 00:09:00+00:00,1.06431,1.06431,1.06424,1.06426,0
2023-03-06 00:10:00+00:00,1.06426,1.0643,1.06426,1.0643,0
2023-03-06 00:11:00+00:00,1.06434,1.0645,1.06434,1.06442,0
2023-03-06 00:12:00+00:00,1.06443,1.06447,1.06441,1.06442,0
2023-03-06 00:13:00+00:00,1.06442,1.06442,1.06439,1.0644,0
2023-03-06 00:14:00+00:00,1.06442,1.06442,1.06433,1.0644,0
2023-03-06 00:15:00+00:00,1.06441,1.06461,1.06441,1.0646,0
2023-03-06 00:16:00+00:00,1.06461,1.06471,1.0646,1.06469,0
2023-03-06 00:17:00+00:00,1.06472,1.06472,1.06463,1.06463,0
2023-03-06 00:18:00+00:00,1.06462,1.06478,1.06462,1.06476,0
2023-03-06 00:19:00+00:00,1.06475,1.06477,1.06474,1.06475,0
2023-03-06 00:20:00+00:00,1.06476,1.06482,1.06472,1.06476,0
2023-03-06 00:21:00+00:00,1.06476,1.06477,1.06469,1.06469,0
2023-03-06 00:22:00+00:00,1.0647,1.0647,1.0646,1.0646,0
2023-03-06 00:23:00+00:00,1.0646,1.0646,1.06455,1.06456,0
2023-03-06 00:24:00+00:00,1.06455,1.06456,1.06449,1.06456,0
2023-03-06 00:25:00+00:00,1.06456,1.06464,1.06455,1.06464,0
2023-03-06 00:26:00+00:00,1.06464,1.06464,1.06461,1.06461,0
2023-03-06 00:27:00+00:00,1.06462,1.06463,1.06461,1.06462,0
2023-03-06 00:28:00+00:00,1.06462,1.06471,1.06462,1.0647,0
2023-03-06 00:29:00+00:00,1.06468,1.0647,1.06455,1.06458,0
2023-03-06 00:30:00+00:00,1.06457,1.06457,1.06435,1.06435,0
2023-03-06 00:31:00+00:00,1.06436,1.06446,1.06435,1.06436,0
2023-03-06 00:32:00+00:00,1.06437,1.06443,1.06425,1.06425,0
2023-03-06 00:33:00+00:00,1.06426,1.06432,1.06423,1.06431,0
2023-03-06 00:34:00+00:00,1.0643,1.06436,1.0643,1.06431,0
2023-03-06 00:35:00+00:00,1.06431,1.06431,1.06417,1.06427,0
2023-03-06 00:36:00+00:00,1.06425,1.06428,1.06421,1.06426,0
2023-03-06 00:37:00+00:00,1.06426,1.06429,1.06422,1.06422,0
2023-03-06 00:38:00+00:00,1.06422,1.06429,1.0642,1.06426,0
2023-03-06 00:39:00+00:00,1.06426,1.06426,1.06411,1.06417,0
2023-03-06 00:40:00+00:00,1.06416,1.06427,1.06415,1.06425,0
2023-03-06 00:41:00+00:00,1.06425,1.06431,1.06422,1.06424,0
2023-03-06 00:42:00+00:00,1.06424,1.06428,1.06416,1.06427,0
2023-03-06 00:43:00+00:00,1.06426,1.06431,1.06422,1.06426,0
2023-03-06 00:44:00+00:00,1.06426,1.0644,1.06426,1.06435,0
2023-03-06 00:45:00+00:00,1.06436,1.06449,1.0643,1.06447,0
2023-03-06 00:46:00+00:00,1.06446,1.06453,1.06446,1.06452,0
2023-03-06 00:47:00+00:00,1.06452,1.0647,1.06452,1.06457,0
2023-03-06 00:48:00+00:00,1.06457,1.06464,1.06456,1.06461,0
2023-03-06 00:49:00+00:00,1.06462,1.06471,1.06462,1.06465,0
2023-03-06 00:50:00+00:00,1.06465,1.06465,1.06452,1.06455,0
2023-03-06 00:51:00+00:00,1.06454,1.06458,1.06447,1.06454,0
2023-03-06 00:52:00+00:00,1.06454,1.06471,1.0645,1.06466,0
2023-03-06 00:53:00+00:00,1.06465,1.06466,1.06452,1.06457,0
2023-03-06 00:54:00+00:00,1.0646,1.0646,1.06446,1.0645,0
2023-03-06 00:55:00+00:00,1.06449,1.06457,1.06449,1.06457,0
2023-03-06 00:56:00+00:00,1.06457,1.06475,1.06457,1.06472,0
2023-03-06 00:57:00+00:00,1.06471,1.06476,1.06464,1.06465,0
2023-03-06 00:58:00+00:00,1.06465,1.06472,1.06465,1.06472,0
2023-03-06 00:59:00+00:00,1.06474,1.06489,1.06474,1.06483,0
2023-03-06 01:00:00+00:00,1.06483,1.06485,1.06447,1.06456,0
2023-03-06 01:01:00+00:00,1.06456,1.06464,1.06454,1.0646,0
2023-03-06 01:02:00+00:00,1.0646,1.06471,1.06459,1.06471,0
2023-03-06 01:03:00+00:00,1.0647,1.06473,1.06461,1.06462,0
2023-03-06 01:04:00+00:00,1.06461,1.06467,1.06458,1.06466,0
2023-03-06 01:05:00+00:00,1.06467,1.06476,1.06466,1.06474,0
2023-03-06 01:06:00+00:00,1.06475,1.06482,1.06475,1.06482,0
2023-03-06 01:07:00+00:00,1.06481,1.06499,1.06481,1.06497,0
2023-03-06 01:08:00+00:00,1.06496,1.06509,1.06496,1.06506,0
2023-03-06 01:09:00+00:00,1.06506,1.06508,1.0649,1.06491,0
2023-03-06 01:10:00+00:00,1.06491,1.06497,1.06486,1.06491,0
2023-03-06 01:11:00+00:00,1.06494,1.06522,1.06494,1.06512,0
2023-03-06 01:12:00+00:00,1.0651,1.06512,1.065,1.06502,0
2023-03-06 01:13:00+00:00,1.06502,1.06507,1.06497,1.06505,0
2023-03-06 01:14:00+00:00,1.06506,1.06518,1.06471,1.06471,0
2023-03-06 01:15:00+00:00,1.06471,1.06472,1.06454,1.06465,0
2023-03-06 01:16:00+00:00,1.06464,1.06466,1.06457,1.06461,0
2023-03-06 01:17:00+00:00,1.0646,1.06464,1.06457,1.06459,0
2023-03-06 01:18:00+00:00,1.06462,1.06464,1.06454,1.06458,0
2023-03-06 01:19:00+00:00,1.06458,1.06462,1.06454,1.06456,0
2023-03-06 01:20:00+00:00,1.06455,1.06459,1.0645,1.0645,0
2023-03-06 01:21:00+00:00,1.0645,1.0645,1.06433,1.06433,0
2023-03-06 01:22:00+00:00,1.06434,1.06435,1.06416,1.06416,0
2023-03-06 01:23:00+00:00,1.06415,1.06426,1.06406,1.0641,0
2023-03-06 01:24:00+00:00,1.0641,1.06414,1.06395,1.06397,0
2023-03-06 01:25:00+00:00,1.06397,1.064,1.06385,1.06385,0
2023-03-06 01:26:00+00:00,1.06386,1.06393,1.06381,1.06385,0
2023-03-06 01:27:00+00:00,1.06385,1.06394,1.06384,1.06388,0
2023-03-06 01:28:00+00:00,1.06389,1.06389,1.0638,1.06386,0
2023-03-06 01:29:00+00:00,1.06386,1.06389,1.06374,1.06384,0
2023-03-06 01:30:00+00:00,1.06383,1.06396,1.06375,1.0639,0
2023-03-06 01:31:00+00:00,1.0639,1.06396,1.06374,1.06376,0
2023-03-06 01:32:00+00:00,1.06376,1.06393,1.06375,1.06389,0
2023-03-06 01:33:00+00:00,1.06389,1.06389,1.0638,1.06381,0
2023-03-06 01:34:00+00:00,1.0638,1.0638,1.0637,1.06375,0
2023-03-06 01:35:00+00:00,1.06376,1.0638,1.06373,1.0638,0
2023-03-06 01:36:00+00:00,1.06381,1.06389,1.06381,1.06382,0
2023-03-06 01:37:00+00:00,1.06382,1.0639,1.06379,1.06386,0
2023-03-06 01:38:00+00:00,1.06386,1.06391,1.06385,1.06389,0
2023-03-06 01:39:00+00:00,1.06389,1.06391,1.06379,1.0638,0
2023-03-06 01:40:00+00:00,1.06382,1.0639,1.06379,1.06385,0
2023-03-06 01:41:00+00:00,1.06386,1.06396,1.06385,1.06394,0
2023-03-06 01:42:00+00:00,1.06393,1.06394,1.06384,1.06391,0
2023-03-06 01:43:00+00:00,1.06391,1.06396,1.06391,1.06395,0
2023-03-06 01:44:00+00:00,1.06395,1.06412,1.06395,1.0641,0
2023-03-06 01:45:00+00:00,1.0641,1.06419,1.0641,1.06415,0
2023-03-06 01:46:00+00:00,1.06415,1.06435,1.06415,1.0643,0
2023-03-06 01:47:00+00:00,1.0643,1.06435,1.06426,1.06432,0
2023-03-06 01:48:00+00:00,1.06432,1.06437,1.06431,1.06436,0
2023-03-06 01:49:00+00:00,1.06435,1.06435,1.06426,1.06427,0
2023-03-06 01:50:00+00:00,1.06427,1.06427,1.06415,1.06425,0
2023-03-06 01:51:00+00:00,1.06426,1.06431,1.06416,1.06423,0
2023-03-06 01:52:00+00:00,1.06424,1.06427,1.06417,1.06426,0
2023-03-06 01:53:00+00:00,1.06425,1.06432,1.06425,1.06429,0
2023-03-06 01:54:00+00:00,1.0643,1.06437,1.06428,1.06433,0
2023-03-06 01:55:00+00:00,1.06433,1.06433,1.06414,1.06414,0
2023-03-06 01:56:00+00:00,1.06413,1.06423,1.06412,1.06416,0
2023-03-06 01:57:00+00:00,1.06417,1.06427,1.06417,1.06421,0
2023-03-06 01:58:00+00:00,1.06421,1.06435,1.06419,1.06435,0
2023-03-06 01:59:00+00:00,1.06435,1.06436,1.06426,1.06433,0
2023-03-06 02:00:00+00:00,1.06435,1.06458,1.06435,1.06458,0
2023-03-06 02:01:00+00:00,1.06458,1.06461,1.06426,1.06435,0
2023-03-06 02:02:00+00:00,1.06435,1.06442,1.06425,1.0643,0
2023-03-06 02:03:00+00:00,1.06432,1.06455,1.06427,1.06449,0
2023-03-06 02:04:00+00:00,1.06451,1.06451,1.06433,1.0644,0
2023-03-06 02:05:00+00:00,1.0644,1.06447,1.06435,1.06439,0
2023-03-06 02:06:00+00:00,1.06439,1.0645,1.06437,1.06438,0
2023-03-06 02:07:00+00:00,1.06439,1.06469,1.06438,1.06464,0
2023-03-06 02:08:00+00:00,1.06464,1.06475,1.0645,1.0645,0
2023-03-06 02:09:00+00:00,1.06451,1.06463,1.06449,1.0645,0
2023-03-06 02:10:00+00:00,1.0645,1.06462,1.0645,1.06461,0
2023-03-06 02:11:00+00:00,1.06461,1.06471,1.06459,1.06466,0
2023-03-06 02:12:00+00:00,1.06468,1.06482,1.06468,1.06473,0
2023-03-06 02:13:00+00:00,1.06473,1.06475,1.06462,1.06466,0
2023-03-06 02:14:00+00:00,1.06467,1.06485,1.06467,1.06485,0
2023-03-06 02:15:00+00:00,1.06484,1.0649,1.06479,1.06483,0
2023-03-06 02:16:00+00:00,1.06483,1.06492,1.06478,1.06487,0
2023-03-06 02:17:00+00:00,1.06488,1.06496,1.0648,1.06485,0
2023-03-06 02:18:00+00:00,1.06487,1.06493,1.06479,1.06481,0
2023-03-06 02:19:00+00:00,1.06479,1.06497,1.06479,1.06491,0
2023-03-06 02:20:00+00:00,1.0649,1.06512,1.06481,1.06511,0
2023-03-06 02:21:00+00:00,1.0651,1.06512,1.06477,1.06488,0
2023-03-06 02:22:00+00:00,1.06487,1.06511,1.06486,1.0651,0
2023-03-06 02:23:00+00:00,1.06509,1.06525,1.06506,1.0651,0
2023-03-06 02:24:00+00:00,1.06508,1.0651,1.06488,1.0649,0
2023-03-06 02:25:00+00:00,1.06489,1.06498,1.06478,1.06484,0
2023-03-06 02:26:00+00:00,1.06484,1.06487,1.06467,1.06474,0
2023-03-06 02:27:00+00:00,1.06476,1.06489,1.06471,1.06475,0
2023-03-06 02:28:00+00:00,1.06473,1.06479,1.06468,1.06479,0
2023-03-06 02:29:00+00:00,1.06478,1.0649,1.06475,1.06485,0
2023-03-06 02:30:00+00:00,1.06484,1.06507,1.0648,1.06488,0
2023-03-06 02:31:00+00:00,1.06489,1.06513,1.06489,1.06512,0
2023-03-06 02:32:00+00:00,1.06511,1.06563,1.06511,1.06559,0
2023-03-06 02:33:00+00:00,1.06559,1.06568,1.06556,1.06561,0
2023-03-06 02:34:00+00:00,1.06559,1.0656,1.06535,1.0654,0
2023-03-06 02:35:00+00:00,1.06541,1.06542,1.06514,1.06515,0
2023-03-06 02:36:00+00:00,1.06514,1.06522,1.0651,1.06513,0
2023-03-06 02:37:00+00:00,1.06513,1.06554,1.06509,1.06545,0
2023-03-06 02:38:00+00:00,1.06545,1.06556,1.06526,1.06527,0
2023-03-06 02:39:00+00:00,1.06528,1.06529,1.06505,1.06515,0
2023-03-06 02:40:00+00:00,1.06516,1.06519,1.06506,1.06507,0
2023-03-06 02:41:00+00:00,1.06507,1.06522,1.06507,1.0652,0
2023-03-06 02:42:00+00:00,1.0652,1.06531,1.06515,1.06521,0
2023-03-06 02:43:00+00:00,1.0652,1.0653,1.06514,1.06529,0
2023-03-06 02:44:00+00:00,1.06529,1.0653,1.06514,1.0652,0
2023-03-06 02:45:00+00:00,1.06523,1.06536,1.06519,1.06533,0
2023-03-06 02:46:00+00:00,1.06534,1.06537,1.06525,1.06531,0
2023-03-06 02:47:00+00:00,1.06532,1.06541,1.06527,1.06531,0
2023-03-06 02:48:00+00:00,1.06531,1.06536,1.06526,1.06536,0
2023-03-06 02:49:00+00:00,1.06534,1.06538,1.06519,1.06525,0
2023-03-06 02:50:00+00:00,1.06524,1.0653,1.06506,1.06509,0
2023-03-06 02:51:00+00:00,1.0651,1.0651,1.06486,1.06486,0
2023-03-06 02:52:00+00:00,1.06485,1.06503,1.06485,1.06498,0
2023-03-06 02:53:00+00:00,1.06499,1.0651,1.06496,1.0651,0
2023-03-06 02:54:00+00:00,1.0651,1.0651,1.06489,1.06489,0
2023-03-06 02:55:00+00:00,1.0649,1.06495,1.06479,1.06483,0
2023-03-06 02:56:00+00:00,1.06481,1.06499,1.06479,1.06497,0
2023-03-06 02:57:00+00:00,1.06497,1.06498,1.0648,1.0648,0
2023-03-06 02:58:00+00:00,1.06481,1.06489,1.06476,1.06484,0
2023-03-06 02:59:00+00:00,1.06486,1.06505,1.06481,1.06482,0
2023-03-06 03:00:00+00:00,1.0648,1.06482,1.06467,1.06478,0
2023-03-06 03:01:00+00:00,1.06477,1.06512,1.06468,1.0651,0
2023-03-06 03:02:00+00:00,1.0651,1.06511,1.06476,1.06486,0
2023-03-06 03:03:00+00:00,1.06484,1.06494,1.06476,1.06481,0
2023-03-06 03:04:00+00:00,1.0648,1.06507,1.06478,1.06498,0
2023-03-06 03:05:00+00:00,1.06498,1.06502,1.06483,1.06487,0
2023-03-06 03:06:00+00:00,1.06486,1.06492,1.06471,1.06475,0
2023-03-06 03:07:00+00:00,1.06474,1.06488,1.06467,1.06476,0
2023-03-06 03:08:00+00:00,1.06475,1.06481,1.0646,1.06471,0
2023-03-06 03:09:00+00:00,1.06471,1.06487,1.06462,1.06482,0
2023-03-06 03:10:00+00:00,1.06478,1.06496,1.06477,1.06491,0
2023-03-06 03:11:00+00:00,1.0649,1.06499,1.06486,1.06497,0
2023-03-06 03:12:00+00:00,1.06496,1.06508,1.06477,1.06481,0
2023-03-06 03:13:00+00:00,1.06481,1.06501,1.0647,1.06497,0
2023-03-06 03:14:00+00:00,1.06499,1.06514,1.06496,1.06508,0
2023-03-06 03:15:00+00:00,1.06507,1.06538,1.06507,1.06521,0
2023-03-06 03:16:00+00:00,1.06521,1.06534,1.06506,1.06509,0
2023-03-06 03:17:00+00:00,1.06507,1.06537,1.06506,1.06531,0
2023-03-06 03:18:00+00:00,1.06531,1.06546,1.06523,1.06529,0
2023-03-06 03:19:00+00:00,1.06528,1.06544,1.06525,1.0654,0
2023-03-06 03:20:00+00:00,1.06541,1.06555,1.06539,1.06551,0
2023-03-06 03:21:00+00:00,1.06551,1.06572,1.06551,1.06562,0
2023-03-06 03:22:00+00:00,1.06561,1.06564,1.06532,1.06533,0
2023-03-06 03:23:00+00:00,1.06533,1.06536,1.0652,1.06529,0
2023-03-06 03:24:00+00:00,1.06528,1.06555,1.06516,1.06551,0
2023-03-06 03:25:00+00:00,1.06551,1.06571,1.06549,1.0655,0
2023-03-06 03:26:00+00:00,1.0655,1.06554,1.06541,1.06547,0
2023-03-06 03:27:00+00:00,1.06549,1.06549,1.06516,1.06525,0
2023-03-06 03:28:00+00:00,1.06526,1.06527,1.065,1.06504,0
2023-03-06 03:29:00+00:00,1.06504,1.0651,1.06488,1.06495,0
2023-03-06 03:30:00+00:00,1.06497,1.06506,1.06462,1.06462,0
2023-03-06 03:31:00+00:00,1.06461,1.06473,1.06447,1.06451,0
2023-03-06 03:32:00+00:00,1.06451,1.06471,1.0645,1.0645,0
2023-03-06 03:33:00+00:00,1.0645,1.0646,1.06421,1.06442,0
2023-03-06 03:34:00+00:00,1.06442,1.06457,1.06425,1.06457,0
2023-03-06 03:35:00+00:00,1.06458,1.06492,1.06458,1.06487,0
2023-03-06 03:36:00+00:00,1.06487,1.06502,1.06482,1.06497,0
2023-03-06 03:37:00+00:00,1.06496,1.06502,1.06473,1.06486,0
2023-03-06 03:38:00+00:00,1.06486,1.06543,1.06482,1.0653,0
2023-03-06 03:39:00+00:00,1.06533,1.06539,1.06485,1.06496,0
2023-03-06 03:40:00+00:00,1.06497,1.06504,1.06475,1.06476,0
2023-03-06 03:41:00+00:00,1.06476,1.06487,1.06474,1.06485,0
2023-03-06 03:42:00+00:00,1.06483,1.06495,1.06477,1.06491,0
2023-03-06 03:43:00+00:00,1.06492,1.06496,1.06481,1.06481,0
2023-03-06 03:44:00+00:00,1.06481,1.06485,1.0647,1.06471,0
2023-03-06 03:45:00+00:00,1.06471,1.06497,1.0647,1.06485,0
2023-03-06 03:46:00+00:00,1.06489,1.06511,1.06464,1.06474,0
2023-03-06 03:47:00+00:00,1.06475,1.06484,1.06462,1.06476,0
2023-03-06 03:48:00+00:00,1.06476,1.0648,1.06464,1.06475,0
2023-03-06 03:49:00+00:00,1.06478,1.06501,1.06478,1.06491,0
2023-03-06 03:50:00+00:00,1.06491,1.06507,1.0649,1.06491,0
2023-03-06 03:51:00+00:00,1.06493,1.06509,1.0649,1.0649,0
2023-03-06 03:52:00+00:00,1.06489,1.06496,1.06482,1.0649,0
2023-03-06 03:53:00+00:00,1.0649,1.06498,1.06481,1.06482,0
2023-03-06 03:54:00+00:00,1.06482,1.06484,1.06457,1.0646,0
2023-03-06 03:55:00+00:00,1.06459,1.06461,1.06429,1.06431,0
2023-03-06 03:56:00+00:00,1.0643,1.06441,1.0642,1.06436,0
2023-03-06 03:57:00+00:00,1.06436,1.06452,1.06423,1.06445,0
2023-03-06 03:58:00+00:00,1.06446,1.06455,1.06435,1.06435,0
2023-03-06 03:59:00+00:00,1.06435,1.06449,1.06415,1.06415,0
2023-03-06 04:00:00+00:00,1.06417,1.0643,1.06409,1.06425,0
2023-03-06 04:01:00+00:00,1.06425,1.06425,1.06405,1.06425,0
2023-03-06 04:02:00+00:00,1.06424,1.0644,1.06414,1.06424,0
2023-03-06 04:03:00+00:00,1.06424,1.06427,1.0641,1.06422,0
2023-03-06 04:04:00+00:00,1.06421,1.06436,1.06401,1.06429,0
2023-03-06 04:05:00+00:00,1.06427,1.06436,1.06423,1.06425,0
2023-03-06 04:06:00+00:00,1.06425,1.06445,1.06421,1.0644,0
2023-03-06 04:07:00+00:00,1.06444,1.06445,1.06428,1.06445,0
2023-03-06 04:08:00+00:00,1.06446,1.06451,1.06437,1.0644,0
2023-03-06 04:09:00+00:00,1.06439,1.06452,1.06435,1.06445,0
2023-03-06 04:10:00+00:00,1.06444,1.0645,1.06419,1.06445,0
2023-03-06 04:11:00+00:00,1.06444,1.0646,1.06441,1.06455,0
2023-03-06 04:12:00+00:00,1.06454,1.06465,1.06448,1.06455,0
2023-03-06 04:13:00+00:00,1.06457,1.06466,1.06445,1.06445,0
2023-03-06 04:14:00+00:00,1.06446,1.06451,1.06427,1.0643,0
2023-03-06 04:15:00+00:00,1.06428,1.0644,1.06422,1.06429,0
2023-03-06 04:16:00+00:00,1.0643,1.06442,1.0642,1.06429,0
2023-03-06 04:17:00+00:00,1.06429,1.06435,1.06423,1.06425,0
2023-03-06 04:18:00+00:00,1.06423,1.06423,1.06406,1.06409,0
2023-03-06 04:19:00+00:00,1.06409,1.06411,1.06374,1.06394,0
2023-03-06 04:20:00+00:00,1.06396,1.06405,1.06379,1.06405,0
2023-03-06 04:21:00+00:00,1.06407,1.06426,1.06407,1.06419,0
2023-03-06 04:22:00+00:00,1.0642,1.06437,1.06419,1.06435,0
2023-03-06 04:23:00+00:00,1.06435,1.06435,1.06419,1.06434,0
2023-03-06 04:24:00+00:00,1.06435,1.06444,1.06423,1.06425,0
2023-03-06 04:25:00+00:00,1.06424,1.06424,1.06395,1.06409,0
2023-03-06 04:26:00+00:00,1.0641,1.06416,1.06389,1.0639,0
2023-03-06 04:27:00+00:00,1.0639,1.06397,1.06386,1.0639,0
2023-03-06 04:28:00+00:00,1.06391,1.06392,1.0638,1.06386,0
2023-03-06 04:29:00+00:00,1.06386,1.06391,1.0638,1.06385,0
2023-03-06 04:30:00+00:00,1.06386,1.06386,1.06362,1.06365,0
2023-03-06 04:31:00+00:00,1.06365,1.0638,1.06358,1.06379,0
2023-03-06 04:32:00+00:00,1.06377,1.06381,1.06354,1.06365,0
2023-03-06 04:33:00+00:00,1.06365,1.06371,1.06354,1.06355,0
2023-03-06 04:34:00+00:00,1.06358,1.06359,1.06349,1.0635,0
2023-03-06 04:35:00+00:00,1.06352,1.06366,1.06343,1.06351,0
2023-03-06 04:36:00+00:00,1.06352,1.0637,1.06343,1.06366,0
2023-03-06 04:37:00+00:00,1.06367,1.06376,1.06361,1.06373,0
2023-03-06 04:38:00+00:00,1.06377,1.06384,1.06367,1.06376,0
2023-03-06 04:39:00+00:00,1.06376,1.0639,1.06375,1.0639,0
2023-03-06 04:40:00+00:00,1.06391,1.06398,1.06383,1.06383,0
2023-03-06 04:41:00+00:00,1.06378,1.06385,1.06372,1.0638,0
2023-03-06 04:42:00+00:00,1.0638,1.06394,1.0638,1.06389,0
2023-03-06 04:43:00+00:00,1.06388,1.06395,1.06373,1.06373,0
2023-03-06 04:44:00+00:00,1.06372,1.06379,1.06368,1.06378,0
2023-03-06 04:45:00+00:00,1.06376,1.06381,1.06363,1.06365,0
2023-03-06 04:46:00+00:00,1.06363,1.06372,1.06355,1.06361,0
2023-03-06 04:47:00+00:00,1.06361,1.06361,1.06334,1.06337,0
2023-03-06 04:48:00+00:00,1.06337,1.06347,1.06333,1.0634,0
2023-03-06 04:49:00+00:00,1.06339,1.06339,1.06328,1.06334,0
2023-03-06 04:50:00+00:00,1.06334,1.06339,1.06324,1.06334,0
2023-03-06 04:51:00+00:00,1.06335,1.06336,1.06319,1.06325,0
2023-03-06 04:52:00+00:00,1.06324,1.06334,1.06319,1.0632,0
2023-03-06 04:53:00+00:00,1.06319,1.06325,1.06304,1.06308,0
2023-03-06 04:54:00+00:00,1.06306,1.06331,1.06303,1.06324,0
2023-03-06 04:55:00+00:00,1.06324,1.06326,1.06307,1.06311,0
2023-03-06 04:56:00+00:00,1.06312,1.06313,1.06301,1.06309,0
2023-03-06 04:57:00+00:00,1.06309,1.06312,1.06285,1.06291,0
2023-03-06 04:58:00+00:00,1.06291,1.06306,1.06289,1.06296,0
2023-03-06 04:59:00+00:00,1.06294,1.06295,1.06279,1.0629,0
2023-03-06 06:00:00+00:00,1.06282,1.06283,1.06266,1.06267,0
2023-03-06 06:01:00+00:00,1.06268,1.0628,1.0626,1.06269,0
2023-03-06 06:02:00+00:00,1.06269,1.06275,1.06254,1.06273,0
2023-03-06 06:03:00+00:00,1.06272,1.06275,1.06261,1.06274,0
2023-03-06 06:04:00+00:00,1.06273,1.06275,1.06267,1.0627,0
2023-03-06 06:05:00+00:00,1.06269,1.06274,1.06269,1.06272,0
2023-03-06 06:06:00+00:00,1.06272,1.06272,1.06256,1.06258,0
2023-03-06 06:07:00+00:00,1.0626,1.06264,1.06254,1.06257,0
2023-03-06 06:08:00+00:00,1.06257,1.06259,1.06252,1.06253,0
2023-03-06 06:09:00+00:00,1.06254,1.06255,1.06233,1.06247,0
2023-03-06 06:10:00+00:00,1.06247,1.06254,1.06242,1.06246,0
2023-03-06 06:11:00+00:00,1.0625,1.06278,1.06247,1.06278,0
2023-03-06 06:12:00+00:00,1.06277,1.06321,1.06277,1.06319,0
2023-03-06 06:13:00+00:00,1.06319,1.06325,1.06306,1.06309,0
2023-03-06 06:14:00+00:00,1.06309,1.06309,1.06297,1.06302,0
2023-03-06 06:15:00+00:00,1.06302,1.06304,1.06269,1.06273,0
2023-03-06 06:16:00+00:00,1.06273,1.06274,1.0626,1.06263,0
2023-03-06 06:17:00+00:00,1.06264,1.06268,1.06255,1.06267,0
2023-03-06 06:18:00+00:00,1.06267,1.06271,1.06256,1.06256,0
2023-03-06 06:19:00+00:00,1.06254,1.06254,1.06238,1.0624,0
2023-03-06 06:20:00+00:00,1.06241,1.06241,1.06219,1.0622,0
2023-03-06 06:21:00+00:00,1.06221,1.06253,1.0622,1.06253,0
2023-03-06 06:22:00+00:00,1.06253,1.06256,1.06243,1.06253,0
2023-03-06 06:23:00+00:00,1.0626,1.06305,1.0626,1.06288,0
2023-03-06 06:24:00+00:00,1.06289,1.06297,1.06285,1.06291,0
2023-03-06 06:25:00+00:00,1.06291,1.06292,1.06275,1.06281,0
2023-03-06 06:26:00+00:00,1.06281,1.06283,1.06272,1.06279,0
2023-03-06 06:27:00+00:00,1.06279,1.06283,1.06264,1.0627,0
2023-03-06 06:28:00+00:00,1.06271,1.06275,1.06261,1.06272,0
2023-03-06 06:29:00+00:00,1.06271,1.06271,1.06238,1.06242,0
2023-03-06 06:30:00+00:00,1.06241,1.06262,1.06241,1.06256,0
2023-03-06 06:31:00+00:00,1.06255,1.06283,1.06251,1.06283,0
2023-03-06 06:32:00+00:00,1.06284,1.06311,1.0628,1.06311,0
2023-03-06 06:33:00+00:00,1.06312,1.06318,1.06292,1.06297,0
2023-03-06 06:34:00+00:00,1.06296,1.06325,1.06296,1.0632,0
2023-03-06 06:35:00+00:00,1.06321,1.06334,1.06309,1.06334,0
2023-03-06 06:36:00+00:00,1.06333,1.06338,1.06333,1.06335,0
2023-03-06 06:37:00+00:00,1.06332,1.06334,1.06329,1.06332,0
2023-03-06 06:38:00+00:00,1.06331,1.06335,1.0632,1.06328,0
2023-03-06 06:39:00+00:00,1.06327,1.06338,1.06321,1.06333,0
2023-03-06 06:40:00+00:00,1.06333,1.0634,1.06327,1.06329,0
2023-03-06 06:41:00+00:00,1.06329,1.06335,1.06319,1.06333,0
2023-03-06 06:42:00+00:00,1.06334,1.06342,1.06328,1.0634,0
2023-03-06 06:43:00+00:00,1.06341,1.06347,1.06331,1.06336,0
2023-03-06 06:44:00+00:00,1.06336,1.06347,1.06325,1.06327,0
2023-03-06 06:45:00+00:00,1.06327,1.06349,1.06318,1.06333,0
2023-03-06 06:46:00+00:00,1.06332,1.06338,1.063,1.0632,0
2023-03-06 06:47:00+00:00,1.06321,1.06322,1.06308,1.06318,0
2023-03-06 06:48:00+00:00,1.06319,1.0632,1.06306,1.06314,0
2023-03-06 06:49:00+00:00,1.06315,1.06348,1.06309,1.06347,0
2023-03-06 06:50:00+00:00,1.06346,1.06378,1.06346,1.06378,0
2023-03-06 06:51:00+00:00,1.06376,1.06379,1.06358,1.06378,0
2023-03-06 06:52:00+00:00,1.06376,1.06379,1.06356,1.06356,0
2023-03-06 06:53:00+00:00,1.06358,1.06389,1.06349,1.06388,0
2023-03-06 06:54:00+00:00,1.06388,1.06423,1.0638,1.0642,0
2023-03-06 06:55:00+00:00,1.0642,1.06451,1.0642,1.06447,0
2023-03-06 06:56:00+00:00,1.06445,1.06475,1.06445,1.06456,0
2023-03-06 06:57:00+00:00,1.06456,1.06458,1.06414,1.0642,0
2023-03-06 06:58:00+00:00,1.06423,1.06441,1.06401,1.06401,0
2023-03-06 06:59:00+00:00,1.06401,1.06419,1.06393,1.06393,0
2023-03-06 07:00:00+00:00,1.06393,1.06398,1.06383,1.06395,0
2023-03-06 07:01:00+00:00,1.06396,1.06403,1.06384,1.06391,0
2023-03-06 07:02:00+00:00,1.06394,1.06401,1.06379,1.0638,0
2023-03-06 07:03:00+00:00,1.06379,1.06387,1.06369,1.06376,0
2023-03-06 07:04:00+00:00,1.06378,1.0638,1.06359,1.06364,0
2023-03-06 07:05:00+00:00,1.06363,1.06366,1.06344,1.06365,0
2023-03-06 07:06:00+00:00,1.06364,1.06366,1.06333,1.0635,0
2023-03-06 07:07:00+00:00,1.06348,1.06362,1.06343,1.0636,0
2023-03-06 07:08:00+00:00,1.0636,1.06368,1.06355,1.06362,0
2023-03-06 07:09:00+00:00,1.06361,1.06371,1.06352,1.06356,0
2023-03-06 07:10:00+00:00,1.06356,1.06357,1.06342,1.06351,0
2023-03-06 07:11:00+00:00,1.06352,1.06352,1.06342,1.06346,0
2023-03-06 07:12:00+00:00,1.06348,1.06366,1.06342,1.06365,0
2023-03-06 07:13:00+00:00,1.06364,1.06373,1.06356,1.06371,0
2023-03-06 07:14:00+00:00,1.0637,1.06376,1.06366,1.06366,0
2023-03-06 07:15:00+00:00,1.06367,1.06384,1.06366,1.06381,0
2023-03-06 07:16:00+00:00,1.06381,1.0639,1.06376,1.0638,0
2023-03-06 07:17:00+00:00,1.0638,1.06385,1.06371,1.06373,0
2023-03-06 07:18:00+00:00,1.06371,1.06415,1.06371,1.06408,0
2023-03-06 07:19:00+00:00,1.06408,1.06416,1.06393,1.06401,0
2023-03-06 07:20:00+00:00,1.06401,1.06414,1.06399,1.06406,0
2023-03-06 07:21:00+00:00,1.06406,1.06421,1.06406,1.0641,0
2023-03-06 07:22:00+00:00,1.06408,1.06412,1.06396,1.06402,0
2023-03-06 07:23:00+00:00,1.06401,1.06411,1.06401,1.0641,0
2023-03-06 07:24:00+00:00,1.0641,1.06425,1.06405,1.06425,0
2023-03-06 07:25:00+00:00,1.06425,1.06425,1.06404,1.0641,0
2023-03-06 07:26:00+00:00,1.0641,1.06417,1.0641,1.06411,0
2023-03-06 07:27:00+00:00,1.06411,1.06417,1.0641,1.06411,0
2023-03-06 07:28:00+00:00,1.06411,1.06413,1.06395,1.06395,0
2023-03-06 07:29:00+00:00,1.06395,1.06403,1.06389,1.06396,0
2023-03-06 07:30:00+00:00,1.06399,1.06421,1.06399,1.06405,0
2023-03-06 07:31:00+00:00,1.06405,1.06409,1.06395,1.06397,0
2023-03-06 07:32:00+00:00,1.06397,1.06411,1.06397,1.06405,0
2023-03-06 07:33:00+00:00,1.06404,1.0641,1.06394,1.06401,0
2023-03-06 07:34:00+00:00,1.06403,1.06403,1.0639,1.06402,0
2023-03-06 07:35:00+00:00,1.06401,1.06416,1.064,1.06415,0
2023-03-06 07:36:00+00:00,1.06417,1.06417,1.06404,1.06415,0
2023-03-06 07:37:00+00:00,1.06419,1.06429,1.06399,1.064,0
2023-03-06 07:38:00+00:00,1.06399,1.06399,1.06381,1.06384,0
2023-03-06 07:39:00+00:00,1.06385,1.06387,1.06376,1.06385,0
2023-03-06 07:40:00+00:00,1.06385,1.06395,1.0638,1.06389,0
2023-03-06 07:41:00+00:00,1.06388,1.06388,1.06374,1.06375,0
2023-03-06 07:42:00+00:00,1.06375,1.06379,1.06353,1.06356,0
2023-03-06 07:43:00+00:00,1.06356,1.06367,1.06345,1.06355,0
2023-03-06 07:44:00+00:00,1.06356,1.06364,1.06354,1.06356,0
2023-03-06 07:45:00+00:00,1.06357,1.06376,1.0635,1.0637,0
2023-03-06 07:46:00+00:00,1.06369,1.06369,1.0634,1.06342,0
2023-03-06 07:47:00+00:00,1.06344,1.06351,1.06321,1.06331,0
2023-03-06 07:48:00+00:00,1.06332,1.06346,1.06325,1.06343,0
2023-03-06 07:49:00+00:00,1.06343,1.0635,1.0634,1.06349,0
2023-03-06 07:50:00+00:00,1.0635,1.06356,1.0633,1.0633,0
2023-03-06 07:51:00+00:00,1.06331,1.06346,1.06329,1.06346,0
2023-03-06 07:52:00+00:00,1.06347,1.06357,1.06336,1.06345,0
2023-03-06 07:53:00+00:00,1.06346,1.06358,1.06345,1.06356,0
2023-03-06 07:54:00+00:00,1.06356,1.06364,1.0635,1.06358,0
2023-03-06 07:55:00+00:00,1.06358,1.06381,1.06354,1.06381,0
2023-03-06 07:56:00+00:00,1.0638,1.06399,1.0638,1.06398,0
2023-03-06 07:57:00+00:00,1.06401,1.06416,1.06386,1.06414,0
2023-03-06 07:58:00+00:00,1.06419,1.06422,1.064,1.06421,0
2023-03-06 07:59:00+00:00,1.06421,1.06425,1.06409,1.06415,0
2023-03-06 10:00:00+00:00,1.06686,1.06699,1.0663,1.06639,0
2023-03-06 10:01:00+00:00,1.0664,1.06647,1.06612,1.06635,0
2023-03-06 10:02:00+00:00,1.06636,1.06702,1.06633,1.06702,0
2023-03-06 10:03:00+00:00,1.06704,1.06737,1.06701,1.06733,0
2023-03-06 10:04:00+00:00,1.06734,1.06758,1.06725,1.06756,0
2023-03-06 10:05:00+00:00,1.06755,1.06788,1.06745,1.06774,0
2023-03-06 10:06:00+00:00,1.06774,1.06784,1.06758,1.06774,0
2023-03-06 10:07:00+00:00,1.06774,1.0679,1.06762,1.06785,0
2023-03-06 10:08:00+00:00,1.06786,1.06791,1.06777,1.06783,0
2023-03-06 10:09:00+00:00,1.06783,1.06804,1.06765,1.06783,0
2023-03-06 10:10:00+00:00,1.06784,1.06784,1.06757,1.06776,0
2023-03-06 10:11:00+00:00,1.06777,1.06791,1.0677,1.06773,0
2023-03-06 10:12:00+00:00,1.06772,1.068,1.06765,1.06793,0
2023-03-06 10:13:00+00:00,1.06794,1.06803,1.06786,1.06792,0
2023-03-06 10:14:00+00:00,1.06793,1.06808,1.06779,1.06799,0
2023-03-06 10:15:00+00:00,1.06799,1.06806,1.06779,1.06805,0
2023-03-06 10:16:00+00:00,1.06806,1.06823,1.06802,1.0682,0
2023-03-06 10:17:00+00:00,1.06821,1.06837,1.06816,1.06833,0
2023-03-06 10:18:00+00:00,1.06836,1.06847,1.06826,1.06835,0
2023-03-06 10:19:00+00:00,1.06834,1.06846,1.06827,1.06837,0
2023-03-06 10:20:00+00:00,1.06837,1.06849,1.06788,1.06788,0
2023-03-06 10:21:00+00:00,1.06787,1.06806,1.06782,1.06791,0
2023-03-06 10:22:00+00:00,1.06789,1.06799,1.06772,1.06783,0
2023-03-06 10:23:00+00:00,1.06784,1.068,1.06753,1.06757,0
2023-03-06 10:24:00+00:00,1.06756,1.06789,1.06753,1.06779,0
2023-03-06 10:25:00+00:00,1.06779,1.06782,1.06753,1.06774,0
2023-03-06 10:26:00+00:00,1.06775,1.06789,1.06765,1.0678,0
2023-03-06 10:27:00+00:00,1.06779,1.06787,1.06763,1.06779,0
2023-03-06 10:28:00+00:00,1.06783,1.06783,1.06757,1.06758,0
2023-03-06 10:29:00+00:00,1.06759,1.06759,1.06739,1.06745,0
2023-03-06 10:30:00+00:00,1.06745,1.06756,1.06733,1.06738,0
2023-03-06 10:31:00+00:00,1.06737,1.06745,1.06725,1.06734,0
2023-03-06 10:32:00+00:00,1.06734,1.06743,1.06719,1.06729,0
2023-03-06 10:33:00+00:00,1.06727,1.06754,1.06722,1.06738,0
2023-03-06 10:34:00+00:00,1.06738,1.06777,1.06738,1.06771,0
2023-03-06 10:35:00+00:00,1.06771,1.06776,1.06751,1.06757,0
2023-03-06 10:36:00+00:00,1.06758,1.0676,1.06739,1.06758,0
2023-03-06 10:37:00+00:00,1.06759,1.06773,1.06755,1.0677,0
2023-03-06 10:38:00+00:00,1.06771,1.06784,1.06769,1.06784,0
2023-03-06 10:39:00+00:00,1.06784,1.06787,1.06768,1.06785,0
2023-03-06 10:40:00+00:00,1.06787,1.06805,1.06774,1.06795,0
2023-03-06 10:41:00+00:00,1.06795,1.06816,1.06788,1.06815,0
2023-03-06 10:42:00+00:00,1.06816,1.06823,1.06803,1.06804,0
2023-03-06 10:43:00+00:00,1.06805,1.06813,1.06789,1.06808,0
2023-03-06 10:44:00+00:00,1.0681,1.06828,1.06798,1.06809,0
2023-03-06 10:45:00+00:00,1.06809,1.06813,1.06794,1.06807,0
2023-03-06 10:46:00+00:00,1.06808,1.06845,1.06808,1.06835,0
2023-03-06 10:47:00+00:00,1.06837,1.06848,1.06828,1.0684,0
2023-03-06 10:48:00+00:00,1.0684,1.0685,1.06819,1.06826,0
2023-03-06 10:49:00+00:00,1.06823,1.06827,1.0681,1.06814,0
2023-03-06 10:50:00+00:00,1.06812,1.06844,1.06797,1.06844,0
2023-03-06 10:51:00+00:00,1.06846,1.06858,1.06835,1.06844,0
2023-03-06 10:52:00+00:00,1.06844,1.06894,1.06844,1.06875,0
2023-03-06 10:53:00+00:00,1.06876,1.06879,1.06787,1.06796,0
2023-03-06 10:54:00+00:00,1.06798,1.06819,1.06782,1.06819,0
2023-03-06 10:55:00+00:00,1.06818,1.06821,1.06788,1.06795,0
2023-03-06 10:56:00+00:00,1.06793,1.06807,1.06772,1.06774,0
2023-03-06 10:57:00+00:00,1.06776,1.06812,1.06776,1.06812,0
2023-03-06 10:58:00+00:00,1.06811,1.06822,1.06781,1.0679,0
2023-03-06 10:59:00+00:00,1.06791,1.06796,1.06783,1.06785,0
2023-03-06 12:00:00+00:00,1.06933,1.06934,1.06924,1.06931,0
2023-03-06 12:01:00+00:00,1.06929,1.0693,1.06914,1.06929,0
2023-03-06 12:02:00+00:00,1.0693,1.0693,1.06923,1.06926,0
2023-03-06 12:03:00+00:00,1.06926,1.06931,1.06901,1.06928,0
2023-03-06 12:04:00+00:00,1.06929,1.0693,1.06909,1.06919,0
2023-03-06 12:05:00+00:00,1.06921,1.06928,1.06919,1.06924,0
2023-03-06 12:06:00+00:00,1.06924,1.06927,1.06904,1.06907,0
2023-03-06 12:07:00+00:00,1.06907,1.06922,1.06903,1.06916,0
2023-03-06 12:08:00+00:00,1.06917,1.06919,1.0691,1.06919,0
2023-03-06 12:09:00+00:00,1.06919,1.06919,1.06905,1.06905,0
2023-03-06 12:10:00+00:00,1.06906,1.06916,1.06905,1.06906,0
2023-03-06 12:11:00+00:00,1.06907,1.06911,1.06905,1.0691,0
2023-03-06 12:12:00+00:00,1.0691,1.06911,1.06893,1.069,0
2023-03-06 12:13:00+00:00,1.06899,1.06908,1.06892,1.06902,0
2023-03-06 12:14:00+00:00,1.06903,1.06929,1.06903,1.06921,0
2023-03-06 12:15:00+00:00,1.06921,1.06935,1.06919,1.06935,0
2023-03-06 12:16:00+00:00,1.06934,1.0694,1.0693,1.06932,0
2023-03-06 12:17:00+00:00,1.06933,1.06941,1.06933,1.06941,0
2023-03-06 12:18:00+00:00,1.06942,1.06942,1.0693,1.06936,0
2023-03-06 12:19:00+00:00,1.06936,1.06936,1.06928,1.06934,0
2023-03-06 12:20:00+00:00,1.06935,1.06935,1.06919,1.06919,0
2023-03-06 12:21:00+00:00,1.06919,1.06922,1.0689,1.0689,0
2023-03-06 12:22:00+00:00,1.06891,1.06896,1.06883,1.06889,0
2023-03-06 12:23:00+00:00,1.06889,1.06892,1.06879,1.06879,0
2023-03-06 12:24:00+00:00,1.06882,1.06884,1.06873,1.06875,0
2023-03-06 12:25:00+00:00,1.06874,1.06879,1.06865,1.06865,0
2023-03-06 12:26:00+00:00,1.06864,1.06872,1.06855,1.06855,0
2023-03-06 12:27:00+00:00,1.06854,1.06857,1.06852,1.06852,0
2023-03-06 12:28:00+00:00,1.06853,1.06857,1.06847,1.06856,0
2023-03-06 12:29:00+00:00,1.06857,1.06869,1.06857,1.06858,0
2023-03-06 12:30:00+00:00,1.06859,1.0686,1.06843,1.06844,0
2023-03-06 12:31:00+00:00,1.06844,1.0685,1.06831,1.06834,0
2023-03-06 12:32:00+00:00,1.06835,1.0686,1.06833,1.06859,0
2023-03-06 12:33:00+00:00,1.06858,1.06858,1.06851,1.06852,0
2023-03-06 12:34:00+00:00,1.06853,1.06857,1.06852,1.06854,0
2023-03-06 12:35:00+00:00,1.06854,1.06855,1.06846,1.06846,0
2023-03-06 12:36:00+00:00,1.06847,1.06856,1.06844,1.06854,0
2023-03-06 12:37:00+00:00,1.06856,1.0686,1.06854,1.06854,0
2023-03-06 12:38:00+00:00,1.06854,1.06854,1.06845,1.06849,0
2023-03-06 12:39:00+00:00,1.06849,1.0685,1.06845,1.06849,0
2023-03-06 12:40:00+00:00,1.06848,1.06857,1.06845,1.06854,0
2023-03-06 12:41:00+00:00,1.06854,1.06855,1.06846,1.06854,0
2023-03-06 12:42:00+00:00,1.06853,1.06857,1.06849,1.06855,0
2023-03-06 12:43:00+00:00,1.06855,1.06857,1.06845,1.06848,0
2023-03-06 12:44:00+00:00,1.06848,1.06854,1.06844,1.06848,0
2023-03-06 12:45:00+00:00,1.06849,1.06859,1.06844,1.06844,0
2023-03-06 12:46:00+00:00,1.06843,1.06844,1.06825,1.06835,0
2023-03-06 12:47:00+00:00,1.06835,1.06839,1.06815,1.06818,0
2023-03-06 12:48:00+00:00,1.06818,1.0683,1.06808,1.06809,0
2023-03-06 12:49:00+00:00,1.0681,1.06814,1.06799,1.06814,0
2023-03-06 12:50:00+00:00,1.06812,1.06827,1.06805,1.0681,0
2023-03-06 12:51:00+00:00,1.06809,1.06823,1.06806,1.06819,0
2023-03-06 12:52:00+00:00,1.06819,1.06837,1.06816,1.06836,0
2023-03-06 12:53:00+00:00,1.06835,1.06838,1.06814,1.06814,0
2023-03-06 12:54:00+00:00,1.06813,1.06828,1.06809,1.06828,0
2023-03-06 12:55:00+00:00,1.06829,1.06837,1.06822,1.06835,0
2023-03-06 12:56:00+00:00,1.06836,1.06841,1.06831,1.06841,0
2023-03-06 12:57:00+00:00,1.06843,1.06845,1.06824,1.06824,0
2023-03-06 12:58:00+00:00,1.06824,1.06849,1.06823,1.06847,0
2023-03-06 12:59:00+00:00,1.06848,1.06854,1.06835,1.0685,0
2023-03-06 14:00:00+00:00,1.06735,1.06736,1.06723,1.06729,0
2023-03-06 14:01:00+00:00,1.0673,1.0674,1.06726,1.0673,0
2023-03-06 14:02:00+00:00,1.06731,1.06732,1.06725,1.0673,0
2023-03-06 14:03:00+00:00,1.06731,1.06735,1.06724,1.06726,0
2023-03-06 14:04:00+00:00,1.06726,1.06737,1.06723,1.06735,0
2023-03-06 14:05:00+00:00,1.06735,1.06756,1.06735,1.0675,0
2023-03-06 14:06:00+00:00,1.0675,1.06756,1.06747,1.06753,0
2023-03-06 14:07:00+00:00,1.06753,1.06756,1.06748,1.06749,0
2023-03-06 14:08:00+00:00,1.06748,1.06748,1.06728,1.06733,0
2023-03-06 14:09:00+00:00,1.06733,1.06734,1.0671,1.0671,0
2023-03-06 14:10:00+00:00,1.06707,1.06712,1.067,1.06712,0
2023-03-06 14:11:00+00:00,1.06711,1.0672,1.06709,1.06713,0
2023-03-06 14:12:00+00:00,1.06713,1.06722,1.06708,1.0671,0
2023-03-06 14:13:00+00:00,1.06709,1.06716,1.06704,1.06715,0
2023-03-06 14:14:00+00:00,1.06713,1.06721,1.0671,1.06712,0
2023-03-06 14:15:00+00:00,1.06712,1.06712,1.06695,1.06704,0
2023-03-06 14:16:00+00:00,1.06705,1.06705,1.06682,1.06683,0
2023-03-06 14:17:00+00:00,1.06684,1.06691,1.06683,1.06691,0
2023-03-06 14:18:00+00:00,1.0669,1.06702,1.06689,1.067,0
2023-03-06 14:19:00+00:00,1.06701,1.06701,1.0669,1.067,0
2023-03-06 14:20:00+00:00,1.067,1.06705,1.06694,1.06698,0
2023-03-06 14:21:00+00:00,1.06699,1.067,1.06688,1.067,0
2023-03-06 14:22:00+00:00,1.06702,1.06705,1.06699,1.06701,0
2023-03-06 14:23:00+00:00,1.06701,1.06703,1.06689,1.06699,0
2023-03-06 14:24:00+00:00,1.06698,1.06708,1.0669,1.06692,0
2023-03-06 14:25:00+00:00,1.06693,1.06694,1.06688,1.06692,0
2023-03-06 14:26:00+00:00,1.06693,1.06694,1.06683,1.06693,0
2023-03-06 14:27:00+00:00,1.06691,1.06703,1.06691,1.067,0
2023-03-06 14:28:00+00:00,1.06701,1.06706,1.06692,1.06701,0
2023-03-06 14:29:00+00:00,1.06701,1.0671,1.06701,1.06709,0
2023-03-06 14:30:00+00:00,1.06711,1.06718,1.06708,1.06709,0
2023-03-06 14:31:00+00:00,1.06709,1.06713,1.06708,1.06712,0
2023-03-06 14:32:00+00:00,1.06713,1.0673,1.06712,1.06729,0
2023-03-06 14:33:00+00:00,1.06729,1.06752,1.06724,1.06741,0
2023-03-06 14:34:00+00:00,1.0674,1.0674,1.06722,1.06729,0
2023-03-06 14:35:00+00:00,1.06728,1.0673,1.0672,1.0673,0
2023-03-06 14:36:00+00:00,1.06729,1.06731,1.06723,1.0673,0
2023-03-06 14:37:00+00:00,1.0673,1.06731,1.06725,1.06729,0
2023-03-06 14:38:00+00:00,1.06728,1.06731,1.06718,1.06724,0
2023-03-06 14:39:00+00:00,1.06725,1.06729,1.06721,1.06725,0
2023-03-06 14:40:00+00:00,1.06725,1.06729,1.06714,1.06729,0
2023-03-06 14:41:00+00:00,1.06729,1.06735,1.06724,1.06732,0
2023-03-06 14:42:00+00:00,1.06733,1.06745,1.06726,1.06745,0
2023-03-06 14:43:00+00:00,1.06746,1.06746,1.06738,1.06744,0
2023-03-06 14:44:00+00:00,1.06744,1.06745,1.06736,1.06742,0
2023-03-06 14:45:00+00:00,1.06745,1.06745,1.06738,1.06742,0
2023-03-06 14:46:00+00:00,1.06744,1.06749,1.06742,1.06745,0
2023-03-06 14:47:00+00:00,1.06744,1.06749,1.06735,1.06749,0
2023-03-06 14:48:00+00:00,1.06749,1.06762,1.06745,1.06747,0
2023-03-06 14:49:00+00:00,1.06749,1.06755,1.06744,1.06745,0
2023-03-06 14:50:00+00:00,1.06744,1.06751,1.06744,1.06749,0
2023-03-06 14:51:00+00:00,1.06749,1.06757,1.06743,1.06755,0
2023-03-06 14:52:00+00:00,1.06756,1.06756,1.06748,1.06755,0
2023-03-06 14:53:00+00:00,1.06754,1.06768,1.06753,1.0676,0
2023-03-06 14:54:00+00:00,1.06762,1.06769,1.06749,1.06768,0
2023-03-06 14:55:00+00:00,1.06768,1.0677,1.06762,1.06767,0
2023-03-06 14:56:00+00:00,1.06768,1.06771,1.06762,1.06763,0
2023-03-06 14:57:00+00:00,1.06762,1.06763,1.06748,1.06754,0
2023-03-06 14:58:00+00:00,1.06753,1.06753,1.06744,1.06747,0
2023-03-06 14:59:00+00:00,1.06746,1.06756,1.06745,1.06754,0
2023-03-06 16:00:00+00:00,1.0677,1.06774,1.06766,1.0677,0
2023-03-06 16:01:00+00:00,1.0677,1.06775,1.06767,1.06768,0
2023-03-06 16:02:00+00:00,1.06768,1.06776,1.06768,1.06773,0
2023-03-06 16:03:00+00:00,1.06772,1.06773,1.06771,1.06771,0
2023-03-06 16:04:00+00:00,1.06771,1.06771,1.06759,1.06767,0
2023-03-06 16:05:00+00:00,1.06767,1.06769,1.06765,1.06765,0
2023-03-06 16:06:00+00:00,1.06764,1.06765,1.06757,1.06761,0
2023-03-06 16:07:00+00:00,1.06762,1.06766,1.06762,1.06765,0
2023-03-06 16:08:00+00:00,1.06765,1.06765,1.06764,1.06765,0
2023-03-06 16:09:00+00:00,1.06765,1.06768,1.06765,1.06768,0
2023-03-06 16:10:00+00:00,1.06769,1.06772,1.06768,1.06772,0
2023-03-06 16:11:00+00:00,1.06773,1.06775,1.06772,1.06775,0
2023-03-06 16:12:00+00:00,1.06774,1.06775,1.06771,1.06774,0
2023-03-06 16:13:00+00:00,1.06775,1.06775,1.06774,1.06774,0
2023-03-06 16:14:00+00:00,1.06774,1.06775,1.06774,1.06775,0
2023-03-06 16:15:00+00:00,1.06773,1.06773,1.06769,1.06771,0
2023-03-06 16:16:00+00:00,1.0677,1.06786,1.0677,1.06784,0
2023-03-06 16:17:00+00:00,1.06784,1.06785,1.06782,1.06785,0
2023-03-06 16:18:00+00:00,1.06787,1.06787,1.06786,1.06786,0
2023-03-06 16:19:00+00:00,1.06788,1.06789,1.06787,1.06787,0
2023-03-06 16:20:00+00:00,1.06787,1.06787,1.06783,1.06783,0
2023-03-06 16:21:00+00:00,1.06784,1.06785,1.06777,1.06783,0
2023-03-06 16:22:00+00:00,1.06784,1.06785,1.06784,1.06784,0
2023-03-06 16:23:00+00:00,1.06784,1.06785,1.06781,1.06785,0
2023-03-06 16:24:00+00:00,1.06785,1.06791,1.06781,1.06781,0
2023-03-06 16:25:00+00:00,1.06781,1.06792,1.06781,1.06792,0
2023-03-06 16:27:00+00:00,1.06791,1.06791,1.06791,1.06791,0
2023-03-06 16:28:00+00:00,1.06794,1.06801,1.06792,1.06801,0
2023-03-06 16:29:00+00:00,1.068,1.068,1.06789,1.06797,0
2023-03-06 16:30:00+00:00,1.06796,1.0681,1.06794,1.06808,0
2023-03-06 16:31:00+00:00,1.06808,1.06816,1.06802,1.06806,0
2023-03-06 16:32:00+00:00,1.06807,1.06812,1.06806,1.06811,0
2023-03-06 16:33:00+00:00,1.06811,1.06812,1.06809,1.06809,0
2023-03-06 16:34:00+00:00,1.06809,1.06809,1.06809,1.06809,0
2023-03-06 16:35:00+00:00,1.06811,1.06817,1.06811,1.06817,0
2023-03-06 16:36:00+00:00,1.06817,1.06817,1.06813,1.06816,0
2023-03-06 16:37:00+00:00,1.06816,1.06828,1.06816,1.06824,0
2023-03-06 16:38:00+00:00,1.06823,1.06827,1.06819,1.06825,0
2023-03-06 16:39:00+00:00,1.06831,1.06836,1.06827,1.06828,0
2023-03-06 16:40:00+00:00,1.06829,1.06829,1.06821,1.06821,0
2023-03-06 16:41:00+00:00,1.0682,1.06827,1.0682,1.06824,0
2023-03-06 16:42:00+00:00,1.06824,1.06826,1.06824,1.06826,0
2023-03-06 16:43:00+00:00,1.06826,1.06836,1.06826,1.06836,0
2023-03-06 16:44:00+00:00,1.06835,1.06837,1.06825,1.06833,0
2023-03-06 16:45:00+00:00,1.06833,1.06833,1.06825,1.06825,0
2023-03-06 16:46:00+00:00,1.06826,1.0683,1.06825,1.06826,0
2023-03-06 16:47:00+00:00,1.06826,1.06827,1.06825,1.06827,0
2023-03-06 16:48:00+00:00,1.06826,1.06827,1.06824,1.06826,0
2023-03-06 16:49:00+00:00,1.06827,1.06827,1.06825,1.06826,0
2023-03-06 16:50:00+00:00,1.06826,1.06826,1.06823,1.06824,0
2023-03-06 16:51:00+00:00,1.06823,1.06823,1.06816,1.0682,0
2023-03-06 16:52:00+00:00,1.06822,1.06826,1.06822,1.06826,0
2023-03-06 16:53:00+00:00,1.06827,1.06827,1.06825,1.06826,0
2023-03-06 16:54:00+00:00,1.06825,1.06829,1.06825,1.06828,0
2023-03-06 16:55:00+00:00,1.06826,1.06832,1.06826,1.06832,0
2023-03-06 16:56:00+00:00,1.06832,1.06832,1.06829,1.06829,0
2023-03-06 16:57:00+00:00,1.06828,1.06832,1.06827,1.06831,0
2023-03-06 16:58:00+00:00,1.06831,1.06831,1.06823,1.06823,0
2023-03-06 16:59:00+00:00,1.06822,1.06826,1.06808,1.06808,0
2023-03-06 18:00:00+00:00,1.06811,1.06815,1.06793,1.06809,0
2023-03-06 18:01:00+00:00,1.06809,1.06809,1.06804,1.06804,0
2023-03-06 18:02:00+00:00,1.06805,1.06806,1.06793,1.06796,0
2023-03-06 18:03:00+00:00,1.06797,1.06798,1.06795,1.06797,0
2023-03-06 18:04:00+00:00,1.06794,1.06806,1.06793,1.06802,0
2023-03-06 18:05:00+00:00,1.06803,1.06804,1.068,1.06804,0
2023-03-06 18:06:00+00:00,1.0681,1.06813,1.06805,1.06812,0
2023-03-06 18:07:00+00:00,1.06813,1.06815,1.06812,1.06814,0
2023-03-06 18:08:00+00:00,1.06814,1.06818,1.06814,1.06817,0
2023-03-06 18:09:00+00:00,1.0682,1.06829,1.0682,1.06828,0
2023-03-06 18:10:00+00:00,1.0683,1.0683,1.06824,1.06826,0
2023-03-06 18:11:00+00:00,1.06827,1.06827,1.06823,1.06824,0
2023-03-06 18:12:00+00:00,1.06823,1.0683,1.0682,1.06828,0
2023-03-06 18:13:00+00:00,1.06828,1.06831,1.06826,1.06831,0
2023-03-06 18:14:00+00:00,1.06831,1.06834,1.06831,1.06832,0
2023-03-06 18:15:00+00:00,1.06834,1.06838,1.06834,1.06835,0
2023-03-06 18:16:00+00:00,1.06837,1.06843,1.06837,1.06843,0
2023-03-06 18:17:00+00:00,1.06845,1.06845,1.06842,1.06844,0
2023-03-06 18:18:00+00:00,1.06846,1.06848,1.06843,1.06848,0
2023-03-06 18:19:00+00:00,1.06848,1.0685,1.06843,1.06845,0
2023-03-06 18:20:00+00:00,1.06845,1.06845,1.06829,1.06832,0
2023-03-06 18:21:00+00:00,1.06833,1.06836,1.06827,1.06836,0
2023-03-06 18:22:00+00:00,1.06836,1.06852,1.06836,1.06851,0
2023-03-06 18:23:00+00:00,1.06851,1.06852,1.06837,1.06837,0
2023-03-06 18:24:00+00:00,1.06837,1.06844,1.06831,1.06844,0
2023-03-06 18:25:00+00:00,1.06844,1.06848,1.06823,1.06825,0
2023-03-06 18:26:00+00:00,1.06825,1.06826,1.06822,1.06822,0
2023-03-06 18:27:00+00:00,1.06821,1.06822,1.0681,1.0682,0
2023-03-06 18:28:00+00:00,1.0682,1.06827,1.0682,1.06824,0
2023-03-06 18:29:00+00:00,1.06822,1.06823,1.06819,1.06819,0
2023-03-06 18:30:00+00:00,1.06821,1.06843,1.06821,1.06836,0
2023-03-06 18:31:00+00:00,1.06837,1.06845,1.06837,1.06843,0
2023-03-06 18:32:00+00:00,1.06845,1.06852,1.06844,1.06849,0
2023-03-06 18:33:00+00:00,1.06848,1.0685,1.06844,1.06844,0
2023-03-06 18:34:00+00:00,1.06845,1.06856,1.06845,1.06848,0
2023-03-06 18:35:00+00:00,1.06848,1.06848,1.06847,1.06847,0
2023-03-06 18:36:00+00:00,1.06849,1.06855,1.06849,1.06855,0
2023-03-06 18:37:00+00:00,1.06855,1.06855,1.06849,1.0685,0
2023-03-06 18:38:00+00:00,1.06849,1.0685,1.06849,1.06849,0
2023-03-06 18:39:00+00:00,1.0685,1.06857,1.06848,1.06854,0
2023-03-06 18:40:00+00:00,1.06853,1.06857,1.06853,1.06856,0
2023-03-06 18:41:00+00:00,1.06857,1.0686,1.06857,1.06858,0
2023-03-06 18:42:00+00:00,1.06857,1.0686,1.06856,1.06856,0
2023-03-06 18:43:00+00:00,1.06857,1.06857,1.06852,1.06852,0
2023-03-06 18:44:00+00:00,1.06851,1.06857,1.06849,1.06857,0
2023-03-06 18:45:00+00:00,1.06857,1.06861,1.06857,1.06861,0
2023-03-06 18:46:00+00:00,1.06859,1.06859,1.06856,1.06858,0
2023-03-06 18:47:00+00:00,1.0686,1.06861,1.06859,1.06861,0
2023-03-06 18:48:00+00:00,1.0686,1.0686,1.06851,1.06854,0
2023-03-06 18:49:00+00:00,1.06855,1.06857,1.06855,1.06856,0
2023-03-06 18:50:00+00:00,1.06856,1.06859,1.06856,1.06858,0
2023-03-06 18:51:00+00:00,1.06858,1.06858,1.06857,1.06857,0
2023-03-06 18:52:00+00:00,1.06858,1.06858,1.06857,1.06858,0
2023-03-06 18:53:00+00:00,1.06857,1.06859,1.06857,1.06857,0
2023-03-06 18:54:00+00:00,1.06858,1.06865,1.06858,1.06863,0
2023-03-06 18:55:00+00:00,1.06863,1.06864,1.06861,1.06863,0
2023-03-06 18:56:00+00:00,1.06862,1.06868,1.06862,1.06866,0
2023-03-06 18:57:00+00:00,1.06867,1.06867,1.06863,1.06864,0
2023-03-06 18:58:00+00:00,1.06864,1.06864,1.06858,1.06859,0
2023-03-06 18:59:00+00:00,1.06859,1.06859,1.06854,1.06854,0
2023-03-06 19:00:00+00:00,1.06853,1.06856,1.06843,1.06856,0
2023-03-06 19:01:00+00:00,1.06856,1.06864,1.06856,1.06858,0
2023-03-06 19:02:00+00:00,1.06857,1.06858,1.06836,1.06842,0
2023-03-06 19:03:00+00:00,1.06843,1.06843,1.0683,1.06833,0
2023-03-06 19:04:00+00:00,1.06834,1.06834,1.06813,1.06813,0
2023-03-06 19:05:00+00:00,1.06814,1.06816,1.06813,1.06815,0
2023-03-06 19:06:00+00:00,1.06815,1.06816,1.06812,1.06815,0
2023-03-06 19:07:00+00:00,1.06816,1.06816,1.06811,1.06815,0
2023-03-06 19:08:00+00:00,1.06814,1.06826,1.06814,1.06821,0
2023-03-06 19:09:00+00:00,1.0682,1.06826,1.06818,1.06818,0
2023-03-06 19:10:00+00:00,1.06819,1.06825,1.06813,1.06817,0
2023-03-06 19:11:00+00:00,1.06818,1.06818,1.06815,1.06815,0
2023-03-06 19:12:00+00:00,1.06814,1.06822,1.06811,1.06812,0
2023-03-06 19:13:00+00:00,1.06812,1.06816,1.06811,1.06811,0
2023-03-06 19:14:00+00:00,1.06811,1.06815,1.06811,1.06812,0
2023-03-06 19:15:00+00:00,1.06812,1.06812,1.06806,1.06807,0
2023-03-06 19:16:00+00:00,1.06806,1.06808,1.06804,1.06805,0
2023-03-06 19:17:00+00:00,1.06806,1.06806,1.06801,1.06801,0
2023-03-06 19:18:00+00:00,1.06802,1.06809,1.06801,1.06808,0
2023-03-06 19:19:00+00:00,1.06807,1.06809,1.06805,1.06806,0
2023-03-06 19:20:00+00:00,1.06805,1.06807,1.06805,1.06806,0
2023-03-06 19:21:00+00:00,1.0681,1.06813,1.06809,1.0681,0
2023-03-06 19:22:00+00:00,1.06811,1.06816,1.06811,1.06815,0
2023-03-06 19:23:00+00:00,1.06816,1.06822,1.06815,1.06815,0
2023-03-06 19:24:00+00:00,1.06816,1.06826,1.06815,1.06821,0
2023-03-06 19:25:00+00:00,1.06821,1.06821,1.0681,1.0681,0
2023-03-06 19:26:00+00:00,1.06811,1.06821,1.06811,1.0682,0
2023-03-06 19:27:00+00:00,1.0682,1.0682,1.06817,1.06817,0
2023-03-06 19:28:00+00:00,1.06818,1.0682,1.06817,1.06818,0
2023-03-06 19:29:00+00:00,1.06818,1.06819,1.06816,1.06816,0
2023-03-06 19:30:00+00:00,1.06817,1.06824,1.06817,1.0682,0
2023-03-06 19:31:00+00:00,1.06819,1.0682,1.06812,1.06817,0
2023-03-06 19:32:00+00:00,1.06817,1.06817,1.06808,1.06808,0
2023-03-06 19:33:00+00:00,1.0681,1.0681,1.06801,1.06801,0
2023-03-06 19:34:00+00:00,1.06804,1.06808,1.06804,1.06807,0
2023-03-06 19:35:00+00:00,1.06808,1.06808,1.06801,1.06802,0
2023-03-06 19:36:00+00:00,1.06803,1.06803,1.0679,1.0679,0
2023-03-06 19:37:00+00:00,1.06789,1.06799,1.06783,1.06799,0
2023-03-06 19:38:00+00:00,1.06798,1.068,1.06793,1.06795,0
2023-03-06 19:39:00+00:00,1.06796,1.06799,1.06795,1.06799,0
2023-03-06 19:40:00+00:00,1.06799,1.06805,1.06798,1.06798,0
2023-03-06 19:41:00+00:00,1.06798,1.06806,1.06796,1.06806,0
2023-03-06 19:42:00+00:00,1.06805,1.06811,1.06804,1.06809,0
2023-03-06 19:43:00+00:00,1.0681,1.06814,1.0681,1.0681,0
2023-03-06 19:44:00+00:00,1.0681,1.06816,1.0681,1.06814,0
2023-03-06 19:45:00+00:00,1.06814,1.06815,1.06809,1.0681,0
2023-03-06 19:46:00+00:00,1.06811,1.06811,1.06808,1.0681,0
2023-03-06 19:47:00+00:00,1.06809,1.06814,1.06808,1.0681,0
2023-03-06 19:48:00+00:00,1.0681,1.06811,1.068,1.06801,0
2023-03-06 19:49:00+00:00,1.06802,1.06805,1.068,1.06803,0
2023-03-06 19:50:00+00:00,1.06802,1.06807,1.06801,1.06804,0
2023-03-06 19:51:00+00:00,1.06803,1.0681,1.06801,1.06804,0
2023-03-06 19:52:00+00:00,1.06803,1.06808,1.06802,1.06807,0
2023-03-06 19:53:00+00:00,1.06806,1.06809,1.068,1.06801,0
2023-03-06 19:54:00+00:00,1.06802,1.06815,1.06801,1.06812,0
2023-03-06 19:55:00+00:00,1.06813,1.06818,1.06805,1.06805,0
2023-03-06 19:56:00+00:00,1.06805,1.0681,1.06805,1.06806,0
2023-03-06 19:57:00+00:00,1.06806,1.0681,1.0679,1.06791,0
2023-03-06 19:58:00+00:00,1.0679,1.06793,1.0678,1.06782,0
2023-03-06 19:59:00+00:00,1.06781,1.0679,1.06774,1.06789,0
2023-03-06 20:00:00+00:00,1.06791,1.06791,1.06781,1.06782,0
2023-03-06 20:01:00+00:00,1.06782,1.06785,1.0677,1.06771,0
2023-03-06 20:02:00+00:00,1.0677,1.06774,1.06766,1.06769,0
2023-03-06 20:03:00+00:00,1.06769,1.06774,1.06766,1.06772,0
2023-03-06 20:04:00+00:00,1.0677,1.06776,1.06763,1.0677,0
2023-03-06 20:05:00+00:00,1.06771,1.06775,1.06765,1.06774,0
2023-03-06 20:06:00+00:00,1.06776,1.06778,1.06769,1.06774,0
2023-03-06 20:07:00+00:00,1.06775,1.06776,1.0677,1.06774,0
2023-03-06 20:08:00+00:00,1.06775,1.06775,1.0677,1.0677,0
2023-03-06 20:09:00+00:00,1.06772,1.06775,1.0677,1.06775,0
2023-03-06 20:10:00+00:00,1.06775,1.06782,1.06775,1.06777,0
2023-03-06 20:11:00+00:00,1.06777,1.06791,1.06777,1.0679,0
2023-03-06 20:12:00+00:00,1.0679,1.06798,1.06787,1.0679,0
2023-03-06 20:13:00+00:00,1.0679,1.06795,1.06787,1.0679,0
2023-03-06 20:14:00+00:00,1.0679,1.0679,1.06786,1.0679,0
2023-03-06 20:15:00+00:00,1.06789,1.06804,1.06787,1.06804,0
2023-03-06 20:16:00+00:00,1.06805,1.06806,1.06801,1.06804,0
2023-03-06 20:17:00+00:00,1.06807,1.06808,1.06801,1.06804,0
2023-03-06 20:18:00+00:00,1.06805,1.06812,1.068,1.06806,0
2023-03-06 20:19:00+00:00,1.06805,1.06807,1.068,1.06802,0
2023-03-06 20:20:00+00:00,1.06803,1.06804,1.06798,1.06799,0
2023-03-06 20:21:00+00:00,1.06796,1.06815,1.06796,1.06812,0
2023-03-06 20:22:00+00:00,1.06812,1.06821,1.06811,1.06816,0
2023-03-06 20:23:00+00:00,1.06816,1.06822,1.06816,1.06819,0
2023-03-06 20:24:00+00:00,1.06819,1.06828,1.06817,1.06819,0
2023-03-06 20:25:00+00:00,1.06818,1.06831,1.06813,1.06829,0
2023-03-06 20:26:00+00:00,1.06828,1.06832,1.06822,1.06831,0
2023-03-06 20:27:00+00:00,1.06831,1.06832,1.06823,1.06832,0
2023-03-06 20:28:00+00:00,1.06833,1.06842,1.0683,1.0684,0
2023-03-06 20:29:00+00:00,1.06838,1.06851,1.06838,1.06842,0
2023-03-06 20:30:00+00:00,1.06841,1.06842,1.06834,1.06834,0
2023-03-06 20:31:00+00:00,1.06834,1.06854,1.06832,1.06851,0
2023-03-06 20:32:00+00:00,1.06849,1.06856,1.06839,1.06844,0
2023-03-06 20:33:00+00:00,1.06844,1.06863,1.06843,1.06863,0
2023-03-06 20:34:00+00:00,1.06864,1.06864,1.06852,1.0686,0
2023-03-06 20:35:00+00:00,1.0686,1.0686,1.06846,1.0685,0
2023-03-06 20:36:00+00:00,1.06849,1.06854,1.06846,1.06847,0
2023-03-06 20:37:00+00:00,1.06848,1.06848,1.0683,1.0683,0
2023-03-06 20:38:00+00:00,1.06831,1.06834,1.06825,1.0683,0
2023-03-06 20:39:00+00:00,1.0683,1.06843,1.0683,1.06841,0
2023-03-06 20:40:00+00:00,1.06841,1.06841,1.06827,1.06832,0
2023-03-06 20:41:00+00:00,1.06831,1.06837,1.06825,1.06826,0
2023-03-06 20:42:00+00:00,1.06825,1.0683,1.06817,1.06817,0
2023-03-06 20:43:00+00:00,1.06819,1.06823,1.06817,1.0682,0
2023-03-06 20:44:00+00:00,1.06821,1.06821,1.0681,1.06813,0
2023-03-06 20:45:00+00:00,1.06814,1.06826,1.06814,1.06823,0
2023-03-06 20:46:00+00:00,1.06825,1.06827,1.06812,1.06813,0
2023-03-06 20:47:00+00:00,1.06813,1.06815,1.06801,1.06814,0
2023-03-06 20:48:00+00:00,1.06813,1.0683,1.06813,1.0683,0
2023-03-06 20:49:00+00:00,1.06831,1.06831,1.06823,1.06828,0
2023-03-06 20:50:00+00:00,1.06828,1.06834,1.0682,1.06831,0
2023-03-06 20:51:00+00:00,1.0683,1.06838,1.0683,1.06831,0
2023-03-06 20:52:00+00:00,1.06831,1.06841,1.0683,1.06837,0
2023-03-06 20:53:00+00:00,1.06837,1.06867,1.06837,1.06867,0
2023-03-06 20:54:00+00:00,1.06868,1.06887,1.06868,1.06872,0
2023-03-06 20:55:00+00:00,1.06872,1.06882,1.0687,1.06876,0
2023-03-06 20:56:00+00:00,1.06875,1.06875,1.06864,1.06865,0
2023-03-06 20:57:00+00:00,1.06865,1.06868,1.06859,1.06859,0
2023-03-06 20:58:00+00:00,1.06858,1.06862,1.06857,1.0686,0
2023-03-06 20:59:00+00:00,1.06863,1.06866,1.0686,1.06864,0
2023-03-06 21:00:00+00:00,1.06864,1.06864,1.06851,1.06853,0
2023-03-06 21:01:00+00:00,1.06854,1.06856,1.06841,1.06844,0
2023-03-06 21:02:00+00:00,1.06845,1.06862,1.06845,1.06857,0
2023-03-06 21:03:00+00:00,1.06857,1.06861,1.06851,1.06859,0
2023-03-06 21:04:00+00:00,1.06861,1.06883,1.06857,1.06883,0
2023-03-06 21:05:00+00:00,1.06883,1.06883,1.06876,1.06882,0
2023-03-06 21:06:00+00:00,1.06882,1.06896,1.06881,1.06896,0
2023-03-06 21:07:00+00:00,1.06896,1.06921,1.06895,1.06905,0
2023-03-06 21:08:00+00:00,1.06905,1.06919,1.069,1.06916,0
2023-03-06 21:09:00+00:00,1.06915,1.06919,1.06898,1.06911,0
2023-03-06 21:10:00+00:00,1.06911,1.06922,1.06909,1.06922,0
2023-03-06 21:11:00+00:00,1.06925,1.06925,1.06911,1.06916,0
2023-03-06 21:12:00+00:00,1.06913,1.06917,1.06911,1.06916,0
2023-03-06 21:13:00+00:00,1.06917,1.06921,1.06912,1.06919,0
2023-03-06 21:14:00+00:00,1.06918,1.06923,1.06918,1.06919,0
2023-03-06 21:15:00+00:00,1.06919,1.06923,1.06912,1.06916,0
2023-03-06 21:16:00+00:00,1.06915,1.06917,1.06905,1.06912,0
2023-03-06 21:17:00+00:00,1.06913,1.06913,1.06902,1.06904,0
2023-03-06 21:18:00+00:00,1.06904,1.06906,1.06896,1.06902,0
2023-03-06 21:19:00+00:00,1.06903,1.06903,1.06898,1.06901,0
2023-03-06 21:20:00+00:00,1.06905,1.06906,1.06898,1.06898,0
2023-03-06 21:21:00+00:00,1.06898,1.06909,1.06898,1.06901,0
2023-03-06 21:22:00+00:00,1.06902,1.06906,1.06898,1.06898,0
2023-03-06 21:23:00+00:00,1.06898,1.06906,1.06898,1.06905,0
2023-03-06 21:24:00+00:00,1.06904,1.0691,1.06902,1.06906,0
2023-03-06 21:25:00+00:00,1.06909,1.06913,1.06908,1.06912,0
2023-03-06 21:26:00+00:00,1.06912,1.06912,1.06889,1.0689,0
2023-03-06 21:27:00+00:00,1.06891,1.06895,1.06886,1.06886,0
2023-03-06 21:28:00+00:00,1.06886,1.06889,1.0688,1.06887,0
2023-03-06 21:29:00+00:00,1.06886,1.06894,1.06885,1.06885,0
2023-03-06 21:30:00+00:00,1.06884,1.06891,1.0688,1.06881,0
2023-03-06 21:31:00+00:00,1.06879,1.0689,1.06879,1.06885,0
2023-03-06 21:32:00+00:00,1.06884,1.0689,1.06881,1.06886,0
2023-03-06 21:33:00+00:00,1.06885,1.06887,1.06881,1.06884,0
2023-03-06 21:34:00+00:00,1.06882,1.06892,1.06881,1.06892,0
2023-03-06 21:35:00+00:00,1.06892,1.06892,1.06886,1.0689,0
2023-03-06 21:36:00+00:00,1.06894,1.06896,1.06882,1.06882,0
2023-03-06 21:37:00+00:00,1.06882,1.06889,1.06882,1.06886,0
2023-03-06 21:38:00+00:00,1.06886,1.06892,1.06881,1.06889,0
2023-03-06 21:39:00+00:00,1.0689,1.06891,1.06885,1.06889,0
2023-03-06 21:40:00+00:00,1.06889,1.06894,1.06886,1.06893,0
2023-03-06 21:41:00+00:00,1.06893,1.06903,1.06893,1.06903,0
2023-03-06 21:42:00+00:00,1.06903,1.06904,1.069,1.06901,0
2023-03-06 21:43:00+00:00,1.06904,1.06912,1.06901,1.06905,0
2023-03-06 21:44:00+00:00,1.06904,1.06915,1.06901,1.06902,0
2023-03-06 21:45:00+00:00,1.06905,1.06916,1.06905,1.06915,0
2023-03-06 21:46:00+00:00,1.06915,1.06915,1.06898,1.06901,0
2023-03-06 21:47:00+00:00,1.06902,1.06909,1.06901,1.06902,0
2023-03-06 21:48:00+00:00,1.06903,1.06908,1.06902,1.06906,0
2023-03-06 21:49:00+00:00,1.06907,1.06908,1.06898,1.069,0
2023-03-06 21:50:00+00:00,1.06898,1.06902,1.06895,1.06901,0
2023-03-06 21:51:00+00:00,1.06902,1.06906,1.06901,1.06904,0
2023-03-06 21:52:00+00:00,1.06903,1.0691,1.06898,1.06909,0
2023-03-06 21:53:00+00:00,1.06906,1.06908,1.06899,1.069,0
2023-03-06 21:54:00+00:00,1.069,1.06905,1.06898,1.06905,0
2023-03-06 21:55:00+00:00,1.06904,1.06905,1.06894,1.06895,0
2023-03-06 21:56:00+00:00,1.06896,1.06898,1.06884,1.06884,0
2023-03-06 21:57:00+00:00,1.06884,1.06884,1.06874,1.06878,0
2023-03-06 21:58:00+00:00,1.06876,1.06883,1.06874,1.06881,0
2023-03-06 21:59:00+00:00,1.0688,1.06882,1.06871,1.06877,0
2023-03-06 22:00:00+00:00,1.06877,1.06881,1.06871,1.06873,0
2023-03-06 22:01:00+00:00,1.06874,1.06877,1.06866,1.0687,0
2023-03-06 22:02:00+00:00,1.0687,1.0687,1.06863,1.06863,0
2023-03-06 22:03:00+00:00,1.06864,1.06877,1.06862,1.0687,0
2023-03-06 22:04:00+00:00,1.06872,1.0688,1.06871,1.06875,0
2023-03-06 22:05:00+00:00,1.06874,1.06876,1.0687,1.06876,0
2023-03-06 22:06:00+00:00,1.06876,1.06876,1.06873,1.06873,0
2023-03-06 22:07:00+00:00,1.06874,1.06874,1.06869,1.06871,0
2023-03-06 22:08:00+00:00,1.06872,1.06872,1.0686,1.06862,0
2023-03-06 22:09:00+00:00,1.06863,1.06865,1.06861,1.06863,0
2023-03-06 22:10:00+00:00,1.06862,1.06866,1.06857,1.06857,0
2023-03-06 22:11:00+00:00,1.06857,1.06857,1.06843,1.06849,0
2023-03-06 22:12:00+00:00,1.0685,1.06858,1.06849,1.06851,0
2023-03-06 22:13:00+00:00,1.06851,1.06865,1.06851,1.06864,0
2023-03-06 22:14:00+00:00,1.06864,1.06867,1.06864,1.06866,0
2023-03-06 22:15:00+00:00,1.06869,1.06872,1.06864,1.06866,0
2023-03-06 22:16:00+00:00,1.06866,1.06877,1.06863,1.06875,0
2023-03-06 22:17:00+00:00,1.06876,1.06877,1.06872,1.06872,0
2023-03-06 22:18:00+00:00,1.06872,1.0689,1.06872,1.06886,0
2023-03-06 22:19:00+00:00,1.06887,1.06888,1.06882,1.06886,0
2023-03-06 22:20:00+00:00,1.06885,1.06886,1.06881,1.06882,0
2023-03-06 22:21:00+00:00,1.06881,1.06883,1.06881,1.06881,0
2023-03-06 22:22:00+00:00,1.06881,1.06882,1.06872,1.06875,0
2023-03-06 22:23:00+00:00,1.06874,1.06879,1.06872,1.06876,0
2023-03-06 22:24:00+00:00,1.06876,1.06878,1.06872,1.06877,0
2023-03-06 22:25:00+00:00,1.06877,1.06882,1.06877,1.06882,0
2023-03-06 22:26:00+00:00,1.06882,1.06883,1.06882,1.06882,0
2023-03-06 22:28:00+00:00,1.06884,1.06895,1.06884,1.06888,0
2023-03-06 22:29:00+00:00,1.06888,1.06895,1.06887,1.06891,0
2023-03-06 22:30:00+00:00,1.0689,1.06896,1.06851,1.06853,0
2023-03-06 22:31:00+00:00,1.06852,1.06878,1.06846,1.06869,0
2023-03-06 22:32:00+00:00,1.06869,1.06873,1.06856,1.06872,0
2023-03-06 22:33:00+00:00,1.06872,1.06902,1.0687,1.069,0
2023-03-06 22:34:00+00:00,1.06898,1.06909,1.06891,1.06904,0
2023-03-06 22:35:00+00:00,1.06904,1.06908,1.06903,1.06904,0
2023-03-06 22:36:00+00:00,1.06906,1.06907,1.06892,1.06892,0
2023-03-06 22:37:00+00:00,1.06892,1.06898,1.0688,1.06888,0
2023-03-06 22:38:00+00:00,1.06889,1.06896,1.06888,1.06893,0
2023-03-06 22:39:00+00:00,1.06891,1.06894,1.06889,1.06891,0
2023-03-06 22:40:00+00:00,1.0689,1.06892,1.06879,1.06883,0
2023-03-06 22:41:00+00:00,1.06883,1.06893,1.06876,1.06889,0
2023-03-06 22:42:00+00:00,1.06888,1.06896,1.06883,1.0689,0
2023-03-06 22:43:00+00:00,1.06891,1.06894,1.06886,1.06891,0
2023-03-06 22:44:00+00:00,1.06892,1.06893,1.06886,1.06888,0
2023-03-06 22:45:00+00:00,1.06888,1.06889,1.06876,1.06887,0
2023-03-06 22:46:00+00:00,1.06888,1.06889,1.06884,1.06888,0
2023-03-06 22:47:00+00:00,1.06888,1.06888,1.06878,1.06883,0
2023-03-06 22:48:00+00:00,1.06882,1.06887,1.06878,1.06883,0
2023-03-06 22:49:00+00:00,1.06882,1.06887,1.06862,1.06878,0
2023-03-06 22:50:00+00:00,1.06878,1.06886,1.06877,1.06886,0
2023-03-06 22:51:00+00:00,1.06887,1.06905,1.06887,1.06904,0
2023-03-06 22:52:00+00:00,1.06905,1.06912,1.06903,1.06907,0
2023-03-06 22:53:00+00:00,1.06907,1.0691,1.06902,1.06905,0
2023-03-06 22:54:00+00:00,1.06905,1.06918,1.06905,1.06918,0
2023-03-06 22:55:00+00:00,1.06915,1.06917,1.06907,1.06912,0
2023-03-06 22:56:00+00:00,1.06911,1.06917,1.06911,1.06911,0
2023-03-06 22:57:00+00:00,1.0691,1.06917,1.0691,1.06916,0
2023-03-06 22:58:00+00:00,1.06916,1.06916,1.06894,1.06905,0
2023-03-06 22:59:00+00:00,1.06906,1.06911,1.06903,1.06909,0
2023-03-06 23:00:00+00:00,1.06908,1.06912,1.06901,1.06902,0
2023-03-06 23:01:00+00:00,1.06903,1.06925,1.06903,1.06921,0
2023-03-06 23:02:00+00:00,1.06921,1.06924,1.06917,1.06921,0
2023-03-06 23:03:00+00:00,1.06921,1.06931,1.06918,1.06923,0
2023-03-06 23:04:00+00:00,1.06922,1.06926,1.06921,1.06922,0
2023-03-06 23:05:00+00:00,1.06922,1.06922,1.06911,1.06912,0
2023-03-06 23:06:00+00:00,1.06914,1.06919,1.06912,1.06914,0
2023-03-06 23:07:00+00:00,1.06913,1.06917,1.06909,1.06911,0
2023-03-06 23:08:00+00:00,1.06911,1.06911,1.06903,1.06903,0
2023-03-06 23:09:00+00:00,1.06904,1.06908,1.06903,1.06907,0
2023-03-06 23:10:00+00:00,1.06906,1.06918,1.06906,1.06915,0
2023-03-06 23:11:00+00:00,1.06915,1.06921,1.06912,1.06913,0
2023-03-06 23:12:00+00:00,1.06915,1.06916,1.06907,1.06907,0
2023-03-06 23:13:00+00:00,1.06907,1.06918,1.06907,1.06914,0
2023-03-06 23:14:00+00:00,1.06916,1.06918,1.06912,1.06913,0
2023-03-06 23:15:00+00:00,1.06914,1.06917,1.06913,1.06914,0
2023-03-06 23:16:00+00:00,1.06913,1.06914,1.06911,1.06912,0
2023-03-06 23:17:00+00:00,1.06913,1.06914,1.06899,1.06902,0
2023-03-06 23:18:00+00:00,1.06903,1.06907,1.06903,1.06905,0
2023-03-06 23:19:00+00:00,1.06904,1.06907,1.06902,1.06903,0
2023-03-06 23:20:00+00:00,1.06903,1.0691,1.06902,1.06906,0
2023-03-06 23:21:00+00:00,1.06909,1.06909,1.06897,1.06898,0
2023-03-06 23:22:00+00:00,1.06899,1.06905,1.06896,1.06897,0
2023-03-06 23:23:00+00:00,1.06898,1.0691,1.06896,1.06909,0
2023-03-06 23:24:00+00:00,1.06908,1.06908,1.06901,1.06901,0
2023-03-06 23:25:00+00:00,1.069,1.06907,1.069,1.06905,0
2023-03-06 23:26:00+00:00,1.06905,1.06905,1.06898,1.06898,0
2023-03-06 23:27:00+00:00,1.06898,1.06907,1.06898,1.06907,0
2023-03-06 23:28:00+00:00,1.06907,1.06916,1.06906,1.06906,0
2023-03-06 23:29:00+00:00,1.06905,1.06907,1.06903,1.06905,0
2023-03-06 23:30:00+00:00,1.06906,1.06918,1.06906,1.06913,0
2023-03-06 23:31:00+00:00,1.0691,1.06912,1.06906,1.0691,0
2023-03-06 23:32:00+00:00,1.0691,1.06917,1.06907,1.06917,0
2023-03-06 23:33:00+00:00,1.06918,1.0692,1.06916,1.06917,0
2023-03-06 23:34:00+00:00,1.06916,1.06918,1.06914,1.06915,0
2023-03-06 23:35:00+00:00,1.06916,1.06921,1.06915,1.06916,0
2023-03-06 23:36:00+00:00,1.06917,1.0692,1.06916,1.06917,0
2023-03-06 23:37:00+00:00,1.06917,1.06917,1.06915,1.06916,0
2023-03-06 23:38:00+00:00,1.06915,1.0692,1.06915,1.06917,0
2023-03-06 23:39:00+00:00,1.06917,1.06918,1.06915,1.06915,0
2023-03-06 23:40:00+00:00,1.06916,1.06916,1.06912,1.06912,0
2023-03-06 23:41:00+00:00,1.06913,1.0692,1.06913,1.0692,0
2023-03-06 23:42:00+00:00,1.0692,1.06921,1.06917,1.06918,0
2023-03-06 23:43:00+00:00,1.06919,1.0692,1.06917,1.06917,0
2023-03-06 23:44:00+00:00,1.06917,1.06917,1.06913,1.06913,0
2023-03-06 23:45:00+00:00,1.06912,1.06913,1.06911,1.06913,0
2023-03-06 23:46:00+00:00,1.06912,1.06912,1.06912,1.06912,0
2023-03-06 23:47:00+00:00,1.06913,1.06918,1.06912,1.06917,0
2023-03-06 23:48:00+00:00,1.06915,1.06919,1.06906,1.06906,0
2023-03-06 23:49:00+00:00,1.06906,1.06906,1.06904,1.06904,0
2023-03-06 23:50:00+00:00,1.06903,1.06903,1.06902,1.06902,0
2023-03-06 23:51:00+00:00,1.06901,1.06901,1.06898,1.06899,0
2023-03-06 23:52:00+00:00,1.06896,1.069,1.06895,1.06899,0
2023-03-06 23:53:00+00:00,1.06899,1.06899,1.06893,1.06895,0
2023-03-06 23:54:00+00:00,1.06893,1.06895,1.06891,1.06892,0
2023-03-06 23:55:00+00:00,1.06892,1.06892,1.06889,1.06891,0
2023-03-06 23:56:00+00:00,1.06891,1.06891,1.06886,1.06887,0
2023-03-06 23:57:00+00:00,1.06887,1.0689,1.06882,1.06882,0
2023-03-06 23:58:00+00:00,1.06883,1.06888,1.06881,1.06888,0
2023-03-06 23:59:00+00:00,1.06889,1.06904,1.06889,1.06903,0
2023-03-07 00:00:00+00:00,1.06902,1.06905,1.06887,1.06887,0
2023-03-07 00:01:00+00:00,1.06885,1.06893,1.06882,1.06882,0
2023-03-07 00:02:00+00:00,1.06881,1.06882,1.06881,1.06882,0
2023-03-07 00:03:00+00:00,1.06882,1.06896,1.06882,1.06896,0
2023-03-07 00:04:00+00:00,1.06896,1.06896,1.06884,1.06884,0
2023-03-07 00:05:00+00:00,1.06884,1.06887,1.06882,1.06885,0
2023-03-07 00:06:00+00:00,1.06884,1.06892,1.06883,1.06891,0
2023-03-07 00:07:00+00:00,1.06892,1.06899,1.06892,1.06898,0
2023-03-07 00:08:00+00:00,1.06899,1.06899,1.06888,1.06888,0
2023-03-07 00:09:00+00:00,1.06888,1.06896,1.06888,1.06896,0
2023-03-07 00:10:00+00:00,1.06899,1.06903,1.06897,1.06898,0
2023-03-07 00:11:00+00:00,1.06899,1.06902,1.06896,1.06901,0
2023-03-07 00:12:00+00:00,1.069,1.06901,1.06896,1.06899,0
2023-03-07 00:13:00+00:00,1.06899,1.069,1.06891,1.06892,0
2023-03-07 00:14:00+00:00,1.06893,1.06896,1.06891,1.06891,0
2023-03-07 00:15:00+00:00,1.06892,1.06892,1.06883,1.06885,0
2023-03-07 00:16:00+00:00,1.06885,1.06885,1.0688,1.06882,0
2023-03-07 00:17:00+00:00,1.06882,1.06888,1.06877,1.06888,0
2023-03-07 00:18:00+00:00,1.0689,1.06891,1.06889,1.06889,0
2023-03-07 00:19:00+00:00,1.06891,1.06896,1.06886,1.06895,0
2023-03-07 00:20:00+00:00,1.06896,1.06896,1.06882,1.06882,0
2023-03-07 00:21:00+00:00,1.06883,1.06889,1.06883,1.06886,0
2023-03-07 00:22:00+00:00,1.06885,1.06893,1.06883,1.06889,0
2023-03-07 00:23:00+00:00,1.0689,1.0689,1.06877,1.06877,0
2023-03-07 00:24:00+00:00,1.06877,1.06882,1.06871,1.06872,0
2023-03-07 00:25:00+00:00,1.06873,1.06885,1.06873,1.06882,0
2023-03-07 00:26:00+00:00,1.06882,1.06885,1.06881,1.06882,0
2023-03-07 00:27:00+00:00,1.06882,1.06887,1.06882,1.06886,0
2023-03-07 00:28:00+00:00,1.06886,1.06892,1.06883,1.06885,0
2023-03-07 00:29:00+00:00,1.06885,1.06887,1.06883,1.06887,0
2023-03-07 00:30:00+00:00,1.06886,1.06886,1.06875,1.06879,0
2023-03-07 00:31:00+00:00,1.0688,1.0688,1.06867,1.06871,0
2023-03-07 00:32:00+00:00,1.0687,1.06872,1.06864,1.06865,0
2023-03-07 00:33:00+00:00,1.06866,1.06866,1.06863,1.06864,0
2023-03-07 00:34:00+00:00,1.06865,1.06865,1.06864,1.06865,0
2023-03-07 00:35:00+00:00,1.06864,1.06865,1.06863,1.06865,0
2023-03-07 00:36:00+00:00,1.06865,1.06877,1.06865,1.06872,0
2023-03-07 00:37:00+00:00,1.06871,1.06871,1.06861,1.06866,0
2023-03-07 00:38:00+00:00,1.06865,1.06871,1.06865,1.06869,0
2023-03-07 00:39:00+00:00,1.06869,1.06869,1.06863,1.06864,0
2023-03-07 00:40:00+00:00,1.06864,1.06873,1.06864,1.06871,0
2023-03-07 00:41:00+00:00,1.06871,1.06875,1.06869,1.06872,0
2023-03-07 00:42:00+00:00,1.06874,1.06874,1.06864,1.06864,0
2023-03-07 00:43:00+00:00,1.06865,1.06871,1.06862,1.06862,0
2023-03-07 00:44:00+00:00,1.06864,1.06869,1.06862,1.06868,0
2023-03-07 00:45:00+00:00,1.06868,1.0687,1.06862,1.06867,0
2023-03-07 00:46:00+00:00,1.06867,1.06868,1.06854,1.06854,0
2023-03-07 00:47:00+00:00,1.06856,1.06856,1.06849,1.06851,0
2023-03-07 00:48:00+00:00,1.06853,1.06856,1.06852,1.06852,0
2023-03-07 00:49:00+00:00,1.06853,1.06856,1.0685,1.0685,0
2023-03-07 00:50:00+00:00,1.0685,1.06852,1.06847,1.0685,0
2023-03-07 00:51:00+00:00,1.0685,1.06851,1.0685,1.0685,0
2023-03-07 00:52:00+00:00,1.0685,1.0685,1.06845,1.06846,0
2023-03-07 00:53:00+00:00,1.06846,1.06847,1.06843,1.06843,0
2023-03-07 00:54:00+00:00,1.06844,1.06846,1.06842,1.06846,0
2023-03-07 00:55:00+00:00,1.06847,1.06856,1.06836,1.06836,0
2023-03-07 00:56:00+00:00,1.06836,1.06842,1.06824,1.06833,0
2023-03-07 00:57:00+00:00,1.0683,1.0683,1.06813,1.06826,0
2023-03-07 00:58:00+00:00,1.06828,1.06841,1.06819,1.06819,0
2023-03-07 00:59:00+00:00,1.06817,1.06853,1.06817,1.06851,0
2023-03-07 01:00:00+00:00,1.0685,1.06866,1.06844,1.06845,0
2023-03-07 01:01:00+00:00,1.06846,1.06865,1.06845,1.06855,0
2023-03-07 01:02:00+00:00,1.06856,1.06858,1.06847,1.0685,0
2023-03-07 01:03:00+00:00,1.0685,1.06857,1.06847,1.06847,0
2023-03-07 01:04:00+00:00,1.06848,1.06851,1.06837,1.0684,0
2023-03-07 01:05:00+00:00,1.06839,1.06841,1.06825,1.06832,0
2023-03-07 01:06:00+00:00,1.06831,1.0684,1.06828,1.06828,0
2023-03-07 01:07:00+00:00,1.06829,1.0684,1.06828,1.06836,0
2023-03-07 01:08:00+00:00,1.06836,1.06837,1.0683,1.06832,0
2023-03-07 01:09:00+00:00,1.06832,1.06835,1.06822,1.06823,0
2023-03-07 01:10:00+00:00,1.06823,1.06825,1.06819,1.0682,0
2023-03-07 01:11:00+00:00,1.06819,1.06835,1.06815,1.06829,0
2023-03-07 01:12:00+00:00,1.0683,1.06837,1.06827,1.06836,0
2023-03-07 01:13:00+00:00,1.06835,1.06835,1.06822,1.06822,0
2023-03-07 01:14:00+00:00,1.06822,1.06824,1.06815,1.0682,0
2023-03-07 01:15:00+00:00,1.06818,1.06818,1.0681,1.06815,0
2023-03-07 01:16:00+00:00,1.06819,1.06823,1.06812,1.06821,0
2023-03-07 01:17:00+00:00,1.06823,1.06825,1.06819,1.06822,0
2023-03-07 01:18:00+00:00,1.0682,1.06826,1.06814,1.06824,0
2023-03-07 01:19:00+00:00,1.06825,1.06838,1.06825,1.0683,0
2023-03-07 01:20:00+00:00,1.06831,1.06832,1.06823,1.06825,0
2023-03-07 01:21:00+00:00,1.06826,1.06826,1.06813,1.0682,0
2023-03-07 01:22:00+00:00,1.06819,1.06819,1.06809,1.06809,0
2023-03-07 01:23:00+00:00,1.06809,1.06818,1.06805,1.06813,0
2023-03-07 01:24:00+00:00,1.06814,1.06824,1.06809,1.0682,0
2023-03-07 01:25:00+00:00,1.06821,1.06824,1.0681,1.06814,0
2023-03-07 01:26:00+00:00,1.06812,1.0682,1.06812,1.06813,0
2023-03-07 01:27:00+00:00,1.06814,1.06824,1.06812,1.06813,0
2023-03-07 01:28:00+00:00,1.06813,1.06826,1.06812,1.06826,0
2023-03-07 01:29:00+00:00,1.06827,1.06827,1.06814,1.06825,0
2023-03-07 01:30:00+00:00,1.06826,1.06828,1.06821,1.06828,0
2023-03-07 01:31:00+00:00,1.06827,1.06832,1.06826,1.0683,0
2023-03-07 01:32:00+00:00,1.06831,1.06843,1.06831,1.06832,0
2023-03-07 01:33:00+00:00,1.06834,1.06835,1.0683,1.06832,0
2023-03-07 01:34:00+00:00,1.06832,1.06833,1.06826,1.06827,0
2023-03-07 01:35:00+00:00,1.06827,1.06835,1.06827,1.06834,0
2023-03-07 01:36:00+00:00,1.06833,1.06846,1.06831,1.06845,0
2023-03-07 01:37:00+00:00,1.06844,1.06844,1.06831,1.06835,0
2023-03-07 01:38:00+00:00,1.06835,1.06835,1.06826,1.06829,0
2023-03-07 01:39:00+00:00,1.0683,1.06831,1.06823,1.06827,0
2023-03-07 01:40:00+00:00,1.06825,1.0683,1.06815,1.06816,0
2023-03-07 01:41:00+00:00,1.06817,1.06822,1.06814,1.06817,0
2023-03-07 01:42:00+00:00,1.06817,1.06822,1.06814,1.06815,0
2023-03-07 01:43:00+00:00,1.06815,1.06826,1.06814,1.06825,0
2023-03-07 01:44:00+00:00,1.06824,1.06835,1.06821,1.06835,0
2023-03-07 01:45:00+00:00,1.06836,1.06837,1.06809,1.0681,0
2023-03-07 01:46:00+00:00,1.06809,1.06819,1.06804,1.06804,0
2023-03-07 01:47:00+00:00,1.06805,1.06813,1.06804,1.06811,0
2023-03-07 01:48:00+00:00,1.06812,1.06812,1.06795,1.06795,0
2023-03-07 01:49:00+00:00,1.06798,1.06801,1.0679,1.06799,0
2023-03-07 01:50:00+00:00,1.06798,1.06805,1.06793,1.06795,0
2023-03-07 01:51:00+00:00,1.06796,1.06796,1.06784,1.06788,0
2023-03-07 01:52:00+00:00,1.06789,1.06795,1.06783,1.06784,0
2023-03-07 01:53:00+00:00,1.06784,1.06786,1.06767,1.06769,0
2023-03-07 01:54:00+00:00,1.0677,1.06774,1.06759,1.06765,0
2023-03-07 01:55:00+00:00,1.06765,1.0677,1.06763,1.06769,0
2023-03-07 01:56:00+00:00,1.06769,1.06784,1.06767,1.06778,0
2023-03-07 01:57:00+00:00,1.06777,1.06794,1.06777,1.06783,0
2023-03-07 01:58:00+00:00,1.06784,1.06785,1.06776,1.06778,0
2023-03-07 01:59:00+00:00,1.06779,1.06779,1.06758,1.06759,0
2023-03-07 02:00:00+00:00,1.0676,1.06785,1.0676,1.06784,0
2023-03-07 02:01:00+00:00,1.06788,1.06789,1.06779,1.06789,0
2023-03-07 02:02:00+00:00,1.06789,1.06802,1.06785,1.06794,0
2023-03-07 02:03:00+00:00,1.06795,1.06796,1.06768,1.06769,0
2023-03-07 02:04:00+00:00,1.06773,1.06779,1.06762,1.06764,0
2023-03-07 02:05:00+00:00,1.06765,1.06769,1.06747,1.06748,0
2023-03-07 02:06:00+00:00,1.06749,1.0677,1.06744,1.06759,0
2023-03-07 02:07:00+00:00,1.0676,1.06761,1.06753,1.06755,0
2023-03-07 02:08:00+00:00,1.06754,1.06791,1.06754,1.06785,0
2023-03-07 02:09:00+00:00,1.06786,1.06789,1.06772,1.06774,0
2023-03-07 02:10:00+00:00,1.06775,1.06779,1.06769,1.06774,0
2023-03-07 02:11:00+00:00,1.06775,1.06782,1.06769,1.06776,0
2023-03-07 02:12:00+00:00,1.06775,1.06797,1.06774,1.06784,0
2023-03-07 02:13:00+00:00,1.06788,1.06833,1.06788,1.06833,0
2023-03-07 02:14:00+00:00,1.06833,1.06847,1.0683,1.06837,0
2023-03-07 02:15:00+00:00,1.06835,1.06851,1.06828,1.06833,0
2023-03-07 02:16:00+00:00,1.06831,1.06851,1.0683,1.06836,0
2023-03-07 02:17:00+00:00,1.06836,1.06838,1.06825,1.06835,0
2023-03-07 02:18:00+00:00,1.06835,1.06837,1.06822,1.06831,0
2023-03-07 02:19:00+00:00,1.06831,1.06849,1.06831,1.06841,0
2023-03-07 02:20:00+00:00,1.06842,1.06842,1.06828,1.06839,0
2023-03-07 02:21:00+00:00,1.0684,1.06854,1.0684,1.06846,0
2023-03-07 02:22:00+00:00,1.06847,1.06853,1.06843,1.06851,0
2023-03-07 02:23:00+00:00,1.0685,1.06861,1.06846,1.06856,0
2023-03-07 02:24:00+00:00,1.06858,1.06903,1.06857,1.06901,0
2023-03-07 02:25:00+00:00,1.06902,1.06917,1.06898,1.06907,0
2023-03-07 02:26:00+00:00,1.06907,1.06916,1.06891,1.06891,0
2023-03-07 02:27:00+00:00,1.0689,1.06895,1.06882,1.06884,0
2023-03-07 02:28:00+00:00,1.06885,1.06887,1.06879,1.06885,0
2023-03-07 02:29:00+00:00,1.06885,1.06906,1.06881,1.06905,0
2023-03-07 02:30:00+00:00,1.069,1.06907,1.06882,1.06882,0
2023-03-07 02:31:00+00:00,1.06887,1.06892,1.0687,1.06888,0
2023-03-07 02:32:00+00:00,1.06888,1.06901,1.06887,1.06901,0
2023-03-07 02:33:00+00:00,1.06902,1.06906,1.06888,1.06894,0
2023-03-07 02:34:00+00:00,1.06896,1.06897,1.06883,1.06896,0
2023-03-07 02:35:00+00:00,1.06899,1.06907,1.06896,1.06896,0
2023-03-07 02:36:00+00:00,1.06896,1.0691,1.06895,1.06901,0
2023-03-07 02:37:00+00:00,1.06902,1.06905,1.06897,1.06902,0
2023-03-07 02:38:00+00:00,1.06901,1.06917,1.06901,1.06915,0
2023-03-07 02:39:00+00:00,1.06916,1.06943,1.06916,1.06933,0
2023-03-07 02:40:00+00:00,1.06935,1.06937,1.06925,1.06934,0
2023-03-07 02:41:00+00:00,1.06933,1.06934,1.06927,1.06929,0
2023-03-07 02:42:00+00:00,1.06928,1.0693,1.06908,1.06911,0
2023-03-07 02:43:00+00:00,1.06909,1.06917,1.06891,1.06891,0
2023-03-07 02:44:00+00:00,1.06894,1.06894,1.06881,1.06881,0
2023-03-07 02:45:00+00:00,1.06885,1.06896,1.06876,1.06876,0
2023-03-07 02:46:00+00:00,1.06875,1.06887,1.06867,1.06885,0
2023-03-07 02:47:00+00:00,1.06884,1.06884,1.06865,1.06866,0
2023-03-07 02:48:00+00:00,1.06866,1.06872,1.06849,1.0685,0
2023-03-07 02:49:00+00:00,1.06851,1.06863,1.06843,1.06857,0
2023-03-07 02:50:00+00:00,1.06857,1.06888,1.06857,1.06879,0
2023-03-07 02:51:00+00:00,1.06877,1.06882,1.06863,1.06866,0
2023-03-07 02:52:00+00:00,1.06864,1.06876,1.06851,1.06875,0
2023-03-07 02:53:00+00:00,1.06875,1.06885,1.06875,1.06876,0
2023-03-07 02:54:00+00:00,1.06876,1.06888,1.06874,1.0688,0
2023-03-07 02:55:00+00:00,1.06879,1.06891,1.06878,1.06888,0
2023-03-07 02:56:00+00:00,1.06888,1.06907,1.06888,1.06896,0
2023-03-07 02:57:00+00:00,1.06896,1.06901,1.06884,1.06896,0
2023-03-07 02:58:00+00:00,1.06896,1.06896,1.0688,1.0688,0
2023-03-07 02:59:00+00:00,1.0688,1.06882,1.06847,1.06854,0
2023-03-07 03:00:00+00:00,1.06853,1.06862,1.06811,1.06816,0
2023-03-07 03:01:00+00:00,1.06819,1.06843,1.06791,1.06792,0
2023-03-07 03:02:00+00:00,1.06794,1.06818,1.0679,1.06805,0
2023-03-07 03:03:00+00:00,1.06805,1.06826,1.06804,1.06822,0
2023-03-07 03:04:00+00:00,1.06825,1.06843,1.06811,1.06817,0
2023-03-07 03:05:00+00:00,1.06817,1.0682,1.06791,1.06803,0
2023-03-07 03:06:00+00:00,1.06803,1.06816,1.06781,1.0679,0
2023-03-07 03:07:00+00:00,1.0679,1.0679,1.06767,1.0677,0
2023-03-07 03:08:00+00:00,1.0677,1.06793,1.0677,1.06791,0
2023-03-07 03:09:00+00:00,1.06791,1.06797,1.06779,1.06792,0
2023-03-07 03:10:00+00:00,1.06791,1.06792,1.0678,1.0679,0
2023-03-07 03:11:00+00:00,1.06791,1.06795,1.06741,1.06745,0
2023-03-07 03:12:00+00:00,1.06744,1.06746,1.06715,1.06743,0
2023-03-07 03:13:00+00:00,1.06743,1.06746,1.06726,1.06737,0
2023-03-07 03:14:00+00:00,1.06737,1.06742,1.06712,1.06718,0
2023-03-07 03:15:00+00:00,1.06716,1.06721,1.06706,1.06716,0
2023-03-07 03:16:00+00:00,1.06714,1.06738,1.0671,1.06736,0
2023-03-07 03:17:00+00:00,1.06736,1.06742,1.06725,1.06735,0
2023-03-07 03:18:00+00:00,1.06735,1.06743,1.06717,1.06717,0
2023-03-07 03:19:00+00:00,1.06716,1.06722,1.06706,1.06721,0
2023-03-07 03:20:00+00:00,1.06721,1.06722,1.06704,1.0671,0
2023-03-07 03:21:00+00:00,1.06708,1.06723,1.06707,1.06721,0
2023-03-07 03:22:00+00:00,1.0672,1.06737,1.06706,1.06707,0
2023-03-07 03:23:00+00:00,1.06707,1.06718,1.06697,1.06713,0
2023-03-07 03:24:00+00:00,1.06712,1.06743,1.06712,1.06742,0
2023-03-07 03:25:00+00:00,1.06741,1.06745,1.06715,1.06723,0
2023-03-07 03:26:00+00:00,1.06725,1.06726,1.06702,1.06706,0
2023-03-07 03:27:00+00:00,1.06707,1.06715,1.06702,1.06715,0
2023-03-07 03:28:00+00:00,1.06715,1.06743,1.06713,1.06743,0
2023-03-07 03:29:00+00:00,1.06743,1.06763,1.06737,1.06756,0
2023-03-07 03:30:00+00:00,1.06756,1.06784,1.06756,1.06781,0
2023-03-07 03:31:00+00:00,1.0678,1.06783,1.06765,1.06783,0
2023-03-07 03:32:00+00:00,1.06782,1.06783,1.06767,1.06769,0
2023-03-07 03:33:00+00:00,1.0677,1.06783,1.06757,1.06757,0
2023-03-07 03:34:00+00:00,1.06757,1.06769,1.06748,1.06748,0
2023-03-07 03:35:00+00:00,1.06747,1.06757,1.06742,1.06747,0
2023-03-07 03:36:00+00:00,1.06748,1.06758,1.06738,1.06747,0
2023-03-07 03:37:00+00:00,1.06747,1.06773,1.06744,1.0677,0
2023-03-07 03:38:00+00:00,1.0677,1.06772,1.0675,1.0675,0
2023-03-07 03:39:00+00:00,1.06751,1.06756,1.0674,1.06741,0
2023-03-07 03:40:00+00:00,1.06742,1.06757,1.06736,1.06736,0
2023-03-07 03:41:00+00:00,1.06738,1.06752,1.06735,1.06746,0
2023-03-07 03:42:00+00:00,1.06747,1.06747,1.06723,1.06733,0
2023-03-07 03:43:00+00:00,1.06733,1.06742,1.06721,1.06721,0
2023-03-07 03:44:00+00:00,1.06722,1.06735,1.06715,1.06719,0
2023-03-07 03:45:00+00:00,1.06718,1.06724,1.06703,1.06717,0
2023-03-07 03:46:00+00:00,1.06718,1.06741,1.06716,1.06736,0
2023-03-07 03:47:00+00:00,1.06737,1.06741,1.06719,1.06733,0
2023-03-07 03:48:00+00:00,1.06733,1.0675,1.06732,1.06733,0
2023-03-07 03:49:00+00:00,1.06733,1.06747,1.06721,1.06722,0
2023-03-07 03:50:00+00:00,1.06721,1.06727,1.06703,1.06713,0
2023-03-07 03:51:00+00:00,1.06713,1.06719,1.06702,1.06712,0
2023-03-07 03:52:00+00:00,1.06713,1.06744,1.06707,1.06742,0
2023-03-07 03:53:00+00:00,1.06742,1.06746,1.06732,1.06734,0
2023-03-07 03:54:00+00:00,1.06736,1.06745,1.06732,1.06743,0
2023-03-07 03:55:00+00:00,1.06744,1.06753,1.06742,1.06749,0
2023-03-07 03:56:00+00:00,1.06749,1.0675,1.06744,1.06749,0
2023-03-07 03:57:00+00:00,1.06748,1.06773,1.06746,1.06772,0
2023-03-07 03:58:00+00:00,1.06773,1.06779,1.06745,1.06761,0
2023-03-07 03:59:00+00:00,1.06761,1.06761,1.06735,1.06735,0
2023-03-07 04:00:00+00:00,1.06735,1.06735,1.06705,1.06711,0
2023-03-07 04:01:00+00:00,1.0671,1.06711,1.06691,1.06699,0
2023-03-07 04:02:00+00:00,1.06698,1.06707,1.06691,1.06698,0
2023-03-07 04:03:00+00:00,1.06698,1.06699,1.06686,1.06686,0
2023-03-07 04:04:00+00:00,1.06687,1.06692,1.06662,1.06673,0
2023-03-07 04:05:00+00:00,1.06672,1.06693,1.06672,1.06676,0
2023-03-07 04:06:00+00:00,1.06677,1.06682,1.06654,1.06663,0
2023-03-07 04:07:00+00:00,1.06664,1.06671,1.06655,1.06661,0
2023-03-07 04:08:00+00:00,1.06659,1.06677,1.06659,1.06675,0
2023-03-07 04:09:00+00:00,1.06675,1.06685,1.0666,1.06664,0
2023-03-07 04:10:00+00:00,1.06665,1.06676,1.06665,1.06672,0
2023-03-07 04:11:00+00:00,1.06671,1.06682,1.06651,1.06651,0
2023-03-07 04:12:00+00:00,1.06652,1.06661,1.06639,1.06645,0
2023-03-07 04:13:00+00:00,1.06644,1.06644,1.06621,1.06622,0
2023-03-07 04:14:00+00:00,1.0662,1.06627,1.06614,1.06626,0
2023-03-07 04:15:00+00:00,1.06627,1.06644,1.06622,1.06624,0
2023-03-07 04:16:00+00:00,1.06623,1.06626,1.0661,1.06616,0
2023-03-07 04:17:00+00:00,1.06614,1.06621,1.0661,1.06616,0
2023-03-07 04:18:00+00:00,1.06615,1.06618,1.06605,1.06611,0
2023-03-07 04:19:00+00:00,1.0661,1.06616,1.06589,1.06596,0
2023-03-07 04:20:00+00:00,1.06596,1.06617,1.06582,1.06597,0
2023-03-07 04:21:00+00:00,1.06598,1.06647,1.06597,1.06645,0
2023-03-07 04:22:00+00:00,1.06645,1.06645,1.06611,1.06626,0
2023-03-07 04:23:00+00:00,1.06626,1.06633,1.06616,1.0663,0
2023-03-07 04:24:00+00:00,1.0663,1.06633,1.06615,1.0662,0
2023-03-07 04:25:00+00:00,1.06618,1.06621,1.06599,1.06607,0
2023-03-07 04:26:00+00:00,1.06608,1.06632,1.06608,1.06631,0
2023-03-07 04:27:00+00:00,1.06632,1.06638,1.06627,1.06632,0
2023-03-07 04:28:00+00:00,1.06633,1.0665,1.06629,1.06629,0
2023-03-07 04:29:00+00:00,1.06628,1.06638,1.06613,1.06624,0
2023-03-07 04:30:00+00:00,1.06623,1.06637,1.06621,1.06637,0
2023-03-07 04:31:00+00:00,1.06636,1.0664,1.06623,1.06624,0
2023-03-07 04:32:00+00:00,1.06624,1.06637,1.06613,1.06629,0
2023-03-07 04:33:00+00:00,1.0663,1.06648,1.0663,1.06642,0
2023-03-07 04:34:00+00:00,1.06643,1.06648,1.06634,1.06634,0
2023-03-07 04:35:00+00:00,1.06635,1.06665,1.06632,1.06659,0
2023-03-07 04:36:00+00:00,1.0666,1.06674,1.06659,1.06666,0
2023-03-07 04:37:00+00:00,1.06667,1.06669,1.06644,1.06646,0
2023-03-07 04:38:00+00:00,1.06647,1.06651,1.06633,1.06649,0
2023-03-07 04:39:00+00:00,1.0665,1.06657,1.06645,1.06647,0
2023-03-07 04:40:00+00:00,1.06646,1.06649,1.06642,1.06645,0
2023-03-07 04:41:00+00:00,1.06646,1.06646,1.06627,1.0663,0
2023-03-07 04:42:00+00:00,1.06631,1.06631,1.066,1.06604,0
2023-03-07 04:43:00+00:00,1.06605,1.06609,1.06589,1.0659,0
2023-03-07 04:44:00+00:00,1.0659,1.06594,1.06579,1.06582,0
2023-03-07 04:45:00+00:00,1.06582,1.06599,1.06577,1.06596,0
2023-03-07 04:46:00+00:00,1.06597,1.06618,1.06597,1.06612,0
2023-03-07 04:47:00+00:00,1.06614,1.06617,1.06599,1.06614,0
2023-03-07 04:48:00+00:00,1.06613,1.06613,1.06592,1.06593,0
2023-03-07 04:49:00+00:00,1.06593,1.06596,1.06576,1.06588,0
2023-03-07 04:50:00+00:00,1.06589,1.06597,1.06582,1.06594,0
2023-03-07 04:51:00+00:00,1.06593,1.06597,1.06586,1.06596,0
2023-03-07 04:52:00+00:00,1.06595,1.06609,1.06587,1.06601,0
2023-03-07 04:53:00+00:00,1.06602,1.06602,1.06581,1.06587,0
2023-03-07 04:54:00+00:00,1.06588,1.06603,1.06577,1.06602,0
2023-03-07 04:55:00+00:00,1.06602,1.06608,1.06596,1.06602,0
2023-03-07 04:56:00+00:00,1.06601,1.06609,1.06595,1.06598,0
2023-03-07 04:57:00+00:00,1.06597,1.06598,1.06558,1.06559,0
2023-03-07 04:58:00+00:00,1.06559,1.06578,1.06553,1.06577,0
2023-03-07 04:59:00+00:00,1.06577,1.06577,1.06559,1.06566,0
2023-03-07 05:00:00+00:00,1.06566,1.06579,1.0656,1.06571,0
2023-03-07 05:01:00+00:00,1.06571,1.06587,1.06563,1.0658,0
2023-03-07 05:02:00+00:00,1.0658,1.06582,1.06567,1.06577,0
2023-03-07 05:03:00+00:00,1.06577,1.0659,1.06569,1.06589,0
2023-03-07 05:04:00+00:00,1.06588,1.06588,1.06557,1.06559,0
2023-03-07 05:05:00+00:00,1.06558,1.06563,1.06552,1.06553,0
2023-03-07 05:06:00+00:00,1.06553,1.06567,1.06542,1.06566,0
2023-03-07 05:07:00+00:00,1.06568,1.0658,1.06568,1.06577,0
2023-03-07 05:08:00+00:00,1.06576,1.0659,1.06574,1.06586,0
2023-03-07 05:09:00+00:00,1.06589,1.066,1.06588,1.06596,0
2023-03-07 05:10:00+00:00,1.06596,1.06607,1.06591,1.06605,0
2023-03-07 05:11:00+00:00,1.06606,1.06624,1.06606,1.06613,0
2023-03-07 05:12:00+00:00,1.06613,1.06617,1.06607,1.06607,0
2023-03-07 05:13:00+00:00,1.06607,1.06618,1.06606,1.06611,0
2023-03-07 05:14:00+00:00,1.0661,1.06615,1.06593,1.06593,0
2023-03-07 05:15:00+00:00,1.06596,1.066,1.06585,1.06598,0
2023-03-07 05:16:00+00:00,1.06597,1.06607,1.06596,1.06604,0
2023-03-07 05:17:00+00:00,1.06604,1.06604,1.06598,1.06603,0
2023-03-07 05:18:00+00:00,1.06602,1.06611,1.06598,1.06605,0
2023-03-07 05:19:00+00:00,1.06605,1.06615,1.06603,1.06605,0
2023-03-07 05:20:00+00:00,1.06606,1.06617,1.06601,1.06612,0
2023-03-07 05:21:00+00:00,1.06612,1.06623,1.06608,1.06623,0
2023-03-07 05:22:00+00:00,1.06624,1.06631,1.06621,1.06627,0
2023-03-07 05:23:00+00:00,1.06628,1.06634,1.06628,1.06633,0
2023-03-07 05:24:00+00:00,1.06634,1.06649,1.0663,1.06649,0
2023-03-07 05:25:00+00:00,1.06649,1.06662,1.06648,1.06658,0
2023-03-07 05:26:00+00:00,1.06657,1.06662,1.06627,1.06635,0
2023-03-07 05:27:00+00:00,1.06634,1.06635,1.06607,1.06611,0
2023-03-07 05:28:00+00:00,1.06611,1.06612,1.06586,1.06603,0
2023-03-07 05:29:00+00:00,1.06602,1.06615,1.06597,1.06604,0
2023-03-07 05:30:00+00:00,1.06603,1.06616,1.066,1.06601,0
2023-03-07 05:31:00+00:00,1.06599,1.06603,1.06572,1.06573,0
2023-03-07 05:32:00+00:00,1.06572,1.06585,1.06572,1.06576,0
2023-03-07 05:33:00+00:00,1.06576,1.06577,1.06565,1.06577,0
2023-03-07 05:34:00+00:00,1.06579,1.06587,1.06579,1.06586,0
2023-03-07 05:35:00+00:00,1.0659,1.06598,1.06588,1.06597,0
2023-03-07 05:36:00+00:00,1.06596,1.06614,1.06596,1.06611,0
2023-03-07 05:37:00+00:00,1.06612,1.06636,1.06612,1.06631,0
2023-03-07 05:38:00+00:00,1.06631,1.06647,1.0663,1.06638,0
2023-03-07 05:39:00+00:00,1.06639,1.0665,1.06633,1.06645,0
2023-03-07 05:40:00+00:00,1.06644,1.06644,1.06634,1.0664,0
2023-03-07 05:41:00+00:00,1.06642,1.06643,1.06626,1.06638,0
2023-03-07 05:42:00+00:00,1.06637,1.06644,1.06637,1.06642,0
2023-03-07 05:43:00+00:00,1.06642,1.06642,1.0663,1.06636,0
2023-03-07 05:44:00+00:00,1.06636,1.06649,1.0663,1.06647,0
2023-03-07 05:45:00+00:00,1.06645,1.06647,1.06633,1.06633,0
2023-03-07 05:46:00+00:00,1.06633,1.06634,1.06611,1.06614,0
2023-03-07 05:47:00+00:00,1.06615,1.06615,1.06607,1.06612,0
2023-03-07 05:48:00+00:00,1.06611,1.06634,1.06611,1.06626,0
2023-03-07 05:49:00+00:00,1.06628,1.06633,1.06621,1.06633,0
2023-03-07 05:50:00+00:00,1.06631,1.06631,1.06619,1.06622,0
2023-03-07 05:51:00+00:00,1.06622,1.06628,1.06622,1.06626,0
2023-03-07 05:52:00+00:00,1.06627,1.06655,1.06627,1.06655,0
2023-03-07 05:53:00+00:00,1.06654,1.06654,1.0665,1.06652,0
2023-03-07 05:54:00+00:00,1.06653,1.06664,1.0665,1.0666,0
2023-03-07 05:55:00+00:00,1.06659,1.0666,1.06639,1.06641,0
2023-03-07 05:56:00+00:00,1.0664,1.0664,1.06617,1.06617,0
2023-03-07 05:57:00+00:00,1.06616,1.0664,1.06612,1.06631,0
2023-03-07 05:58:00+00:00,1.0663,1.06634,1.06624,1.06631,0
2023-03-07 05:59:00+00:00,1.06629,1.0663,1.06607,1.06607,0
2023-03-07 08:00:00+00:00,1.06693,1.06703,1.06682,1.067,0
2023-03-07 08:01:00+00:00,1.067,1.06708,1.06687,1.06705,0
2023-03-07 08:02:00+00:00,1.06704,1.06707,1.06666,1.06666,0
2023-03-07 08:03:00+00:00,1.06667,1.06681,1.06655,1.06656,0
2023-03-07 08:04:00+00:00,1.06656,1.06662,1.06638,1.06641,0
2023-03-07 08:05:00+00:00,1.0664,1.06653,1.06636,1.06647,0
2023-03-07 08:06:00+00:00,1.06647,1.06653,1.06635,1.06647,0
2023-03-07 08:07:00+00:00,1.06642,1.06652,1.06636,1.06641,0
2023-03-07 08:08:00+00:00,1.06641,1.06672,1.06641,1.06667,0
2023-03-07 08:09:00+00:00,1.06671,1.06679,1.06664,1.06667,0
2023-03-07 08:10:00+00:00,1.06668,1.06677,1.06637,1.06639,0
2023-03-07 08:11:00+00:00,1.06639,1.06639,1.06626,1.06632,0
2023-03-07 08:12:00+00:00,1.06634,1.06652,1.06627,1.06627,0
2023-03-07 08:13:00+00:00,1.06628,1.06656,1.06627,1.06655,0
2023-03-07 08:14:00+00:00,1.06653,1.06655,1.06635,1.06642,0
2023-03-07 08:15:00+00:00,1.06641,1.06653,1.06634,1.06646,0
2023-03-07 08:16:00+00:00,1.06647,1.06647,1.06622,1.06632,0
2023-03-07 08:17:00+00:00,1.06631,1.0668,1.06628,1.06669,0
2023-03-07 08:18:00+00:00,1.0667,1.06672,1.06662,1.06664,0
2023-03-07 08:19:00+00:00,1.06664,1.06678,1.06662,1.06677,0
2023-03-07 08:20:00+00:00,1.06676,1.06679,1.06661,1.06674,0
2023-03-07 08:21:00+00:00,1.06675,1.0669,1.06674,1.06685,0
2023-03-07 08:22:00+00:00,1.06685,1.06697,1.06671,1.06696,0
2023-03-07 08:23:00+00:00,1.06696,1.06719,1.06693,1.06708,0
2023-03-07 08:24:00+00:00,1.06707,1.06707,1.06678,1.06678,0
2023-03-07 08:25:00+00:00,1.06679,1.0668,1.06652,1.06662,0
2023-03-07 08:26:00+00:00,1.06662,1.06702,1.06657,1.06701,0
2023-03-07 08:27:00+00:00,1.06698,1.06698,1.06671,1.06674,0
2023-03-07 08:28:00+00:00,1.06674,1.06681,1.06659,1.0666,0
2023-03-07 08:29:00+00:00,1.06661,1.06663,1.06654,1.06661,0
2023-03-07 08:30:00+00:00,1.0666,1.06662,1.06642,1.06652,0
2023-03-07 08:31:00+00:00,1.06652,1.06659,1.06641,1.06651,0
2023-03-07 08:32:00+00:00,1.0665,1.06662,1.06632,1.06642,0
2023-03-07 08:33:00+00:00,1.06642,1.06648,1.06612,1.06621,0
2023-03-07 08:34:00+00:00,1.06622,1.06642,1.06621,1.06637,0
2023-03-07 08:35:00+00:00,1.06637,1.06649,1.06631,1.06632,0
2023-03-07 08:36:00+00:00,1.06632,1.06646,1.06631,1.06633,0
2023-03-07 08:37:00+00:00,1.06634,1.06641,1.06631,1.06632,0
2023-03-07 08:38:00+00:00,1.06631,1.06651,1.06631,1.06647,0
2023-03-07 08:39:00+00:00,1.06646,1.06652,1.06631,1.06638,0
2023-03-07 08:40:00+00:00,1.06638,1.06639,1.0663,1.06631,0
2023-03-07 08:41:00+00:00,1.06631,1.06641,1.06631,1.06632,0
2023-03-07 08:42:00+00:00,1.06632,1.06633,1.06618,1.0662,0
2023-03-07 08:43:00+00:00,1.06619,1.06628,1.06614,1.06619,0
2023-03-07 08:44:00+00:00,1.0662,1.06647,1.06617,1.06642,0
2023-03-07 08:45:00+00:00,1.06642,1.06642,1.06616,1.06628,0
2023-03-07 08:46:00+00:00,1.06628,1.06633,1.06621,1.06632,0
2023-03-07 08:47:00+00:00,1.0663,1.06642,1.06611,1.06611,0
2023-03-07 08:48:00+00:00,1.06613,1.0662,1.06611,1.06612,0
2023-03-07 08:49:00+00:00,1.06613,1.06615,1.06603,1.06612,0
2023-03-07 08:50:00+00:00,1.06611,1.06619,1.06604,1.06606,0
2023-03-07 08:51:00+00:00,1.06605,1.06622,1.06605,1.06619,0
2023-03-07 08:52:00+00:00,1.0662,1.0662,1.06601,1.06601,0
2023-03-07 08:53:00+00:00,1.06601,1.06607,1.06562,1.06566,0
2023-03-07 08:54:00+00:00,1.06565,1.06577,1.06551,1.06572,0
2023-03-07 08:55:00+00:00,1.06571,1.06577,1.06552,1.06552,0
2023-03-07 08:56:00+00:00,1.06553,1.06568,1.06526,1.06532,0
2023-03-07 08:57:00+00:00,1.06535,1.06549,1.06535,1.06536,0
2023-03-07 08:58:00+00:00,1.06537,1.06539,1.0653,1.06538,0
2023-03-07 08:59:00+00:00,1.06538,1.06569,1.06531,1.06562,0
2023-03-07 09:00:00+00:00,1.0656,1.06579,1.06556,1.06579,0
2023-03-07 09:01:00+00:00,1.06578,1.06579,1.06556,1.06564,0
2023-03-07 09:02:00+00:00,1.06565,1.06565,1.06533,1.06549,0
2023-03-07 09:03:00+00:00,1.06549,1.06549,1.06519,1.06522,0
2023-03-07 09:04:00+00:00,1.06521,1.06578,1.06516,1.06572,0
2023-03-07 09:05:00+00:00,1.06571,1.06586,1.06568,1.06577,0
2023-03-07 09:06:00+00:00,1.06577,1.06608,1.06575,1.06598,0
2023-03-07 09:07:00+00:00,1.06599,1.0661,1.06597,1.06599,0
2023-03-07 09:08:00+00:00,1.06599,1.066,1.06556,1.06558,0
2023-03-07 09:09:00+00:00,1.06557,1.06581,1.06548,1.0656,0
2023-03-07 09:10:00+00:00,1.0656,1.06563,1.06536,1.06546,0
2023-03-07 09:11:00+00:00,1.06547,1.06548,1.06536,1.06536,0
2023-03-07 09:12:00+00:00,1.06536,1.06536,1.0651,1.06531,0
2023-03-07 09:13:00+00:00,1.06529,1.06529,1.0651,1.06512,0
2023-03-07 09:14:00+00:00,1.06513,1.06521,1.06501,1.06505,0
2023-03-07 09:15:00+00:00,1.06504,1.06529,1.06491,1.06516,0
2023-03-07 09:16:00+00:00,1.06517,1.06524,1.06497,1.06502,0
2023-03-07 09:17:00+00:00,1.06504,1.06513,1.06481,1.06498,0
2023-03-07 09:18:00+00:00,1.06499,1.06504,1.06491,1.06495,0
2023-03-07 09:19:00+00:00,1.06495,1.06528,1.0648,1.06526,0
2023-03-07 09:20:00+00:00,1.06531,1.06541,1.06516,1.06517,0
2023-03-07 09:21:00+00:00,1.06516,1.06536,1.06515,1.06524,0
2023-03-07 09:22:00+00:00,1.06524,1.06534,1.06515,1.0653,0
2023-03-07 09:23:00+00:00,1.0653,1.06536,1.0652,1.06534,0
2023-03-07 09:24:00+00:00,1.06533,1.06537,1.06525,1.06527,0
2023-03-07 09:25:00+00:00,1.06528,1.06529,1.06511,1.06516,0
2023-03-07 09:26:00+00:00,1.06518,1.06521,1.06509,1.0651,0
2023-03-07 09:27:00+00:00,1.06512,1.06515,1.06505,1.06507,0
2023-03-07 09:28:00+00:00,1.06509,1.06517,1.06491,1.06491,0
2023-03-07 09:29:00+00:00,1.06491,1.06505,1.06488,1.06492,0
2023-03-07 09:30:00+00:00,1.06491,1.06515,1.0649,1.06496,0
2023-03-07 09:31:00+00:00,1.06495,1.06503,1.06488,1.06493,0
2023-03-07 09:32:00+00:00,1.06492,1.06506,1.06491,1.06502,0
2023-03-07 09:33:00+00:00,1.065,1.06517,1.06496,1.06502,0
2023-03-07 09:34:00+00:00,1.06501,1.06501,1.06469,1.06481,0
2023-03-07 09:35:00+00:00,1.06482,1.06504,1.06468,1.06482,0
2023-03-07 09:36:00+00:00,1.06482,1.06499,1.06471,1.06486,0
2023-03-07 09:37:00+00:00,1.06486,1.06486,1.06471,1.06481,0
2023-03-07 09:38:00+00:00,1.06481,1.06496,1.06475,1.0648,0
2023-03-07 09:39:00+00:00,1.06481,1.06481,1.06468,1.06472,0
2023-03-07 09:40:00+00:00,1.06472,1.06472,1.06435,1.06446,0
2023-03-07 09:41:00+00:00,1.06445,1.06471,1.06443,1.06456,0
2023-03-07 09:42:00+00:00,1.06455,1.06457,1.06429,1.06437,0
2023-03-07 09:43:00+00:00,1.06437,1.06461,1.06422,1.06452,0
2023-03-07 09:44:00+00:00,1.06451,1.06458,1.06436,1.06445,0
2023-03-07 09:45:00+00:00,1.06445,1.06454,1.06431,1.06444,0
2023-03-07 09:46:00+00:00,1.06445,1.06449,1.06417,1.06421,0
2023-03-07 09:47:00+00:00,1.06419,1.06422,1.06401,1.0642,0
2023-03-07 09:48:00+00:00,1.0642,1.0643,1.06406,1.06425,0
2023-03-07 09:49:00+00:00,1.06426,1.06449,1.06426,1.06445,0
2023-03-07 09:50:00+00:00,1.06444,1.06464,1.06443,1.06462,0
2023-03-07 09:51:00+00:00,1.06461,1.06478,1.06452,1.06478,0
2023-03-07 09:52:00+00:00,1.06477,1.06492,1.06473,1.06491,0
2023-03-07 09:53:00+00:00,1.06493,1.06507,1.06487,1.06505,0
2023-03-07 09:54:00+00:00,1.06505,1.06505,1.0649,1.06501,0
2023-03-07 09:55:00+00:00,1.06501,1.06503,1.06486,1.0649,0
2023-03-07 09:56:00+00:00,1.06491,1.06501,1.06489,1.06491,0
2023-03-07 09:57:00+00:00,1.06491,1.06502,1.06466,1.06466,0
2023-03-07 09:58:00+00:00,1.06466,1.06482,1.06464,1.06481,0
2023-03-07 09:59:00+00:00,1.06481,1.06495,1.06476,1.06477,0
2023-03-07 12:00:00+00:00,1.05725,1.05737,1.05719,1.05726,0
2023-03-07 12:01:00+00:00,1.05727,1.05728,1.05703,1.05723,0
2023-03-07 12:02:00+00:00,1.05722,1.05745,1.05715,1.05742,0
2023-03-07 12:03:00+00:00,1.05742,1.05757,1.05732,1.05734,0
2023-03-07 12:04:00+00:00,1.05736,1.05742,1.05712,1.05715,0
2023-03-07 12:05:00+00:00,1.05713,1.05737,1.05711,1.05737,0
2023-03-07 12:06:00+00:00,1.05737,1.05737,1.05713,1.05717,0
2023-03-07 12:07:00+00:00,1.05717,1.05723,1.05704,1.0571,0
2023-03-07 12:08:00+00:00,1.05709,1.05723,1.05707,1.05718,0
2023-03-07 12:09:00+00:00,1.05717,1.05737,1.05708,1.05737,0
2023-03-07 12:10:00+00:00,1.05736,1.0576,1.05726,1.05749,0
2023-03-07 12:11:00+00:00,1.05748,1.05752,1.05729,1.05749,0
2023-03-07 12:12:00+00:00,1.0575,1.05769,1.0575,1.05759,0
2023-03-07 12:13:00+00:00,1.05761,1.05766,1.05754,1.0576,0
2023-03-07 12:14:00+00:00,1.05761,1.05769,1.05754,1.0576,0
2023-03-07 12:15:00+00:00,1.0576,1.0576,1.05731,1.05732,0
2023-03-07 12:16:00+00:00,1.05735,1.05738,1.05727,1.05732,0
2023-03-07 12:17:00+00:00,1.05731,1.05733,1.05717,1.05724,0
2023-03-07 12:18:00+00:00,1.05723,1.05737,1.05717,1.05735,0
2023-03-07 12:19:00+00:00,1.05735,1.05765,1.05734,1.05763,0
2023-03-07 12:20:00+00:00,1.05764,1.05858,1.05764,1.05823,0
2023-03-07 12:21:00+00:00,1.05821,1.0586,1.05793,1.05795,0
2023-03-07 12:22:00+00:00,1.05796,1.05797,1.0577,1.05797,0
2023-03-07 12:23:00+00:00,1.05797,1.05816,1.05792,1.05794,0
2023-03-07 12:24:00+00:00,1.05797,1.05825,1.05793,1.05812,0
2023-03-07 12:25:00+00:00,1.05811,1.05849,1.05809,1.05848,0
2023-03-07 12:26:00+00:00,1.05849,1.05875,1.05849,1.05869,0
2023-03-07 12:27:00+00:00,1.05872,1.0588,1.0584,1.0584,0
2023-03-07 12:28:00+00:00,1.05842,1.05843,1.05796,1.05808,0
2023-03-07 12:29:00+00:00,1.05808,1.05825,1.05798,1.05815,0
2023-03-07 12:30:00+00:00,1.05815,1.05833,1.05795,1.0582,0
2023-03-07 12:31:00+00:00,1.05819,1.05833,1.05804,1.05824,0
2023-03-07 12:32:00+00:00,1.05824,1.05825,1.05778,1.05782,0
2023-03-07 12:33:00+00:00,1.05783,1.05794,1.05772,1.05773,0
2023-03-07 12:34:00+00:00,1.05773,1.05793,1.05772,1.0578,0
2023-03-07 12:35:00+00:00,1.05779,1.05788,1.05768,1.05772,0
2023-03-07 12:36:00+00:00,1.05769,1.0578,1.05754,1.05768,0
2023-03-07 12:37:00+00:00,1.05769,1.05772,1.0575,1.05754,0
2023-03-07 12:38:00+00:00,1.05754,1.05755,1.05737,1.05743,0
2023-03-07 12:39:00+00:00,1.05743,1.05765,1.05739,1.05762,0
2023-03-07 12:40:00+00:00,1.05764,1.05764,1.05744,1.05744,0
2023-03-07 12:41:00+00:00,1.05743,1.05744,1.05709,1.05712,0
2023-03-07 12:42:00+00:00,1.05712,1.05748,1.05712,1.05743,0
2023-03-07 12:43:00+00:00,1.05743,1.05754,1.05739,1.05748,0
2023-03-07 12:44:00+00:00,1.0575,1.05762,1.05742,1.0575,0
2023-03-07 12:45:00+00:00,1.05752,1.0577,1.05743,1.05754,0
2023-03-07 12:46:00+00:00,1.05753,1.05755,1.05742,1.05754,0
2023-03-07 12:47:00+00:00,1.05754,1.05769,1.05749,1.05764,0
2023-03-07 12:48:00+00:00,1.05763,1.05763,1.05748,1.0575,0
2023-03-07 12:49:00+00:00,1.05751,1.05779,1.05749,1.05753,0
2023-03-07 12:50:00+00:00,1.05752,1.05771,1.0574,1.05752,0
2023-03-07 12:51:00+00:00,1.05751,1.05752,1.05737,1.05737,0
2023-03-07 12:52:00+00:00,1.05738,1.05745,1.05721,1.05728,0
2023-03-07 12:53:00+00:00,1.05726,1.05726,1.05703,1.05707,0
2023-03-07 12:54:00+00:00,1.05707,1.05716,1.05668,1.05687,0
2023-03-07 12:55:00+00:00,1.05689,1.05695,1.05666,1.05691,0
2023-03-07 12:56:00+00:00,1.05692,1.05708,1.05691,1.05697,0
2023-03-07 12:57:00+00:00,1.05697,1.05697,1.05656,1.0566,0
2023-03-07 12:58:00+00:00,1.05661,1.05676,1.05656,1.05676,0
2023-03-07 12:59:00+00:00,1.05677,1.05685,1.05667,1.0567,0
2023-03-07 13:00:00+00:00,1.05672,1.05687,1.05665,1.0568,0
2023-03-07 13:01:00+00:00,1.05679,1.05706,1.05678,1.05696,0
2023-03-07 13:02:00+00:00,1.05694,1.05721,1.05694,1.05718,0
2023-03-07 13:03:00+00:00,1.05718,1.05736,1.05708,1.05712,0
2023-03-07 13:04:00+00:00,1.05709,1.05723,1.05678,1.05683,0
2023-03-07 13:05:00+00:00,1.05682,1.05692,1.0568,1.05684,0
2023-03-07 13:06:00+00:00,1.05684,1.05688,1.05664,1.05665,0
2023-03-07 13:07:00+00:00,1.05665,1.05683,1.05664,1.05674,0
2023-03-07 13:08:00+00:00,1.05675,1.05676,1.05662,1.05673,0
2023-03-07 13:09:00+00:00,1.05675,1.05677,1.05657,1.05668,0
2023-03-07 13:10:00+00:00,1.05668,1.05682,1.05653,1.05655,0
2023-03-07 13:11:00+00:00,1.05656,1.05658,1.05641,1.05652,0
2023-03-07 13:12:00+00:00,1.05654,1.05658,1.05639,1.0564,0
2023-03-07 13:13:00+00:00,1.05642,1.05651,1.0564,1.05641,0
2023-03-07 13:14:00+00:00,1.0564,1.05642,1.05628,1.05632,0
2023-03-07 13:15:00+00:00,1.05631,1.05645,1.05628,1.05633,0
2023-03-07 13:16:00+00:00,1.05634,1.05653,1.05628,1.0565,0
2023-03-07 13:17:00+00:00,1.0565,1.0566,1.05632,1.05632,0
2023-03-07 13:18:00+00:00,1.05632,1.05635,1.05623,1.05624,0
2023-03-07 13:19:00+00:00,1.05624,1.05632,1.05623,1.05623,0
2023-03-07 13:20:00+00:00,1.05624,1.05636,1.05616,1.05618,0
2023-03-07 13:21:00+00:00,1.05618,1.05623,1.05603,1.05603,0
2023-03-07 13:22:00+00:00,1.05604,1.05614,1.05586,1.05588,0
2023-03-07 13:23:00+00:00,1.05587,1.05604,1.05581,1.05602,0
2023-03-07 13:24:00+00:00,1.05603,1.05613,1.05594,1.05594,0
2023-03-07 13:25:00+00:00,1.05595,1.05605,1.05583,1.056,0
2023-03-07 13:26:00+00:00,1.05601,1.05614,1.05588,1.05605,0
2023-03-07 13:27:00+00:00,1.05602,1.05623,1.05599,1.05607,0
2023-03-07 13:28:00+00:00,1.05607,1.05618,1.05596,1.05617,0
2023-03-07 13:29:00+00:00,1.05616,1.05622,1.05597,1.05622,0
2023-03-07 13:30:00+00:00,1.0562,1.05627,1.05611,1.05627,0
2023-03-07 13:31:00+00:00,1.05626,1.05641,1.05613,1.05615,0
2023-03-07 13:32:00+00:00,1.05615,1.05632,1.05609,1.05621,0
2023-03-07 13:33:00+00:00,1.0562,1.05623,1.0559,1.05591,0
2023-03-07 13:34:00+00:00,1.05591,1.05591,1.05565,1.0557,0
2023-03-07 13:35:00+00:00,1.05569,1.05569,1.05553,1.05569,0
2023-03-07 13:36:00+00:00,1.05567,1.05568,1.05555,1.05568,0
2023-03-07 13:37:00+00:00,1.05568,1.05585,1.05563,1.05582,0
2023-03-07 13:38:00+00:00,1.05582,1.05594,1.05573,1.05581,0
2023-03-07 13:39:00+00:00,1.05586,1.0559,1.05577,1.05582,0
2023-03-07 13:40:00+00:00,1.05583,1.05584,1.05563,1.05571,0
2023-03-07 13:41:00+00:00,1.0557,1.05574,1.05551,1.05574,0
2023-03-07 13:42:00+00:00,1.05573,1.05574,1.05549,1.05554,0
2023-03-07 13:43:00+00:00,1.05554,1.0556,1.05549,1.05553,0
2023-03-07 13:44:00+00:00,1.05552,1.05554,1.05543,1.05544,0
2023-03-07 13:45:00+00:00,1.05545,1.05557,1.0554,1.05557,0
2023-03-07 13:46:00+00:00,1.05555,1.05557,1.05533,1.05541,0
2023-03-07 13:47:00+00:00,1.05541,1.05542,1.05528,1.05542,0
2023-03-07 13:48:00+00:00,1.05542,1.05542,1.05532,1.05533,0
2023-03-07 13:49:00+00:00,1.05534,1.05543,1.0553,1.05538,0
2023-03-07 13:50:00+00:00,1.05538,1.05545,1.05529,1.05529,0
2023-03-07 13:51:00+00:00,1.0553,1.05546,1.0552,1.05542,0
2023-03-07 13:52:00+00:00,1.05543,1.05548,1.05531,1.05537,0
2023-03-07 13:53:00+00:00,1.05537,1.05542,1.05524,1.05528,0
2023-03-07 13:54:00+00:00,1.05529,1.05533,1.05521,1.05526,0
2023-03-07 13:55:00+00:00,1.05525,1.05541,1.05523,1.05526,0
2023-03-07 13:56:00+00:00,1.05528,1.05533,1.05527,1.0553,0
2023-03-07 13:57:00+00:00,1.05531,1.05547,1.05528,1.05547,0
2023-03-07 13:58:00+00:00,1.05547,1.05553,1.05543,1.05552,0
2023-03-07 13:59:00+00:00,1.05551,1.05558,1.05541,1.05558,0
2023-03-07 16:00:00+00:00,1.05505,1.05513,1.05501,1.05512,0
2023-03-07 16:01:00+00:00,1.05513,1.05516,1.0551,1.05512,0
2023-03-07 16:02:00+00:00,1.05511,1.05517,1.0551,1.05516,0
2023-03-07 16:03:00+00:00,1.05516,1.05517,1.05512,1.05513,0
2023-03-07 16:04:00+00:00,1.05513,1.05523,1.05512,1.05518,0
2023-03-07 16:05:00+00:00,1.05519,1.0552,1.05509,1.05509,0
2023-03-07 16:06:00+00:00,1.05509,1.05512,1.05504,1.0551,0
2023-03-07 16:07:00+00:00,1.05511,1.05511,1.05507,1.05508,0
2023-03-07 16:08:00+00:00,1.05507,1.05511,1.05506,1.05506,0
2023-03-07 16:09:00+00:00,1.05505,1.05505,1.05499,1.05503,0
2023-03-07 16:10:00+00:00,1.05502,1.05503,1.05494,1.05494,0
2023-03-07 16:11:00+00:00,1.05494,1.05495,1.05492,1.05493,0
2023-03-07 16:12:00+00:00,1.05494,1.05496,1.0549,1.05493,0
2023-03-07 16:13:00+00:00,1.05494,1.05496,1.05488,1.05488,0
2023-03-07 16:14:00+00:00,1.05487,1.05487,1.05481,1.05482,0
2023-03-07 16:15:00+00:00,1.05484,1.05488,1.05483,1.05483,0
2023-03-07 16:16:00+00:00,1.05482,1.05483,1.0548,1.05483,0
2023-03-07 16:17:00+00:00,1.05481,1.05483,1.05477,1.05477,0
2023-03-07 16:18:00+00:00,1.05478,1.0548,1.05478,1.05479,0
2023-03-07 16:19:00+00:00,1.05478,1.0548,1.05471,1.05473,0
2023-03-07 16:20:00+00:00,1.05473,1.05485,1.05473,1.05485,0
2023-03-07 16:21:00+00:00,1.05485,1.05493,1.05485,1.05486,0
2023-03-07 16:22:00+00:00,1.05487,1.05488,1.05486,1.05487,0
2023-03-07 16:23:00+00:00,1.05488,1.05494,1.05488,1.05493,0
2023-03-07 16:24:00+00:00,1.05491,1.05491,1.05489,1.05489,0
2023-03-07 16:25:00+00:00,1.05489,1.0549,1.05488,1.05488,0
2023-03-07 16:26:00+00:00,1.05489,1.05494,1.05489,1.05494,0
2023-03-07 16:27:00+00:00,1.05493,1.05494,1.0549,1.05492,0
2023-03-07 16:28:00+00:00,1.05492,1.05493,1.0549,1.0549,0
2023-03-07 16:29:00+00:00,1.05489,1.05489,1.05471,1.05474,0
2023-03-07 16:30:00+00:00,1.05474,1.0549,1.05473,1.05488,0
2023-03-07 16:31:00+00:00,1.0549,1.05493,1.05489,1.0549,0
2023-03-07 16:32:00+00:00,1.05488,1.05488,1.05478,1.05483,0
2023-03-07 16:33:00+00:00,1.05482,1.05486,1.05479,1.05486,0
2023-03-07 16:34:00+00:00,1.05484,1.0549,1.05476,1.0549,0
2023-03-07 16:35:00+00:00,1.0549,1.0549,1.05476,1.05477,0
2023-03-07 16:36:00+00:00,1.05478,1.05479,1.05476,1.05479,0
2023-03-07 16:37:00+00:00,1.05477,1.0548,1.05473,1.05473,0
2023-03-07 16:38:00+00:00,1.05472,1.05484,1.05471,1.05483,0
2023-03-07 16:39:00+00:00,1.05483,1.05485,1.05483,1.05484,0
2023-03-07 16:40:00+00:00,1.05483,1.05485,1.05481,1.05481,0
2023-03-07 16:41:00+00:00,1.05481,1.05483,1.05481,1.05483,0
2023-03-07 16:42:00+00:00,1.05485,1.05485,1.05483,1.05483,0
2023-03-07 16:44:00+00:00,1.05484,1.05485,1.05481,1.05481,0
2023-03-07 16:45:00+00:00,1.05481,1.05485,1.05481,1.05485,0
2023-03-07 16:46:00+00:00,1.05486,1.0549,1.05486,1.0549,0
2023-03-07 16:47:00+00:00,1.05489,1.0549,1.05488,1.05488,0
2023-03-07 16:48:00+00:00,1.0549,1.0549,1.05489,1.05489,0
2023-03-07 16:49:00+00:00,1.05485,1.05485,1.05482,1.05482,0
2023-03-07 16:50:00+00:00,1.05482,1.05489,1.05482,1.05489,0
2023-03-07 16:51:00+00:00,1.05489,1.05494,1.05489,1.05491,0
2023-03-07 16:52:00+00:00,1.05491,1.05495,1.05491,1.05494,0
2023-03-07 16:53:00+00:00,1.05494,1.05496,1.05494,1.05494,0
2023-03-07 16:54:00+00:00,1.05497,1.05498,1.05494,1.05494,0
2023-03-07 16:55:00+00:00,1.05492,1.05496,1.05481,1.05483,0
2023-03-07 16:56:00+00:00,1.05483,1.05489,1.05482,1.05487,0
2023-03-07 16:57:00+00:00,1.05487,1.05493,1.05483,1.05487,0
2023-03-07 16:58:00+00:00,1.05489,1.0549,1.05488,1.0549,0
2023-03-07 16:59:00+00:00,1.0549,1.05496,1.0548,1.05491,0
2023-03-07 17:00:00+00:00,1.05491,1.05491,1.05487,1.05489,0
2023-03-07 17:01:00+00:00,1.05489,1.05489,1.05489,1.05489,0
2023-03-07 17:03:00+00:00,1.05487,1.05487,1.05487,1.05487,0
2023-03-07 17:10:00+00:00,1.05487,1.05487,1.05487,1.05487,0
2023-03-07 17:15:00+00:00,1.05487,1.05487,1.05487,1.05487,0
2023-03-07 17:20:00+00:00,1.05488,1.05488,1.05488,1.05488,0
2023-03-07 17:24:00+00:00,1.05488,1.05488,1.05488,1.05488,0
2023-03-07 17:27:00+00:00,1.05488,1.05488,1.05488,1.05488,0
2023-03-07 17:29:00+00:00,1.05488,1.05488,1.05488,1.05488,0
2023-03-07 17:30:00+00:00,1.05488,1.05488,1.05488,1.05488,0
2023-03-07 17:31:00+00:00,1.05488,1.05489,1.05488,1.05489,0
2023-03-07 17:32:00+00:00,1.05489,1.05489,1.05489,1.05489,0
2023-03-07 17:33:00+00:00,1.05489,1.05489,1.05489,1.05489,0
2023-03-07 17:34:00+00:00,1.05489,1.05489,1.05489,1.05489,0
2023-03-07 17:35:00+00:00,1.05489,1.05489,1.05489,1.05489,0
2023-03-07 17:36:00+00:00,1.05489,1.05489,1.05489,1.05489,0
2023-03-07 17:37:00+00:00,1.05489,1.05489,1.05489,1.05489,0
2023-03-07 17:38:00+00:00,1.05489,1.05489,1.05489,1.05489,0
2023-03-07 17:39:00+00:00,1.05489,1.0549,1.05489,1.0549,0
2023-03-07 17:40:00+00:00,1.0549,1.05491,1.05489,1.0549,0
2023-03-07 17:41:00+00:00,1.05495,1.05495,1.05491,1.05491,0
2023-03-07 17:42:00+00:00,1.0549,1.0549,1.0549,1.0549,0
2023-03-07 17:43:00+00:00,1.0549,1.0549,1.0549,1.0549,0
2023-03-07 17:44:00+00:00,1.05491,1.05491,1.05491,1.05491,0
2023-03-07 17:45:00+00:00,1.05491,1.05491,1.05491,1.05491,0
2023-03-07 17:46:00+00:00,1.05491,1.05491,1.05491,1.05491,0
2023-03-07 17:47:00+00:00,1.05491,1.05491,1.05491,1.05491,0
2023-03-07 17:48:00+00:00,1.05491,1.05491,1.05491,1.05491,0
2023-03-07 17:49:00+00:00,1.05491,1.05491,1.05491,1.05491,0
2023-03-07 17:50:00+00:00,1.05491,1.05491,1.05491,1.05491,0
2023-03-07 17:51:00+00:00,1.05491,1.05491,1.05491,1.05491,0
2023-03-07 17:52:00+00:00,1.05491,1.05491,1.05491,1.05491,0
2023-03-07 17:53:00+00:00,1.05491,1.05491,1.05491,1.05491,0
2023-03-07 17:55:00+00:00,1.0549,1.0549,1.0549,1.0549,0
2023-03-07 17:57:00+00:00,1.0549,1.05534,1.0549,1.05499,0
2023-03-07 17:58:00+00:00,1.05496,1.05506,1.05495,1.05505,0
2023-03-07 17:59:00+00:00,1.05507,1.05511,1.05503,1.05506,0
2023-03-07 19:00:00+00:00,1.05482,1.05496,1.05481,1.05491,0
2023-03-07 19:01:00+00:00,1.05491,1.05491,1.05478,1.05479,0
2023-03-07 19:02:00+00:00,1.05481,1.05483,1.05455,1.05455,0
2023-03-07 19:03:00+00:00,1.05455,1.05463,1.0544,1.05453,0
2023-03-07 19:04:00+00:00,1.05454,1.05454,1.05441,1.05445,0
2023-03-07 19:05:00+00:00,1.05443,1.05444,1.05433,1.05438,0
2023-03-07 19:06:00+00:00,1.0544,1.05445,1.05437,1.05445,0
2023-03-07 19:07:00+00:00,1.05445,1.05454,1.05439,1.05439,0
2023-03-07 19:08:00+00:00,1.05439,1.05443,1.05436,1.05437,0
2023-03-07 19:09:00+00:00,1.05438,1.0544,1.05433,1.05439,0
2023-03-07 19:10:00+00:00,1.05438,1.05442,1.05426,1.05435,0
2023-03-07 19:11:00+00:00,1.05434,1.05439,1.05434,1.05437,0
2023-03-07 19:12:00+00:00,1.05438,1.05439,1.05433,1.05438,0
2023-03-07 19:13:00+00:00,1.05437,1.05437,1.0543,1.05436,0
2023-03-07 19:14:00+00:00,1.05436,1.05436,1.05424,1.05434,0
2023-03-07 19:15:00+00:00,1.05433,1.05434,1.05425,1.05425,0
2023-03-07 19:16:00+00:00,1.05424,1.0543,1.05422,1.05423,0
2023-03-07 19:17:00+00:00,1.05422,1.05424,1.05419,1.05421,0
2023-03-07 19:18:00+00:00,1.05422,1.05439,1.05422,1.05438,0
2023-03-07 19:19:00+00:00,1.05439,1.05449,1.05439,1.05441,0
2023-03-07 19:20:00+00:00,1.0544,1.05442,1.0543,1.0543,0
2023-03-07 19:21:00+00:00,1.05429,1.05444,1.05427,1.05441,0
2023-03-07 19:22:00+00:00,1.05442,1.05443,1.0543,1.05434,0
2023-03-07 19:23:00+00:00,1.05433,1.05438,1.05429,1.05432,0
2023-03-07 19:24:00+00:00,1.05431,1.05434,1.05427,1.05429,0
2023-03-07 19:25:00+00:00,1.0543,1.05431,1.05428,1.05428,0
2023-03-07 19:26:00+00:00,1.05428,1.05428,1.05424,1.05428,0
2023-03-07 19:27:00+00:00,1.05426,1.05431,1.05421,1.05428,0
2023-03-07 19:28:00+00:00,1.05428,1.05431,1.05426,1.05429,0
2023-03-07 19:29:00+00:00,1.05428,1.05431,1.05422,1.05431,0
2023-03-07 19:30:00+00:00,1.0543,1.05443,1.0543,1.0544,0
2023-03-07 19:31:00+00:00,1.0544,1.05446,1.05435,1.05442,0
2023-03-07 19:32:00+00:00,1.05441,1.05465,1.05441,1.05465,0
2023-03-07 19:33:00+00:00,1.05466,1.0548,1.05464,1.05473,0
2023-03-07 19:34:00+00:00,1.05472,1.05475,1.05461,1.05462,0
2023-03-07 19:35:00+00:00,1.05464,1.05469,1.0546,1.05469,0
2023-03-07 19:36:00+00:00,1.05469,1.05472,1.05458,1.05462,0
2023-03-07 19:37:00+00:00,1.05461,1.05461,1.05455,1.05458,0
2023-03-07 19:38:00+00:00,1.05458,1.0546,1.05449,1.05452,0
2023-03-07 19:39:00+00:00,1.0545,1.05456,1.0545,1.05454,0
2023-03-07 19:40:00+00:00,1.05454,1.05467,1.05454,1.05463,0
2023-03-07 19:41:00+00:00,1.05462,1.05463,1.05448,1.05448,0
2023-03-07 19:42:00+00:00,1.05448,1.05454,1.05445,1.05452,0
2023-03-07 19:43:00+00:00,1.05451,1.05459,1.05451,1.05459,0
2023-03-07 19:44:00+00:00,1.05457,1.0546,1.05455,1.05459,0
2023-03-07 19:45:00+00:00,1.05457,1.05459,1.05451,1.05453,0
2023-03-07 19:46:00+00:00,1.05453,1.05459,1.05453,1.05453,0
2023-03-07 19:47:00+00:00,1.05454,1.05462,1.05454,1.05457,0
2023-03-07 19:48:00+00:00,1.05458,1.05458,1.05443,1.05445,0
2023-03-07 19:49:00+00:00,1.05448,1.05451,1.05442,1.05449,0
2023-03-07 19:50:00+00:00,1.0545,1.05459,1.05449,1.05457,0
2023-03-07 19:51:00+00:00,1.05457,1.05462,1.05457,1.05459,0
2023-03-07 19:52:00+00:00,1.05458,1.05467,1.05458,1.05465,0
2023-03-07 19:53:00+00:00,1.05466,1.05469,1.05453,1.05459,0
2023-03-07 19:54:00+00:00,1.05458,1.0546,1.05444,1.0545,0
2023-03-07 19:55:00+00:00,1.05449,1.05466,1.05449,1.05464,0
2023-03-07 19:56:00+00:00,1.05463,1.05466,1.05459,1.05465,0
2023-03-07 19:57:00+00:00,1.05465,1.05476,1.05463,1.0547,0
2023-03-07 19:58:00+00:00,1.05471,1.05476,1.05469,1.05476,0
2023-03-07 19:59:00+00:00,1.05476,1.05504,1.05476,1.05502,0
2023-03-07 20:00:00+00:00,1.05501,1.05501,1.05478,1.05489,0
2023-03-07 20:01:00+00:00,1.05489,1.05492,1.05481,1.05482,0
2023-03-07 20:02:00+00:00,1.05481,1.05485,1.05479,1.05485,0
2023-03-07 20:03:00+00:00,1.05486,1.05495,1.05486,1.05493,0
2023-03-07 20:04:00+00:00,1.05493,1.05494,1.05473,1.05476,0
2023-03-07 20:05:00+00:00,1.05476,1.05476,1.05459,1.0546,0
2023-03-07 20:06:00+00:00,1.0546,1.0546,1.05452,1.05459,0
2023-03-07 20:07:00+00:00,1.05458,1.05459,1.05444,1.05448,0
2023-03-07 20:08:00+00:00,1.05449,1.05456,1.05445,1.05449,0
2023-03-07 20:09:00+00:00,1.05449,1.05449,1.05434,1.05435,0
2023-03-07 20:10:00+00:00,1.05436,1.05458,1.05434,1.05452,0
2023-03-07 20:11:00+00:00,1.05452,1.05459,1.05452,1.05459,0
2023-03-07 20:12:00+00:00,1.0546,1.05465,1.05456,1.05464,0
2023-03-07 20:13:00+00:00,1.05463,1.05465,1.05457,1.05464,0
2023-03-07 20:14:00+00:00,1.05465,1.05474,1.05461,1.05474,0
2023-03-07 20:15:00+00:00,1.05472,1.05482,1.05468,1.05481,0
2023-03-07 20:16:00+00:00,1.05481,1.05504,1.0548,1.05501,0
2023-03-07 20:17:00+00:00,1.055,1.055,1.05481,1.05485,0
2023-03-07 20:18:00+00:00,1.05485,1.05485,1.05474,1.05476,0
2023-03-07 20:19:00+00:00,1.05476,1.05477,1.05469,1.05469,0
2023-03-07 20:20:00+00:00,1.05466,1.05467,1.05452,1.05456,0
2023-03-07 20:21:00+00:00,1.05456,1.0547,1.0545,1.0547,0
2023-03-07 20:22:00+00:00,1.05468,1.05468,1.05456,1.05463,0
2023-03-07 20:23:00+00:00,1.05462,1.05467,1.05461,1.05464,0
2023-03-07 20:24:00+00:00,1.05465,1.05471,1.0546,1.0547,0
2023-03-07 20:25:00+00:00,1.05471,1.05472,1.05465,1.05466,0
2023-03-07 20:26:00+00:00,1.05466,1.0548,1.0546,1.05478,0
2023-03-07 20:27:00+00:00,1.05477,1.05482,1.05473,1.05476,0
2023-03-07 20:28:00+00:00,1.05477,1.05486,1.05458,1.05458,0
2023-03-07 20:29:00+00:00,1.05459,1.05468,1.05459,1.05464,0
2023-03-07 20:30:00+00:00,1.05464,1.05472,1.05461,1.05471,0
2023-03-07 20:31:00+00:00,1.05472,1.05476,1.05466,1.05468,0
2023-03-07 20:32:00+00:00,1.05468,1.05468,1.05461,1.05465,0
2023-03-07 20:33:00+00:00,1.05464,1.05483,1.05464,1.05481,0
2023-03-07 20:34:00+00:00,1.05481,1.05496,1.05481,1.05495,0
2023-03-07 20:35:00+00:00,1.05495,1.05497,1.05488,1.05497,0
2023-03-07 20:36:00+00:00,1.05497,1.05498,1.05489,1.05497,0
2023-03-07 20:37:00+00:00,1.05497,1.05498,1.05486,1.05491,0
2023-03-07 20:38:00+00:00,1.05491,1.05491,1.05469,1.05475,0
2023-03-07 20:39:00+00:00,1.05476,1.05481,1.05474,1.05476,0
2023-03-07 20:40:00+00:00,1.05474,1.05482,1.05469,1.0548,0
2023-03-07 20:41:00+00:00,1.05479,1.05488,1.05475,1.05487,0
2023-03-07 20:42:00+00:00,1.05488,1.05493,1.05483,1.05484,0
2023-03-07 20:43:00+00:00,1.05486,1.05491,1.05481,1.05483,0
2023-03-07 20:44:00+00:00,1.05483,1.0549,1.05479,1.05487,0
2023-03-07 20:45:00+00:00,1.05488,1.05489,1.05481,1.05481,0
2023-03-07 20:46:00+00:00,1.05479,1.05488,1.05479,1.05484,0
2023-03-07 20:47:00+00:00,1.05483,1.05487,1.05482,1.05485,0
2023-03-07 20:48:00+00:00,1.05484,1.05484,1.05471,1.05471,0
2023-03-07 20:49:00+00:00,1.05471,1.05472,1.05454,1.05464,0
2023-03-07 20:50:00+00:00,1.05464,1.05469,1.05452,1.05458,0
2023-03-07 20:51:00+00:00,1.05456,1.05463,1.05456,1.05462,0
2023-03-07 20:52:00+00:00,1.05461,1.05474,1.05461,1.05465,0
2023-03-07 20:53:00+00:00,1.05465,1.05466,1.05459,1.05459,0
2023-03-07 20:54:00+00:00,1.05458,1.05464,1.05455,1.05459,0
2023-03-07 20:55:00+00:00,1.05458,1.05464,1.05454,1.05457,0
2023-03-07 20:56:00+00:00,1.05457,1.05465,1.05451,1.05454,0
2023-03-07 20:57:00+00:00,1.05454,1.05454,1.05452,1.05453,0
2023-03-07 20:58:00+00:00,1.05453,1.05453,1.05442,1.05447,0
2023-03-07 20:59:00+00:00,1.05447,1.05448,1.05442,1.05446,0
2023-03-07 21:00:00+00:00,1.05446,1.05454,1.05442,1.05448,0
2023-03-07 21:01:00+00:00,1.05447,1.05453,1.05442,1.05452,0
2023-03-07 21:02:00+00:00,1.05451,1.05454,1.05442,1.05444,0
2023-03-07 21:03:00+00:00,1.05444,1.05462,1.05444,1.05462,0
2023-03-07 21:04:00+00:00,1.05463,1.05469,1.05456,1.05463,0
2023-03-07 21:05:00+00:00,1.05464,1.05469,1.05462,1.05465,0
2023-03-07 21:06:00+00:00,1.05464,1.05464,1.05445,1.05445,0
2023-03-07 21:07:00+00:00,1.05445,1.05445,1.05433,1.05434,0
2023-03-07 21:08:00+00:00,1.05435,1.05438,1.05434,1.05434,0
2023-03-07 21:09:00+00:00,1.05436,1.05453,1.05436,1.05449,0
2023-03-07 21:10:00+00:00,1.05449,1.05454,1.05444,1.05444,0
2023-03-07 21:11:00+00:00,1.05444,1.05452,1.05444,1.05451,0
2023-03-07 21:12:00+00:00,1.05451,1.05457,1.0545,1.05453,0
2023-03-07 21:13:00+00:00,1.05452,1.05452,1.05435,1.05435,0
2023-03-07 21:14:00+00:00,1.05436,1.05437,1.05428,1.05434,0
2023-03-07 21:15:00+00:00,1.05435,1.05437,1.0543,1.0543,0
2023-03-07 21:16:00+00:00,1.0543,1.05437,1.0543,1.05435,0
2023-03-07 21:17:00+00:00,1.05438,1.0544,1.05431,1.05432,0
2023-03-07 21:18:00+00:00,1.05432,1.05432,1.05423,1.05425,0
2023-03-07 21:19:00+00:00,1.05425,1.05425,1.0541,1.05414,0
2023-03-07 21:20:00+00:00,1.05414,1.05416,1.05411,1.05411,0
2023-03-07 21:21:00+00:00,1.05411,1.05414,1.0541,1.05413,0
2023-03-07 21:22:00+00:00,1.05413,1.05418,1.05409,1.05416,0
2023-03-07 21:23:00+00:00,1.05416,1.05419,1.05411,1.05415,0
2023-03-07 21:24:00+00:00,1.05415,1.0542,1.05414,1.05418,0
2023-03-07 21:25:00+00:00,1.05419,1.05421,1.05411,1.05415,0
2023-03-07 21:26:00+00:00,1.05413,1.05414,1.05409,1.05411,0
2023-03-07 21:27:00+00:00,1.05411,1.05413,1.05411,1.05411,0
2023-03-07 21:28:00+00:00,1.0541,1.05411,1.05403,1.05403,0
2023-03-07 21:29:00+00:00,1.05404,1.05405,1.05397,1.05398,0
2023-03-07 21:30:00+00:00,1.05397,1.05408,1.0539,1.05398,0
2023-03-07 21:31:00+00:00,1.05397,1.05397,1.05385,1.05385,0
2023-03-07 21:32:00+00:00,1.05383,1.05383,1.05378,1.0538,0
2023-03-07 21:33:00+00:00,1.05379,1.05395,1.05379,1.05388,0
2023-03-07 21:34:00+00:00,1.05388,1.05389,1.05381,1.05389,0
2023-03-07 21:35:00+00:00,1.0539,1.05395,1.05387,1.05388,0
2023-03-07 21:36:00+00:00,1.05391,1.05408,1.05391,1.05407,0
2023-03-07 21:37:00+00:00,1.05406,1.05411,1.05405,1.05409,0
2023-03-07 21:38:00+00:00,1.0541,1.05413,1.05405,1.0541,0
2023-03-07 21:39:00+00:00,1.05409,1.05409,1.05388,1.05388,0
2023-03-07 21:40:00+00:00,1.05388,1.05393,1.05383,1.05389,0
2023-03-07 21:41:00+00:00,1.0539,1.05391,1.05381,1.05381,0
2023-03-07 21:42:00+00:00,1.05383,1.05385,1.05376,1.05378,0
2023-03-07 21:43:00+00:00,1.05379,1.05383,1.05375,1.05376,0
2023-03-07 21:44:00+00:00,1.05377,1.05382,1.05377,1.05381,0
2023-03-07 21:45:00+00:00,1.05381,1.05392,1.05381,1.05388,0
2023-03-07 21:46:00+00:00,1.05385,1.05389,1.05378,1.05379,0
2023-03-07 21:47:00+00:00,1.0538,1.05384,1.05379,1.05383,0
2023-03-07 21:48:00+00:00,1.05383,1.05385,1.05375,1.05377,0
2023-03-07 21:49:00+00:00,1.05376,1.05379,1.05364,1.05374,0
2023-03-07 21:50:00+00:00,1.05373,1.05373,1.05359,1.05363,0
2023-03-07 21:51:00+00:00,1.05364,1.05367,1.05362,1.05367,0
2023-03-07 21:52:00+00:00,1.05364,1.05365,1.05359,1.05359,0
2023-03-07 21:53:00+00:00,1.05359,1.05362,1.0533,1.05333,0
2023-03-07 21:54:00+00:00,1.05334,1.0534,1.05328,1.05333,0
2023-03-07 21:55:00+00:00,1.05335,1.05347,1.05333,1.05347,0
2023-03-07 21:56:00+00:00,1.05346,1.05347,1.05339,1.05344,0
2023-03-07 21:57:00+00:00,1.05346,1.05346,1.05333,1.05337,0
2023-03-07 21:58:00+00:00,1.05337,1.05337,1.05318,1.05322,0
2023-03-07 21:59:00+00:00,1.05322,1.05324,1.05318,1.05322,0
2023-03-07 22:00:00+00:00,1.05326,1.05332,1.05316,1.05316,0
2023-03-07 22:01:00+00:00,1.05317,1.05335,1.05317,1.05334,0
2023-03-07 22:02:00+00:00,1.05337,1.05339,1.0533,1.05338,0
2023-03-07 22:03:00+00:00,1.05338,1.05342,1.05334,1.05342,0
2023-03-07 22:04:00+00:00,1.05343,1.05344,1.05335,1.05341,0
2023-03-07 22:05:00+00:00,1.05342,1.05355,1.05342,1.05343,0
2023-03-07 22:06:00+00:00,1.05342,1.05366,1.0534,1.05366,0
2023-03-07 22:07:00+00:00,1.05366,1.05367,1.05354,1.05358,0
2023-03-07 22:08:00+00:00,1.05358,1.05368,1.05356,1.05368,0
2023-03-07 22:09:00+00:00,1.05369,1.05372,1.05368,1.0537,0
2023-03-07 22:10:00+00:00,1.05371,1.05371,1.05356,1.05361,0
2023-03-07 22:11:00+00:00,1.05361,1.05365,1.05359,1.05364,0
2023-03-07 22:12:00+00:00,1.05365,1.05367,1.05362,1.05363,0
2023-03-07 22:13:00+00:00,1.05363,1.05364,1.05358,1.0536,0
2023-03-07 22:14:00+00:00,1.05361,1.05361,1.05346,1.05346,0
2023-03-07 22:15:00+00:00,1.05347,1.05354,1.05342,1.0535,0
2023-03-07 22:16:00+00:00,1.0535,1.05353,1.05339,1.05343,0
2023-03-07 22:17:00+00:00,1.05343,1.05343,1.05335,1.05339,0
2023-03-07 22:18:00+00:00,1.05339,1.05339,1.05328,1.05333,0
2023-03-07 22:19:00+00:00,1.05334,1.0534,1.05333,1.05338,0
2023-03-07 22:20:00+00:00,1.05337,1.05337,1.05328,1.05332,0
2023-03-07 22:21:00+00:00,1.05332,1.05332,1.05319,1.05324,0
2023-03-07 22:22:00+00:00,1.05323,1.05339,1.05321,1.05337,0
2023-03-07 22:23:00+00:00,1.05339,1.05343,1.05339,1.05343,0
2023-03-07 22:24:00+00:00,1.05342,1.05342,1.05328,1.05328,0
2023-03-07 22:25:00+00:00,1.05328,1.05333,1.05326,1.05329,0
2023-03-07 22:26:00+00:00,1.05328,1.05334,1.05328,1.05333,0
2023-03-07 22:27:00+00:00,1.05333,1.0534,1.05333,1.05339,0
2023-03-07 22:28:00+00:00,1.05339,1.05339,1.05333,1.05335,0
2023-03-07 22:29:00+00:00,1.05335,1.05339,1.05335,1.05338,0
2023-03-07 22:30:00+00:00,1.05337,1.05344,1.05335,1.05343,0
2023-03-07 22:31:00+00:00,1.05344,1.05344,1.05337,1.05339,0
2023-03-07 22:32:00+00:00,1.0534,1.05342,1.05338,1.05342,0
2023-03-07 22:33:00+00:00,1.05341,1.05347,1.05337,1.05343,0
2023-03-07 22:34:00+00:00,1.05341,1.05344,1.05339,1.05344,0
2023-03-07 22:35:00+00:00,1.05342,1.05346,1.05342,1.05344,0
2023-03-07 22:36:00+00:00,1.05344,1.05345,1.05343,1.05344,0
2023-03-07 22:37:00+00:00,1.05344,1.05344,1.05339,1.05339,0
2023-03-07 22:38:00+00:00,1.05339,1.0534,1.05334,1.05334,0
2023-03-07 22:39:00+00:00,1.05334,1.0534,1.05334,1.05339,0
2023-03-07 22:40:00+00:00,1.05338,1.05338,1.05331,1.05332,0
2023-03-07 22:41:00+00:00,1.05332,1.05333,1.05331,1.05332,0
2023-03-07 22:42:00+00:00,1.05331,1.05333,1.0533,1.0533,0
2023-03-07 22:43:00+00:00,1.05332,1.05333,1.05329,1.0533,0
2023-03-07 22:44:00+00:00,1.0533,1.05333,1.0533,1.0533,0
2023-03-07 22:45:00+00:00,1.05331,1.05334,1.05331,1.05332,0
2023-03-07 22:46:00+00:00,1.05331,1.05339,1.05331,1.05335,0
2023-03-07 22:47:00+00:00,1.05336,1.05338,1.05335,1.05337,0
2023-03-07 22:48:00+00:00,1.05339,1.05339,1.05325,1.05325,0
2023-03-07 22:49:00+00:00,1.05326,1.05326,1.05322,1.05325,0
2023-03-07 22:50:00+00:00,1.05325,1.05326,1.05322,1.05325,0
2023-03-07 22:51:00+00:00,1.05326,1.05327,1.05324,1.05325,0
2023-03-07 22:52:00+00:00,1.05324,1.05324,1.0532,1.0532,0
2023-03-07 22:53:00+00:00,1.0532,1.0532,1.05318,1.05319,0
2023-03-07 22:54:00+00:00,1.0532,1.0532,1.05316,1.05317,0
2023-03-07 22:55:00+00:00,1.05317,1.05318,1.05315,1.05316,0
2023-03-07 22:56:00+00:00,1.05316,1.05316,1.05278,1.05283,0
2023-03-07 22:57:00+00:00,1.05281,1.05282,1.05274,1.05282,0
2023-03-07 22:58:00+00:00,1.05282,1.05286,1.05276,1.05284,0
2023-03-07 22:59:00+00:00,1.05283,1.05292,1.05282,1.05292,0
2023-03-07 23:00:00+00:00,1.05292,1.0533,1.05292,1.05322,0
2023-03-07 23:01:00+00:00,1.0532,1.05325,1.05316,1.05317,0
2023-03-07 23:02:00+00:00,1.05318,1.05323,1.05315,1.05318,0
2023-03-07 23:03:00+00:00,1.05318,1.05322,1.05309,1.05318,0
2023-03-07 23:04:00+00:00,1.05316,1.05329,1.05315,1.05329,0
2023-03-07 23:05:00+00:00,1.05328,1.05329,1.05322,1.05329,0
2023-03-07 23:06:00+00:00,1.05328,1.05332,1.05323,1.05324,0
2023-03-07 23:07:00+00:00,1.05323,1.05325,1.05323,1.05324,0
2023-03-07 23:08:00+00:00,1.05325,1.05333,1.0532,1.05328,0
2023-03-07 23:09:00+00:00,1.05329,1.05333,1.05328,1.05333,0
2023-03-07 23:10:00+00:00,1.05331,1.05334,1.05326,1.05328,0
2023-03-07 23:11:00+00:00,1.05327,1.05327,1.05316,1.05317,0
2023-03-07 23:12:00+00:00,1.05318,1.05326,1.05314,1.05321,0
2023-03-07 23:13:00+00:00,1.05323,1.05329,1.05319,1.05319,0
2023-03-07 23:14:00+00:00,1.05319,1.05323,1.05315,1.05323,0
2023-03-07 23:15:00+00:00,1.05322,1.0533,1.05319,1.0533,0
2023-03-07 23:16:00+00:00,1.05331,1.05332,1.05325,1.05332,0
2023-03-07 23:17:00+00:00,1.05333,1.05345,1.05333,1.05338,0
2023-03-07 23:18:00+00:00,1.05338,1.05338,1.05326,1.05327,0
2023-03-07 23:19:00+00:00,1.05327,1.05329,1.05322,1.05326,0
2023-03-07 23:20:00+00:00,1.05327,1.05329,1.05324,1.05328,0
2023-03-07 23:21:00+00:00,1.05328,1.05335,1.05326,1.05329,0
2023-03-07 23:22:00+00:00,1.05328,1.05335,1.05323,1.05333,0
2023-03-07 23:23:00+00:00,1.05333,1.05338,1.05326,1.05326,0
2023-03-07 23:24:00+00:00,1.05324,1.05324,1.05313,1.05314,0
2023-03-07 23:25:00+00:00,1.05318,1.05322,1.05313,1.05318,0
2023-03-07 23:26:00+00:00,1.05319,1.0532,1.05318,1.05319,0
2023-03-07 23:27:00+00:00,1.05321,1.05322,1.05313,1.05315,0
2023-03-07 23:28:00+00:00,1.05316,1.05319,1.05309,1.05312,0
2023-03-07 23:29:00+00:00,1.05311,1.05316,1.0531,1.05315,0
2023-03-07 23:30:00+00:00,1.05314,1.0532,1.0531,1.05313,0
2023-03-07 23:31:00+00:00,1.05313,1.05313,1.053,1.05302,0
2023-03-07 23:32:00+00:00,1.05303,1.05303,1.05297,1.05303,0
2023-03-07 23:33:00+00:00,1.05302,1.05313,1.05301,1.05303,0
2023-03-07 23:34:00+00:00,1.05302,1.05309,1.05299,1.05309,0
2023-03-07 23:35:00+00:00,1.05308,1.0531,1.05293,1.05299,0
2023-03-07 23:36:00+00:00,1.05298,1.05307,1.05294,1.05303,0
2023-03-07 23:37:00+00:00,1.05302,1.05306,1.05298,1.053,0
2023-03-07 23:38:00+00:00,1.05302,1.05315,1.05301,1.05308,0
2023-03-07 23:39:00+00:00,1.05309,1.05311,1.05305,1.05306,0
2023-03-07 23:40:00+00:00,1.05308,1.05309,1.05303,1.05307,0
2023-03-07 23:41:00+00:00,1.05308,1.05311,1.05305,1.05305,0
2023-03-07 23:42:00+00:00,1.05304,1.05313,1.05303,1.05313,0
2023-03-07 23:43:00+00:00,1.05313,1.05327,1.05311,1.05324,0
2023-03-07 23:44:00+00:00,1.05326,1.05328,1.0532,1.05326,0
2023-03-07 23:45:00+00:00,1.05326,1.05327,1.05307,1.05308,0
2023-03-07 23:46:00+00:00,1.05308,1.05314,1.05308,1.05309,0
2023-03-07 23:47:00+00:00,1.05311,1.05315,1.05303,1.05305,0
2023-03-07 23:48:00+00:00,1.05306,1.05314,1.05306,1.05308,0
2023-03-07 23:49:00+00:00,1.05308,1.05318,1.05308,1.05317,0
2023-03-07 23:50:00+00:00,1.05316,1.05325,1.05313,1.05314,0
2023-03-07 23:51:00+00:00,1.05316,1.05327,1.05316,1.05319,0
2023-03-07 23:52:00+00:00,1.0532,1.05327,1.0532,1.05327,0
2023-03-07 23:53:00+00:00,1.05327,1.05333,1.05325,1.05331,0
2023-03-07 23:54:00+00:00,1.05331,1.05334,1.05324,1.05332,0
2023-03-07 23:55:00+00:00,1.05331,1.05334,1.05325,1.05332,0
2023-03-07 23:56:00+00:00,1.05332,1.05345,1.05331,1.05337,0
2023-03-07 23:57:00+00:00,1.05334,1.05364,1.05334,1.05362,0
2023-03-07 23:58:00+00:00,1.05363,1.05363,1.05346,1.0535,0
2023-03-07 23:59:00+00:00,1.05348,1.05352,1.05348,1.05349,0
2023-03-08 00:00:00+00:00,1.05348,1.0535,1.05334,1.05335,0
2023-03-08 00:01:00+00:00,1.05334,1.05347,1.05332,1.05346,0
2023-03-08 00:02:00+00:00,1.05345,1.05345,1.05332,1.05333,0
2023-03-08 00:03:00+00:00,1.05333,1.05336,1.05326,1.05332,0
2023-03-08 00:04:00+00:00,1.05332,1.05332,1.05322,1.05327,0
2023-03-08 00:05:00+00:00,1.05327,1.05327,1.05315,1.05317,0
2023-03-08 00:06:00+00:00,1.05316,1.05324,1.05313,1.05314,0
2023-03-08 00:07:00+00:00,1.05313,1.05326,1.05313,1.05323,0
2023-03-08 00:08:00+00:00,1.05322,1.05325,1.05318,1.05319,0
2023-03-08 00:09:00+00:00,1.05319,1.05341,1.05319,1.05339,0
2023-03-08 00:10:00+00:00,1.05339,1.0534,1.05323,1.05323,0
2023-03-08 00:11:00+00:00,1.05324,1.05327,1.05319,1.05323,0
2023-03-08 00:12:00+00:00,1.05324,1.05325,1.05322,1.05323,0
2023-03-08 00:13:00+00:00,1.05323,1.05324,1.05317,1.05318,0
2023-03-08 00:14:00+00:00,1.05318,1.05319,1.05303,1.05304,0
2023-03-08 00:15:00+00:00,1.05305,1.05318,1.05304,1.05313,0
2023-03-08 00:16:00+00:00,1.05313,1.05313,1.05299,1.05303,0
2023-03-08 00:17:00+00:00,1.05304,1.05305,1.05299,1.05301,0
2023-03-08 00:18:00+00:00,1.053,1.053,1.05298,1.05298,0
2023-03-08 00:19:00+00:00,1.05298,1.05301,1.05298,1.05301,0
2023-03-08 00:20:00+00:00,1.05303,1.05303,1.0529,1.0529,0
2023-03-08 00:21:00+00:00,1.05289,1.0529,1.05284,1.05288,0
2023-03-08 00:22:00+00:00,1.05289,1.05293,1.05269,1.0527,0
2023-03-08 00:23:00+00:00,1.05271,1.05277,1.05269,1.05269,0
2023-03-08 00:24:00+00:00,1.05271,1.05271,1.05241,1.05254,0
2023-03-08 00:25:00+00:00,1.05254,1.05266,1.05253,1.05261,0
2023-03-08 00:26:00+00:00,1.05261,1.05294,1.0526,1.05283,0
2023-03-08 00:27:00+00:00,1.05285,1.05295,1.05285,1.05294,0
2023-03-08 00:28:00+00:00,1.05294,1.05304,1.05293,1.05303,0
2023-03-08 00:29:00+00:00,1.05304,1.05315,1.05303,1.05312,0
2023-03-08 00:30:00+00:00,1.05313,1.05314,1.05303,1.05303,0
2023-03-08 00:31:00+00:00,1.05304,1.05323,1.05304,1.0532,0
2023-03-08 00:32:00+00:00,1.0532,1.05326,1.05316,1.05324,0
2023-03-08 00:33:00+00:00,1.05323,1.05331,1.05315,1.0533,0
2023-03-08 00:34:00+00:00,1.05329,1.05334,1.05329,1.05332,0
2023-03-08 00:35:00+00:00,1.05332,1.05335,1.05327,1.05334,0
2023-03-08 00:36:00+00:00,1.05335,1.05341,1.05334,1.05341,0
2023-03-08 00:37:00+00:00,1.05339,1.05344,1.05321,1.05324,0
2023-03-08 00:38:00+00:00,1.05324,1.05326,1.05317,1.05325,0
2023-03-08 00:39:00+00:00,1.05326,1.05326,1.05324,1.05325,0
2023-03-08 00:40:00+00:00,1.05325,1.05335,1.05324,1.05335,0
2023-03-08 00:41:00+00:00,1.05336,1.05337,1.05327,1.05332,0
2023-03-08 00:42:00+00:00,1.05332,1.05342,1.05331,1.05341,0
2023-03-08 00:43:00+00:00,1.05341,1.05342,1.05332,1.05341,0
2023-03-08 00:44:00+00:00,1.05342,1.05344,1.05339,1.05342,0
2023-03-08 00:45:00+00:00,1.05343,1.05346,1.05337,1.05344,0
2023-03-08 00:46:00+00:00,1.05346,1.05348,1.05336,1.05336,0
2023-03-08 00:47:00+00:00,1.05337,1.05342,1.05336,1.05342,0
2023-03-08 00:48:00+00:00,1.05342,1.05352,1.05342,1.05348,0
2023-03-08 00:49:00+00:00,1.05348,1.05349,1.05336,1.05338,0
2023-03-08 00:50:00+00:00,1.05337,1.0534,1.05331,1.05332,0
2023-03-08 00:51:00+00:00,1.05333,1.05333,1.05319,1.05321,0
2023-03-08 00:52:00+00:00,1.05321,1.05324,1.05314,1.05314,0
2023-03-08 00:53:00+00:00,1.05314,1.05323,1.05313,1.05315,0
2023-03-08 00:54:00+00:00,1.05313,1.05325,1.05313,1.05318,0
2023-03-08 00:55:00+00:00,1.05318,1.05324,1.05318,1.05324,0
2023-03-08 00:56:00+00:00,1.05323,1.05332,1.05322,1.05322,0
2023-03-08 00:57:00+00:00,1.05321,1.05321,1.05318,1.05318,0
2023-03-08 00:58:00+00:00,1.05319,1.05325,1.05314,1.05318,0
2023-03-08 00:59:00+00:00,1.05317,1.05317,1.05305,1.05308,0
2023-03-08 01:00:00+00:00,1.05309,1.0531,1.05303,1.05307,0
2023-03-08 01:01:00+00:00,1.05308,1.0532,1.05308,1.05314,0
2023-03-08 01:02:00+00:00,1.05312,1.05344,1.05312,1.05344,0
2023-03-08 01:03:00+00:00,1.05343,1.05351,1.05337,1.05347,0
2023-03-08 01:04:00+00:00,1.05347,1.05351,1.05339,1.05349,0
2023-03-08 01:05:00+00:00,1.0535,1.05364,1.05347,1.05359,0
2023-03-08 01:06:00+00:00,1.05357,1.05366,1.05353,1.05353,0
2023-03-08 01:07:00+00:00,1.05355,1.05367,1.05355,1.0536,0
2023-03-08 01:08:00+00:00,1.05361,1.0537,1.05361,1.05366,0
2023-03-08 01:09:00+00:00,1.05364,1.05364,1.0535,1.05356,0
2023-03-08 01:10:00+00:00,1.05356,1.05367,1.05353,1.05354,0
2023-03-08 01:11:00+00:00,1.05354,1.05356,1.05352,1.05356,0
2023-03-08 01:12:00+00:00,1.05355,1.05356,1.0535,1.05351,0
2023-03-08 01:13:00+00:00,1.05353,1.05364,1.05353,1.05361,0
2023-03-08 01:14:00+00:00,1.0536,1.05384,1.0536,1.05375,0
2023-03-08 01:15:00+00:00,1.05375,1.05384,1.05366,1.05383,0
2023-03-08 01:16:00+00:00,1.05384,1.05384,1.05365,1.0537,0
2023-03-08 01:17:00+00:00,1.0537,1.05372,1.05366,1.0537,0
2023-03-08 01:18:00+00:00,1.0537,1.05371,1.05357,1.05359,0
2023-03-08 01:19:00+00:00,1.05359,1.05366,1.05353,1.05359,0
2023-03-08 01:20:00+00:00,1.05358,1.05361,1.05356,1.05359,0
2023-03-08 01:21:00+00:00,1.05358,1.05362,1.05355,1.05362,0
2023-03-08 01:22:00+00:00,1.05362,1.05369,1.05361,1.05364,0
2023-03-08 01:23:00+00:00,1.05363,1.05366,1.05353,1.05354,0
2023-03-08 01:24:00+00:00,1.05357,1.05359,1.05346,1.05346,0
2023-03-08 01:25:00+00:00,1.05348,1.05348,1.05339,1.0534,0
2023-03-08 01:26:00+00:00,1.05342,1.05347,1.0534,1.0534,0
2023-03-08 01:27:00+00:00,1.05342,1.05346,1.0532,1.05329,0
2023-03-08 01:28:00+00:00,1.05329,1.05331,1.05317,1.05318,0
2023-03-08 01:29:00+00:00,1.05317,1.05325,1.05317,1.05321,0
2023-03-08 01:30:00+00:00,1.0532,1.05324,1.0532,1.05321,0
2023-03-08 01:31:00+00:00,1.05321,1.05331,1.0532,1.05326,0
2023-03-08 01:32:00+00:00,1.05327,1.05341,1.05327,1.05337,0
2023-03-08 01:33:00+00:00,1.05337,1.05351,1.05337,1.05344,0
2023-03-08 01:34:00+00:00,1.05344,1.05365,1.05334,1.05359,0
2023-03-08 01:35:00+00:00,1.05359,1.05367,1.05357,1.05357,0
2023-03-08 01:36:00+00:00,1.05357,1.05357,1.05349,1.05353,0
2023-03-08 01:37:00+00:00,1.05354,1.05365,1.05353,1.05357,0
2023-03-08 01:38:00+00:00,1.05356,1.05373,1.05353,1.05373,0
2023-03-08 01:39:00+00:00,1.05373,1.05373,1.05358,1.05362,0
2023-03-08 01:40:00+00:00,1.05362,1.05366,1.05358,1.05361,0
2023-03-08 01:41:00+00:00,1.05361,1.05368,1.05353,1.05363,0
2023-03-08 01:42:00+00:00,1.05364,1.05367,1.05359,1.05359,0
2023-03-08 01:43:00+00:00,1.05358,1.05367,1.05358,1.05364,0
2023-03-08 01:44:00+00:00,1.05365,1.05367,1.0536,1.05365,0
2023-03-08 01:45:00+00:00,1.05365,1.05373,1.05353,1.05353,0
2023-03-08 01:46:00+00:00,1.05353,1.05362,1.05352,1.05358,0
2023-03-08 01:47:00+00:00,1.05358,1.05358,1.05347,1.05352,0
2023-03-08 01:48:00+00:00,1.05354,1.05359,1.05351,1.05351,0
2023-03-08 01:49:00+00:00,1.05351,1.05359,1.0535,1.05356,0
2023-03-08 01:50:00+00:00,1.05355,1.05372,1.05351,1.05371,0
2023-03-08 01:51:00+00:00,1.05371,1.05372,1.05364,1.0537,0
2023-03-08 01:52:00+00:00,1.0537,1.05377,1.05365,1.05374,0
2023-03-08 01:53:00+00:00,1.05374,1.05386,1.05373,1.05378,0
2023-03-08 01:54:00+00:00,1.05377,1.0538,1.05373,1.05374,0
2023-03-08 01:55:00+00:00,1.05373,1.05374,1.05369,1.05374,0
2023-03-08 01:56:00+00:00,1.05375,1.05384,1.05374,1.05378,0
2023-03-08 01:57:00+00:00,1.05379,1.05383,1.05376,1.05379,0
2023-03-08 01:58:00+00:00,1.0538,1.05381,1.05367,1.05371,0
2023-03-08 01:59:00+00:00,1.05371,1.05398,1.05364,1.05396,0
2023-03-08 02:00:00+00:00,1.05394,1.05394,1.05336,1.05361,0
2023-03-08 02:01:00+00:00,1.0536,1.0536,1.05333,1.05339,0
2023-03-08 02:02:00+00:00,1.05339,1.05375,1.05339,1.05374,0
2023-03-08 02:03:00+00:00,1.05373,1.05377,1.05364,1.05375,0
2023-03-08 02:04:00+00:00,1.05376,1.05392,1.05376,1.05387,0
2023-03-08 02:05:00+00:00,1.05387,1.05397,1.05381,1.05386,0
2023-03-08 02:06:00+00:00,1.05386,1.05405,1.05384,1.05404,0
2023-03-08 02:07:00+00:00,1.05403,1.0542,1.05401,1.05406,0
2023-03-08 02:08:00+00:00,1.05406,1.05411,1.05391,1.05392,0
2023-03-08 02:09:00+00:00,1.05392,1.05392,1.05359,1.05362,0
2023-03-08 02:10:00+00:00,1.05362,1.05377,1.0536,1.0536,0
2023-03-08 02:11:00+00:00,1.05361,1.05375,1.05361,1.05366,0
2023-03-08 02:12:00+00:00,1.05366,1.05368,1.05342,1.05352,0
2023-03-08 02:13:00+00:00,1.05354,1.05363,1.05351,1.05356,0
2023-03-08 02:14:00+00:00,1.05356,1.05371,1.05351,1.05367,0
2023-03-08 02:15:00+00:00,1.05367,1.05376,1.05354,1.05354,0
2023-03-08 02:16:00+00:00,1.05355,1.05376,1.05351,1.05374,0
2023-03-08 02:17:00+00:00,1.05375,1.05383,1.05366,1.05369,0
2023-03-08 02:18:00+00:00,1.05369,1.054,1.05366,1.05392,0
2023-03-08 02:19:00+00:00,1.05393,1.05399,1.05385,1.05396,0
2023-03-08 02:20:00+00:00,1.05396,1.054,1.05391,1.05395,0
2023-03-08 02:21:00+00:00,1.05395,1.05402,1.05393,1.05395,0
2023-03-08 02:22:00+00:00,1.05394,1.05404,1.05392,1.05393,0
2023-03-08 02:23:00+00:00,1.05395,1.05395,1.05374,1.05386,0
2023-03-08 02:24:00+00:00,1.05385,1.05396,1.05385,1.05396,0
2023-03-08 02:25:00+00:00,1.05395,1.05405,1.05391,1.05392,0
2023-03-08 02:26:00+00:00,1.05393,1.05399,1.05384,1.05391,0
2023-03-08 02:27:00+00:00,1.05391,1.05409,1.0539,1.05406,0
2023-03-08 02:28:00+00:00,1.05406,1.05415,1.05393,1.05414,0
2023-03-08 02:29:00+00:00,1.05414,1.05416,1.05388,1.05389,0
2023-03-08 02:30:00+00:00,1.05387,1.05401,1.05384,1.05401,0
2023-03-08 02:31:00+00:00,1.054,1.05402,1.05394,1.054,0
2023-03-08 02:32:00+00:00,1.05402,1.05407,1.05402,1.05405,0
2023-03-08 02:33:00+00:00,1.05404,1.05419,1.05403,1.05415,0
2023-03-08 02:34:00+00:00,1.05417,1.05426,1.05399,1.05421,0
2023-03-08 02:35:00+00:00,1.05423,1.05431,1.05419,1.0543,0
2023-03-08 02:36:00+00:00,1.05429,1.05435,1.05424,1.0543,0
2023-03-08 02:37:00+00:00,1.05431,1.05437,1.05428,1.05432,0
2023-03-08 02:38:00+00:00,1.05431,1.05438,1.05422,1.05437,0
2023-03-08 02:39:00+00:00,1.05438,1.05448,1.05431,1.05446,0
2023-03-08 02:40:00+00:00,1.05445,1.05447,1.05436,1.05445,0
2023-03-08 02:41:00+00:00,1.05445,1.05457,1.05444,1.05453,0
2023-03-08 02:42:00+00:00,1.05451,1.05456,1.05436,1.05455,0
2023-03-08 02:43:00+00:00,1.05454,1.05456,1.05446,1.05449,0
2023-03-08 02:44:00+00:00,1.05451,1.05455,1.05445,1.0545,0
2023-03-08 02:45:00+00:00,1.05449,1.05456,1.05427,1.05439,0
2023-03-08 02:46:00+00:00,1.05439,1.05454,1.0543,1.0545,0
2023-03-08 02:47:00+00:00,1.0545,1.05455,1.05446,1.05451,0
2023-03-08 02:48:00+00:00,1.05452,1.05458,1.05451,1.05456,0
2023-03-08 02:49:00+00:00,1.05455,1.05459,1.05441,1.05451,0
2023-03-08 02:50:00+00:00,1.05453,1.05457,1.05447,1.05453,0
2023-03-08 02:51:00+00:00,1.05454,1.05465,1.05454,1.05465,0
2023-03-08 02:52:00+00:00,1.05464,1.05469,1.05451,1.05456,0
2023-03-08 02:53:00+00:00,1.05455,1.05455,1.0544,1.05447,0
2023-03-08 02:54:00+00:00,1.0545,1.05467,1.0545,1.05465,0
2023-03-08 02:55:00+00:00,1.05464,1.05465,1.05438,1.05445,0
2023-03-08 02:56:00+00:00,1.05443,1.05443,1.05419,1.05435,0
2023-03-08 02:57:00+00:00,1.05436,1.05436,1.05419,1.05426,0
2023-03-08 02:58:00+00:00,1.05426,1.05434,1.05416,1.05431,0
2023-03-08 02:59:00+00:00,1.0543,1.05438,1.05427,1.05434,0
2023-03-08 03:00:00+00:00,1.05434,1.05455,1.05415,1.05446,0
2023-03-08 03:01:00+00:00,1.05445,1.05447,1.05417,1.05419,0
2023-03-08 03:02:00+00:00,1.0542,1.05428,1.05414,1.05425,0
2023-03-08 03:03:00+00:00,1.05427,1.05432,1.05413,1.05416,0
2023-03-08 03:04:00+00:00,1.05415,1.05415,1.05385,1.05391,0
2023-03-08 03:05:00+00:00,1.05388,1.05416,1.05388,1.05416,0
2023-03-08 03:06:00+00:00,1.05417,1.05432,1.05416,1.05417,0
2023-03-08 03:07:00+00:00,1.05416,1.05428,1.05401,1.05426,0
2023-03-08 03:08:00+00:00,1.05426,1.05437,1.05423,1.05431,0
2023-03-08 03:09:00+00:00,1.05429,1.05467,1.05429,1.05466,0
2023-03-08 03:10:00+00:00,1.05466,1.05466,1.05425,1.05425,0
2023-03-08 03:11:00+00:00,1.05426,1.05436,1.05415,1.0543,0
2023-03-08 03:12:00+00:00,1.0543,1.05431,1.05417,1.05425,0
2023-03-08 03:13:00+00:00,1.05426,1.05436,1.0541,1.05411,0
2023-03-08 03:14:00+00:00,1.05409,1.05417,1.05401,1.05416,0
2023-03-08 03:15:00+00:00,1.05416,1.05426,1.05413,1.05415,0
2023-03-08 03:16:00+00:00,1.05415,1.05416,1.05385,1.05392,0
2023-03-08 03:17:00+00:00,1.05391,1.05415,1.0539,1.05401,0
2023-03-08 03:18:00+00:00,1.054,1.05441,1.05396,1.05437,0
2023-03-08 03:19:00+00:00,1.05437,1.05447,1.05431,1.05431,0
2023-03-08 03:20:00+00:00,1.05432,1.05441,1.05405,1.05428,0
2023-03-08 03:21:00+00:00,1.05427,1.0546,1.05424,1.05443,0
2023-03-08 03:22:00+00:00,1.05442,1.05451,1.05435,1.05441,0
2023-03-08 03:23:00+00:00,1.05442,1.05453,1.05435,1.05447,0
2023-03-08 03:24:00+00:00,1.05449,1.05468,1.05431,1.05431,0
2023-03-08 03:25:00+00:00,1.0543,1.05446,1.0543,1.05436,0
2023-03-08 03:26:00+00:00,1.05435,1.05436,1.0542,1.05435,0
2023-03-08 03:27:00+00:00,1.05436,1.05454,1.05433,1.05441,0
2023-03-08 03:28:00+00:00,1.05443,1.05467,1.05436,1.05465,0
2023-03-08 03:29:00+00:00,1.05466,1.05479,1.05447,1.05448,0
2023-03-08 03:30:00+00:00,1.05448,1.05448,1.0543,1.05435,0
2023-03-08 03:31:00+00:00,1.05436,1.05452,1.05429,1.05451,0
2023-03-08 03:32:00+00:00,1.05451,1.05456,1.05442,1.05452,0
2023-03-08 03:33:00+00:00,1.05452,1.05468,1.05452,1.0546,0
2023-03-08 03:34:00+00:00,1.05462,1.05468,1.05454,1.05459,0
2023-03-08 03:35:00+00:00,1.0546,1.05467,1.05447,1.0546,0
2023-03-08 03:36:00+00:00,1.05459,1.05465,1.05454,1.05462,0
2023-03-08 03:37:00+00:00,1.05464,1.05473,1.05448,1.05457,0
2023-03-08 03:38:00+00:00,1.05456,1.05456,1.05438,1.05444,0
2023-03-08 03:39:00+00:00,1.05444,1.05457,1.0544,1.05457,0
2023-03-08 03:40:00+00:00,1.05456,1.05459,1.05441,1.05446,0
2023-03-08 03:41:00+00:00,1.05444,1.05447,1.05434,1.05447,0
2023-03-08 03:42:00+00:00,1.05445,1.05451,1.05433,1.05433,0
2023-03-08 03:43:00+00:00,1.05432,1.05439,1.05422,1.05435,0
2023-03-08 03:44:00+00:00,1.05436,1.05446,1.05436,1.05442,0
2023-03-08 03:45:00+00:00,1.05443,1.05443,1.05425,1.05435,0
2023-03-08 03:46:00+00:00,1.05436,1.05446,1.05425,1.05446,0
2023-03-08 03:47:00+00:00,1.05445,1.0546,1.05441,1.05459,0
2023-03-08 03:48:00+00:00,1.05459,1.05461,1.05445,1.05454,0
2023-03-08 03:49:00+00:00,1.05454,1.0546,1.0543,1.05439,0
2023-03-08 03:50:00+00:00,1.05439,1.05441,1.05401,1.05401,0
2023-03-08 03:51:00+00:00,1.05399,1.05405,1.0539,1.05392,0
2023-03-08 03:52:00+00:00,1.05392,1.05407,1.05379,1.05404,0
2023-03-08 03:53:00+00:00,1.05405,1.0541,1.05397,1.05406,0
2023-03-08 03:54:00+00:00,1.05407,1.05411,1.05392,1.05411,0
2023-03-08 03:55:00+00:00,1.0541,1.05411,1.05396,1.05409,0
2023-03-08 03:56:00+00:00,1.05409,1.05427,1.05382,1.05382,0
2023-03-08 03:57:00+00:00,1.05383,1.05384,1.05365,1.0537,0
2023-03-08 03:58:00+00:00,1.05371,1.05377,1.05348,1.05354,0
2023-03-08 03:59:00+00:00,1.05353,1.05369,1.05353,1.05365,0
2023-03-08 04:00:00+00:00,1.05365,1.05392,1.05364,1.05373,0
2023-03-08 04:01:00+00:00,1.05375,1.05376,1.05356,1.05374,0
2023-03-08 04:02:00+00:00,1.05373,1.0538,1.05367,1.0537,0
2023-03-08 04:03:00+00:00,1.05369,1.0537,1.05355,1.05356,0
2023-03-08 04:04:00+00:00,1.05359,1.05367,1.05346,1.05362,0
2023-03-08 04:05:00+00:00,1.05362,1.05374,1.05351,1.05356,0
2023-03-08 04:06:00+00:00,1.05357,1.05377,1.05357,1.05376,0
2023-03-08 04:07:00+00:00,1.05375,1.05377,1.05357,1.05361,0
2023-03-08 04:08:00+00:00,1.0536,1.05366,1.0535,1.05361,0
2023-03-08 04:09:00+00:00,1.05362,1.05387,1.05356,1.05381,0
2023-03-08 04:10:00+00:00,1.0538,1.05396,1.05379,1.05392,0
2023-03-08 04:11:00+00:00,1.05391,1.05411,1.05391,1.05411,0
2023-03-08 04:12:00+00:00,1.05411,1.05435,1.05399,1.0543,0
2023-03-08 04:13:00+00:00,1.05431,1.05445,1.0543,1.05445,0
2023-03-08 04:14:00+00:00,1.05445,1.05451,1.05424,1.05425,0
2023-03-08 04:15:00+00:00,1.05424,1.05438,1.05424,1.05432,0
2023-03-08 04:16:00+00:00,1.05433,1.05433,1.05416,1.05417,0
2023-03-08 04:17:00+00:00,1.05418,1.05431,1.05414,1.05425,0
2023-03-08 04:18:00+00:00,1.05424,1.05427,1.05416,1.05425,0
2023-03-08 04:19:00+00:00,1.05425,1.05436,1.05419,1.05419,0
2023-03-08 04:20:00+00:00,1.05418,1.05425,1.054,1.05401,0
2023-03-08 04:21:00+00:00,1.05402,1.05413,1.05398,1.05412,0
2023-03-08 04:22:00+00:00,1.05414,1.05423,1.05407,1.05407,0
2023-03-08 04:23:00+00:00,1.05406,1.05409,1.05397,1.05407,0
2023-03-08 04:24:00+00:00,1.05406,1.0543,1.05405,1.05428,0
2023-03-08 04:25:00+00:00,1.05428,1.05428,1.0542,1.0542,0
2023-03-08 04:26:00+00:00,1.0542,1.05424,1.05415,1.05421,0
2023-03-08 04:27:00+00:00,1.0542,1.05434,1.05399,1.05412,0
2023-03-08 04:28:00+00:00,1.05414,1.0542,1.05384,1.05386,0
2023-03-08 04:29:00+00:00,1.05387,1.05401,1.05386,1.05396,0
2023-03-08 04:30:00+00:00,1.05396,1.05401,1.05385,1.05392,0
2023-03-08 04:31:00+00:00,1.05393,1.05401,1.0539,1.05401,0
2023-03-08 04:32:00+00:00,1.05401,1.05401,1.05393,1.054,0
2023-03-08 04:33:00+00:00,1.054,1.05403,1.05393,1.05399,0
2023-03-08 04:34:00+00:00,1.05399,1.0541,1.05398,1.05409,0
2023-03-08 04:35:00+00:00,1.0541,1.05411,1.05404,1.0541,0
2023-03-08 04:36:00+00:00,1.05411,1.05427,1.05409,1.05426,0
2023-03-08 04:37:00+00:00,1.05425,1.05484,1.05425,1.05481,0
2023-03-08 04:38:00+00:00,1.05482,1.05482,1.05444,1.05454,0
2023-03-08 04:39:00+00:00,1.05453,1.05463,1.05444,1.05453,0
2023-03-08 04:40:00+00:00,1.05452,1.05454,1.05429,1.05435,0
2023-03-08 04:41:00+00:00,1.05436,1.0545,1.0542,1.05439,0
2023-03-08 04:42:00+00:00,1.05438,1.0544,1.05423,1.05439,0
2023-03-08 04:43:00+00:00,1.05439,1.05442,1.05433,1.0544,0
2023-03-08 04:44:00+00:00,1.05441,1.05473,1.05439,1.05472,0
2023-03-08 04:45:00+00:00,1.05471,1.05476,1.05456,1.05456,0
2023-03-08 04:46:00+00:00,1.05456,1.05465,1.05447,1.05456,0
2023-03-08 04:47:00+00:00,1.05456,1.05456,1.05433,1.05435,0
2023-03-08 04:48:00+00:00,1.05434,1.05452,1.05434,1.0545,0
2023-03-08 04:49:00+00:00,1.05452,1.05461,1.0544,1.05456,0
2023-03-08 04:50:00+00:00,1.05456,1.05456,1.05439,1.05445,0
2023-03-08 04:51:00+00:00,1.05442,1.05452,1.05439,1.05451,0
2023-03-08 04:52:00+00:00,1.05453,1.05454,1.0544,1.05446,0
2023-03-08 04:53:00+00:00,1.05446,1.05455,1.05431,1.05431,0
2023-03-08 04:54:00+00:00,1.05432,1.05442,1.05417,1.05418,0
2023-03-08 04:55:00+00:00,1.05417,1.05419,1.05379,1.05379,0
2023-03-08 04:56:00+00:00,1.0538,1.05396,1.0537,1.05387,0
2023-03-08 04:57:00+00:00,1.05386,1.05399,1.05361,1.05365,0
2023-03-08 04:58:00+00:00,1.05365,1.05373,1.05355,1.05368,0
2023-03-08 04:59:00+00:00,1.05368,1.05369,1.05351,1.05355,0
2023-03-08 06:00:00+00:00,1.05393,1.05398,1.0538,1.05381,0
2023-03-08 06:01:00+00:00,1.05384,1.0539,1.05382,1.05385,0
2023-03-08 06:02:00+00:00,1.05386,1.05411,1.05386,1.05406,0
2023-03-08 06:03:00+00:00,1.05407,1.05415,1.05398,1.054,0
2023-03-08 06:04:00+00:00,1.05401,1.05406,1.0539,1.05406,0
2023-03-08 06:05:00+00:00,1.05406,1.05416,1.05399,1.05399,0
2023-03-08 06:06:00+00:00,1.05399,1.05415,1.05399,1.0541,0
2023-03-08 06:07:00+00:00,1.05409,1.05431,1.05409,1.05426,0
2023-03-08 06:08:00+00:00,1.05428,1.05448,1.05427,1.05442,0
2023-03-08 06:09:00+00:00,1.05441,1.05441,1.0541,1.0541,0
2023-03-08 06:10:00+00:00,1.05413,1.05416,1.054,1.054,0
2023-03-08 06:11:00+00:00,1.05402,1.05411,1.05399,1.05404,0
2023-03-08 06:12:00+00:00,1.05404,1.05406,1.05393,1.05395,0
2023-03-08 06:13:00+00:00,1.05395,1.05398,1.05375,1.05375,0
2023-03-08 06:14:00+00:00,1.05375,1.05381,1.05365,1.05376,0
2023-03-08 06:15:00+00:00,1.05376,1.05383,1.05372,1.05376,0
2023-03-08 06:16:00+00:00,1.05376,1.05383,1.0537,1.05372,0
2023-03-08 06:17:00+00:00,1.05372,1.05373,1.05361,1.05366,0
2023-03-08 06:18:00+00:00,1.05366,1.05367,1.05361,1.05361,0
2023-03-08 06:19:00+00:00,1.05361,1.05363,1.05349,1.0535,0
2023-03-08 06:20:00+00:00,1.05351,1.05369,1.0535,1.05365,0
2023-03-08 06:21:00+00:00,1.05367,1.05368,1.05342,1.05346,0
2023-03-08 06:22:00+00:00,1.05346,1.05353,1.05341,1.0535,0
2023-03-08 06:23:00+00:00,1.05349,1.0536,1.05347,1.05349,0
2023-03-08 06:24:00+00:00,1.0535,1.05356,1.0535,1.05353,0
2023-03-08 06:25:00+00:00,1.05353,1.05371,1.05348,1.05366,0
2023-03-08 06:26:00+00:00,1.05366,1.05376,1.05362,1.0537,0
2023-03-08 06:27:00+00:00,1.0537,1.05372,1.05357,1.05361,0
2023-03-08 06:28:00+00:00,1.05362,1.05373,1.05361,1.05365,0
2023-03-08 06:29:00+00:00,1.05366,1.05368,1.05356,1.05357,0
2023-03-08 06:30:00+00:00,1.0536,1.05374,1.05359,1.05367,0
2023-03-08 06:31:00+00:00,1.05368,1.05369,1.05359,1.0536,0
2023-03-08 06:32:00+00:00,1.05363,1.05367,1.0534,1.0535,0
2023-03-08 06:33:00+00:00,1.05351,1.05363,1.05344,1.0535,0
2023-03-08 06:34:00+00:00,1.05351,1.05351,1.05347,1.05347,0
2023-03-08 06:35:00+00:00,1.05348,1.05354,1.05348,1.05354,0
2023-03-08 06:36:00+00:00,1.05354,1.05359,1.05351,1.05355,0
2023-03-08 06:37:00+00:00,1.05355,1.05362,1.05351,1.05351,0
2023-03-08 06:38:00+00:00,1.05353,1.05354,1.05349,1.05351,0
2023-03-08 06:39:00+00:00,1.05351,1.05373,1.05349,1.05372,0
2023-03-08 06:40:00+00:00,1.05373,1.05379,1.05372,1.05378,0
2023-03-08 06:41:00+00:00,1.05377,1.05384,1.05377,1.05382,0
2023-03-08 06:42:00+00:00,1.05385,1.05387,1.05382,1.05385,0
2023-03-08 06:43:00+00:00,1.05385,1.05385,1.0538,1.05383,0
2023-03-08 06:44:00+00:00,1.05382,1.05386,1.05381,1.05382,0
2023-03-08 06:45:00+00:00,1.05381,1.05396,1.05381,1.05382,0
2023-03-08 06:46:00+00:00,1.05383,1.05387,1.05381,1.05382,0
2023-03-08 06:47:00+00:00,1.05382,1.05387,1.05374,1.05376,0
2023-03-08 06:48:00+00:00,1.05375,1.05375,1.0536,1.05361,0
2023-03-08 06:49:00+00:00,1.05361,1.05361,1.05347,1.0535,0
2023-03-08 06:50:00+00:00,1.05351,1.05367,1.05351,1.05367,0
2023-03-08 06:51:00+00:00,1.05366,1.05377,1.05366,1.05375,0
2023-03-08 06:52:00+00:00,1.05376,1.05386,1.05372,1.05375,0
2023-03-08 06:53:00+00:00,1.05376,1.05376,1.05371,1.05372,0
2023-03-08 06:54:00+00:00,1.05371,1.05373,1.05371,1.05373,0
2023-03-08 06:55:00+00:00,1.05375,1.05382,1.05371,1.05382,0
2023-03-08 06:56:00+00:00,1.05382,1.0539,1.05381,1.05387,0
2023-03-08 06:57:00+00:00,1.05389,1.05392,1.05378,1.05381,0
2023-03-08 06:58:00+00:00,1.05383,1.05383,1.05376,1.05377,0
2023-03-08 06:59:00+00:00,1.05376,1.05382,1.05373,1.05377,0
2023-03-08 08:00:00+00:00,1.05466,1.05471,1.0545,1.05461,0
2023-03-08 08:01:00+00:00,1.05461,1.05476,1.05455,1.0547,0
2023-03-08 08:02:00+00:00,1.0547,1.05476,1.05461,1.05476,0
2023-03-08 08:03:00+00:00,1.05475,1.05485,1.0547,1.05471,0
2023-03-08 08:04:00+00:00,1.05472,1.05484,1.05462,1.05483,0
2023-03-08 08:05:00+00:00,1.05483,1.0549,1.05478,1.05488,0
2023-03-08 08:06:00+00:00,1.05486,1.05486,1.05461,1.05463,0
2023-03-08 08:07:00+00:00,1.05463,1.05476,1.05459,1.0547,0
2023-03-08 08:08:00+00:00,1.05471,1.05477,1.05466,1.05474,0
2023-03-08 08:09:00+00:00,1.05473,1.05475,1.05451,1.05453,0
2023-03-08 08:10:00+00:00,1.05453,1.05455,1.05436,1.05442,0
2023-03-08 08:11:00+00:00,1.05442,1.05451,1.05436,1.05437,0
2023-03-08 08:12:00+00:00,1.05437,1.05447,1.0543,1.05444,0
2023-03-08 08:13:00+00:00,1.05444,1.05483,1.05444,1.05482,0
2023-03-08 08:14:00+00:00,1.05483,1.05487,1.05439,1.05439,0
2023-03-08 08:15:00+00:00,1.05438,1.05441,1.05369,1.05381,0
2023-03-08 08:16:00+00:00,1.05381,1.05385,1.05367,1.05385,0
2023-03-08 08:17:00+00:00,1.05386,1.05389,1.0537,1.05382,0
2023-03-08 08:18:00+00:00,1.05382,1.05395,1.05372,1.05388,0
2023-03-08 08:19:00+00:00,1.05389,1.05409,1.05374,1.05397,0
2023-03-08 08:20:00+00:00,1.05396,1.05397,1.05373,1.05392,0
2023-03-08 08:21:00+00:00,1.05391,1.0543,1.05387,1.05399,0
2023-03-08 08:22:00+00:00,1.05397,1.05459,1.05395,1.05446,0
2023-03-08 08:23:00+00:00,1.05444,1.05472,1.05432,1.05456,0
2023-03-08 08:24:00+00:00,1.05457,1.05461,1.05424,1.05444,0
2023-03-08 08:25:00+00:00,1.05445,1.05456,1.05426,1.0545,0
2023-03-08 08:26:00+00:00,1.05451,1.05453,1.0541,1.05421,0
2023-03-08 08:27:00+00:00,1.05421,1.05434,1.05396,1.05426,0
2023-03-08 08:28:00+00:00,1.05425,1.05441,1.0542,1.05421,0
2023-03-08 08:29:00+00:00,1.0542,1.0542,1.05385,1.05386,0
2023-03-08 08:30:00+00:00,1.05385,1.05413,1.05381,1.05398,0
2023-03-08 08:31:00+00:00,1.05397,1.05419,1.05394,1.05401,0
2023-03-08 08:32:00+00:00,1.054,1.0542,1.0539,1.05416,0
2023-03-08 08:33:00+00:00,1.05416,1.05417,1.05381,1.05381,0
2023-03-08 08:34:00+00:00,1.05381,1.05395,1.05381,1.0539,0
2023-03-08 08:35:00+00:00,1.05389,1.05398,1.05378,1.05394,0
2023-03-08 08:36:00+00:00,1.05393,1.05398,1.05388,1.05388,0
2023-03-08 08:37:00+00:00,1.05388,1.05414,1.05387,1.05391,0
2023-03-08 08:38:00+00:00,1.05392,1.05424,1.05388,1.0542,0
2023-03-08 08:39:00+00:00,1.05421,1.05443,1.05414,1.05414,0
2023-03-08 08:40:00+00:00,1.05413,1.05425,1.0539,1.054,0
2023-03-08 08:41:00+00:00,1.05399,1.05432,1.05399,1.05421,0
2023-03-08 08:42:00+00:00,1.0542,1.05434,1.0542,1.05429,0
2023-03-08 08:43:00+00:00,1.05428,1.05447,1.0542,1.05426,0
2023-03-08 08:44:00+00:00,1.05426,1.05435,1.05419,1.05426,0
2023-03-08 08:45:00+00:00,1.05427,1.05431,1.05408,1.0541,0
2023-03-08 08:46:00+00:00,1.0541,1.05422,1.05396,1.05407,0
2023-03-08 08:47:00+00:00,1.05406,1.05422,1.05397,1.054,0
2023-03-08 08:48:00+00:00,1.05401,1.05408,1.05396,1.05397,0
2023-03-08 08:49:00+00:00,1.05397,1.05406,1.05383,1.05406,0
2023-03-08 08:50:00+00:00,1.05406,1.05411,1.05386,1.05397,0
2023-03-08 08:51:00+00:00,1.05396,1.05397,1.05381,1.05387,0
2023-03-08 08:52:00+00:00,1.05387,1.05389,1.05367,1.05368,0
2023-03-08 08:53:00+00:00,1.05367,1.05383,1.05367,1.05381,0
2023-03-08 08:54:00+00:00,1.05381,1.05397,1.05377,1.05388,0
2023-03-08 08:55:00+00:00,1.05387,1.05388,1.05373,1.05381,0
2023-03-08 08:56:00+00:00,1.05382,1.05414,1.05382,1.0539,0
2023-03-08 08:57:00+00:00,1.0539,1.05397,1.0539,1.05391,0
2023-03-08 08:58:00+00:00,1.05391,1.05443,1.05391,1.05426,0
2023-03-08 08:59:00+00:00,1.05426,1.05426,1.05404,1.05409,0
2023-03-08 09:00:00+00:00,1.05409,1.05467,1.05409,1.05441,0
2023-03-08 09:01:00+00:00,1.05441,1.05466,1.05426,1.05462,0
2023-03-08 09:02:00+00:00,1.05464,1.05489,1.05464,1.05466,0
2023-03-08 09:03:00+00:00,1.05466,1.05488,1.05461,1.05484,0
2023-03-08 09:04:00+00:00,1.05483,1.0551,1.05483,1.05494,0
2023-03-08 09:05:00+00:00,1.05494,1.05499,1.05467,1.05471,0
2023-03-08 09:06:00+00:00,1.0547,1.05495,1.05461,1.0548,0
2023-03-08 09:07:00+00:00,1.05483,1.05486,1.05459,1.05461,0
2023-03-08 09:08:00+00:00,1.05462,1.05466,1.05438,1.05445,0
2023-03-08 09:09:00+00:00,1.05449,1.0546,1.05441,1.0546,0
2023-03-08 09:10:00+00:00,1.05461,1.05486,1.05461,1.0548,0
2023-03-08 09:11:00+00:00,1.0548,1.05483,1.0545,1.05454,0
2023-03-08 09:12:00+00:00,1.05456,1.05475,1.05449,1.05449,0
2023-03-08 09:13:00+00:00,1.0545,1.05462,1.05447,1.0545,0
2023-03-08 09:14:00+00:00,1.05451,1.05454,1.0544,1.05446,0
2023-03-08 09:15:00+00:00,1.05448,1.05469,1.05448,1.05469,0
2023-03-08 09:16:00+00:00,1.05468,1.05474,1.05461,1.05468,0
2023-03-08 09:17:00+00:00,1.05468,1.05492,1.05468,1.05474,0
2023-03-08 09:18:00+00:00,1.05474,1.05474,1.05451,1.05454,0
2023-03-08 09:19:00+00:00,1.05455,1.05471,1.05454,1.05455,0
2023-03-08 09:20:00+00:00,1.05456,1.05461,1.05449,1.0545,0
2023-03-08 09:21:00+00:00,1.0545,1.05456,1.05444,1.05444,0
2023-03-08 09:22:00+00:00,1.05442,1.0545,1.05436,1.05442,0
2023-03-08 09:23:00+00:00,1.05441,1.05456,1.0544,1.05451,0
2023-03-08 09:24:00+00:00,1.05452,1.05459,1.0544,1.05451,0
2023-03-08 09:25:00+00:00,1.05451,1.05457,1.05445,1.05455,0
2023-03-08 09:26:00+00:00,1.05458,1.05465,1.0544,1.05447,0
2023-03-08 09:27:00+00:00,1.05447,1.0546,1.05447,1.0546,0
2023-03-08 09:28:00+00:00,1.0546,1.05477,1.05459,1.05473,0
2023-03-08 09:29:00+00:00,1.05474,1.05487,1.0546,1.05464,0
2023-03-08 09:30:00+00:00,1.05465,1.05546,1.05465,1.05543,0
2023-03-08 09:31:00+00:00,1.05541,1.05614,1.05541,1.05583,0
2023-03-08 09:32:00+00:00,1.05581,1.05597,1.05566,1.05577,0
2023-03-08 09:33:00+00:00,1.05577,1.05583,1.05551,1.05556,0
2023-03-08 09:34:00+00:00,1.05558,1.0557,1.05517,1.05517,0
2023-03-08 09:35:00+00:00,1.05515,1.05519,1.05501,1.05513,0
2023-03-08 09:36:00+00:00,1.05513,1.05527,1.055,1.05518,0
2023-03-08 09:37:00+00:00,1.05516,1.05544,1.05509,1.05536,0
2023-03-08 09:38:00+00:00,1.05537,1.05541,1.05491,1.05491,0
2023-03-08 09:39:00+00:00,1.05492,1.05527,1.05492,1.05513,0
2023-03-08 09:40:00+00:00,1.05516,1.05543,1.05499,1.05543,0
2023-03-08 09:41:00+00:00,1.05542,1.05576,1.05542,1.05566,0
2023-03-08 09:42:00+00:00,1.05568,1.0557,1.05551,1.05564,0
2023-03-08 09:43:00+00:00,1.05564,1.05582,1.05553,1.05567,0
2023-03-08 09:44:00+00:00,1.05567,1.05602,1.05542,1.05543,0
2023-03-08 09:45:00+00:00,1.05544,1.05588,1.05535,1.05588,0
2023-03-08 09:46:00+00:00,1.05588,1.0559,1.05568,1.05582,0
2023-03-08 09:47:00+00:00,1.05581,1.05609,1.05581,1.05586,0
2023-03-08 09:48:00+00:00,1.05586,1.05605,1.05572,1.05595,0
2023-03-08 09:49:00+00:00,1.05598,1.05601,1.05575,1.05597,0
2023-03-08 09:50:00+00:00,1.05595,1.05612,1.0559,1.05601,0
2023-03-08 09:51:00+00:00,1.056,1.05611,1.05572,1.0558,0
2023-03-08 09:52:00+00:00,1.0558,1.05594,1.05568,1.05592,0
2023-03-08 09:53:00+00:00,1.05592,1.05602,1.05583,1.05584,0
2023-03-08 09:54:00+00:00,1.05586,1.05596,1.05583,1.0559,0
2023-03-08 09:55:00+00:00,1.05591,1.05591,1.05581,1.05584,0
2023-03-08 09:56:00+00:00,1.05584,1.05584,1.05557,1.0556,0
2023-03-08 09:57:00+00:00,1.0556,1.05577,1.05552,1.05574,0
2023-03-08 09:58:00+00:00,1.05575,1.05576,1.05557,1.05562,0
2023-03-08 09:59:00+00:00,1.05561,1.05563,1.05545,1.0556,0
2023-03-08 12:00:00+00:00,1.05474,1.05495,1.05466,1.0549,0
2023-03-08 12:01:00+00:00,1.05491,1.05505,1.05489,1.0549,0
2023-03-08 12:02:00+00:00,1.0549,1.05498,1.05482,1.05482,0
2023-03-08 12:03:00+00:00,1.05482,1.05486,1.05466,1.05467,0
2023-03-08 12:04:00+00:00,1.05468,1.05474,1.05465,1.05472,0
2023-03-08 12:05:00+00:00,1.05472,1.05485,1.05472,1.05481,0
2023-03-08 12:06:00+00:00,1.05481,1.05487,1.05466,1.0547,0
2023-03-08 12:07:00+00:00,1.0547,1.0547,1.05457,1.05459,0
2023-03-08 12:08:00+00:00,1.05461,1.05467,1.05456,1.05456,0
2023-03-08 12:09:00+00:00,1.05457,1.05459,1.05433,1.05441,0
2023-03-08 12:10:00+00:00,1.05443,1.05454,1.0544,1.05451,0
2023-03-08 12:11:00+00:00,1.05452,1.05457,1.05444,1.05452,0
2023-03-08 12:12:00+00:00,1.05451,1.05455,1.05426,1.05432,0
2023-03-08 12:13:00+00:00,1.05431,1.05452,1.05422,1.05445,0
2023-03-08 12:14:00+00:00,1.05446,1.05452,1.05445,1.05451,0
2023-03-08 12:15:00+00:00,1.05451,1.05458,1.05442,1.05447,0
2023-03-08 12:16:00+00:00,1.05448,1.05449,1.05433,1.05435,0
2023-03-08 12:17:00+00:00,1.05437,1.0544,1.05433,1.05435,0
2023-03-08 12:18:00+00:00,1.05435,1.05458,1.05435,1.05456,0
2023-03-08 12:19:00+00:00,1.05455,1.05476,1.05455,1.0547,0
2023-03-08 12:20:00+00:00,1.0547,1.05476,1.05461,1.05475,0
2023-03-08 12:21:00+00:00,1.05475,1.05488,1.05472,1.05488,0
2023-03-08 12:22:00+00:00,1.05488,1.05496,1.05481,1.05491,0
2023-03-08 12:23:00+00:00,1.05491,1.05495,1.05481,1.05481,0
2023-03-08 12:24:00+00:00,1.0548,1.05481,1.05467,1.05479,0
2023-03-08 12:25:00+00:00,1.05477,1.05492,1.05471,1.05476,0
2023-03-08 12:26:00+00:00,1.05476,1.05481,1.05469,1.05475,0
2023-03-08 12:27:00+00:00,1.05473,1.05485,1.05469,1.05483,0
2023-03-08 12:28:00+00:00,1.05483,1.05484,1.05462,1.05468,0
2023-03-08 12:29:00+00:00,1.05467,1.05469,1.05454,1.05456,0
2023-03-08 12:30:00+00:00,1.05456,1.05456,1.05436,1.0544,0
2023-03-08 12:31:00+00:00,1.05441,1.05443,1.0543,1.05433,0
2023-03-08 12:32:00+00:00,1.05435,1.05435,1.05422,1.05426,0
2023-03-08 12:33:00+00:00,1.05426,1.05455,1.05426,1.0545,0
2023-03-08 12:34:00+00:00,1.05449,1.05463,1.05446,1.05462,0
2023-03-08 12:35:00+00:00,1.05463,1.05476,1.05454,1.05468,0
2023-03-08 12:36:00+00:00,1.05468,1.05495,1.05468,1.05494,0
2023-03-08 12:37:00+00:00,1.05496,1.05506,1.05483,1.05483,0
2023-03-08 12:38:00+00:00,1.05484,1.05498,1.05483,1.05494,0
2023-03-08 12:39:00+00:00,1.05494,1.05504,1.05477,1.05484,0
2023-03-08 12:40:00+00:00,1.05483,1.05513,1.05478,1.05502,0
2023-03-08 12:41:00+00:00,1.055,1.05506,1.05494,1.05499,0
2023-03-08 12:42:00+00:00,1.05499,1.05513,1.05499,1.05503,0
2023-03-08 12:43:00+00:00,1.05503,1.05513,1.05502,1.05509,0
2023-03-08 12:44:00+00:00,1.05508,1.05519,1.05502,1.05503,0
2023-03-08 12:45:00+00:00,1.05503,1.05514,1.05498,1.05499,0
2023-03-08 12:46:00+00:00,1.05499,1.05503,1.05488,1.05503,0
2023-03-08 12:47:00+00:00,1.05503,1.05503,1.05489,1.05492,0
2023-03-08 12:48:00+00:00,1.05491,1.05491,1.05453,1.05468,0
2023-03-08 12:49:00+00:00,1.05468,1.05468,1.05454,1.05463,0
2023-03-08 12:50:00+00:00,1.05463,1.05464,1.05448,1.05464,0
2023-03-08 12:51:00+00:00,1.05464,1.05465,1.05454,1.05459,0
2023-03-08 12:52:00+00:00,1.05459,1.05464,1.05439,1.05454,0
2023-03-08 12:53:00+00:00,1.05454,1.05468,1.05454,1.05458,0
2023-03-08 12:54:00+00:00,1.05458,1.05464,1.05451,1.05453,0
2023-03-08 12:55:00+00:00,1.05454,1.05454,1.05429,1.05434,0
2023-03-08 12:56:00+00:00,1.05434,1.0544,1.05428,1.05438,0
2023-03-08 12:57:00+00:00,1.05439,1.05451,1.05438,1.05449,0
2023-03-08 12:58:00+00:00,1.05448,1.0545,1.05439,1.05439,0
2023-03-08 12:59:00+00:00,1.05439,1.0545,1.05439,1.05449,0
2023-03-08 14:00:00+00:00,1.05423,1.05438,1.05423,1.05436,0
2023-03-08 14:01:00+00:00,1.05436,1.05436,1.05423,1.0543,0
2023-03-08 14:02:00+00:00,1.0543,1.05442,1.05424,1.05428,0
2023-03-08 14:03:00+00:00,1.05428,1.05433,1.05426,1.05428,0
2023-03-08 14:04:00+00:00,1.05431,1.05434,1.05426,1.05426,0
2023-03-08 14:05:00+00:00,1.05427,1.05428,1.05417,1.05422,0
2023-03-08 14:06:00+00:00,1.05422,1.05432,1.05412,1.05432,0
2023-03-08 14:07:00+00:00,1.05431,1.05431,1.05413,1.05415,0
2023-03-08 14:08:00+00:00,1.05416,1.05439,1.05416,1.05438,0
2023-03-08 14:09:00+00:00,1.05438,1.05442,1.05438,1.05439,0
2023-03-08 14:10:00+00:00,1.05442,1.05469,1.05442,1.05467,0
2023-03-08 14:11:00+00:00,1.05466,1.05473,1.05465,1.05469,0
2023-03-08 14:12:00+00:00,1.05469,1.05475,1.05468,1.05472,0
2023-03-08 14:13:00+00:00,1.05471,1.05473,1.05459,1.05462,0
2023-03-08 14:14:00+00:00,1.05462,1.05471,1.05447,1.05447,0
2023-03-08 14:15:00+00:00,1.05449,1.05449,1.05432,1.05442,0
2023-03-08 14:16:00+00:00,1.05442,1.05454,1.05437,1.05442,0
2023-03-08 14:17:00+00:00,1.05442,1.05454,1.05442,1.05447,0
2023-03-08 14:18:00+00:00,1.05449,1.05451,1.05433,1.05433,0
2023-03-08 14:19:00+00:00,1.05436,1.05439,1.05432,1.05439,0
2023-03-08 14:20:00+00:00,1.05437,1.05442,1.05433,1.05438,0
2023-03-08 14:21:00+00:00,1.05439,1.05443,1.05437,1.05441,0
2023-03-08 14:22:00+00:00,1.0544,1.0544,1.05436,1.05438,0
2023-03-08 14:23:00+00:00,1.05437,1.05442,1.05437,1.05438,0
2023-03-08 14:24:00+00:00,1.0544,1.05442,1.05433,1.05442,0
2023-03-08 14:25:00+00:00,1.05441,1.05464,1.05438,1.05457,0
2023-03-08 14:26:00+00:00,1.05457,1.05468,1.05451,1.05468,0
2023-03-08 14:27:00+00:00,1.0547,1.05482,1.05467,1.05482,0
2023-03-08 14:28:00+00:00,1.05482,1.05483,1.05476,1.05477,0
2023-03-08 14:29:00+00:00,1.05476,1.05494,1.05476,1.05493,0
2023-03-08 14:30:00+00:00,1.05492,1.05498,1.05469,1.05473,0
2023-03-08 14:31:00+00:00,1.05472,1.05474,1.05471,1.05473,0
2023-03-08 14:32:00+00:00,1.05478,1.05494,1.05478,1.05492,0
2023-03-08 14:33:00+00:00,1.05493,1.05493,1.0547,1.05482,0
2023-03-08 14:34:00+00:00,1.05483,1.05484,1.0547,1.0548,0
2023-03-08 14:35:00+00:00,1.05479,1.05493,1.05477,1.05491,0
2023-03-08 14:36:00+00:00,1.0549,1.0549,1.05474,1.05479,0
2023-03-08 14:37:00+00:00,1.0548,1.05498,1.05479,1.05483,0
2023-03-08 14:38:00+00:00,1.05482,1.05497,1.05482,1.05484,0
2023-03-08 14:39:00+00:00,1.05482,1.05487,1.0548,1.05485,0
2023-03-08 14:40:00+00:00,1.05485,1.05488,1.05481,1.05488,0
2023-03-08 14:41:00+00:00,1.05487,1.05488,1.05477,1.05478,0
2023-03-08 14:42:00+00:00,1.05477,1.05481,1.05472,1.05478,0
2023-03-08 14:43:00+00:00,1.05478,1.05484,1.05473,1.05479,0
2023-03-08 14:44:00+00:00,1.05478,1.05478,1.05469,1.05474,0
2023-03-08 14:45:00+00:00,1.05472,1.05477,1.0547,1.05474,0
2023-03-08 14:46:00+00:00,1.05475,1.05494,1.05475,1.05494,0
2023-03-08 14:47:00+00:00,1.05493,1.05493,1.05481,1.05491,0
2023-03-08 14:48:00+00:00,1.05489,1.05491,1.05487,1.05488,0
2023-03-08 14:49:00+00:00,1.05488,1.05503,1.05486,1.05488,0
2023-03-08 14:50:00+00:00,1.05487,1.05487,1.05454,1.05455,0
2023-03-08 14:51:00+00:00,1.05455,1.0546,1.05447,1.05455,0
2023-03-08 14:52:00+00:00,1.05455,1.05455,1.05438,1.05441,0
2023-03-08 14:53:00+00:00,1.05445,1.05454,1.05445,1.05449,0
2023-03-08 14:54:00+00:00,1.05449,1.05469,1.05449,1.05458,0
2023-03-08 14:55:00+00:00,1.05456,1.0547,1.05447,1.05468,0
2023-03-08 14:56:00+00:00,1.05469,1.05476,1.05468,1.05473,0
2023-03-08 14:57:00+00:00,1.05473,1.05473,1.05461,1.05462,0
2023-03-08 14:58:00+00:00,1.05464,1.0548,1.05464,1.05479,0
2023-03-08 14:59:00+00:00,1.05478,1.05478,1.05456,1.05456,0
2023-03-08 16:00:00+00:00,1.05472,1.05475,1.05468,1.05468,0
2023-03-08 16:01:00+00:00,1.0547,1.05471,1.05455,1.05456,0
2023-03-08 16:02:00+00:00,1.05457,1.0546,1.05453,1.05458,0
2023-03-08 16:03:00+00:00,1.05458,1.05459,1.05441,1.05442,0
2023-03-08 16:04:00+00:00,1.05442,1.05448,1.05432,1.05439,0
2023-03-08 16:05:00+00:00,1.05439,1.05451,1.05436,1.05449,0
2023-03-08 16:06:00+00:00,1.05448,1.05452,1.05448,1.05452,0
2023-03-08 16:07:00+00:00,1.05451,1.05453,1.05451,1.05452,0
2023-03-08 16:08:00+00:00,1.05451,1.05452,1.05449,1.05449,0
2023-03-08 16:09:00+00:00,1.05452,1.05455,1.05452,1.05454,0
2023-03-08 16:11:00+00:00,1.05455,1.05456,1.05455,1.05456,0
2023-03-08 16:12:00+00:00,1.05458,1.05461,1.05458,1.05459,0
2023-03-08 16:13:00+00:00,1.05461,1.05464,1.0546,1.0546,0
2023-03-08 16:14:00+00:00,1.0546,1.05464,1.05455,1.05455,0
2023-03-08 16:15:00+00:00,1.05455,1.05455,1.05452,1.05453,0
2023-03-08 16:16:00+00:00,1.05454,1.05454,1.0545,1.05453,0
2023-03-08 16:17:00+00:00,1.05452,1.05454,1.05452,1.05453,0
2023-03-08 16:18:00+00:00,1.05453,1.05458,1.05453,1.05458,0
2023-03-08 16:19:00+00:00,1.05458,1.05461,1.05458,1.0546,0
2023-03-08 16:20:00+00:00,1.0546,1.05465,1.05454,1.05457,0
2023-03-08 16:21:00+00:00,1.05456,1.05456,1.05454,1.05454,0
2023-03-08 16:22:00+00:00,1.05454,1.05455,1.05454,1.05454,0
2023-03-08 16:23:00+00:00,1.05454,1.05455,1.05453,1.05454,0
2023-03-08 16:24:00+00:00,1.05453,1.05454,1.05453,1.05454,0
2023-03-08 16:25:00+00:00,1.05454,1.05454,1.05454,1.05454,0
2023-03-08 16:26:00+00:00,1.05454,1.05454,1.05444,1.05444,0
2023-03-08 16:27:00+00:00,1.05444,1.05444,1.05425,1.05427,0
2023-03-08 16:28:00+00:00,1.05429,1.0544,1.05429,1.05438,0
2023-03-08 16:29:00+00:00,1.0544,1.05452,1.05439,1.05447,0
2023-03-08 16:30:00+00:00,1.05449,1.0545,1.05437,1.05437,0
2023-03-08 16:31:00+00:00,1.05437,1.05438,1.05435,1.05437,0
2023-03-08 16:32:00+00:00,1.05437,1.05439,1.05436,1.05437,0
2023-03-08 16:33:00+00:00,1.05437,1.05437,1.05427,1.05427,0
2023-03-08 16:34:00+00:00,1.0543,1.05432,1.05426,1.05427,0
2023-03-08 16:35:00+00:00,1.05428,1.05429,1.05426,1.05426,0
2023-03-08 16:36:00+00:00,1.05427,1.05429,1.05426,1.05429,0
2023-03-08 16:37:00+00:00,1.0543,1.05431,1.05429,1.05429,0
2023-03-08 16:38:00+00:00,1.05432,1.05434,1.05432,1.05434,0
2023-03-08 16:39:00+00:00,1.05434,1.05434,1.05428,1.05429,0
2023-03-08 16:40:00+00:00,1.05428,1.05428,1.05428,1.05428,0
2023-03-08 16:41:00+00:00,1.05429,1.05429,1.05427,1.05427,0
2023-03-08 16:42:00+00:00,1.05426,1.05428,1.05425,1.05426,0
2023-03-08 16:43:00+00:00,1.05427,1.05429,1.05426,1.05427,0
2023-03-08 16:44:00+00:00,1.05428,1.05432,1.05428,1.05432,0
2023-03-08 16:45:00+00:00,1.05433,1.05434,1.0543,1.05433,0
2023-03-08 16:46:00+00:00,1.05433,1.05436,1.05431,1.05432,0
2023-03-08 16:47:00+00:00,1.05432,1.05432,1.05431,1.05431,0
2023-03-08 16:48:00+00:00,1.05431,1.05433,1.05431,1.05432,0
2023-03-08 16:50:00+00:00,1.05433,1.05433,1.05423,1.05425,0
2023-03-08 16:51:00+00:00,1.05427,1.05432,1.05426,1.05432,0
2023-03-08 16:52:00+00:00,1.05431,1.05431,1.05426,1.05426,0
2023-03-08 16:53:00+00:00,1.05426,1.0545,1.05426,1.0544,0
2023-03-08 16:54:00+00:00,1.05438,1.05443,1.05438,1.05442,0
2023-03-08 16:55:00+00:00,1.05442,1.05443,1.05439,1.0544,0
2023-03-08 16:56:00+00:00,1.05441,1.05441,1.05433,1.05434,0
2023-03-08 16:57:00+00:00,1.05433,1.05433,1.05423,1.05424,0
2023-03-08 16:58:00+00:00,1.05424,1.05445,1.05424,1.05439,0
2023-03-08 16:59:00+00:00,1.05437,1.05445,1.05416,1.0543,0
2023-03-08 17:00:00+00:00,1.05416,1.05437,1.05416,1.05437,0
2023-03-08 17:03:00+00:00,1.05442,1.05442,1.05442,1.05442,0
2023-03-08 17:04:00+00:00,1.05441,1.05441,1.05441,1.05441,0
2023-03-08 17:08:00+00:00,1.05441,1.05441,1.05441,1.05441,0
2023-03-08 17:11:00+00:00,1.05441,1.05441,1.05441,1.05441,0
2023-03-08 17:13:00+00:00,1.05443,1.05443,1.05443,1.05443,0
2023-03-08 17:17:00+00:00,1.05443,1.05443,1.05443,1.05443,0
2023-03-08 17:19:00+00:00,1.05444,1.05444,1.05444,1.05444,0
2023-03-08 17:20:00+00:00,1.05444,1.05444,1.05444,1.05444,0
2023-03-08 17:24:00+00:00,1.05444,1.05444,1.05444,1.05444,0
2023-03-08 17:25:00+00:00,1.05444,1.05444,1.05444,1.05444,0
2023-03-08 17:28:00+00:00,1.05444,1.05445,1.05444,1.05445,0
2023-03-08 17:29:00+00:00,1.05446,1.05446,1.05446,1.05446,0
2023-03-08 17:30:00+00:00,1.05446,1.05449,1.05418,1.0543,0
2023-03-08 17:31:00+00:00,1.0543,1.0543,1.0543,1.0543,0
2023-03-08 17:32:00+00:00,1.0543,1.0543,1.0543,1.0543,0
2023-03-08 17:33:00+00:00,1.0543,1.0543,1.0543,1.0543,0
2023-03-08 17:34:00+00:00,1.0543,1.0543,1.0543,1.0543,0
2023-03-08 17:35:00+00:00,1.0543,1.05432,1.0543,1.05432,0
2023-03-08 17:36:00+00:00,1.05433,1.05433,1.0543,1.05433,0
2023-03-08 17:37:00+00:00,1.05432,1.05433,1.05432,1.05433,0
2023-03-08 17:38:00+00:00,1.05432,1.05433,1.05432,1.05433,0
2023-03-08 17:39:00+00:00,1.05432,1.05434,1.0543,1.0543,0
2023-03-08 17:40:00+00:00,1.05431,1.05431,1.0543,1.05431,0
2023-03-08 17:41:00+00:00,1.05432,1.05432,1.05431,1.05431,0
2023-03-08 17:42:00+00:00,1.0543,1.05431,1.0543,1.0543,0
2023-03-08 17:43:00+00:00,1.0543,1.0543,1.0543,1.0543,0
2023-03-08 17:44:00+00:00,1.0543,1.0543,1.0543,1.0543,0
2023-03-08 17:45:00+00:00,1.0543,1.0543,1.0543,1.0543,0
2023-03-08 17:46:00+00:00,1.0543,1.0543,1.0543,1.0543,0
2023-03-08 17:47:00+00:00,1.0543,1.0543,1.0543,1.0543,0
2023-03-08 17:49:00+00:00,1.0543,1.0543,1.0543,1.0543,0
2023-03-08 17:53:00+00:00,1.0543,1.0543,1.0543,1.0543,0
2023-03-08 17:54:00+00:00,1.0543,1.0543,1.0543,1.0543,0
2023-03-08 17:55:00+00:00,1.0543,1.0543,1.0543,1.0543,0
2023-03-08 17:56:00+00:00,1.0543,1.0543,1.0543,1.0543,0
2023-03-08 17:57:00+00:00,1.0543,1.0543,1.05415,1.05419,0
2023-03-08 17:58:00+00:00,1.05419,1.05428,1.05417,1.05425,0
2023-03-08 17:59:00+00:00,1.05424,1.05425,1.05424,1.05424,0
2023-03-08 19:00:00+00:00,1.05488,1.05494,1.05482,1.05493,0
2023-03-08 19:01:00+00:00,1.05491,1.05491,1.05485,1.05485,0
2023-03-08 19:02:00+00:00,1.05484,1.05487,1.05481,1.05487,0
2023-03-08 19:03:00+00:00,1.05486,1.05487,1.05481,1.05486,0
2023-03-08 19:04:00+00:00,1.05486,1.05486,1.05481,1.05485,0
2023-03-08 19:05:00+00:00,1.05486,1.05487,1.05481,1.05487,0
2023-03-08 19:06:00+00:00,1.05486,1.05492,1.05484,1.05492,0
2023-03-08 19:07:00+00:00,1.05492,1.05502,1.05492,1.05502,0
2023-03-08 19:08:00+00:00,1.05501,1.05501,1.05488,1.05488,0
2023-03-08 19:09:00+00:00,1.05488,1.05492,1.05483,1.05491,0
2023-03-08 19:10:00+00:00,1.05492,1.05499,1.05492,1.05496,0
2023-03-08 19:11:00+00:00,1.05494,1.05509,1.05493,1.05509,0
2023-03-08 19:12:00+00:00,1.05506,1.05506,1.05502,1.05502,0
2023-03-08 19:13:00+00:00,1.05503,1.05512,1.05502,1.05506,0
2023-03-08 19:14:00+00:00,1.05507,1.05513,1.05506,1.05507,0
2023-03-08 19:15:00+00:00,1.05508,1.05513,1.05507,1.05513,0
2023-03-08 19:16:00+00:00,1.05512,1.05513,1.05508,1.05509,0
2023-03-08 19:17:00+00:00,1.0551,1.05513,1.0551,1.05512,0
2023-03-08 19:18:00+00:00,1.05513,1.05529,1.05513,1.05529,0
2023-03-08 19:19:00+00:00,1.05529,1.05532,1.05529,1.0553,0
2023-03-08 19:20:00+00:00,1.05529,1.05529,1.05522,1.05522,0
2023-03-08 19:21:00+00:00,1.05522,1.05527,1.05515,1.0552,0
2023-03-08 19:22:00+00:00,1.05521,1.05522,1.05516,1.05517,0
2023-03-08 19:23:00+00:00,1.05517,1.05522,1.05517,1.05522,0
2023-03-08 19:24:00+00:00,1.05523,1.05526,1.05522,1.05522,0
2023-03-08 19:25:00+00:00,1.05523,1.05528,1.05516,1.05522,0
2023-03-08 19:26:00+00:00,1.05523,1.05524,1.05517,1.05517,0
2023-03-08 19:27:00+00:00,1.05518,1.05521,1.05504,1.05505,0
2023-03-08 19:28:00+00:00,1.05505,1.05511,1.055,1.05509,0
2023-03-08 19:29:00+00:00,1.0551,1.05511,1.05505,1.05505,0
2023-03-08 19:30:00+00:00,1.05507,1.05507,1.05491,1.05493,0
2023-03-08 19:31:00+00:00,1.05491,1.05493,1.05456,1.05457,0
2023-03-08 19:32:00+00:00,1.05458,1.05477,1.05457,1.05466,0
2023-03-08 19:33:00+00:00,1.0547,1.05471,1.05458,1.05467,0
2023-03-08 19:34:00+00:00,1.05467,1.05475,1.05466,1.05466,0
2023-03-08 19:35:00+00:00,1.05468,1.05492,1.05468,1.05474,0
2023-03-08 19:36:00+00:00,1.05473,1.05473,1.05461,1.05468,0
2023-03-08 19:37:00+00:00,1.05468,1.05477,1.05461,1.05464,0
2023-03-08 19:38:00+00:00,1.05464,1.05466,1.05458,1.05463,0
2023-03-08 19:39:00+00:00,1.05462,1.05472,1.05461,1.05471,0
2023-03-08 19:40:00+00:00,1.05471,1.05473,1.05467,1.05472,0
2023-03-08 19:41:00+00:00,1.05471,1.05482,1.05471,1.05482,0
2023-03-08 19:42:00+00:00,1.05483,1.05484,1.05477,1.0548,0
2023-03-08 19:43:00+00:00,1.05479,1.05482,1.05476,1.05476,0
2023-03-08 19:44:00+00:00,1.05475,1.05477,1.05469,1.05472,0
2023-03-08 19:45:00+00:00,1.05473,1.0548,1.05472,1.05472,0
2023-03-08 19:46:00+00:00,1.05472,1.05472,1.05458,1.05467,0
2023-03-08 19:47:00+00:00,1.05467,1.05467,1.05459,1.05465,0
2023-03-08 19:48:00+00:00,1.05464,1.05465,1.05461,1.05463,0
2023-03-08 19:49:00+00:00,1.05464,1.05467,1.05462,1.05465,0
2023-03-08 19:50:00+00:00,1.05466,1.05468,1.05456,1.05457,0
2023-03-08 19:51:00+00:00,1.0546,1.0546,1.0545,1.0545,0
2023-03-08 19:52:00+00:00,1.05452,1.05455,1.05448,1.05451,0
2023-03-08 19:53:00+00:00,1.0545,1.05451,1.05444,1.05446,0
2023-03-08 19:54:00+00:00,1.05447,1.05449,1.05444,1.05445,0
2023-03-08 19:55:00+00:00,1.05445,1.05461,1.05442,1.05453,0
2023-03-08 19:56:00+00:00,1.05454,1.05463,1.05452,1.05462,0
2023-03-08 19:57:00+00:00,1.05465,1.05468,1.05465,1.05468,0
2023-03-08 19:58:00+00:00,1.05467,1.05469,1.05462,1.05464,0
2023-03-08 19:59:00+00:00,1.05464,1.05467,1.05463,1.05466,0
2023-03-08 20:00:00+00:00,1.05466,1.05478,1.05464,1.05476,0
2023-03-08 20:01:00+00:00,1.05475,1.05485,1.05473,1.05477,0
2023-03-08 20:02:00+00:00,1.05477,1.05487,1.05477,1.05483,0
2023-03-08 20:03:00+00:00,1.05482,1.05483,1.05476,1.05476,0
2023-03-08 20:04:00+00:00,1.05477,1.05479,1.0547,1.05471,0
2023-03-08 20:05:00+00:00,1.05471,1.05471,1.05453,1.05453,0
2023-03-08 20:06:00+00:00,1.05453,1.05453,1.05438,1.05438,0
2023-03-08 20:07:00+00:00,1.05438,1.0544,1.05433,1.05437,0
2023-03-08 20:08:00+00:00,1.05438,1.05448,1.05437,1.05437,0
2023-03-08 20:09:00+00:00,1.05439,1.05446,1.05435,1.05446,0
2023-03-08 20:10:00+00:00,1.05447,1.05452,1.05445,1.05447,0
2023-03-08 20:11:00+00:00,1.05447,1.05459,1.05447,1.05453,0
2023-03-08 20:12:00+00:00,1.05453,1.05454,1.05453,1.05453,0
2023-03-08 20:13:00+00:00,1.05454,1.05456,1.05445,1.05447,0
2023-03-08 20:14:00+00:00,1.05447,1.05454,1.05443,1.05447,0
2023-03-08 20:15:00+00:00,1.05446,1.05447,1.05439,1.05442,0
2023-03-08 20:16:00+00:00,1.05443,1.05444,1.0544,1.0544,0
2023-03-08 20:17:00+00:00,1.05439,1.05439,1.0543,1.05434,0
2023-03-08 20:18:00+00:00,1.05436,1.05439,1.05434,1.05437,0
2023-03-08 20:19:00+00:00,1.05436,1.05439,1.05435,1.05439,0
2023-03-08 20:20:00+00:00,1.05438,1.05438,1.0543,1.05432,0
2023-03-08 20:21:00+00:00,1.05432,1.05441,1.0543,1.05439,0
2023-03-08 20:22:00+00:00,1.0544,1.05441,1.05431,1.05437,0
2023-03-08 20:23:00+00:00,1.05439,1.05447,1.05439,1.05442,0
2023-03-08 20:24:00+00:00,1.05442,1.05453,1.05441,1.05452,0
2023-03-08 20:25:00+00:00,1.05451,1.05454,1.05446,1.05447,0
2023-03-08 20:26:00+00:00,1.05446,1.05447,1.05446,1.05447,0
2023-03-08 20:27:00+00:00,1.05446,1.05447,1.05439,1.05447,0
2023-03-08 20:28:00+00:00,1.0545,1.05453,1.0545,1.05452,0
2023-03-08 20:29:00+00:00,1.05453,1.05459,1.05452,1.05458,0
2023-03-08 20:30:00+00:00,1.05459,1.05461,1.05436,1.05438,0
2023-03-08 20:31:00+00:00,1.05439,1.05442,1.05434,1.05437,0
2023-03-08 20:32:00+00:00,1.05436,1.05437,1.05421,1.05422,0
2023-03-08 20:33:00+00:00,1.05421,1.05423,1.05406,1.05412,0
2023-03-08 20:34:00+00:00,1.05415,1.05421,1.05413,1.05421,0
2023-03-08 20:35:00+00:00,1.05421,1.05436,1.05421,1.05436,0
2023-03-08 20:36:00+00:00,1.05435,1.05441,1.05431,1.05432,0
2023-03-08 20:37:00+00:00,1.05429,1.0543,1.05415,1.05425,0
2023-03-08 20:38:00+00:00,1.05425,1.05425,1.05418,1.05418,0
2023-03-08 20:39:00+00:00,1.0542,1.05435,1.0542,1.05435,0
2023-03-08 20:40:00+00:00,1.05434,1.05437,1.05428,1.0543,0
2023-03-08 20:41:00+00:00,1.05429,1.05429,1.05421,1.05422,0
2023-03-08 20:42:00+00:00,1.05422,1.05426,1.05421,1.05425,0
2023-03-08 20:43:00+00:00,1.05424,1.05432,1.05422,1.05425,0
2023-03-08 20:44:00+00:00,1.05424,1.05427,1.05421,1.05421,0
2023-03-08 20:45:00+00:00,1.05421,1.05421,1.05396,1.05396,0
2023-03-08 20:46:00+00:00,1.05399,1.05405,1.05393,1.05405,0
2023-03-08 20:47:00+00:00,1.05404,1.05406,1.05391,1.05395,0
2023-03-08 20:48:00+00:00,1.05393,1.054,1.05381,1.05386,0
2023-03-08 20:49:00+00:00,1.05386,1.0539,1.05378,1.05379,0
2023-03-08 20:50:00+00:00,1.0538,1.05392,1.0538,1.05387,0
2023-03-08 20:51:00+00:00,1.05386,1.05402,1.05383,1.05401,0
2023-03-08 20:52:00+00:00,1.05402,1.05407,1.05402,1.05403,0
2023-03-08 20:53:00+00:00,1.05404,1.05411,1.05403,1.05407,0
2023-03-08 20:54:00+00:00,1.05406,1.05409,1.054,1.05402,0
2023-03-08 20:55:00+00:00,1.05402,1.05417,1.05402,1.05416,0
2023-03-08 20:56:00+00:00,1.05417,1.05421,1.05413,1.05417,0
2023-03-08 20:57:00+00:00,1.05416,1.05416,1.05399,1.05401,0
2023-03-08 20:58:00+00:00,1.05402,1.05412,1.05398,1.05412,0
2023-03-08 20:59:00+00:00,1.05411,1.05413,1.05402,1.05403,0
2023-03-08 21:00:00+00:00,1.05404,1.05405,1.05392,1.05398,0
2023-03-08 21:01:00+00:00,1.05398,1.0541,1.05396,1.05402,0
2023-03-08 21:02:00+00:00,1.05402,1.05406,1.05402,1.05406,0
2023-03-08 21:03:00+00:00,1.05406,1.05413,1.05402,1.05402,0
2023-03-08 21:04:00+00:00,1.05403,1.05403,1.05393,1.05401,0
2023-03-08 21:05:00+00:00,1.054,1.05405,1.05391,1.05405,0
2023-03-08 21:06:00+00:00,1.05405,1.05411,1.05405,1.05408,0
2023-03-08 21:07:00+00:00,1.05408,1.05417,1.05402,1.05417,0
2023-03-08 21:08:00+00:00,1.05417,1.05427,1.05417,1.05425,0
2023-03-08 21:09:00+00:00,1.05426,1.05427,1.05424,1.05426,0
2023-03-08 21:10:00+00:00,1.05427,1.05427,1.05417,1.05425,0
2023-03-08 21:11:00+00:00,1.05425,1.05434,1.05424,1.05431,0
2023-03-08 21:12:00+00:00,1.05431,1.05432,1.05419,1.0542,0
2023-03-08 21:13:00+00:00,1.05421,1.05424,1.05421,1.05422,0
2023-03-08 21:14:00+00:00,1.05423,1.05424,1.0542,1.0542,0
2023-03-08 21:15:00+00:00,1.0542,1.0542,1.05404,1.05407,0
2023-03-08 21:16:00+00:00,1.05407,1.05413,1.05405,1.0541,0
2023-03-08 21:17:00+00:00,1.05411,1.05413,1.05409,1.05411,0
2023-03-08 21:18:00+00:00,1.0541,1.05418,1.05407,1.05416,0
2023-03-08 21:19:00+00:00,1.05415,1.05426,1.05413,1.05426,0
2023-03-08 21:20:00+00:00,1.05424,1.05428,1.05424,1.05428,0
2023-03-08 21:21:00+00:00,1.05426,1.05426,1.05422,1.05422,0
2023-03-08 21:22:00+00:00,1.05422,1.05423,1.05422,1.05422,0
2023-03-08 21:23:00+00:00,1.05422,1.05425,1.05414,1.05414,0
2023-03-08 21:24:00+00:00,1.05414,1.0542,1.05414,1.05417,0
2023-03-08 21:25:00+00:00,1.05418,1.05427,1.05417,1.05427,0
2023-03-08 21:26:00+00:00,1.05428,1.05433,1.05426,1.05426,0
2023-03-08 21:27:00+00:00,1.05427,1.05427,1.05416,1.05418,0
2023-03-08 21:28:00+00:00,1.05419,1.05427,1.05417,1.05426,0
2023-03-08 21:29:00+00:00,1.05427,1.05432,1.05424,1.05432,0
2023-03-08 21:30:00+00:00,1.05431,1.05441,1.05431,1.05441,0
2023-03-08 21:31:00+00:00,1.05442,1.05444,1.05438,1.05443,0
2023-03-08 21:32:00+00:00,1.05444,1.05447,1.05441,1.05442,0
2023-03-08 21:33:00+00:00,1.05441,1.05447,1.0544,1.0544,0
2023-03-08 21:34:00+00:00,1.05441,1.05444,1.05438,1.05444,0
2023-03-08 21:35:00+00:00,1.05443,1.05446,1.05438,1.05442,0
2023-03-08 21:36:00+00:00,1.05443,1.05447,1.05443,1.05444,0
2023-03-08 21:37:00+00:00,1.05444,1.05445,1.05439,1.0544,0
2023-03-08 21:38:00+00:00,1.05439,1.05444,1.05439,1.05443,0
2023-03-08 21:39:00+00:00,1.05443,1.05445,1.05443,1.05443,0
2023-03-08 21:40:00+00:00,1.05444,1.05447,1.05444,1.05446,0
2023-03-08 21:41:00+00:00,1.05446,1.05446,1.05434,1.05437,0
2023-03-08 21:42:00+00:00,1.05437,1.05439,1.05436,1.05438,0
2023-03-08 21:43:00+00:00,1.05437,1.05438,1.05433,1.05434,0
2023-03-08 21:44:00+00:00,1.05434,1.05435,1.05426,1.05427,0
2023-03-08 21:45:00+00:00,1.0543,1.05437,1.0543,1.05434,0
2023-03-08 21:46:00+00:00,1.05434,1.05453,1.05434,1.05447,0
2023-03-08 21:47:00+00:00,1.05446,1.05447,1.05436,1.05446,0
2023-03-08 21:48:00+00:00,1.05447,1.05454,1.05447,1.05453,0
2023-03-08 21:49:00+00:00,1.05452,1.05453,1.0545,1.05453,0
2023-03-08 21:50:00+00:00,1.05452,1.05453,1.05451,1.05452,0
2023-03-08 21:51:00+00:00,1.05452,1.05461,1.05452,1.05457,0
2023-03-08 21:52:00+00:00,1.05458,1.05462,1.05457,1.05461,0
2023-03-08 21:53:00+00:00,1.05463,1.05473,1.05463,1.05471,0
2023-03-08 21:54:00+00:00,1.05472,1.05484,1.05472,1.05483,0
2023-03-08 21:55:00+00:00,1.05483,1.05483,1.05474,1.05478,0
2023-03-08 21:56:00+00:00,1.05477,1.05477,1.05464,1.05468,0
2023-03-08 21:57:00+00:00,1.05467,1.05468,1.05459,1.05459,0
2023-03-08 21:58:00+00:00,1.05461,1.05461,1.05458,1.05458,0
2023-03-08 21:59:00+00:00,1.05458,1.05459,1.05447,1.05452,0
2023-03-08 22:00:00+00:00,1.05453,1.05454,1.05436,1.05437,0
2023-03-08 22:01:00+00:00,1.05436,1.05443,1.05436,1.05438,0
2023-03-08 22:02:00+00:00,1.05438,1.05448,1.05438,1.05444,0
2023-03-08 22:03:00+00:00,1.05443,1.05447,1.05442,1.05447,0
2023-03-08 22:04:00+00:00,1.05447,1.05453,1.05444,1.05444,0
2023-03-08 22:05:00+00:00,1.05444,1.05452,1.05442,1.05451,0
2023-03-08 22:06:00+00:00,1.05451,1.05453,1.05449,1.05451,0
2023-03-08 22:07:00+00:00,1.05452,1.05454,1.05449,1.05451,0
2023-03-08 22:08:00+00:00,1.05453,1.05457,1.05452,1.05456,0
2023-03-08 22:09:00+00:00,1.05456,1.05458,1.05454,1.05457,0
2023-03-08 22:10:00+00:00,1.05457,1.05458,1.05455,1.05455,0
2023-03-08 22:11:00+00:00,1.05456,1.05456,1.05444,1.05444,0
2023-03-08 22:12:00+00:00,1.05443,1.05444,1.05439,1.05439,0
2023-03-08 22:13:00+00:00,1.0544,1.05442,1.05432,1.05435,0
2023-03-08 22:14:00+00:00,1.05434,1.05435,1.05434,1.05434,0
2023-03-08 22:15:00+00:00,1.05436,1.05447,1.05434,1.05444,0
2023-03-08 22:16:00+00:00,1.05444,1.05446,1.05441,1.05445,0
2023-03-08 22:17:00+00:00,1.05445,1.05447,1.05442,1.05444,0
2023-03-08 22:18:00+00:00,1.05445,1.05447,1.05442,1.05447,0
2023-03-08 22:19:00+00:00,1.05448,1.05449,1.05445,1.05448,0
2023-03-08 22:20:00+00:00,1.05449,1.05454,1.05448,1.05452,0
2023-03-08 22:21:00+00:00,1.0545,1.05456,1.0545,1.05456,0
2023-03-08 22:22:00+00:00,1.05455,1.05463,1.05453,1.05462,0
2023-03-08 22:23:00+00:00,1.05462,1.05472,1.05461,1.05467,0
2023-03-08 22:24:00+00:00,1.05467,1.05473,1.05467,1.0547,0
2023-03-08 22:25:00+00:00,1.05471,1.05477,1.0547,1.05477,0
2023-03-08 22:26:00+00:00,1.05478,1.05478,1.0547,1.05474,0
2023-03-08 22:27:00+00:00,1.05474,1.05476,1.0547,1.05473,0
2023-03-08 22:28:00+00:00,1.05473,1.05475,1.05473,1.05474,0
2023-03-08 22:29:00+00:00,1.05473,1.05473,1.05473,1.05473,0
2023-03-08 22:30:00+00:00,1.05473,1.05477,1.05473,1.05473,0
2023-03-08 22:31:00+00:00,1.05475,1.05478,1.05475,1.05476,0
2023-03-08 22:32:00+00:00,1.05477,1.05486,1.05475,1.05485,0
2023-03-08 22:33:00+00:00,1.05484,1.05486,1.05484,1.05484,0
2023-03-08 22:34:00+00:00,1.05485,1.05485,1.05481,1.05481,0
2023-03-08 22:35:00+00:00,1.05482,1.05486,1.05481,1.05486,0
2023-03-08 22:36:00+00:00,1.05488,1.05488,1.05486,1.05488,0
2023-03-08 22:37:00+00:00,1.05488,1.05499,1.05488,1.05497,0
2023-03-08 22:38:00+00:00,1.05498,1.05499,1.05495,1.05498,0
2023-03-08 22:39:00+00:00,1.05498,1.055,1.05495,1.05497,0
2023-03-08 22:40:00+00:00,1.05497,1.05498,1.05496,1.05497,0
2023-03-08 22:41:00+00:00,1.05497,1.05503,1.05497,1.05503,0
2023-03-08 22:42:00+00:00,1.05503,1.05503,1.05497,1.05501,0
2023-03-08 22:43:00+00:00,1.05501,1.05506,1.05496,1.05505,0
2023-03-08 22:44:00+00:00,1.05508,1.05508,1.05498,1.05501,0
2023-03-08 22:45:00+00:00,1.05501,1.05502,1.05496,1.055,0
2023-03-08 22:46:00+00:00,1.055,1.05502,1.05496,1.05501,0
2023-03-08 22:47:00+00:00,1.055,1.055,1.05492,1.05493,0
2023-03-08 22:48:00+00:00,1.05495,1.05498,1.05495,1.05498,0
2023-03-08 22:49:00+00:00,1.05497,1.05504,1.05497,1.05502,0
2023-03-08 22:50:00+00:00,1.05503,1.05508,1.05502,1.05504,0
2023-03-08 22:51:00+00:00,1.05505,1.05505,1.05497,1.05497,0
2023-03-08 22:52:00+00:00,1.05496,1.05497,1.05494,1.05497,0
2023-03-08 22:53:00+00:00,1.05498,1.05499,1.05493,1.05498,0
2023-03-08 22:54:00+00:00,1.05498,1.055,1.05493,1.05493,0
2023-03-08 22:55:00+00:00,1.05492,1.05493,1.05489,1.0549,0
2023-03-08 22:56:00+00:00,1.0549,1.05499,1.05486,1.05493,0
2023-03-08 22:57:00+00:00,1.05494,1.05496,1.05492,1.05493,0
2023-03-08 22:58:00+00:00,1.05492,1.05492,1.05486,1.05488,0
2023-03-08 22:59:00+00:00,1.05488,1.05495,1.05487,1.05491,0
2023-03-08 23:00:00+00:00,1.05492,1.05492,1.05475,1.05476,0
2023-03-08 23:01:00+00:00,1.05476,1.05478,1.05466,1.05467,0
2023-03-08 23:02:00+00:00,1.05468,1.0547,1.05466,1.05467,0
2023-03-08 23:03:00+00:00,1.0547,1.05472,1.0547,1.05472,0
2023-03-08 23:04:00+00:00,1.05472,1.05473,1.05471,1.05472,0
2023-03-08 23:05:00+00:00,1.05471,1.05476,1.05463,1.05463,0
2023-03-08 23:06:00+00:00,1.05462,1.05473,1.05461,1.05472,0
2023-03-08 23:07:00+00:00,1.05472,1.05472,1.05461,1.05461,0
2023-03-08 23:08:00+00:00,1.05461,1.05463,1.05457,1.05457,0
2023-03-08 23:09:00+00:00,1.05458,1.05462,1.05457,1.05462,0
2023-03-08 23:10:00+00:00,1.05464,1.05468,1.05464,1.05464,0
2023-03-08 23:11:00+00:00,1.05465,1.05473,1.05465,1.0547,0
2023-03-08 23:12:00+00:00,1.05472,1.05473,1.05472,1.05472,0
2023-03-08 23:13:00+00:00,1.05472,1.05474,1.0547,1.05473,0
2023-03-08 23:14:00+00:00,1.05473,1.05475,1.05471,1.05471,0
2023-03-08 23:15:00+00:00,1.05472,1.05473,1.0547,1.0547,0
2023-03-08 23:16:00+00:00,1.0547,1.05473,1.05466,1.0547,0
2023-03-08 23:17:00+00:00,1.0547,1.05473,1.05464,1.05466,0
2023-03-08 23:18:00+00:00,1.05467,1.05472,1.05466,1.05471,0
2023-03-08 23:19:00+00:00,1.05473,1.05478,1.05473,1.05475,0
2023-03-08 23:20:00+00:00,1.05475,1.05478,1.05475,1.05477,0
2023-03-08 23:21:00+00:00,1.05477,1.05479,1.05475,1.05477,0
2023-03-08 23:22:00+00:00,1.05478,1.05478,1.05474,1.05477,0
2023-03-08 23:23:00+00:00,1.05478,1.05479,1.05477,1.05478,0
2023-03-08 23:24:00+00:00,1.05478,1.05479,1.05478,1.05478,0
2023-03-08 23:25:00+00:00,1.0548,1.05492,1.05479,1.0549,0
2023-03-08 23:26:00+00:00,1.0549,1.05493,1.05489,1.05493,0
2023-03-08 23:27:00+00:00,1.05492,1.05492,1.05492,1.05492,0
2023-03-08 23:28:00+00:00,1.05492,1.05503,1.05492,1.05492,0
2023-03-08 23:29:00+00:00,1.05493,1.05493,1.05491,1.05492,0
2023-03-08 23:30:00+00:00,1.05492,1.05497,1.05491,1.05494,0
2023-03-08 23:31:00+00:00,1.05494,1.05497,1.05491,1.05493,0
2023-03-08 23:32:00+00:00,1.05493,1.05493,1.05487,1.05487,0
2023-03-08 23:33:00+00:00,1.05488,1.0549,1.05487,1.05487,0
2023-03-08 23:34:00+00:00,1.05489,1.0549,1.05488,1.05489,0
2023-03-08 23:35:00+00:00,1.05487,1.0549,1.05487,1.05489,0
2023-03-08 23:36:00+00:00,1.05489,1.0549,1.05484,1.05486,0
2023-03-08 23:37:00+00:00,1.05488,1.05489,1.05488,1.05488,0
2023-03-08 23:38:00+00:00,1.05488,1.05488,1.05488,1.05488,0
2023-03-08 23:39:00+00:00,1.05488,1.05488,1.05486,1.05488,0
2023-03-08 23:40:00+00:00,1.05489,1.05491,1.05485,1.05485,0
2023-03-08 23:41:00+00:00,1.05485,1.05485,1.05477,1.05477,0
2023-03-08 23:42:00+00:00,1.05478,1.05478,1.05477,1.05477,0
2023-03-08 23:43:00+00:00,1.05478,1.05478,1.05478,1.05478,0
2023-03-08 23:44:00+00:00,1.05478,1.05481,1.05478,1.0548,0
2023-03-08 23:45:00+00:00,1.05479,1.0548,1.05478,1.0548,0
2023-03-08 23:46:00+00:00,1.05478,1.05481,1.05478,1.05478,0
2023-03-08 23:47:00+00:00,1.05479,1.05483,1.05478,1.05483,0
2023-03-08 23:48:00+00:00,1.05482,1.05485,1.05478,1.05485,0
2023-03-08 23:49:00+00:00,1.05484,1.05495,1.05484,1.05495,0
2023-03-08 23:50:00+00:00,1.05495,1.05499,1.05491,1.05499,0
2023-03-08 23:51:00+00:00,1.05499,1.05511,1.05497,1.0551,0
2023-03-08 23:52:00+00:00,1.05511,1.05514,1.05508,1.05508,0
2023-03-08 23:53:00+00:00,1.05509,1.0551,1.05506,1.05509,0
2023-03-08 23:54:00+00:00,1.0551,1.05512,1.05508,1.05511,0
2023-03-08 23:55:00+00:00,1.0551,1.05516,1.05509,1.05514,0
2023-03-08 23:56:00+00:00,1.05515,1.05523,1.05515,1.05523,0
2023-03-08 23:57:00+00:00,1.05526,1.05532,1.05517,1.05531,0
2023-03-08 23:58:00+00:00,1.05531,1.05531,1.05519,1.05526,0
2023-03-08 23:59:00+00:00,1.05525,1.05526,1.05515,1.05517,0
2023-03-09 00:00:00+00:00,1.05516,1.05516,1.05496,1.05501,0
2023-03-09 00:01:00+00:00,1.05501,1.05505,1.05497,1.05498,0
2023-03-09 00:02:00+00:00,1.05499,1.05504,1.05499,1.05502,0
2023-03-09 00:03:00+00:00,1.05502,1.05504,1.05499,1.05502,0
2023-03-09 00:04:00+00:00,1.05503,1.05508,1.05502,1.05504,0
2023-03-09 00:05:00+00:00,1.05504,1.05514,1.05504,1.05507,0
2023-03-09 00:06:00+00:00,1.05507,1.05521,1.05507,1.0552,0
2023-03-09 00:07:00+00:00,1.05521,1.05527,1.05514,1.0552,0
2023-03-09 00:08:00+00:00,1.0552,1.05523,1.0552,1.05521,0
2023-03-09 00:09:00+00:00,1.05519,1.05523,1.05519,1.05522,0
2023-03-09 00:10:00+00:00,1.05523,1.05525,1.05522,1.05523,0
2023-03-09 00:11:00+00:00,1.05522,1.05523,1.0552,1.05522,0
2023-03-09 00:12:00+00:00,1.05522,1.05529,1.05522,1.05529,0
2023-03-09 00:13:00+00:00,1.05529,1.05529,1.05527,1.05527,0
2023-03-09 00:14:00+00:00,1.05528,1.05553,1.05528,1.0555,0
2023-03-09 00:15:00+00:00,1.0555,1.05552,1.05541,1.05549,0
2023-03-09 00:16:00+00:00,1.05547,1.05547,1.05542,1.05542,0
2023-03-09 00:17:00+00:00,1.05542,1.05542,1.05541,1.05542,0
2023-03-09 00:18:00+00:00,1.05542,1.05547,1.05539,1.0554,0
2023-03-09 00:19:00+00:00,1.05539,1.05539,1.05522,1.05522,0
2023-03-09 00:20:00+00:00,1.05522,1.05527,1.05521,1.05523,0
2023-03-09 00:21:00+00:00,1.05523,1.05527,1.05522,1.05524,0
2023-03-09 00:22:00+00:00,1.05523,1.05528,1.05522,1.05527,0
2023-03-09 00:23:00+00:00,1.05528,1.05529,1.05521,1.05522,0
2023-03-09 00:24:00+00:00,1.05521,1.05522,1.0552,1.05522,0
2023-03-09 00:25:00+00:00,1.05523,1.05528,1.05522,1.05528,0
2023-03-09 00:26:00+00:00,1.05527,1.05529,1.05527,1.05527,0
2023-03-09 00:27:00+00:00,1.05527,1.05531,1.05527,1.05528,0
2023-03-09 00:28:00+00:00,1.05528,1.05528,1.05523,1.05527,0
2023-03-09 00:29:00+00:00,1.05529,1.05531,1.05528,1.0553,0
2023-03-09 00:30:00+00:00,1.0553,1.05544,1.05528,1.05541,0
2023-03-09 00:31:00+00:00,1.0554,1.05547,1.0554,1.05544,0
2023-03-09 00:32:00+00:00,1.05542,1.05543,1.05536,1.05541,0
2023-03-09 00:33:00+00:00,1.05541,1.05541,1.05536,1.05536,0
2023-03-09 00:34:00+00:00,1.05535,1.05538,1.05533,1.05535,0
2023-03-09 00:35:00+00:00,1.05536,1.05538,1.05535,1.05538,0
2023-03-09 00:36:00+00:00,1.05538,1.05552,1.05538,1.05548,0
2023-03-09 00:37:00+00:00,1.05548,1.05548,1.05546,1.05547,0
2023-03-09 00:38:00+00:00,1.05548,1.05552,1.05546,1.05552,0
2023-03-09 00:39:00+00:00,1.05551,1.05551,1.05545,1.05547,0
2023-03-09 00:40:00+00:00,1.05549,1.05549,1.05536,1.05539,0
2023-03-09 00:41:00+00:00,1.0554,1.05543,1.05537,1.05541,0
2023-03-09 00:42:00+00:00,1.05542,1.05542,1.05533,1.05533,0
2023-03-09 00:43:00+00:00,1.05535,1.05538,1.05527,1.05534,0
2023-03-09 00:44:00+00:00,1.05533,1.05533,1.0552,1.05522,0
2023-03-09 00:45:00+00:00,1.05522,1.05529,1.05521,1.05528,0
2023-03-09 00:46:00+00:00,1.0553,1.05533,1.05525,1.05525,0
2023-03-09 00:47:00+00:00,1.05523,1.05524,1.0552,1.05522,0
2023-03-09 00:48:00+00:00,1.05522,1.05522,1.05519,1.0552,0
2023-03-09 00:49:00+00:00,1.05519,1.0552,1.05511,1.05513,0
2023-03-09 00:50:00+00:00,1.0551,1.05514,1.05507,1.05514,0
2023-03-09 00:51:00+00:00,1.05515,1.05526,1.05515,1.05524,0
2023-03-09 00:52:00+00:00,1.05523,1.05527,1.05523,1.05525,0
2023-03-09 00:53:00+00:00,1.05524,1.05526,1.05523,1.05526,0
2023-03-09 00:54:00+00:00,1.05526,1.05527,1.05523,1.05523,0
2023-03-09 00:55:00+00:00,1.05524,1.05527,1.05524,1.05527,0
2023-03-09 00:56:00+00:00,1.05528,1.05529,1.05527,1.05529,0
2023-03-09 00:57:00+00:00,1.05529,1.05539,1.05529,1.05539,0
2023-03-09 00:58:00+00:00,1.05536,1.05536,1.05527,1.05528,0
2023-03-09 00:59:00+00:00,1.05528,1.05528,1.05521,1.05521,0
2023-03-09 01:00:00+00:00,1.05523,1.05526,1.05509,1.05526,0
2023-03-09 01:01:00+00:00,1.05525,1.05528,1.0552,1.05523,0
2023-03-09 01:02:00+00:00,1.05521,1.05525,1.05517,1.05522,0
2023-03-09 01:03:00+00:00,1.05521,1.05522,1.05511,1.05519,0
2023-03-09 01:04:00+00:00,1.05519,1.05527,1.05519,1.05525,0
2023-03-09 01:05:00+00:00,1.05524,1.05527,1.05521,1.05525,0
2023-03-09 01:06:00+00:00,1.05526,1.05529,1.05524,1.05525,0
2023-03-09 01:07:00+00:00,1.05527,1.05528,1.05524,1.05526,0
2023-03-09 01:08:00+00:00,1.05527,1.05533,1.05526,1.05529,0
2023-03-09 01:09:00+00:00,1.05529,1.05534,1.05529,1.05533,0
2023-03-09 01:10:00+00:00,1.05534,1.05541,1.05529,1.05529,0
2023-03-09 01:11:00+00:00,1.05529,1.05529,1.05525,1.05525,0
2023-03-09 01:12:00+00:00,1.05526,1.05526,1.05509,1.05517,0
2023-03-09 01:13:00+00:00,1.05517,1.05518,1.05507,1.05518,0
2023-03-09 01:14:00+00:00,1.05516,1.05525,1.05516,1.05523,0
2023-03-09 01:15:00+00:00,1.05524,1.05531,1.05511,1.05511,0
2023-03-09 01:16:00+00:00,1.05512,1.05513,1.05502,1.05504,0
2023-03-09 01:17:00+00:00,1.05502,1.0551,1.055,1.0551,0
2023-03-09 01:18:00+00:00,1.05509,1.05509,1.05502,1.05506,0
2023-03-09 01:19:00+00:00,1.05504,1.05508,1.05502,1.05508,0
2023-03-09 01:20:00+00:00,1.05508,1.0551,1.05491,1.05493,0
2023-03-09 01:21:00+00:00,1.05493,1.05498,1.0549,1.05497,0
2023-03-09 01:22:00+00:00,1.05498,1.05498,1.05491,1.05491,0
2023-03-09 01:23:00+00:00,1.0549,1.05493,1.05488,1.05491,0
2023-03-09 01:24:00+00:00,1.05493,1.05493,1.05486,1.05486,0
2023-03-09 01:25:00+00:00,1.05486,1.05486,1.05481,1.05485,0
2023-03-09 01:26:00+00:00,1.05485,1.0549,1.05485,1.05487,0
2023-03-09 01:27:00+00:00,1.05488,1.05498,1.05488,1.05492,0
2023-03-09 01:28:00+00:00,1.05493,1.05497,1.05491,1.05493,0
2023-03-09 01:29:00+00:00,1.05495,1.055,1.05493,1.05493,0
2023-03-09 01:30:00+00:00,1.05492,1.05493,1.05483,1.05484,0
2023-03-09 01:31:00+00:00,1.05484,1.05493,1.05482,1.05488,0
2023-03-09 01:32:00+00:00,1.05488,1.05494,1.05483,1.0549,0
2023-03-09 01:33:00+00:00,1.0549,1.05496,1.05489,1.05496,0
2023-03-09 01:34:00+00:00,1.05496,1.05497,1.05488,1.05497,0
2023-03-09 01:35:00+00:00,1.05498,1.055,1.05488,1.055,0
2023-03-09 01:36:00+00:00,1.055,1.05501,1.05492,1.05492,0
2023-03-09 01:37:00+00:00,1.05492,1.05493,1.05482,1.05482,0
2023-03-09 01:38:00+00:00,1.05483,1.05498,1.05483,1.05496,0
2023-03-09 01:39:00+00:00,1.05496,1.05511,1.05492,1.05509,0
2023-03-09 01:40:00+00:00,1.05509,1.05512,1.055,1.05505,0
2023-03-09 01:41:00+00:00,1.05505,1.05507,1.05501,1.05502,0
2023-03-09 01:42:00+00:00,1.05504,1.05511,1.05504,1.05508,0
2023-03-09 01:43:00+00:00,1.05508,1.05512,1.05503,1.05505,0
2023-03-09 01:44:00+00:00,1.05505,1.05505,1.05493,1.05494,0
2023-03-09 01:45:00+00:00,1.05495,1.05506,1.05494,1.05501,0
2023-03-09 01:46:00+00:00,1.05502,1.05507,1.055,1.05501,0
2023-03-09 01:47:00+00:00,1.05502,1.0551,1.05501,1.05502,0
2023-03-09 01:48:00+00:00,1.05503,1.05514,1.055,1.05513,0
2023-03-09 01:49:00+00:00,1.05513,1.05528,1.05513,1.05523,0
2023-03-09 01:50:00+00:00,1.05524,1.05528,1.05521,1.05526,0
2023-03-09 01:51:00+00:00,1.05525,1.05525,1.05518,1.05521,0
2023-03-09 01:52:00+00:00,1.05521,1.05522,1.05516,1.05516,0
2023-03-09 01:53:00+00:00,1.05517,1.0553,1.05516,1.05526,0
2023-03-09 01:54:00+00:00,1.05527,1.05527,1.0552,1.05527,0
2023-03-09 01:55:00+00:00,1.05526,1.05543,1.05526,1.0554,0
2023-03-09 01:56:00+00:00,1.05539,1.05546,1.05536,1.05536,0
2023-03-09 01:57:00+00:00,1.05536,1.0554,1.05536,1.05538,0
2023-03-09 01:58:00+00:00,1.05537,1.05537,1.05524,1.05529,0
2023-03-09 01:59:00+00:00,1.0553,1.05533,1.05513,1.05513,0
2023-03-09 02:00:00+00:00,1.05511,1.05514,1.05491,1.05514,0
2023-03-09 02:01:00+00:00,1.05513,1.05544,1.05512,1.05544,0
2023-03-09 02:02:00+00:00,1.05542,1.05549,1.05502,1.05503,0
2023-03-09 02:03:00+00:00,1.05503,1.05524,1.05503,1.05522,0
2023-03-09 02:04:00+00:00,1.05522,1.05542,1.05518,1.05539,0
2023-03-09 02:05:00+00:00,1.05541,1.05547,1.05528,1.05538,0
2023-03-09 02:06:00+00:00,1.05538,1.05549,1.05535,1.05547,0
2023-03-09 02:07:00+00:00,1.05547,1.05551,1.05542,1.05549,0
2023-03-09 02:08:00+00:00,1.0555,1.05554,1.05547,1.05553,0
2023-03-09 02:09:00+00:00,1.05553,1.05554,1.05535,1.05537,0
2023-03-09 02:10:00+00:00,1.05537,1.05538,1.05526,1.05538,0
2023-03-09 02:11:00+00:00,1.05537,1.05553,1.05534,1.05543,0
2023-03-09 02:12:00+00:00,1.05542,1.05548,1.05526,1.05527,0
2023-03-09 02:13:00+00:00,1.05526,1.05527,1.05517,1.05522,0
2023-03-09 02:14:00+00:00,1.05523,1.05538,1.0552,1.05537,0
2023-03-09 02:15:00+00:00,1.05536,1.05542,1.05532,1.05535,0
2023-03-09 02:16:00+00:00,1.05535,1.05539,1.05529,1.0553,0
2023-03-09 02:17:00+00:00,1.05532,1.05534,1.05524,1.05525,0
2023-03-09 02:18:00+00:00,1.05526,1.05527,1.05522,1.05523,0
2023-03-09 02:19:00+00:00,1.05523,1.05525,1.05517,1.05518,0
2023-03-09 02:20:00+00:00,1.05517,1.0553,1.05517,1.05528,0
2023-03-09 02:21:00+00:00,1.05528,1.05548,1.05528,1.05544,0
2023-03-09 02:22:00+00:00,1.05546,1.05556,1.05546,1.05556,0
2023-03-09 02:23:00+00:00,1.05556,1.05563,1.0555,1.05562,0
2023-03-09 02:24:00+00:00,1.05562,1.0557,1.05557,1.05557,0
2023-03-09 02:25:00+00:00,1.05557,1.05579,1.05551,1.05576,0
2023-03-09 02:26:00+00:00,1.05575,1.05596,1.05575,1.05591,0
2023-03-09 02:27:00+00:00,1.05592,1.05594,1.05577,1.05577,0
2023-03-09 02:28:00+00:00,1.05578,1.05581,1.05567,1.0557,0
2023-03-09 02:29:00+00:00,1.05569,1.05569,1.05561,1.05561,0
2023-03-09 02:30:00+00:00,1.05562,1.05578,1.05557,1.0557,0
2023-03-09 02:31:00+00:00,1.0557,1.05571,1.05559,1.05563,0
2023-03-09 02:32:00+00:00,1.05563,1.05571,1.05561,1.05564,0
2023-03-09 02:33:00+00:00,1.05563,1.05574,1.05561,1.05573,0
2023-03-09 02:34:00+00:00,1.05572,1.05584,1.05571,1.05582,0
2023-03-09 02:35:00+00:00,1.05581,1.05588,1.05569,1.05584,0
2023-03-09 02:36:00+00:00,1.05585,1.05585,1.05569,1.05572,0
2023-03-09 02:37:00+00:00,1.05572,1.05587,1.05568,1.05586,0
2023-03-09 02:38:00+00:00,1.05587,1.05588,1.05572,1.05573,0
2023-03-09 02:39:00+00:00,1.05573,1.05578,1.05573,1.05577,0
2023-03-09 02:40:00+00:00,1.05577,1.05587,1.05576,1.05584,0
2023-03-09 02:41:00+00:00,1.05586,1.05589,1.05584,1.05584,0
2023-03-09 02:42:00+00:00,1.05583,1.05589,1.05574,1.05583,0
2023-03-09 02:43:00+00:00,1.05583,1.05586,1.05568,1.05578,0
2023-03-09 02:44:00+00:00,1.05578,1.05578,1.05553,1.05555,0
2023-03-09 02:45:00+00:00,1.05553,1.05553,1.05542,1.05542,0
2023-03-09 02:46:00+00:00,1.05542,1.05548,1.05532,1.05543,0
2023-03-09 02:47:00+00:00,1.05542,1.05546,1.05535,1.05542,0
2023-03-09 02:48:00+00:00,1.05543,1.0555,1.05542,1.05547,0
2023-03-09 02:49:00+00:00,1.05547,1.05549,1.05543,1.05549,0
2023-03-09 02:50:00+00:00,1.05549,1.05557,1.05547,1.0555,0
2023-03-09 02:51:00+00:00,1.0555,1.05554,1.05544,1.0555,0
2023-03-09 02:52:00+00:00,1.05549,1.05562,1.05549,1.05559,0
2023-03-09 02:53:00+00:00,1.05558,1.05559,1.05553,1.05554,0
2023-03-09 02:54:00+00:00,1.05554,1.0557,1.05551,1.05551,0
2023-03-09 02:55:00+00:00,1.05549,1.0555,1.05542,1.05548,0
2023-03-09 02:56:00+00:00,1.05549,1.05552,1.05522,1.05534,0
2023-03-09 02:57:00+00:00,1.05534,1.05547,1.05533,1.05545,0
2023-03-09 02:58:00+00:00,1.05547,1.0556,1.05547,1.05554,0
2023-03-09 02:59:00+00:00,1.05555,1.05564,1.05554,1.05562,0
2023-03-09 03:00:00+00:00,1.05562,1.0557,1.05553,1.05558,0
2023-03-09 03:01:00+00:00,1.05558,1.0556,1.05528,1.05533,0
2023-03-09 03:02:00+00:00,1.05533,1.05534,1.05501,1.05528,0
2023-03-09 03:03:00+00:00,1.05526,1.05542,1.05526,1.05531,0
2023-03-09 03:04:00+00:00,1.05532,1.05537,1.05526,1.05527,0
2023-03-09 03:05:00+00:00,1.05527,1.05549,1.05521,1.05543,0
2023-03-09 03:06:00+00:00,1.05543,1.05544,1.05526,1.05527,0
2023-03-09 03:07:00+00:00,1.05526,1.05538,1.05524,1.05536,0
2023-03-09 03:08:00+00:00,1.05537,1.05557,1.05537,1.05553,0
2023-03-09 03:09:00+00:00,1.05555,1.05563,1.05549,1.05559,0
2023-03-09 03:10:00+00:00,1.05559,1.05561,1.05545,1.05547,0
2023-03-09 03:11:00+00:00,1.05546,1.05546,1.0553,1.05531,0
2023-03-09 03:12:00+00:00,1.0553,1.05544,1.05526,1.05536,0
2023-03-09 03:13:00+00:00,1.05535,1.05541,1.05534,1.05537,0
2023-03-09 03:14:00+00:00,1.05538,1.05538,1.05501,1.05505,0
2023-03-09 03:15:00+00:00,1.05506,1.05513,1.05492,1.05505,0
2023-03-09 03:16:00+00:00,1.05506,1.05519,1.05503,1.05517,0
2023-03-09 03:17:00+00:00,1.05518,1.05524,1.05511,1.05514,0
2023-03-09 03:18:00+00:00,1.05512,1.0552,1.05502,1.05515,0
2023-03-09 03:19:00+00:00,1.05515,1.05517,1.0551,1.05512,0
2023-03-09 03:20:00+00:00,1.05511,1.05519,1.05502,1.05514,0
2023-03-09 03:21:00+00:00,1.05513,1.05519,1.05506,1.05514,0
2023-03-09 03:22:00+00:00,1.05516,1.0553,1.05516,1.05527,0
2023-03-09 03:23:00+00:00,1.05528,1.05549,1.05522,1.05541,0
2023-03-09 03:24:00+00:00,1.05542,1.05543,1.05531,1.05532,0
2023-03-09 03:25:00+00:00,1.05531,1.05532,1.05502,1.05506,0
2023-03-09 03:26:00+00:00,1.05509,1.05529,1.05509,1.05519,0
2023-03-09 03:27:00+00:00,1.05518,1.05541,1.05515,1.05533,0
2023-03-09 03:28:00+00:00,1.05532,1.05532,1.05506,1.05508,0
2023-03-09 03:29:00+00:00,1.05509,1.0551,1.05498,1.05509,0
2023-03-09 03:30:00+00:00,1.05508,1.05517,1.05497,1.05497,0
2023-03-09 03:31:00+00:00,1.05499,1.05501,1.0548,1.05493,0
2023-03-09 03:32:00+00:00,1.05491,1.05509,1.05491,1.05508,0
2023-03-09 03:33:00+00:00,1.05508,1.05508,1.055,1.05502,0
2023-03-09 03:34:00+00:00,1.05503,1.05534,1.05502,1.05532,0
2023-03-09 03:35:00+00:00,1.05532,1.05567,1.05531,1.05552,0
2023-03-09 03:36:00+00:00,1.05553,1.05587,1.05553,1.05584,0
2023-03-09 03:37:00+00:00,1.05584,1.05598,1.05584,1.05591,0
2023-03-09 03:38:00+00:00,1.0559,1.05598,1.05582,1.05584,0
2023-03-09 03:39:00+00:00,1.05586,1.05619,1.05586,1.05612,0
2023-03-09 03:40:00+00:00,1.05611,1.05613,1.05596,1.05608,0
2023-03-09 03:41:00+00:00,1.05608,1.05631,1.05603,1.05603,0
2023-03-09 03:42:00+00:00,1.05602,1.0562,1.05602,1.05608,0
2023-03-09 03:43:00+00:00,1.05608,1.0561,1.05586,1.05593,0
2023-03-09 03:44:00+00:00,1.05593,1.05608,1.05593,1.05607,0
2023-03-09 03:45:00+00:00,1.05607,1.05607,1.05581,1.05582,0
2023-03-09 03:46:00+00:00,1.05583,1.05583,1.05567,1.05571,0
2023-03-09 03:47:00+00:00,1.0557,1.05571,1.05548,1.05549,0
2023-03-09 03:48:00+00:00,1.0555,1.05552,1.05541,1.05545,0
2023-03-09 03:49:00+00:00,1.05545,1.05569,1.05543,1.05567,0
2023-03-09 03:50:00+00:00,1.05565,1.05565,1.05547,1.05551,0
2023-03-09 03:51:00+00:00,1.05552,1.05588,1.05552,1.05588,0
2023-03-09 03:52:00+00:00,1.05588,1.05593,1.05587,1.05591,0
2023-03-09 03:53:00+00:00,1.0559,1.05594,1.05576,1.05591,0
2023-03-09 03:54:00+00:00,1.05592,1.05599,1.0558,1.05581,0
2023-03-09 03:55:00+00:00,1.0558,1.05583,1.05561,1.05563,0
2023-03-09 03:56:00+00:00,1.05564,1.05567,1.05549,1.05551,0
2023-03-09 03:57:00+00:00,1.0555,1.05562,1.05547,1.05559,0
2023-03-09 03:58:00+00:00,1.05562,1.05583,1.0556,1.05572,0
2023-03-09 03:59:00+00:00,1.05572,1.05579,1.05567,1.05571,0
2023-03-09 04:00:00+00:00,1.05572,1.05572,1.05547,1.05554,0
2023-03-09 04:01:00+00:00,1.05552,1.05553,1.05538,1.05539,0
2023-03-09 04:02:00+00:00,1.05539,1.05545,1.05533,1.05534,0
2023-03-09 04:03:00+00:00,1.05534,1.05538,1.0551,1.05516,0
2023-03-09 04:04:00+00:00,1.05515,1.05515,1.05505,1.05506,0
2023-03-09 04:05:00+00:00,1.05508,1.0552,1.05502,1.0552,0
2023-03-09 04:06:00+00:00,1.05519,1.05541,1.05517,1.05541,0
2023-03-09 04:07:00+00:00,1.05541,1.05555,1.0554,1.05551,0
2023-03-09 04:08:00+00:00,1.0555,1.05557,1.05542,1.05543,0
2023-03-09 04:09:00+00:00,1.05546,1.05555,1.05545,1.05554,0
2023-03-09 04:10:00+00:00,1.05553,1.05555,1.05542,1.05543,0
2023-03-09 04:11:00+00:00,1.05544,1.05552,1.05542,1.05547,0
2023-03-09 04:12:00+00:00,1.05548,1.05553,1.05547,1.05547,0
2023-03-09 04:13:00+00:00,1.05549,1.05564,1.05547,1.05563,0
2023-03-09 04:14:00+00:00,1.05564,1.05564,1.05552,1.05553,0
2023-03-09 04:15:00+00:00,1.05554,1.05586,1.05554,1.05586,0
2023-03-09 04:16:00+00:00,1.05586,1.0559,1.05573,1.05581,0
2023-03-09 04:17:00+00:00,1.05582,1.05594,1.05578,1.05591,0
2023-03-09 04:18:00+00:00,1.05593,1.05613,1.05593,1.05598,0
2023-03-09 04:19:00+00:00,1.05601,1.05613,1.05598,1.05604,0
2023-03-09 04:20:00+00:00,1.05603,1.05603,1.05578,1.05591,0
2023-03-09 04:21:00+00:00,1.05591,1.05609,1.05591,1.05609,0
2023-03-09 04:22:00+00:00,1.05609,1.05622,1.05608,1.05621,0
2023-03-09 04:23:00+00:00,1.05622,1.05622,1.05608,1.05616,0
2023-03-09 04:24:00+00:00,1.05617,1.05617,1.05601,1.05607,0
2023-03-09 04:25:00+00:00,1.05608,1.0562,1.05595,1.0562,0
2023-03-09 04:26:00+00:00,1.05619,1.05645,1.05617,1.05642,0
2023-03-09 04:27:00+00:00,1.05643,1.0565,1.05638,1.05643,0
2023-03-09 04:28:00+00:00,1.05643,1.05654,1.05641,1.05653,0
2023-03-09 04:29:00+00:00,1.05653,1.05666,1.05647,1.05665,0
2023-03-09 04:30:00+00:00,1.05663,1.05664,1.0565,1.05659,0
2023-03-09 04:31:00+00:00,1.05659,1.0566,1.05656,1.05658,0
2023-03-09 04:32:00+00:00,1.05659,1.05662,1.05649,1.05652,0
2023-03-09 04:33:00+00:00,1.05651,1.05671,1.0565,1.05669,0
2023-03-09 04:34:00+00:00,1.05668,1.05677,1.05668,1.05673,0
2023-03-09 04:35:00+00:00,1.05674,1.05686,1.05672,1.05685,0
2023-03-09 04:36:00+00:00,1.05685,1.05695,1.05664,1.0567,0
2023-03-09 04:37:00+00:00,1.0567,1.05684,1.05664,1.05664,0
2023-03-09 04:38:00+00:00,1.05663,1.05693,1.05655,1.05684,0
2023-03-09 04:39:00+00:00,1.05684,1.05694,1.05665,1.05669,0
2023-03-09 04:40:00+00:00,1.05669,1.05674,1.05664,1.05674,0
2023-03-09 04:41:00+00:00,1.05674,1.05683,1.05664,1.05683,0
2023-03-09 04:42:00+00:00,1.05684,1.05684,1.05663,1.05668,0
2023-03-09 04:43:00+00:00,1.05668,1.0567,1.05648,1.05668,0
2023-03-09 04:44:00+00:00,1.05667,1.05672,1.05638,1.05638,0
2023-03-09 04:45:00+00:00,1.05637,1.0564,1.05629,1.05632,0
2023-03-09 04:46:00+00:00,1.05631,1.05631,1.05604,1.05607,0
2023-03-09 04:47:00+00:00,1.05608,1.05614,1.05592,1.05592,0
2023-03-09 04:48:00+00:00,1.05591,1.05593,1.05576,1.05584,0
2023-03-09 04:49:00+00:00,1.05583,1.05593,1.05583,1.0559,0
2023-03-09 04:50:00+00:00,1.0559,1.05607,1.05573,1.05583,0
2023-03-09 04:51:00+00:00,1.05583,1.05598,1.0558,1.05583,0
2023-03-09 04:52:00+00:00,1.05583,1.05599,1.05582,1.05598,0
2023-03-09 04:53:00+00:00,1.05598,1.05621,1.05598,1.0562,0
2023-03-09 04:54:00+00:00,1.05619,1.05625,1.05615,1.05619,0
2023-03-09 04:55:00+00:00,1.05619,1.05625,1.05614,1.05616,0
2023-03-09 04:56:00+00:00,1.05617,1.05624,1.05614,1.05615,0
2023-03-09 04:57:00+00:00,1.05613,1.05625,1.0558,1.0558,0
2023-03-09 04:58:00+00:00,1.05583,1.05597,1.05581,1.05592,0
2023-03-09 04:59:00+00:00,1.05593,1.05596,1.05569,1.05583,0
2023-03-09 06:00:00+00:00,1.05659,1.05682,1.05659,1.05678,0
2023-03-09 06:01:00+00:00,1.05678,1.05685,1.0567,1.05684,0
2023-03-09 06:02:00+00:00,1.05688,1.05704,1.0568,1.05703,0
2023-03-09 06:03:00+00:00,1.05702,1.05718,1.05696,1.05706,0
2023-03-09 06:04:00+00:00,1.05705,1.05707,1.05692,1.05697,0
2023-03-09 06:05:00+00:00,1.05697,1.0573,1.05694,1.05728,0
2023-03-09 06:06:00+00:00,1.05726,1.05737,1.05718,1.05718,0
2023-03-09 06:07:00+00:00,1.05719,1.05747,1.0571,1.0574,0
2023-03-09 06:08:00+00:00,1.05739,1.05743,1.0573,1.05735,0
2023-03-09 06:09:00+00:00,1.05735,1.05746,1.05728,1.05744,0
2023-03-09 06:10:00+00:00,1.05745,1.05769,1.05744,1.05765,0
2023-03-09 06:11:00+00:00,1.05765,1.05769,1.05758,1.0576,0
2023-03-09 06:12:00+00:00,1.05759,1.05771,1.05753,1.05764,0
2023-03-09 06:13:00+00:00,1.05763,1.05766,1.05739,1.05745,0
2023-03-09 06:14:00+00:00,1.05746,1.05765,1.05745,1.05765,0
2023-03-09 06:15:00+00:00,1.05766,1.05772,1.0576,1.05772,0
2023-03-09 06:16:00+00:00,1.05773,1.05773,1.05754,1.05757,0
2023-03-09 06:17:00+00:00,1.05757,1.05757,1.05747,1.05748,0
2023-03-09 06:18:00+00:00,1.05749,1.0577,1.05745,1.05769,0
2023-03-09 06:19:00+00:00,1.0577,1.05778,1.05764,1.05768,0
2023-03-09 06:20:00+00:00,1.05769,1.05772,1.05764,1.05771,0
2023-03-09 06:21:00+00:00,1.05771,1.05777,1.05764,1.05764,0
2023-03-09 06:22:00+00:00,1.05764,1.0577,1.05754,1.05768,0
2023-03-09 06:23:00+00:00,1.0577,1.05772,1.0576,1.05772,0
2023-03-09 06:24:00+00:00,1.05772,1.05775,1.05767,1.0577,0
2023-03-09 06:25:00+00:00,1.05771,1.05796,1.0577,1.05791,0
2023-03-09 06:26:00+00:00,1.05791,1.05799,1.05791,1.05795,0
2023-03-09 06:27:00+00:00,1.05797,1.05809,1.05795,1.05807,0
2023-03-09 06:28:00+00:00,1.05808,1.05812,1.058,1.058,0
2023-03-09 06:29:00+00:00,1.05801,1.05806,1.05793,1.05799,0
2023-03-09 06:30:00+00:00,1.05798,1.058,1.05768,1.05773,0
2023-03-09 06:31:00+00:00,1.05774,1.0578,1.05768,1.05769,0
2023-03-09 06:32:00+00:00,1.05768,1.05773,1.05764,1.0577,0
2023-03-09 06:33:00+00:00,1.0577,1.05784,1.0577,1.05782,0
2023-03-09 06:34:00+00:00,1.05782,1.05794,1.0578,1.05794,0
2023-03-09 06:35:00+00:00,1.05794,1.05801,1.05791,1.05792,0
2023-03-09 06:36:00+00:00,1.05792,1.05796,1.05769,1.05769,0
2023-03-09 06:37:00+00:00,1.05768,1.05772,1.05758,1.0576,0
2023-03-09 06:38:00+00:00,1.05759,1.05768,1.05753,1.05768,0
2023-03-09 06:39:00+00:00,1.05766,1.05775,1.05758,1.05774,0
2023-03-09 06:40:00+00:00,1.05772,1.05797,1.05767,1.05789,0
2023-03-09 06:41:00+00:00,1.0579,1.0579,1.05769,1.0577,0
2023-03-09 06:42:00+00:00,1.05771,1.05777,1.05764,1.05772,0
2023-03-09 06:43:00+00:00,1.05773,1.05774,1.05764,1.05764,0
2023-03-09 06:44:00+00:00,1.05765,1.05773,1.0576,1.05767,0
2023-03-09 06:45:00+00:00,1.05767,1.0577,1.05746,1.05755,0
2023-03-09 06:46:00+00:00,1.05754,1.05756,1.0574,1.05748,0
2023-03-09 06:47:00+00:00,1.05748,1.05754,1.05744,1.05749,0
2023-03-09 06:48:00+00:00,1.05749,1.05753,1.0574,1.05753,0
2023-03-09 06:49:00+00:00,1.05753,1.05753,1.05745,1.05749,0
2023-03-09 06:50:00+00:00,1.05748,1.05748,1.05734,1.05734,0
2023-03-09 06:51:00+00:00,1.05738,1.05739,1.05734,1.05739,0
2023-03-09 06:52:00+00:00,1.05739,1.0574,1.05737,1.05738,0
2023-03-09 06:53:00+00:00,1.05738,1.05738,1.0572,1.05728,0
2023-03-09 06:54:00+00:00,1.05729,1.05736,1.05728,1.05736,0
2023-03-09 06:55:00+00:00,1.05736,1.05755,1.05734,1.05749,0
2023-03-09 06:56:00+00:00,1.05749,1.05751,1.05741,1.05746,0
2023-03-09 06:57:00+00:00,1.05748,1.05757,1.05739,1.0574,0
2023-03-09 06:58:00+00:00,1.05739,1.0574,1.05717,1.05717,0
2023-03-09 06:59:00+00:00,1.05716,1.0572,1.05704,1.05709,0
2023-03-09 08:00:00+00:00,1.05591,1.05603,1.05589,1.05602,0
2023-03-09 08:01:00+00:00,1.05601,1.05603,1.05587,1.05591,0
2023-03-09 08:02:00+00:00,1.05591,1.056,1.05587,1.05588,0
2023-03-09 08:03:00+00:00,1.05587,1.05601,1.05584,1.05584,0
2023-03-09 08:04:00+00:00,1.05585,1.05588,1.0556,1.05563,0
2023-03-09 08:05:00+00:00,1.05564,1.05581,1.05562,1.05567,0
2023-03-09 08:06:00+00:00,1.05566,1.05584,1.05566,1.0557,0
2023-03-09 08:07:00+00:00,1.05571,1.05573,1.05549,1.0555,0
2023-03-09 08:08:00+00:00,1.05553,1.05574,1.05553,1.05574,0
2023-03-09 08:09:00+00:00,1.05573,1.05574,1.05551,1.05551,0
2023-03-09 08:10:00+00:00,1.05552,1.0557,1.05544,1.05568,0
2023-03-09 08:11:00+00:00,1.05569,1.05606,1.05564,1.05601,0
2023-03-09 08:12:00+00:00,1.05602,1.05607,1.05584,1.05585,0
2023-03-09 08:13:00+00:00,1.05584,1.05591,1.0556,1.05565,0
2023-03-09 08:14:00+00:00,1.05565,1.05565,1.05533,1.05535,0
2023-03-09 08:15:00+00:00,1.05534,1.05561,1.05524,1.05556,0
2023-03-09 08:16:00+00:00,1.05555,1.05572,1.05555,1.05569,0
2023-03-09 08:17:00+00:00,1.05569,1.05583,1.05566,1.0558,0
2023-03-09 08:18:00+00:00,1.0558,1.05583,1.05576,1.05579,0
2023-03-09 08:19:00+00:00,1.05581,1.05588,1.05575,1.05576,0
2023-03-09 08:20:00+00:00,1.05576,1.05585,1.05565,1.05575,0
2023-03-09 08:21:00+00:00,1.05574,1.05575,1.05543,1.05543,0
2023-03-09 08:22:00+00:00,1.0554,1.05554,1.05533,1.05554,0
2023-03-09 08:23:00+00:00,1.05554,1.0558,1.05554,1.05566,0
2023-03-09 08:24:00+00:00,1.05566,1.05585,1.05566,1.05585,0
2023-03-09 08:25:00+00:00,1.05585,1.05593,1.05579,1.05588,0
2023-03-09 08:26:00+00:00,1.05589,1.05602,1.05589,1.05598,0
2023-03-09 08:27:00+00:00,1.05601,1.05607,1.05588,1.0559,0
2023-03-09 08:28:00+00:00,1.05592,1.05595,1.05579,1.05584,0
2023-03-09 08:29:00+00:00,1.05583,1.05597,1.05558,1.05582,0
2023-03-09 08:30:00+00:00,1.05583,1.0573,1.05583,1.05702,0
2023-03-09 08:31:00+00:00,1.05701,1.05747,1.0568,1.05688,0
2023-03-09 08:32:00+00:00,1.05688,1.05754,1.05688,1.05729,0
2023-03-09 08:33:00+00:00,1.0573,1.05776,1.05728,1.05752,0
2023-03-09 08:34:00+00:00,1.05751,1.0577,1.05703,1.05703,0
2023-03-09 08:35:00+00:00,1.05703,1.05718,1.05684,1.05694,0
2023-03-09 08:36:00+00:00,1.05693,1.05718,1.05686,1.05703,0
2023-03-09 08:37:00+00:00,1.05705,1.0571,1.05654,1.05658,0
2023-03-09 08:38:00+00:00,1.05658,1.05694,1.05649,1.05653,0
2023-03-09 08:39:00+00:00,1.05654,1.05657,1.05613,1.05614,0
2023-03-09 08:40:00+00:00,1.05613,1.05657,1.05613,1.0563,0
2023-03-09 08:41:00+00:00,1.0563,1.05647,1.05624,1.05635,0
2023-03-09 08:42:00+00:00,1.05634,1.05658,1.05598,1.05607,0
2023-03-09 08:43:00+00:00,1.0561,1.05633,1.05605,1.05614,0
2023-03-09 08:44:00+00:00,1.05615,1.05617,1.05572,1.05584,0
2023-03-09 08:45:00+00:00,1.05585,1.05609,1.05585,1.05603,0
2023-03-09 08:46:00+00:00,1.05602,1.05614,1.0559,1.056,0
2023-03-09 08:47:00+00:00,1.05601,1.05639,1.05598,1.05618,0
2023-03-09 08:48:00+00:00,1.05619,1.05685,1.05619,1.05669,0
2023-03-09 08:49:00+00:00,1.05671,1.05685,1.05659,1.05678,0
2023-03-09 08:50:00+00:00,1.05678,1.05697,1.05668,1.05672,0
2023-03-09 08:51:00+00:00,1.05671,1.05692,1.05666,1.05668,0
2023-03-09 09:00:00+00:00,1.05739,1.05795,1.05739,1.05793,0
2023-03-09 09:01:00+00:00,1.05796,1.05798,1.05775,1.05786,0
2023-03-09 09:02:00+00:00,1.05785,1.05785,1.05737,1.05743,0
2023-03-09 09:03:00+00:00,1.05744,1.05749,1.05717,1.05719,0
2023-03-09 09:04:00+00:00,1.0572,1.05728,1.05711,1.05718,0
2023-03-09 09:05:00+00:00,1.0572,1.05737,1.05714,1.05727,0
2023-03-09 09:06:00+00:00,1.05729,1.05735,1.05711,1.05735,0
2023-03-09 09:07:00+00:00,1.05734,1.05739,1.05721,1.05722,0
2023-03-09 09:08:00+00:00,1.0572,1.05724,1.05693,1.05693,0
2023-03-09 09:09:00+00:00,1.05695,1.057,1.05669,1.0567,0
2023-03-09 09:10:00+00:00,1.05671,1.05682,1.05665,1.05681,0
2023-03-09 09:11:00+00:00,1.05683,1.0569,1.05681,1.05686,0
2023-03-09 09:12:00+00:00,1.05686,1.05702,1.05682,1.05698,0
2023-03-09 09:13:00+00:00,1.05701,1.05734,1.05698,1.05721,0
2023-03-09 09:14:00+00:00,1.05722,1.05733,1.05689,1.05689,0
2023-03-09 09:15:00+00:00,1.05689,1.05693,1.05679,1.05684,0
2023-03-09 09:16:00+00:00,1.05684,1.05724,1.05683,1.05715,0
2023-03-09 09:17:00+00:00,1.05717,1.05734,1.05714,1.05714,0
2023-03-09 09:18:00+00:00,1.05714,1.05718,1.05705,1.05714,0
2023-03-09 09:19:00+00:00,1.05716,1.05734,1.05715,1.05727,0
2023-03-09 09:20:00+00:00,1.05727,1.05743,1.05719,1.05722,0
2023-03-09 09:21:00+00:00,1.05722,1.05723,1.05691,1.05701,0
2023-03-09 09:22:00+00:00,1.05701,1.05727,1.05694,1.05714,0
2023-03-09 09:23:00+00:00,1.05713,1.05725,1.05707,1.05717,0
2023-03-09 09:24:00+00:00,1.0572,1.05731,1.05712,1.05723,0
2023-03-09 09:25:00+00:00,1.05723,1.05723,1.05686,1.05689,0
2023-03-09 09:26:00+00:00,1.05689,1.05703,1.05684,1.05699,0
2023-03-09 09:27:00+00:00,1.05698,1.05703,1.05679,1.05686,0
2023-03-09 09:28:00+00:00,1.05685,1.05704,1.05684,1.05704,0
2023-03-09 09:29:00+00:00,1.05702,1.05711,1.05692,1.05711,0
2023-03-09 09:30:00+00:00,1.05712,1.05738,1.05699,1.057,0
2023-03-09 09:31:00+00:00,1.057,1.05703,1.05673,1.05683,0
2023-03-09 09:32:00+00:00,1.0568,1.05692,1.05662,1.05683,0
2023-03-09 09:33:00+00:00,1.05684,1.05705,1.05673,1.05704,0
2023-03-09 09:34:00+00:00,1.05705,1.05764,1.05689,1.05764,0
2023-03-09 09:35:00+00:00,1.05764,1.05775,1.05752,1.05756,0
2023-03-09 09:36:00+00:00,1.05758,1.05778,1.05757,1.05772,0
2023-03-09 09:37:00+00:00,1.05772,1.05773,1.05745,1.05756,0
2023-03-09 09:38:00+00:00,1.05757,1.05758,1.05717,1.05722,0
2023-03-09 09:39:00+00:00,1.05723,1.05769,1.05723,1.05769,0
2023-03-09 09:40:00+00:00,1.05769,1.05773,1.05728,1.05757,0
2023-03-09 09:41:00+00:00,1.05757,1.05768,1.05756,1.05765,0
2023-03-09 09:42:00+00:00,1.05765,1.05767,1.05749,1.05753,0
2023-03-09 09:43:00+00:00,1.05754,1.05772,1.05751,1.05768,0
2023-03-09 09:44:00+00:00,1.05768,1.05788,1.05755,1.05764,0
2023-03-09 09:45:00+00:00,1.05764,1.05785,1.05762,1.05779,0
2023-03-09 09:46:00+00:00,1.05779,1.05812,1.05779,1.0581,0
2023-03-09 09:47:00+00:00,1.05811,1.05862,1.05811,1.05824,0
2023-03-09 09:48:00+00:00,1.05824,1.05832,1.05808,1.05822,0
2023-03-09 09:49:00+00:00,1.05823,1.05833,1.05804,1.05832,0
2023-03-09 09:50:00+00:00,1.05833,1.05842,1.05818,1.05823,0
2023-03-09 09:51:00+00:00,1.05824,1.05833,1.05795,1.05802,0
2023-03-09 09:52:00+00:00,1.05801,1.05809,1.0577,1.05772,0
2023-03-09 09:53:00+00:00,1.05772,1.0579,1.05768,1.05769,0
2023-03-09 09:54:00+00:00,1.05767,1.05773,1.0576,1.05773,0
2023-03-09 11:00:00+00:00,1.05686,1.05698,1.0567,1.05676,0
2023-03-09 11:01:00+00:00,1.05675,1.05677,1.05665,1.05669,0
2023-03-09 11:02:00+00:00,1.0567,1.05693,1.0567,1.05692,0
2023-03-09 11:03:00+00:00,1.05692,1.05699,1.05652,1.0567,0
2023-03-09 11:04:00+00:00,1.05669,1.0568,1.05659,1.05679,0
2023-03-09 11:05:00+00:00,1.05679,1.05683,1.05668,1.05672,0
2023-03-09 11:06:00+00:00,1.05673,1.05675,1.05659,1.05668,0
2023-03-09 11:07:00+00:00,1.05667,1.05672,1.05662,1.05662,0
2023-03-09 11:08:00+00:00,1.05663,1.05664,1.05636,1.05638,0
2023-03-09 11:09:00+00:00,1.05637,1.05653,1.05635,1.05649,0
2023-03-09 11:10:00+00:00,1.0565,1.05657,1.05642,1.05651,0
2023-03-09 11:11:00+00:00,1.0565,1.05684,1.05648,1.05678,0
2023-03-09 11:12:00+00:00,1.0568,1.05694,1.0568,1.05692,0
2023-03-09 11:13:00+00:00,1.05692,1.05694,1.05683,1.05683,0
2023-03-09 11:14:00+00:00,1.05684,1.05704,1.05684,1.05702,0
2023-03-09 11:15:00+00:00,1.05703,1.05733,1.05703,1.05731,0
2023-03-09 11:16:00+00:00,1.0573,1.05749,1.0573,1.05745,0
2023-03-09 11:17:00+00:00,1.05746,1.0575,1.05728,1.0574,0
2023-03-09 11:18:00+00:00,1.0574,1.0575,1.05734,1.05745,0
2023-03-09 11:19:00+00:00,1.05743,1.05748,1.05734,1.05745,0
2023-03-09 11:20:00+00:00,1.05747,1.05749,1.05739,1.0574,0
2023-03-09 11:21:00+00:00,1.0574,1.05743,1.05725,1.05735,0
2023-03-09 11:22:00+00:00,1.05737,1.05752,1.05729,1.05752,0
2023-03-09 11:23:00+00:00,1.05753,1.05759,1.05743,1.05759,0
2023-03-09 11:24:00+00:00,1.05759,1.05781,1.05759,1.05777,0
2023-03-09 11:25:00+00:00,1.05775,1.05777,1.05743,1.05755,0
2023-03-09 11:26:00+00:00,1.05756,1.0576,1.05733,1.05749,0
2023-03-09 11:27:00+00:00,1.0575,1.05765,1.05746,1.0575,0
2023-03-09 11:28:00+00:00,1.05751,1.05762,1.05746,1.05754,0
2023-03-09 11:29:00+00:00,1.05754,1.05756,1.05744,1.05749,0
2023-03-09 11:30:00+00:00,1.0575,1.05777,1.05746,1.05775,0
2023-03-09 11:31:00+00:00,1.05776,1.05803,1.05775,1.05793,0
2023-03-09 11:32:00+00:00,1.05793,1.05797,1.05749,1.05754,0
2023-03-09 11:33:00+00:00,1.05753,1.0577,1.05752,1.05765,0
2023-03-09 11:34:00+00:00,1.05771,1.05807,1.05771,1.05783,0
2023-03-09 11:35:00+00:00,1.05782,1.05803,1.05777,1.05795,0
2023-03-09 11:36:00+00:00,1.05797,1.05805,1.05789,1.05801,0
2023-03-09 11:37:00+00:00,1.05801,1.05804,1.05789,1.0579,0
2023-03-09 11:38:00+00:00,1.05789,1.05789,1.05775,1.05784,0
2023-03-09 11:39:00+00:00,1.05783,1.05783,1.05766,1.0578,0
2023-03-09 11:40:00+00:00,1.05779,1.05785,1.05778,1.05784,0
2023-03-09 11:41:00+00:00,1.05784,1.05805,1.05783,1.05796,0
2023-03-09 11:42:00+00:00,1.05796,1.05804,1.05795,1.05804,0
2023-03-09 11:43:00+00:00,1.05806,1.05806,1.05795,1.058,0
2023-03-09 11:44:00+00:00,1.05801,1.05805,1.05795,1.05805,0
2023-03-09 11:45:00+00:00,1.05805,1.05814,1.05793,1.05794,0
2023-03-09 11:46:00+00:00,1.05794,1.05814,1.05789,1.05807,0
2023-03-09 11:47:00+00:00,1.05808,1.05821,1.05802,1.05805,0
2023-03-09 11:48:00+00:00,1.05806,1.05832,1.05804,1.05827,0
2023-03-09 11:49:00+00:00,1.05827,1.05836,1.05812,1.05814,0
2023-03-09 11:50:00+00:00,1.05814,1.05822,1.05807,1.05807,0
2023-03-09 11:51:00+00:00,1.05808,1.05814,1.05793,1.05799,0
2023-03-09 11:52:00+00:00,1.05799,1.05816,1.05797,1.05806,0
2023-03-09 11:53:00+00:00,1.05805,1.05811,1.05781,1.05784,0
2023-03-09 11:54:00+00:00,1.05784,1.05794,1.05779,1.05788,0
2023-03-09 11:55:00+00:00,1.05788,1.05788,1.05777,1.05778,0
2023-03-09 11:56:00+00:00,1.05777,1.05777,1.05764,1.05766,0
2023-03-09 11:57:00+00:00,1.05766,1.05767,1.05757,1.05765,0
2023-03-09 11:58:00+00:00,1.05766,1.05775,1.05765,1.05766,0
2023-03-09 11:59:00+00:00,1.05766,1.05769,1.05756,1.05756,0
2023-03-09 13:00:00+00:00,1.05771,1.05772,1.05761,1.0577,0
2023-03-09 13:01:00+00:00,1.0577,1.05785,1.05728,1.05736,0
2023-03-09 13:02:00+00:00,1.05737,1.05836,1.05737,1.05834,0
2023-03-09 13:03:00+00:00,1.05837,1.05852,1.05821,1.05824,0
2023-03-09 13:04:00+00:00,1.05824,1.05826,1.05811,1.05818,0
2023-03-09 13:05:00+00:00,1.05818,1.05823,1.05801,1.05804,0
2023-03-09 13:06:00+00:00,1.05805,1.05815,1.05781,1.05783,0
2023-03-09 13:07:00+00:00,1.05784,1.05796,1.05776,1.05787,0
2023-03-09 13:08:00+00:00,1.05786,1.05816,1.05784,1.05811,0
2023-03-09 13:09:00+00:00,1.05813,1.05817,1.05794,1.05797,0
2023-03-09 13:10:00+00:00,1.05797,1.05797,1.05774,1.0578,0
2023-03-09 13:11:00+00:00,1.05779,1.05781,1.05765,1.05777,0
2023-03-09 13:12:00+00:00,1.05778,1.05807,1.05778,1.05796,0
2023-03-09 13:13:00+00:00,1.05797,1.05802,1.05788,1.05798,0
2023-03-09 13:14:00+00:00,1.05799,1.05816,1.05796,1.05802,0
2023-03-09 13:15:00+00:00,1.05803,1.0583,1.05802,1.0582,0
2023-03-09 13:16:00+00:00,1.0582,1.05834,1.0582,1.05829,0
2023-03-09 13:17:00+00:00,1.0583,1.05835,1.05823,1.05826,0
2023-03-09 13:18:00+00:00,1.05824,1.05825,1.05814,1.05814,0
2023-03-09 13:19:00+00:00,1.05814,1.05822,1.05805,1.05816,0
2023-03-09 13:20:00+00:00,1.05816,1.0584,1.05814,1.05835,0
2023-03-09 13:21:00+00:00,1.05835,1.0584,1.05825,1.05825,0
2023-03-09 13:22:00+00:00,1.05826,1.05828,1.05813,1.05817,0
2023-03-09 13:23:00+00:00,1.05818,1.05819,1.05798,1.05798,0
2023-03-09 13:24:00+00:00,1.05798,1.05813,1.05794,1.05802,0
2023-03-09 13:25:00+00:00,1.05799,1.05802,1.05789,1.05794,0
2023-03-09 13:26:00+00:00,1.05795,1.05797,1.05783,1.05794,0
2023-03-09 13:27:00+00:00,1.05794,1.05807,1.05792,1.05803,0
2023-03-09 13:28:00+00:00,1.05803,1.05805,1.05792,1.05799,0
2023-03-09 13:29:00+00:00,1.05798,1.05809,1.05784,1.05787,0
2023-03-09 13:30:00+00:00,1.05787,1.05787,1.05766,1.05781,0
2023-03-09 13:31:00+00:00,1.05783,1.05797,1.05778,1.0578,0
2023-03-09 13:32:00+00:00,1.0578,1.05793,1.05776,1.05788,0
2023-03-09 13:33:00+00:00,1.05788,1.05799,1.05778,1.05778,0
2023-03-09 13:34:00+00:00,1.05777,1.05785,1.05775,1.05781,0
2023-03-09 13:35:00+00:00,1.0578,1.05801,1.05779,1.058,0
2023-03-09 13:36:00+00:00,1.05798,1.05813,1.05794,1.0581,0
2023-03-09 13:37:00+00:00,1.05811,1.05812,1.05795,1.05798,0
2023-03-09 13:38:00+00:00,1.05799,1.05809,1.05791,1.05793,0
2023-03-09 13:39:00+00:00,1.05792,1.05792,1.05781,1.05782,0
2023-03-09 13:40:00+00:00,1.05782,1.05791,1.05781,1.05789,0
2023-03-09 13:41:00+00:00,1.0579,1.05792,1.05782,1.05791,0
2023-03-09 13:42:00+00:00,1.05792,1.05819,1.0579,1.05817,0
2023-03-09 13:43:00+00:00,1.05818,1.05842,1.05818,1.05841,0
2023-03-09 13:44:00+00:00,1.0584,1.05841,1.05828,1.05828,0
2023-03-09 13:45:00+00:00,1.05827,1.05831,1.05817,1.05822,0
2023-03-09 13:46:00+00:00,1.05821,1.05837,1.05821,1.05828,0
2023-03-09 13:47:00+00:00,1.05828,1.05842,1.05827,1.05829,0
2023-03-09 13:48:00+00:00,1.05829,1.05829,1.05806,1.05812,0
2023-03-09 13:49:00+00:00,1.05811,1.05816,1.05797,1.05813,0
2023-03-09 13:50:00+00:00,1.05815,1.05831,1.05807,1.05831,0
2023-03-09 13:51:00+00:00,1.05833,1.05847,1.05828,1.05833,0
2023-03-09 13:52:00+00:00,1.05833,1.05837,1.05828,1.05833,0
2023-03-09 13:53:00+00:00,1.05833,1.05846,1.05832,1.05833,0
2023-03-09 13:54:00+00:00,1.05834,1.05864,1.05834,1.05863,0
2023-03-09 13:55:00+00:00,1.05864,1.05899,1.05864,1.05894,0
2023-03-09 13:56:00+00:00,1.05893,1.05898,1.05889,1.05891,0
2023-03-09 13:57:00+00:00,1.05891,1.059,1.05885,1.05889,0
2023-03-09 13:58:00+00:00,1.05888,1.0589,1.05877,1.05883,0
2023-03-09 13:59:00+00:00,1.05883,1.05896,1.05882,1.05895,0
2023-03-09 16:00:00+00:00,1.0579,1.05805,1.05779,1.05801,0
2023-03-09 16:01:00+00:00,1.05801,1.05806,1.05793,1.05796,0
2023-03-09 16:02:00+00:00,1.05798,1.05801,1.05794,1.05795,0
2023-03-09 16:03:00+00:00,1.05796,1.05798,1.05792,1.05792,0
2023-03-09 16:04:00+00:00,1.05791,1.058,1.05785,1.05785,0
2023-03-09 16:05:00+00:00,1.05785,1.058,1.05785,1.05794,0
2023-03-09 16:06:00+00:00,1.05796,1.05799,1.05795,1.05795,0
2023-03-09 16:07:00+00:00,1.05794,1.05803,1.05794,1.05798,0
2023-03-09 16:08:00+00:00,1.058,1.058,1.05793,1.05793,0
2023-03-09 16:09:00+00:00,1.05794,1.05796,1.05792,1.05792,0
2023-03-09 16:10:00+00:00,1.05791,1.05791,1.05783,1.05786,0
2023-03-09 16:11:00+00:00,1.05786,1.05786,1.05782,1.05784,0
2023-03-09 16:12:00+00:00,1.05783,1.05788,1.05782,1.05788,0
2023-03-09 16:13:00+00:00,1.05789,1.05795,1.05788,1.05788,0
2023-03-09 16:14:00+00:00,1.05788,1.05798,1.05782,1.05792,0
2023-03-09 16:15:00+00:00,1.05792,1.05793,1.05788,1.05788,0
2023-03-09 16:16:00+00:00,1.05789,1.05792,1.05788,1.05789,0
2023-03-09 16:17:00+00:00,1.0579,1.05797,1.05788,1.05795,0
2023-03-09 16:18:00+00:00,1.05795,1.05799,1.05792,1.05795,0
2023-03-09 16:19:00+00:00,1.05795,1.058,1.05791,1.05791,0
2023-03-09 16:20:00+00:00,1.05791,1.05792,1.05789,1.05791,0
2023-03-09 16:21:00+00:00,1.05791,1.05791,1.05777,1.05782,0
2023-03-09 16:22:00+00:00,1.05782,1.05783,1.05779,1.05779,0
2023-03-09 16:23:00+00:00,1.0578,1.0578,1.05775,1.05775,0
2023-03-09 16:24:00+00:00,1.05774,1.05778,1.05774,1.05777,0
2023-03-09 16:25:00+00:00,1.05776,1.05776,1.05761,1.05764,0
2023-03-09 16:26:00+00:00,1.05763,1.05763,1.0575,1.05762,0
2023-03-09 16:27:00+00:00,1.05763,1.05771,1.05763,1.05767,0
2023-03-09 16:28:00+00:00,1.05766,1.05771,1.05766,1.05769,0
2023-03-09 16:29:00+00:00,1.05768,1.05787,1.05768,1.05785,0
2023-03-09 16:30:00+00:00,1.05786,1.05791,1.05784,1.0579,0
2023-03-09 16:31:00+00:00,1.0579,1.05795,1.05784,1.05794,0
2023-03-09 16:32:00+00:00,1.05794,1.05798,1.05794,1.05796,0
2023-03-09 16:33:00+00:00,1.05795,1.05795,1.0579,1.0579,0
2023-03-09 16:34:00+00:00,1.05789,1.05799,1.05789,1.05798,0
2023-03-09 16:35:00+00:00,1.05801,1.05809,1.05801,1.05808,0
2023-03-09 16:36:00+00:00,1.05807,1.05818,1.05807,1.05814,0
2023-03-09 16:37:00+00:00,1.05815,1.05817,1.05812,1.05813,0
2023-03-09 16:38:00+00:00,1.05813,1.05813,1.05803,1.05803,0
2023-03-09 16:39:00+00:00,1.05803,1.05803,1.05798,1.05798,0
2023-03-09 16:40:00+00:00,1.05798,1.05802,1.05794,1.05795,0
2023-03-09 16:41:00+00:00,1.05798,1.05805,1.05796,1.05801,0
2023-03-09 16:42:00+00:00,1.058,1.05803,1.05799,1.05803,0
2023-03-09 16:43:00+00:00,1.05801,1.05802,1.05798,1.05798,0
2023-03-09 16:44:00+00:00,1.05799,1.05816,1.05799,1.05813,0
2023-03-09 16:45:00+00:00,1.05813,1.05815,1.0581,1.0581,0
2023-03-09 16:46:00+00:00,1.05812,1.05813,1.0581,1.05813,0
2023-03-09 16:47:00+00:00,1.05813,1.05813,1.05808,1.05811,0
2023-03-09 16:48:00+00:00,1.05809,1.05816,1.05807,1.05814,0
2023-03-09 16:49:00+00:00,1.05815,1.05817,1.05813,1.05816,0
2023-03-09 16:50:00+00:00,1.05817,1.05817,1.0581,1.05813,0
2023-03-09 16:51:00+00:00,1.05815,1.05819,1.05814,1.05814,0
2023-03-09 16:52:00+00:00,1.05814,1.05818,1.05813,1.05814,0
2023-03-09 16:53:00+00:00,1.05815,1.0582,1.05815,1.05818,0
2023-03-09 16:54:00+00:00,1.05816,1.05821,1.05815,1.05815,0
2023-03-09 16:55:00+00:00,1.05815,1.0582,1.05814,1.05815,0
2023-03-09 16:56:00+00:00,1.05814,1.05816,1.05813,1.05815,0
2023-03-09 16:57:00+00:00,1.05812,1.05819,1.0581,1.05817,0
2023-03-09 16:58:00+00:00,1.05816,1.0582,1.05816,1.05818,0
2023-03-09 16:59:00+00:00,1.05821,1.05828,1.05791,1.05791,0
2023-03-09 18:00:00+00:00,1.05814,1.05826,1.05809,1.05814,0
2023-03-09 18:01:00+00:00,1.05816,1.05816,1.05807,1.05807,0
2023-03-09 18:02:00+00:00,1.05806,1.05809,1.05804,1.05807,0
2023-03-09 18:03:00+00:00,1.05807,1.05807,1.05797,1.05798,0
2023-03-09 18:04:00+00:00,1.05797,1.05799,1.05783,1.05783,0
2023-03-09 18:05:00+00:00,1.05784,1.05787,1.05783,1.05783,0
2023-03-09 18:06:00+00:00,1.05783,1.05786,1.05782,1.05785,0
2023-03-09 18:07:00+00:00,1.05785,1.05793,1.05783,1.05793,0
2023-03-09 18:08:00+00:00,1.05793,1.05812,1.0579,1.05811,0
2023-03-09 18:09:00+00:00,1.05811,1.05815,1.05806,1.05806,0
2023-03-09 18:10:00+00:00,1.05805,1.05807,1.05804,1.05804,0
2023-03-09 18:11:00+00:00,1.05805,1.05805,1.05804,1.05804,0
2023-03-09 18:12:00+00:00,1.05806,1.05815,1.05806,1.05807,0
2023-03-09 18:13:00+00:00,1.05808,1.05809,1.05805,1.05807,0
2023-03-09 18:14:00+00:00,1.05808,1.05809,1.058,1.058,0
2023-03-09 18:15:00+00:00,1.05801,1.05804,1.05795,1.05802,0
2023-03-09 18:16:00+00:00,1.05801,1.05804,1.05796,1.05804,0
2023-03-09 18:17:00+00:00,1.05803,1.05808,1.05803,1.05808,0
2023-03-09 18:18:00+00:00,1.05807,1.05809,1.05807,1.05809,0
2023-03-09 18:19:00+00:00,1.05807,1.0581,1.05806,1.0581,0
2023-03-09 18:20:00+00:00,1.05809,1.05813,1.05809,1.0581,0
2023-03-09 18:21:00+00:00,1.05809,1.05814,1.05807,1.05814,0
2023-03-09 18:22:00+00:00,1.05814,1.05815,1.05802,1.05803,0
2023-03-09 18:23:00+00:00,1.05802,1.05804,1.05799,1.05804,0
2023-03-09 18:24:00+00:00,1.05803,1.05805,1.05802,1.05803,0
2023-03-09 18:25:00+00:00,1.05804,1.05814,1.05804,1.05813,0
2023-03-09 18:26:00+00:00,1.05812,1.05813,1.05809,1.0581,0
2023-03-09 18:27:00+00:00,1.05809,1.05809,1.05809,1.05809,0
2023-03-09 18:28:00+00:00,1.05809,1.05809,1.05807,1.05808,0
2023-03-09 18:29:00+00:00,1.05809,1.05813,1.05809,1.05812,0
2023-03-09 18:30:00+00:00,1.05811,1.05821,1.05811,1.05821,0
2023-03-09 18:31:00+00:00,1.05822,1.0583,1.05822,1.05827,0
2023-03-09 18:32:00+00:00,1.05826,1.05826,1.05824,1.05824,0
2023-03-09 18:33:00+00:00,1.05825,1.05831,1.0582,1.05828,0
2023-03-09 18:34:00+00:00,1.05831,1.05834,1.05831,1.05833,0
2023-03-09 18:35:00+00:00,1.05835,1.0585,1.05834,1.05846,0
2023-03-09 18:36:00+00:00,1.05846,1.05848,1.05833,1.05837,0
2023-03-09 18:37:00+00:00,1.05837,1.05848,1.05837,1.05844,0
2023-03-09 18:38:00+00:00,1.05845,1.05846,1.05842,1.05843,0
2023-03-09 18:39:00+00:00,1.05843,1.05845,1.05834,1.05836,0
2023-03-09 18:40:00+00:00,1.05836,1.05837,1.05833,1.05836,0
2023-03-09 18:41:00+00:00,1.05835,1.05837,1.05832,1.05835,0
2023-03-09 18:42:00+00:00,1.05835,1.05836,1.0582,1.05826,0
2023-03-09 18:43:00+00:00,1.05825,1.05831,1.05817,1.05818,0
2023-03-09 18:44:00+00:00,1.05819,1.05821,1.05811,1.05816,0
2023-03-09 18:45:00+00:00,1.05816,1.05828,1.05816,1.05827,0
2023-03-09 18:46:00+00:00,1.05828,1.05831,1.05827,1.05827,0
2023-03-09 18:47:00+00:00,1.05825,1.05835,1.05825,1.05835,0
2023-03-09 18:48:00+00:00,1.05834,1.05836,1.05833,1.05836,0
2023-03-09 18:49:00+00:00,1.05836,1.0584,1.05836,1.0584,0
2023-03-09 18:50:00+00:00,1.05838,1.05838,1.05836,1.05836,0
2023-03-09 18:51:00+00:00,1.05834,1.05841,1.05834,1.0584,0
2023-03-09 18:52:00+00:00,1.0584,1.0585,1.05839,1.05844,0
2023-03-09 18:53:00+00:00,1.05845,1.05845,1.05842,1.05843,0
2023-03-09 18:54:00+00:00,1.0584,1.0584,1.05836,1.05837,0
2023-03-09 18:55:00+00:00,1.0584,1.0584,1.05836,1.05837,0
2023-03-09 18:56:00+00:00,1.05837,1.0584,1.05837,1.0584,0
2023-03-09 18:57:00+00:00,1.05838,1.05841,1.05838,1.05841,0
2023-03-09 18:58:00+00:00,1.05841,1.05848,1.05841,1.05846,0
2023-03-09 18:59:00+00:00,1.05847,1.05856,1.05847,1.05856,0
2023-03-09 19:00:00+00:00,1.05855,1.05863,1.05853,1.05862,0
2023-03-09 19:01:00+00:00,1.05861,1.05864,1.05855,1.05862,0
2023-03-09 19:02:00+00:00,1.05862,1.05873,1.0586,1.05873,0
2023-03-09 19:03:00+00:00,1.05873,1.05886,1.05869,1.05882,0
2023-03-09 19:04:00+00:00,1.05884,1.05896,1.05884,1.05896,0
2023-03-09 19:05:00+00:00,1.05896,1.05916,1.05896,1.05913,0
2023-03-09 19:06:00+00:00,1.05913,1.05913,1.05897,1.05913,0
2023-03-09 19:07:00+00:00,1.05912,1.05913,1.05903,1.05908,0
2023-03-09 19:08:00+00:00,1.05909,1.05909,1.05903,1.05903,0
2023-03-09 19:09:00+00:00,1.05904,1.05917,1.05903,1.05917,0
2023-03-09 19:10:00+00:00,1.05918,1.05922,1.05913,1.05917,0
2023-03-09 19:11:00+00:00,1.05917,1.05928,1.05913,1.05919,0
2023-03-09 19:12:00+00:00,1.05918,1.05918,1.05893,1.05913,0
2023-03-09 19:13:00+00:00,1.05911,1.0593,1.05911,1.05924,0
2023-03-09 19:14:00+00:00,1.05922,1.05924,1.05898,1.05898,0
2023-03-09 19:15:00+00:00,1.05902,1.05932,1.05896,1.05931,0
2023-03-09 19:16:00+00:00,1.05932,1.05932,1.05922,1.05926,0
2023-03-09 19:17:00+00:00,1.05927,1.05934,1.05921,1.05921,0
2023-03-09 19:18:00+00:00,1.05923,1.05933,1.05921,1.05926,0
2023-03-09 19:19:00+00:00,1.05926,1.05937,1.05926,1.05932,0
2023-03-09 19:20:00+00:00,1.05931,1.05932,1.05922,1.05922,0
2023-03-09 19:21:00+00:00,1.05921,1.05931,1.05921,1.05929,0
2023-03-09 19:22:00+00:00,1.05929,1.05932,1.05923,1.05931,0
2023-03-09 19:23:00+00:00,1.05932,1.05932,1.05923,1.05927,0
2023-03-09 19:24:00+00:00,1.05927,1.05941,1.05927,1.05939,0
2023-03-09 19:25:00+00:00,1.05941,1.05963,1.0594,1.05962,0
2023-03-09 19:26:00+00:00,1.05963,1.05966,1.05947,1.05952,0
2023-03-09 19:27:00+00:00,1.05952,1.05954,1.05933,1.05937,0
2023-03-09 19:28:00+00:00,1.05937,1.05948,1.05937,1.05948,0
2023-03-09 19:29:00+00:00,1.05949,1.05953,1.05944,1.05951,0
2023-03-09 19:30:00+00:00,1.05953,1.05956,1.05947,1.05952,0
2023-03-09 19:31:00+00:00,1.0595,1.05953,1.05943,1.05947,0
2023-03-09 19:32:00+00:00,1.05946,1.05957,1.05943,1.05957,0
2023-03-09 19:33:00+00:00,1.05954,1.05957,1.05953,1.05956,0
2023-03-09 19:34:00+00:00,1.05956,1.05968,1.05956,1.05965,0
2023-03-09 19:35:00+00:00,1.05964,1.05973,1.05962,1.05968,0
2023-03-09 19:36:00+00:00,1.05966,1.05971,1.05962,1.05969,0
2023-03-09 19:37:00+00:00,1.05969,1.05969,1.05964,1.05967,0
2023-03-09 19:38:00+00:00,1.05967,1.05967,1.05957,1.05959,0
2023-03-09 19:39:00+00:00,1.0596,1.05967,1.05958,1.05961,0
2023-03-09 19:40:00+00:00,1.05961,1.05966,1.05961,1.05963,0
2023-03-09 19:41:00+00:00,1.05963,1.05963,1.05958,1.05962,0
2023-03-09 19:42:00+00:00,1.05962,1.05975,1.05962,1.05969,0
2023-03-09 19:43:00+00:00,1.0597,1.05974,1.05966,1.05967,0
2023-03-09 19:44:00+00:00,1.05969,1.05969,1.05957,1.05959,0
2023-03-09 19:45:00+00:00,1.0596,1.0596,1.05953,1.05956,0
2023-03-09 19:46:00+00:00,1.05957,1.05957,1.05953,1.05954,0
2023-03-09 19:47:00+00:00,1.05954,1.05954,1.05945,1.05946,0
2023-03-09 19:48:00+00:00,1.05948,1.05952,1.05947,1.05952,0
2023-03-09 19:49:00+00:00,1.05951,1.05954,1.05946,1.05954,0
2023-03-09 19:50:00+00:00,1.05954,1.05957,1.05948,1.05948,0
2023-03-09 19:51:00+00:00,1.05949,1.05961,1.05942,1.05961,0
2023-03-09 19:52:00+00:00,1.05964,1.05964,1.05955,1.05956,0
2023-03-09 19:53:00+00:00,1.05957,1.05973,1.05955,1.05965,0
2023-03-09 19:54:00+00:00,1.05966,1.0597,1.05956,1.05959,0
2023-03-09 19:55:00+00:00,1.05952,1.05972,1.05952,1.05971,0
2023-03-09 19:56:00+00:00,1.05971,1.05983,1.05969,1.05981,0
2023-03-09 19:57:00+00:00,1.05981,1.05993,1.0598,1.05986,0
2023-03-09 19:58:00+00:00,1.05988,1.05988,1.05982,1.05986,0
2023-03-09 19:59:00+00:00,1.05987,1.05988,1.05981,1.05986,0
2023-03-09 20:00:00+00:00,1.05985,1.05991,1.05975,1.05977,0
2023-03-09 20:01:00+00:00,1.05975,1.05976,1.05945,1.05947,0
2023-03-09 20:02:00+00:00,1.0595,1.05953,1.05936,1.05941,0
2023-03-09 20:03:00+00:00,1.05942,1.05945,1.0592,1.05927,0
2023-03-09 20:04:00+00:00,1.05925,1.05927,1.05915,1.05918,0
2023-03-09 20:05:00+00:00,1.05919,1.0593,1.05913,1.05916,0
2023-03-09 20:06:00+00:00,1.05916,1.05922,1.05909,1.05918,0
2023-03-09 20:07:00+00:00,1.05916,1.05929,1.05911,1.05927,0
2023-03-09 20:08:00+00:00,1.05929,1.05935,1.05916,1.05916,0
2023-03-09 20:09:00+00:00,1.05917,1.05934,1.05916,1.05932,0
2023-03-09 20:10:00+00:00,1.05931,1.05934,1.05922,1.05933,0
2023-03-09 20:11:00+00:00,1.05933,1.05935,1.05922,1.05925,0
2023-03-09 20:12:00+00:00,1.05926,1.05927,1.05905,1.05908,0
2023-03-09 20:13:00+00:00,1.05906,1.05916,1.05903,1.05903,0
2023-03-09 20:14:00+00:00,1.05905,1.05914,1.05901,1.05909,0
2023-03-09 20:15:00+00:00,1.0591,1.05913,1.05901,1.05911,0
2023-03-09 20:16:00+00:00,1.05912,1.05913,1.05905,1.05907,0
2023-03-09 20:17:00+00:00,1.05909,1.05913,1.05891,1.05904,0
2023-03-09 20:18:00+00:00,1.05904,1.05908,1.05891,1.05897,0
2023-03-09 20:19:00+00:00,1.05895,1.05906,1.05895,1.05904,0
2023-03-09 20:20:00+00:00,1.05904,1.05906,1.05898,1.05902,0
2023-03-09 20:21:00+00:00,1.059,1.05902,1.05895,1.05895,0
2023-03-09 20:22:00+00:00,1.05895,1.05911,1.05895,1.0591,0
2023-03-09 20:23:00+00:00,1.05912,1.05915,1.05905,1.0591,0
2023-03-09 20:24:00+00:00,1.05909,1.05911,1.059,1.05903,0
2023-03-09 20:25:00+00:00,1.05905,1.05925,1.05905,1.05921,0
2023-03-09 20:26:00+00:00,1.05924,1.05924,1.05914,1.05917,0
2023-03-09 20:27:00+00:00,1.05919,1.05923,1.05919,1.05921,0
2023-03-09 20:28:00+00:00,1.0592,1.05921,1.05911,1.05921,0
2023-03-09 20:29:00+00:00,1.05923,1.05943,1.05923,1.0594,0
2023-03-09 20:30:00+00:00,1.05942,1.05942,1.05931,1.05935,0
2023-03-09 20:31:00+00:00,1.05934,1.0594,1.05931,1.0594,0
2023-03-09 20:32:00+00:00,1.0594,1.05942,1.05936,1.05937,0
2023-03-09 20:33:00+00:00,1.05937,1.05944,1.05935,1.05944,0
2023-03-09 20:34:00+00:00,1.05945,1.05948,1.05945,1.05946,0
2023-03-09 20:35:00+00:00,1.05949,1.05949,1.05936,1.05939,0
2023-03-09 20:36:00+00:00,1.05939,1.05942,1.05935,1.05941,0
2023-03-09 20:37:00+00:00,1.05943,1.0595,1.05942,1.05947,0
2023-03-09 20:38:00+00:00,1.05946,1.05957,1.05946,1.05952,0
2023-03-09 20:39:00+00:00,1.05951,1.05952,1.0594,1.05952,0
2023-03-09 20:40:00+00:00,1.05952,1.05953,1.05941,1.05942,0
2023-03-09 20:41:00+00:00,1.05942,1.0595,1.05942,1.05949,0
2023-03-09 20:42:00+00:00,1.05949,1.0595,1.05929,1.05932,0
2023-03-09 20:43:00+00:00,1.05932,1.05936,1.05928,1.05935,0
2023-03-09 20:44:00+00:00,1.05933,1.05943,1.05916,1.05943,0
2023-03-09 20:45:00+00:00,1.05943,1.05949,1.0594,1.0594,0
2023-03-09 20:46:00+00:00,1.05939,1.05943,1.05938,1.05941,0
2023-03-09 20:47:00+00:00,1.0594,1.05945,1.05939,1.05945,0
2023-03-09 20:48:00+00:00,1.05946,1.0595,1.05936,1.05937,0
2023-03-09 20:49:00+00:00,1.0594,1.05943,1.05932,1.05943,0
2023-03-09 20:50:00+00:00,1.05943,1.05947,1.05935,1.05947,0
2023-03-09 20:51:00+00:00,1.05948,1.05954,1.05947,1.05953,0
2023-03-09 20:52:00+00:00,1.05952,1.05952,1.05947,1.05947,0
2023-03-09 20:53:00+00:00,1.05948,1.0595,1.05944,1.05949,0
2023-03-09 20:54:00+00:00,1.05948,1.05952,1.05948,1.05952,0
2023-03-09 20:55:00+00:00,1.05951,1.05955,1.05947,1.05947,0
2023-03-09 20:56:00+00:00,1.05947,1.05947,1.05943,1.05943,0
2023-03-09 20:57:00+00:00,1.05943,1.05943,1.05935,1.05939,0
2023-03-09 20:58:00+00:00,1.05939,1.05942,1.05932,1.05938,0
2023-03-09 20:59:00+00:00,1.0594,1.05948,1.05938,1.05943,0
2023-03-09 21:00:00+00:00,1.05943,1.05946,1.05938,1.05938,0
2023-03-09 21:01:00+00:00,1.05938,1.05946,1.05937,1.05945,0
2023-03-09 21:02:00+00:00,1.05945,1.05948,1.05942,1.05944,0
2023-03-09 21:03:00+00:00,1.05944,1.05947,1.05943,1.05946,0
2023-03-09 21:04:00+00:00,1.05945,1.05949,1.05944,1.05946,0
2023-03-09 21:05:00+00:00,1.05945,1.05954,1.05942,1.05951,0
2023-03-09 21:06:00+00:00,1.05952,1.05958,1.05946,1.05946,0
2023-03-09 21:07:00+00:00,1.05947,1.05947,1.05928,1.05928,0
2023-03-09 21:08:00+00:00,1.05928,1.05931,1.05928,1.05929,0
2023-03-09 21:09:00+00:00,1.05928,1.05932,1.05926,1.0593,0
2023-03-09 21:10:00+00:00,1.05932,1.05939,1.05928,1.05933,0
2023-03-09 21:11:00+00:00,1.05932,1.05947,1.05932,1.05944,0
2023-03-09 21:12:00+00:00,1.05944,1.0595,1.05937,1.0594,0
2023-03-09 21:13:00+00:00,1.05944,1.05947,1.05937,1.05942,0
2023-03-09 21:14:00+00:00,1.05942,1.05955,1.0594,1.05952,0
2023-03-09 21:15:00+00:00,1.05951,1.05951,1.05928,1.05932,0
2023-03-09 21:16:00+00:00,1.05932,1.05937,1.0592,1.05928,0
2023-03-09 21:17:00+00:00,1.05928,1.05929,1.05914,1.05916,0
2023-03-09 21:18:00+00:00,1.05917,1.05919,1.05906,1.05906,0
2023-03-09 21:19:00+00:00,1.05907,1.05908,1.0589,1.05904,0
2023-03-09 21:20:00+00:00,1.05905,1.05907,1.05898,1.05898,0
2023-03-09 21:21:00+00:00,1.05897,1.05897,1.05878,1.05878,0
2023-03-09 21:22:00+00:00,1.05877,1.05881,1.05865,1.05881,0
2023-03-09 21:23:00+00:00,1.0588,1.05881,1.05868,1.05879,0
2023-03-09 21:24:00+00:00,1.05881,1.05885,1.05875,1.05876,0
2023-03-09 21:25:00+00:00,1.05875,1.05876,1.05849,1.0585,0
2023-03-09 21:26:00+00:00,1.05852,1.05856,1.05849,1.05855,0
2023-03-09 21:27:00+00:00,1.05855,1.05862,1.05845,1.05845,0
2023-03-09 21:28:00+00:00,1.05845,1.0585,1.05844,1.05848,0
2023-03-09 21:29:00+00:00,1.05849,1.05851,1.05817,1.05817,0
2023-03-09 21:30:00+00:00,1.05819,1.05856,1.05791,1.05839,0
2023-03-09 21:31:00+00:00,1.05839,1.05857,1.05828,1.05856,0
2023-03-09 21:32:00+00:00,1.05856,1.05865,1.05845,1.05855,0
2023-03-09 21:33:00+00:00,1.05855,1.05858,1.05805,1.05808,0
2023-03-09 21:34:00+00:00,1.05808,1.05821,1.05799,1.05808,0
2023-03-09 21:35:00+00:00,1.05808,1.05856,1.05808,1.05852,0
2023-03-09 21:36:00+00:00,1.05853,1.05897,1.05852,1.05885,0
2023-03-09 21:37:00+00:00,1.05885,1.05909,1.05882,1.05902,0
2023-03-09 21:38:00+00:00,1.05901,1.05901,1.05873,1.05887,0
2023-03-09 21:39:00+00:00,1.05888,1.05931,1.05888,1.05912,0
2023-03-09 21:40:00+00:00,1.0591,1.05918,1.05895,1.05911,0
2023-03-09 21:41:00+00:00,1.0591,1.05924,1.05897,1.05921,0
2023-03-09 21:42:00+00:00,1.05922,1.05944,1.05905,1.05907,0
2023-03-09 21:43:00+00:00,1.0591,1.05913,1.05882,1.05887,0
2023-03-09 21:44:00+00:00,1.05886,1.05893,1.05878,1.05889,0
2023-03-09 21:45:00+00:00,1.05889,1.05907,1.05882,1.05894,0
2023-03-09 21:46:00+00:00,1.05893,1.05896,1.0588,1.0588,0
2023-03-09 21:47:00+00:00,1.05881,1.05896,1.05877,1.05894,0
2023-03-09 21:48:00+00:00,1.05894,1.05903,1.05885,1.05901,0
2023-03-09 21:49:00+00:00,1.05902,1.05902,1.05891,1.05896,0
2023-03-09 21:50:00+00:00,1.05895,1.05902,1.05886,1.05886,0
2023-03-09 21:51:00+00:00,1.05886,1.05886,1.05858,1.05863,0
2023-03-09 21:52:00+00:00,1.05864,1.05864,1.05856,1.05856,0
2023-03-09 21:53:00+00:00,1.05855,1.05874,1.05855,1.05873,0
2023-03-09 21:54:00+00:00,1.05874,1.05879,1.0587,1.05873,0
2023-03-09 21:55:00+00:00,1.05872,1.05886,1.05868,1.05884,0
2023-03-09 21:56:00+00:00,1.05883,1.05897,1.05883,1.05895,0
2023-03-09 21:57:00+00:00,1.05896,1.05903,1.05875,1.0588,0
2023-03-09 21:58:00+00:00,1.05881,1.05886,1.0587,1.05883,0
2023-03-09 21:59:00+00:00,1.05885,1.05906,1.05881,1.05892,0
2023-03-09 22:00:00+00:00,1.05893,1.05895,1.0586,1.0587,0
2023-03-09 22:01:00+00:00,1.05869,1.05876,1.05865,1.05866,0
2023-03-09 22:02:00+00:00,1.05867,1.05873,1.05859,1.05864,0
2023-03-09 22:03:00+00:00,1.05863,1.05864,1.05853,1.05856,0
2023-03-09 22:04:00+00:00,1.05857,1.05904,1.05856,1.05902,0
2023-03-09 22:05:00+00:00,1.05905,1.05905,1.05886,1.05899,0
2023-03-09 22:06:00+00:00,1.05899,1.05906,1.05895,1.05905,0
2023-03-09 22:07:00+00:00,1.05905,1.05924,1.05905,1.05918,0
2023-03-09 22:08:00+00:00,1.05918,1.05933,1.05917,1.05927,0
2023-03-09 22:09:00+00:00,1.05929,1.0594,1.05926,1.05937,0
2023-03-09 22:10:00+00:00,1.05937,1.05946,1.05935,1.05936,0
2023-03-09 22:11:00+00:00,1.05936,1.05944,1.05934,1.05938,0
2023-03-09 22:12:00+00:00,1.05938,1.05948,1.05931,1.05931,0
2023-03-09 22:13:00+00:00,1.05931,1.05932,1.05915,1.05921,0
2023-03-09 22:14:00+00:00,1.05922,1.05937,1.05922,1.05931,0
2023-03-09 22:15:00+00:00,1.05931,1.05931,1.05916,1.0592,0
2023-03-09 22:16:00+00:00,1.0592,1.05931,1.0592,1.05929,0
2023-03-09 22:17:00+00:00,1.0593,1.05957,1.0593,1.0595,0
2023-03-09 22:18:00+00:00,1.0595,1.05955,1.0594,1.0594,0
2023-03-09 22:19:00+00:00,1.05943,1.05943,1.0593,1.05934,0
2023-03-09 22:20:00+00:00,1.05936,1.05941,1.05929,1.05935,0
2023-03-09 22:21:00+00:00,1.05934,1.05938,1.0593,1.05937,0
2023-03-09 22:22:00+00:00,1.05938,1.05945,1.05933,1.0594,0
2023-03-09 22:23:00+00:00,1.05939,1.05942,1.05932,1.05942,0
2023-03-09 22:24:00+00:00,1.05943,1.05943,1.05934,1.05937,0
2023-03-09 22:25:00+00:00,1.05938,1.0594,1.05933,1.05937,0
2023-03-09 22:26:00+00:00,1.05937,1.05941,1.05932,1.05932,0
2023-03-09 22:27:00+00:00,1.05933,1.05943,1.05932,1.05939,0
2023-03-09 22:28:00+00:00,1.0594,1.0594,1.05931,1.05935,0
2023-03-09 22:29:00+00:00,1.05934,1.05943,1.05933,1.05937,0
2023-03-09 22:30:00+00:00,1.05936,1.05938,1.05922,1.05922,0
2023-03-09 22:31:00+00:00,1.05924,1.05945,1.05924,1.05943,0
2023-03-09 22:32:00+00:00,1.05943,1.05948,1.05937,1.05947,0
2023-03-09 22:33:00+00:00,1.05947,1.05949,1.05943,1.05945,0
2023-03-09 22:34:00+00:00,1.05946,1.05948,1.05945,1.05946,0
2023-03-09 22:35:00+00:00,1.05946,1.05948,1.05945,1.05947,0
2023-03-09 22:36:00+00:00,1.05947,1.05949,1.05946,1.05948,0
2023-03-09 22:37:00+00:00,1.05949,1.0595,1.05945,1.05946,0
2023-03-09 22:38:00+00:00,1.05948,1.05957,1.05946,1.05949,0
2023-03-09 22:39:00+00:00,1.05951,1.05964,1.0595,1.05955,0
2023-03-09 22:40:00+00:00,1.05954,1.05958,1.05949,1.05955,0
2023-03-09 22:41:00+00:00,1.05953,1.05954,1.05948,1.05949,0
2023-03-09 22:42:00+00:00,1.05948,1.05954,1.05946,1.05949,0
2023-03-09 22:43:00+00:00,1.05949,1.05957,1.05947,1.05954,0
2023-03-09 22:44:00+00:00,1.05955,1.05958,1.05947,1.05947,0
2023-03-09 22:45:00+00:00,1.05949,1.05959,1.05947,1.05957,0
2023-03-09 22:46:00+00:00,1.05959,1.05964,1.05958,1.05962,0
2023-03-09 22:47:00+00:00,1.05962,1.05981,1.0596,1.05963,0
2023-03-09 22:48:00+00:00,1.05962,1.05965,1.05956,1.05961,0
2023-03-09 22:49:00+00:00,1.0596,1.05967,1.05959,1.05966,0
2023-03-09 22:50:00+00:00,1.05966,1.05967,1.05963,1.05966,0
2023-03-09 22:51:00+00:00,1.05966,1.05967,1.05955,1.05956,0
2023-03-09 22:52:00+00:00,1.05957,1.05964,1.05956,1.05957,0
2023-03-09 22:53:00+00:00,1.05956,1.05959,1.05956,1.05957,0
2023-03-09 22:54:00+00:00,1.05958,1.05962,1.05958,1.05958,0
2023-03-09 22:55:00+00:00,1.05959,1.05963,1.05957,1.0596,0
2023-03-09 22:56:00+00:00,1.05961,1.05962,1.05954,1.05954,0
2023-03-09 22:57:00+00:00,1.05953,1.05957,1.05953,1.05956,0
2023-03-09 22:58:00+00:00,1.05957,1.05965,1.05957,1.05965,0
2023-03-09 22:59:00+00:00,1.05964,1.05968,1.05958,1.05967,0
2023-03-09 23:00:00+00:00,1.05967,1.05967,1.05963,1.05965,0
2023-03-09 23:01:00+00:00,1.05966,1.05967,1.05944,1.05945,0
2023-03-09 23:02:00+00:00,1.05944,1.05947,1.05931,1.05931,0
2023-03-09 23:03:00+00:00,1.05934,1.05949,1.05931,1.05943,0
2023-03-09 23:04:00+00:00,1.05942,1.05947,1.05941,1.05945,0
2023-03-09 23:05:00+00:00,1.05944,1.05956,1.05943,1.05956,0
2023-03-09 23:06:00+00:00,1.05958,1.05967,1.05958,1.05964,0
2023-03-09 23:07:00+00:00,1.05965,1.05966,1.0595,1.0595,0
2023-03-09 23:08:00+00:00,1.05951,1.05957,1.0595,1.05954,0
2023-03-09 23:09:00+00:00,1.05954,1.05955,1.05944,1.05951,0
2023-03-09 23:10:00+00:00,1.05951,1.05962,1.05951,1.05955,0
2023-03-09 23:11:00+00:00,1.05957,1.05964,1.05955,1.05963,0
2023-03-09 23:12:00+00:00,1.05964,1.05964,1.05958,1.05961,0
2023-03-09 23:13:00+00:00,1.0596,1.05966,1.05959,1.05965,0
2023-03-09 23:14:00+00:00,1.05966,1.05968,1.05962,1.05966,0
2023-03-09 23:15:00+00:00,1.05966,1.05967,1.05956,1.05957,0
2023-03-09 23:16:00+00:00,1.0596,1.05961,1.05956,1.05957,0
2023-03-09 23:17:00+00:00,1.05957,1.05966,1.05957,1.05961,0
2023-03-09 23:18:00+00:00,1.05962,1.05964,1.05954,1.05957,0
2023-03-09 23:19:00+00:00,1.05955,1.0596,1.05948,1.05949,0
2023-03-09 23:20:00+00:00,1.05949,1.05953,1.05945,1.05953,0
2023-03-09 23:21:00+00:00,1.05955,1.05961,1.05952,1.0596,0
2023-03-09 23:22:00+00:00,1.0596,1.05967,1.05959,1.05963,0
2023-03-09 23:23:00+00:00,1.05964,1.05967,1.05962,1.05962,0
2023-03-09 23:24:00+00:00,1.05962,1.05968,1.05962,1.05965,0
2023-03-09 23:25:00+00:00,1.05964,1.05967,1.0596,1.0596,0
2023-03-09 23:26:00+00:00,1.05961,1.05965,1.05959,1.05961,0
2023-03-09 23:27:00+00:00,1.05962,1.0597,1.05959,1.0597,0
2023-03-09 23:28:00+00:00,1.05972,1.05974,1.05968,1.0597,0
2023-03-09 23:29:00+00:00,1.05969,1.05973,1.05969,1.05973,0
2023-03-09 23:30:00+00:00,1.05973,1.05979,1.05971,1.05976,0
2023-03-09 23:31:00+00:00,1.05975,1.05979,1.05974,1.05974,0
2023-03-09 23:32:00+00:00,1.05975,1.05984,1.05974,1.05979,0
2023-03-09 23:33:00+00:00,1.0598,1.0598,1.05972,1.05975,0
2023-03-09 23:34:00+00:00,1.05975,1.05978,1.05969,1.05974,0
2023-03-09 23:35:00+00:00,1.05975,1.05978,1.0597,1.05976,0
2023-03-09 23:36:00+00:00,1.05977,1.05979,1.0597,1.05974,0
2023-03-09 23:37:00+00:00,1.05975,1.05976,1.05963,1.05967,0
2023-03-09 23:38:00+00:00,1.05966,1.05966,1.05958,1.05964,0
2023-03-09 23:39:00+00:00,1.05963,1.05966,1.05956,1.05956,0
2023-03-09 23:40:00+00:00,1.05957,1.05957,1.05951,1.05952,0
2023-03-09 23:41:00+00:00,1.05952,1.05968,1.05952,1.05964,0
2023-03-09 23:42:00+00:00,1.05964,1.05973,1.05964,1.05969,0
2023-03-09 23:43:00+00:00,1.05969,1.0597,1.05961,1.05965,0
2023-03-09 23:44:00+00:00,1.05965,1.05971,1.05964,1.05964,0
2023-03-09 23:45:00+00:00,1.05963,1.05963,1.05955,1.05959,0
2023-03-09 23:46:00+00:00,1.0596,1.05965,1.05957,1.05958,0
2023-03-09 23:47:00+00:00,1.05957,1.05961,1.05956,1.0596,0
2023-03-09 23:48:00+00:00,1.05959,1.05964,1.05956,1.05961,0
2023-03-09 23:49:00+00:00,1.05963,1.05968,1.0596,1.0596,0
2023-03-09 23:50:00+00:00,1.0596,1.05967,1.0596,1.05964,0
2023-03-09 23:51:00+00:00,1.05965,1.05971,1.05964,1.05971,0
2023-03-09 23:52:00+00:00,1.05971,1.05972,1.05966,1.05968,0
2023-03-09 23:53:00+00:00,1.05968,1.05968,1.05958,1.05959,0
2023-03-09 23:54:00+00:00,1.05957,1.0597,1.05956,1.05963,0
2023-03-09 23:55:00+00:00,1.05964,1.05971,1.05957,1.05958,0
2023-03-09 23:56:00+00:00,1.05958,1.05959,1.05947,1.05947,0
2023-03-09 23:57:00+00:00,1.05949,1.0595,1.05945,1.05948,0
2023-03-09 23:58:00+00:00,1.05947,1.05948,1.05946,1.05946,0
2023-03-09 23:59:00+00:00,1.05946,1.05949,1.05943,1.05945,0
2023-03-10 00:00:00+00:00,1.05944,1.05949,1.05942,1.05947,0
2023-03-10 00:01:00+00:00,1.05947,1.05949,1.05944,1.05945,0
2023-03-10 00:02:00+00:00,1.05944,1.0595,1.05941,1.05942,0
2023-03-10 00:03:00+00:00,1.05941,1.05942,1.05937,1.05937,0
2023-03-10 00:04:00+00:00,1.05939,1.05942,1.05936,1.05942,0
2023-03-10 00:05:00+00:00,1.05941,1.05948,1.05938,1.0594,0
2023-03-10 00:06:00+00:00,1.05939,1.05949,1.05936,1.05946,0
2023-03-10 00:07:00+00:00,1.05946,1.05947,1.0594,1.05941,0
2023-03-10 00:08:00+00:00,1.05941,1.05941,1.05931,1.05932,0
2023-03-10 00:09:00+00:00,1.05933,1.0594,1.05932,1.05937,0
2023-03-10 00:10:00+00:00,1.05936,1.0594,1.05922,1.05927,0
2023-03-10 00:11:00+00:00,1.05926,1.05933,1.05925,1.05925,0
2023-03-10 00:12:00+00:00,1.05925,1.05928,1.05922,1.05925,0
2023-03-10 00:13:00+00:00,1.05925,1.05926,1.05922,1.05922,0
2023-03-10 00:14:00+00:00,1.05923,1.05925,1.05915,1.05925,0
2023-03-10 00:15:00+00:00,1.05923,1.05926,1.05919,1.0592,0
2023-03-10 00:16:00+00:00,1.0592,1.0592,1.05918,1.05919,0
2023-03-10 00:17:00+00:00,1.05918,1.05918,1.05894,1.05895,0
2023-03-10 00:18:00+00:00,1.05895,1.0591,1.05894,1.05901,0
2023-03-10 00:19:00+00:00,1.059,1.05907,1.05896,1.05905,0
2023-03-10 00:20:00+00:00,1.05905,1.05916,1.05902,1.05903,0
2023-03-10 00:21:00+00:00,1.05903,1.05903,1.05893,1.05895,0
2023-03-10 00:22:00+00:00,1.05896,1.05903,1.0589,1.0589,0
2023-03-10 00:23:00+00:00,1.05891,1.05895,1.05872,1.05875,0
2023-03-10 00:24:00+00:00,1.05876,1.05882,1.05862,1.05863,0
2023-03-10 00:25:00+00:00,1.05861,1.05872,1.0586,1.05861,0
2023-03-10 00:26:00+00:00,1.05861,1.05876,1.05861,1.05869,0
2023-03-10 00:27:00+00:00,1.05869,1.05871,1.05862,1.05869,0
2023-03-10 00:28:00+00:00,1.05871,1.05881,1.05869,1.05875,0
2023-03-10 00:29:00+00:00,1.05876,1.05882,1.05874,1.05877,0
2023-03-10 00:30:00+00:00,1.05877,1.05878,1.05869,1.05873,0
2023-03-10 00:31:00+00:00,1.05872,1.05874,1.05858,1.05861,0
2023-03-10 00:32:00+00:00,1.0586,1.05872,1.05856,1.05869,0
2023-03-10 00:33:00+00:00,1.05869,1.05877,1.05862,1.05875,0
2023-03-10 00:34:00+00:00,1.05875,1.05881,1.0587,1.0587,0
2023-03-10 00:35:00+00:00,1.05871,1.05875,1.0587,1.0587,0
2023-03-10 00:36:00+00:00,1.05871,1.05895,1.0587,1.05887,0
2023-03-10 00:37:00+00:00,1.05888,1.05899,1.05886,1.05886,0
2023-03-10 00:38:00+00:00,1.05886,1.05896,1.05883,1.05893,0
2023-03-10 00:39:00+00:00,1.05892,1.05893,1.05874,1.05881,0
2023-03-10 00:40:00+00:00,1.05881,1.05883,1.05874,1.05878,0
2023-03-10 00:41:00+00:00,1.05879,1.05879,1.0587,1.05871,0
2023-03-10 00:42:00+00:00,1.05873,1.05879,1.05867,1.05868,0
2023-03-10 00:43:00+00:00,1.05867,1.05871,1.05863,1.05865,0
2023-03-10 00:44:00+00:00,1.05865,1.05869,1.05863,1.05869,0
2023-03-10 00:45:00+00:00,1.05868,1.05884,1.05868,1.05883,0
2023-03-10 00:46:00+00:00,1.05883,1.05893,1.05882,1.05883,0
2023-03-10 00:47:00+00:00,1.05883,1.05886,1.05878,1.05878,0
2023-03-10 00:48:00+00:00,1.05877,1.05879,1.0587,1.05873,0
2023-03-10 00:49:00+00:00,1.05874,1.05878,1.05865,1.05868,0
2023-03-10 00:50:00+00:00,1.05867,1.05879,1.05866,1.05872,0
2023-03-10 00:51:00+00:00,1.05872,1.05878,1.0587,1.05877,0
2023-03-10 00:52:00+00:00,1.05877,1.05881,1.05873,1.05876,0
2023-03-10 00:53:00+00:00,1.05876,1.05876,1.05868,1.05871,0
2023-03-10 00:54:00+00:00,1.0587,1.05872,1.05865,1.05869,0
2023-03-10 00:55:00+00:00,1.05869,1.0587,1.0586,1.05862,0
2023-03-10 00:56:00+00:00,1.05865,1.05867,1.05862,1.05864,0
2023-03-10 00:57:00+00:00,1.05865,1.05867,1.05861,1.05866,0
2023-03-10 00:58:00+00:00,1.05867,1.05868,1.05861,1.05862,0
2023-03-10 00:59:00+00:00,1.05861,1.05873,1.05861,1.05865,0
2023-03-10 01:00:00+00:00,1.05865,1.05866,1.05858,1.05865,0
2023-03-10 01:01:00+00:00,1.05866,1.05883,1.05866,1.05883,0
2023-03-10 01:02:00+00:00,1.05886,1.0589,1.05874,1.05887,0
2023-03-10 01:03:00+00:00,1.05888,1.05894,1.05883,1.05888,0
2023-03-10 01:04:00+00:00,1.05887,1.05888,1.05861,1.05861,0
2023-03-10 01:05:00+00:00,1.05861,1.05863,1.05859,1.05862,0
2023-03-10 01:06:00+00:00,1.05862,1.05881,1.05862,1.05878,0
2023-03-10 01:07:00+00:00,1.05878,1.05884,1.05867,1.05884,0
2023-03-10 01:08:00+00:00,1.05883,1.05885,1.05875,1.0588,0
2023-03-10 01:09:00+00:00,1.0588,1.05884,1.05878,1.0588,0
2023-03-10 01:10:00+00:00,1.0588,1.05887,1.05868,1.05869,0
2023-03-10 01:11:00+00:00,1.05869,1.05879,1.05868,1.05873,0
2023-03-10 01:12:00+00:00,1.05872,1.05873,1.05866,1.05872,0
2023-03-10 01:13:00+00:00,1.05873,1.05873,1.05861,1.05872,0
2023-03-10 01:14:00+00:00,1.05874,1.05874,1.05858,1.0586,0
2023-03-10 01:15:00+00:00,1.0586,1.05874,1.05858,1.05873,0
2023-03-10 01:16:00+00:00,1.05873,1.05873,1.05856,1.05862,0
2023-03-10 01:17:00+00:00,1.05862,1.05874,1.05861,1.05874,0
2023-03-10 01:18:00+00:00,1.05875,1.05883,1.05871,1.05883,0
2023-03-10 01:19:00+00:00,1.05882,1.05886,1.05877,1.05877,0
2023-03-10 01:20:00+00:00,1.05878,1.05879,1.05875,1.05878,0
2023-03-10 01:21:00+00:00,1.05878,1.05878,1.05867,1.05868,0
2023-03-10 01:22:00+00:00,1.05869,1.05876,1.05864,1.05865,0
2023-03-10 01:23:00+00:00,1.05864,1.05867,1.05861,1.05864,0
2023-03-10 01:24:00+00:00,1.05862,1.05871,1.05857,1.05869,0
2023-03-10 01:25:00+00:00,1.0587,1.05877,1.05869,1.05873,0
2023-03-10 01:26:00+00:00,1.05873,1.05877,1.05871,1.05876,0
2023-03-10 01:27:00+00:00,1.05874,1.05884,1.05874,1.05884,0
2023-03-10 01:28:00+00:00,1.05885,1.05895,1.05885,1.05889,0
2023-03-10 01:29:00+00:00,1.05888,1.059,1.05878,1.05896,0
2023-03-10 01:30:00+00:00,1.05897,1.05908,1.05888,1.05898,0
2023-03-10 01:31:00+00:00,1.05898,1.05898,1.05886,1.0589,0
2023-03-10 01:32:00+00:00,1.05891,1.05891,1.05878,1.05879,0
2023-03-10 01:33:00+00:00,1.0588,1.05881,1.05861,1.05868,0
2023-03-10 01:34:00+00:00,1.05868,1.05876,1.05867,1.0587,0
2023-03-10 01:35:00+00:00,1.0587,1.05873,1.05855,1.05855,0
2023-03-10 01:36:00+00:00,1.05856,1.05868,1.05854,1.05868,0
2023-03-10 01:37:00+00:00,1.05868,1.05875,1.05862,1.05869,0
2023-03-10 01:38:00+00:00,1.05869,1.05869,1.0586,1.05861,0
2023-03-10 01:39:00+00:00,1.0586,1.05861,1.05854,1.05856,0
2023-03-10 01:40:00+00:00,1.05855,1.05857,1.05831,1.05834,0
2023-03-10 01:41:00+00:00,1.05832,1.0585,1.0583,1.05837,0
2023-03-10 01:42:00+00:00,1.05841,1.05842,1.05821,1.05821,0
2023-03-10 01:43:00+00:00,1.05822,1.05823,1.05811,1.05812,0
2023-03-10 01:44:00+00:00,1.05811,1.05818,1.05809,1.05813,0
2023-03-10 01:45:00+00:00,1.05814,1.05822,1.0581,1.05816,0
2023-03-10 01:46:00+00:00,1.05815,1.05822,1.05815,1.05822,0
2023-03-10 01:47:00+00:00,1.05821,1.05836,1.05818,1.05828,0
2023-03-10 01:48:00+00:00,1.05829,1.05852,1.05829,1.05845,0
2023-03-10 01:49:00+00:00,1.05844,1.05857,1.05841,1.05851,0
2023-03-10 01:50:00+00:00,1.05851,1.05854,1.05834,1.05835,0
2023-03-10 01:51:00+00:00,1.05836,1.05848,1.05832,1.05844,0
2023-03-10 01:52:00+00:00,1.05844,1.05847,1.05827,1.05831,0
2023-03-10 01:53:00+00:00,1.05832,1.05832,1.05827,1.0583,0
2023-03-10 01:54:00+00:00,1.05828,1.05832,1.0582,1.05825,0
2023-03-10 01:55:00+00:00,1.05825,1.05853,1.05825,1.05853,0
2023-03-10 01:56:00+00:00,1.05852,1.05854,1.05838,1.05846,0
2023-03-10 01:57:00+00:00,1.05847,1.0585,1.0583,1.05834,0
2023-03-10 01:58:00+00:00,1.05834,1.05836,1.0583,1.0583,0
2023-03-10 01:59:00+00:00,1.05831,1.0584,1.0583,1.05834,0
2023-03-10 02:00:00+00:00,1.05835,1.05923,1.05835,1.05912,0
2023-03-10 02:01:00+00:00,1.05912,1.05919,1.05901,1.0591,0
2023-03-10 02:02:00+00:00,1.05911,1.05922,1.05896,1.05902,0
2023-03-10 02:03:00+00:00,1.05901,1.05928,1.05898,1.05927,0
2023-03-10 02:04:00+00:00,1.05926,1.05946,1.05921,1.05932,0
2023-03-10 02:05:00+00:00,1.05933,1.05946,1.05925,1.0594,0
2023-03-10 02:06:00+00:00,1.05939,1.05955,1.05915,1.0593,0
2023-03-10 02:07:00+00:00,1.05931,1.05949,1.05926,1.05941,0
2023-03-10 02:08:00+00:00,1.05945,1.05962,1.05943,1.05957,0
2023-03-10 02:09:00+00:00,1.05956,1.05957,1.05935,1.05941,0
2023-03-10 02:10:00+00:00,1.05943,1.05949,1.05932,1.05945,0
2023-03-10 02:11:00+00:00,1.05946,1.05949,1.05934,1.05937,0
2023-03-10 02:12:00+00:00,1.05939,1.05948,1.05932,1.05936,0
2023-03-10 02:13:00+00:00,1.05937,1.0595,1.05928,1.05937,0
2023-03-10 02:14:00+00:00,1.05937,1.05944,1.05922,1.05923,0
2023-03-10 02:15:00+00:00,1.05924,1.05931,1.05915,1.05917,0
2023-03-10 02:16:00+00:00,1.05914,1.05924,1.05913,1.05919,0
2023-03-10 02:17:00+00:00,1.05918,1.05918,1.05901,1.0591,0
2023-03-10 02:18:00+00:00,1.05911,1.05911,1.05879,1.05891,0
2023-03-10 02:19:00+00:00,1.05893,1.05908,1.05892,1.05897,0
2023-03-10 02:20:00+00:00,1.05896,1.05908,1.05889,1.059,0
2023-03-10 02:21:00+00:00,1.05899,1.05916,1.05894,1.05915,0
2023-03-10 02:22:00+00:00,1.05916,1.05921,1.05905,1.05912,0
2023-03-10 02:23:00+00:00,1.05914,1.05929,1.05912,1.05916,0
2023-03-10 02:24:00+00:00,1.05916,1.05938,1.05916,1.05928,0
2023-03-10 02:25:00+00:00,1.0593,1.05937,1.05912,1.05921,0
2023-03-10 02:26:00+00:00,1.05919,1.05928,1.05908,1.05924,0
2023-03-10 02:27:00+00:00,1.05924,1.05937,1.0592,1.05928,0
2023-03-10 02:28:00+00:00,1.05929,1.05948,1.05919,1.05948,0
2023-03-10 02:29:00+00:00,1.05949,1.05956,1.05941,1.05945,0
2023-03-10 02:30:00+00:00,1.05944,1.05951,1.05933,1.05936,0
2023-03-10 02:31:00+00:00,1.05934,1.05951,1.05933,1.05946,0
2023-03-10 02:32:00+00:00,1.05947,1.05981,1.05947,1.05981,0
2023-03-10 02:33:00+00:00,1.0598,1.05995,1.0598,1.05991,0
2023-03-10 02:34:00+00:00,1.05991,1.06,1.05991,1.05995,0
2023-03-10 02:35:00+00:00,1.05995,1.05998,1.05985,1.05996,0
2023-03-10 02:36:00+00:00,1.05998,1.05999,1.05983,1.0599,0
2023-03-10 02:37:00+00:00,1.05992,1.05992,1.05983,1.05991,0
2023-03-10 02:38:00+00:00,1.0599,1.05997,1.05982,1.05988,0
2023-03-10 02:39:00+00:00,1.05988,1.05989,1.05979,1.05982,0
2023-03-10 02:40:00+00:00,1.05983,1.05991,1.05976,1.05991,0
2023-03-10 02:41:00+00:00,1.05992,1.06066,1.05989,1.06051,0
2023-03-10 02:42:00+00:00,1.0605,1.06052,1.06013,1.06016,0
2023-03-10 02:43:00+00:00,1.06017,1.06017,1.05981,1.05985,0
2023-03-10 02:44:00+00:00,1.05985,1.05991,1.05959,1.0596,0
2023-03-10 02:45:00+00:00,1.05962,1.05967,1.05958,1.05966,0
2023-03-10 02:46:00+00:00,1.05965,1.05977,1.05961,1.0597,0
2023-03-10 02:47:00+00:00,1.05969,1.05976,1.05962,1.05975,0
2023-03-10 02:48:00+00:00,1.05975,1.05975,1.05958,1.05973,0
2023-03-10 02:49:00+00:00,1.05973,1.05984,1.05962,1.05962,0
2023-03-10 02:50:00+00:00,1.05965,1.05971,1.05943,1.05952,0
2023-03-10 02:51:00+00:00,1.05953,1.05959,1.05932,1.05937,0
2023-03-10 02:52:00+00:00,1.05938,1.05948,1.05933,1.05937,0
2023-03-10 02:53:00+00:00,1.05939,1.05939,1.05914,1.05918,0
2023-03-10 02:54:00+00:00,1.05917,1.05931,1.05912,1.05928,0
2023-03-10 02:55:00+00:00,1.05928,1.05931,1.05908,1.05911,0
2023-03-10 02:56:00+00:00,1.05913,1.05943,1.05906,1.0594,0
2023-03-10 02:57:00+00:00,1.05939,1.05947,1.05933,1.05934,0
2023-03-10 02:58:00+00:00,1.05933,1.05941,1.05929,1.05939,0
2023-03-10 02:59:00+00:00,1.05939,1.05949,1.05933,1.05948,0
2023-03-10 03:00:00+00:00,1.05946,1.05973,1.0594,1.05955,0
2023-03-10 03:01:00+00:00,1.05954,1.05977,1.05948,1.05967,0
2023-03-10 03:02:00+00:00,1.05966,1.05977,1.05928,1.05929,0
2023-03-10 03:03:00+00:00,1.05928,1.05936,1.05904,1.05904,0
2023-03-10 03:04:00+00:00,1.05903,1.05904,1.05859,1.05859,0
2023-03-10 03:05:00+00:00,1.0586,1.05867,1.05856,1.05867,0
2023-03-10 03:06:00+00:00,1.05865,1.05885,1.0586,1.0586,0
2023-03-10 03:07:00+00:00,1.05861,1.05873,1.05851,1.05857,0
2023-03-10 03:08:00+00:00,1.05856,1.05876,1.05822,1.05834,0
2023-03-10 03:09:00+00:00,1.05832,1.05837,1.05796,1.05815,0
2023-03-10 03:10:00+00:00,1.05814,1.05839,1.05813,1.05829,0
2023-03-10 03:11:00+00:00,1.05829,1.05845,1.05824,1.05828,0
2023-03-10 03:12:00+00:00,1.0583,1.0585,1.05825,1.05831,0
2023-03-10 03:13:00+00:00,1.05829,1.05868,1.05828,1.05868,0
2023-03-10 03:14:00+00:00,1.05871,1.05884,1.05848,1.05851,0
2023-03-10 03:15:00+00:00,1.05851,1.05852,1.058,1.05801,0
2023-03-10 03:16:00+00:00,1.058,1.05813,1.05787,1.05807,0
2023-03-10 03:17:00+00:00,1.05806,1.05807,1.05781,1.05787,0
2023-03-10 03:18:00+00:00,1.05786,1.05807,1.0578,1.05807,0
2023-03-10 03:19:00+00:00,1.05807,1.05815,1.05791,1.05795,0
2023-03-10 03:20:00+00:00,1.05794,1.05805,1.05782,1.0579,0
2023-03-10 03:21:00+00:00,1.05789,1.0579,1.05758,1.05789,0
2023-03-10 03:22:00+00:00,1.05788,1.05796,1.05765,1.05765,0
2023-03-10 03:23:00+00:00,1.05766,1.05768,1.05749,1.05754,0
2023-03-10 03:24:00+00:00,1.05757,1.05772,1.05756,1.0576,0
2023-03-10 03:25:00+00:00,1.05759,1.05761,1.05738,1.05754,0
2023-03-10 03:26:00+00:00,1.05757,1.05791,1.05757,1.0578,0
2023-03-10 03:27:00+00:00,1.05779,1.05804,1.05774,1.05788,0
2023-03-10 03:28:00+00:00,1.05789,1.05808,1.05785,1.058,0
2023-03-10 03:29:00+00:00,1.058,1.05811,1.05788,1.05804,0
2023-03-10 03:30:00+00:00,1.05804,1.05825,1.05779,1.05825,0
2023-03-10 03:31:00+00:00,1.05826,1.05827,1.05799,1.05811,0
2023-03-10 03:32:00+00:00,1.05811,1.05839,1.05807,1.05839,0
2023-03-10 03:33:00+00:00,1.0584,1.05874,1.05839,1.05864,0
2023-03-10 03:34:00+00:00,1.05865,1.05882,1.05853,1.05881,0
2023-03-10 03:35:00+00:00,1.05879,1.0588,1.05848,1.05848,0
2023-03-10 03:36:00+00:00,1.05849,1.05867,1.05833,1.0585,0
2023-03-10 03:37:00+00:00,1.05851,1.05882,1.0585,1.05869,0
2023-03-10 03:38:00+00:00,1.05869,1.05887,1.05869,1.05871,0
2023-03-10 03:39:00+00:00,1.05874,1.059,1.05861,1.05899,0
2023-03-10 03:40:00+00:00,1.05901,1.05906,1.05884,1.05898,0
2023-03-10 03:41:00+00:00,1.05898,1.05923,1.05896,1.05921,0
2023-03-10 03:42:00+00:00,1.05921,1.05964,1.05919,1.05957,0
2023-03-10 03:43:00+00:00,1.05957,1.05986,1.05952,1.05981,0
2023-03-10 03:44:00+00:00,1.05983,1.05989,1.05972,1.05982,0
2023-03-10 03:45:00+00:00,1.05981,1.05982,1.05956,1.05974,0
2023-03-10 03:46:00+00:00,1.05976,1.05979,1.05961,1.05972,0
2023-03-10 03:47:00+00:00,1.05973,1.05982,1.05969,1.05969,0
2023-03-10 03:48:00+00:00,1.05969,1.05973,1.05959,1.05969,0
2023-03-10 03:49:00+00:00,1.05968,1.0597,1.05958,1.05963,0
2023-03-10 03:50:00+00:00,1.05961,1.05967,1.05949,1.05964,0
2023-03-10 03:51:00+00:00,1.05965,1.05968,1.05943,1.05949,0
2023-03-10 03:52:00+00:00,1.0595,1.05965,1.05941,1.05949,0
2023-03-10 03:53:00+00:00,1.05948,1.05949,1.05942,1.05942,0
2023-03-10 03:54:00+00:00,1.05943,1.05968,1.0594,1.05957,0
2023-03-10 03:55:00+00:00,1.05955,1.05959,1.05947,1.05958,0
2023-03-10 03:56:00+00:00,1.05959,1.05961,1.05944,1.05955,0
2023-03-10 03:57:00+00:00,1.05953,1.05958,1.0595,1.05953,0
2023-03-10 03:58:00+00:00,1.05953,1.05958,1.05926,1.05926,0
2023-03-10 03:59:00+00:00,1.05927,1.05927,1.05893,1.05914,0
2023-03-10 04:00:00+00:00,1.05913,1.05929,1.05893,1.05926,0
2023-03-10 04:01:00+00:00,1.05925,1.0593,1.05917,1.05917,0
2023-03-10 04:02:00+00:00,1.05917,1.05953,1.05917,1.05949,0
2023-03-10 04:03:00+00:00,1.05947,1.05958,1.05943,1.05958,0
2023-03-10 04:04:00+00:00,1.05956,1.05956,1.05934,1.05944,0
2023-03-10 04:05:00+00:00,1.05944,1.05957,1.05938,1.0595,0
2023-03-10 04:06:00+00:00,1.05951,1.05958,1.0594,1.0594,0
2023-03-10 04:07:00+00:00,1.0594,1.05958,1.05939,1.05955,0
2023-03-10 04:08:00+00:00,1.05955,1.0597,1.05955,1.05967,0
2023-03-10 04:09:00+00:00,1.05967,1.0598,1.05967,1.05977,0
2023-03-10 04:10:00+00:00,1.05976,1.05986,1.0596,1.05973,0
2023-03-10 04:11:00+00:00,1.05973,1.05976,1.05947,1.05951,0
2023-03-10 04:12:00+00:00,1.05951,1.05962,1.0594,1.0596,0
2023-03-10 04:13:00+00:00,1.05963,1.05976,1.05956,1.05976,0
2023-03-10 04:14:00+00:00,1.05976,1.05978,1.05965,1.05976,0
2023-03-10 04:15:00+00:00,1.05976,1.05977,1.05954,1.0597,0
2023-03-10 04:16:00+00:00,1.05971,1.05976,1.05955,1.05963,0
2023-03-10 04:17:00+00:00,1.05962,1.0597,1.0596,1.05961,0
2023-03-10 04:18:00+00:00,1.05963,1.05965,1.05947,1.05959,0
2023-03-10 04:19:00+00:00,1.0596,1.05964,1.05953,1.05956,0
2023-03-10 04:20:00+00:00,1.05956,1.05956,1.05922,1.05922,0
2023-03-10 04:21:00+00:00,1.05923,1.05923,1.05904,1.05914,0
2023-03-10 04:22:00+00:00,1.05915,1.05922,1.05874,1.05875,0
2023-03-10 04:23:00+00:00,1.05875,1.0588,1.05862,1.05869,0
2023-03-10 04:24:00+00:00,1.05868,1.0587,1.05848,1.05859,0
2023-03-10 04:25:00+00:00,1.05861,1.0587,1.05843,1.05849,0
2023-03-10 04:26:00+00:00,1.05848,1.0586,1.05844,1.0586,0
2023-03-10 04:27:00+00:00,1.0586,1.05893,1.0585,1.05879,0
2023-03-10 04:28:00+00:00,1.0588,1.05891,1.05879,1.05884,0
2023-03-10 04:29:00+00:00,1.05884,1.05889,1.05883,1.05884,0
2023-03-10 04:30:00+00:00,1.05885,1.05929,1.05884,1.05928,0
2023-03-10 04:31:00+00:00,1.0593,1.0593,1.05911,1.05911,0
2023-03-10 04:32:00+00:00,1.05911,1.05939,1.0591,1.05938,0
2023-03-10 04:33:00+00:00,1.05939,1.0595,1.05933,1.05943,0
2023-03-10 04:34:00+00:00,1.05946,1.05973,1.05946,1.05969,0
2023-03-10 04:35:00+00:00,1.05968,1.05978,1.05949,1.05959,0
2023-03-10 04:36:00+00:00,1.05959,1.05971,1.05953,1.05956,0
2023-03-10 04:37:00+00:00,1.05955,1.05962,1.05948,1.05954,0
2023-03-10 04:38:00+00:00,1.05954,1.05964,1.05953,1.05953,0
2023-03-10 04:39:00+00:00,1.05953,1.05961,1.05903,1.05904,0
2023-03-10 04:40:00+00:00,1.05902,1.0591,1.05891,1.05904,0
2023-03-10 04:41:00+00:00,1.05905,1.05933,1.05897,1.05928,0
2023-03-10 04:42:00+00:00,1.05929,1.05932,1.05915,1.05916,0
2023-03-10 04:43:00+00:00,1.05915,1.05917,1.05897,1.05897,0
2023-03-10 04:44:00+00:00,1.05898,1.0592,1.05888,1.05914,0
2023-03-10 04:45:00+00:00,1.05913,1.05913,1.05895,1.05898,0
2023-03-10 04:46:00+00:00,1.05899,1.0594,1.05896,1.05939,0
2023-03-10 04:47:00+00:00,1.05939,1.05963,1.05938,1.05957,0
2023-03-10 04:48:00+00:00,1.05958,1.0597,1.05949,1.05952,0
2023-03-10 04:49:00+00:00,1.05953,1.05953,1.0594,1.05945,0
2023-03-10 04:50:00+00:00,1.05946,1.05961,1.05935,1.05961,0
2023-03-10 04:51:00+00:00,1.0596,1.05983,1.05958,1.05967,0
2023-03-10 04:52:00+00:00,1.05966,1.05971,1.05956,1.0596,0
2023-03-10 04:53:00+00:00,1.05959,1.05961,1.05924,1.05927,0
2023-03-10 04:54:00+00:00,1.05927,1.05927,1.05907,1.05909,0
2023-03-10 04:55:00+00:00,1.05908,1.05909,1.05857,1.05857,0
2023-03-10 04:56:00+00:00,1.05858,1.05859,1.0583,1.05843,0
2023-03-10 04:57:00+00:00,1.05844,1.05855,1.05806,1.05815,0
2023-03-10 04:58:00+00:00,1.05814,1.05851,1.05808,1.05827,0
2023-03-10 04:59:00+00:00,1.05827,1.05841,1.05798,1.05811,0
2023-03-10 05:00:00+00:00,1.05812,1.05822,1.05778,1.05822,0
2023-03-10 05:01:00+00:00,1.05823,1.05834,1.05801,1.05821,0
2023-03-10 05:02:00+00:00,1.05821,1.05853,1.05809,1.05849,0
2023-03-10 05:03:00+00:00,1.05848,1.05855,1.05846,1.0585,0
2023-03-10 05:04:00+00:00,1.05851,1.05861,1.05844,1.0586,0
2023-03-10 05:05:00+00:00,1.05859,1.05866,1.05841,1.05865,0
2023-03-10 05:06:00+00:00,1.05866,1.05888,1.05852,1.05886,0
2023-03-10 05:07:00+00:00,1.05887,1.05898,1.05882,1.05888,0
2023-03-10 05:08:00+00:00,1.05886,1.05899,1.05886,1.0589,0
2023-03-10 05:09:00+00:00,1.0589,1.05895,1.05874,1.05889,0
2023-03-10 05:10:00+00:00,1.05893,1.0591,1.05881,1.059,0
2023-03-10 05:11:00+00:00,1.05901,1.05925,1.05901,1.05922,0
2023-03-10 05:12:00+00:00,1.05921,1.05937,1.05921,1.05929,0
2023-03-10 05:13:00+00:00,1.0593,1.0593,1.05902,1.05907,0
2023-03-10 05:14:00+00:00,1.05908,1.0591,1.05889,1.059,0
2023-03-10 05:15:00+00:00,1.05901,1.05934,1.05898,1.05926,0
2023-03-10 05:16:00+00:00,1.05926,1.05931,1.05915,1.05924,0
2023-03-10 05:17:00+00:00,1.05924,1.05934,1.05923,1.05929,0
2023-03-10 05:18:00+00:00,1.05929,1.05941,1.05922,1.05941,0
2023-03-10 05:19:00+00:00,1.0594,1.05953,1.05935,1.05951,0
2023-03-10 05:20:00+00:00,1.05951,1.05988,1.05951,1.05981,0
2023-03-10 05:21:00+00:00,1.05981,1.05982,1.05955,1.05956,0
2023-03-10 05:22:00+00:00,1.05955,1.05964,1.05949,1.05952,0
2023-03-10 05:23:00+00:00,1.0595,1.05956,1.05941,1.05947,0
2023-03-10 05:24:00+00:00,1.05948,1.05954,1.05941,1.05951,0
2023-03-10 05:25:00+00:00,1.05952,1.05956,1.05939,1.05956,0
2023-03-10 05:26:00+00:00,1.05955,1.05968,1.05954,1.05966,0
2023-03-10 05:27:00+00:00,1.05967,1.05978,1.05962,1.05976,0
2023-03-10 05:28:00+00:00,1.05979,1.05991,1.05977,1.05988,0
2023-03-10 05:29:00+00:00,1.05987,1.0599,1.05981,1.05988,0
2023-03-10 05:30:00+00:00,1.05989,1.05998,1.05988,1.05997,0
2023-03-10 05:31:00+00:00,1.05995,1.05995,1.05989,1.05991,0
2023-03-10 05:32:00+00:00,1.05992,1.05999,1.05989,1.05998,0
2023-03-10 05:33:00+00:00,1.05998,1.06,1.05987,1.05994,0
2023-03-10 05:34:00+00:00,1.05996,1.06036,1.05995,1.06027,0
2023-03-10 05:35:00+00:00,1.06026,1.06026,1.06009,1.06017,0
2023-03-10 05:36:00+00:00,1.06016,1.06017,1.05981,1.05992,0
2023-03-10 05:37:00+00:00,1.05993,1.05993,1.05972,1.05972,0
2023-03-10 05:38:00+00:00,1.05973,1.05982,1.05951,1.05958,0
2023-03-10 05:39:00+00:00,1.05961,1.05988,1.05961,1.05983,0
2023-03-10 05:40:00+00:00,1.05983,1.05984,1.05961,1.05968,0
2023-03-10 05:41:00+00:00,1.05968,1.05969,1.05953,1.0596,0
2023-03-10 05:42:00+00:00,1.05962,1.05987,1.05962,1.05982,0
2023-03-10 05:43:00+00:00,1.05982,1.0599,1.05972,1.05972,0
2023-03-10 05:44:00+00:00,1.05973,1.05976,1.05951,1.05951,0
2023-03-10 05:45:00+00:00,1.0595,1.05951,1.05935,1.05936,0
2023-03-10 05:46:00+00:00,1.05935,1.0594,1.05909,1.05915,0
2023-03-10 05:47:00+00:00,1.05917,1.05926,1.0591,1.0591,0
2023-03-10 05:48:00+00:00,1.05914,1.05937,1.05914,1.05932,0
2023-03-10 05:49:00+00:00,1.05932,1.05933,1.05907,1.05912,0
2023-03-10 05:50:00+00:00,1.05913,1.05937,1.05897,1.05927,0
2023-03-10 05:51:00+00:00,1.05927,1.0593,1.0592,1.05921,0
2023-03-10 05:52:00+00:00,1.05922,1.05933,1.0592,1.05921,0
2023-03-10 05:53:00+00:00,1.05921,1.05922,1.05906,1.05906,0
2023-03-10 05:54:00+00:00,1.05906,1.05917,1.05896,1.05906,0
2023-03-10 05:55:00+00:00,1.05909,1.05911,1.05901,1.05907,0
2023-03-10 05:56:00+00:00,1.05906,1.05907,1.05901,1.05906,0
2023-03-10 05:57:00+00:00,1.05906,1.05906,1.0586,1.05861,0
2023-03-10 05:58:00+00:00,1.0586,1.05867,1.05856,1.05867,0
2023-03-10 05:59:00+00:00,1.05866,1.05888,1.05866,1.05875,0
2023-03-10 07:00:00+00:00,1.05896,1.05896,1.05864,1.05865,0
2023-03-10 07:01:00+00:00,1.05864,1.05874,1.05854,1.05863,0
2023-03-10 07:02:00+00:00,1.05862,1.05875,1.0586,1.05864,0
2023-03-10 07:03:00+00:00,1.05863,1.05866,1.05841,1.05859,0
2023-03-10 07:04:00+00:00,1.05859,1.05862,1.05827,1.05849,0
2023-03-10 07:05:00+00:00,1.0585,1.05866,1.05838,1.05862,0
2023-03-10 07:06:00+00:00,1.05861,1.05866,1.05838,1.0584,0
2023-03-10 07:07:00+00:00,1.05839,1.0584,1.05822,1.05822,0
2023-03-10 07:08:00+00:00,1.05822,1.05826,1.05814,1.05815,0
2023-03-10 07:09:00+00:00,1.05814,1.0583,1.05811,1.05811,0
2023-03-10 07:10:00+00:00,1.05811,1.05825,1.05806,1.05809,0
2023-03-10 07:11:00+00:00,1.0581,1.05835,1.0581,1.05835,0
2023-03-10 07:12:00+00:00,1.05837,1.05837,1.0583,1.05836,0
2023-03-10 07:13:00+00:00,1.05835,1.05841,1.05831,1.05839,0
2023-03-10 07:14:00+00:00,1.05839,1.05858,1.05838,1.05849,0
2023-03-10 07:15:00+00:00,1.05849,1.05865,1.05845,1.0586,0
2023-03-10 07:16:00+00:00,1.05861,1.05875,1.05856,1.05859,0
2023-03-10 07:17:00+00:00,1.0586,1.05861,1.05844,1.05858,0
2023-03-10 07:18:00+00:00,1.05859,1.05883,1.05859,1.05882,0
2023-03-10 07:19:00+00:00,1.05881,1.05881,1.0586,1.05874,0
2023-03-10 07:20:00+00:00,1.05875,1.05875,1.05863,1.05871,0
2023-03-10 07:21:00+00:00,1.05871,1.05883,1.05865,1.05866,0
2023-03-10 07:22:00+00:00,1.05865,1.05868,1.05823,1.05827,0
2023-03-10 07:23:00+00:00,1.05826,1.0584,1.0581,1.05837,0
2023-03-10 07:24:00+00:00,1.05837,1.05871,1.05837,1.05862,0
2023-03-10 07:25:00+00:00,1.05863,1.05886,1.05858,1.0588,0
2023-03-10 07:26:00+00:00,1.05879,1.05887,1.05872,1.05877,0
2023-03-10 07:27:00+00:00,1.05878,1.05879,1.05871,1.05878,0
2023-03-10 07:28:00+00:00,1.05878,1.05884,1.05859,1.05867,0
2023-03-10 07:29:00+00:00,1.05868,1.05882,1.05866,1.05878,0
2023-03-10 07:30:00+00:00,1.05877,1.05885,1.05877,1.05881,0
2023-03-10 07:31:00+00:00,1.05879,1.05885,1.05867,1.05874,0
2023-03-10 07:32:00+00:00,1.05874,1.05883,1.05867,1.05882,0
2023-03-10 07:33:00+00:00,1.05882,1.05918,1.05882,1.05913,0
2023-03-10 07:34:00+00:00,1.05915,1.05915,1.05888,1.05893,0
2023-03-10 07:35:00+00:00,1.05893,1.05922,1.05891,1.05914,0
2023-03-10 07:36:00+00:00,1.05915,1.05918,1.05908,1.05913,0
2023-03-10 07:37:00+00:00,1.05915,1.05917,1.05883,1.05889,0
2023-03-10 07:38:00+00:00,1.05888,1.05908,1.05887,1.05902,0
2023-03-10 07:39:00+00:00,1.05904,1.05921,1.05902,1.05914,0
2023-03-10 07:40:00+00:00,1.05913,1.05924,1.05908,1.05915,0
2023-03-10 07:41:00+00:00,1.05916,1.05921,1.05914,1.0592,0
2023-03-10 07:42:00+00:00,1.05921,1.05955,1.05921,1.0595,0
2023-03-10 07:43:00+00:00,1.0595,1.05952,1.05915,1.05921,0
2023-03-10 07:44:00+00:00,1.05919,1.05922,1.0591,1.05913,0
2023-03-10 07:45:00+00:00,1.05913,1.05947,1.05909,1.05936,0
2023-03-10 07:46:00+00:00,1.05936,1.05966,1.05935,1.05954,0
2023-03-10 07:47:00+00:00,1.05953,1.05961,1.05929,1.0593,0
2023-03-10 07:48:00+00:00,1.0593,1.05934,1.05924,1.0593,0
2023-03-10 07:49:00+00:00,1.0593,1.0594,1.05919,1.05923,0
2023-03-10 07:50:00+00:00,1.05922,1.05935,1.05914,1.05915,0
2023-03-10 07:51:00+00:00,1.05914,1.0592,1.05906,1.05909,0
2023-03-10 07:52:00+00:00,1.0591,1.05925,1.05904,1.0592,0
2023-03-10 07:53:00+00:00,1.05919,1.05954,1.05919,1.05953,0
2023-03-10 07:54:00+00:00,1.05951,1.05951,1.05929,1.05939,0
2023-03-10 07:55:00+00:00,1.05941,1.05963,1.05933,1.05936,0
2023-03-10 07:56:00+00:00,1.05935,1.05961,1.05933,1.05948,0
2023-03-10 07:57:00+00:00,1.05948,1.05984,1.05948,1.05973,0
2023-03-10 07:58:00+00:00,1.05973,1.05973,1.05929,1.05953,0
2023-03-10 07:59:00+00:00,1.05954,1.05955,1.05923,1.05941,0
2023-03-10 09:00:00+00:00,1.06215,1.06216,1.06119,1.06138,0
2023-03-10 09:01:00+00:00,1.06137,1.06239,1.06137,1.06219,0
2023-03-10 09:02:00+00:00,1.06218,1.06246,1.062,1.06232,0
2023-03-10 09:03:00+00:00,1.06233,1.06285,1.06186,1.06239,0
2023-03-10 09:04:00+00:00,1.06239,1.06324,1.06237,1.06319,0
2023-03-10 09:05:00+00:00,1.06316,1.06356,1.06288,1.06351,0
2023-03-10 09:06:00+00:00,1.0635,1.06373,1.06284,1.06342,0
2023-03-10 09:07:00+00:00,1.06343,1.06371,1.06286,1.06295,0
2023-03-10 09:08:00+00:00,1.06296,1.06341,1.06289,1.06293,0
2023-03-10 09:09:00+00:00,1.06295,1.06369,1.06288,1.06367,0
2023-03-10 09:10:00+00:00,1.06366,1.06379,1.06347,1.06367,0
2023-03-10 09:11:00+00:00,1.06368,1.06391,1.06312,1.06353,0
2023-03-10 09:12:00+00:00,1.06352,1.06399,1.06345,1.06385,0
2023-03-10 09:13:00+00:00,1.06383,1.06395,1.06347,1.06374,0
2023-03-10 09:14:00+00:00,1.06374,1.06382,1.06271,1.06292,0
2023-03-10 09:15:00+00:00,1.06289,1.06291,1.06242,1.06289,0
2023-03-10 09:16:00+00:00,1.06289,1.06308,1.06256,1.06276,0
2023-03-10 09:17:00+00:00,1.06277,1.06338,1.06272,1.06337,0
2023-03-10 09:18:00+00:00,1.06333,1.0636,1.06304,1.06325,0
2023-03-10 09:19:00+00:00,1.06325,1.06369,1.06319,1.06349,0
2023-03-10 09:20:00+00:00,1.06348,1.06352,1.06307,1.06322,0
2023-03-10 09:21:00+00:00,1.06322,1.06379,1.06314,1.06366,0
2023-03-10 09:22:00+00:00,1.06366,1.06367,1.06302,1.0633,0
2023-03-10 09:23:00+00:00,1.06329,1.06423,1.06327,1.06408,0
2023-03-10 09:24:00+00:00,1.06406,1.0645,1.06406,1.06415,0
2023-03-10 09:25:00+00:00,1.06414,1.06443,1.06388,1.06388,0
2023-03-10 09:26:00+00:00,1.06388,1.06432,1.06378,1.06394,0
2023-03-10 09:27:00+00:00,1.06395,1.0645,1.06388,1.06447,0
2023-03-10 09:28:00+00:00,1.06447,1.06448,1.06421,1.06424,0
2023-03-10 09:29:00+00:00,1.06426,1.06494,1.064,1.06486,0
2023-03-10 09:30:00+00:00,1.06487,1.06503,1.06472,1.06497,0
2023-03-10 09:31:00+00:00,1.06496,1.06499,1.06437,1.06492,0
2023-03-10 09:32:00+00:00,1.06492,1.0659,1.06492,1.06581,0
2023-03-10 09:33:00+00:00,1.06581,1.06581,1.06471,1.06491,0
2023-03-10 09:34:00+00:00,1.06491,1.06498,1.0644,1.06458,0
2023-03-10 09:35:00+00:00,1.06458,1.06521,1.06449,1.06505,0
2023-03-10 09:36:00+00:00,1.06505,1.06566,1.06486,1.06546,0
2023-03-10 09:37:00+00:00,1.06546,1.06593,1.06531,1.06588,0
2023-03-10 09:38:00+00:00,1.06589,1.06599,1.06534,1.06568,0
2023-03-10 09:39:00+00:00,1.06568,1.06596,1.06551,1.06589,0
2023-03-10 09:40:00+00:00,1.06584,1.06697,1.06566,1.06687,0
2023-03-10 09:41:00+00:00,1.06687,1.06727,1.06677,1.06714,0
2023-03-10 09:42:00+00:00,1.06716,1.06743,1.06677,1.06684,0
2023-03-10 09:43:00+00:00,1.06681,1.06687,1.0665,1.06686,0
2023-03-10 09:44:00+00:00,1.06686,1.06727,1.06671,1.06724,0
2023-03-10 09:45:00+00:00,1.06724,1.06724,1.06663,1.06691,0
2023-03-10 09:46:00+00:00,1.06691,1.06699,1.06599,1.06601,0
2023-03-10 09:47:00+00:00,1.066,1.06613,1.06579,1.0661,0
2023-03-10 09:48:00+00:00,1.06609,1.06609,1.06564,1.06587,0
2023-03-10 09:49:00+00:00,1.06587,1.06606,1.06551,1.0657,0
2023-03-10 09:50:00+00:00,1.06569,1.06575,1.06528,1.06555,0
2023-03-10 09:51:00+00:00,1.06553,1.06571,1.06512,1.06571,0
2023-03-10 09:52:00+00:00,1.06571,1.06608,1.06561,1.066,0
2023-03-10 09:53:00+00:00,1.066,1.06662,1.06599,1.06647,0
2023-03-10 09:54:00+00:00,1.06646,1.06649,1.06575,1.06597,0
2023-03-10 09:55:00+00:00,1.06595,1.06633,1.0656,1.06561,0
2023-03-10 09:56:00+00:00,1.06563,1.0661,1.06555,1.06599,0
2023-03-10 09:57:00+00:00,1.06599,1.06625,1.06579,1.06617,0
2023-03-10 09:58:00+00:00,1.06617,1.06682,1.06615,1.06669,0
2023-03-10 09:59:00+00:00,1.06669,1.06679,1.06641,1.06662,0
2023-03-10 11:00:00+00:00,1.06873,1.06873,1.06845,1.06846,0
2023-03-10 11:01:00+00:00,1.06846,1.06864,1.06844,1.06856,0
2023-03-10 11:02:00+00:00,1.06856,1.06865,1.06831,1.0685,0
2023-03-10 11:03:00+00:00,1.0685,1.0685,1.068,1.06801,0
2023-03-10 11:04:00+00:00,1.06801,1.06803,1.06772,1.06786,0
2023-03-10 11:05:00+00:00,1.06782,1.06782,1.06756,1.06764,0
2023-03-10 11:06:00+00:00,1.06764,1.06783,1.06759,1.06778,0
2023-03-10 11:07:00+00:00,1.06777,1.06786,1.06767,1.06769,0
2023-03-10 11:08:00+00:00,1.0677,1.06773,1.0676,1.06764,0
2023-03-10 11:09:00+00:00,1.06765,1.06782,1.06761,1.06767,0
2023-03-10 11:10:00+00:00,1.06767,1.06786,1.06765,1.06771,0
2023-03-10 11:11:00+00:00,1.06771,1.06771,1.06707,1.0671,0
2023-03-10 11:12:00+00:00,1.06709,1.06725,1.06701,1.06707,0
2023-03-10 11:13:00+00:00,1.06706,1.06729,1.06705,1.06725,0
2023-03-10 11:14:00+00:00,1.06725,1.06727,1.06697,1.067,0
2023-03-10 11:15:00+00:00,1.067,1.06705,1.06669,1.06701,0
2023-03-10 11:16:00+00:00,1.067,1.06735,1.067,1.06726,0
2023-03-10 11:17:00+00:00,1.06726,1.06726,1.06659,1.06676,0
2023-03-10 11:18:00+00:00,1.06676,1.06696,1.06652,1.06686,0
2023-03-10 11:19:00+00:00,1.06687,1.06709,1.06684,1.06703,0
2023-03-10 11:20:00+00:00,1.06702,1.06726,1.06692,1.06723,0
2023-03-10 11:21:00+00:00,1.06726,1.06731,1.06706,1.06723,0
2023-03-10 11:22:00+00:00,1.06722,1.06722,1.06683,1.06683,0
2023-03-10 11:23:00+00:00,1.06683,1.06689,1.06653,1.06655,0
2023-03-10 11:24:00+00:00,1.06654,1.06666,1.06636,1.06658,0
2023-03-10 11:25:00+00:00,1.06659,1.06673,1.06627,1.06672,0
2023-03-10 11:26:00+00:00,1.06671,1.06722,1.0667,1.06712,0
2023-03-10 11:27:00+00:00,1.06712,1.06712,1.06676,1.06684,0
2023-03-10 11:28:00+00:00,1.06684,1.06684,1.06632,1.06648,0
2023-03-10 11:29:00+00:00,1.06646,1.06667,1.06638,1.06654,0
2023-03-10 11:30:00+00:00,1.06654,1.06675,1.06595,1.0661,0
2023-03-10 11:31:00+00:00,1.06611,1.06639,1.06601,1.06622,0
2023-03-10 11:32:00+00:00,1.06622,1.06674,1.06612,1.06652,0
2023-03-10 11:33:00+00:00,1.06654,1.06668,1.06619,1.06622,0
2023-03-10 11:34:00+00:00,1.06622,1.06644,1.06616,1.06621,0
2023-03-10 11:35:00+00:00,1.06623,1.06624,1.06591,1.06605,0
2023-03-10 11:36:00+00:00,1.06603,1.06611,1.06588,1.06598,0
2023-03-10 11:37:00+00:00,1.06597,1.06608,1.06586,1.06591,0
2023-03-10 11:38:00+00:00,1.06589,1.06641,1.06584,1.06641,0
2023-03-10 11:39:00+00:00,1.0664,1.06686,1.06639,1.06664,0
2023-03-10 11:40:00+00:00,1.06664,1.06708,1.06663,1.06704,0
2023-03-10 11:41:00+00:00,1.06703,1.06703,1.06643,1.06655,0
2023-03-10 11:42:00+00:00,1.06654,1.06681,1.06653,1.06674,0
2023-03-10 11:43:00+00:00,1.06674,1.06687,1.06647,1.06674,0
2023-03-10 11:44:00+00:00,1.06674,1.0671,1.06661,1.0667,0
2023-03-10 11:45:00+00:00,1.06671,1.06687,1.06651,1.06666,0
2023-03-10 11:46:00+00:00,1.06664,1.06664,1.06597,1.06641,0
2023-03-10 11:47:00+00:00,1.06641,1.06661,1.06615,1.06631,0
2023-03-10 11:48:00+00:00,1.06632,1.06694,1.06631,1.06688,0
2023-03-10 11:49:00+00:00,1.06689,1.06691,1.06666,1.06673,0
2023-03-10 11:50:00+00:00,1.06672,1.06682,1.06656,1.06663,0
2023-03-10 11:51:00+00:00,1.06661,1.06673,1.06611,1.0663,0
2023-03-10 11:52:00+00:00,1.06632,1.06643,1.06627,1.06634,0
2023-03-10 11:53:00+00:00,1.06634,1.06637,1.06593,1.06625,0
2023-03-10 11:54:00+00:00,1.06625,1.06643,1.06616,1.06632,0
2023-03-10 11:55:00+00:00,1.06616,1.06616,1.06559,1.06562,0
2023-03-10 11:56:00+00:00,1.06561,1.06611,1.06557,1.06587,0
2023-03-10 11:57:00+00:00,1.06587,1.0661,1.06576,1.0659,0
2023-03-10 11:58:00+00:00,1.0659,1.06598,1.06556,1.06562,0
2023-03-10 11:59:00+00:00,1.06562,1.06595,1.06551,1.06585,0
2023-03-10 13:00:00+00:00,1.06683,1.06714,1.06675,1.06713,0
2023-03-10 13:01:00+00:00,1.06713,1.06726,1.0669,1.06691,0
2023-03-10 13:02:00+00:00,1.06688,1.06692,1.06659,1.06662,0
2023-03-10 13:03:00+00:00,1.06662,1.06662,1.06639,1.06644,0
2023-03-10 13:04:00+00:00,1.06642,1.06649,1.0664,1.0664,0
2023-03-10 13:05:00+00:00,1.0664,1.06655,1.06633,1.06654,0
2023-03-10 13:06:00+00:00,1.06654,1.06665,1.06648,1.06662,0
2023-03-10 13:07:00+00:00,1.06661,1.06662,1.06627,1.06632,0
2023-03-10 13:08:00+00:00,1.06632,1.0664,1.06623,1.0663,0
2023-03-10 13:09:00+00:00,1.06633,1.06651,1.06633,1.06641,0
2023-03-10 13:10:00+00:00,1.06641,1.06645,1.06621,1.06622,0
2023-03-10 13:11:00+00:00,1.06623,1.06623,1.06601,1.06602,0
2023-03-10 13:12:00+00:00,1.06603,1.06614,1.06582,1.06611,0
2023-03-10 13:13:00+00:00,1.06612,1.06622,1.06607,1.06612,0
2023-03-10 13:14:00+00:00,1.06611,1.06613,1.06584,1.06584,0
2023-03-10 13:15:00+00:00,1.06584,1.06584,1.0655,1.06563,0
2023-03-10 13:16:00+00:00,1.06563,1.06566,1.06542,1.06543,0
2023-03-10 13:17:00+00:00,1.06542,1.06558,1.06532,1.06542,0
2023-03-10 13:18:00+00:00,1.0654,1.06545,1.06539,1.06541,0
2023-03-10 13:19:00+00:00,1.06541,1.06541,1.06526,1.06528,0
2023-03-10 13:20:00+00:00,1.06527,1.06543,1.06524,1.0653,0
2023-03-10 13:21:00+00:00,1.0653,1.06541,1.06524,1.06524,0
2023-03-10 13:22:00+00:00,1.06521,1.06526,1.06495,1.06509,0
2023-03-10 13:23:00+00:00,1.06508,1.0653,1.06503,1.0652,0
2023-03-10 13:24:00+00:00,1.06521,1.06535,1.06515,1.06535,0
2023-03-10 13:25:00+00:00,1.06534,1.06541,1.0653,1.06537,0
2023-03-10 13:26:00+00:00,1.06539,1.06552,1.06535,1.06543,0
2023-03-10 13:27:00+00:00,1.06545,1.06551,1.06512,1.06517,0
2023-03-10 13:28:00+00:00,1.06517,1.06549,1.06517,1.06541,0
2023-03-10 13:29:00+00:00,1.06542,1.06545,1.06531,1.06533,0
2023-03-10 13:30:00+00:00,1.06534,1.06548,1.06533,1.06533,0
2023-03-10 13:31:00+00:00,1.06533,1.06534,1.06517,1.06523,0
2023-03-10 13:32:00+00:00,1.06522,1.06522,1.06498,1.06504,0
2023-03-10 13:33:00+00:00,1.06503,1.06517,1.06499,1.06502,0
2023-03-10 13:34:00+00:00,1.06503,1.0651,1.06492,1.06495,0
2023-03-10 13:35:00+00:00,1.06494,1.065,1.06484,1.06495,0
2023-03-10 13:36:00+00:00,1.06494,1.06506,1.06485,1.06498,0
2023-03-10 13:37:00+00:00,1.06497,1.06513,1.06491,1.06506,0
2023-03-10 13:38:00+00:00,1.06506,1.06507,1.06498,1.06498,0
2023-03-10 13:39:00+00:00,1.06498,1.06503,1.06485,1.06493,0
2023-03-10 13:40:00+00:00,1.06495,1.06511,1.0649,1.06509,0
2023-03-10 13:41:00+00:00,1.06509,1.06531,1.06504,1.06505,0
2023-03-10 13:42:00+00:00,1.06503,1.06503,1.06482,1.06489,0
2023-03-10 13:43:00+00:00,1.06489,1.06491,1.06479,1.06482,0
2023-03-10 13:44:00+00:00,1.06482,1.06482,1.06464,1.06472,0
2023-03-10 13:45:00+00:00,1.06472,1.06485,1.06455,1.0648,0
2023-03-10 13:46:00+00:00,1.06484,1.06486,1.06459,1.06459,0
2023-03-10 13:47:00+00:00,1.06461,1.06472,1.06439,1.06469,0
2023-03-10 13:48:00+00:00,1.06471,1.06472,1.06445,1.06452,0
2023-03-10 13:49:00+00:00,1.06452,1.06455,1.06436,1.0645,0
2023-03-10 13:50:00+00:00,1.06451,1.06464,1.06446,1.06446,0
2023-03-10 13:51:00+00:00,1.06446,1.06452,1.06431,1.06447,0
2023-03-10 13:52:00+00:00,1.06447,1.06457,1.06436,1.0644,0
2023-03-10 13:53:00+00:00,1.06439,1.06461,1.06438,1.06438,0
2023-03-10 13:54:00+00:00,1.0644,1.06441,1.0642,1.06432,0
2023-03-10 13:55:00+00:00,1.06431,1.06433,1.06413,1.06415,0
2023-03-10 13:56:00+00:00,1.06414,1.06416,1.06399,1.06402,0
2023-03-10 13:57:00+00:00,1.06403,1.0641,1.06396,1.0641,0
2023-03-10 13:58:00+00:00,1.06409,1.06424,1.06406,1.06423,0
2023-03-10 13:59:00+00:00,1.06422,1.0643,1.0642,1.06428,0
2023-03-10 15:00:00+00:00,1.06434,1.06452,1.06417,1.06431,0
2023-03-10 15:01:00+00:00,1.06432,1.06433,1.06413,1.06426,0
2023-03-10 15:02:00+00:00,1.06426,1.06428,1.06404,1.06413,0
2023-03-10 15:03:00+00:00,1.06414,1.06428,1.06406,1.06421,0
2023-03-10 15:04:00+00:00,1.0642,1.06438,1.06416,1.06426,0
2023-03-10 15:05:00+00:00,1.06426,1.06426,1.06405,1.06424,0
2023-03-10 15:06:00+00:00,1.06423,1.06441,1.0642,1.0644,0
2023-03-10 15:07:00+00:00,1.0644,1.06444,1.06422,1.0643,0
2023-03-10 15:08:00+00:00,1.06433,1.06479,1.06433,1.0646,0
2023-03-10 15:09:00+00:00,1.0646,1.06471,1.06454,1.06469,0
2023-03-10 15:10:00+00:00,1.06468,1.06469,1.06432,1.0646,0
2023-03-10 15:11:00+00:00,1.0646,1.06474,1.06441,1.0645,0
2023-03-10 15:12:00+00:00,1.0645,1.06451,1.06432,1.06439,0
2023-03-10 15:13:00+00:00,1.06442,1.06443,1.06428,1.0643,0
2023-03-10 15:14:00+00:00,1.0643,1.06437,1.06411,1.06429,0
2023-03-10 15:15:00+00:00,1.06429,1.06431,1.06412,1.06412,0
2023-03-10 15:16:00+00:00,1.06411,1.06433,1.06402,1.06431,0
2023-03-10 15:17:00+00:00,1.06431,1.06449,1.06428,1.06431,0
2023-03-10 15:18:00+00:00,1.06431,1.06439,1.06423,1.06434,0
2023-03-10 15:19:00+00:00,1.06434,1.06435,1.06413,1.06417,0
2023-03-10 15:20:00+00:00,1.06417,1.06427,1.06413,1.06417,0
2023-03-10 15:21:00+00:00,1.06417,1.06426,1.06405,1.06405,0
2023-03-10 15:22:00+00:00,1.06405,1.06411,1.06395,1.06404,0
2023-03-10 15:23:00+00:00,1.06403,1.06413,1.06395,1.06401,0
2023-03-10 15:24:00+00:00,1.06402,1.06421,1.06397,1.06421,0
2023-03-10 15:25:00+00:00,1.06422,1.0643,1.06416,1.06418,0
2023-03-10 15:26:00+00:00,1.06419,1.06428,1.06417,1.06424,0
2023-03-10 15:27:00+00:00,1.06424,1.06424,1.06386,1.06396,0
2023-03-10 15:28:00+00:00,1.06397,1.06408,1.06397,1.06402,0
2023-03-10 15:29:00+00:00,1.06404,1.06423,1.06404,1.06407,0
2023-03-10 15:30:00+00:00,1.06406,1.06415,1.06399,1.06405,0
2023-03-10 15:31:00+00:00,1.06406,1.06418,1.06394,1.06406,0
2023-03-10 15:32:00+00:00,1.06405,1.06417,1.06405,1.0641,0
2023-03-10 15:33:00+00:00,1.06411,1.06417,1.06394,1.06407,0
2023-03-10 15:34:00+00:00,1.06407,1.06422,1.06405,1.06411,0
2023-03-10 15:35:00+00:00,1.06411,1.06422,1.06406,1.06408,0
2023-03-10 15:36:00+00:00,1.06409,1.06429,1.06403,1.06427,0
2023-03-10 15:37:00+00:00,1.06427,1.06431,1.06419,1.06425,0
2023-03-10 15:38:00+00:00,1.06426,1.06428,1.06413,1.06425,0
2023-03-10 15:39:00+00:00,1.06425,1.06426,1.06413,1.0642,0
2023-03-10 15:40:00+00:00,1.0642,1.06428,1.06417,1.0642,0
2023-03-10 15:41:00+00:00,1.06419,1.06445,1.06417,1.0643,0
2023-03-10 15:42:00+00:00,1.06431,1.0644,1.06424,1.06424,0
2023-03-10 15:43:00+00:00,1.06423,1.06424,1.06414,1.06415,0
2023-03-10 15:44:00+00:00,1.06415,1.06419,1.0641,1.06414,0
2023-03-10 15:45:00+00:00,1.06411,1.06411,1.06387,1.06394,0
2023-03-10 15:46:00+00:00,1.06396,1.06407,1.06395,1.06398,0
2023-03-10 15:47:00+00:00,1.06399,1.06401,1.06389,1.06396,0
2023-03-10 15:48:00+00:00,1.06395,1.06415,1.06394,1.06411,0
2023-03-10 15:49:00+00:00,1.0641,1.06411,1.06397,1.064,0
2023-03-10 15:50:00+00:00,1.06398,1.06408,1.0639,1.06407,0
2023-03-10 15:51:00+00:00,1.06408,1.0641,1.06397,1.06404,0
2023-03-10 15:52:00+00:00,1.06403,1.06406,1.06394,1.06406,0
2023-03-10 15:53:00+00:00,1.06408,1.06418,1.06405,1.06408,0
2023-03-10 15:54:00+00:00,1.06408,1.06408,1.06395,1.06403,0
2023-03-10 15:55:00+00:00,1.06403,1.06403,1.06377,1.06393,0
2023-03-10 15:56:00+00:00,1.06393,1.06394,1.06376,1.06383,0
2023-03-10 15:57:00+00:00,1.06383,1.064,1.0638,1.06391,0
2023-03-10 15:58:00+00:00,1.0639,1.06398,1.06386,1.06387,0
2023-03-10 15:59:00+00:00,1.06387,1.06391,1.06364,1.06368,0
2023-03-12 16:00:00+00:00,1.06808,1.06809,1.06783,1.06783,0
2023-03-12 16:01:00+00:00,1.06792,1.06832,1.06781,1.06785,0
2023-03-12 16:02:00+00:00,1.06785,1.06827,1.06784,1.06827,0
2023-03-12 16:03:00+00:00,1.06832,1.06832,1.06781,1.06811,0
2023-03-12 16:04:00+00:00,1.06813,1.06816,1.06799,1.06803,0
2023-03-12 16:05:00+00:00,1.06803,1.06811,1.06799,1.06799,0
2023-03-12 16:06:00+00:00,1.06799,1.06813,1.06799,1.06812,0
2023-03-12 16:07:00+00:00,1.06811,1.06812,1.06795,1.06795,0
2023-03-12 16:08:00+00:00,1.06795,1.06803,1.06794,1.06803,0
2023-03-12 16:09:00+00:00,1.06803,1.06803,1.0674,1.06796,0
2023-03-12 16:10:00+00:00,1.06796,1.06796,1.06774,1.06774,0
2023-03-12 16:11:00+00:00,1.06774,1.06793,1.06774,1.06793,0
2023-03-12 16:12:00+00:00,1.06773,1.06794,1.06773,1.06782,0
2023-03-12 16:13:00+00:00,1.06782,1.06807,1.06766,1.06772,0
2023-03-12 16:14:00+00:00,1.06792,1.06792,1.06772,1.0678,0
2023-03-12 16:15:00+00:00,1.0678,1.06782,1.06771,1.06771,0
2023-03-12 16:16:00+00:00,1.06773,1.06773,1.06766,1.0677,0
2023-03-12 16:17:00+00:00,1.06772,1.06844,1.06772,1.06844,0
2023-03-12 16:18:00+00:00,1.06844,1.06844,1.06767,1.06809,0
2023-03-12 16:19:00+00:00,1.06811,1.06824,1.06808,1.06808,0
2023-03-12 16:20:00+00:00,1.06848,1.0686,1.06848,1.06859,0
2023-03-12 16:21:00+00:00,1.06858,1.06858,1.06804,1.06831,0
2023-03-12 16:22:00+00:00,1.06831,1.06831,1.068,1.06801,0
2023-03-12 16:23:00+00:00,1.06801,1.06815,1.06797,1.06815,0
2023-03-12 16:24:00+00:00,1.06817,1.06856,1.06808,1.06856,0
2023-03-12 16:25:00+00:00,1.06848,1.06855,1.06847,1.06855,0
2023-03-12 16:26:00+00:00,1.06855,1.06855,1.06853,1.06853,0
2023-03-12 16:27:00+00:00,1.06851,1.06853,1.06818,1.0682,0
2023-03-12 16:28:00+00:00,1.06819,1.0682,1.06807,1.06818,0
2023-03-12 16:29:00+00:00,1.06821,1.06828,1.06818,1.06828,0
2023-03-12 16:30:00+00:00,1.06828,1.06828,1.06801,1.06801,0
2023-03-12 16:31:00+00:00,1.06802,1.0681,1.06802,1.06802,0
2023-03-12 16:32:00+00:00,1.06803,1.06804,1.06799,1.068,0
2023-03-12 16:33:00+00:00,1.06803,1.06806,1.06801,1.06801,0
2023-03-12 16:34:00+00:00,1.06799,1.06809,1.06799,1.06801,0
2023-03-12 16:35:00+00:00,1.06801,1.06801,1.068,1.068,0
2023-03-12 16:36:00+00:00,1.068,1.06804,1.06799,1.068,0
2023-03-12 16:37:00+00:00,1.06801,1.0682,1.06801,1.06818,0
2023-03-12 16:38:00+00:00,1.06818,1.06818,1.06816,1.06816,0
2023-03-12 16:39:00+00:00,1.06818,1.06822,1.06814,1.06814,0
2023-03-12 16:40:00+00:00,1.06815,1.06815,1.06807,1.06813,0
2023-03-12 16:41:00+00:00,1.06817,1.06819,1.06813,1.06813,0
2023-03-12 16:42:00+00:00,1.06811,1.06813,1.0681,1.0681,0
2023-03-12 16:43:00+00:00,1.0681,1.06812,1.06807,1.0681,0
2023-03-12 16:44:00+00:00,1.06811,1.06836,1.06807,1.06828,0
2023-03-12 16:45:00+00:00,1.06833,1.06838,1.0683,1.06838,0
2023-03-12 16:46:00+00:00,1.0684,1.06842,1.06838,1.06839,0
2023-03-12 16:47:00+00:00,1.06838,1.06839,1.06838,1.06839,0
2023-03-12 16:49:00+00:00,1.06838,1.06838,1.06838,1.06838,0
2023-03-12 16:50:00+00:00,1.06838,1.06838,1.0683,1.0683,0
2023-03-12 16:51:00+00:00,1.06832,1.06832,1.06832,1.06832,0
2023-03-12 16:53:00+00:00,1.06832,1.06832,1.0683,1.0683,0
2023-03-12 16:54:00+00:00,1.06836,1.06853,1.06836,1.06853,0
2023-03-12 16:55:00+00:00,1.0683,1.06874,1.0683,1.06867,0
2023-03-12 16:56:00+00:00,1.06859,1.06876,1.06859,1.06876,0
2023-03-12 16:57:00+00:00,1.06877,1.06877,1.06875,1.06875,0
2023-03-12 16:58:00+00:00,1.06875,1.06881,1.06875,1.0688,0
2023-03-12 16:59:00+00:00,1.0688,1.06968,1.0688,1.0694,0
2023-03-12 19:00:00+00:00,1.06811,1.06829,1.06796,1.0682,0
2023-03-12 19:01:00+00:00,1.0682,1.06841,1.06757,1.06772,0
2023-03-12 19:02:00+00:00,1.06772,1.06799,1.06764,1.06795,0
2023-03-12 19:03:00+00:00,1.06793,1.068,1.06776,1.06781,0
2023-03-12 19:04:00+00:00,1.06784,1.06829,1.06784,1.0681,0
2023-03-12 19:05:00+00:00,1.0681,1.06848,1.06806,1.06806,0
2023-03-12 19:06:00+00:00,1.06807,1.06858,1.06805,1.06849,0
2023-03-12 19:07:00+00:00,1.06848,1.06904,1.0684,1.06885,0
2023-03-12 19:08:00+00:00,1.06885,1.06889,1.06842,1.06858,0
2023-03-12 19:09:00+00:00,1.06859,1.06884,1.06859,1.06874,0
2023-03-12 19:10:00+00:00,1.06874,1.06923,1.06859,1.06914,0
2023-03-12 19:11:00+00:00,1.06912,1.06922,1.06889,1.06908,0
2023-03-12 19:12:00+00:00,1.06907,1.06938,1.06905,1.06917,0
2023-03-12 19:13:00+00:00,1.06915,1.06917,1.06876,1.06886,0
2023-03-12 19:14:00+00:00,1.06885,1.06904,1.0688,1.06889,0
2023-03-12 19:15:00+00:00,1.0689,1.06917,1.06857,1.06898,0
2023-03-12 19:16:00+00:00,1.06899,1.06907,1.06884,1.06884,0
2023-03-12 19:17:00+00:00,1.06884,1.06914,1.0687,1.06898,0
2023-03-12 19:18:00+00:00,1.06897,1.06924,1.06893,1.06904,0
2023-03-12 19:19:00+00:00,1.06904,1.06923,1.06892,1.06921,0
2023-03-12 19:20:00+00:00,1.06922,1.06928,1.06907,1.06916,0
2023-03-12 19:21:00+00:00,1.06916,1.06956,1.06915,1.06954,0
2023-03-12 19:22:00+00:00,1.06953,1.06955,1.06927,1.06953,0
2023-03-12 19:23:00+00:00,1.06958,1.06979,1.06948,1.06956,0
2023-03-12 19:24:00+00:00,1.06954,1.06971,1.06935,1.06966,0
2023-03-12 19:25:00+00:00,1.06966,1.06974,1.06949,1.06968,0
2023-03-12 19:26:00+00:00,1.06967,1.06974,1.06952,1.06962,0
2023-03-12 19:27:00+00:00,1.06963,1.06975,1.06955,1.0696,0
2023-03-12 19:28:00+00:00,1.06961,1.06972,1.06938,1.06942,0
2023-03-12 19:29:00+00:00,1.06941,1.06977,1.06934,1.06975,0
2023-03-12 19:30:00+00:00,1.06976,1.06976,1.06949,1.06955,0
2023-03-12 19:31:00+00:00,1.06954,1.06966,1.06949,1.06965,0
2023-03-12 19:32:00+00:00,1.06966,1.06971,1.06936,1.06943,0
2023-03-12 19:33:00+00:00,1.06941,1.06944,1.06909,1.0691,0
2023-03-12 19:34:00+00:00,1.06909,1.06931,1.06905,1.06913,0
2023-03-12 19:35:00+00:00,1.06913,1.06923,1.06897,1.0691,0
2023-03-12 19:36:00+00:00,1.06909,1.06933,1.06907,1.06927,0
2023-03-12 19:37:00+00:00,1.06926,1.06953,1.06922,1.06951,0
2023-03-12 19:38:00+00:00,1.06952,1.06961,1.06941,1.06947,0
2023-03-12 19:39:00+00:00,1.06949,1.06957,1.06947,1.06955,0
2023-03-12 19:40:00+00:00,1.06954,1.06956,1.06932,1.06932,0
2023-03-12 19:41:00+00:00,1.06932,1.06932,1.069,1.069,0
2023-03-12 19:42:00+00:00,1.069,1.06907,1.06894,1.06901,0
2023-03-12 19:43:00+00:00,1.06902,1.06907,1.0688,1.06882,0
2023-03-12 19:44:00+00:00,1.06883,1.06907,1.06877,1.06903,0
2023-03-12 19:45:00+00:00,1.06902,1.06906,1.06893,1.06898,0
2023-03-12 19:46:00+00:00,1.06899,1.06915,1.06898,1.06898,0
2023-03-12 19:47:00+00:00,1.06899,1.06904,1.06891,1.06891,0
2023-03-12 19:48:00+00:00,1.06891,1.06918,1.06887,1.06918,0
2023-03-12 19:49:00+00:00,1.06917,1.06918,1.06903,1.06915,0
2023-03-12 19:50:00+00:00,1.06915,1.06917,1.06899,1.06902,0
2023-03-12 19:51:00+00:00,1.06901,1.06902,1.06877,1.06882,0
2023-03-12 19:52:00+00:00,1.06883,1.06889,1.06875,1.06878,0
2023-03-12 19:53:00+00:00,1.06878,1.06899,1.06877,1.06896,0
2023-03-12 19:54:00+00:00,1.06896,1.06902,1.0689,1.06896,0
2023-03-12 19:55:00+00:00,1.06901,1.06905,1.06886,1.06891,0
2023-03-12 19:56:00+00:00,1.06891,1.06897,1.06862,1.06868,0
2023-03-12 19:57:00+00:00,1.06868,1.06883,1.06853,1.06869,0
2023-03-12 19:58:00+00:00,1.06869,1.06873,1.06845,1.06846,0
2023-03-12 19:59:00+00:00,1.06845,1.06847,1.06809,1.06815,0
2023-03-12 20:00:00+00:00,1.06814,1.06825,1.06805,1.06811,0
2023-03-12 20:01:00+00:00,1.06811,1.06836,1.06806,1.06835,0
2023-03-12 20:02:00+00:00,1.06834,1.06849,1.06825,1.06848,0
2023-03-12 20:03:00+00:00,1.06847,1.06872,1.06839,1.0686,0
2023-03-12 20:04:00+00:00,1.06862,1.06866,1.06853,1.06853,0
2023-03-12 20:05:00+00:00,1.06855,1.06859,1.06833,1.06838,0
2023-03-12 20:06:00+00:00,1.06837,1.06854,1.06833,1.06834,0
2023-03-12 20:07:00+00:00,1.06835,1.06855,1.06834,1.06836,0
2023-03-12 20:08:00+00:00,1.06837,1.06845,1.06816,1.06816,0
2023-03-12 20:09:00+00:00,1.06817,1.06829,1.06808,1.06823,0
2023-03-12 20:10:00+00:00,1.06822,1.06829,1.06807,1.06812,0
2023-03-12 20:11:00+00:00,1.06811,1.06821,1.06794,1.06795,0
2023-03-12 20:12:00+00:00,1.06794,1.06803,1.06783,1.06783,0
2023-03-12 20:13:00+00:00,1.06783,1.06795,1.06783,1.06795,0
2023-03-12 20:14:00+00:00,1.06795,1.06798,1.06769,1.06779,0
2023-03-12 20:15:00+00:00,1.0678,1.06809,1.06773,1.06809,0
2023-03-12 20:16:00+00:00,1.06809,1.06831,1.06809,1.06829,0
2023-03-12 20:17:00+00:00,1.06828,1.0684,1.06817,1.0684,0
2023-03-12 20:18:00+00:00,1.0684,1.06842,1.06822,1.06822,0
2023-03-12 20:19:00+00:00,1.06823,1.06828,1.06814,1.06817,0
2023-03-12 20:20:00+00:00,1.06818,1.06821,1.06792,1.06804,0
2023-03-12 20:21:00+00:00,1.06803,1.06815,1.06792,1.06795,0
2023-03-12 20:22:00+00:00,1.06794,1.06794,1.06769,1.06769,0
2023-03-12 20:23:00+00:00,1.0677,1.0677,1.0675,1.06763,0
2023-03-12 20:24:00+00:00,1.06764,1.06764,1.06738,1.06754,0
2023-03-12 20:25:00+00:00,1.06755,1.06774,1.06751,1.0677,0
2023-03-12 20:26:00+00:00,1.06768,1.0679,1.06767,1.06782,0
2023-03-12 20:27:00+00:00,1.0678,1.06781,1.0675,1.06755,0
2023-03-12 20:28:00+00:00,1.06755,1.06782,1.06752,1.06773,0
2023-03-12 20:29:00+00:00,1.06772,1.06786,1.06764,1.06776,0
2023-03-12 20:30:00+00:00,1.06774,1.06777,1.06743,1.06746,0
2023-03-12 20:31:00+00:00,1.06743,1.06751,1.06729,1.06733,0
2023-03-12 20:32:00+00:00,1.06731,1.06747,1.06727,1.06744,0
2023-03-12 20:33:00+00:00,1.06745,1.06754,1.06716,1.06718,0
2023-03-12 20:34:00+00:00,1.0672,1.06733,1.06717,1.0673,0
2023-03-12 20:35:00+00:00,1.06731,1.06732,1.0672,1.06721,0
2023-03-12 20:36:00+00:00,1.06722,1.06738,1.0672,1.06733,0
2023-03-12 20:37:00+00:00,1.06732,1.06733,1.06707,1.06719,0
2023-03-12 20:38:00+00:00,1.0672,1.06729,1.06712,1.06719,0
2023-03-12 20:39:00+00:00,1.06718,1.06725,1.067,1.06713,0
2023-03-12 20:40:00+00:00,1.06712,1.0673,1.06712,1.06719,0
2023-03-12 20:41:00+00:00,1.0672,1.06728,1.06715,1.06724,0
2023-03-12 20:42:00+00:00,1.06724,1.06746,1.06724,1.06732,0
2023-03-12 20:43:00+00:00,1.06733,1.06758,1.06733,1.06755,0
2023-03-12 20:44:00+00:00,1.06755,1.06766,1.06749,1.06749,0
2023-03-12 20:45:00+00:00,1.0675,1.06751,1.06732,1.06737,0
2023-03-12 20:46:00+00:00,1.06738,1.06747,1.06738,1.06747,0
2023-03-12 20:47:00+00:00,1.06748,1.0676,1.06745,1.0675,0
2023-03-12 20:48:00+00:00,1.0675,1.0676,1.06747,1.06755,0
2023-03-12 20:49:00+00:00,1.06754,1.06758,1.06743,1.06743,0
2023-03-12 20:50:00+00:00,1.06743,1.0675,1.06737,1.06746,0
2023-03-12 20:51:00+00:00,1.06747,1.06755,1.06729,1.0673,0
2023-03-12 20:52:00+00:00,1.06729,1.06738,1.06702,1.06704,0
2023-03-12 20:53:00+00:00,1.06705,1.06732,1.06695,1.06703,0
2023-03-12 20:54:00+00:00,1.06702,1.06712,1.06684,1.0669,0
2023-03-12 20:55:00+00:00,1.06691,1.06702,1.06682,1.06693,0
2023-03-12 20:56:00+00:00,1.06693,1.06698,1.06682,1.06688,0
2023-03-12 20:57:00+00:00,1.06689,1.06689,1.06639,1.06649,0
2023-03-12 20:58:00+00:00,1.0665,1.0666,1.06637,1.0666,0
2023-03-12 20:59:00+00:00,1.06659,1.0669,1.06655,1.06683,0
2023-03-12 21:00:00+00:00,1.06682,1.06695,1.0668,1.06695,0
2023-03-12 21:01:00+00:00,1.06693,1.06708,1.06688,1.0669,0
2023-03-12 21:02:00+00:00,1.06691,1.06726,1.0669,1.06708,0
2023-03-12 21:03:00+00:00,1.06708,1.06731,1.06708,1.06726,0
2023-03-12 21:04:00+00:00,1.06725,1.06725,1.06715,1.06719,0
2023-03-12 21:05:00+00:00,1.06719,1.0675,1.06719,1.06741,0
2023-03-12 21:06:00+00:00,1.06742,1.06756,1.06737,1.06754,0
2023-03-12 21:07:00+00:00,1.06755,1.06756,1.06731,1.06737,0
2023-03-12 21:08:00+00:00,1.06737,1.06763,1.06729,1.06753,0
2023-03-12 21:09:00+00:00,1.06752,1.06767,1.06751,1.06755,0
2023-03-12 21:10:00+00:00,1.06757,1.06761,1.06739,1.06746,0
2023-03-12 21:11:00+00:00,1.06747,1.06749,1.06736,1.06736,0
2023-03-12 21:12:00+00:00,1.06735,1.06759,1.06732,1.06759,0
2023-03-12 21:13:00+00:00,1.06758,1.06777,1.06752,1.06768,0
2023-03-12 21:14:00+00:00,1.06769,1.06789,1.06767,1.06776,0
2023-03-12 21:15:00+00:00,1.06777,1.06787,1.06767,1.06786,0
2023-03-12 21:16:00+00:00,1.06783,1.06794,1.06776,1.06779,0
2023-03-12 21:17:00+00:00,1.06781,1.068,1.06777,1.0678,0
2023-03-12 21:18:00+00:00,1.06781,1.06794,1.06774,1.06781,0
2023-03-12 21:19:00+00:00,1.06781,1.068,1.06779,1.06796,0
2023-03-12 21:20:00+00:00,1.06796,1.06824,1.06793,1.06817,0
2023-03-12 21:21:00+00:00,1.06816,1.0684,1.06812,1.06836,0
2023-03-12 21:22:00+00:00,1.06836,1.06886,1.06833,1.06879,0
2023-03-12 21:23:00+00:00,1.06878,1.06913,1.06878,1.06906,0
2023-03-12 21:24:00+00:00,1.06906,1.06919,1.06889,1.06901,0
2023-03-12 21:25:00+00:00,1.06901,1.06926,1.06884,1.06917,0
2023-03-12 21:26:00+00:00,1.06915,1.06928,1.06905,1.06919,0
2023-03-12 21:27:00+00:00,1.06918,1.06989,1.06918,1.06982,0
2023-03-12 21:28:00+00:00,1.06981,1.06994,1.06974,1.06977,0
2023-03-12 21:29:00+00:00,1.06977,1.0699,1.06965,1.06974,0
2023-03-12 21:30:00+00:00,1.06974,1.07029,1.06974,1.07014,0
2023-03-12 21:31:00+00:00,1.07014,1.07026,1.07005,1.07026,0
2023-03-12 21:32:00+00:00,1.07026,1.07158,1.07025,1.07153,0
2023-03-12 21:33:00+00:00,1.0715,1.07176,1.07139,1.07157,0
2023-03-12 21:34:00+00:00,1.07157,1.0718,1.07148,1.07148,0
2023-03-12 21:35:00+00:00,1.07148,1.07152,1.07115,1.07137,0
2023-03-12 21:36:00+00:00,1.07135,1.0714,1.07109,1.07109,0
2023-03-12 21:37:00+00:00,1.07115,1.07166,1.07112,1.07135,0
2023-03-12 21:38:00+00:00,1.07135,1.07141,1.07111,1.07115,0
2023-03-12 21:39:00+00:00,1.07114,1.07118,1.07081,1.07099,0
2023-03-12 21:40:00+00:00,1.071,1.071,1.0708,1.07081,0
2023-03-12 21:41:00+00:00,1.0708,1.07119,1.0708,1.07116,0
2023-03-12 21:42:00+00:00,1.07114,1.07157,1.07106,1.07156,0
2023-03-12 21:43:00+00:00,1.07154,1.07174,1.07152,1.07159,0
2023-03-12 21:44:00+00:00,1.07159,1.07168,1.07131,1.07147,0
2023-03-12 21:45:00+00:00,1.07146,1.07146,1.07118,1.07124,0
2023-03-12 21:46:00+00:00,1.07122,1.07127,1.07106,1.07117,0
2023-03-12 21:47:00+00:00,1.07117,1.07136,1.07108,1.07131,0
2023-03-12 21:48:00+00:00,1.07131,1.0718,1.07128,1.07145,0
2023-03-12 21:49:00+00:00,1.07147,1.07152,1.07115,1.07125,0
2023-03-12 21:50:00+00:00,1.07124,1.07142,1.07122,1.07122,0
2023-03-12 21:51:00+00:00,1.07122,1.07136,1.07115,1.07133,0
2023-03-12 21:52:00+00:00,1.07134,1.07153,1.07122,1.0715,0
2023-03-12 21:53:00+00:00,1.07151,1.07213,1.07151,1.07213,0
2023-03-12 21:54:00+00:00,1.07212,1.07212,1.07181,1.07192,0
2023-03-12 21:55:00+00:00,1.07194,1.07228,1.07182,1.07227,0
2023-03-12 21:56:00+00:00,1.07226,1.07297,1.07223,1.0729,0
2023-03-12 21:57:00+00:00,1.0729,1.07313,1.07279,1.0729,0
2023-03-12 21:58:00+00:00,1.0729,1.07307,1.07258,1.07261,0
2023-03-12 21:59:00+00:00,1.07261,1.07309,1.07257,1.073,0
2023-03-12 22:00:00+00:00,1.07298,1.07303,1.07245,1.07253,0
2023-03-12 22:01:00+00:00,1.07252,1.07255,1.07216,1.07219,0
2023-03-12 22:02:00+00:00,1.07221,1.07238,1.07221,1.07233,0
2023-03-12 22:03:00+00:00,1.07236,1.0725,1.07234,1.07244,0
2023-03-12 22:04:00+00:00,1.07243,1.07255,1.0724,1.07253,0
2023-03-12 22:05:00+00:00,1.07253,1.07255,1.07226,1.07234,0
2023-03-12 22:06:00+00:00,1.07235,1.07251,1.0723,1.0723,0
2023-03-12 22:07:00+00:00,1.07232,1.0725,1.07229,1.0724,0
2023-03-12 22:08:00+00:00,1.07239,1.07271,1.07239,1.0727,0
2023-03-12 22:09:00+00:00,1.0727,1.07323,1.07264,1.07319,0
2023-03-12 22:10:00+00:00,1.0732,1.07324,1.07308,1.07314,0
2023-03-12 22:11:00+00:00,1.07313,1.0732,1.07291,1.07317,0
2023-03-12 22:12:00+00:00,1.07315,1.07369,1.07315,1.07348,0
2023-03-12 22:13:00+00:00,1.07348,1.07349,1.07296,1.073,0
2023-03-12 22:14:00+00:00,1.07303,1.07307,1.07294,1.07296,0
2023-03-12 22:15:00+00:00,1.07295,1.07325,1.07292,1.07317,0
2023-03-12 22:16:00+00:00,1.07318,1.07326,1.07309,1.07321,0
2023-03-12 22:17:00+00:00,1.07322,1.07325,1.07316,1.07324,0
2023-03-12 22:18:00+00:00,1.07323,1.07335,1.07323,1.07328,0
2023-03-12 22:19:00+00:00,1.07329,1.0733,1.07311,1.07314,0
2023-03-12 22:20:00+00:00,1.07315,1.07315,1.0727,1.0727,0
2023-03-12 22:21:00+00:00,1.07269,1.07275,1.07254,1.07273,0
2023-03-12 22:22:00+00:00,1.07273,1.07275,1.07248,1.07254,0
2023-03-12 22:23:00+00:00,1.07255,1.07271,1.07249,1.07268,0
2023-03-12 22:24:00+00:00,1.07269,1.07277,1.07252,1.07254,0
2023-03-12 22:25:00+00:00,1.07255,1.07258,1.07228,1.07238,0
2023-03-12 22:26:00+00:00,1.07237,1.07249,1.07228,1.07248,0
2023-03-12 22:27:00+00:00,1.07249,1.07253,1.0724,1.07242,0
2023-03-12 22:28:00+00:00,1.07244,1.07249,1.07239,1.07243,0
2023-03-12 22:29:00+00:00,1.07242,1.07244,1.07219,1.07223,0
2023-03-12 22:30:00+00:00,1.07226,1.07233,1.07219,1.07221,0
2023-03-12 22:31:00+00:00,1.0722,1.07224,1.07205,1.07213,0
2023-03-12 22:32:00+00:00,1.07213,1.07225,1.07204,1.07216,0
2023-03-12 22:33:00+00:00,1.07217,1.07218,1.07203,1.07208,0
2023-03-12 22:34:00+00:00,1.07213,1.07243,1.07211,1.07238,0
2023-03-12 22:35:00+00:00,1.07238,1.07245,1.07232,1.07245,0
2023-03-12 22:36:00+00:00,1.07245,1.07278,1.07245,1.07271,0
2023-03-12 22:37:00+00:00,1.07269,1.07296,1.07258,1.07296,0
2023-03-12 22:38:00+00:00,1.07295,1.07295,1.07266,1.07269,0
2023-03-12 22:39:00+00:00,1.07269,1.07276,1.07264,1.07266,0
2023-03-12 22:40:00+00:00,1.07265,1.07274,1.07261,1.07268,0
2023-03-12 22:41:00+00:00,1.07267,1.07267,1.07242,1.07246,0
2023-03-12 22:42:00+00:00,1.07246,1.0725,1.07238,1.0725,0
2023-03-12 22:43:00+00:00,1.07251,1.07254,1.07248,1.0725,0
2023-03-12 22:44:00+00:00,1.07255,1.07259,1.07243,1.07249,0
2023-03-12 22:45:00+00:00,1.07248,1.07264,1.07248,1.07259,0
2023-03-12 22:46:00+00:00,1.0726,1.07268,1.0726,1.0726,0
2023-03-12 22:47:00+00:00,1.0726,1.0726,1.07229,1.07233,0
2023-03-12 22:48:00+00:00,1.07233,1.07234,1.07216,1.07222,0
2023-03-12 22:49:00+00:00,1.07221,1.07223,1.07207,1.07211,0
2023-03-12 22:50:00+00:00,1.0721,1.07224,1.07208,1.07212,0
2023-03-12 22:51:00+00:00,1.07211,1.07221,1.07209,1.0722,0
2023-03-12 22:52:00+00:00,1.07221,1.07225,1.07206,1.07213,0
2023-03-12 22:53:00+00:00,1.07214,1.07214,1.07196,1.07199,0
2023-03-12 22:54:00+00:00,1.07198,1.07219,1.07196,1.07219,0
2023-03-12 22:55:00+00:00,1.0722,1.07228,1.07207,1.07212,0
2023-03-12 22:56:00+00:00,1.07211,1.07211,1.07174,1.07179,0
2023-03-12 22:57:00+00:00,1.07179,1.07182,1.07167,1.07174,0
2023-03-12 22:58:00+00:00,1.07175,1.07182,1.07167,1.07167,0
2023-03-12 22:59:00+00:00,1.07168,1.07182,1.07162,1.07168,0
2023-03-12 23:00:00+00:00,1.0717,1.07211,1.0717,1.07191,0
2023-03-12 23:01:00+00:00,1.07187,1.07208,1.07187,1.07205,0
2023-03-12 23:02:00+00:00,1.07206,1.07215,1.07201,1.07211,0
2023-03-12 23:03:00+00:00,1.07211,1.07236,1.07208,1.07225,0
2023-03-12 23:04:00+00:00,1.07224,1.07225,1.07202,1.07208,0
2023-03-12 23:05:00+00:00,1.07206,1.07216,1.07202,1.07211,0
2023-03-12 23:06:00+00:00,1.07212,1.07212,1.07194,1.072,0
2023-03-12 23:07:00+00:00,1.07202,1.07206,1.07189,1.07206,0
2023-03-12 23:08:00+00:00,1.07204,1.07225,1.07195,1.07221,0
2023-03-12 23:09:00+00:00,1.07223,1.07227,1.07219,1.07225,0
2023-03-12 23:10:00+00:00,1.07229,1.07231,1.07223,1.07224,0
2023-03-12 23:11:00+00:00,1.07225,1.07225,1.07214,1.07215,0
2023-03-12 23:12:00+00:00,1.07218,1.07219,1.07196,1.07202,0
2023-03-12 23:13:00+00:00,1.07203,1.07212,1.07203,1.07208,0
2023-03-12 23:14:00+00:00,1.07208,1.0721,1.07204,1.07204,0
2023-03-12 23:15:00+00:00,1.07204,1.07211,1.07202,1.07202,0
2023-03-12 23:16:00+00:00,1.07202,1.07203,1.07186,1.0719,0
2023-03-12 23:17:00+00:00,1.07189,1.07193,1.07184,1.07189,0
2023-03-12 23:18:00+00:00,1.07188,1.07189,1.07181,1.07181,0
2023-03-12 23:19:00+00:00,1.07181,1.07185,1.07179,1.0718,0
2023-03-12 23:20:00+00:00,1.0718,1.07204,1.0718,1.07203,0
2023-03-12 23:21:00+00:00,1.07203,1.07203,1.07196,1.07198,0
2023-03-12 23:22:00+00:00,1.07197,1.07198,1.07196,1.07198,0
2023-03-12 23:23:00+00:00,1.07197,1.07203,1.07185,1.07185,0
2023-03-12 23:24:00+00:00,1.07186,1.07216,1.07184,1.07213,0
2023-03-12 23:25:00+00:00,1.07213,1.07229,1.07206,1.07225,0
2023-03-12 23:26:00+00:00,1.07225,1.07229,1.07219,1.07226,0
2023-03-12 23:27:00+00:00,1.07227,1.07246,1.07223,1.07243,0
2023-03-12 23:28:00+00:00,1.07242,1.07255,1.0724,1.0725,0
2023-03-12 23:29:00+00:00,1.0725,1.07255,1.07241,1.07244,0
2023-03-12 23:30:00+00:00,1.07243,1.07243,1.07225,1.07226,0
2023-03-12 23:31:00+00:00,1.07225,1.07229,1.07194,1.07196,0
2023-03-12 23:32:00+00:00,1.07197,1.07202,1.07193,1.07201,0
2023-03-12 23:33:00+00:00,1.07201,1.0722,1.072,1.07212,0
2023-03-12 23:34:00+00:00,1.07211,1.0722,1.07205,1.07217,0
2023-03-12 23:35:00+00:00,1.07217,1.07217,1.07209,1.07216,0
2023-03-12 23:36:00+00:00,1.07216,1.0723,1.07213,1.07218,0
2023-03-12 23:37:00+00:00,1.07217,1.07219,1.07214,1.07214,0
2023-03-12 23:38:00+00:00,1.07214,1.0724,1.07214,1.0724,0
2023-03-12 23:39:00+00:00,1.07239,1.07241,1.07228,1.07232,0
2023-03-12 23:40:00+00:00,1.07232,1.07237,1.07231,1.07232,0
2023-03-12 23:41:00+00:00,1.07232,1.07233,1.07229,1.07229,0
2023-03-12 23:42:00+00:00,1.07229,1.0723,1.07226,1.07228,0
2023-03-12 23:43:00+00:00,1.07229,1.07233,1.07226,1.07227,0
2023-03-12 23:44:00+00:00,1.07228,1.07228,1.07226,1.07228,0
2023-03-12 23:45:00+00:00,1.07227,1.07241,1.07227,1.07235,0
2023-03-12 23:46:00+00:00,1.07234,1.07235,1.07227,1.07227,0
2023-03-12 23:47:00+00:00,1.07227,1.07228,1.07205,1.07206,0
2023-03-12 23:48:00+00:00,1.07206,1.07206,1.07195,1.07195,0
2023-03-12 23:49:00+00:00,1.07194,1.07198,1.0719,1.07197,0
2023-03-12 23:50:00+00:00,1.07196,1.07222,1.07195,1.07219,0
2023-03-12 23:51:00+00:00,1.07218,1.07226,1.07215,1.07217,0
2023-03-12 23:52:00+00:00,1.07216,1.07217,1.07194,1.07198,0
2023-03-12 23:53:00+00:00,1.07199,1.072,1.0718,1.07181,0
2023-03-12 23:54:00+00:00,1.07181,1.07192,1.07181,1.07188,0
2023-03-12 23:55:00+00:00,1.07191,1.07202,1.07189,1.07199,0
2023-03-12 23:56:00+00:00,1.07197,1.07197,1.07184,1.07192,0
2023-03-12 23:57:00+00:00,1.07193,1.07195,1.07169,1.07172,0
2023-03-12 23:58:00+00:00,1.07173,1.07177,1.07162,1.07168,0
2023-03-12 23:59:00+00:00,1.07166,1.07181,1.07166,1.07176,0
2023-03-13 00:00:00+00:00,1.07176,1.07192,1.07169,1.07191,0
2023-03-13 00:01:00+00:00,1.07191,1.07193,1.07181,1.07182,0
2023-03-13 00:02:00+00:00,1.07184,1.07188,1.0717,1.07181,0
2023-03-13 00:03:00+00:00,1.0718,1.0718,1.07171,1.07176,0
2023-03-13 00:04:00+00:00,1.07178,1.07201,1.07178,1.07192,0
2023-03-13 00:05:00+00:00,1.07192,1.07206,1.07192,1.07198,0
2023-03-13 00:06:00+00:00,1.07199,1.07201,1.07189,1.07191,0
2023-03-13 00:07:00+00:00,1.07193,1.07198,1.07191,1.07193,0
2023-03-13 00:08:00+00:00,1.07194,1.07209,1.07191,1.07206,0
2023-03-13 00:09:00+00:00,1.07206,1.07216,1.07206,1.07211,0
2023-03-13 00:10:00+00:00,1.07212,1.07217,1.07211,1.07212,0
2023-03-13 00:11:00+00:00,1.07213,1.07232,1.07208,1.07232,0
2023-03-13 00:12:00+00:00,1.07233,1.07238,1.07232,1.07232,0
2023-03-13 00:13:00+00:00,1.07233,1.07243,1.07229,1.07243,0
2023-03-13 00:14:00+00:00,1.07242,1.07252,1.07241,1.07245,0
2023-03-13 00:15:00+00:00,1.07244,1.07256,1.07241,1.07255,0
2023-03-13 00:16:00+00:00,1.07254,1.07261,1.07252,1.0726,0
2023-03-13 00:17:00+00:00,1.07262,1.07263,1.07237,1.07237,0
2023-03-13 00:18:00+00:00,1.07235,1.07238,1.07226,1.07231,0
2023-03-13 00:19:00+00:00,1.07231,1.07249,1.0723,1.07245,0
2023-03-13 00:20:00+00:00,1.07244,1.0725,1.07241,1.07242,0
2023-03-13 00:21:00+00:00,1.07244,1.07244,1.07231,1.07239,0
2023-03-13 00:22:00+00:00,1.07242,1.07243,1.07235,1.07238,0
2023-03-13 00:23:00+00:00,1.07239,1.07243,1.07233,1.07233,0
2023-03-13 00:24:00+00:00,1.07232,1.07232,1.07214,1.07217,0
2023-03-13 00:25:00+00:00,1.07217,1.07218,1.07202,1.07203,0
2023-03-13 00:26:00+00:00,1.07203,1.07208,1.07192,1.07201,0
2023-03-13 00:27:00+00:00,1.07202,1.07209,1.07197,1.07206,0
2023-03-13 00:28:00+00:00,1.07206,1.07211,1.07203,1.07209,0
2023-03-13 00:29:00+00:00,1.07209,1.07218,1.07209,1.07218,0
2023-03-13 00:30:00+00:00,1.0722,1.07225,1.07214,1.07218,0
2023-03-13 00:31:00+00:00,1.07219,1.07224,1.07214,1.07223,0
2023-03-13 00:32:00+00:00,1.07223,1.07227,1.07221,1.07221,0
2023-03-13 00:33:00+00:00,1.07222,1.07224,1.07218,1.07221,0
2023-03-13 00:34:00+00:00,1.07222,1.07225,1.07219,1.07219,0
2023-03-13 00:35:00+00:00,1.07219,1.07219,1.07209,1.07209,0
2023-03-13 00:36:00+00:00,1.0721,1.07211,1.0718,1.07182,0
2023-03-13 00:37:00+00:00,1.07183,1.07196,1.07181,1.07185,0
2023-03-13 00:38:00+00:00,1.07185,1.07185,1.07169,1.0717,0
2023-03-13 00:39:00+00:00,1.0717,1.07186,1.0717,1.07178,0
2023-03-13 00:40:00+00:00,1.07177,1.07184,1.07175,1.07182,0
2023-03-13 00:41:00+00:00,1.07181,1.07198,1.07181,1.07192,0
2023-03-13 00:42:00+00:00,1.07192,1.07192,1.07182,1.07188,0
2023-03-13 00:43:00+00:00,1.07186,1.07187,1.07181,1.07182,0
2023-03-13 00:44:00+00:00,1.07184,1.0719,1.07184,1.0719,0
2023-03-13 00:45:00+00:00,1.07189,1.07215,1.07189,1.07213,0
2023-03-13 00:46:00+00:00,1.07213,1.07224,1.07212,1.07223,0
2023-03-13 00:47:00+00:00,1.07223,1.07233,1.07222,1.07232,0
2023-03-13 00:48:00+00:00,1.07232,1.07252,1.07228,1.07231,0
2023-03-13 00:49:00+00:00,1.07233,1.07233,1.07216,1.07218,0
2023-03-13 00:50:00+00:00,1.07219,1.07227,1.07217,1.07217,0
2023-03-13 00:51:00+00:00,1.07217,1.07218,1.07189,1.07207,0
2023-03-13 00:52:00+00:00,1.07208,1.07213,1.07197,1.07197,0
2023-03-13 00:53:00+00:00,1.07197,1.07208,1.07197,1.072,0
2023-03-13 00:54:00+00:00,1.07201,1.07206,1.07192,1.07204,0
2023-03-13 00:55:00+00:00,1.07204,1.07213,1.07191,1.07192,0
2023-03-13 00:56:00+00:00,1.07193,1.07194,1.07182,1.07189,0
2023-03-13 00:57:00+00:00,1.07189,1.07196,1.07181,1.07196,0
2023-03-13 00:58:00+00:00,1.07197,1.07203,1.07192,1.07203,0
2023-03-13 00:59:00+00:00,1.07202,1.07209,1.07199,1.07199,0
2023-03-13 01:00:00+00:00,1.072,1.07202,1.07172,1.07184,0
2023-03-13 01:01:00+00:00,1.07184,1.07196,1.07182,1.07195,0
2023-03-13 01:02:00+00:00,1.07196,1.07212,1.07196,1.07212,0
2023-03-13 01:03:00+00:00,1.07211,1.07223,1.07209,1.07222,0
2023-03-13 01:04:00+00:00,1.07221,1.07238,1.07218,1.07231,0
2023-03-13 01:05:00+00:00,1.07232,1.07252,1.0723,1.07235,0
2023-03-13 01:06:00+00:00,1.07233,1.07234,1.07213,1.07233,0
2023-03-13 01:07:00+00:00,1.07233,1.0726,1.07232,1.07251,0
2023-03-13 01:08:00+00:00,1.07252,1.07275,1.0725,1.07264,0
2023-03-13 01:09:00+00:00,1.07263,1.07273,1.07258,1.07266,0
2023-03-13 01:10:00+00:00,1.07266,1.07277,1.07258,1.07274,0
2023-03-13 01:11:00+00:00,1.07273,1.07278,1.07268,1.07274,0
2023-03-13 01:12:00+00:00,1.07275,1.0729,1.07273,1.07274,0
2023-03-13 01:13:00+00:00,1.07273,1.07276,1.07262,1.07265,0
2023-03-13 01:14:00+00:00,1.07265,1.07279,1.07262,1.07272,0
2023-03-13 01:15:00+00:00,1.07273,1.07289,1.07272,1.07282,0
2023-03-13 01:16:00+00:00,1.07283,1.07294,1.07268,1.07271,0
2023-03-13 01:17:00+00:00,1.07269,1.07269,1.07242,1.07245,0
2023-03-13 01:18:00+00:00,1.07245,1.07251,1.07222,1.07224,0
2023-03-13 01:19:00+00:00,1.07225,1.07228,1.07211,1.07218,0
2023-03-13 01:20:00+00:00,1.07218,1.07226,1.07212,1.07216,0
2023-03-13 01:21:00+00:00,1.07217,1.07236,1.07214,1.07228,0
2023-03-13 01:22:00+00:00,1.07227,1.07238,1.07225,1.07228,0
2023-03-13 01:23:00+00:00,1.07228,1.07229,1.07208,1.07213,0
2023-03-13 01:24:00+00:00,1.07214,1.07215,1.07206,1.07212,0
2023-03-13 01:25:00+00:00,1.07211,1.07211,1.07184,1.07191,0
2023-03-13 01:26:00+00:00,1.0719,1.07198,1.07177,1.0719,0
2023-03-13 01:27:00+00:00,1.07189,1.07192,1.0718,1.07182,0
2023-03-13 01:28:00+00:00,1.07183,1.07191,1.07181,1.07186,0
2023-03-13 01:29:00+00:00,1.07189,1.07198,1.07188,1.07193,0
2023-03-13 01:30:00+00:00,1.07194,1.07204,1.07178,1.07178,0
2023-03-13 01:31:00+00:00,1.0718,1.07187,1.07175,1.07176,0
2023-03-13 01:32:00+00:00,1.07177,1.07181,1.07173,1.07176,0
2023-03-13 01:33:00+00:00,1.07177,1.07178,1.0716,1.07167,0
2023-03-13 01:34:00+00:00,1.07166,1.07168,1.07161,1.07166,0
2023-03-13 01:35:00+00:00,1.07166,1.07179,1.07163,1.07175,0
2023-03-13 01:36:00+00:00,1.07174,1.07175,1.07164,1.07166,0
2023-03-13 01:37:00+00:00,1.07166,1.07167,1.07147,1.07155,0
2023-03-13 01:38:00+00:00,1.07154,1.07154,1.07131,1.07135,0
2023-03-13 01:39:00+00:00,1.07133,1.07147,1.07131,1.07146,0
2023-03-13 01:40:00+00:00,1.07146,1.07165,1.0714,1.07163,0
2023-03-13 01:41:00+00:00,1.07164,1.07169,1.07154,1.07165,0
2023-03-13 01:42:00+00:00,1.07167,1.07184,1.07166,1.07179,0
2023-03-13 01:43:00+00:00,1.07181,1.07202,1.07181,1.07193,0
2023-03-13 01:44:00+00:00,1.07194,1.07197,1.07182,1.07186,0
2023-03-13 01:45:00+00:00,1.07185,1.07196,1.07177,1.07196,0
2023-03-13 01:46:00+00:00,1.07198,1.07218,1.07194,1.07217,0
2023-03-13 01:47:00+00:00,1.07217,1.07229,1.07213,1.07226,0
2023-03-13 01:48:00+00:00,1.07226,1.07227,1.07211,1.07211,0
2023-03-13 01:49:00+00:00,1.0721,1.07228,1.0721,1.07223,0
2023-03-13 01:50:00+00:00,1.07221,1.07222,1.07205,1.07221,0
2023-03-13 01:51:00+00:00,1.07221,1.07247,1.07217,1.07242,0
2023-03-13 01:52:00+00:00,1.07243,1.07269,1.07242,1.07264,0
2023-03-13 01:53:00+00:00,1.07263,1.07263,1.07241,1.07247,0
2023-03-13 01:54:00+00:00,1.0725,1.07277,1.07247,1.07268,0
2023-03-13 01:55:00+00:00,1.07267,1.07271,1.07252,1.07262,0
2023-03-13 01:56:00+00:00,1.07262,1.07283,1.07261,1.07277,0
2023-03-13 01:57:00+00:00,1.07277,1.07284,1.07259,1.07259,0
2023-03-13 01:58:00+00:00,1.07259,1.07259,1.07217,1.07217,0
2023-03-13 01:59:00+00:00,1.07218,1.07223,1.07208,1.07212,0
2023-03-13 02:00:00+00:00,1.07212,1.07237,1.07205,1.07235,0
2023-03-13 02:01:00+00:00,1.07239,1.07249,1.0721,1.0721,0
2023-03-13 02:02:00+00:00,1.07213,1.07228,1.07203,1.07206,0
2023-03-13 02:03:00+00:00,1.07205,1.07213,1.07189,1.07193,0
2023-03-13 02:04:00+00:00,1.07194,1.07196,1.07171,1.07189,0
2023-03-13 02:05:00+00:00,1.07188,1.07192,1.07179,1.07189,0
2023-03-13 02:06:00+00:00,1.07189,1.072,1.07177,1.07177,0
2023-03-13 02:07:00+00:00,1.07177,1.07204,1.07171,1.07201,0
2023-03-13 02:08:00+00:00,1.07201,1.07248,1.07199,1.07242,0
2023-03-13 02:09:00+00:00,1.07242,1.07253,1.07232,1.07238,0
2023-03-13 02:10:00+00:00,1.07239,1.07257,1.07224,1.07229,0
2023-03-13 02:11:00+00:00,1.0723,1.07231,1.07181,1.07186,0
2023-03-13 02:12:00+00:00,1.07188,1.0721,1.07179,1.07194,0
2023-03-13 02:13:00+00:00,1.07198,1.07222,1.07186,1.07201,0
2023-03-13 02:14:00+00:00,1.07205,1.07205,1.0718,1.07185,0
2023-03-13 02:15:00+00:00,1.07187,1.07204,1.07183,1.07189,0
2023-03-13 02:16:00+00:00,1.0719,1.07198,1.07169,1.07169,0
2023-03-13 02:17:00+00:00,1.07171,1.07172,1.07158,1.07162,0
2023-03-13 02:18:00+00:00,1.07161,1.07183,1.07157,1.07175,0
2023-03-13 02:19:00+00:00,1.07175,1.07198,1.07164,1.07173,0
2023-03-13 02:20:00+00:00,1.07174,1.07178,1.07156,1.07176,0
2023-03-13 02:21:00+00:00,1.07176,1.07188,1.07169,1.07179,0
2023-03-13 02:22:00+00:00,1.07178,1.07192,1.07169,1.0719,0
2023-03-13 02:23:00+00:00,1.0719,1.07212,1.07185,1.0721,0
2023-03-13 02:24:00+00:00,1.07211,1.0722,1.07199,1.07205,0
2023-03-13 02:25:00+00:00,1.07205,1.07223,1.07199,1.0721,0
2023-03-13 02:26:00+00:00,1.07209,1.07235,1.07209,1.07227,0
2023-03-13 02:27:00+00:00,1.07227,1.07229,1.07199,1.07201,0
2023-03-13 02:28:00+00:00,1.07201,1.07214,1.07198,1.07202,0
2023-03-13 02:29:00+00:00,1.07199,1.0724,1.07198,1.07239,0
2023-03-13 02:30:00+00:00,1.07237,1.07294,1.07226,1.07287,0
2023-03-13 02:31:00+00:00,1.07287,1.07306,1.07244,1.07266,0
2023-03-13 02:32:00+00:00,1.07266,1.07288,1.07263,1.07281,0
2023-03-13 02:33:00+00:00,1.07281,1.07302,1.07273,1.07285,0
2023-03-13 02:34:00+00:00,1.07284,1.07293,1.07276,1.07279,0
2023-03-13 02:35:00+00:00,1.07279,1.07295,1.07274,1.07282,0
2023-03-13 02:36:00+00:00,1.07281,1.07287,1.07216,1.07217,0
2023-03-13 02:37:00+00:00,1.07216,1.07227,1.07211,1.07227,0
2023-03-13 02:38:00+00:00,1.07227,1.07238,1.07225,1.0723,0
2023-03-13 02:39:00+00:00,1.07229,1.07253,1.07229,1.0725,0
2023-03-13 02:40:00+00:00,1.07249,1.07261,1.07238,1.0726,0
2023-03-13 02:41:00+00:00,1.07261,1.07296,1.07261,1.07289,0
2023-03-13 02:42:00+00:00,1.07294,1.07306,1.07284,1.07302,0
2023-03-13 02:43:00+00:00,1.07303,1.07347,1.07295,1.07346,0
2023-03-13 02:44:00+00:00,1.07344,1.07351,1.07335,1.07345,0
2023-03-13 02:45:00+00:00,1.07346,1.07368,1.07338,1.07368,0
2023-03-13 02:46:00+00:00,1.07367,1.07372,1.07334,1.0734,0
2023-03-13 02:47:00+00:00,1.0734,1.07352,1.07322,1.07345,0
2023-03-13 02:48:00+00:00,1.07344,1.07344,1.07312,1.07312,0
2023-03-13 02:49:00+00:00,1.07313,1.07319,1.07276,1.07278,0
2023-03-13 02:50:00+00:00,1.0728,1.07302,1.07275,1.07299,0
2023-03-13 02:51:00+00:00,1.07298,1.07306,1.07279,1.07284,0
2023-03-13 02:52:00+00:00,1.07283,1.07295,1.07278,1.07278,0
2023-03-13 02:53:00+00:00,1.07278,1.07284,1.07263,1.07268,0
2023-03-13 02:54:00+00:00,1.07267,1.07287,1.07267,1.07279,0
2023-03-13 02:55:00+00:00,1.0728,1.07293,1.07262,1.07264,0
2023-03-13 02:56:00+00:00,1.07264,1.07272,1.07253,1.07269,0
2023-03-13 02:57:00+00:00,1.07269,1.0728,1.0726,1.07261,0
2023-03-13 02:58:00+00:00,1.07261,1.07282,1.07261,1.07273,0
2023-03-13 02:59:00+00:00,1.07273,1.07273,1.07242,1.07251,0
2023-03-13 03:00:00+00:00,1.07253,1.07278,1.07236,1.07237,0
2023-03-13 03:01:00+00:00,1.07237,1.07245,1.07205,1.07214,0
2023-03-13 03:02:00+00:00,1.07214,1.07235,1.07207,1.07215,0
2023-03-13 03:03:00+00:00,1.07215,1.07235,1.07206,1.07222,0
2023-03-13 03:04:00+00:00,1.07223,1.07234,1.07219,1.07229,0
2023-03-13 03:05:00+00:00,1.07231,1.07239,1.07224,1.07232,0
2023-03-13 03:06:00+00:00,1.07233,1.07262,1.07232,1.07251,0
2023-03-13 03:07:00+00:00,1.07251,1.07255,1.07236,1.07242,0
2023-03-13 03:08:00+00:00,1.07242,1.07242,1.07199,1.0721,0
2023-03-13 03:09:00+00:00,1.07209,1.0721,1.07195,1.07199,0
2023-03-13 03:10:00+00:00,1.072,1.07254,1.07191,1.07254,0
2023-03-13 03:11:00+00:00,1.07256,1.07259,1.07246,1.07255,0
2023-03-13 03:12:00+00:00,1.07254,1.07268,1.07242,1.07264,0
2023-03-13 03:13:00+00:00,1.07263,1.07267,1.07237,1.07247,0
2023-03-13 03:14:00+00:00,1.07246,1.07265,1.07242,1.07252,0
2023-03-13 03:15:00+00:00,1.07252,1.07257,1.07222,1.07227,0
2023-03-13 03:16:00+00:00,1.07227,1.07264,1.07227,1.07245,0
2023-03-13 03:17:00+00:00,1.07244,1.07248,1.07224,1.07224,0
2023-03-13 03:18:00+00:00,1.07223,1.07231,1.07209,1.07227,0
2023-03-13 03:19:00+00:00,1.07226,1.07238,1.07223,1.07229,0
2023-03-13 03:20:00+00:00,1.07229,1.07261,1.07222,1.07253,0
2023-03-13 03:21:00+00:00,1.07253,1.07275,1.07244,1.07245,0
2023-03-13 03:22:00+00:00,1.07245,1.07249,1.0723,1.07247,0
2023-03-13 03:23:00+00:00,1.07246,1.07288,1.07245,1.0726,0
2023-03-13 03:24:00+00:00,1.07264,1.07267,1.07235,1.07237,0
2023-03-13 03:25:00+00:00,1.07239,1.07258,1.07235,1.07256,0
2023-03-13 03:26:00+00:00,1.07255,1.0726,1.0719,1.07191,0
2023-03-13 03:27:00+00:00,1.07188,1.07191,1.07144,1.07154,0
2023-03-13 03:28:00+00:00,1.07152,1.07169,1.07145,1.07153,0
2023-03-13 03:29:00+00:00,1.07154,1.0716,1.07138,1.07142,0
2023-03-13 03:30:00+00:00,1.07143,1.0715,1.07124,1.07132,0
2023-03-13 03:31:00+00:00,1.07133,1.0715,1.07133,1.07137,0
2023-03-13 03:32:00+00:00,1.07137,1.07145,1.07129,1.0713,0
2023-03-13 03:33:00+00:00,1.07131,1.07131,1.07073,1.07092,0
2023-03-13 03:34:00+00:00,1.07092,1.07102,1.07081,1.07101,0
2023-03-13 03:35:00+00:00,1.07101,1.07115,1.07092,1.07112,0
2023-03-13 03:36:00+00:00,1.07113,1.07117,1.07105,1.07112,0
2023-03-13 03:37:00+00:00,1.07113,1.07116,1.071,1.07104,0
2023-03-13 03:38:00+00:00,1.07107,1.07113,1.07074,1.07079,0
2023-03-13 03:39:00+00:00,1.07078,1.07115,1.07073,1.0711,0
2023-03-13 03:40:00+00:00,1.07111,1.07122,1.07099,1.071,0
2023-03-13 03:41:00+00:00,1.07101,1.07108,1.07076,1.07077,0
2023-03-13 03:42:00+00:00,1.07076,1.07079,1.07041,1.07052,0
2023-03-13 03:43:00+00:00,1.07052,1.07059,1.07038,1.07054,0
2023-03-13 03:44:00+00:00,1.07054,1.07067,1.07044,1.07067,0
2023-03-13 03:45:00+00:00,1.0707,1.0707,1.07044,1.07063,0
2023-03-13 03:46:00+00:00,1.07065,1.07079,1.07059,1.07069,0
2023-03-13 03:47:00+00:00,1.0707,1.07108,1.07068,1.07103,0
2023-03-13 03:48:00+00:00,1.07102,1.07122,1.07093,1.07114,0
2023-03-13 03:49:00+00:00,1.07113,1.07119,1.07102,1.07108,0
2023-03-13 03:50:00+00:00,1.0711,1.07121,1.07084,1.07118,0
2023-03-13 03:51:00+00:00,1.07117,1.07124,1.07077,1.071,0
2023-03-13 03:52:00+00:00,1.07098,1.07115,1.0709,1.0711,0
2023-03-13 03:53:00+00:00,1.0711,1.07122,1.07087,1.07094,0
2023-03-13 03:54:00+00:00,1.07092,1.0711,1.07086,1.07107,0
2023-03-13 03:55:00+00:00,1.07109,1.07116,1.07087,1.07091,0
2023-03-13 03:56:00+00:00,1.07093,1.07108,1.07087,1.07102,0
2023-03-13 03:57:00+00:00,1.07103,1.07112,1.07097,1.07111,0
2023-03-13 03:58:00+00:00,1.07111,1.07111,1.07097,1.07106,0
2023-03-13 03:59:00+00:00,1.07106,1.07108,1.07072,1.07073,0
2023-03-13 04:00:00+00:00,1.07073,1.07073,1.07039,1.0704,0
2023-03-13 04:01:00+00:00,1.0704,1.07059,1.07017,1.07044,0
2023-03-13 04:02:00+00:00,1.07044,1.07045,1.06977,1.06979,0
2023-03-13 04:03:00+00:00,1.06979,1.06987,1.06948,1.06952,0
2023-03-13 04:04:00+00:00,1.06954,1.06979,1.06917,1.06917,0
2023-03-13 04:05:00+00:00,1.06919,1.06961,1.06902,1.06942,0
2023-03-13 04:06:00+00:00,1.06943,1.06952,1.06909,1.06921,0
2023-03-13 04:07:00+00:00,1.06921,1.06962,1.06903,1.06906,0
2023-03-13 04:08:00+00:00,1.06907,1.06927,1.06868,1.0687,0
2023-03-13 04:09:00+00:00,1.06869,1.06872,1.06854,1.06866,0
2023-03-13 04:10:00+00:00,1.06866,1.06873,1.0685,1.06851,0
2023-03-13 04:11:00+00:00,1.06851,1.06851,1.06813,1.0683,0
2023-03-13 04:12:00+00:00,1.06832,1.0686,1.06822,1.0686,0
2023-03-13 04:13:00+00:00,1.06859,1.06862,1.06811,1.06845,0
2023-03-13 04:14:00+00:00,1.06845,1.0685,1.06808,1.06808,0
2023-03-13 04:15:00+00:00,1.06808,1.0681,1.06699,1.06725,0
2023-03-13 04:16:00+00:00,1.06725,1.06756,1.06714,1.06748,0
2023-03-13 04:17:00+00:00,1.06747,1.06769,1.06735,1.06746,0
2023-03-13 04:18:00+00:00,1.06744,1.06745,1.06723,1.06745,0
2023-03-13 04:19:00+00:00,1.06745,1.06782,1.06736,1.06771,0
2023-03-13 04:20:00+00:00,1.06772,1.06784,1.0674,1.06777,0
2023-03-13 04:21:00+00:00,1.06778,1.06798,1.06758,1.06768,0
2023-03-13 04:22:00+00:00,1.06768,1.06769,1.06707,1.06707,0
2023-03-13 04:23:00+00:00,1.06706,1.06751,1.06703,1.06735,0
2023-03-13 04:24:00+00:00,1.06739,1.06748,1.06715,1.06747,0
2023-03-13 04:25:00+00:00,1.06748,1.06767,1.06699,1.06702,0
2023-03-13 04:26:00+00:00,1.06701,1.06725,1.0666,1.06711,0
2023-03-13 04:27:00+00:00,1.06712,1.0674,1.06669,1.06721,0
2023-03-13 04:28:00+00:00,1.06721,1.06743,1.06706,1.06708,0
2023-03-13 04:29:00+00:00,1.0671,1.06723,1.06681,1.06702,0
2023-03-13 04:30:00+00:00,1.06704,1.06741,1.06683,1.06692,0
2023-03-13 04:31:00+00:00,1.06692,1.06726,1.06651,1.06651,0
2023-03-13 04:32:00+00:00,1.06652,1.06665,1.06623,1.0665,0
2023-03-13 04:33:00+00:00,1.06648,1.06734,1.06642,1.06703,0
2023-03-13 04:34:00+00:00,1.06705,1.06742,1.06686,1.06733,0
2023-03-13 04:35:00+00:00,1.06734,1.06774,1.06695,1.06762,0
2023-03-13 04:36:00+00:00,1.06765,1.06797,1.06735,1.06783,0
2023-03-13 04:37:00+00:00,1.06783,1.06796,1.06735,1.06741,0
2023-03-13 04:38:00+00:00,1.06742,1.0675,1.06694,1.06705,0
2023-03-13 04:39:00+00:00,1.06705,1.06761,1.06682,1.06761,0
2023-03-13 04:40:00+00:00,1.06762,1.06798,1.0676,1.06773,0
2023-03-13 04:41:00+00:00,1.06771,1.06785,1.06756,1.06756,0
2023-03-13 04:42:00+00:00,1.06756,1.06761,1.0672,1.06722,0
2023-03-13 04:43:00+00:00,1.06721,1.06782,1.06709,1.06743,0
2023-03-13 04:44:00+00:00,1.06743,1.06743,1.06696,1.0672,0
2023-03-13 04:45:00+00:00,1.06721,1.0678,1.0672,1.06757,0
2023-03-13 04:46:00+00:00,1.0676,1.06798,1.06757,1.06794,0
2023-03-13 04:47:00+00:00,1.06793,1.06811,1.06762,1.06778,0
2023-03-13 04:48:00+00:00,1.06778,1.06805,1.06766,1.0679,0
2023-03-13 04:49:00+00:00,1.0679,1.06827,1.06756,1.0682,0
2023-03-13 04:50:00+00:00,1.06821,1.06874,1.06818,1.06852,0
2023-03-13 04:51:00+00:00,1.06849,1.06913,1.06847,1.06909,0
2023-03-13 04:52:00+00:00,1.0691,1.06935,1.06891,1.06923,0
2023-03-13 04:53:00+00:00,1.06924,1.06939,1.06848,1.06869,0
2023-03-13 04:54:00+00:00,1.06866,1.06877,1.06831,1.06837,0
2023-03-13 04:55:00+00:00,1.06838,1.06851,1.06803,1.06808,0
2023-03-13 04:56:00+00:00,1.06807,1.0682,1.06769,1.0679,0
2023-03-13 04:57:00+00:00,1.0679,1.06793,1.0675,1.06756,0
2023-03-13 04:58:00+00:00,1.06756,1.06781,1.06745,1.06756,0
2023-03-13 04:59:00+00:00,1.06757,1.0677,1.06691,1.06701,0
2023-03-13 05:00:00+00:00,1.06703,1.06781,1.06674,1.06755,0
2023-03-13 05:01:00+00:00,1.06753,1.06772,1.06676,1.06687,0
2023-03-13 05:02:00+00:00,1.06687,1.06771,1.06685,1.06747,0
2023-03-13 05:03:00+00:00,1.06747,1.06767,1.06728,1.06748,0
2023-03-13 05:04:00+00:00,1.0675,1.06764,1.06739,1.06746,0
2023-03-13 05:05:00+00:00,1.06745,1.06755,1.06704,1.06749,0
2023-03-13 05:06:00+00:00,1.0675,1.06796,1.0675,1.06781,0
2023-03-13 05:07:00+00:00,1.06781,1.06788,1.0675,1.06762,0
2023-03-13 05:08:00+00:00,1.06762,1.06772,1.06709,1.06726,0
2023-03-13 05:09:00+00:00,1.06723,1.06772,1.06714,1.06769,0
2023-03-13 05:10:00+00:00,1.0677,1.06793,1.06767,1.06786,0
2023-03-13 05:11:00+00:00,1.06787,1.06804,1.06774,1.068,0
2023-03-13 05:12:00+00:00,1.06799,1.06807,1.0674,1.06752,0
2023-03-13 05:13:00+00:00,1.06751,1.06763,1.0673,1.06742,0
2023-03-13 05:14:00+00:00,1.06742,1.06743,1.06696,1.06708,0
2023-03-13 05:15:00+00:00,1.06705,1.06757,1.06698,1.06741,0
2023-03-13 05:16:00+00:00,1.06742,1.06744,1.06682,1.06689,0
2023-03-13 05:17:00+00:00,1.06684,1.06687,1.06652,1.06676,0
2023-03-13 05:18:00+00:00,1.06677,1.06705,1.06675,1.06698,0
2023-03-13 05:19:00+00:00,1.06699,1.06738,1.06696,1.06733,0
2023-03-13 05:20:00+00:00,1.06732,1.06769,1.06725,1.06743,0
2023-03-13 05:21:00+00:00,1.06745,1.06754,1.06709,1.06722,0
2023-03-13 05:22:00+00:00,1.06724,1.06751,1.06695,1.06703,0
2023-03-13 05:23:00+00:00,1.06706,1.06706,1.06679,1.06687,0
2023-03-13 05:24:00+00:00,1.06688,1.06709,1.06666,1.06691,0
2023-03-13 05:25:00+00:00,1.06692,1.06707,1.0668,1.06699,0
2023-03-13 05:26:00+00:00,1.067,1.06712,1.06685,1.06686,0
2023-03-13 05:27:00+00:00,1.06684,1.06693,1.0667,1.06677,0
2023-03-13 05:28:00+00:00,1.06676,1.06676,1.06603,1.06603,0
2023-03-13 05:29:00+00:00,1.06604,1.06649,1.06602,1.06648,0
2023-03-13 05:30:00+00:00,1.06648,1.06681,1.06646,1.06664,0
2023-03-13 05:31:00+00:00,1.06663,1.06666,1.0662,1.06634,0
2023-03-13 05:32:00+00:00,1.06632,1.06682,1.06602,1.0668,0
2023-03-13 05:33:00+00:00,1.0668,1.06692,1.06661,1.06691,0
2023-03-13 05:34:00+00:00,1.06692,1.06724,1.06692,1.06702,0
2023-03-13 05:35:00+00:00,1.06701,1.06734,1.06701,1.06713,0
2023-03-13 05:36:00+00:00,1.06711,1.06728,1.06693,1.06715,0
2023-03-13 05:37:00+00:00,1.06714,1.06743,1.06714,1.06741,0
2023-03-13 05:38:00+00:00,1.0674,1.06759,1.06707,1.06712,0
2023-03-13 05:39:00+00:00,1.06716,1.06731,1.06679,1.06722,0
2023-03-13 05:40:00+00:00,1.06724,1.06747,1.0671,1.06727,0
2023-03-13 05:41:00+00:00,1.06727,1.06756,1.06719,1.06749,0
2023-03-13 05:42:00+00:00,1.06749,1.06762,1.06742,1.06754,0
2023-03-13 05:43:00+00:00,1.06754,1.06768,1.06734,1.06738,0
2023-03-13 05:44:00+00:00,1.06738,1.06757,1.06727,1.06737,0
2023-03-13 05:45:00+00:00,1.06737,1.06748,1.06731,1.06743,0
2023-03-13 05:46:00+00:00,1.06743,1.0675,1.06724,1.06726,0
2023-03-13 05:47:00+00:00,1.06728,1.06759,1.0672,1.06755,0
2023-03-13 05:48:00+00:00,1.06752,1.06757,1.06727,1.06742,0
2023-03-13 05:49:00+00:00,1.06742,1.06759,1.06724,1.06754,0
2023-03-13 05:50:00+00:00,1.06751,1.06755,1.06715,1.06717,0
2023-03-13 05:51:00+00:00,1.06715,1.06733,1.06696,1.06726,0
2023-03-13 05:52:00+00:00,1.06724,1.06731,1.06687,1.06689,0
2023-03-13 05:53:00+00:00,1.06691,1.06706,1.06677,1.06697,0
2023-03-13 05:54:00+00:00,1.06696,1.06702,1.06674,1.06691,0
2023-03-13 05:55:00+00:00,1.06691,1.06722,1.06662,1.06717,0
2023-03-13 05:56:00+00:00,1.06716,1.06753,1.06703,1.06747,0
2023-03-13 05:57:00+00:00,1.06746,1.06766,1.06735,1.06738,0
2023-03-13 05:58:00+00:00,1.06739,1.0676,1.06734,1.06744,0
2023-03-13 05:59:00+00:00,1.06743,1.0676,1.06725,1.06739,0
2023-03-13 07:00:00+00:00,1.0664,1.0672,1.0664,1.06684,0
2023-03-13 07:01:00+00:00,1.06681,1.06712,1.06633,1.06681,0
2023-03-13 07:02:00+00:00,1.0668,1.06698,1.06641,1.06684,0
2023-03-13 07:03:00+00:00,1.06684,1.0673,1.0667,1.06719,0
2023-03-13 07:04:00+00:00,1.06718,1.06726,1.0668,1.06693,0
2023-03-13 07:05:00+00:00,1.06692,1.06731,1.06663,1.06715,0
2023-03-13 07:06:00+00:00,1.06717,1.06779,1.06666,1.06752,0
2023-03-13 07:07:00+00:00,1.06751,1.06764,1.06711,1.06726,0
2023-03-13 07:08:00+00:00,1.06725,1.06743,1.06708,1.06731,0
2023-03-13 07:09:00+00:00,1.06731,1.06736,1.06664,1.06664,0
2023-03-13 07:10:00+00:00,1.06663,1.06698,1.06636,1.06646,0
2023-03-13 07:11:00+00:00,1.06647,1.06671,1.0661,1.06612,0
2023-03-13 07:12:00+00:00,1.06609,1.06629,1.06581,1.06625,0
2023-03-13 07:13:00+00:00,1.06626,1.06643,1.06593,1.0662,0
2023-03-13 07:14:00+00:00,1.06619,1.06658,1.06594,1.06645,0
2023-03-13 07:15:00+00:00,1.06645,1.06694,1.0663,1.0669,0
2023-03-13 07:16:00+00:00,1.06691,1.06707,1.06618,1.0663,0
2023-03-13 07:17:00+00:00,1.06628,1.06647,1.06578,1.0664,0
2023-03-13 07:18:00+00:00,1.06642,1.06649,1.06563,1.06567,0
2023-03-13 07:19:00+00:00,1.06567,1.06588,1.06507,1.06538,0
2023-03-13 07:20:00+00:00,1.06539,1.06616,1.065,1.06515,0
2023-03-13 07:21:00+00:00,1.06513,1.06592,1.06502,1.06566,0
2023-03-13 07:22:00+00:00,1.06566,1.06614,1.06565,1.06586,0
2023-03-13 07:23:00+00:00,1.06584,1.06601,1.06536,1.06558,0
2023-03-13 07:24:00+00:00,1.06557,1.06674,1.06552,1.06648,0
2023-03-13 07:25:00+00:00,1.06647,1.06661,1.06603,1.06658,0
2023-03-13 07:26:00+00:00,1.06657,1.06707,1.06645,1.0669,0
2023-03-13 07:27:00+00:00,1.06688,1.06694,1.06601,1.06642,0
2023-03-13 07:28:00+00:00,1.06642,1.06684,1.06634,1.06667,0
2023-03-13 07:29:00+00:00,1.06667,1.06707,1.06667,1.06685,0
2023-03-13 07:30:00+00:00,1.06684,1.06759,1.06684,1.06743,0
2023-03-13 07:31:00+00:00,1.06743,1.06767,1.06716,1.0676,0
2023-03-13 07:32:00+00:00,1.06758,1.06773,1.06731,1.06757,0
2023-03-13 07:33:00+00:00,1.06757,1.0679,1.06735,1.06782,0
2023-03-13 07:34:00+00:00,1.06781,1.06846,1.06771,1.06797,0
2023-03-13 07:35:00+00:00,1.06796,1.06825,1.06783,1.06816,0
2023-03-13 07:36:00+00:00,1.06813,1.06854,1.06789,1.06851,0
2023-03-13 07:37:00+00:00,1.06849,1.06858,1.06813,1.06822,0
2023-03-13 07:38:00+00:00,1.06821,1.06831,1.06807,1.06827,0
2023-03-13 07:39:00+00:00,1.0683,1.0686,1.06809,1.06841,0
2023-03-13 07:40:00+00:00,1.06843,1.06869,1.06839,1.06841,0
2023-03-13 07:41:00+00:00,1.06842,1.0685,1.06828,1.0683,0
2023-03-13 07:42:00+00:00,1.06829,1.06833,1.06775,1.06792,0
2023-03-13 07:43:00+00:00,1.06793,1.0681,1.06785,1.06809,0
2023-03-13 07:44:00+00:00,1.06809,1.06837,1.06802,1.0682,0
2023-03-13 07:45:00+00:00,1.0682,1.06825,1.06788,1.068,0
2023-03-13 07:46:00+00:00,1.06799,1.06849,1.06793,1.06799,0
2023-03-13 07:47:00+00:00,1.06799,1.06822,1.06793,1.06821,0
2023-03-13 07:48:00+00:00,1.06823,1.06872,1.06808,1.0687,0
2023-03-13 07:49:00+00:00,1.0687,1.06871,1.06805,1.06857,0
2023-03-13 07:50:00+00:00,1.06858,1.06896,1.06851,1.06894,0
2023-03-13 07:51:00+00:00,1.06891,1.06942,1.06869,1.06927,0
2023-03-13 07:52:00+00:00,1.06927,1.06928,1.06884,1.06893,0
2023-03-13 07:53:00+00:00,1.06896,1.06926,1.06874,1.06878,0
2023-03-13 07:54:00+00:00,1.06877,1.06891,1.06825,1.0683,0
2023-03-13 07:55:00+00:00,1.06829,1.06887,1.06824,1.06856,0
2023-03-13 07:56:00+00:00,1.06857,1.06905,1.0684,1.06848,0
2023-03-13 07:57:00+00:00,1.06847,1.06922,1.06845,1.06906,0
2023-03-13 07:58:00+00:00,1.06907,1.06978,1.06905,1.06944,0
2023-03-13 07:59:00+00:00,1.06945,1.06976,1.06926,1.06963,0
2023-03-13 10:00:00+00:00,1.07224,1.07224,1.07193,1.07198,0
2023-03-13 10:01:00+00:00,1.07198,1.07223,1.07187,1.07205,0
2023-03-13 10:02:00+00:00,1.07204,1.07319,1.07199,1.073,0
2023-03-13 10:03:00+00:00,1.07301,1.07315,1.07272,1.07283,0
2023-03-13 10:04:00+00:00,1.07283,1.07297,1.07265,1.07272,0
2023-03-13 10:05:00+00:00,1.07274,1.07277,1.07215,1.07232,0
2023-03-13 10:06:00+00:00,1.07234,1.07238,1.07211,1.07221,0
2023-03-13 10:07:00+00:00,1.07219,1.07229,1.07204,1.07228,0
2023-03-13 10:08:00+00:00,1.07227,1.07238,1.07216,1.07231,0
2023-03-13 10:09:00+00:00,1.0723,1.07236,1.0721,1.0722,0
2023-03-13 10:10:00+00:00,1.07219,1.07236,1.07208,1.07236,0
2023-03-13 10:11:00+00:00,1.07237,1.07239,1.07188,1.07194,0
2023-03-13 10:12:00+00:00,1.07193,1.07257,1.07189,1.07224,0
2023-03-13 10:13:00+00:00,1.07225,1.0724,1.07203,1.07215,0
2023-03-13 10:14:00+00:00,1.07214,1.07231,1.07209,1.07231,0
2023-03-13 10:15:00+00:00,1.0723,1.0726,1.07217,1.07222,0
2023-03-13 10:16:00+00:00,1.07224,1.07226,1.07177,1.07179,0
2023-03-13 10:17:00+00:00,1.07182,1.07184,1.07148,1.07163,0
2023-03-13 10:18:00+00:00,1.07163,1.07216,1.07157,1.07213,0
2023-03-13 10:19:00+00:00,1.07212,1.07245,1.07211,1.07234,0
2023-03-13 10:20:00+00:00,1.07234,1.07255,1.07191,1.07194,0
2023-03-13 10:21:00+00:00,1.07195,1.07258,1.07193,1.07257,0
2023-03-13 10:22:00+00:00,1.07256,1.07262,1.07228,1.07237,0
2023-03-13 10:23:00+00:00,1.07237,1.07251,1.07224,1.07225,0
2023-03-13 10:24:00+00:00,1.07224,1.07228,1.07205,1.07216,0
2023-03-13 10:25:00+00:00,1.07214,1.07251,1.07214,1.0725,0
2023-03-13 10:26:00+00:00,1.07251,1.07265,1.07246,1.07259,0
2023-03-13 10:27:00+00:00,1.07259,1.07272,1.07255,1.07271,0
2023-03-13 10:28:00+00:00,1.07266,1.07304,1.07263,1.07294,0
2023-03-13 10:29:00+00:00,1.07297,1.07333,1.07294,1.07321,0
2023-03-13 10:30:00+00:00,1.0732,1.0733,1.07293,1.07302,0
2023-03-13 10:31:00+00:00,1.07302,1.07306,1.07278,1.07286,0
2023-03-13 10:32:00+00:00,1.07286,1.07291,1.07252,1.07257,0
2023-03-13 10:33:00+00:00,1.07257,1.07259,1.07199,1.07202,0
2023-03-13 10:34:00+00:00,1.07201,1.07203,1.07174,1.07187,0
2023-03-13 10:35:00+00:00,1.07189,1.07193,1.07127,1.07135,0
2023-03-13 10:36:00+00:00,1.07136,1.07155,1.07121,1.07147,0
2023-03-13 10:37:00+00:00,1.07148,1.07178,1.07144,1.07145,0
2023-03-13 10:38:00+00:00,1.07147,1.07171,1.07129,1.07145,0
2023-03-13 10:39:00+00:00,1.07145,1.0716,1.07119,1.07145,0
2023-03-13 10:40:00+00:00,1.07145,1.07158,1.07124,1.07127,0
2023-03-13 10:41:00+00:00,1.07127,1.07148,1.07121,1.0713,0
2023-03-13 10:42:00+00:00,1.07133,1.0717,1.07133,1.07157,0
2023-03-13 10:43:00+00:00,1.07156,1.07186,1.07152,1.07181,0
2023-03-13 10:44:00+00:00,1.07181,1.07197,1.07165,1.07183,0
2023-03-13 10:45:00+00:00,1.07183,1.07183,1.07137,1.07148,0
2023-03-13 10:46:00+00:00,1.07148,1.07161,1.0712,1.07149,0
2023-03-13 10:47:00+00:00,1.07148,1.07154,1.07127,1.07153,0
2023-03-13 10:48:00+00:00,1.07154,1.07165,1.07114,1.0716,0
2023-03-13 10:49:00+00:00,1.07159,1.07171,1.07149,1.07159,0
2023-03-13 10:50:00+00:00,1.07159,1.07185,1.0714,1.07185,0
2023-03-13 10:51:00+00:00,1.07185,1.07206,1.07172,1.07192,0
2023-03-13 10:52:00+00:00,1.07191,1.07241,1.07181,1.07236,0
2023-03-13 10:53:00+00:00,1.07236,1.07268,1.07233,1.07247,0
2023-03-13 10:54:00+00:00,1.07248,1.07277,1.07229,1.07232,0
2023-03-13 10:55:00+00:00,1.07231,1.07237,1.07179,1.07179,0
2023-03-13 10:56:00+00:00,1.07179,1.07205,1.07157,1.07197,0
2023-03-13 10:57:00+00:00,1.07198,1.07257,1.0718,1.07237,0
2023-03-13 10:58:00+00:00,1.07239,1.07305,1.07237,1.073,0
2023-03-13 10:59:00+00:00,1.07301,1.07333,1.0729,1.07332,0
2023-03-13 11:00:00+00:00,1.07332,1.07335,1.073,1.07326,0
2023-03-13 11:01:00+00:00,1.07328,1.07348,1.07318,1.07346,0
2023-03-13 11:02:00+00:00,1.07344,1.07355,1.07321,1.07333,0
2023-03-13 11:03:00+00:00,1.07333,1.07343,1.0728,1.07293,0
2023-03-13 11:04:00+00:00,1.07292,1.07305,1.07255,1.07297,0
2023-03-13 11:05:00+00:00,1.07297,1.07345,1.07296,1.07333,0
2023-03-13 11:06:00+00:00,1.07332,1.07332,1.07268,1.07306,0
2023-03-13 11:07:00+00:00,1.07305,1.07334,1.07293,1.07328,0
2023-03-13 11:08:00+00:00,1.07327,1.07348,1.07317,1.07346,0
2023-03-13 11:09:00+00:00,1.07346,1.07379,1.07318,1.07375,0
2023-03-13 11:10:00+00:00,1.07377,1.0738,1.07341,1.07342,0
2023-03-13 11:11:00+00:00,1.07343,1.07343,1.0729,1.07292,0
2023-03-13 11:12:00+00:00,1.07294,1.07294,1.07227,1.0723,0
2023-03-13 11:13:00+00:00,1.07231,1.07286,1.07231,1.07279,0
2023-03-13 11:14:00+00:00,1.0728,1.07292,1.07232,1.07238,0
2023-03-13 11:15:00+00:00,1.07237,1.07271,1.07226,1.07247,0
2023-03-13 11:16:00+00:00,1.07248,1.07266,1.07236,1.07266,0
2023-03-13 11:17:00+00:00,1.07267,1.07306,1.07267,1.07282,0
2023-03-13 11:18:00+00:00,1.07281,1.07294,1.07275,1.07294,0
2023-03-13 11:19:00+00:00,1.07294,1.07326,1.07292,1.07305,0
2023-03-13 11:20:00+00:00,1.07305,1.07322,1.07293,1.07306,0
2023-03-13 11:21:00+00:00,1.07305,1.07323,1.07299,1.07305,0
2023-03-13 11:22:00+00:00,1.07306,1.07322,1.0728,1.07288,0
2023-03-13 11:23:00+00:00,1.07286,1.07305,1.07286,1.07303,0
2023-03-13 11:24:00+00:00,1.07302,1.07305,1.07244,1.07256,0
2023-03-13 11:25:00+00:00,1.07255,1.07286,1.07239,1.07276,0
2023-03-13 11:26:00+00:00,1.07277,1.07286,1.07257,1.07269,0
2023-03-13 11:27:00+00:00,1.07269,1.0731,1.07269,1.07304,0
2023-03-13 11:28:00+00:00,1.07305,1.07333,1.07302,1.07332,0
2023-03-13 11:29:00+00:00,1.07333,1.07377,1.07324,1.07375,0
2023-03-13 11:30:00+00:00,1.07373,1.07395,1.0736,1.07386,0
2023-03-13 11:31:00+00:00,1.07385,1.074,1.07373,1.07387,0
2023-03-13 11:32:00+00:00,1.07386,1.07397,1.07365,1.0739,0
2023-03-13 11:33:00+00:00,1.0739,1.07391,1.07351,1.07357,0
2023-03-13 11:34:00+00:00,1.07357,1.07377,1.0734,1.07341,0
2023-03-13 11:35:00+00:00,1.07342,1.07374,1.0734,1.07367,0
2023-03-13 11:36:00+00:00,1.07369,1.07389,1.07362,1.07385,0
2023-03-13 11:37:00+00:00,1.07384,1.07401,1.0738,1.07389,0
2023-03-13 11:38:00+00:00,1.0739,1.07403,1.07373,1.07373,0
2023-03-13 11:39:00+00:00,1.07374,1.07394,1.07368,1.07372,0
2023-03-13 11:40:00+00:00,1.07372,1.07402,1.07362,1.07396,0
2023-03-13 11:41:00+00:00,1.07394,1.07409,1.07381,1.07408,0
2023-03-13 11:42:00+00:00,1.07412,1.07423,1.07402,1.07405,0
2023-03-13 11:43:00+00:00,1.07404,1.07423,1.074,1.07402,0
2023-03-13 11:44:00+00:00,1.07402,1.07402,1.07364,1.07379,0
2023-03-13 11:45:00+00:00,1.07379,1.07408,1.07362,1.07363,0
2023-03-13 11:46:00+00:00,1.07363,1.07375,1.07314,1.07318,0
2023-03-13 11:47:00+00:00,1.07316,1.07338,1.07314,1.07319,0
2023-03-13 11:48:00+00:00,1.07319,1.07319,1.07295,1.07312,0
2023-03-13 11:49:00+00:00,1.07311,1.07329,1.073,1.07317,0
2023-03-13 11:50:00+00:00,1.07316,1.07336,1.07316,1.07331,0
2023-03-13 11:51:00+00:00,1.07332,1.07346,1.07322,1.07342,0
2023-03-13 11:52:00+00:00,1.07342,1.0737,1.0734,1.07357,0
2023-03-13 11:53:00+00:00,1.07356,1.07369,1.07341,1.07367,0
2023-03-13 11:54:00+00:00,1.07367,1.07371,1.07339,1.07344,0
2023-03-13 11:55:00+00:00,1.07344,1.07362,1.07332,1.07356,0
2023-03-13 11:56:00+00:00,1.07359,1.07386,1.07359,1.07367,0
2023-03-13 11:57:00+00:00,1.07367,1.07368,1.07344,1.07348,0
2023-03-13 11:58:00+00:00,1.07348,1.07365,1.07346,1.07363,0
2023-03-13 11:59:00+00:00,1.07363,1.07407,1.0735,1.07394,0
2023-03-13 14:00:00+00:00,1.07338,1.07346,1.07319,1.07335,0
2023-03-13 14:01:00+00:00,1.07336,1.07345,1.0729,1.07309,0
2023-03-13 14:02:00+00:00,1.07311,1.07311,1.07286,1.0729,0
2023-03-13 14:03:00+00:00,1.07291,1.07306,1.07271,1.07276,0
2023-03-13 14:04:00+00:00,1.07275,1.0729,1.07265,1.07269,0
2023-03-13 14:05:00+00:00,1.07268,1.07298,1.07268,1.07294,0
2023-03-13 14:06:00+00:00,1.07295,1.07308,1.07274,1.07304,0
2023-03-13 14:07:00+00:00,1.07301,1.07307,1.07291,1.07296,0
2023-03-13 14:08:00+00:00,1.07295,1.07295,1.0728,1.07285,0
2023-03-13 14:09:00+00:00,1.07285,1.07295,1.07268,1.0728,0
2023-03-13 14:10:00+00:00,1.0728,1.07291,1.07268,1.07275,0
2023-03-13 14:11:00+00:00,1.07276,1.07285,1.0725,1.07253,0
2023-03-13 14:12:00+00:00,1.07255,1.07279,1.07253,1.07278,0
2023-03-13 14:13:00+00:00,1.07277,1.07301,1.07263,1.0727,0
2023-03-13 14:14:00+00:00,1.0727,1.07283,1.07261,1.07269,0
2023-03-13 14:15:00+00:00,1.07271,1.07287,1.07269,1.07274,0
2023-03-13 14:16:00+00:00,1.07275,1.0728,1.07257,1.07267,0
2023-03-13 14:17:00+00:00,1.07268,1.07268,1.07232,1.07238,0
2023-03-13 14:18:00+00:00,1.07238,1.07238,1.07223,1.07234,0
2023-03-13 14:19:00+00:00,1.07233,1.07244,1.07228,1.07234,0
2023-03-13 14:20:00+00:00,1.07233,1.07234,1.07215,1.07215,0
2023-03-13 14:21:00+00:00,1.07215,1.07239,1.07208,1.07217,0
2023-03-13 14:22:00+00:00,1.07217,1.07235,1.07215,1.0723,0
2023-03-13 14:23:00+00:00,1.0723,1.07246,1.0723,1.07237,0
2023-03-13 14:24:00+00:00,1.07238,1.07251,1.0723,1.07241,0
2023-03-13 14:25:00+00:00,1.07241,1.07283,1.0724,1.07277,0
2023-03-13 14:26:00+00:00,1.07276,1.07301,1.07269,1.07284,0
2023-03-13 14:27:00+00:00,1.07283,1.07284,1.07254,1.0728,0
2023-03-13 14:28:00+00:00,1.07279,1.07279,1.07258,1.07266,0
2023-03-13 14:29:00+00:00,1.07268,1.07277,1.07253,1.07255,0
2023-03-13 14:30:00+00:00,1.07257,1.07279,1.07255,1.07273,0
2023-03-13 14:31:00+00:00,1.07273,1.07291,1.07266,1.07288,0
2023-03-13 14:32:00+00:00,1.07289,1.07304,1.0728,1.07282,0
2023-03-13 14:33:00+00:00,1.07282,1.07288,1.07274,1.07276,0
2023-03-13 14:34:00+00:00,1.07277,1.07294,1.07274,1.07278,0
2023-03-13 14:35:00+00:00,1.07277,1.07285,1.07272,1.07285,0
2023-03-13 14:36:00+00:00,1.07285,1.0729,1.07269,1.07276,0
2023-03-13 14:37:00+00:00,1.07276,1.07283,1.07264,1.07275,0
2023-03-13 14:38:00+00:00,1.07275,1.07283,1.07256,1.07276,0
2023-03-13 14:39:00+00:00,1.07276,1.07289,1.07276,1.07289,0
2023-03-13 14:40:00+00:00,1.07291,1.07298,1.07285,1.07292,0
2023-03-13 14:41:00+00:00,1.07292,1.07298,1.07286,1.07293,0
2023-03-13 14:42:00+00:00,1.07293,1.0731,1.07289,1.07308,0
2023-03-13 14:43:00+00:00,1.07307,1.07332,1.07298,1.07332,0
2023-03-13 14:44:00+00:00,1.07331,1.07346,1.07321,1.07325,0
2023-03-13 14:45:00+00:00,1.07323,1.07335,1.07297,1.07302,0
2023-03-13 14:46:00+00:00,1.07301,1.07313,1.07293,1.07295,0
2023-03-13 14:47:00+00:00,1.07296,1.07319,1.07292,1.07307,0
2023-03-13 14:48:00+00:00,1.07307,1.07308,1.07293,1.07307,0
2023-03-13 14:49:00+00:00,1.07307,1.07313,1.07295,1.07299,0
2023-03-13 14:50:00+00:00,1.07299,1.07299,1.07276,1.07287,0
2023-03-13 14:51:00+00:00,1.07286,1.07302,1.07286,1.07294,0
2023-03-13 14:52:00+00:00,1.07296,1.07304,1.07282,1.07299,0
2023-03-13 14:53:00+00:00,1.07298,1.07307,1.07295,1.07299,0
2023-03-13 14:54:00+00:00,1.07299,1.07312,1.07296,1.07296,0
2023-03-13 14:55:00+00:00,1.07296,1.07298,1.07281,1.07281,0
2023-03-13 14:56:00+00:00,1.07281,1.07284,1.07275,1.07277,0
2023-03-13 14:57:00+00:00,1.07276,1.07292,1.07274,1.07291,0
2023-03-13 14:58:00+00:00,1.07291,1.07291,1.07274,1.07275,0
2023-03-13 14:59:00+00:00,1.07274,1.07295,1.07274,1.07295,0
2023-03-13 15:00:00+00:00,1.07295,1.07305,1.07294,1.073,0
2023-03-13 15:01:00+00:00,1.073,1.07308,1.07296,1.07304,0
2023-03-13 15:02:00+00:00,1.07304,1.07319,1.07303,1.07303,0
2023-03-13 15:03:00+00:00,1.07303,1.07303,1.07293,1.07295,0
2023-03-13 15:04:00+00:00,1.07294,1.07305,1.07292,1.07292,0
2023-03-13 15:05:00+00:00,1.07292,1.07296,1.07287,1.07288,0
2023-03-13 15:06:00+00:00,1.07286,1.07293,1.07284,1.07291,0
2023-03-13 15:07:00+00:00,1.07291,1.07291,1.07287,1.07288,0
2023-03-13 15:08:00+00:00,1.07289,1.07291,1.07286,1.07288,0
2023-03-13 15:09:00+00:00,1.07288,1.0729,1.07287,1.07287,0
2023-03-13 15:10:00+00:00,1.07288,1.0729,1.07274,1.07274,0
2023-03-13 15:11:00+00:00,1.07276,1.07277,1.07259,1.07264,0
2023-03-13 15:12:00+00:00,1.07263,1.07269,1.07258,1.07266,0
2023-03-13 15:13:00+00:00,1.07264,1.07275,1.07263,1.07274,0
2023-03-13 15:14:00+00:00,1.07275,1.07277,1.07271,1.07275,0
2023-03-13 15:15:00+00:00,1.07274,1.07296,1.07274,1.07291,0
2023-03-13 15:16:00+00:00,1.0729,1.07293,1.07285,1.07286,0
2023-03-13 15:17:00+00:00,1.07287,1.07304,1.07282,1.07282,0
2023-03-13 15:18:00+00:00,1.07283,1.07285,1.07281,1.07285,0
2023-03-13 15:19:00+00:00,1.07283,1.07283,1.07275,1.07277,0
2023-03-13 15:20:00+00:00,1.07276,1.07276,1.07272,1.07274,0
2023-03-13 15:21:00+00:00,1.07274,1.07276,1.07263,1.07264,0
2023-03-13 15:22:00+00:00,1.07262,1.07265,1.0726,1.07264,0
2023-03-13 15:23:00+00:00,1.07263,1.07263,1.0726,1.0726,0
2023-03-13 15:24:00+00:00,1.07261,1.07276,1.07257,1.07273,0
2023-03-13 15:25:00+00:00,1.07272,1.07284,1.07266,1.07278,0
2023-03-13 15:26:00+00:00,1.07278,1.07282,1.07276,1.07279,0
2023-03-13 15:27:00+00:00,1.07279,1.07282,1.07279,1.07282,0
2023-03-13 15:28:00+00:00,1.07281,1.07284,1.07276,1.07284,0
2023-03-13 15:29:00+00:00,1.07283,1.0729,1.07281,1.07289,0
2023-03-13 15:30:00+00:00,1.0729,1.07296,1.07289,1.07289,0
2023-03-13 15:31:00+00:00,1.0729,1.0729,1.07286,1.07287,0
2023-03-13 15:32:00+00:00,1.07287,1.07301,1.07287,1.073,0
2023-03-13 15:33:00+00:00,1.07303,1.07315,1.07303,1.0731,0
2023-03-13 15:34:00+00:00,1.07311,1.0732,1.0731,1.07318,0
2023-03-13 15:35:00+00:00,1.07319,1.07319,1.07308,1.07314,0
2023-03-13 15:36:00+00:00,1.07315,1.07316,1.07307,1.07309,0
2023-03-13 15:37:00+00:00,1.0731,1.07316,1.07306,1.07314,0
2023-03-13 15:38:00+00:00,1.07314,1.07322,1.07314,1.07319,0
2023-03-13 15:39:00+00:00,1.07318,1.07325,1.07314,1.07325,0
2023-03-13 15:40:00+00:00,1.07325,1.07328,1.07324,1.07324,0
2023-03-13 15:41:00+00:00,1.07323,1.07328,1.07314,1.07328,0
2023-03-13 15:42:00+00:00,1.07328,1.07328,1.07314,1.07314,0
2023-03-13 15:43:00+00:00,1.07317,1.07319,1.07313,1.07313,0
2023-03-13 15:44:00+00:00,1.07313,1.07317,1.07308,1.07308,0
2023-03-13 15:45:00+00:00,1.07309,1.0732,1.07308,1.0732,0
2023-03-13 15:46:00+00:00,1.07318,1.07323,1.07316,1.07321,0
2023-03-13 15:47:00+00:00,1.07321,1.07322,1.07316,1.07318,0
2023-03-13 15:48:00+00:00,1.07317,1.07317,1.0731,1.07311,0
2023-03-13 15:49:00+00:00,1.07312,1.07316,1.07307,1.0731,0
2023-03-13 15:50:00+00:00,1.07312,1.07314,1.07306,1.07306,0
2023-03-13 15:51:00+00:00,1.07306,1.07307,1.07302,1.07302,0
2023-03-13 15:52:00+00:00,1.07302,1.07304,1.07302,1.07302,0
2023-03-13 15:53:00+00:00,1.07303,1.07307,1.07301,1.07306,0
2023-03-13 15:54:00+00:00,1.07307,1.07308,1.07301,1.07307,0
2023-03-13 15:55:00+00:00,1.07307,1.07313,1.07307,1.07311,0
2023-03-13 15:56:00+00:00,1.07309,1.07321,1.07306,1.07307,0
2023-03-13 15:57:00+00:00,1.07307,1.07315,1.07307,1.07315,0
2023-03-13 15:58:00+00:00,1.07315,1.07317,1.07312,1.07313,0
2023-03-13 15:59:00+00:00,1.07312,1.07322,1.07305,1.07305,0
2023-03-13 18:00:00+00:00,1.07268,1.07284,1.07268,1.07276,0
2023-03-13 18:01:00+00:00,1.07275,1.07276,1.07265,1.07268,0
2023-03-13 18:02:00+00:00,1.07267,1.07284,1.07258,1.07273,0
2023-03-13 18:03:00+00:00,1.07275,1.07284,1.0727,1.07282,0
2023-03-13 18:04:00+00:00,1.07284,1.07285,1.07273,1.07273,0
2023-03-13 18:05:00+00:00,1.07274,1.07279,1.07272,1.07273,0
2023-03-13 18:06:00+00:00,1.07272,1.07272,1.07265,1.07265,0
2023-03-13 18:07:00+00:00,1.07265,1.07265,1.07255,1.07255,0
2023-03-13 18:08:00+00:00,1.07253,1.07263,1.0725,1.0725,0
2023-03-13 18:09:00+00:00,1.0725,1.07263,1.07249,1.07262,0
2023-03-13 18:10:00+00:00,1.07263,1.07263,1.07248,1.0725,0
2023-03-13 18:11:00+00:00,1.0725,1.07256,1.0725,1.07252,0
2023-03-13 18:12:00+00:00,1.07251,1.07255,1.07249,1.07249,0
2023-03-13 18:13:00+00:00,1.07249,1.07252,1.07247,1.07248,0
2023-03-13 18:14:00+00:00,1.07248,1.07253,1.07248,1.0725,0
2023-03-13 18:15:00+00:00,1.0725,1.07254,1.07245,1.07247,0
2023-03-13 18:16:00+00:00,1.07249,1.0725,1.07245,1.07245,0
2023-03-13 18:17:00+00:00,1.07245,1.07248,1.07245,1.07247,0
2023-03-13 18:18:00+00:00,1.07248,1.0725,1.07246,1.07248,0
2023-03-13 18:19:00+00:00,1.07246,1.07248,1.07245,1.07245,0
2023-03-13 18:20:00+00:00,1.07245,1.0725,1.07245,1.07245,0
2023-03-13 18:21:00+00:00,1.07245,1.07246,1.07233,1.07246,0
2023-03-13 18:22:00+00:00,1.07246,1.07251,1.07245,1.07246,0
2023-03-13 18:23:00+00:00,1.07244,1.07245,1.07234,1.07234,0
2023-03-13 18:24:00+00:00,1.07233,1.07233,1.07233,1.07233,0
2023-03-13 18:25:00+00:00,1.07234,1.07234,1.07228,1.07229,0
2023-03-13 18:26:00+00:00,1.07231,1.07281,1.07226,1.07263,0
2023-03-13 18:27:00+00:00,1.07264,1.07265,1.0725,1.07257,0
2023-03-13 18:28:00+00:00,1.07258,1.07267,1.07254,1.07266,0
2023-03-13 18:29:00+00:00,1.07265,1.07291,1.07261,1.07285,0
2023-03-13 18:30:00+00:00,1.07286,1.07289,1.0728,1.07283,0
2023-03-13 18:31:00+00:00,1.0728,1.07282,1.07268,1.07273,0
2023-03-13 18:32:00+00:00,1.07272,1.07275,1.07271,1.07271,0
2023-03-13 18:33:00+00:00,1.07272,1.07275,1.07272,1.07274,0
2023-03-13 18:34:00+00:00,1.07275,1.07282,1.07273,1.07274,0
2023-03-13 18:35:00+00:00,1.07273,1.07275,1.07268,1.07268,0
2023-03-13 18:36:00+00:00,1.07268,1.07279,1.07268,1.07273,0
2023-03-13 18:37:00+00:00,1.07274,1.07274,1.07258,1.0726,0
2023-03-13 18:38:00+00:00,1.07259,1.07259,1.07246,1.07253,0
2023-03-13 18:39:00+00:00,1.07253,1.07253,1.07241,1.07241,0
2023-03-13 18:40:00+00:00,1.0724,1.07246,1.07237,1.0724,0
2023-03-13 18:41:00+00:00,1.07239,1.07253,1.07239,1.0725,0
2023-03-13 18:42:00+00:00,1.0725,1.0725,1.07241,1.07244,0
2023-03-13 18:43:00+00:00,1.07245,1.07249,1.07244,1.07247,0
2023-03-13 18:44:00+00:00,1.07247,1.07255,1.07247,1.07249,0
2023-03-13 18:45:00+00:00,1.07248,1.07261,1.07245,1.07259,0
2023-03-13 18:46:00+00:00,1.0726,1.07264,1.07251,1.07254,0
2023-03-13 18:47:00+00:00,1.07254,1.07256,1.07238,1.0724,0
2023-03-13 18:48:00+00:00,1.07238,1.07238,1.07229,1.07235,0
2023-03-13 18:49:00+00:00,1.07238,1.07245,1.07235,1.07239,0
2023-03-13 18:50:00+00:00,1.0724,1.07243,1.07233,1.0724,0
2023-03-13 18:51:00+00:00,1.07238,1.07238,1.07223,1.07229,0
2023-03-13 18:52:00+00:00,1.07228,1.07236,1.07226,1.07235,0
2023-03-13 18:53:00+00:00,1.07235,1.07238,1.07233,1.07238,0
2023-03-13 18:54:00+00:00,1.07237,1.07239,1.07233,1.07234,0
2023-03-13 18:55:00+00:00,1.07233,1.07235,1.07233,1.07233,0
2023-03-13 18:56:00+00:00,1.07234,1.07235,1.07232,1.07233,0
2023-03-13 18:57:00+00:00,1.07234,1.07236,1.07234,1.07235,0
2023-03-13 18:58:00+00:00,1.07235,1.0725,1.07235,1.07242,0
2023-03-13 18:59:00+00:00,1.07242,1.07244,1.07228,1.07228,0
2023-03-13 19:00:00+00:00,1.07228,1.07241,1.07205,1.07205,0
2023-03-13 19:01:00+00:00,1.07204,1.07204,1.07173,1.07185,0
2023-03-13 19:02:00+00:00,1.07184,1.0719,1.0717,1.07185,0
2023-03-13 19:03:00+00:00,1.07185,1.07187,1.07163,1.07171,0
2023-03-13 19:04:00+00:00,1.0717,1.07173,1.07165,1.07166,0
2023-03-13 19:05:00+00:00,1.07168,1.07168,1.07149,1.07152,0
2023-03-13 19:06:00+00:00,1.07152,1.07153,1.07133,1.07134,0
2023-03-13 19:07:00+00:00,1.07134,1.07134,1.07115,1.07119,0
2023-03-13 19:08:00+00:00,1.07119,1.07124,1.07118,1.07124,0
2023-03-13 19:09:00+00:00,1.07124,1.07133,1.07118,1.0713,0
2023-03-13 19:10:00+00:00,1.07131,1.07143,1.07129,1.07129,0
2023-03-13 19:11:00+00:00,1.07129,1.07159,1.07129,1.07158,0
2023-03-13 19:12:00+00:00,1.07159,1.07179,1.07155,1.07161,0
2023-03-13 19:13:00+00:00,1.07159,1.0716,1.07149,1.07152,0
2023-03-13 19:14:00+00:00,1.07151,1.07151,1.07139,1.07147,0
2023-03-13 19:15:00+00:00,1.07146,1.07162,1.0714,1.07161,0
2023-03-13 19:16:00+00:00,1.07161,1.07185,1.07159,1.0718,0
2023-03-13 19:17:00+00:00,1.07182,1.07191,1.0716,1.07162,0
2023-03-13 19:18:00+00:00,1.07162,1.07167,1.07161,1.07166,0
2023-03-13 19:19:00+00:00,1.07164,1.07165,1.07161,1.07165,0
2023-03-13 19:20:00+00:00,1.07166,1.07166,1.0716,1.07165,0
2023-03-13 19:21:00+00:00,1.07164,1.07184,1.07163,1.07184,0
2023-03-13 19:22:00+00:00,1.07183,1.07194,1.07177,1.07181,0
2023-03-13 19:23:00+00:00,1.07183,1.07184,1.0718,1.07182,0
2023-03-13 19:24:00+00:00,1.07183,1.07184,1.0718,1.07181,0
2023-03-13 19:25:00+00:00,1.07178,1.07178,1.07168,1.07174,0
2023-03-13 19:26:00+00:00,1.07175,1.07196,1.07166,1.07196,0
2023-03-13 19:27:00+00:00,1.07196,1.072,1.07186,1.07188,0
2023-03-13 19:28:00+00:00,1.07187,1.07187,1.0718,1.0718,0
2023-03-13 19:29:00+00:00,1.07181,1.07183,1.07179,1.07183,0
2023-03-13 19:30:00+00:00,1.07183,1.07197,1.0718,1.07188,0
2023-03-13 19:31:00+00:00,1.07189,1.07199,1.07184,1.07189,0
2023-03-13 19:32:00+00:00,1.07187,1.07189,1.07173,1.07189,0
2023-03-13 19:33:00+00:00,1.07188,1.07193,1.07181,1.07181,0
2023-03-13 19:34:00+00:00,1.07181,1.07181,1.07166,1.07169,0
2023-03-13 19:35:00+00:00,1.07168,1.07174,1.07158,1.07161,0
2023-03-13 19:36:00+00:00,1.07161,1.0717,1.0716,1.07166,0
2023-03-13 19:37:00+00:00,1.07167,1.0717,1.07162,1.07169,0
2023-03-13 19:38:00+00:00,1.07168,1.07168,1.0716,1.07163,0
2023-03-13 19:39:00+00:00,1.07167,1.07172,1.07156,1.0717,0
2023-03-13 19:40:00+00:00,1.07172,1.07175,1.07162,1.07164,0
2023-03-13 19:41:00+00:00,1.07164,1.07164,1.07154,1.07158,0
2023-03-13 19:42:00+00:00,1.07159,1.07162,1.07155,1.07155,0
2023-03-13 19:43:00+00:00,1.07155,1.07163,1.07151,1.07163,0
2023-03-13 19:44:00+00:00,1.07162,1.07165,1.07159,1.07163,0
2023-03-13 19:45:00+00:00,1.07165,1.07173,1.07161,1.07171,0
2023-03-13 19:46:00+00:00,1.07171,1.072,1.0717,1.07194,0
2023-03-13 19:47:00+00:00,1.07194,1.07209,1.07194,1.07208,0
2023-03-13 19:48:00+00:00,1.07208,1.0721,1.07193,1.07199,0
2023-03-13 19:49:00+00:00,1.07199,1.07224,1.07199,1.07209,0
2023-03-13 19:50:00+00:00,1.07208,1.07219,1.07193,1.07194,0
2023-03-13 19:51:00+00:00,1.07194,1.07195,1.07189,1.07194,0
2023-03-13 19:52:00+00:00,1.07193,1.07206,1.0719,1.07191,0
2023-03-13 19:53:00+00:00,1.0719,1.07194,1.07179,1.07182,0
2023-03-13 19:54:00+00:00,1.07183,1.07205,1.07183,1.07193,0
2023-03-13 19:55:00+00:00,1.07193,1.07221,1.0719,1.07203,0
2023-03-13 19:56:00+00:00,1.07202,1.07203,1.07191,1.07191,0
2023-03-13 19:57:00+00:00,1.07191,1.07192,1.07183,1.07186,0
2023-03-13 19:58:00+00:00,1.07184,1.07186,1.07172,1.07175,0
2023-03-13 19:59:00+00:00,1.07172,1.07189,1.07172,1.07189,0
2023-03-13 20:00:00+00:00,1.07189,1.07211,1.07181,1.07203,0
2023-03-13 20:01:00+00:00,1.07205,1.07207,1.0719,1.07192,0
2023-03-13 20:02:00+00:00,1.0719,1.0719,1.0718,1.07182,0
2023-03-13 20:03:00+00:00,1.07179,1.07187,1.0717,1.07185,0
2023-03-13 20:04:00+00:00,1.07186,1.07191,1.07174,1.07179,0
2023-03-13 20:05:00+00:00,1.0718,1.07192,1.0718,1.07183,0
2023-03-13 20:06:00+00:00,1.07185,1.07189,1.07181,1.07185,0
2023-03-13 20:07:00+00:00,1.07186,1.07188,1.07183,1.07184,0
2023-03-13 20:08:00+00:00,1.07185,1.07186,1.07172,1.07174,0
2023-03-13 20:09:00+00:00,1.07176,1.07176,1.07151,1.07155,0
2023-03-13 20:10:00+00:00,1.07156,1.07157,1.07129,1.07133,0
2023-03-13 20:11:00+00:00,1.07133,1.07147,1.07133,1.07141,0
2023-03-13 20:12:00+00:00,1.07142,1.07144,1.07133,1.07133,0
2023-03-13 20:13:00+00:00,1.07133,1.07133,1.07109,1.07113,0
2023-03-13 20:14:00+00:00,1.07112,1.07116,1.0708,1.07088,0
2023-03-13 20:15:00+00:00,1.07085,1.07114,1.07085,1.07112,0
2023-03-13 20:16:00+00:00,1.07113,1.07114,1.07107,1.07114,0
2023-03-13 20:17:00+00:00,1.07114,1.0712,1.07108,1.07119,0
2023-03-13 20:18:00+00:00,1.0712,1.07126,1.07114,1.0712,0
2023-03-13 20:19:00+00:00,1.07119,1.07122,1.07111,1.07112,0
2023-03-13 20:20:00+00:00,1.07113,1.07124,1.07112,1.07123,0
2023-03-13 20:21:00+00:00,1.07127,1.0714,1.07124,1.07139,0
2023-03-13 20:22:00+00:00,1.07139,1.07147,1.07139,1.07139,0
2023-03-13 20:23:00+00:00,1.07139,1.07156,1.07126,1.07132,0
2023-03-13 20:24:00+00:00,1.07134,1.07139,1.07123,1.07127,0
2023-03-13 20:25:00+00:00,1.07126,1.07127,1.07106,1.07109,0
2023-03-13 20:26:00+00:00,1.07108,1.07115,1.07103,1.07104,0
2023-03-13 20:27:00+00:00,1.07106,1.07119,1.07106,1.07116,0
2023-03-13 20:28:00+00:00,1.07116,1.07122,1.07113,1.07116,0
2023-03-13 20:29:00+00:00,1.07117,1.07118,1.07109,1.07113,0
2023-03-13 20:30:00+00:00,1.07114,1.07114,1.07088,1.07096,0
2023-03-13 20:31:00+00:00,1.07095,1.07102,1.07079,1.07081,0
2023-03-13 20:32:00+00:00,1.07082,1.07096,1.07081,1.0709,0
2023-03-13 20:33:00+00:00,1.07092,1.07122,1.0709,1.07122,0
2023-03-13 20:34:00+00:00,1.07122,1.07129,1.07097,1.07102,0
2023-03-13 20:35:00+00:00,1.07102,1.07103,1.07087,1.07087,0
2023-03-13 20:36:00+00:00,1.07087,1.0709,1.07068,1.0709,0
2023-03-13 20:37:00+00:00,1.07089,1.07101,1.07084,1.0709,0
2023-03-13 20:38:00+00:00,1.07091,1.071,1.07088,1.07088,0
2023-03-13 20:39:00+00:00,1.07089,1.07094,1.07079,1.07083,0
2023-03-13 20:40:00+00:00,1.07082,1.07082,1.07066,1.07069,0
2023-03-13 20:41:00+00:00,1.0707,1.07081,1.07064,1.07068,0
2023-03-13 20:42:00+00:00,1.07068,1.07074,1.07061,1.07062,0
2023-03-13 20:43:00+00:00,1.07063,1.07068,1.0705,1.07052,0
2023-03-13 20:44:00+00:00,1.07054,1.07077,1.07053,1.07062,0
2023-03-13 20:45:00+00:00,1.07062,1.07084,1.07062,1.07073,0
2023-03-13 20:46:00+00:00,1.07073,1.07095,1.07057,1.07094,0
2023-03-13 20:47:00+00:00,1.07094,1.07103,1.07086,1.07098,0
2023-03-13 20:48:00+00:00,1.07099,1.07103,1.07093,1.07103,0
2023-03-13 20:49:00+00:00,1.07104,1.07104,1.07097,1.07099,0
2023-03-13 20:50:00+00:00,1.071,1.07101,1.07087,1.07089,0
2023-03-13 20:51:00+00:00,1.07088,1.07096,1.07086,1.07094,0
2023-03-13 20:52:00+00:00,1.07095,1.07098,1.07091,1.07091,0
2023-03-13 20:53:00+00:00,1.07091,1.07091,1.07081,1.07084,0
2023-03-13 20:54:00+00:00,1.07082,1.07084,1.0708,1.07081,0
2023-03-13 20:55:00+00:00,1.07082,1.07083,1.07057,1.0706,0
2023-03-13 20:56:00+00:00,1.07059,1.07062,1.07054,1.07055,0
2023-03-13 20:57:00+00:00,1.07055,1.0706,1.07052,1.07053,0
2023-03-13 20:58:00+00:00,1.07053,1.07068,1.07052,1.07067,0
2023-03-13 20:59:00+00:00,1.07067,1.07081,1.07061,1.07081,0
2023-03-13 21:00:00+00:00,1.07081,1.07101,1.0708,1.07096,0
2023-03-13 21:01:00+00:00,1.07096,1.07101,1.07083,1.07086,0
2023-03-13 21:02:00+00:00,1.07085,1.07089,1.07077,1.07085,0
2023-03-13 21:03:00+00:00,1.07086,1.071,1.07086,1.07095,0
2023-03-13 21:04:00+00:00,1.07096,1.07109,1.07091,1.07096,0
2023-03-13 21:05:00+00:00,1.07095,1.07111,1.07091,1.0711,0
2023-03-13 21:06:00+00:00,1.0711,1.07126,1.071,1.07101,0
2023-03-13 21:07:00+00:00,1.07102,1.0711,1.0709,1.07102,0
2023-03-13 21:08:00+00:00,1.07101,1.07119,1.071,1.07112,0
2023-03-13 21:09:00+00:00,1.07113,1.07121,1.07107,1.07113,0
2023-03-13 21:10:00+00:00,1.07112,1.07114,1.07102,1.07106,0
2023-03-13 21:11:00+00:00,1.07107,1.07118,1.07102,1.07107,0
2023-03-13 21:12:00+00:00,1.07109,1.07127,1.07109,1.07117,0
2023-03-13 21:13:00+00:00,1.07116,1.07122,1.07106,1.07109,0
2023-03-13 21:14:00+00:00,1.07107,1.0711,1.07096,1.07103,0
2023-03-13 21:15:00+00:00,1.07104,1.07104,1.07088,1.07092,0
2023-03-13 21:16:00+00:00,1.07091,1.07104,1.07091,1.07098,0
2023-03-13 21:17:00+00:00,1.07098,1.07102,1.07072,1.07074,0
2023-03-13 21:18:00+00:00,1.07075,1.07079,1.07066,1.07066,0
2023-03-13 21:19:00+00:00,1.07068,1.07071,1.07056,1.07071,0
2023-03-13 21:20:00+00:00,1.07072,1.07091,1.07069,1.07088,0
2023-03-13 21:21:00+00:00,1.07088,1.07106,1.07088,1.07092,0
2023-03-13 21:22:00+00:00,1.07091,1.07093,1.07082,1.07085,0
2023-03-13 21:23:00+00:00,1.07087,1.07092,1.07077,1.07081,0
2023-03-13 21:24:00+00:00,1.0708,1.07096,1.0708,1.07096,0
2023-03-13 21:25:00+00:00,1.07094,1.07094,1.07083,1.07083,0
2023-03-13 21:26:00+00:00,1.07084,1.0709,1.07072,1.07088,0
2023-03-13 21:27:00+00:00,1.07088,1.0709,1.07077,1.07085,0
2023-03-13 21:28:00+00:00,1.07082,1.0709,1.07075,1.07076,0
2023-03-13 21:29:00+00:00,1.07077,1.0708,1.07067,1.07072,0
2023-03-13 21:30:00+00:00,1.07071,1.07088,1.07071,1.07072,0
2023-03-13 21:31:00+00:00,1.07073,1.07074,1.07056,1.07066,0
2023-03-13 21:32:00+00:00,1.07066,1.0707,1.07057,1.07057,0
2023-03-13 21:33:00+00:00,1.07056,1.07066,1.07056,1.07062,0
2023-03-13 21:34:00+00:00,1.07061,1.07065,1.07053,1.07065,0
2023-03-13 21:35:00+00:00,1.07064,1.07077,1.07062,1.07068,0
2023-03-13 21:36:00+00:00,1.07068,1.07071,1.07059,1.07062,0
2023-03-13 21:37:00+00:00,1.07064,1.07064,1.07055,1.07061,0
2023-03-13 21:38:00+00:00,1.07062,1.07062,1.07058,1.07059,0
2023-03-13 21:39:00+00:00,1.0706,1.0706,1.0704,1.07041,0
2023-03-13 21:40:00+00:00,1.0704,1.07042,1.07021,1.0704,0
2023-03-13 21:41:00+00:00,1.07041,1.07051,1.07028,1.0703,0
2023-03-13 21:42:00+00:00,1.0703,1.0703,1.0702,1.0702,0
2023-03-13 21:43:00+00:00,1.07021,1.07024,1.06996,1.06996,0
2023-03-13 21:44:00+00:00,1.06996,1.07013,1.06996,1.07012,0
2023-03-13 21:45:00+00:00,1.07013,1.07022,1.07005,1.07011,0
2023-03-13 21:46:00+00:00,1.07014,1.07017,1.07006,1.07006,0
2023-03-13 21:47:00+00:00,1.07007,1.07012,1.06995,1.07012,0
2023-03-13 21:48:00+00:00,1.07015,1.07027,1.07014,1.07025,0
2023-03-13 21:49:00+00:00,1.07024,1.07024,1.07016,1.0702,0
2023-03-13 21:50:00+00:00,1.0702,1.07022,1.0701,1.07018,0
2023-03-13 21:51:00+00:00,1.0702,1.0703,1.0702,1.07021,0
2023-03-13 21:52:00+00:00,1.07021,1.07021,1.07008,1.07009,0
2023-03-13 21:53:00+00:00,1.07009,1.0701,1.06997,1.06999,0
2023-03-13 21:54:00+00:00,1.07,1.07005,1.06998,1.07004,0
2023-03-13 21:55:00+00:00,1.07001,1.07004,1.07,1.07002,0
2023-03-13 21:56:00+00:00,1.07003,1.07025,1.07003,1.0702,0
2023-03-13 21:57:00+00:00,1.07021,1.07021,1.07007,1.0701,0
2023-03-13 21:58:00+00:00,1.07012,1.07012,1.06987,1.06998,0
2023-03-13 21:59:00+00:00,1.06998,1.07006,1.06993,1.07006,0
2023-03-13 22:00:00+00:00,1.07007,1.07014,1.06993,1.06994,0
2023-03-13 22:01:00+00:00,1.06995,1.07004,1.06993,1.07,0
2023-03-13 22:02:00+00:00,1.07003,1.07014,1.07003,1.07011,0
2023-03-13 22:03:00+00:00,1.07011,1.07012,1.07006,1.07007,0
2023-03-13 22:04:00+00:00,1.07008,1.07014,1.07001,1.07008,0
2023-03-13 22:05:00+00:00,1.07007,1.07009,1.07003,1.07005,0
2023-03-13 22:06:00+00:00,1.07005,1.07019,1.06995,1.07014,0
2023-03-13 22:07:00+00:00,1.07014,1.07015,1.06995,1.07004,0
2023-03-13 22:08:00+00:00,1.07002,1.07004,1.06996,1.07004,0
2023-03-13 22:09:00+00:00,1.07007,1.07017,1.07007,1.07015,0
2023-03-13 22:10:00+00:00,1.07017,1.07023,1.07007,1.07021,0
2023-03-13 22:11:00+00:00,1.07022,1.07042,1.07019,1.07036,0
2023-03-13 22:12:00+00:00,1.07037,1.07038,1.0703,1.07035,0
2023-03-13 22:13:00+00:00,1.07036,1.07039,1.07032,1.07037,0
2023-03-13 22:14:00+00:00,1.07038,1.07049,1.07038,1.07046,0
2023-03-13 22:15:00+00:00,1.07046,1.07048,1.07043,1.07048,0
2023-03-13 22:16:00+00:00,1.07048,1.0705,1.07041,1.07047,0
2023-03-13 22:17:00+00:00,1.07046,1.07054,1.07046,1.07053,0
2023-03-13 22:18:00+00:00,1.07053,1.07059,1.07052,1.07057,0
2023-03-13 22:19:00+00:00,1.07059,1.07062,1.07057,1.07059,0
2023-03-13 22:20:00+00:00,1.07057,1.07061,1.07055,1.07061,0
2023-03-13 22:21:00+00:00,1.0706,1.0706,1.07052,1.07059,0
2023-03-13 22:22:00+00:00,1.0706,1.0707,1.07056,1.07062,0
2023-03-13 22:23:00+00:00,1.07064,1.07065,1.07047,1.07047,0
2023-03-13 22:24:00+00:00,1.07048,1.07052,1.07042,1.07042,0
2023-03-13 22:25:00+00:00,1.07044,1.07044,1.07035,1.07037,0
2023-03-13 22:26:00+00:00,1.07037,1.07039,1.07036,1.07037,0
2023-03-13 22:27:00+00:00,1.07038,1.0704,1.07037,1.07037,0
2023-03-13 22:28:00+00:00,1.07037,1.07039,1.07017,1.07022,0
2023-03-13 22:29:00+00:00,1.07023,1.07024,1.07008,1.0701,0
2023-03-13 22:30:00+00:00,1.07012,1.07023,1.0701,1.07021,0
2023-03-13 22:31:00+00:00,1.07022,1.07031,1.07015,1.07017,0
2023-03-13 22:32:00+00:00,1.07016,1.0703,1.07012,1.07012,0
2023-03-13 22:33:00+00:00,1.07012,1.07024,1.07012,1.07024,0
2023-03-13 22:34:00+00:00,1.07025,1.07041,1.07022,1.07041,0
2023-03-13 22:35:00+00:00,1.07041,1.07046,1.07033,1.07036,0
2023-03-13 22:36:00+00:00,1.07034,1.07039,1.07017,1.07019,0
2023-03-13 22:37:00+00:00,1.07018,1.07022,1.07017,1.07018,0
2023-03-13 22:38:00+00:00,1.07018,1.07021,1.07011,1.07016,0
2023-03-13 22:39:00+00:00,1.07016,1.07021,1.07016,1.0702,0
2023-03-13 22:40:00+00:00,1.0702,1.07039,1.07019,1.07037,0
2023-03-13 22:41:00+00:00,1.07038,1.07041,1.07023,1.07024,0
2023-03-13 22:42:00+00:00,1.07024,1.07033,1.07022,1.07032,0
2023-03-13 22:43:00+00:00,1.07033,1.07034,1.07022,1.07025,0
2023-03-13 22:44:00+00:00,1.07024,1.07031,1.07024,1.07028,0
2023-03-13 22:45:00+00:00,1.07027,1.07036,1.07021,1.07035,0
2023-03-13 22:46:00+00:00,1.07035,1.0705,1.07035,1.07047,0
2023-03-13 22:47:00+00:00,1.07046,1.07053,1.07046,1.0705,0
2023-03-13 22:48:00+00:00,1.07049,1.07051,1.07026,1.07026,0
2023-03-13 22:49:00+00:00,1.07027,1.07039,1.07027,1.07039,0
2023-03-13 22:50:00+00:00,1.07038,1.07049,1.07038,1.07048,0
2023-03-13 22:51:00+00:00,1.07049,1.0705,1.07042,1.07047,0
2023-03-13 22:52:00+00:00,1.07048,1.0705,1.07044,1.07045,0
2023-03-13 22:53:00+00:00,1.07047,1.07049,1.07043,1.07048,0
2023-03-13 22:54:00+00:00,1.07048,1.0705,1.07039,1.0705,0
2023-03-13 22:55:00+00:00,1.07049,1.07061,1.07044,1.07048,0
2023-03-13 22:56:00+00:00,1.07048,1.07049,1.07044,1.07046,0
2023-03-13 22:57:00+00:00,1.07044,1.07044,1.07036,1.07037,0
2023-03-13 22:58:00+00:00,1.07037,1.07042,1.07019,1.07019,0
2023-03-13 22:59:00+00:00,1.07018,1.07027,1.07018,1.07025,0
2023-03-13 23:00:00+00:00,1.07028,1.07042,1.07028,1.07036,0
2023-03-13 23:01:00+00:00,1.07037,1.07043,1.07029,1.07033,0
2023-03-13 23:02:00+00:00,1.07034,1.07036,1.0703,1.0703,0
2023-03-13 23:03:00+00:00,1.0703,1.0703,1.0702,1.07027,0
2023-03-13 23:04:00+00:00,1.07026,1.0703,1.07024,1.07029,0
2023-03-13 23:05:00+00:00,1.07028,1.07044,1.07028,1.07042,0
2023-03-13 23:06:00+00:00,1.07042,1.07058,1.07042,1.07055,0
2023-03-13 23:07:00+00:00,1.07055,1.07058,1.07052,1.07055,0
2023-03-13 23:08:00+00:00,1.07055,1.07055,1.07049,1.0705,0
2023-03-13 23:09:00+00:00,1.07049,1.07052,1.07046,1.0705,0
2023-03-13 23:10:00+00:00,1.0705,1.07051,1.07041,1.07043,0
2023-03-13 23:11:00+00:00,1.07043,1.0705,1.07043,1.0705,0
2023-03-13 23:12:00+00:00,1.07048,1.07058,1.07048,1.07055,0
2023-03-13 23:13:00+00:00,1.07056,1.07065,1.07054,1.07061,0
2023-03-13 23:14:00+00:00,1.07062,1.07062,1.07051,1.07054,0
2023-03-13 23:15:00+00:00,1.07056,1.07058,1.07051,1.07052,0
2023-03-13 23:16:00+00:00,1.07053,1.07061,1.07053,1.0706,0
2023-03-13 23:17:00+00:00,1.0706,1.07061,1.07057,1.07059,0
2023-03-13 23:18:00+00:00,1.07059,1.0706,1.07057,1.07059,0
2023-03-13 23:19:00+00:00,1.07061,1.07066,1.07057,1.07059,0
2023-03-13 23:20:00+00:00,1.07058,1.07067,1.07057,1.07067,0
2023-03-13 23:21:00+00:00,1.07065,1.07065,1.0706,1.07062,0
2023-03-13 23:22:00+00:00,1.07062,1.07065,1.07052,1.07054,0
2023-03-13 23:23:00+00:00,1.07053,1.07057,1.0705,1.0705,0
2023-03-13 23:24:00+00:00,1.07051,1.07059,1.0705,1.07057,0
2023-03-13 23:25:00+00:00,1.07057,1.07057,1.07048,1.07048,0
2023-03-13 23:26:00+00:00,1.07049,1.0705,1.07037,1.07039,0
2023-03-13 23:27:00+00:00,1.07038,1.07047,1.07038,1.07044,0
2023-03-13 23:28:00+00:00,1.07043,1.07047,1.0704,1.07047,0
2023-03-13 23:29:00+00:00,1.07047,1.0705,1.07042,1.07048,0
2023-03-13 23:30:00+00:00,1.07047,1.07048,1.07039,1.0704,0
2023-03-13 23:31:00+00:00,1.07041,1.07043,1.07032,1.07032,0
2023-03-13 23:32:00+00:00,1.0703,1.07037,1.07028,1.07036,0
2023-03-13 23:33:00+00:00,1.07037,1.07037,1.07024,1.07025,0
2023-03-13 23:34:00+00:00,1.07025,1.07034,1.07025,1.07031,0
2023-03-13 23:35:00+00:00,1.07032,1.07032,1.0703,1.0703,0
2023-03-13 23:36:00+00:00,1.07029,1.07029,1.07015,1.07021,0
2023-03-13 23:37:00+00:00,1.0702,1.07023,1.07011,1.07022,0
2023-03-13 23:38:00+00:00,1.0702,1.07022,1.07017,1.0702,0
2023-03-13 23:39:00+00:00,1.07018,1.07021,1.07016,1.07021,0
2023-03-13 23:40:00+00:00,1.07021,1.07027,1.07016,1.07017,0
2023-03-13 23:41:00+00:00,1.0702,1.0702,1.07016,1.07017,0
2023-03-13 23:42:00+00:00,1.07017,1.07017,1.07004,1.07004,0
2023-03-13 23:43:00+00:00,1.07006,1.07021,1.07005,1.07016,0
2023-03-13 23:44:00+00:00,1.07017,1.07026,1.07005,1.07024,0
2023-03-13 23:45:00+00:00,1.07023,1.07025,1.07006,1.07008,0
2023-03-13 23:46:00+00:00,1.07009,1.07009,1.06999,1.07001,0
2023-03-13 23:47:00+00:00,1.07002,1.07009,1.06999,1.07009,0
2023-03-13 23:48:00+00:00,1.07008,1.07013,1.07007,1.07007,0
2023-03-13 23:49:00+00:00,1.07008,1.07011,1.07006,1.07007,0
2023-03-13 23:50:00+00:00,1.07008,1.07009,1.07002,1.07002,0
2023-03-13 23:51:00+00:00,1.07002,1.07002,1.0699,1.06993,0
2023-03-13 23:52:00+00:00,1.06994,1.06996,1.06979,1.06986,0
2023-03-13 23:53:00+00:00,1.06985,1.06996,1.06985,1.06992,0
2023-03-13 23:54:00+00:00,1.06993,1.06995,1.0699,1.0699,0
2023-03-13 23:55:00+00:00,1.06991,1.07004,1.0699,1.06999,0
2023-03-13 23:56:00+00:00,1.06998,1.07021,1.06997,1.07016,0
2023-03-13 23:57:00+00:00,1.07016,1.07018,1.07012,1.07013,0
2023-03-13 23:58:00+00:00,1.07013,1.07019,1.07012,1.07014,0
2023-03-13 23:59:00+00:00,1.07013,1.07026,1.07013,1.07025,0
2023-03-14 00:00:00+00:00,1.07024,1.07027,1.07012,1.07014,0
2023-03-14 00:01:00+00:00,1.07015,1.0702,1.07014,1.07018,0
2023-03-14 00:02:00+00:00,1.07017,1.07023,1.07016,1.07023,0
2023-03-14 00:03:00+00:00,1.07023,1.07026,1.07016,1.07016,0
2023-03-14 00:04:00+00:00,1.07017,1.07026,1.07016,1.07021,0
2023-03-14 00:05:00+00:00,1.07021,1.07021,1.07013,1.07016,0
2023-03-14 00:06:00+00:00,1.07017,1.07017,1.07006,1.0701,0
2023-03-14 00:07:00+00:00,1.07011,1.07022,1.07011,1.07019,0
2023-03-14 00:08:00+00:00,1.07019,1.0702,1.07013,1.07014,0
2023-03-14 00:09:00+00:00,1.07017,1.07024,1.07013,1.07024,0
2023-03-14 00:10:00+00:00,1.07022,1.07041,1.07022,1.07034,0
2023-03-14 00:11:00+00:00,1.07034,1.0704,1.07033,1.07034,0
2023-03-14 00:12:00+00:00,1.07034,1.0704,1.07033,1.07038,0
2023-03-14 00:13:00+00:00,1.07039,1.07042,1.07034,1.07035,0
2023-03-14 00:14:00+00:00,1.07034,1.0704,1.07032,1.07038,0
2023-03-14 00:15:00+00:00,1.07039,1.07042,1.07034,1.07037,0
2023-03-14 00:16:00+00:00,1.07037,1.07039,1.07034,1.07037,0
2023-03-14 00:17:00+00:00,1.07038,1.07048,1.07037,1.07042,0
2023-03-14 00:18:00+00:00,1.07042,1.07045,1.07037,1.07041,0
2023-03-14 00:19:00+00:00,1.07042,1.07044,1.07035,1.07037,0
2023-03-14 00:20:00+00:00,1.07038,1.07038,1.07008,1.0701,0
2023-03-14 00:21:00+00:00,1.07008,1.07017,1.07008,1.07017,0
2023-03-14 00:22:00+00:00,1.07016,1.07017,1.07011,1.07012,0
2023-03-14 00:23:00+00:00,1.0701,1.0701,1.06991,1.06991,0
2023-03-14 00:24:00+00:00,1.06992,1.06998,1.06984,1.06989,0
2023-03-14 00:25:00+00:00,1.06988,1.06994,1.06982,1.06983,0
2023-03-14 00:26:00+00:00,1.06982,1.07008,1.06982,1.07008,0
2023-03-14 00:27:00+00:00,1.07009,1.07022,1.07009,1.07013,0
2023-03-14 00:28:00+00:00,1.07013,1.07013,1.07004,1.07005,0
2023-03-14 00:29:00+00:00,1.07004,1.07005,1.06982,1.06983,0
2023-03-14 00:30:00+00:00,1.06982,1.06993,1.06981,1.06986,0
2023-03-14 00:31:00+00:00,1.06986,1.06993,1.06982,1.06992,0
2023-03-14 00:32:00+00:00,1.06992,1.07001,1.06992,1.06999,0
2023-03-14 00:33:00+00:00,1.06999,1.07007,1.06997,1.06998,0
2023-03-14 00:34:00+00:00,1.06998,1.07003,1.06998,1.07003,0
2023-03-14 00:35:00+00:00,1.07004,1.07004,1.06997,1.07,0
2023-03-14 00:36:00+00:00,1.06999,1.07008,1.06998,1.07005,0
2023-03-14 00:37:00+00:00,1.07005,1.07005,1.06993,1.06996,0
2023-03-14 00:38:00+00:00,1.06995,1.07003,1.06995,1.07001,0
2023-03-14 00:39:00+00:00,1.07001,1.07002,1.06984,1.06993,0
2023-03-14 00:40:00+00:00,1.06992,1.06992,1.06984,1.06984,0
2023-03-14 00:41:00+00:00,1.06983,1.06994,1.06968,1.0699,0
2023-03-14 00:42:00+00:00,1.06991,1.06994,1.06987,1.06989,0
2023-03-14 00:43:00+00:00,1.06988,1.06994,1.06983,1.06993,0
2023-03-14 00:44:00+00:00,1.06994,1.07002,1.06994,1.06998,0
2023-03-14 00:45:00+00:00,1.06998,1.07023,1.06998,1.0701,0
2023-03-14 00:46:00+00:00,1.0701,1.07016,1.0701,1.07012,0
2023-03-14 00:47:00+00:00,1.07013,1.07019,1.07012,1.07017,0
2023-03-14 00:48:00+00:00,1.07019,1.07032,1.07019,1.07028,0
2023-03-14 00:49:00+00:00,1.07027,1.07028,1.07012,1.07016,0
2023-03-14 00:50:00+00:00,1.07018,1.07023,1.07015,1.07017,0
2023-03-14 00:51:00+00:00,1.07018,1.07021,1.07017,1.07018,0
2023-03-14 00:52:00+00:00,1.07018,1.07021,1.07017,1.07018,0
2023-03-14 00:53:00+00:00,1.07019,1.07047,1.07019,1.07046,0
2023-03-14 00:54:00+00:00,1.07046,1.07046,1.07025,1.07029,0
2023-03-14 00:55:00+00:00,1.07029,1.07053,1.07029,1.07051,0
2023-03-14 00:56:00+00:00,1.07052,1.07063,1.07046,1.07053,0
2023-03-14 00:57:00+00:00,1.07052,1.07067,1.0705,1.0706,0
2023-03-14 00:58:00+00:00,1.0706,1.07073,1.07057,1.0707,0
2023-03-14 00:59:00+00:00,1.07073,1.07079,1.0707,1.07074,0
2023-03-14 01:00:00+00:00,1.07074,1.07079,1.07062,1.07072,0
2023-03-14 01:01:00+00:00,1.07072,1.07079,1.0707,1.07071,0
2023-03-14 01:02:00+00:00,1.07072,1.07077,1.07066,1.07068,0
2023-03-14 01:03:00+00:00,1.07069,1.07069,1.07052,1.07052,0
2023-03-14 01:04:00+00:00,1.07055,1.07062,1.07049,1.0705,0
2023-03-14 01:05:00+00:00,1.07049,1.07061,1.07047,1.07052,0
2023-03-14 01:06:00+00:00,1.07051,1.07077,1.07051,1.07068,0
2023-03-14 01:07:00+00:00,1.07067,1.07077,1.07054,1.07058,0
2023-03-14 01:08:00+00:00,1.07059,1.07079,1.07057,1.07077,0
2023-03-14 01:09:00+00:00,1.07078,1.07088,1.07064,1.07087,0
2023-03-14 01:10:00+00:00,1.07088,1.07096,1.07062,1.07078,0
2023-03-14 01:11:00+00:00,1.07079,1.071,1.07077,1.07096,0
2023-03-14 01:12:00+00:00,1.07097,1.07108,1.07077,1.07101,0
2023-03-14 01:13:00+00:00,1.07101,1.0712,1.0709,1.07091,0
2023-03-14 01:14:00+00:00,1.0709,1.07124,1.07076,1.07121,0
2023-03-14 01:15:00+00:00,1.07121,1.07136,1.07103,1.0712,0
2023-03-14 01:16:00+00:00,1.07118,1.07153,1.07116,1.07151,0
2023-03-14 01:17:00+00:00,1.07149,1.07152,1.07119,1.07126,0
2023-03-14 01:18:00+00:00,1.07125,1.07126,1.07091,1.07093,0
2023-03-14 01:19:00+00:00,1.07093,1.07093,1.07033,1.0705,0
2023-03-14 01:20:00+00:00,1.07052,1.07058,1.07032,1.07057,0
2023-03-14 01:21:00+00:00,1.07055,1.07055,1.06982,1.0699,0
2023-03-14 01:22:00+00:00,1.0699,1.06992,1.06939,1.06949,0
2023-03-14 01:23:00+00:00,1.06949,1.06974,1.06942,1.06964,0
2023-03-14 01:24:00+00:00,1.06965,1.06999,1.0696,1.06999,0
2023-03-14 01:25:00+00:00,1.06998,1.07029,1.06998,1.07011,0
2023-03-14 01:26:00+00:00,1.07013,1.07021,1.06993,1.06997,0
2023-03-14 01:27:00+00:00,1.06996,1.0701,1.06978,1.07,0
2023-03-14 01:28:00+00:00,1.07001,1.07009,1.06992,1.07004,0
2023-03-14 01:29:00+00:00,1.07002,1.07021,1.06999,1.07008,0
2023-03-14 01:30:00+00:00,1.07007,1.0701,1.06984,1.06988,0
2023-03-14 01:31:00+00:00,1.06988,1.06998,1.06979,1.06993,0
2023-03-14 01:32:00+00:00,1.06992,1.06994,1.06977,1.06977,0
2023-03-14 01:33:00+00:00,1.06977,1.06992,1.06974,1.06992,0
2023-03-14 01:34:00+00:00,1.06991,1.06992,1.06967,1.06977,0
2023-03-14 01:35:00+00:00,1.06976,1.06976,1.06956,1.06963,0
2023-03-14 01:36:00+00:00,1.06962,1.06978,1.0696,1.06971,0
2023-03-14 01:37:00+00:00,1.06972,1.0698,1.06965,1.06968,0
2023-03-14 01:38:00+00:00,1.06969,1.06974,1.06942,1.06949,0
2023-03-14 01:39:00+00:00,1.06947,1.06975,1.06947,1.06973,0
2023-03-14 01:40:00+00:00,1.06974,1.06974,1.06942,1.06946,0
2023-03-14 01:41:00+00:00,1.06948,1.06955,1.06931,1.06951,0
2023-03-14 01:42:00+00:00,1.06953,1.06959,1.06934,1.06959,0
2023-03-14 01:43:00+00:00,1.06959,1.06983,1.06957,1.06959,0
2023-03-14 01:44:00+00:00,1.06962,1.06976,1.0696,1.06972,0
2023-03-14 01:45:00+00:00,1.06973,1.06982,1.06957,1.06968,0
2023-03-14 01:46:00+00:00,1.0697,1.06997,1.06969,1.06994,0
2023-03-14 01:47:00+00:00,1.06993,1.07009,1.06987,1.06988,0
2023-03-14 01:48:00+00:00,1.06987,1.06997,1.06986,1.06988,0
2023-03-14 01:49:00+00:00,1.06989,1.07,1.06985,1.07,0
2023-03-14 01:50:00+00:00,1.07,1.07,1.06985,1.06995,0
2023-03-14 01:51:00+00:00,1.06994,1.06999,1.0698,1.0698,0
2023-03-14 01:52:00+00:00,1.0698,1.0698,1.06962,1.06964,0
2023-03-14 01:53:00+00:00,1.06964,1.06972,1.06954,1.06958,0
2023-03-14 01:54:00+00:00,1.06956,1.06964,1.06954,1.06964,0
2023-03-14 01:55:00+00:00,1.06965,1.06975,1.06964,1.06968,0
2023-03-14 01:56:00+00:00,1.06967,1.06967,1.06941,1.06943,0
2023-03-14 01:57:00+00:00,1.06944,1.06954,1.06944,1.06954,0
2023-03-14 01:58:00+00:00,1.06953,1.06955,1.06949,1.06953,0
2023-03-14 01:59:00+00:00,1.06952,1.06974,1.06952,1.06972,0
2023-03-14 02:00:00+00:00,1.06971,1.06994,1.06962,1.06992,0
2023-03-14 02:01:00+00:00,1.06993,1.06998,1.06981,1.06992,0
2023-03-14 02:02:00+00:00,1.06991,1.06997,1.06967,1.06968,0
2023-03-14 02:03:00+00:00,1.06967,1.06978,1.0695,1.06972,0
2023-03-14 02:04:00+00:00,1.06973,1.06998,1.06969,1.06993,0
2023-03-14 02:05:00+00:00,1.06993,1.06999,1.06984,1.0699,0
2023-03-14 02:06:00+00:00,1.06988,1.0699,1.06948,1.06957,0
2023-03-14 02:07:00+00:00,1.06957,1.06957,1.06933,1.06952,0
2023-03-14 02:08:00+00:00,1.06952,1.06959,1.06944,1.06958,0
2023-03-14 02:09:00+00:00,1.06958,1.06982,1.06953,1.06971,0
2023-03-14 02:10:00+00:00,1.06972,1.07006,1.0697,1.0698,0
2023-03-14 02:11:00+00:00,1.0698,1.0701,1.0697,1.06975,0
2023-03-14 02:12:00+00:00,1.06974,1.06998,1.06969,1.06969,0
2023-03-14 02:13:00+00:00,1.06969,1.07,1.06967,1.06999,0
2023-03-14 02:14:00+00:00,1.07001,1.07006,1.06976,1.07004,0
2023-03-14 02:15:00+00:00,1.07005,1.07013,1.06968,1.06969,0
2023-03-14 02:16:00+00:00,1.06968,1.07008,1.06959,1.06994,0
2023-03-14 02:17:00+00:00,1.06994,1.07018,1.06984,1.06991,0
2023-03-14 02:18:00+00:00,1.06992,1.06993,1.06961,1.06966,0
2023-03-14 02:19:00+00:00,1.06968,1.06979,1.06961,1.06965,0
2023-03-14 02:20:00+00:00,1.06963,1.06975,1.06954,1.06958,0
2023-03-14 02:21:00+00:00,1.06958,1.06963,1.06946,1.0696,0
2023-03-14 02:22:00+00:00,1.0696,1.06987,1.06937,1.0698,0
2023-03-14 02:23:00+00:00,1.06979,1.0698,1.06946,1.06959,0
2023-03-14 02:24:00+00:00,1.0696,1.06977,1.06951,1.06951,0
2023-03-14 02:25:00+00:00,1.06953,1.06973,1.06953,1.06954,0
2023-03-14 02:26:00+00:00,1.06953,1.06955,1.06919,1.06927,0
2023-03-14 02:27:00+00:00,1.06928,1.0693,1.06866,1.06871,0
2023-03-14 02:28:00+00:00,1.06871,1.06875,1.06853,1.06866,0
2023-03-14 02:29:00+00:00,1.06867,1.06869,1.06821,1.06833,0
2023-03-14 02:30:00+00:00,1.06832,1.06835,1.06797,1.06834,0
2023-03-14 02:31:00+00:00,1.06833,1.06852,1.06833,1.06848,0
2023-03-14 02:32:00+00:00,1.06848,1.06875,1.06842,1.06843,0
2023-03-14 02:33:00+00:00,1.06847,1.0685,1.06829,1.06833,0
2023-03-14 02:34:00+00:00,1.06832,1.06845,1.06826,1.0683,0
2023-03-14 02:35:00+00:00,1.06832,1.0685,1.06818,1.06845,0
2023-03-14 02:36:00+00:00,1.06844,1.06864,1.06831,1.06863,0
2023-03-14 02:37:00+00:00,1.06863,1.06879,1.06855,1.06877,0
2023-03-14 02:38:00+00:00,1.06876,1.06893,1.06872,1.06883,0
2023-03-14 02:39:00+00:00,1.06883,1.06897,1.06865,1.06867,0
2023-03-14 02:40:00+00:00,1.06868,1.06868,1.06835,1.06841,0
2023-03-14 02:41:00+00:00,1.0684,1.06845,1.06822,1.06837,0
2023-03-14 02:42:00+00:00,1.06838,1.06842,1.0682,1.06827,0
2023-03-14 02:43:00+00:00,1.06827,1.06827,1.06816,1.06827,0
2023-03-14 02:44:00+00:00,1.06829,1.06852,1.06827,1.06832,0
2023-03-14 02:45:00+00:00,1.06832,1.06843,1.06792,1.06796,0
2023-03-14 02:46:00+00:00,1.06796,1.0682,1.06787,1.06816,0
2023-03-14 02:47:00+00:00,1.06816,1.06841,1.06808,1.06833,0
2023-03-14 02:48:00+00:00,1.06832,1.0686,1.06825,1.06858,0
2023-03-14 02:49:00+00:00,1.06859,1.06859,1.06813,1.06825,0
2023-03-14 02:50:00+00:00,1.06827,1.06846,1.06815,1.06842,0
2023-03-14 02:51:00+00:00,1.06845,1.06858,1.06836,1.06841,0
2023-03-14 02:52:00+00:00,1.06842,1.06861,1.0683,1.06847,0
2023-03-14 02:53:00+00:00,1.06846,1.06864,1.06842,1.06847,0
2023-03-14 02:54:00+00:00,1.06848,1.06864,1.06837,1.06857,0
2023-03-14 02:55:00+00:00,1.06859,1.06878,1.06858,1.0686,0
2023-03-14 02:56:00+00:00,1.0686,1.06873,1.06847,1.06868,0
2023-03-14 02:57:00+00:00,1.06871,1.06894,1.06865,1.06877,0
2023-03-14 02:58:00+00:00,1.06875,1.06885,1.06865,1.06867,0
2023-03-14 02:59:00+00:00,1.06867,1.06898,1.06867,1.06895,0
2023-03-14 03:00:00+00:00,1.06895,1.06909,1.06879,1.06907,0
2023-03-14 03:01:00+00:00,1.06906,1.06917,1.0689,1.06893,0
2023-03-14 03:02:00+00:00,1.06895,1.06909,1.06876,1.06898,0
2023-03-14 03:03:00+00:00,1.06896,1.06913,1.06877,1.06899,0
2023-03-14 03:04:00+00:00,1.06899,1.06932,1.06898,1.06909,0
2023-03-14 03:05:00+00:00,1.06909,1.06925,1.06887,1.06897,0
2023-03-14 03:06:00+00:00,1.069,1.06911,1.06878,1.06887,0
2023-03-14 03:07:00+00:00,1.06892,1.06928,1.06877,1.06918,0
2023-03-14 03:08:00+00:00,1.06918,1.06936,1.06916,1.06916,0
2023-03-14 03:09:00+00:00,1.06916,1.06928,1.06903,1.06925,0
2023-03-14 03:10:00+00:00,1.06923,1.06928,1.06897,1.06906,0
2023-03-14 03:11:00+00:00,1.06906,1.06918,1.06894,1.06905,0
2023-03-14 03:12:00+00:00,1.06905,1.06927,1.06896,1.0691,0
2023-03-14 03:13:00+00:00,1.06912,1.06963,1.06911,1.06962,0
2023-03-14 03:14:00+00:00,1.06962,1.06986,1.06961,1.06983,0
2023-03-14 03:15:00+00:00,1.06982,1.06983,1.06956,1.06959,0
2023-03-14 03:16:00+00:00,1.06957,1.06966,1.06938,1.06963,0
2023-03-14 03:17:00+00:00,1.06963,1.06997,1.06963,1.06996,0
2023-03-14 03:18:00+00:00,1.07001,1.07001,1.0696,1.06963,0
2023-03-14 03:19:00+00:00,1.06963,1.06975,1.06939,1.06973,0
2023-03-14 03:20:00+00:00,1.06972,1.06973,1.06935,1.06942,0
2023-03-14 03:21:00+00:00,1.06941,1.06968,1.06941,1.06942,0
2023-03-14 03:22:00+00:00,1.06942,1.06953,1.06927,1.06953,0
2023-03-14 03:23:00+00:00,1.06953,1.06965,1.06936,1.06942,0
2023-03-14 03:24:00+00:00,1.06942,1.06946,1.06925,1.06942,0
2023-03-14 03:25:00+00:00,1.06942,1.06966,1.06926,1.06932,0
2023-03-14 03:26:00+00:00,1.06931,1.06979,1.06922,1.06972,0
2023-03-14 03:27:00+00:00,1.06972,1.06984,1.06965,1.06977,0
2023-03-14 03:28:00+00:00,1.06977,1.07005,1.06977,1.07004,0
2023-03-14 03:29:00+00:00,1.07006,1.07009,1.06978,1.06986,0
2023-03-14 03:30:00+00:00,1.06985,1.06986,1.06942,1.06947,0
2023-03-14 03:31:00+00:00,1.06946,1.06949,1.06917,1.06917,0
2023-03-14 03:32:00+00:00,1.06918,1.06927,1.06909,1.06922,0
2023-03-14 03:33:00+00:00,1.06924,1.06928,1.06907,1.06918,0
2023-03-14 03:34:00+00:00,1.06916,1.06923,1.06907,1.06918,0
2023-03-14 03:35:00+00:00,1.06918,1.06947,1.06918,1.06939,0
2023-03-14 03:36:00+00:00,1.06941,1.06959,1.06916,1.06931,0
2023-03-14 03:37:00+00:00,1.06931,1.06931,1.06844,1.06848,0
2023-03-14 03:38:00+00:00,1.06846,1.06881,1.06829,1.06877,0
2023-03-14 03:39:00+00:00,1.06878,1.06924,1.06872,1.06918,0
2023-03-14 03:40:00+00:00,1.06918,1.06933,1.06901,1.06908,0
2023-03-14 03:41:00+00:00,1.06909,1.06953,1.06909,1.06953,0
2023-03-14 03:42:00+00:00,1.06954,1.06981,1.06954,1.06967,0
2023-03-14 03:43:00+00:00,1.06968,1.06977,1.0695,1.06957,0
2023-03-14 03:44:00+00:00,1.06956,1.06966,1.06926,1.06932,0
2023-03-14 03:45:00+00:00,1.06931,1.06933,1.06912,1.06927,0
2023-03-14 03:46:00+00:00,1.06926,1.06938,1.06921,1.06928,0
2023-03-14 03:47:00+00:00,1.06928,1.06943,1.06911,1.06913,0
2023-03-14 03:48:00+00:00,1.06913,1.06933,1.06904,1.06907,0
2023-03-14 03:49:00+00:00,1.06906,1.06946,1.0689,1.0694,0
2023-03-14 03:50:00+00:00,1.06942,1.06963,1.06939,1.06951,0
2023-03-14 03:51:00+00:00,1.06952,1.06956,1.06903,1.06908,0
2023-03-14 03:52:00+00:00,1.06909,1.06928,1.06904,1.06913,0
2023-03-14 03:53:00+00:00,1.06913,1.06944,1.06903,1.06933,0
2023-03-14 03:54:00+00:00,1.06934,1.06961,1.06918,1.06951,0
2023-03-14 03:55:00+00:00,1.0695,1.06986,1.06946,1.06969,0
2023-03-14 03:56:00+00:00,1.0697,1.06986,1.0697,1.06984,0
2023-03-14 03:57:00+00:00,1.06985,1.07018,1.06981,1.07018,0
2023-03-14 03:58:00+00:00,1.07021,1.07056,1.0702,1.07055,0
2023-03-14 03:59:00+00:00,1.07056,1.07071,1.07049,1.07061,0
2023-03-14 04:00:00+00:00,1.0706,1.07064,1.0703,1.07031,0
2023-03-14 04:01:00+00:00,1.07029,1.07065,1.07029,1.07051,0
2023-03-14 04:02:00+00:00,1.07049,1.07049,1.07002,1.07002,0
2023-03-14 04:03:00+00:00,1.07003,1.07009,1.06992,1.06997,0
2023-03-14 04:04:00+00:00,1.06997,1.07002,1.06978,1.06996,0
2023-03-14 04:05:00+00:00,1.06996,1.07027,1.0698,1.0699,0
2023-03-14 04:06:00+00:00,1.06991,1.06993,1.06949,1.06952,0
2023-03-14 04:07:00+00:00,1.06952,1.06958,1.06925,1.06947,0
2023-03-14 04:08:00+00:00,1.0695,1.06954,1.06928,1.06938,0
2023-03-14 04:09:00+00:00,1.06937,1.06943,1.06927,1.06939,0
2023-03-14 04:10:00+00:00,1.06939,1.06961,1.06933,1.06955,0
2023-03-14 04:11:00+00:00,1.06955,1.06966,1.06941,1.06946,0
2023-03-14 04:12:00+00:00,1.06947,1.0695,1.06911,1.0692,0
2023-03-14 04:13:00+00:00,1.0692,1.06936,1.06912,1.06936,0
2023-03-14 04:14:00+00:00,1.06936,1.06972,1.06936,1.06956,0
2023-03-14 04:15:00+00:00,1.06957,1.06967,1.0695,1.06967,0
2023-03-14 04:16:00+00:00,1.06967,1.06984,1.06951,1.0697,0
2023-03-14 04:17:00+00:00,1.06972,1.07,1.06966,1.06989,0
2023-03-14 04:18:00+00:00,1.0699,1.07027,1.0699,1.07008,0
2023-03-14 04:19:00+00:00,1.07008,1.07037,1.07008,1.07028,0
2023-03-14 04:20:00+00:00,1.07027,1.07063,1.07023,1.07051,0
2023-03-14 04:21:00+00:00,1.07051,1.07053,1.06995,1.06997,0
2023-03-14 04:22:00+00:00,1.06998,1.07024,1.0699,1.07011,0
2023-03-14 04:23:00+00:00,1.07011,1.07046,1.07003,1.07037,0
2023-03-14 04:24:00+00:00,1.07039,1.07064,1.07039,1.07056,0
2023-03-14 04:25:00+00:00,1.07056,1.07056,1.07029,1.07042,0
2023-03-14 04:26:00+00:00,1.07044,1.07063,1.07036,1.07043,0
2023-03-14 04:27:00+00:00,1.0704,1.07046,1.07022,1.07023,0
2023-03-14 04:28:00+00:00,1.07021,1.07028,1.07008,1.07009,0
2023-03-14 04:29:00+00:00,1.07008,1.07013,1.06991,1.06998,0
2023-03-14 04:30:00+00:00,1.06999,1.07,1.06982,1.06998,0
2023-03-14 04:31:00+00:00,1.06995,1.07019,1.06991,1.06998,0
2023-03-14 04:32:00+00:00,1.06999,1.07036,1.06999,1.07032,0
2023-03-14 04:33:00+00:00,1.07033,1.07033,1.07003,1.07023,0
2023-03-14 04:34:00+00:00,1.07023,1.07042,1.07018,1.07024,0
2023-03-14 04:35:00+00:00,1.07023,1.07026,1.06991,1.06998,0
2023-03-14 04:36:00+00:00,1.06997,1.07029,1.06996,1.07021,0
2023-03-14 04:37:00+00:00,1.07022,1.07045,1.0701,1.0701,0
2023-03-14 04:38:00+00:00,1.07009,1.07053,1.07007,1.07027,0
2023-03-14 04:39:00+00:00,1.07028,1.07034,1.06993,1.07027,0
2023-03-14 04:40:00+00:00,1.07028,1.07045,1.07028,1.07029,0
2023-03-14 04:41:00+00:00,1.07027,1.07071,1.07024,1.07063,0
2023-03-14 04:42:00+00:00,1.07063,1.07072,1.07051,1.07067,0
2023-03-14 04:43:00+00:00,1.07066,1.07085,1.07057,1.07073,0
2023-03-14 04:44:00+00:00,1.07071,1.07073,1.0705,1.07066,0
2023-03-14 04:45:00+00:00,1.07065,1.07074,1.07047,1.0705,0
2023-03-14 04:46:00+00:00,1.07051,1.07066,1.07023,1.07045,0
2023-03-14 04:47:00+00:00,1.07046,1.07093,1.07044,1.07084,0
2023-03-14 04:48:00+00:00,1.07084,1.07099,1.07071,1.07095,0
2023-03-14 04:49:00+00:00,1.07095,1.07116,1.07092,1.07093,0
2023-03-14 04:50:00+00:00,1.07092,1.07113,1.0709,1.07107,0
2023-03-14 04:51:00+00:00,1.07108,1.07112,1.07089,1.07099,0
2023-03-14 04:52:00+00:00,1.07103,1.07129,1.07102,1.07126,0
2023-03-14 04:53:00+00:00,1.07125,1.07128,1.07109,1.07123,0
2023-03-14 04:54:00+00:00,1.07123,1.07123,1.07099,1.07107,0
2023-03-14 04:55:00+00:00,1.07106,1.07112,1.07092,1.07096,0
2023-03-14 04:56:00+00:00,1.07095,1.07113,1.07092,1.07107,0
2023-03-14 04:57:00+00:00,1.07106,1.07128,1.07104,1.07122,0
2023-03-14 04:58:00+00:00,1.07121,1.07133,1.07108,1.07114,0
2023-03-14 04:59:00+00:00,1.07115,1.07126,1.0711,1.0711,0
2023-03-14 06:00:00+00:00,1.07199,1.07207,1.0719,1.07203,0
2023-03-14 06:01:00+00:00,1.07205,1.07206,1.0718,1.07188,0
2023-03-14 06:02:00+00:00,1.07189,1.07231,1.07186,1.07224,0
2023-03-14 06:03:00+00:00,1.07225,1.07225,1.07209,1.07211,0
2023-03-14 06:04:00+00:00,1.0721,1.07213,1.07181,1.07181,0
2023-03-14 06:05:00+00:00,1.07181,1.07188,1.07168,1.07172,0
2023-03-14 06:06:00+00:00,1.07171,1.07171,1.07149,1.07153,0
2023-03-14 06:07:00+00:00,1.07154,1.07155,1.07143,1.07147,0
2023-03-14 06:08:00+00:00,1.07147,1.07175,1.07142,1.07175,0
2023-03-14 06:09:00+00:00,1.07175,1.07186,1.07169,1.07173,0
2023-03-14 06:10:00+00:00,1.07171,1.07179,1.07154,1.07155,0
2023-03-14 06:11:00+00:00,1.07154,1.07174,1.07154,1.07165,0
2023-03-14 06:12:00+00:00,1.07165,1.07168,1.07149,1.07158,0
2023-03-14 06:13:00+00:00,1.07158,1.07161,1.07144,1.07149,0
2023-03-14 06:14:00+00:00,1.07148,1.07148,1.07123,1.07141,0
2023-03-14 06:15:00+00:00,1.07143,1.07155,1.07139,1.07155,0
2023-03-14 06:16:00+00:00,1.07154,1.07171,1.07154,1.07166,0
2023-03-14 06:17:00+00:00,1.07167,1.072,1.07166,1.07198,0
2023-03-14 06:18:00+00:00,1.07197,1.07218,1.07193,1.07206,0
2023-03-14 06:19:00+00:00,1.07205,1.0721,1.072,1.07208,0
2023-03-14 06:20:00+00:00,1.07207,1.07208,1.07186,1.07196,0
2023-03-14 06:21:00+00:00,1.07196,1.072,1.07157,1.07163,0
2023-03-14 06:22:00+00:00,1.07162,1.07175,1.07155,1.07168,0
2023-03-14 06:23:00+00:00,1.07168,1.07186,1.07159,1.07186,0
2023-03-14 06:24:00+00:00,1.07186,1.07223,1.0718,1.07215,0
2023-03-14 06:25:00+00:00,1.07215,1.0723,1.07211,1.07227,0
2023-03-14 06:26:00+00:00,1.07228,1.07228,1.07209,1.07212,0
2023-03-14 06:27:00+00:00,1.07212,1.07212,1.07197,1.07204,0
2023-03-14 06:28:00+00:00,1.07203,1.07211,1.07194,1.07195,0
2023-03-14 06:29:00+00:00,1.07196,1.07206,1.07194,1.07201,0
2023-03-14 06:30:00+00:00,1.07201,1.07202,1.07189,1.07194,0
2023-03-14 06:31:00+00:00,1.07195,1.07204,1.07176,1.07204,0
2023-03-14 06:32:00+00:00,1.07203,1.07207,1.07186,1.07189,0
2023-03-14 06:33:00+00:00,1.0719,1.0719,1.07165,1.07177,0
2023-03-14 06:34:00+00:00,1.07176,1.07194,1.07166,1.07184,0
2023-03-14 06:35:00+00:00,1.07185,1.0719,1.07177,1.07187,0
2023-03-14 06:36:00+00:00,1.07187,1.07192,1.07178,1.07192,0
2023-03-14 06:37:00+00:00,1.07195,1.07232,1.07192,1.07232,0
2023-03-14 06:38:00+00:00,1.07233,1.07235,1.07228,1.07231,0
2023-03-14 06:39:00+00:00,1.07231,1.07233,1.07211,1.07221,0
2023-03-14 06:40:00+00:00,1.07222,1.07226,1.07202,1.07226,0
2023-03-14 06:41:00+00:00,1.07225,1.07227,1.07218,1.07222,0
2023-03-14 06:42:00+00:00,1.0722,1.07244,1.07218,1.07242,0
2023-03-14 06:43:00+00:00,1.07242,1.07255,1.07222,1.07247,0
2023-03-14 06:44:00+00:00,1.07247,1.07261,1.07246,1.07254,0
2023-03-14 06:45:00+00:00,1.07254,1.07282,1.07249,1.07269,0
2023-03-14 06:46:00+00:00,1.07272,1.07272,1.0726,1.07265,0
2023-03-14 06:47:00+00:00,1.07264,1.07267,1.07231,1.07238,0
2023-03-14 06:48:00+00:00,1.07237,1.07254,1.07236,1.07244,0
2023-03-14 06:49:00+00:00,1.07242,1.07246,1.07224,1.07228,0
2023-03-14 06:50:00+00:00,1.07228,1.0725,1.07214,1.07248,0
2023-03-14 06:51:00+00:00,1.07249,1.07252,1.07213,1.07216,0
2023-03-14 06:52:00+00:00,1.07217,1.0724,1.07216,1.07223,0
2023-03-14 06:53:00+00:00,1.07223,1.07245,1.07211,1.07243,0
2023-03-14 06:54:00+00:00,1.07242,1.07245,1.0723,1.07238,0
2023-03-14 06:55:00+00:00,1.07239,1.07253,1.07234,1.07237,0
2023-03-14 06:56:00+00:00,1.07236,1.07239,1.07211,1.07211,0
2023-03-14 06:57:00+00:00,1.0721,1.07217,1.07204,1.07205,0
2023-03-14 06:58:00+00:00,1.07204,1.07212,1.07198,1.07209,0
2023-03-14 06:59:00+00:00,1.0721,1.07229,1.07205,1.07217,0
2023-03-14 07:00:00+00:00,1.07219,1.07227,1.07187,1.07205,0
2023-03-14 07:01:00+00:00,1.07205,1.07208,1.07185,1.07201,0
2023-03-14 07:02:00+00:00,1.07202,1.07224,1.07198,1.07224,0
2023-03-14 07:03:00+00:00,1.07223,1.07223,1.07191,1.07213,0
2023-03-14 07:04:00+00:00,1.07212,1.07253,1.07211,1.07233,0
2023-03-14 07:05:00+00:00,1.07232,1.0726,1.07227,1.07246,0
2023-03-14 07:06:00+00:00,1.07246,1.07278,1.07246,1.07256,0
2023-03-14 07:07:00+00:00,1.07256,1.07283,1.07241,1.07245,0
2023-03-14 07:08:00+00:00,1.07245,1.07252,1.0723,1.07242,0
2023-03-14 07:09:00+00:00,1.07243,1.0727,1.07242,1.07255,0
2023-03-14 07:10:00+00:00,1.07256,1.07265,1.07216,1.07229,0
2023-03-14 07:11:00+00:00,1.0723,1.07267,1.0723,1.07256,0
2023-03-14 07:12:00+00:00,1.07256,1.07286,1.07251,1.07284,0
2023-03-14 07:13:00+00:00,1.07283,1.07298,1.07269,1.07284,0
2023-03-14 07:14:00+00:00,1.07285,1.07298,1.07281,1.07285,0
2023-03-14 07:15:00+00:00,1.07288,1.07302,1.07273,1.07283,0
2023-03-14 07:16:00+00:00,1.07284,1.07288,1.07239,1.07243,0
2023-03-14 07:17:00+00:00,1.0724,1.07259,1.07216,1.07242,0
2023-03-14 07:18:00+00:00,1.07241,1.0727,1.07238,1.07261,0
2023-03-14 07:19:00+00:00,1.07259,1.07296,1.07259,1.07296,0
2023-03-14 07:20:00+00:00,1.07295,1.07314,1.07271,1.0729,0
2023-03-14 07:21:00+00:00,1.07287,1.073,1.07264,1.07275,0
2023-03-14 07:22:00+00:00,1.07276,1.0729,1.07262,1.07277,0
2023-03-14 07:23:00+00:00,1.07278,1.07294,1.07258,1.07267,0
2023-03-14 07:24:00+00:00,1.07268,1.07279,1.07257,1.07272,0
2023-03-14 07:25:00+00:00,1.07274,1.07291,1.07268,1.07284,0
2023-03-14 07:26:00+00:00,1.07284,1.07284,1.07262,1.07264,0
2023-03-14 07:27:00+00:00,1.07261,1.07268,1.0725,1.07257,0
2023-03-14 07:28:00+00:00,1.07257,1.07263,1.07246,1.07261,0
2023-03-14 07:29:00+00:00,1.0726,1.07285,1.07259,1.07264,0
2023-03-14 07:30:00+00:00,1.07261,1.07441,1.06988,1.07411,0
2023-03-14 07:31:00+00:00,1.07412,1.07486,1.07398,1.07457,0
2023-03-14 07:32:00+00:00,1.07457,1.07473,1.07268,1.07268,0
2023-03-14 07:33:00+00:00,1.07269,1.07311,1.0717,1.07177,0
2023-03-14 07:34:00+00:00,1.07181,1.07276,1.0714,1.07141,0
2023-03-14 07:35:00+00:00,1.07142,1.07167,1.07002,1.07068,0
2023-03-14 07:36:00+00:00,1.07069,1.07163,1.07064,1.0716,0
2023-03-14 07:37:00+00:00,1.0716,1.07283,1.07156,1.07194,0
2023-03-14 07:38:00+00:00,1.07198,1.07264,1.07173,1.07228,0
2023-03-14 07:39:00+00:00,1.07225,1.07274,1.07147,1.07185,0
2023-03-14 07:40:00+00:00,1.07185,1.07217,1.07135,1.07138,0
2023-03-14 07:41:00+00:00,1.0714,1.07232,1.07136,1.07221,0
2023-03-14 07:42:00+00:00,1.0722,1.07286,1.07196,1.07236,0
2023-03-14 07:43:00+00:00,1.07237,1.07269,1.07187,1.07224,0
2023-03-14 07:44:00+00:00,1.07226,1.07325,1.07226,1.0728,0
2023-03-14 07:45:00+00:00,1.07279,1.07328,1.07245,1.07315,0
2023-03-14 07:46:00+00:00,1.07315,1.07352,1.07288,1.07289,0
2023-03-14 07:47:00+00:00,1.07291,1.07334,1.07249,1.07322,0
2023-03-14 07:48:00+00:00,1.07322,1.07323,1.07257,1.07297,0
2023-03-14 07:49:00+00:00,1.07297,1.0734,1.07266,1.07337,0
2023-03-14 07:50:00+00:00,1.07337,1.07359,1.07305,1.07313,0
2023-03-14 07:51:00+00:00,1.07312,1.07363,1.07287,1.07299,0
2023-03-14 07:52:00+00:00,1.07298,1.07357,1.07293,1.0733,0
2023-03-14 07:53:00+00:00,1.07329,1.07453,1.07305,1.07452,0
2023-03-14 07:54:00+00:00,1.07451,1.07475,1.0743,1.07471,0
2023-03-14 07:55:00+00:00,1.07469,1.07481,1.07428,1.07434,0
2023-03-14 07:56:00+00:00,1.07433,1.07457,1.07392,1.0744,0
2023-03-14 07:57:00+00:00,1.07439,1.0746,1.07392,1.07392,0
2023-03-14 07:58:00+00:00,1.07391,1.07421,1.07367,1.07372,0
2023-03-14 07:59:00+00:00,1.07376,1.07391,1.07346,1.07354,0
2023-03-14 08:00:00+00:00,1.07354,1.07391,1.07339,1.07343,0
2023-03-14 08:01:00+00:00,1.07346,1.07369,1.07325,1.07341,0
2023-03-14 08:02:00+00:00,1.07342,1.07362,1.07297,1.07297,0
2023-03-14 08:03:00+00:00,1.07296,1.07316,1.07248,1.07292,0
2023-03-14 08:04:00+00:00,1.07293,1.07305,1.07264,1.07299,0
2023-03-14 08:05:00+00:00,1.07297,1.07349,1.07297,1.07349,0
2023-03-14 08:06:00+00:00,1.0735,1.07376,1.07321,1.07344,0
2023-03-14 08:07:00+00:00,1.07341,1.0735,1.07285,1.07296,0
2023-03-14 08:08:00+00:00,1.07296,1.07318,1.07249,1.07251,0
2023-03-14 08:09:00+00:00,1.07249,1.07291,1.07231,1.07291,0
2023-03-14 08:10:00+00:00,1.07292,1.07338,1.07284,1.07309,0
2023-03-14 08:11:00+00:00,1.07309,1.07343,1.07309,1.07316,0
2023-03-14 08:12:00+00:00,1.07318,1.07372,1.07312,1.07345,0
2023-03-14 08:13:00+00:00,1.07345,1.07385,1.07343,1.07382,0
2023-03-14 08:14:00+00:00,1.07384,1.07389,1.07349,1.07371,0
2023-03-14 08:15:00+00:00,1.0737,1.07387,1.07357,1.07385,0
2023-03-14 08:16:00+00:00,1.07386,1.07433,1.07386,1.07417,0
2023-03-14 08:17:00+00:00,1.07416,1.07421,1.07379,1.07398,0
2023-03-14 08:18:00+00:00,1.07398,1.07398,1.07347,1.07355,0
2023-03-14 08:19:00+00:00,1.07355,1.07396,1.07349,1.07378,0
2023-03-14 08:20:00+00:00,1.07379,1.07379,1.07339,1.07343,0
2023-03-14 08:21:00+00:00,1.07342,1.07366,1.07328,1.07341,0
2023-03-14 08:22:00+00:00,1.07343,1.07348,1.07275,1.07284,0
2023-03-14 08:23:00+00:00,1.07283,1.07295,1.07275,1.07289,0
2023-03-14 08:24:00+00:00,1.07289,1.07296,1.07265,1.07274,0
2023-03-14 08:25:00+00:00,1.07273,1.07288,1.07259,1.07282,0
2023-03-14 08:26:00+00:00,1.07281,1.07322,1.07279,1.07317,0
2023-03-14 08:27:00+00:00,1.07317,1.0733,1.0728,1.0728,0
2023-03-14 08:28:00+00:00,1.0728,1.07311,1.07266,1.07303,0
2023-03-14 08:29:00+00:00,1.07302,1.07316,1.07283,1.07293,0
2023-03-14 08:30:00+00:00,1.07294,1.07313,1.07288,1.07298,0
2023-03-14 08:31:00+00:00,1.07297,1.07298,1.07221,1.07232,0
2023-03-14 08:32:00+00:00,1.07231,1.07231,1.07135,1.07159,0
2023-03-14 08:33:00+00:00,1.07158,1.07159,1.07114,1.07155,0
2023-03-14 08:34:00+00:00,1.07154,1.07162,1.07099,1.07109,0
2023-03-14 08:35:00+00:00,1.07108,1.07124,1.07096,1.07113,0
2023-03-14 08:36:00+00:00,1.07112,1.07132,1.07099,1.07106,0
2023-03-14 08:37:00+00:00,1.07108,1.07155,1.07106,1.07135,0
2023-03-14 08:38:00+00:00,1.07137,1.07151,1.07079,1.07087,0
2023-03-14 08:39:00+00:00,1.07087,1.07093,1.0705,1.07066,0
2023-03-14 08:40:00+00:00,1.07065,1.07123,1.07063,1.07123,0
2023-03-14 08:41:00+00:00,1.07125,1.07148,1.07082,1.07091,0
2023-03-14 08:42:00+00:00,1.0709,1.0709,1.0705,1.0706,0
2023-03-14 08:43:00+00:00,1.07059,1.07072,1.07049,1.07057,0
2023-03-14 08:44:00+00:00,1.07057,1.07063,1.0702,1.07022,0
2023-03-14 08:45:00+00:00,1.07023,1.07046,1.07007,1.07036,0
2023-03-14 08:46:00+00:00,1.07034,1.0706,1.07028,1.07052,0
2023-03-14 08:47:00+00:00,1.07052,1.07087,1.07046,1.07066,0
2023-03-14 08:48:00+00:00,1.07066,1.07084,1.06979,1.06986,0
2023-03-14 08:49:00+00:00,1.06985,1.07052,1.06985,1.07034,0
2023-03-14 08:50:00+00:00,1.07033,1.07042,1.07009,1.07025,0
2023-03-14 08:51:00+00:00,1.07024,1.07053,1.07012,1.07045,0
2023-03-14 08:52:00+00:00,1.07047,1.07061,1.07007,1.07019,0
2023-03-14 08:53:00+00:00,1.07024,1.07027,1.06981,1.06987,0
2023-03-14 08:54:00+00:00,1.06987,1.07019,1.0698,1.06986,0
2023-03-14 08:55:00+00:00,1.06987,1.07031,1.06984,1.07013,0
2023-03-14 08:56:00+00:00,1.07014,1.0705,1.07001,1.0704,0
2023-03-14 08:57:00+00:00,1.07043,1.07058,1.07031,1.07058,0
2023-03-14 08:58:00+00:00,1.07058,1.07073,1.07046,1.07064,0
2023-03-14 08:59:00+00:00,1.07065,1.07086,1.07048,1.0708,0
2023-03-14 11:00:00+00:00,1.0721,1.07227,1.0721,1.07225,0
2023-03-14 11:01:00+00:00,1.07226,1.07254,1.07226,1.07241,0
2023-03-14 11:02:00+00:00,1.07241,1.07241,1.07216,1.07221,0
2023-03-14 11:03:00+00:00,1.07222,1.07229,1.07203,1.07229,0
2023-03-14 11:04:00+00:00,1.07228,1.07231,1.07181,1.07185,0
2023-03-14 11:05:00+00:00,1.07184,1.072,1.07172,1.07173,0
2023-03-14 11:06:00+00:00,1.07174,1.07185,1.07165,1.07165,0
2023-03-14 11:07:00+00:00,1.07164,1.07164,1.07145,1.07158,0
2023-03-14 11:08:00+00:00,1.07157,1.07187,1.07154,1.07187,0
2023-03-14 11:09:00+00:00,1.07185,1.07212,1.07182,1.07206,0
2023-03-14 11:10:00+00:00,1.07206,1.07221,1.07191,1.07213,0
2023-03-14 11:11:00+00:00,1.07214,1.07237,1.07213,1.07232,0
2023-03-14 11:12:00+00:00,1.07231,1.0724,1.07222,1.07236,0
2023-03-14 11:13:00+00:00,1.07236,1.07242,1.07231,1.07241,0
2023-03-14 11:14:00+00:00,1.07239,1.07251,1.07225,1.07234,0
2023-03-14 11:15:00+00:00,1.07232,1.07232,1.07191,1.07202,0
2023-03-14 11:16:00+00:00,1.07201,1.07203,1.0718,1.07194,0
2023-03-14 11:17:00+00:00,1.07197,1.07204,1.07186,1.07188,0
2023-03-14 11:18:00+00:00,1.07189,1.07191,1.07175,1.07191,0
2023-03-14 11:19:00+00:00,1.07189,1.07205,1.07185,1.0719,0
2023-03-14 11:20:00+00:00,1.07192,1.07202,1.07186,1.07201,0
2023-03-14 11:21:00+00:00,1.07199,1.0721,1.07192,1.07202,0
2023-03-14 11:22:00+00:00,1.07203,1.0722,1.07193,1.07211,0
2023-03-14 11:23:00+00:00,1.07209,1.07218,1.07198,1.07217,0
2023-03-14 11:24:00+00:00,1.07217,1.07218,1.07174,1.07177,0
2023-03-14 11:25:00+00:00,1.07177,1.07177,1.07151,1.07163,0
2023-03-14 11:26:00+00:00,1.07162,1.07196,1.07161,1.07189,0
2023-03-14 11:27:00+00:00,1.07188,1.07195,1.07176,1.07192,0
2023-03-14 11:28:00+00:00,1.07193,1.07205,1.07188,1.07203,0
2023-03-14 11:29:00+00:00,1.07203,1.07213,1.07172,1.07172,0
2023-03-14 11:30:00+00:00,1.07172,1.07187,1.0716,1.07165,0
2023-03-14 11:31:00+00:00,1.07165,1.07179,1.07151,1.07164,0
2023-03-14 11:32:00+00:00,1.07163,1.07185,1.07161,1.07177,0
2023-03-14 11:33:00+00:00,1.07179,1.07198,1.07178,1.07194,0
2023-03-14 11:34:00+00:00,1.07195,1.07197,1.07171,1.07172,0
2023-03-14 11:35:00+00:00,1.07174,1.0718,1.07162,1.07172,0
2023-03-14 11:36:00+00:00,1.07173,1.07182,1.07162,1.07168,0
2023-03-14 11:37:00+00:00,1.07167,1.07178,1.07149,1.07149,0
2023-03-14 11:38:00+00:00,1.07149,1.0717,1.07149,1.07157,0
2023-03-14 11:39:00+00:00,1.07157,1.0716,1.07143,1.07145,0
2023-03-14 11:40:00+00:00,1.07143,1.07143,1.07128,1.0713,0
2023-03-14 11:41:00+00:00,1.07129,1.07131,1.07104,1.07114,0
2023-03-14 11:42:00+00:00,1.07114,1.07121,1.07105,1.07113,0
2023-03-14 11:43:00+00:00,1.07114,1.07134,1.07111,1.07133,0
2023-03-14 11:44:00+00:00,1.07133,1.07149,1.07133,1.07149,0
2023-03-14 11:45:00+00:00,1.07151,1.07161,1.07145,1.07152,0
2023-03-14 11:46:00+00:00,1.0715,1.07161,1.07144,1.07144,0
2023-03-14 11:47:00+00:00,1.07146,1.07162,1.07139,1.07154,0
2023-03-14 11:48:00+00:00,1.07154,1.07163,1.07148,1.07161,0
2023-03-14 11:49:00+00:00,1.07162,1.07171,1.07156,1.07165,0
2023-03-14 11:50:00+00:00,1.07165,1.07171,1.07135,1.07137,0
2023-03-14 11:51:00+00:00,1.07135,1.0715,1.07108,1.07114,0
2023-03-14 11:52:00+00:00,1.07114,1.07131,1.0711,1.07122,0
2023-03-14 11:53:00+00:00,1.07121,1.07148,1.07109,1.07138,0
2023-03-14 11:54:00+00:00,1.07139,1.0718,1.07136,1.07173,0
2023-03-14 11:55:00+00:00,1.07174,1.07182,1.07148,1.07162,0
2023-03-14 11:56:00+00:00,1.07163,1.07165,1.07125,1.07133,0
2023-03-14 11:57:00+00:00,1.07133,1.07157,1.07133,1.07137,0
2023-03-14 11:58:00+00:00,1.07137,1.07184,1.07137,1.07167,0
2023-03-14 11:59:00+00:00,1.07167,1.0718,1.07162,1.07171,0
2023-03-14 14:00:00+00:00,1.07416,1.07427,1.07398,1.07427,0
2023-03-14 14:01:00+00:00,1.07427,1.07431,1.07397,1.07405,0
2023-03-14 14:02:00+00:00,1.07407,1.07407,1.07381,1.07382,0
2023-03-14 14:03:00+00:00,1.07381,1.07402,1.07377,1.07393,0
2023-03-14 14:04:00+00:00,1.07392,1.07398,1.07375,1.07392,0
2023-03-14 14:05:00+00:00,1.07391,1.07398,1.07378,1.07393,0
2023-03-14 14:06:00+00:00,1.07393,1.07393,1.07368,1.07369,0
2023-03-14 14:07:00+00:00,1.07369,1.07376,1.07363,1.07366,0
2023-03-14 14:08:00+00:00,1.07365,1.07379,1.07365,1.07375,0
2023-03-14 14:09:00+00:00,1.07374,1.07391,1.07357,1.07379,0
2023-03-14 14:10:00+00:00,1.07379,1.07393,1.07375,1.07381,0
2023-03-14 14:11:00+00:00,1.07382,1.07388,1.07372,1.07382,0
2023-03-14 14:12:00+00:00,1.07383,1.07395,1.07366,1.07394,0
2023-03-14 14:13:00+00:00,1.07394,1.07402,1.07386,1.07389,0
2023-03-14 14:14:00+00:00,1.07388,1.07397,1.07362,1.07365,0
2023-03-14 14:15:00+00:00,1.07365,1.07372,1.07349,1.0735,0
2023-03-14 14:16:00+00:00,1.07351,1.07357,1.07343,1.07347,0
2023-03-14 14:17:00+00:00,1.07347,1.07351,1.07339,1.07343,0
2023-03-14 14:18:00+00:00,1.07342,1.07362,1.07337,1.07355,0
2023-03-14 14:19:00+00:00,1.07356,1.07376,1.07355,1.07376,0
2023-03-14 14:20:00+00:00,1.07378,1.07385,1.0737,1.07374,0
2023-03-14 14:21:00+00:00,1.07374,1.07386,1.07363,1.07378,0
2023-03-14 14:22:00+00:00,1.07378,1.07395,1.07376,1.07386,0
2023-03-14 14:23:00+00:00,1.07388,1.07401,1.07381,1.07381,0
2023-03-14 14:24:00+00:00,1.07381,1.07383,1.07366,1.07374,0
2023-03-14 14:25:00+00:00,1.07375,1.07377,1.07362,1.07374,0
2023-03-14 14:26:00+00:00,1.07375,1.07399,1.07374,1.07377,0
2023-03-14 14:27:00+00:00,1.07378,1.07382,1.0736,1.07364,0
2023-03-14 14:28:00+00:00,1.07365,1.07376,1.07362,1.07362,0
2023-03-14 14:29:00+00:00,1.07363,1.07363,1.0735,1.07354,0
2023-03-14 14:30:00+00:00,1.07354,1.07367,1.07347,1.07364,0
2023-03-14 14:31:00+00:00,1.07364,1.07386,1.07364,1.07383,0
2023-03-14 14:32:00+00:00,1.07381,1.07388,1.07376,1.07384,0
2023-03-14 14:33:00+00:00,1.07383,1.07387,1.07372,1.07377,0
2023-03-14 14:34:00+00:00,1.07376,1.07384,1.07369,1.07379,0
2023-03-14 14:35:00+00:00,1.07378,1.07391,1.07378,1.07385,0
2023-03-14 14:36:00+00:00,1.07384,1.0741,1.07384,1.07397,0
2023-03-14 14:37:00+00:00,1.07398,1.07415,1.07398,1.07409,0
2023-03-14 14:38:00+00:00,1.07408,1.07408,1.07393,1.07395,0
2023-03-14 14:39:00+00:00,1.07395,1.07398,1.07388,1.07388,0
2023-03-14 14:40:00+00:00,1.07388,1.07408,1.07388,1.07406,0
2023-03-14 14:41:00+00:00,1.07406,1.07412,1.074,1.07402,0
2023-03-14 14:42:00+00:00,1.07402,1.07409,1.074,1.07409,0
2023-03-14 14:43:00+00:00,1.07409,1.07411,1.07395,1.07395,0
2023-03-14 14:44:00+00:00,1.07396,1.074,1.07386,1.07386,0
2023-03-14 14:45:00+00:00,1.07389,1.07398,1.07385,1.07394,0
2023-03-14 14:46:00+00:00,1.07395,1.07399,1.07384,1.07384,0
2023-03-14 14:47:00+00:00,1.07385,1.07388,1.0738,1.07382,0
2023-03-14 14:48:00+00:00,1.07383,1.07387,1.07378,1.07379,0
2023-03-14 14:49:00+00:00,1.07381,1.074,1.0738,1.07395,0
2023-03-14 14:50:00+00:00,1.07396,1.07404,1.07393,1.07393,0
2023-03-14 14:51:00+00:00,1.07393,1.07396,1.07389,1.07391,0
2023-03-14 14:52:00+00:00,1.07391,1.07396,1.07385,1.07386,0
2023-03-14 14:53:00+00:00,1.07385,1.07388,1.07372,1.07372,0
2023-03-14 14:54:00+00:00,1.07373,1.07386,1.07373,1.0738,0
2023-03-14 14:55:00+00:00,1.07381,1.07387,1.07376,1.07384,0
2023-03-14 14:56:00+00:00,1.07385,1.074,1.07385,1.074,0
2023-03-14 14:57:00+00:00,1.074,1.07401,1.07394,1.07397,0
2023-03-14 14:58:00+00:00,1.07398,1.0741,1.07396,1.07408,0
2023-03-14 14:59:00+00:00,1.0741,1.0742,1.07401,1.07414,0
2023-03-14 16:00:00+00:00,1.0732,1.07335,1.07317,1.07335,0
2023-03-14 16:01:00+00:00,1.07335,1.07337,1.07335,1.07337,0
2023-03-14 16:02:00+00:00,1.07346,1.07349,1.0734,1.07342,0
2023-03-14 16:03:00+00:00,1.07341,1.07341,1.07339,1.07339,0
2023-03-14 16:04:00+00:00,1.07344,1.07347,1.07335,1.07345,0
2023-03-14 16:05:00+00:00,1.07347,1.07347,1.07334,1.07334,0
2023-03-14 16:06:00+00:00,1.07334,1.07334,1.07334,1.07334,0
2023-03-14 16:07:00+00:00,1.07334,1.07334,1.07334,1.07334,0
2023-03-14 16:08:00+00:00,1.07334,1.07334,1.07334,1.07334,0
2023-03-14 16:09:00+00:00,1.07334,1.07334,1.07334,1.07334,0
2023-03-14 16:10:00+00:00,1.07334,1.07334,1.07334,1.07334,0
2023-03-14 16:11:00+00:00,1.07334,1.07334,1.07334,1.07334,0
2023-03-14 16:12:00+00:00,1.07334,1.07334,1.07334,1.07334,0
2023-03-14 16:13:00+00:00,1.07334,1.07334,1.07334,1.07334,0
2023-03-14 16:14:00+00:00,1.07335,1.07335,1.07334,1.07334,0
2023-03-14 16:16:00+00:00,1.07334,1.07334,1.07334,1.07334,0
2023-03-14 16:19:00+00:00,1.07334,1.07334,1.07334,1.07334,0
2023-03-14 16:20:00+00:00,1.07334,1.07334,1.07334,1.07334,0
2023-03-14 16:21:00+00:00,1.07334,1.07334,1.07334,1.07334,0
2023-03-14 16:29:00+00:00,1.07334,1.07334,1.07334,1.07334,0
2023-03-14 16:31:00+00:00,1.07334,1.07334,1.07334,1.07334,0
2023-03-14 16:32:00+00:00,1.07334,1.07334,1.07334,1.07334,0
2023-03-14 16:34:00+00:00,1.07334,1.07334,1.07332,1.07332,0
2023-03-14 16:35:00+00:00,1.07332,1.07332,1.07332,1.07332,0
2023-03-14 16:36:00+00:00,1.07332,1.07332,1.07332,1.07332,0
2023-03-14 16:37:00+00:00,1.07332,1.07332,1.07329,1.07329,0
2023-03-14 16:38:00+00:00,1.07329,1.07329,1.07329,1.07329,0
2023-03-14 16:39:00+00:00,1.07329,1.07329,1.07329,1.07329,0
2023-03-14 16:40:00+00:00,1.07329,1.07329,1.07329,1.07329,0
2023-03-14 16:45:00+00:00,1.07329,1.07329,1.07329,1.07329,0
2023-03-14 16:46:00+00:00,1.07329,1.07329,1.07329,1.07329,0
2023-03-14 16:48:00+00:00,1.07327,1.07327,1.07327,1.07327,0
2023-03-14 16:50:00+00:00,1.0732,1.0732,1.07318,1.07318,0
2023-03-14 16:51:00+00:00,1.07319,1.0732,1.07319,1.0732,0
2023-03-14 16:52:00+00:00,1.0732,1.07321,1.07318,1.07321,0
2023-03-14 16:53:00+00:00,1.07324,1.07324,1.07324,1.07324,0
2023-03-14 16:54:00+00:00,1.07322,1.07322,1.07306,1.07306,0
2023-03-14 16:55:00+00:00,1.07307,1.07313,1.07307,1.07312,0
2023-03-14 16:56:00+00:00,1.07312,1.07312,1.07312,1.07312,0
2023-03-14 16:57:00+00:00,1.0731,1.07312,1.07308,1.07312,0
2023-03-14 16:58:00+00:00,1.07313,1.07313,1.07312,1.07312,0
2023-03-14 18:00:00+00:00,1.07318,1.07325,1.07316,1.07322,0
2023-03-14 18:01:00+00:00,1.07322,1.07329,1.07321,1.07323,0
2023-03-14 18:02:00+00:00,1.07323,1.0733,1.07317,1.07317,0
2023-03-14 18:03:00+00:00,1.07319,1.07323,1.07318,1.07319,0
2023-03-14 18:04:00+00:00,1.07316,1.07323,1.07312,1.07322,0
2023-03-14 18:05:00+00:00,1.0732,1.07329,1.07317,1.07329,0
2023-03-14 18:06:00+00:00,1.07327,1.07327,1.07316,1.07319,0
2023-03-14 18:07:00+00:00,1.07324,1.07327,1.07324,1.07326,0
2023-03-14 18:08:00+00:00,1.07325,1.07336,1.07323,1.07335,0
2023-03-14 18:09:00+00:00,1.07336,1.07337,1.07333,1.07335,0
2023-03-14 18:10:00+00:00,1.07336,1.07337,1.07332,1.07332,0
2023-03-14 18:11:00+00:00,1.0733,1.0733,1.07323,1.07323,0
2023-03-14 18:12:00+00:00,1.07323,1.07324,1.07321,1.07321,0
2023-03-14 18:13:00+00:00,1.07323,1.07325,1.07316,1.07319,0
2023-03-14 18:14:00+00:00,1.07319,1.07327,1.07318,1.07326,0
2023-03-14 18:15:00+00:00,1.07325,1.07325,1.07323,1.07325,0
2023-03-14 18:16:00+00:00,1.07325,1.07326,1.07325,1.07325,0
2023-03-14 18:17:00+00:00,1.07327,1.07339,1.07327,1.07328,0
2023-03-14 18:18:00+00:00,1.07327,1.07331,1.07321,1.07322,0
2023-03-14 18:19:00+00:00,1.07322,1.07327,1.07322,1.07326,0
2023-03-14 18:20:00+00:00,1.07325,1.07327,1.07324,1.07324,0
2023-03-14 18:21:00+00:00,1.07324,1.07325,1.07318,1.07318,0
2023-03-14 18:22:00+00:00,1.07319,1.07319,1.07314,1.07314,0
2023-03-14 18:23:00+00:00,1.07312,1.07315,1.0731,1.07315,0
2023-03-14 18:24:00+00:00,1.07314,1.07314,1.07306,1.07306,0
2023-03-14 18:25:00+00:00,1.07305,1.07305,1.07302,1.07305,0
2023-03-14 18:26:00+00:00,1.07305,1.07309,1.07303,1.07303,0
2023-03-14 18:27:00+00:00,1.07302,1.07305,1.07302,1.07304,0
2023-03-14 18:28:00+00:00,1.07303,1.07304,1.07303,1.07303,0
2023-03-14 18:29:00+00:00,1.07304,1.07305,1.07304,1.07304,0
2023-03-14 18:30:00+00:00,1.07303,1.07305,1.07302,1.07305,0
2023-03-14 18:31:00+00:00,1.07304,1.07304,1.07299,1.073,0
2023-03-14 18:32:00+00:00,1.073,1.07301,1.07295,1.07301,0
2023-03-14 18:33:00+00:00,1.07302,1.07303,1.07291,1.07291,0
2023-03-14 18:34:00+00:00,1.07291,1.07292,1.07289,1.07291,0
2023-03-14 18:35:00+00:00,1.07289,1.07291,1.07271,1.07271,0
2023-03-14 18:36:00+00:00,1.07271,1.0728,1.07271,1.07276,0
2023-03-14 18:37:00+00:00,1.07276,1.07286,1.07276,1.07286,0
2023-03-14 18:38:00+00:00,1.07286,1.07287,1.07286,1.07286,0
2023-03-14 18:39:00+00:00,1.07287,1.07287,1.07283,1.07284,0
2023-03-14 18:40:00+00:00,1.07288,1.07289,1.07283,1.07285,0
2023-03-14 18:41:00+00:00,1.07286,1.07288,1.07284,1.07284,0
2023-03-14 18:42:00+00:00,1.07285,1.07285,1.07282,1.07283,0
2023-03-14 18:43:00+00:00,1.07282,1.07285,1.07282,1.07283,0
2023-03-14 18:44:00+00:00,1.07284,1.07284,1.07266,1.07266,0
2023-03-14 18:45:00+00:00,1.07268,1.07275,1.07268,1.07274,0
2023-03-14 18:46:00+00:00,1.07275,1.07275,1.07269,1.07269,0
2023-03-14 18:47:00+00:00,1.07271,1.07271,1.07259,1.07259,0
2023-03-14 18:48:00+00:00,1.07259,1.07264,1.07259,1.07264,0
2023-03-14 18:49:00+00:00,1.07263,1.07264,1.07257,1.07258,0
2023-03-14 18:50:00+00:00,1.07258,1.07263,1.07257,1.07261,0
2023-03-14 18:51:00+00:00,1.0726,1.07262,1.07252,1.07254,0
2023-03-14 18:52:00+00:00,1.07255,1.07269,1.07252,1.07266,0
2023-03-14 18:53:00+00:00,1.07267,1.07267,1.07263,1.07264,0
2023-03-14 18:54:00+00:00,1.07266,1.07273,1.07262,1.07272,0
2023-03-14 18:55:00+00:00,1.07272,1.07278,1.07272,1.07278,0
2023-03-14 18:56:00+00:00,1.07279,1.07281,1.07277,1.07277,0
2023-03-14 18:57:00+00:00,1.07277,1.07278,1.07272,1.07272,0
2023-03-14 18:58:00+00:00,1.07274,1.07277,1.07268,1.07268,0
2023-03-14 18:59:00+00:00,1.07268,1.07268,1.07262,1.07267,0
2023-03-14 19:00:00+00:00,1.07267,1.07277,1.0725,1.07257,0
2023-03-14 19:01:00+00:00,1.07259,1.07273,1.07259,1.07264,0
2023-03-14 19:02:00+00:00,1.07267,1.07278,1.07262,1.07262,0
2023-03-14 19:03:00+00:00,1.07262,1.07264,1.07253,1.07255,0
2023-03-14 19:04:00+00:00,1.07256,1.07288,1.07256,1.07285,0
2023-03-14 19:05:00+00:00,1.07286,1.07293,1.07283,1.07292,0
2023-03-14 19:06:00+00:00,1.07291,1.07292,1.07276,1.07282,0
2023-03-14 19:07:00+00:00,1.07281,1.07283,1.07267,1.07272,0
2023-03-14 19:08:00+00:00,1.07271,1.07277,1.07267,1.07275,0
2023-03-14 19:09:00+00:00,1.07275,1.07289,1.07272,1.07282,0
2023-03-14 19:10:00+00:00,1.07282,1.07296,1.07282,1.07296,0
2023-03-14 19:11:00+00:00,1.07296,1.07297,1.07279,1.07283,0
2023-03-14 19:12:00+00:00,1.07282,1.07282,1.07263,1.07278,0
2023-03-14 19:13:00+00:00,1.07278,1.07296,1.07278,1.07291,0
2023-03-14 19:14:00+00:00,1.0729,1.07305,1.07277,1.07303,0
2023-03-14 19:15:00+00:00,1.07303,1.07315,1.07289,1.07301,0
2023-03-14 19:16:00+00:00,1.07301,1.07328,1.07299,1.07323,0
2023-03-14 19:17:00+00:00,1.07324,1.07333,1.07321,1.07323,0
2023-03-14 19:18:00+00:00,1.07325,1.07327,1.07322,1.07323,0
2023-03-14 19:19:00+00:00,1.07324,1.07325,1.07313,1.07324,0
2023-03-14 19:20:00+00:00,1.07324,1.07329,1.07311,1.07316,0
2023-03-14 19:21:00+00:00,1.07318,1.0732,1.07308,1.07308,0
2023-03-14 19:22:00+00:00,1.07311,1.07321,1.07293,1.07295,0
2023-03-14 19:23:00+00:00,1.07294,1.07298,1.07288,1.07292,0
2023-03-14 19:24:00+00:00,1.07291,1.07305,1.07287,1.07302,0
2023-03-14 19:25:00+00:00,1.07301,1.07301,1.07284,1.07288,0
2023-03-14 19:26:00+00:00,1.07288,1.07299,1.07285,1.07298,0
2023-03-14 19:27:00+00:00,1.07298,1.07314,1.07298,1.0731,0
2023-03-14 19:28:00+00:00,1.07308,1.0731,1.07289,1.07291,0
2023-03-14 19:29:00+00:00,1.07291,1.07297,1.07289,1.07295,0
2023-03-14 19:30:00+00:00,1.07298,1.073,1.07291,1.07296,0
2023-03-14 19:31:00+00:00,1.07296,1.07313,1.07295,1.07308,0
2023-03-14 19:32:00+00:00,1.07308,1.07324,1.07308,1.07323,0
2023-03-14 19:33:00+00:00,1.07322,1.07328,1.0732,1.07324,0
2023-03-14 19:34:00+00:00,1.07323,1.07329,1.07323,1.07323,0
2023-03-14 19:35:00+00:00,1.07323,1.07324,1.07319,1.07324,0
2023-03-14 19:36:00+00:00,1.07324,1.07325,1.07318,1.07319,0
2023-03-14 19:37:00+00:00,1.07319,1.07319,1.07319,1.07319,0
2023-03-14 19:38:00+00:00,1.07318,1.07327,1.07318,1.07325,0
2023-03-14 19:39:00+00:00,1.07331,1.07332,1.07319,1.07319,0
2023-03-14 19:40:00+00:00,1.07319,1.0732,1.07314,1.0732,0
2023-03-14 19:41:00+00:00,1.07317,1.07317,1.07314,1.07314,0
2023-03-14 19:42:00+00:00,1.07314,1.07314,1.07299,1.073,0
2023-03-14 19:43:00+00:00,1.07299,1.07304,1.07299,1.07299,0
2023-03-14 19:44:00+00:00,1.07299,1.07306,1.07299,1.07304,0
2023-03-14 19:45:00+00:00,1.07304,1.07305,1.07298,1.07299,0
2023-03-14 19:46:00+00:00,1.07298,1.07298,1.07283,1.07283,0
2023-03-14 19:47:00+00:00,1.07283,1.07294,1.07283,1.07293,0
2023-03-14 19:48:00+00:00,1.07293,1.07295,1.07288,1.07293,0
2023-03-14 19:49:00+00:00,1.07293,1.07314,1.07293,1.07313,0
2023-03-14 19:50:00+00:00,1.07312,1.07314,1.07306,1.07308,0
2023-03-14 19:51:00+00:00,1.0731,1.07323,1.0731,1.07315,0
2023-03-14 19:52:00+00:00,1.07314,1.07322,1.0731,1.07315,0
2023-03-14 19:53:00+00:00,1.07314,1.07341,1.07314,1.07334,0
2023-03-14 19:54:00+00:00,1.07335,1.07358,1.07335,1.07357,0
2023-03-14 19:55:00+00:00,1.07356,1.07368,1.0735,1.07354,0
2023-03-14 19:56:00+00:00,1.07354,1.07358,1.07346,1.07346,0
2023-03-14 19:57:00+00:00,1.07346,1.0735,1.07345,1.07348,0
2023-03-14 19:58:00+00:00,1.07346,1.07348,1.07345,1.07346,0
2023-03-14 19:59:00+00:00,1.07345,1.07345,1.07336,1.07336,0
2023-03-14 20:00:00+00:00,1.07337,1.07363,1.07328,1.07359,0
2023-03-14 20:01:00+00:00,1.07359,1.0736,1.07348,1.07355,0
2023-03-14 20:02:00+00:00,1.07356,1.07356,1.07344,1.07344,0
2023-03-14 20:03:00+00:00,1.07342,1.07354,1.07338,1.07348,0
2023-03-14 20:04:00+00:00,1.07347,1.0736,1.07346,1.07356,0
2023-03-14 20:05:00+00:00,1.07354,1.07362,1.07352,1.07353,0
2023-03-14 20:06:00+00:00,1.07352,1.07352,1.07338,1.07344,0
2023-03-14 20:07:00+00:00,1.07345,1.0735,1.07342,1.07345,0
2023-03-14 20:08:00+00:00,1.07347,1.07348,1.07343,1.07343,0
2023-03-14 20:09:00+00:00,1.07344,1.07354,1.07343,1.07345,0
2023-03-14 20:10:00+00:00,1.07345,1.07345,1.07334,1.07341,0
2023-03-14 20:11:00+00:00,1.07341,1.07341,1.07327,1.07337,0
2023-03-14 20:12:00+00:00,1.07337,1.07337,1.07322,1.07327,0
2023-03-14 20:13:00+00:00,1.07326,1.07326,1.0732,1.07322,0
2023-03-14 20:14:00+00:00,1.07323,1.07323,1.07316,1.07317,0
2023-03-14 20:15:00+00:00,1.07317,1.07328,1.07312,1.07327,0
2023-03-14 20:16:00+00:00,1.07327,1.07333,1.07322,1.07322,0
2023-03-14 20:17:00+00:00,1.07322,1.0733,1.07322,1.07327,0
2023-03-14 20:18:00+00:00,1.07324,1.07327,1.07312,1.07317,0
2023-03-14 20:19:00+00:00,1.07317,1.07331,1.07317,1.07326,0
2023-03-14 20:20:00+00:00,1.07326,1.07327,1.07321,1.07322,0
2023-03-14 20:21:00+00:00,1.07322,1.07347,1.07322,1.07345,0
2023-03-14 20:22:00+00:00,1.07347,1.07347,1.07322,1.07322,0
2023-03-14 20:23:00+00:00,1.07322,1.07332,1.07319,1.07329,0
2023-03-14 20:24:00+00:00,1.0733,1.07337,1.07322,1.07337,0
2023-03-14 20:25:00+00:00,1.07339,1.07353,1.07339,1.07348,0
2023-03-14 20:26:00+00:00,1.07351,1.07355,1.0734,1.07342,0
2023-03-14 20:27:00+00:00,1.07342,1.07342,1.07337,1.07337,0
2023-03-14 20:28:00+00:00,1.07337,1.07337,1.07324,1.07327,0
2023-03-14 20:29:00+00:00,1.07327,1.07332,1.07322,1.07327,0
2023-03-14 20:30:00+00:00,1.07327,1.07339,1.07327,1.07338,0
2023-03-14 20:31:00+00:00,1.07337,1.07338,1.07318,1.07323,0
2023-03-14 20:32:00+00:00,1.07319,1.07324,1.07312,1.07323,0
2023-03-14 20:33:00+00:00,1.07322,1.07327,1.07316,1.07322,0
2023-03-14 20:34:00+00:00,1.07322,1.07341,1.07322,1.07337,0
2023-03-14 20:35:00+00:00,1.07337,1.07348,1.07337,1.07347,0
2023-03-14 20:36:00+00:00,1.07349,1.07372,1.07349,1.07367,0
2023-03-14 20:37:00+00:00,1.07368,1.07375,1.07362,1.07364,0
2023-03-14 20:38:00+00:00,1.07363,1.07367,1.0736,1.07365,0
2023-03-14 20:39:00+00:00,1.07364,1.07367,1.0735,1.07358,0
2023-03-14 20:40:00+00:00,1.07357,1.07371,1.07356,1.07363,0
2023-03-14 20:41:00+00:00,1.07363,1.07363,1.07353,1.07355,0
2023-03-14 20:42:00+00:00,1.07355,1.07357,1.07351,1.07351,0
2023-03-14 20:43:00+00:00,1.07351,1.07357,1.0734,1.07341,0
2023-03-14 20:44:00+00:00,1.07344,1.07346,1.0734,1.07344,0
2023-03-14 20:45:00+00:00,1.07345,1.07359,1.07344,1.07349,0
2023-03-14 20:46:00+00:00,1.0735,1.07361,1.07349,1.0736,0
2023-03-14 20:47:00+00:00,1.07361,1.07371,1.07361,1.07363,0
2023-03-14 20:48:00+00:00,1.07365,1.07371,1.07364,1.07366,0
2023-03-14 20:49:00+00:00,1.07366,1.07368,1.07354,1.07355,0
2023-03-14 20:50:00+00:00,1.07354,1.07369,1.07354,1.07369,0
2023-03-14 20:51:00+00:00,1.0737,1.07394,1.0737,1.07393,0
2023-03-14 20:52:00+00:00,1.07392,1.07392,1.07387,1.07389,0
2023-03-14 20:53:00+00:00,1.07388,1.07388,1.07378,1.07378,0
2023-03-14 20:54:00+00:00,1.07379,1.0739,1.07376,1.07377,0
2023-03-14 20:55:00+00:00,1.07378,1.0738,1.07357,1.07364,0
2023-03-14 20:56:00+00:00,1.07363,1.07366,1.07356,1.07356,0
2023-03-14 20:57:00+00:00,1.07357,1.07367,1.07357,1.07366,0
2023-03-14 20:58:00+00:00,1.07365,1.07381,1.07365,1.07379,0
2023-03-14 20:59:00+00:00,1.07377,1.0738,1.07373,1.0738,0
2023-03-14 21:00:00+00:00,1.07379,1.07386,1.07374,1.07385,0
2023-03-14 21:01:00+00:00,1.07389,1.07426,1.07389,1.0742,0
2023-03-14 21:02:00+00:00,1.0742,1.07423,1.07411,1.07423,0
2023-03-14 21:03:00+00:00,1.07426,1.07431,1.07422,1.0743,0
2023-03-14 21:04:00+00:00,1.07431,1.07434,1.07426,1.07432,0
2023-03-14 21:05:00+00:00,1.07432,1.07448,1.07432,1.07442,0
2023-03-14 21:06:00+00:00,1.07441,1.07452,1.07441,1.07449,0
2023-03-14 21:07:00+00:00,1.0745,1.07484,1.07449,1.07483,0
2023-03-14 21:08:00+00:00,1.07484,1.07587,1.07483,1.07573,0
2023-03-14 21:09:00+00:00,1.07572,1.07587,1.07558,1.07565,0
2023-03-14 21:10:00+00:00,1.07564,1.07564,1.07541,1.07558,0
2023-03-14 21:11:00+00:00,1.07559,1.0757,1.07547,1.07565,0
2023-03-14 21:12:00+00:00,1.07564,1.07584,1.07556,1.07558,0
2023-03-14 21:13:00+00:00,1.07559,1.07561,1.07542,1.07552,0
2023-03-14 21:14:00+00:00,1.0755,1.0758,1.07544,1.07578,0
2023-03-14 21:15:00+00:00,1.07577,1.0758,1.07558,1.07559,0
2023-03-14 21:16:00+00:00,1.07558,1.07558,1.07533,1.07544,0
2023-03-14 21:17:00+00:00,1.07544,1.07544,1.07528,1.07536,0
2023-03-14 21:18:00+00:00,1.07535,1.07552,1.07533,1.07544,0
2023-03-14 21:19:00+00:00,1.07542,1.0755,1.07539,1.07548,0
2023-03-14 21:20:00+00:00,1.07546,1.07548,1.07536,1.07545,0
2023-03-14 21:21:00+00:00,1.07545,1.07545,1.07535,1.07538,0
2023-03-14 21:22:00+00:00,1.07538,1.07549,1.07537,1.07544,0
2023-03-14 21:23:00+00:00,1.07545,1.07558,1.07544,1.07552,0
2023-03-14 21:24:00+00:00,1.07552,1.07552,1.07541,1.07541,0
2023-03-14 21:25:00+00:00,1.07541,1.07554,1.07541,1.0755,0
2023-03-14 21:26:00+00:00,1.07551,1.07554,1.07541,1.07541,0
2023-03-14 21:27:00+00:00,1.07541,1.07545,1.07536,1.07545,0
2023-03-14 21:28:00+00:00,1.07544,1.07544,1.07522,1.07525,0
2023-03-14 21:29:00+00:00,1.07524,1.07536,1.07518,1.07533,0
2023-03-14 21:30:00+00:00,1.07534,1.07557,1.07534,1.07552,0
2023-03-14 21:31:00+00:00,1.07551,1.07559,1.07543,1.07554,0
2023-03-14 21:32:00+00:00,1.07554,1.0756,1.07548,1.07552,0
2023-03-14 21:33:00+00:00,1.07551,1.07557,1.07549,1.07551,0
2023-03-14 21:34:00+00:00,1.0755,1.07558,1.07544,1.07556,0
2023-03-14 21:35:00+00:00,1.07554,1.07559,1.07542,1.07547,0
2023-03-14 21:36:00+00:00,1.07546,1.07563,1.07545,1.0756,0
2023-03-14 21:37:00+00:00,1.07561,1.07575,1.07561,1.07571,0
2023-03-14 21:38:00+00:00,1.07571,1.07576,1.07569,1.07574,0
2023-03-14 21:39:00+00:00,1.07573,1.07585,1.07563,1.07568,0
2023-03-14 21:40:00+00:00,1.07569,1.07572,1.07543,1.07543,0
2023-03-14 21:41:00+00:00,1.07541,1.07553,1.07534,1.07552,0
2023-03-14 21:42:00+00:00,1.07551,1.07555,1.07538,1.07541,0
2023-03-14 21:43:00+00:00,1.0754,1.07542,1.07531,1.07534,0
2023-03-14 21:44:00+00:00,1.07535,1.07546,1.07533,1.07544,0
2023-03-14 21:45:00+00:00,1.07544,1.07551,1.07544,1.07551,0
2023-03-14 21:46:00+00:00,1.0755,1.07557,1.07546,1.07546,0
2023-03-14 21:47:00+00:00,1.07545,1.07555,1.07545,1.07554,0
2023-03-14 21:48:00+00:00,1.07552,1.07557,1.07549,1.0755,0
2023-03-14 21:49:00+00:00,1.0755,1.07565,1.0755,1.0756,0
2023-03-14 21:50:00+00:00,1.07561,1.07573,1.0756,1.07573,0
2023-03-14 21:51:00+00:00,1.07572,1.07596,1.07572,1.07594,0
2023-03-14 21:52:00+00:00,1.07592,1.07597,1.07591,1.07594,0
2023-03-14 21:53:00+00:00,1.07594,1.07594,1.07573,1.07579,0
2023-03-14 21:54:00+00:00,1.07579,1.07582,1.07574,1.07576,0
2023-03-14 21:55:00+00:00,1.07576,1.07579,1.07572,1.07577,0
2023-03-14 21:56:00+00:00,1.07577,1.07578,1.07572,1.07572,0
2023-03-14 21:57:00+00:00,1.07572,1.07577,1.07551,1.07577,0
2023-03-14 21:58:00+00:00,1.07577,1.07577,1.07572,1.07573,0
2023-03-14 21:59:00+00:00,1.07573,1.07574,1.07559,1.07561,0
2023-03-14 22:00:00+00:00,1.07559,1.07567,1.07551,1.07565,0
2023-03-14 22:01:00+00:00,1.07568,1.07569,1.07541,1.07543,0
2023-03-14 22:02:00+00:00,1.07542,1.07546,1.07537,1.07543,0
2023-03-14 22:03:00+00:00,1.07543,1.07547,1.07536,1.07544,0
2023-03-14 22:04:00+00:00,1.07544,1.07547,1.07533,1.07539,0
2023-03-14 22:05:00+00:00,1.07539,1.07539,1.07529,1.07539,0
2023-03-14 22:06:00+00:00,1.07541,1.07557,1.0754,1.07557,0
2023-03-14 22:07:00+00:00,1.07557,1.07558,1.07545,1.07556,0
2023-03-14 22:08:00+00:00,1.07555,1.0757,1.07555,1.07569,0
2023-03-14 22:09:00+00:00,1.07568,1.0757,1.07558,1.0756,0
2023-03-14 22:10:00+00:00,1.07558,1.07558,1.07552,1.07554,0
2023-03-14 22:11:00+00:00,1.07554,1.07562,1.0755,1.07562,0
2023-03-14 22:12:00+00:00,1.07564,1.07567,1.07559,1.07559,0
2023-03-14 22:13:00+00:00,1.0756,1.07561,1.07554,1.07555,0
2023-03-14 22:14:00+00:00,1.07554,1.07556,1.07545,1.07545,0
2023-03-14 22:15:00+00:00,1.07545,1.07545,1.07529,1.07531,0
2023-03-14 22:16:00+00:00,1.07532,1.07532,1.07527,1.0753,0
2023-03-14 22:17:00+00:00,1.0753,1.07537,1.07527,1.07534,0
2023-03-14 22:18:00+00:00,1.07535,1.07535,1.07527,1.07528,0
2023-03-14 22:19:00+00:00,1.07528,1.07532,1.07524,1.07526,0
2023-03-14 22:20:00+00:00,1.07527,1.07535,1.07526,1.07531,0
2023-03-14 22:21:00+00:00,1.07531,1.07536,1.07527,1.07535,0
2023-03-14 22:22:00+00:00,1.07534,1.07535,1.07525,1.07525,0
2023-03-14 22:23:00+00:00,1.07524,1.0753,1.07523,1.0753,0
2023-03-14 22:24:00+00:00,1.07529,1.0753,1.07525,1.07526,0
2023-03-14 22:25:00+00:00,1.07525,1.07535,1.07525,1.07533,0
2023-03-14 22:26:00+00:00,1.0753,1.07532,1.07527,1.0753,0
2023-03-14 22:27:00+00:00,1.07531,1.07541,1.07527,1.07537,0
2023-03-14 22:28:00+00:00,1.07537,1.07542,1.07536,1.07537,0
2023-03-14 22:29:00+00:00,1.07536,1.07543,1.07533,1.07534,0
2023-03-14 22:30:00+00:00,1.07533,1.07542,1.07532,1.07539,0
2023-03-14 22:31:00+00:00,1.07539,1.07539,1.07529,1.0753,0
2023-03-14 22:32:00+00:00,1.07528,1.07536,1.07526,1.07535,0
2023-03-14 22:33:00+00:00,1.07536,1.07546,1.07536,1.07546,0
2023-03-14 22:34:00+00:00,1.07545,1.0755,1.07542,1.07547,0
2023-03-14 22:35:00+00:00,1.07546,1.07546,1.07538,1.07538,0
2023-03-14 22:36:00+00:00,1.07539,1.07539,1.0753,1.07532,0
2023-03-14 22:37:00+00:00,1.07533,1.07534,1.07524,1.07532,0
2023-03-14 22:38:00+00:00,1.07531,1.07532,1.07527,1.0753,0
2023-03-14 22:39:00+00:00,1.07529,1.07536,1.07528,1.07535,0
2023-03-14 22:40:00+00:00,1.07534,1.07534,1.07527,1.07528,0
2023-03-14 22:41:00+00:00,1.07528,1.07531,1.07527,1.07529,0
2023-03-14 22:42:00+00:00,1.07528,1.07531,1.07526,1.07528,0
2023-03-14 22:43:00+00:00,1.07527,1.07529,1.07525,1.07526,0
2023-03-14 22:44:00+00:00,1.07527,1.07531,1.07514,1.07516,0
2023-03-14 22:45:00+00:00,1.07516,1.07524,1.07512,1.07516,0
2023-03-14 22:46:00+00:00,1.07515,1.07525,1.07513,1.07518,0
2023-03-14 22:47:00+00:00,1.07517,1.07521,1.07515,1.07517,0
2023-03-14 22:48:00+00:00,1.07516,1.07516,1.07509,1.07512,0
2023-03-14 22:49:00+00:00,1.07513,1.07514,1.07502,1.07503,0
2023-03-14 22:50:00+00:00,1.07503,1.07506,1.07493,1.07505,0
2023-03-14 22:51:00+00:00,1.07505,1.07507,1.07502,1.07507,0
2023-03-14 22:52:00+00:00,1.07508,1.07508,1.07505,1.07506,0
2023-03-14 22:53:00+00:00,1.07506,1.07506,1.07495,1.07497,0
2023-03-14 22:54:00+00:00,1.07498,1.07504,1.07493,1.07495,0
2023-03-14 22:55:00+00:00,1.07494,1.07503,1.07494,1.075,0
2023-03-14 22:56:00+00:00,1.07501,1.07506,1.075,1.07501,0
2023-03-14 22:57:00+00:00,1.07501,1.07506,1.07499,1.07501,0
2023-03-14 22:58:00+00:00,1.075,1.07509,1.07499,1.07509,0
2023-03-14 22:59:00+00:00,1.07511,1.07513,1.07508,1.07508,0
2023-03-14 23:00:00+00:00,1.07509,1.0751,1.07501,1.07505,0
2023-03-14 23:01:00+00:00,1.07506,1.07508,1.07501,1.07502,0
2023-03-14 23:02:00+00:00,1.07505,1.07509,1.075,1.07501,0
2023-03-14 23:03:00+00:00,1.07499,1.07499,1.07494,1.07495,0
2023-03-14 23:04:00+00:00,1.07494,1.07496,1.07494,1.07495,0
2023-03-14 23:05:00+00:00,1.07496,1.07496,1.07495,1.07495,0
2023-03-14 23:06:00+00:00,1.07495,1.075,1.07495,1.075,0
2023-03-14 23:07:00+00:00,1.075,1.07508,1.075,1.07505,0
2023-03-14 23:08:00+00:00,1.07504,1.07506,1.07502,1.07506,0
2023-03-14 23:09:00+00:00,1.07505,1.07506,1.07499,1.07501,0
2023-03-14 23:10:00+00:00,1.07503,1.07506,1.07503,1.07505,0
2023-03-14 23:11:00+00:00,1.07506,1.07509,1.07503,1.07505,0
2023-03-14 23:12:00+00:00,1.07506,1.07508,1.07502,1.07506,0
2023-03-14 23:13:00+00:00,1.07505,1.07511,1.07502,1.07506,0
2023-03-14 23:14:00+00:00,1.07506,1.07509,1.07504,1.07509,0
2023-03-14 23:15:00+00:00,1.07508,1.07508,1.07501,1.07503,0
2023-03-14 23:16:00+00:00,1.07505,1.07519,1.07505,1.07519,0
2023-03-14 23:17:00+00:00,1.07517,1.07536,1.07517,1.07535,0
2023-03-14 23:18:00+00:00,1.07537,1.07537,1.07532,1.07533,0
2023-03-14 23:19:00+00:00,1.07532,1.07537,1.07532,1.07536,0
2023-03-14 23:20:00+00:00,1.07536,1.07536,1.0753,1.07532,0
2023-03-14 23:21:00+00:00,1.07534,1.07537,1.07531,1.07531,0
2023-03-14 23:22:00+00:00,1.07532,1.07532,1.07513,1.07515,0
2023-03-14 23:23:00+00:00,1.07513,1.07513,1.07501,1.07504,0
2023-03-14 23:24:00+00:00,1.07505,1.07516,1.07503,1.07515,0
2023-03-14 23:25:00+00:00,1.07513,1.07516,1.07509,1.07513,0
2023-03-14 23:26:00+00:00,1.07512,1.07514,1.07503,1.07506,0
2023-03-14 23:27:00+00:00,1.07504,1.07506,1.07503,1.07506,0
2023-03-14 23:28:00+00:00,1.07508,1.07513,1.07505,1.07508,0
2023-03-14 23:29:00+00:00,1.07507,1.07511,1.07505,1.07511,0
2023-03-14 23:30:00+00:00,1.0751,1.07513,1.07506,1.07512,0
2023-03-14 23:31:00+00:00,1.07512,1.07521,1.0751,1.0752,0
2023-03-14 23:32:00+00:00,1.0752,1.07523,1.07516,1.07521,0
2023-03-14 23:33:00+00:00,1.07521,1.07521,1.07514,1.07519,0
2023-03-14 23:34:00+00:00,1.07519,1.07519,1.07515,1.07518,0
2023-03-14 23:35:00+00:00,1.07517,1.0752,1.07514,1.07519,0
2023-03-14 23:36:00+00:00,1.07519,1.07519,1.07517,1.07517,0
2023-03-14 23:37:00+00:00,1.07516,1.07517,1.07495,1.07498,0
2023-03-14 23:38:00+00:00,1.07498,1.07498,1.07492,1.07493,0
2023-03-14 23:39:00+00:00,1.07495,1.07498,1.07493,1.07495,0
2023-03-14 23:40:00+00:00,1.07494,1.07494,1.07489,1.0749,0
2023-03-14 23:41:00+00:00,1.07489,1.0749,1.07476,1.07477,0
2023-03-14 23:42:00+00:00,1.07476,1.07476,1.0746,1.07462,0
2023-03-14 23:43:00+00:00,1.0746,1.07462,1.07444,1.07445,0
2023-03-14 23:44:00+00:00,1.07449,1.07455,1.07449,1.07453,0
2023-03-14 23:45:00+00:00,1.07454,1.07455,1.07431,1.07436,0
2023-03-14 23:46:00+00:00,1.07437,1.07441,1.07435,1.07435,0
2023-03-14 23:47:00+00:00,1.07438,1.07453,1.07438,1.07441,0
2023-03-14 23:48:00+00:00,1.07442,1.07446,1.07438,1.07446,0
2023-03-14 23:49:00+00:00,1.07446,1.07455,1.07446,1.0745,0
2023-03-14 23:50:00+00:00,1.07451,1.07452,1.07448,1.07449,0
2023-03-14 23:51:00+00:00,1.07451,1.07451,1.07445,1.07448,0
2023-03-14 23:52:00+00:00,1.07449,1.0745,1.07429,1.07434,0
2023-03-14 23:53:00+00:00,1.07433,1.07435,1.0743,1.0743,0
2023-03-14 23:54:00+00:00,1.07429,1.07436,1.07429,1.07435,0
2023-03-14 23:55:00+00:00,1.07439,1.07441,1.07427,1.07429,0
2023-03-14 23:56:00+00:00,1.07428,1.07435,1.07427,1.07431,0
2023-03-14 23:57:00+00:00,1.07432,1.07445,1.07432,1.07445,0
2023-03-14 23:58:00+00:00,1.07444,1.07454,1.07442,1.07451,0
2023-03-14 23:59:00+00:00,1.0745,1.07452,1.07446,1.07447,0
2023-03-15 00:00:00+00:00,1.07447,1.07448,1.0743,1.07437,0
2023-03-15 00:01:00+00:00,1.07437,1.07439,1.07431,1.07431,0
2023-03-15 00:02:00+00:00,1.07432,1.07437,1.07431,1.07431,0
2023-03-15 00:03:00+00:00,1.07432,1.07432,1.0742,1.0742,0
2023-03-15 00:04:00+00:00,1.07421,1.07433,1.07415,1.07432,0
2023-03-15 00:05:00+00:00,1.07431,1.07434,1.07425,1.0743,0
2023-03-15 00:06:00+00:00,1.07432,1.07453,1.07431,1.07447,0
2023-03-15 00:07:00+00:00,1.07446,1.07447,1.07436,1.07441,0
2023-03-15 00:08:00+00:00,1.07444,1.07445,1.0744,1.07445,0
2023-03-15 00:09:00+00:00,1.07446,1.0746,1.07445,1.07452,0
2023-03-15 00:10:00+00:00,1.07454,1.07455,1.07446,1.07451,0
2023-03-15 00:11:00+00:00,1.0745,1.07455,1.07444,1.07454,0
2023-03-15 00:12:00+00:00,1.07456,1.07462,1.07445,1.07445,0
2023-03-15 00:13:00+00:00,1.07445,1.07447,1.07439,1.07444,0
2023-03-15 00:14:00+00:00,1.07444,1.07445,1.07433,1.0744,0
2023-03-15 00:15:00+00:00,1.0744,1.07445,1.07436,1.07437,0
2023-03-15 00:16:00+00:00,1.07436,1.07437,1.07424,1.07425,0
2023-03-15 00:17:00+00:00,1.07425,1.07426,1.07405,1.07413,0
2023-03-15 00:18:00+00:00,1.07412,1.07419,1.07408,1.07412,0
2023-03-15 00:19:00+00:00,1.07411,1.07413,1.07403,1.07405,0
2023-03-15 00:20:00+00:00,1.07406,1.07407,1.07392,1.07394,0
2023-03-15 00:21:00+00:00,1.07394,1.07401,1.07385,1.07399,0
2023-03-15 00:22:00+00:00,1.074,1.07413,1.074,1.07412,0
2023-03-15 00:23:00+00:00,1.07412,1.07412,1.07405,1.07406,0
2023-03-15 00:24:00+00:00,1.07405,1.07407,1.07399,1.074,0
2023-03-15 00:25:00+00:00,1.07401,1.07407,1.07401,1.07402,0
2023-03-15 00:26:00+00:00,1.07402,1.07411,1.07402,1.07411,0
2023-03-15 00:27:00+00:00,1.0741,1.07415,1.07407,1.07411,0
2023-03-15 00:28:00+00:00,1.07409,1.07409,1.07393,1.07397,0
2023-03-15 00:29:00+00:00,1.07397,1.07397,1.07386,1.07388,0
2023-03-15 00:30:00+00:00,1.07389,1.07394,1.0737,1.07377,0
2023-03-15 00:31:00+00:00,1.07376,1.07381,1.07373,1.07376,0
2023-03-15 00:32:00+00:00,1.07375,1.07379,1.0737,1.07371,0
2023-03-15 00:33:00+00:00,1.07371,1.07374,1.07367,1.07368,0
2023-03-15 00:34:00+00:00,1.0737,1.07374,1.07366,1.07366,0
2023-03-15 00:35:00+00:00,1.07366,1.07366,1.07357,1.0736,0
2023-03-15 00:36:00+00:00,1.07359,1.07365,1.07359,1.07364,0
2023-03-15 00:37:00+00:00,1.07368,1.07371,1.07364,1.07371,0
2023-03-15 00:38:00+00:00,1.07372,1.07383,1.07372,1.07379,0
2023-03-15 00:39:00+00:00,1.0738,1.07385,1.07378,1.07379,0
2023-03-15 00:40:00+00:00,1.0738,1.07387,1.07377,1.07377,0
2023-03-15 00:41:00+00:00,1.07375,1.07403,1.07375,1.07394,0
2023-03-15 00:42:00+00:00,1.07393,1.07396,1.07379,1.07381,0
2023-03-15 00:43:00+00:00,1.07379,1.07389,1.07379,1.07387,0
2023-03-15 00:44:00+00:00,1.07389,1.07391,1.07379,1.07381,0
2023-03-15 00:45:00+00:00,1.07382,1.07391,1.07373,1.07391,0
2023-03-15 00:46:00+00:00,1.07393,1.0741,1.07391,1.07404,0
2023-03-15 00:47:00+00:00,1.07405,1.07405,1.07396,1.07401,0
2023-03-15 00:48:00+00:00,1.07401,1.07402,1.07396,1.074,0
2023-03-15 00:49:00+00:00,1.07401,1.07405,1.07398,1.07403,0
2023-03-15 00:50:00+00:00,1.07402,1.07402,1.07386,1.07387,0
2023-03-15 00:51:00+00:00,1.07386,1.07389,1.07382,1.07385,0
2023-03-15 00:52:00+00:00,1.07384,1.07386,1.07371,1.07373,0
2023-03-15 00:53:00+00:00,1.07372,1.07374,1.07359,1.07363,0
2023-03-15 00:54:00+00:00,1.07363,1.07376,1.07363,1.07374,0
2023-03-15 00:55:00+00:00,1.07373,1.07379,1.07369,1.07369,0
2023-03-15 00:56:00+00:00,1.0737,1.07372,1.07364,1.07366,0
2023-03-15 00:57:00+00:00,1.07365,1.07385,1.07364,1.07385,0
2023-03-15 00:58:00+00:00,1.07386,1.07391,1.07378,1.07378,0
2023-03-15 00:59:00+00:00,1.07377,1.07385,1.07377,1.0738,0
2023-03-15 01:00:00+00:00,1.0738,1.07383,1.07374,1.07379,0
2023-03-15 01:01:00+00:00,1.07378,1.07387,1.07375,1.07386,0
2023-03-15 01:02:00+00:00,1.07389,1.07406,1.07389,1.07403,0
2023-03-15 01:03:00+00:00,1.07403,1.07404,1.07391,1.07391,0
2023-03-15 01:04:00+00:00,1.07392,1.07397,1.07387,1.07391,0
2023-03-15 01:05:00+00:00,1.07391,1.07391,1.07379,1.07384,0
2023-03-15 01:06:00+00:00,1.07387,1.07395,1.07387,1.07387,0
2023-03-15 01:07:00+00:00,1.07386,1.07394,1.07381,1.07394,0
2023-03-15 01:08:00+00:00,1.07395,1.07411,1.07395,1.07404,0
2023-03-15 01:09:00+00:00,1.07405,1.07405,1.07398,1.074,0
2023-03-15 01:10:00+00:00,1.074,1.074,1.07379,1.07391,0
2023-03-15 01:11:00+00:00,1.0739,1.07396,1.07382,1.07386,0
2023-03-15 01:12:00+00:00,1.07383,1.07384,1.07371,1.07376,0
2023-03-15 01:13:00+00:00,1.07377,1.07379,1.07347,1.07347,0
2023-03-15 01:14:00+00:00,1.07345,1.07347,1.07332,1.07346,0
2023-03-15 01:15:00+00:00,1.07346,1.07358,1.07343,1.07343,0
2023-03-15 01:16:00+00:00,1.07343,1.07344,1.07334,1.07335,0
2023-03-15 01:17:00+00:00,1.07335,1.07336,1.0732,1.07326,0
2023-03-15 01:18:00+00:00,1.07325,1.07327,1.07315,1.07324,0
2023-03-15 01:19:00+00:00,1.07323,1.07337,1.07321,1.07333,0
2023-03-15 01:20:00+00:00,1.07332,1.07333,1.07327,1.07328,0
2023-03-15 01:21:00+00:00,1.07328,1.07338,1.07328,1.07332,0
2023-03-15 01:22:00+00:00,1.07331,1.07331,1.07314,1.07323,0
2023-03-15 01:23:00+00:00,1.07321,1.07321,1.07305,1.07318,0
2023-03-15 01:24:00+00:00,1.07319,1.07337,1.07319,1.07334,0
2023-03-15 01:25:00+00:00,1.07334,1.07348,1.07332,1.07347,0
2023-03-15 01:26:00+00:00,1.07347,1.07351,1.0734,1.0735,0
2023-03-15 01:27:00+00:00,1.07348,1.0735,1.07332,1.07337,0
2023-03-15 01:28:00+00:00,1.07335,1.07341,1.07332,1.07335,0
2023-03-15 01:29:00+00:00,1.07336,1.07337,1.07323,1.07329,0
2023-03-15 01:30:00+00:00,1.07327,1.07327,1.07316,1.07316,0
2023-03-15 01:31:00+00:00,1.07316,1.07335,1.07316,1.07334,0
2023-03-15 01:32:00+00:00,1.07335,1.07347,1.07333,1.07347,0
2023-03-15 01:33:00+00:00,1.07348,1.07364,1.07347,1.07359,0
2023-03-15 01:34:00+00:00,1.07362,1.07362,1.07349,1.07355,0
2023-03-15 01:35:00+00:00,1.07356,1.07357,1.07339,1.07342,0
2023-03-15 01:36:00+00:00,1.07341,1.07347,1.07335,1.07335,0
2023-03-15 01:37:00+00:00,1.07335,1.07336,1.07326,1.07334,0
2023-03-15 01:38:00+00:00,1.07333,1.07337,1.07329,1.07336,0
2023-03-15 01:39:00+00:00,1.07337,1.07337,1.07321,1.07325,0
2023-03-15 01:40:00+00:00,1.07324,1.07334,1.07314,1.0733,0
2023-03-15 01:41:00+00:00,1.0733,1.07346,1.0733,1.07346,0
2023-03-15 01:42:00+00:00,1.07345,1.07355,1.07345,1.07354,0
2023-03-15 01:43:00+00:00,1.07356,1.07361,1.07345,1.0736,0
2023-03-15 01:44:00+00:00,1.0736,1.07371,1.07355,1.07365,0
2023-03-15 01:45:00+00:00,1.07366,1.07374,1.07357,1.0736,0
2023-03-15 01:46:00+00:00,1.07361,1.07369,1.0736,1.07366,0
2023-03-15 01:47:00+00:00,1.07364,1.07372,1.07364,1.07371,0
2023-03-15 01:48:00+00:00,1.0737,1.07381,1.07369,1.0738,0
2023-03-15 01:49:00+00:00,1.07381,1.07381,1.07364,1.07369,0
2023-03-15 01:50:00+00:00,1.0737,1.07374,1.07352,1.0736,0
2023-03-15 01:51:00+00:00,1.07361,1.07372,1.07361,1.07372,0
2023-03-15 01:52:00+00:00,1.07371,1.07382,1.07369,1.0738,0
2023-03-15 01:53:00+00:00,1.0738,1.07398,1.0738,1.07393,0
2023-03-15 01:54:00+00:00,1.07394,1.07405,1.07392,1.07394,0
2023-03-15 01:55:00+00:00,1.07394,1.074,1.07386,1.07399,0
2023-03-15 01:56:00+00:00,1.07398,1.07398,1.07366,1.07373,0
2023-03-15 01:57:00+00:00,1.07373,1.07376,1.07366,1.07369,0
2023-03-15 01:58:00+00:00,1.07371,1.07371,1.0735,1.07351,0
2023-03-15 01:59:00+00:00,1.07351,1.07351,1.07335,1.0734,0
2023-03-15 02:00:00+00:00,1.07342,1.07372,1.07339,1.07354,0
2023-03-15 02:01:00+00:00,1.07353,1.07355,1.07341,1.07345,0
2023-03-15 02:02:00+00:00,1.07345,1.0737,1.07342,1.07361,0
2023-03-15 02:03:00+00:00,1.07363,1.07371,1.0736,1.07371,0
2023-03-15 02:04:00+00:00,1.07371,1.0738,1.07362,1.07362,0
2023-03-15 02:05:00+00:00,1.0736,1.07366,1.07345,1.07364,0
2023-03-15 02:06:00+00:00,1.07365,1.07369,1.07349,1.07358,0
2023-03-15 02:07:00+00:00,1.07359,1.07362,1.07348,1.07358,0
2023-03-15 02:08:00+00:00,1.0736,1.07371,1.0736,1.07367,0
2023-03-15 02:09:00+00:00,1.07368,1.0737,1.07359,1.07362,0
2023-03-15 02:10:00+00:00,1.07361,1.07366,1.07345,1.07349,0
2023-03-15 02:11:00+00:00,1.07349,1.07365,1.07342,1.07349,0
2023-03-15 02:12:00+00:00,1.0735,1.07366,1.07349,1.07352,0
2023-03-15 02:13:00+00:00,1.07352,1.07352,1.07332,1.07332,0
2023-03-15 02:14:00+00:00,1.07332,1.07336,1.0733,1.07332,0
2023-03-15 02:15:00+00:00,1.07332,1.07336,1.0733,1.07331,0
2023-03-15 02:16:00+00:00,1.07332,1.07332,1.07328,1.07331,0
2023-03-15 02:17:00+00:00,1.07331,1.07331,1.07312,1.07313,0
2023-03-15 02:18:00+00:00,1.07311,1.0732,1.07301,1.07317,0
2023-03-15 02:19:00+00:00,1.07316,1.07418,1.07309,1.07418,0
2023-03-15 02:20:00+00:00,1.0742,1.07444,1.07359,1.07413,0
2023-03-15 02:21:00+00:00,1.07413,1.07417,1.0738,1.07387,0
2023-03-15 02:22:00+00:00,1.0739,1.07405,1.07374,1.07402,0
2023-03-15 02:23:00+00:00,1.07404,1.07419,1.07392,1.07401,0
2023-03-15 02:24:00+00:00,1.074,1.07413,1.07383,1.07413,0
2023-03-15 02:25:00+00:00,1.07411,1.07429,1.07406,1.07422,0
2023-03-15 02:26:00+00:00,1.07425,1.07434,1.07416,1.07418,0
2023-03-15 02:27:00+00:00,1.07418,1.07418,1.07383,1.07387,0
2023-03-15 02:28:00+00:00,1.07386,1.07393,1.07377,1.07383,0
2023-03-15 02:29:00+00:00,1.07383,1.07399,1.07368,1.07376,0
2023-03-15 02:30:00+00:00,1.07375,1.07379,1.07358,1.07376,0
2023-03-15 02:31:00+00:00,1.07377,1.07391,1.07366,1.07372,0
2023-03-15 02:32:00+00:00,1.07374,1.07375,1.0735,1.0735,0
2023-03-15 02:33:00+00:00,1.07352,1.0736,1.07344,1.07355,0
2023-03-15 02:34:00+00:00,1.07355,1.07369,1.0734,1.0735,0
2023-03-15 02:35:00+00:00,1.07354,1.07366,1.07338,1.0736,0
2023-03-15 02:36:00+00:00,1.0736,1.07363,1.07329,1.07329,0
2023-03-15 02:37:00+00:00,1.07329,1.07338,1.0731,1.0731,0
2023-03-15 02:38:00+00:00,1.07311,1.07317,1.07274,1.07279,0
2023-03-15 02:39:00+00:00,1.07281,1.07322,1.07281,1.0732,0
2023-03-15 02:40:00+00:00,1.07319,1.07332,1.07317,1.07332,0
2023-03-15 02:41:00+00:00,1.07331,1.07339,1.0732,1.0733,0
2023-03-15 02:42:00+00:00,1.07329,1.07358,1.07327,1.07351,0
2023-03-15 02:43:00+00:00,1.0735,1.07375,1.07343,1.07374,0
2023-03-15 02:44:00+00:00,1.07375,1.07377,1.07345,1.0735,0
2023-03-15 02:45:00+00:00,1.0735,1.07381,1.07341,1.07368,0
2023-03-15 02:46:00+00:00,1.0737,1.07378,1.07352,1.07373,0
2023-03-15 02:47:00+00:00,1.07373,1.07379,1.07355,1.07355,0
2023-03-15 02:48:00+00:00,1.07354,1.07361,1.07345,1.07354,0
2023-03-15 02:49:00+00:00,1.07357,1.07362,1.07336,1.07338,0
2023-03-15 02:50:00+00:00,1.07341,1.07354,1.07335,1.07342,0
2023-03-15 02:51:00+00:00,1.07343,1.07347,1.0733,1.0733,0
2023-03-15 02:52:00+00:00,1.07328,1.07329,1.07281,1.07293,0
2023-03-15 02:53:00+00:00,1.07293,1.07338,1.07288,1.07336,0
2023-03-15 02:54:00+00:00,1.07338,1.07345,1.07324,1.07344,0
2023-03-15 02:55:00+00:00,1.07344,1.07355,1.07332,1.07352,0
2023-03-15 02:56:00+00:00,1.07352,1.07365,1.07348,1.07356,0
2023-03-15 02:57:00+00:00,1.07355,1.0738,1.07352,1.07374,0
2023-03-15 02:58:00+00:00,1.07374,1.07389,1.0737,1.07384,0
2023-03-15 02:59:00+00:00,1.07384,1.07385,1.07368,1.07371,0
2023-03-15 03:00:00+00:00,1.07373,1.0738,1.07357,1.07371,0
2023-03-15 03:01:00+00:00,1.07375,1.0739,1.0735,1.0735,0
2023-03-15 03:02:00+00:00,1.07351,1.07376,1.07344,1.07365,0
2023-03-15 03:03:00+00:00,1.07364,1.07406,1.07355,1.07399,0
2023-03-15 03:04:00+00:00,1.07399,1.07413,1.07394,1.07406,0
2023-03-15 03:05:00+00:00,1.07407,1.07435,1.07399,1.07399,0
2023-03-15 03:06:00+00:00,1.07398,1.07402,1.07342,1.07342,0
2023-03-15 03:07:00+00:00,1.07341,1.07344,1.07317,1.07321,0
2023-03-15 03:08:00+00:00,1.0732,1.07332,1.07316,1.07326,0
2023-03-15 03:09:00+00:00,1.07326,1.07329,1.07305,1.07323,0
2023-03-15 03:10:00+00:00,1.07322,1.07335,1.07311,1.07321,0
2023-03-15 03:11:00+00:00,1.07324,1.07331,1.07308,1.07308,0
2023-03-15 03:12:00+00:00,1.07307,1.07357,1.07305,1.07352,0
2023-03-15 03:13:00+00:00,1.07352,1.07355,1.07332,1.07339,0
2023-03-15 03:14:00+00:00,1.0734,1.0735,1.07334,1.0735,0
2023-03-15 03:15:00+00:00,1.07348,1.07348,1.07301,1.07302,0
2023-03-15 03:16:00+00:00,1.07301,1.07301,1.07266,1.07284,0
2023-03-15 03:17:00+00:00,1.07285,1.07314,1.07285,1.07309,0
2023-03-15 03:18:00+00:00,1.0731,1.0731,1.0729,1.07309,0
2023-03-15 03:19:00+00:00,1.07309,1.07336,1.07301,1.07336,0
2023-03-15 03:20:00+00:00,1.07336,1.07336,1.0731,1.07322,0
2023-03-15 03:21:00+00:00,1.07322,1.07322,1.07295,1.07321,0
2023-03-15 03:22:00+00:00,1.07321,1.07326,1.07304,1.0732,0
2023-03-15 03:23:00+00:00,1.0732,1.0732,1.07286,1.07297,0
2023-03-15 03:24:00+00:00,1.07298,1.07344,1.07298,1.07329,0
2023-03-15 03:25:00+00:00,1.0733,1.07339,1.07319,1.07338,0
2023-03-15 03:26:00+00:00,1.07336,1.07367,1.07322,1.07367,0
2023-03-15 03:27:00+00:00,1.07365,1.07366,1.07349,1.07349,0
2023-03-15 03:28:00+00:00,1.07347,1.07359,1.07335,1.07357,0
2023-03-15 03:29:00+00:00,1.07354,1.07356,1.07328,1.07334,0
2023-03-15 03:30:00+00:00,1.07333,1.07358,1.07331,1.07339,0
2023-03-15 03:31:00+00:00,1.07339,1.0734,1.07323,1.07329,0
2023-03-15 03:32:00+00:00,1.07328,1.07344,1.0732,1.07331,0
2023-03-15 03:33:00+00:00,1.0733,1.07333,1.07322,1.07328,0
2023-03-15 03:34:00+00:00,1.0733,1.0733,1.07297,1.07307,0
2023-03-15 03:35:00+00:00,1.07306,1.07328,1.07303,1.07315,0
2023-03-15 03:36:00+00:00,1.07316,1.07343,1.07314,1.07333,0
2023-03-15 03:37:00+00:00,1.07333,1.07349,1.0732,1.0734,0
2023-03-15 03:38:00+00:00,1.07338,1.07347,1.07332,1.07339,0
2023-03-15 03:39:00+00:00,1.07338,1.07352,1.07333,1.07348,0
2023-03-15 03:40:00+00:00,1.07349,1.07354,1.07337,1.07341,0
2023-03-15 03:41:00+00:00,1.07342,1.07363,1.0734,1.07363,0
2023-03-15 03:42:00+00:00,1.07364,1.07374,1.07363,1.0737,0
2023-03-15 03:43:00+00:00,1.07371,1.07372,1.07358,1.07361,0
2023-03-15 03:44:00+00:00,1.07364,1.07373,1.0736,1.07372,0
2023-03-15 03:45:00+00:00,1.07371,1.07373,1.07354,1.07373,0
2023-03-15 03:46:00+00:00,1.07374,1.07376,1.07361,1.07366,0
2023-03-15 03:47:00+00:00,1.07368,1.07372,1.07352,1.07356,0
2023-03-15 03:48:00+00:00,1.07357,1.07363,1.07349,1.07351,0
2023-03-15 03:49:00+00:00,1.07352,1.07354,1.07341,1.07351,0
2023-03-15 03:50:00+00:00,1.0735,1.07351,1.07331,1.07338,0
2023-03-15 03:51:00+00:00,1.07337,1.07353,1.07337,1.07353,0
2023-03-15 03:52:00+00:00,1.07353,1.07354,1.07327,1.07328,0
2023-03-15 03:53:00+00:00,1.07329,1.07341,1.07326,1.07332,0
2023-03-15 03:54:00+00:00,1.07332,1.07348,1.07328,1.07344,0
2023-03-15 03:55:00+00:00,1.07345,1.07369,1.07343,1.07349,0
2023-03-15 03:56:00+00:00,1.07347,1.07357,1.07346,1.07348,0
2023-03-15 03:57:00+00:00,1.07347,1.07347,1.07314,1.07325,0
2023-03-15 03:58:00+00:00,1.07325,1.07328,1.07311,1.07314,0
2023-03-15 03:59:00+00:00,1.07314,1.07322,1.07307,1.07314,0
2023-03-15 04:00:00+00:00,1.07314,1.07326,1.07303,1.07323,0
2023-03-15 04:01:00+00:00,1.07324,1.07327,1.07281,1.07282,0
2023-03-15 04:02:00+00:00,1.07283,1.07289,1.0726,1.07277,0
2023-03-15 04:03:00+00:00,1.07277,1.07314,1.07277,1.07305,0
2023-03-15 04:04:00+00:00,1.07304,1.07309,1.07269,1.07269,0
2023-03-15 04:05:00+00:00,1.07268,1.07269,1.07227,1.07243,0
2023-03-15 04:06:00+00:00,1.07243,1.07245,1.07208,1.0723,0
2023-03-15 04:07:00+00:00,1.07231,1.07255,1.07227,1.07251,0
2023-03-15 04:08:00+00:00,1.07251,1.07256,1.07225,1.07256,0
2023-03-15 04:09:00+00:00,1.07254,1.07256,1.07207,1.07214,0
2023-03-15 04:10:00+00:00,1.07213,1.07214,1.07182,1.07183,0
2023-03-15 04:11:00+00:00,1.07174,1.07182,1.0715,1.07177,0
2023-03-15 04:12:00+00:00,1.07178,1.07192,1.07173,1.07182,0
2023-03-15 04:13:00+00:00,1.07183,1.07194,1.07169,1.07171,0
2023-03-15 04:14:00+00:00,1.07171,1.07188,1.07168,1.07179,0
2023-03-15 04:15:00+00:00,1.07178,1.07217,1.07178,1.07217,0
2023-03-15 04:16:00+00:00,1.07216,1.07243,1.07214,1.0723,0
2023-03-15 04:17:00+00:00,1.0723,1.07233,1.07196,1.07211,0
2023-03-15 04:18:00+00:00,1.0721,1.07214,1.07185,1.07212,0
2023-03-15 04:19:00+00:00,1.07214,1.07223,1.07205,1.07205,0
2023-03-15 04:20:00+00:00,1.07205,1.07222,1.07202,1.07216,0
2023-03-15 04:21:00+00:00,1.07215,1.07232,1.07207,1.07207,0
2023-03-15 04:22:00+00:00,1.07207,1.07211,1.072,1.07206,0
2023-03-15 04:23:00+00:00,1.07204,1.07204,1.07181,1.07198,0
2023-03-15 04:24:00+00:00,1.07198,1.07208,1.07188,1.07188,0
2023-03-15 04:25:00+00:00,1.07191,1.07191,1.07156,1.07177,0
2023-03-15 04:26:00+00:00,1.07176,1.07176,1.07131,1.07141,0
2023-03-15 04:27:00+00:00,1.0714,1.07146,1.07101,1.07109,0
2023-03-15 04:28:00+00:00,1.07108,1.0711,1.07075,1.07075,0
2023-03-15 04:29:00+00:00,1.07075,1.07106,1.07074,1.07096,0
2023-03-15 04:30:00+00:00,1.07094,1.07101,1.07066,1.07066,0
2023-03-15 04:31:00+00:00,1.07066,1.07099,1.07066,1.07078,0
2023-03-15 04:32:00+00:00,1.07077,1.0708,1.06981,1.07013,0
2023-03-15 04:33:00+00:00,1.07012,1.07013,1.06952,1.06986,0
2023-03-15 04:34:00+00:00,1.06989,1.07004,1.06957,1.06961,0
2023-03-15 04:35:00+00:00,1.06962,1.06968,1.06914,1.06923,0
2023-03-15 04:36:00+00:00,1.06922,1.06934,1.06876,1.06922,0
2023-03-15 04:37:00+00:00,1.06922,1.0693,1.06846,1.06846,0
2023-03-15 04:38:00+00:00,1.0684,1.06857,1.06772,1.06852,0
2023-03-15 04:39:00+00:00,1.06852,1.06871,1.06808,1.06812,0
2023-03-15 04:40:00+00:00,1.06812,1.06833,1.06787,1.06798,0
2023-03-15 04:41:00+00:00,1.06796,1.06804,1.06718,1.06782,0
2023-03-15 04:42:00+00:00,1.06783,1.06797,1.06735,1.0677,0
2023-03-15 04:43:00+00:00,1.06769,1.06771,1.06656,1.06708,0
2023-03-15 04:44:00+00:00,1.06706,1.06787,1.06699,1.06725,0
2023-03-15 04:45:00+00:00,1.06725,1.06775,1.06702,1.06712,0
2023-03-15 04:46:00+00:00,1.06712,1.06734,1.06692,1.06721,0
2023-03-15 04:47:00+00:00,1.06721,1.06774,1.06713,1.06743,0
2023-03-15 04:48:00+00:00,1.06744,1.06786,1.06729,1.06749,0
2023-03-15 04:49:00+00:00,1.06747,1.06797,1.06726,1.06772,0
2023-03-15 04:50:00+00:00,1.06772,1.06801,1.06771,1.06779,0
2023-03-15 04:51:00+00:00,1.06777,1.06827,1.06753,1.06806,0
2023-03-15 04:52:00+00:00,1.06808,1.06819,1.06789,1.06798,0
2023-03-15 04:53:00+00:00,1.06797,1.06827,1.06789,1.06823,0
2023-03-15 04:54:00+00:00,1.06822,1.06822,1.06758,1.06774,0
2023-03-15 04:55:00+00:00,1.06774,1.06784,1.06752,1.06783,0
2023-03-15 04:56:00+00:00,1.06782,1.06803,1.06773,1.06799,0
2023-03-15 04:57:00+00:00,1.068,1.06814,1.06794,1.068,0
2023-03-15 04:58:00+00:00,1.06804,1.0681,1.06773,1.06785,0
2023-03-15 04:59:00+00:00,1.06786,1.06799,1.06764,1.06777,0
2023-03-15 05:00:00+00:00,1.06779,1.06803,1.06749,1.06797,0
2023-03-15 05:01:00+00:00,1.06796,1.06804,1.06757,1.06784,0
2023-03-15 05:02:00+00:00,1.06787,1.0679,1.06719,1.0674,0
2023-03-15 05:03:00+00:00,1.06738,1.0681,1.06738,1.06803,0
2023-03-15 05:04:00+00:00,1.06803,1.0684,1.06799,1.06836,0
2023-03-15 05:05:00+00:00,1.06836,1.06838,1.06811,1.06832,0
2023-03-15 05:06:00+00:00,1.06831,1.06842,1.06788,1.068,0
2023-03-15 05:07:00+00:00,1.068,1.06808,1.06754,1.06759,0
2023-03-15 05:08:00+00:00,1.06757,1.0676,1.06719,1.06747,0
2023-03-15 05:09:00+00:00,1.06747,1.06749,1.06702,1.06735,0
2023-03-15 05:10:00+00:00,1.06734,1.0678,1.06722,1.06759,0
2023-03-15 05:11:00+00:00,1.06757,1.06779,1.0675,1.06757,0
2023-03-15 05:12:00+00:00,1.06756,1.06768,1.06705,1.06723,0
2023-03-15 05:13:00+00:00,1.06722,1.06758,1.0672,1.06736,0
2023-03-15 05:14:00+00:00,1.06734,1.0675,1.067,1.06716,0
2023-03-15 05:15:00+00:00,1.06716,1.06746,1.06706,1.06732,0
2023-03-15 05:16:00+00:00,1.06735,1.06765,1.06735,1.0676,0
2023-03-15 05:17:00+00:00,1.06759,1.0677,1.0674,1.0674,0
2023-03-15 05:18:00+00:00,1.0674,1.06774,1.06734,1.06752,0
2023-03-15 05:19:00+00:00,1.06752,1.06758,1.06726,1.06747,0
2023-03-15 05:20:00+00:00,1.06746,1.0678,1.06745,1.06767,0
2023-03-15 05:21:00+00:00,1.06768,1.06813,1.06767,1.06811,0
2023-03-15 05:22:00+00:00,1.06813,1.0683,1.06803,1.06817,0
2023-03-15 05:23:00+00:00,1.06816,1.06818,1.06782,1.06787,0
2023-03-15 05:24:00+00:00,1.06786,1.06786,1.06753,1.0676,0
2023-03-15 05:25:00+00:00,1.06758,1.06758,1.0672,1.06729,0
2023-03-15 05:26:00+00:00,1.0673,1.06741,1.06703,1.06713,0
2023-03-15 05:27:00+00:00,1.06712,1.06743,1.06694,1.06708,0
2023-03-15 05:28:00+00:00,1.06706,1.06716,1.06659,1.0666,0
2023-03-15 05:29:00+00:00,1.06659,1.06676,1.06648,1.0665,0
2023-03-15 05:30:00+00:00,1.06646,1.06675,1.06629,1.06672,0
2023-03-15 05:31:00+00:00,1.06673,1.06676,1.06632,1.06641,0
2023-03-15 05:32:00+00:00,1.06642,1.06648,1.06603,1.06603,0
2023-03-15 05:33:00+00:00,1.06608,1.06608,1.06573,1.06584,0
2023-03-15 05:34:00+00:00,1.06585,1.06585,1.06543,1.06554,0
2023-03-15 05:35:00+00:00,1.06554,1.06566,1.0646,1.0646,0
2023-03-15 05:36:00+00:00,1.06456,1.06458,1.06391,1.06411,0
2023-03-15 05:37:00+00:00,1.06412,1.06465,1.06409,1.06421,0
2023-03-15 05:38:00+00:00,1.06423,1.06423,1.06311,1.06318,0
2023-03-15 05:39:00+00:00,1.0632,1.06385,1.0632,1.06383,0
2023-03-15 05:40:00+00:00,1.06384,1.06392,1.06332,1.06333,0
2023-03-15 05:41:00+00:00,1.06332,1.06394,1.06322,1.06375,0
2023-03-15 05:42:00+00:00,1.06375,1.06413,1.06364,1.06369,0
2023-03-15 05:43:00+00:00,1.0637,1.06391,1.06369,1.06383,0
2023-03-15 05:44:00+00:00,1.0638,1.06389,1.06363,1.06371,0
2023-03-15 05:45:00+00:00,1.06371,1.06415,1.06358,1.0637,0
2023-03-15 05:46:00+00:00,1.06371,1.06378,1.06335,1.06335,0
2023-03-15 05:47:00+00:00,1.06335,1.06342,1.06316,1.06321,0
2023-03-15 05:48:00+00:00,1.0632,1.06351,1.06271,1.06289,0
2023-03-15 05:49:00+00:00,1.0629,1.06333,1.06282,1.06313,0
2023-03-15 05:50:00+00:00,1.06312,1.06314,1.06296,1.06302,0
2023-03-15 05:51:00+00:00,1.06302,1.06304,1.06252,1.0626,0
2023-03-15 05:52:00+00:00,1.06257,1.06287,1.06235,1.06237,0
2023-03-15 05:53:00+00:00,1.06238,1.06252,1.06229,1.06238,0
2023-03-15 05:54:00+00:00,1.06237,1.06244,1.06209,1.06214,0
2023-03-15 05:55:00+00:00,1.06211,1.06222,1.06196,1.06212,0
2023-03-15 05:56:00+00:00,1.06212,1.06243,1.062,1.06235,0
2023-03-15 05:57:00+00:00,1.06234,1.06288,1.06234,1.06256,0
2023-03-15 05:58:00+00:00,1.06256,1.06272,1.06231,1.06272,0
2023-03-15 05:59:00+00:00,1.06273,1.06276,1.0623,1.06269,0
2023-03-15 08:00:00+00:00,1.05562,1.05583,1.05519,1.05566,0
2023-03-15 08:01:00+00:00,1.05566,1.05579,1.05537,1.05543,0
2023-03-15 08:02:00+00:00,1.05542,1.05542,1.05491,1.05521,0
2023-03-15 08:03:00+00:00,1.0552,1.05522,1.05449,1.05463,0
2023-03-15 08:04:00+00:00,1.05464,1.05515,1.05464,1.05505,0
2023-03-15 08:05:00+00:00,1.05504,1.05506,1.05425,1.05447,0
2023-03-15 08:06:00+00:00,1.05447,1.05465,1.05414,1.05417,0
2023-03-15 08:07:00+00:00,1.05418,1.05447,1.05404,1.05429,0
2023-03-15 08:08:00+00:00,1.05428,1.05502,1.05427,1.05467,0
2023-03-15 08:09:00+00:00,1.05468,1.05506,1.05464,1.05504,0
2023-03-15 08:10:00+00:00,1.05504,1.0551,1.0545,1.05452,0
2023-03-15 08:11:00+00:00,1.0545,1.05463,1.05399,1.05457,0
2023-03-15 08:12:00+00:00,1.05459,1.05484,1.05448,1.05464,0
2023-03-15 08:13:00+00:00,1.05463,1.05473,1.05439,1.05447,0
2023-03-15 08:14:00+00:00,1.05446,1.05507,1.05418,1.0548,0
2023-03-15 08:15:00+00:00,1.0548,1.0551,1.05461,1.05471,0
2023-03-15 08:16:00+00:00,1.05471,1.05486,1.05433,1.05451,0
2023-03-15 08:17:00+00:00,1.05451,1.05509,1.05448,1.05487,0
2023-03-15 08:18:00+00:00,1.05488,1.05527,1.05483,1.05525,0
2023-03-15 08:19:00+00:00,1.05526,1.0556,1.05526,1.05541,0
2023-03-15 08:20:00+00:00,1.05541,1.05564,1.05527,1.0554,0
2023-03-15 08:21:00+00:00,1.0554,1.0556,1.05532,1.05553,0
2023-03-15 08:22:00+00:00,1.05557,1.05559,1.05517,1.05525,0
2023-03-15 08:23:00+00:00,1.05523,1.05537,1.05512,1.05512,0
2023-03-15 08:24:00+00:00,1.05509,1.05528,1.05495,1.05502,0
2023-03-15 08:25:00+00:00,1.055,1.05505,1.05458,1.05484,0
2023-03-15 08:26:00+00:00,1.05482,1.05484,1.05373,1.05373,0
2023-03-15 08:27:00+00:00,1.05376,1.05406,1.05342,1.05365,0
2023-03-15 08:28:00+00:00,1.05366,1.05386,1.05309,1.0531,0
2023-03-15 08:29:00+00:00,1.0531,1.05311,1.05222,1.05232,0
2023-03-15 08:30:00+00:00,1.05231,1.05279,1.05227,1.05268,0
2023-03-15 08:31:00+00:00,1.05268,1.05291,1.05242,1.05289,0
2023-03-15 08:32:00+00:00,1.05291,1.0536,1.05279,1.05356,0
2023-03-15 08:33:00+00:00,1.05356,1.05422,1.05354,1.05408,0
2023-03-15 08:34:00+00:00,1.05408,1.05423,1.05373,1.05388,0
2023-03-15 08:35:00+00:00,1.05387,1.05426,1.05369,1.0542,0
2023-03-15 08:36:00+00:00,1.0542,1.05455,1.05418,1.05442,0
2023-03-15 08:37:00+00:00,1.0544,1.05441,1.05401,1.05436,0
2023-03-15 08:38:00+00:00,1.05438,1.05455,1.05423,1.05423,0
2023-03-15 08:39:00+00:00,1.05423,1.05441,1.05358,1.05365,0
2023-03-15 08:40:00+00:00,1.05364,1.05368,1.053,1.05334,0
2023-03-15 08:41:00+00:00,1.05335,1.05389,1.05318,1.05389,0
2023-03-15 08:42:00+00:00,1.0539,1.05443,1.0539,1.05434,0
2023-03-15 08:43:00+00:00,1.05437,1.05441,1.05403,1.05421,0
2023-03-15 08:44:00+00:00,1.0542,1.05454,1.05403,1.05452,0
2023-03-15 08:45:00+00:00,1.05451,1.05487,1.05432,1.05453,0
2023-03-15 08:46:00+00:00,1.05452,1.05452,1.05392,1.05424,0
2023-03-15 08:47:00+00:00,1.05422,1.05459,1.05399,1.05452,0
2023-03-15 08:48:00+00:00,1.05454,1.05498,1.05454,1.05492,0
2023-03-15 08:49:00+00:00,1.05491,1.05504,1.05471,1.05483,0
2023-03-15 08:50:00+00:00,1.05484,1.05497,1.05443,1.05497,0
2023-03-15 08:51:00+00:00,1.05497,1.05513,1.0547,1.05478,0
2023-03-15 08:52:00+00:00,1.05477,1.05477,1.05435,1.05462,0
2023-03-15 08:53:00+00:00,1.05462,1.05488,1.05444,1.05446,0
2023-03-15 08:54:00+00:00,1.05445,1.05535,1.05445,1.05533,0
2023-03-15 08:55:00+00:00,1.05532,1.0554,1.05473,1.05515,0
2023-03-15 08:56:00+00:00,1.05517,1.05524,1.05463,1.0548,0
2023-03-15 08:57:00+00:00,1.05482,1.05484,1.05421,1.05441,0
2023-03-15 08:58:00+00:00,1.0544,1.05469,1.05424,1.05465,0
2023-03-15 08:59:00+00:00,1.05467,1.05474,1.05451,1.05451,0
2023-03-15 10:00:00+00:00,1.05475,1.05504,1.05472,1.05475,0
2023-03-15 10:01:00+00:00,1.05474,1.05487,1.0543,1.05445,0
2023-03-15 10:02:00+00:00,1.05445,1.0545,1.05422,1.05432,0
2023-03-15 10:03:00+00:00,1.05432,1.05437,1.05396,1.05397,0
2023-03-15 10:04:00+00:00,1.05397,1.05405,1.05379,1.05385,0
2023-03-15 10:05:00+00:00,1.05387,1.05389,1.05367,1.05382,0
2023-03-15 10:06:00+00:00,1.05378,1.05408,1.05371,1.05402,0
2023-03-15 10:07:00+00:00,1.05402,1.05435,1.05399,1.05435,0
2023-03-15 10:08:00+00:00,1.05434,1.05454,1.05434,1.05443,0
2023-03-15 10:09:00+00:00,1.05445,1.05465,1.05431,1.05458,0
2023-03-15 10:10:00+00:00,1.05458,1.05467,1.05442,1.05445,0
2023-03-15 10:11:00+00:00,1.05446,1.05452,1.05412,1.05437,0
2023-03-15 10:12:00+00:00,1.05437,1.05451,1.05413,1.05425,0
2023-03-15 10:13:00+00:00,1.05425,1.05443,1.05412,1.05424,0
2023-03-15 10:14:00+00:00,1.05424,1.05432,1.05381,1.05427,0
2023-03-15 10:15:00+00:00,1.05426,1.05464,1.05422,1.05438,0
2023-03-15 10:16:00+00:00,1.05439,1.05484,1.05439,1.05466,0
2023-03-15 10:17:00+00:00,1.05465,1.05488,1.05458,1.05485,0
2023-03-15 10:18:00+00:00,1.05481,1.05481,1.05411,1.0542,0
2023-03-15 10:19:00+00:00,1.0542,1.05444,1.05414,1.05444,0
2023-03-15 10:20:00+00:00,1.05445,1.05457,1.05427,1.05427,0
2023-03-15 10:21:00+00:00,1.05427,1.05446,1.05387,1.05401,0
2023-03-15 10:22:00+00:00,1.05401,1.05425,1.05401,1.05413,0
2023-03-15 10:23:00+00:00,1.05413,1.05425,1.05387,1.05399,0
2023-03-15 10:24:00+00:00,1.05398,1.05401,1.0535,1.05356,0
2023-03-15 10:25:00+00:00,1.05356,1.05367,1.05338,1.05364,0
2023-03-15 10:26:00+00:00,1.05364,1.05372,1.05301,1.05328,0
2023-03-15 10:27:00+00:00,1.05333,1.05379,1.05333,1.05362,0
2023-03-15 10:28:00+00:00,1.05363,1.05366,1.0534,1.05341,0
2023-03-15 10:29:00+00:00,1.05341,1.05343,1.0532,1.05335,0
2023-03-15 10:30:00+00:00,1.05337,1.05349,1.05312,1.05319,0
2023-03-15 10:31:00+00:00,1.0532,1.05337,1.05313,1.05322,0
2023-03-15 10:32:00+00:00,1.05323,1.05323,1.05272,1.05275,0
2023-03-15 10:33:00+00:00,1.05274,1.05281,1.05262,1.05266,0
2023-03-15 10:34:00+00:00,1.05267,1.05275,1.05262,1.05262,0
2023-03-15 10:35:00+00:00,1.05261,1.05261,1.05229,1.0523,0
2023-03-15 10:36:00+00:00,1.0523,1.05232,1.05208,1.05225,0
2023-03-15 10:37:00+00:00,1.05225,1.05248,1.05225,1.05239,0
2023-03-15 10:38:00+00:00,1.05241,1.05242,1.0523,1.05236,0
2023-03-15 10:39:00+00:00,1.05238,1.0525,1.05232,1.05236,0
2023-03-15 10:40:00+00:00,1.05236,1.05236,1.05221,1.05228,0
2023-03-15 10:41:00+00:00,1.05229,1.05266,1.05228,1.05236,0
2023-03-15 10:42:00+00:00,1.05237,1.05262,1.05235,1.05246,0
2023-03-15 10:43:00+00:00,1.05247,1.05256,1.05225,1.05227,0
2023-03-15 10:44:00+00:00,1.05227,1.05227,1.05205,1.05223,0
2023-03-15 10:45:00+00:00,1.05224,1.05235,1.05204,1.05209,0
2023-03-15 10:46:00+00:00,1.0521,1.05247,1.0521,1.05239,0
2023-03-15 10:47:00+00:00,1.05239,1.05267,1.05226,1.05244,0
2023-03-15 10:48:00+00:00,1.05242,1.05242,1.05208,1.05227,0
2023-03-15 10:49:00+00:00,1.05228,1.05273,1.05224,1.05269,0
2023-03-15 10:50:00+00:00,1.0527,1.05288,1.05158,1.05192,0
2023-03-15 10:51:00+00:00,1.05194,1.05248,1.05176,1.05244,0
2023-03-15 10:52:00+00:00,1.05244,1.05266,1.05235,1.05246,0
2023-03-15 10:53:00+00:00,1.05245,1.05269,1.05235,1.0525,0
2023-03-15 10:54:00+00:00,1.05252,1.05284,1.05251,1.05282,0
2023-03-15 10:55:00+00:00,1.05282,1.05282,1.05207,1.05226,0
2023-03-15 10:56:00+00:00,1.05226,1.05257,1.05226,1.05252,0
2023-03-15 10:57:00+00:00,1.05251,1.05296,1.05251,1.05292,0
2023-03-15 10:58:00+00:00,1.05292,1.05328,1.05285,1.05327,0
2023-03-15 10:59:00+00:00,1.05326,1.0534,1.05323,1.05338,0
2023-03-15 12:00:00+00:00,1.0542,1.05444,1.05419,1.05429,0
2023-03-15 12:01:00+00:00,1.05429,1.05464,1.05427,1.05464,0
2023-03-15 12:02:00+00:00,1.05466,1.05478,1.05463,1.05471,0
2023-03-15 12:03:00+00:00,1.05471,1.05492,1.05453,1.05453,0
2023-03-15 12:04:00+00:00,1.05456,1.05478,1.05456,1.05478,0
2023-03-15 12:05:00+00:00,1.05485,1.0558,1.05485,1.05503,0
2023-03-15 12:06:00+00:00,1.05502,1.05542,1.05492,1.05529,0
2023-03-15 12:07:00+00:00,1.05532,1.05534,1.05507,1.05514,0
2023-03-15 12:08:00+00:00,1.05513,1.05528,1.055,1.0551,0
2023-03-15 12:09:00+00:00,1.0551,1.05554,1.05509,1.05533,0
2023-03-15 12:10:00+00:00,1.05532,1.05539,1.05515,1.0552,0
2023-03-15 12:11:00+00:00,1.05522,1.05528,1.05502,1.05508,0
2023-03-15 12:12:00+00:00,1.05506,1.05517,1.05491,1.055,0
2023-03-15 12:13:00+00:00,1.055,1.0552,1.05493,1.0552,0
2023-03-15 12:14:00+00:00,1.05521,1.05542,1.05516,1.05531,0
2023-03-15 12:15:00+00:00,1.0553,1.05554,1.05524,1.05526,0
2023-03-15 12:16:00+00:00,1.05525,1.05557,1.05524,1.05534,0
2023-03-15 12:17:00+00:00,1.05537,1.05542,1.05515,1.05537,0
2023-03-15 12:18:00+00:00,1.05537,1.05546,1.05527,1.05545,0
2023-03-15 12:19:00+00:00,1.05544,1.05553,1.05516,1.05532,0
2023-03-15 12:20:00+00:00,1.05534,1.0555,1.05521,1.05547,0
2023-03-15 12:21:00+00:00,1.05549,1.05557,1.05511,1.05511,0
2023-03-15 12:22:00+00:00,1.05511,1.05512,1.05483,1.05503,0
2023-03-15 12:23:00+00:00,1.05501,1.05556,1.05489,1.05532,0
2023-03-15 12:24:00+00:00,1.0553,1.05545,1.0552,1.05532,0
2023-03-15 12:25:00+00:00,1.05534,1.05554,1.05531,1.0555,0
2023-03-15 12:26:00+00:00,1.05551,1.05585,1.05544,1.0558,0
2023-03-15 12:27:00+00:00,1.0558,1.0558,1.05566,1.0557,0
2023-03-15 12:28:00+00:00,1.0557,1.05597,1.0557,1.05593,0
2023-03-15 12:29:00+00:00,1.05592,1.05594,1.05577,1.05583,0
2023-03-15 12:30:00+00:00,1.05583,1.05587,1.05562,1.05562,0
2023-03-15 12:31:00+00:00,1.05563,1.05581,1.05544,1.05581,0
2023-03-15 12:32:00+00:00,1.05581,1.05583,1.05546,1.05565,0
2023-03-15 12:33:00+00:00,1.05563,1.05589,1.05563,1.05585,0
2023-03-15 12:34:00+00:00,1.05586,1.05626,1.05584,1.05605,0
2023-03-15 12:35:00+00:00,1.05606,1.05619,1.05586,1.0559,0
2023-03-15 12:36:00+00:00,1.0559,1.056,1.0558,1.05599,0
2023-03-15 12:37:00+00:00,1.05601,1.05614,1.05581,1.05584,0
2023-03-15 12:38:00+00:00,1.05583,1.05592,1.05562,1.05564,0
2023-03-15 12:39:00+00:00,1.05564,1.05569,1.0555,1.05554,0
2023-03-15 12:40:00+00:00,1.05553,1.05569,1.05544,1.05566,0
2023-03-15 12:41:00+00:00,1.05564,1.05565,1.05539,1.05548,0
2023-03-15 12:42:00+00:00,1.05548,1.05559,1.05536,1.05546,0
2023-03-15 12:43:00+00:00,1.05546,1.05547,1.05532,1.05533,0
2023-03-15 12:44:00+00:00,1.05534,1.05542,1.05519,1.05522,0
2023-03-15 12:45:00+00:00,1.05523,1.05544,1.05509,1.05537,0
2023-03-15 12:46:00+00:00,1.05538,1.0554,1.05516,1.05518,0
2023-03-15 12:47:00+00:00,1.05517,1.05539,1.05517,1.05537,0
2023-03-15 12:48:00+00:00,1.05538,1.0555,1.05522,1.05534,0
2023-03-15 12:49:00+00:00,1.05533,1.05553,1.05525,1.05538,0
2023-03-15 12:50:00+00:00,1.05537,1.0554,1.05523,1.05533,0
2023-03-15 12:51:00+00:00,1.05534,1.05545,1.05527,1.05527,0
2023-03-15 12:52:00+00:00,1.05527,1.05541,1.0552,1.05521,0
2023-03-15 12:53:00+00:00,1.05521,1.05523,1.05515,1.05518,0
2023-03-15 12:54:00+00:00,1.0552,1.05546,1.05513,1.05543,0
2023-03-15 12:55:00+00:00,1.05542,1.05548,1.0552,1.05546,0
2023-03-15 12:56:00+00:00,1.05544,1.05554,1.05526,1.0555,0
2023-03-15 12:57:00+00:00,1.05553,1.05583,1.05542,1.05567,0
2023-03-15 12:58:00+00:00,1.05566,1.05571,1.0554,1.05543,0
2023-03-15 12:59:00+00:00,1.05542,1.05571,1.05539,1.05566,0
2023-03-15 14:00:00+00:00,1.05854,1.05875,1.05853,1.05869,0
2023-03-15 14:01:00+00:00,1.05874,1.05899,1.0587,1.05892,0
2023-03-15 14:02:00+00:00,1.05895,1.05909,1.05891,1.059,0
2023-03-15 14:03:00+00:00,1.05899,1.05917,1.05887,1.05914,0
2023-03-15 14:04:00+00:00,1.05913,1.05923,1.05902,1.05919,0
2023-03-15 14:05:00+00:00,1.05917,1.05923,1.05886,1.05887,0
2023-03-15 14:06:00+00:00,1.05889,1.05908,1.05866,1.05902,0
2023-03-15 14:07:00+00:00,1.05902,1.05921,1.05891,1.05906,0
2023-03-15 14:08:00+00:00,1.0591,1.05915,1.05891,1.05902,0
2023-03-15 14:09:00+00:00,1.05902,1.05902,1.05822,1.05848,0
2023-03-15 14:10:00+00:00,1.05846,1.05878,1.05747,1.05841,0
2023-03-15 14:11:00+00:00,1.05841,1.05851,1.05784,1.05836,0
2023-03-15 14:12:00+00:00,1.05835,1.05879,1.0581,1.05811,0
2023-03-15 14:13:00+00:00,1.05813,1.05829,1.05801,1.05815,0
2023-03-15 14:14:00+00:00,1.05817,1.05835,1.0578,1.05824,0
2023-03-15 14:15:00+00:00,1.05822,1.05858,1.0582,1.05856,0
2023-03-15 14:16:00+00:00,1.05856,1.05859,1.05833,1.0585,0
2023-03-15 14:17:00+00:00,1.0585,1.05878,1.05839,1.05847,0
2023-03-15 14:18:00+00:00,1.05845,1.05849,1.05814,1.05824,0
2023-03-15 14:19:00+00:00,1.05824,1.05827,1.058,1.05812,0
2023-03-15 14:20:00+00:00,1.0581,1.05811,1.05782,1.0581,0
2023-03-15 14:21:00+00:00,1.0581,1.05867,1.05767,1.05838,0
2023-03-15 14:22:00+00:00,1.05839,1.05847,1.05791,1.05833,0
2023-03-15 14:23:00+00:00,1.05837,1.05845,1.05823,1.05833,0
2023-03-15 14:24:00+00:00,1.05832,1.05854,1.05821,1.05822,0
2023-03-15 14:25:00+00:00,1.05822,1.05853,1.0581,1.0584,0
2023-03-15 14:26:00+00:00,1.05842,1.05873,1.05836,1.05871,0
2023-03-15 14:27:00+00:00,1.05872,1.05885,1.05851,1.05873,0
2023-03-15 14:28:00+00:00,1.05874,1.05883,1.05845,1.0586,0
2023-03-15 14:29:00+00:00,1.0586,1.05865,1.05841,1.05861,0
2023-03-15 14:30:00+00:00,1.05862,1.05876,1.05841,1.05867,0
2023-03-15 14:31:00+00:00,1.05864,1.05871,1.05856,1.05858,0
2023-03-15 14:32:00+00:00,1.05859,1.05879,1.05853,1.05855,0
2023-03-15 14:33:00+00:00,1.05855,1.05866,1.05851,1.05851,0
2023-03-15 14:34:00+00:00,1.0585,1.05862,1.05836,1.05847,0
2023-03-15 14:35:00+00:00,1.05844,1.05867,1.05837,1.05861,0
2023-03-15 14:36:00+00:00,1.05862,1.05865,1.05844,1.05856,0
2023-03-15 14:37:00+00:00,1.05857,1.05861,1.05848,1.05849,0
2023-03-15 14:38:00+00:00,1.0585,1.05857,1.05848,1.0585,0
2023-03-15 14:39:00+00:00,1.0585,1.05851,1.05813,1.05818,0
2023-03-15 14:40:00+00:00,1.05818,1.05824,1.058,1.05823,0
2023-03-15 14:41:00+00:00,1.05824,1.05831,1.05804,1.05806,0
2023-03-15 14:42:00+00:00,1.05807,1.05807,1.05764,1.05784,0
2023-03-15 14:43:00+00:00,1.05786,1.05788,1.0576,1.05781,0
2023-03-15 14:44:00+00:00,1.05781,1.05799,1.05773,1.05795,0
2023-03-15 14:45:00+00:00,1.05794,1.05798,1.05772,1.05794,0
2023-03-15 14:46:00+00:00,1.05796,1.05814,1.0577,1.05784,0
2023-03-15 14:47:00+00:00,1.05782,1.05805,1.05771,1.05773,0
2023-03-15 14:48:00+00:00,1.05775,1.05797,1.05768,1.05785,0
2023-03-15 14:49:00+00:00,1.05786,1.05792,1.05766,1.05777,0
2023-03-15 14:50:00+00:00,1.05776,1.05784,1.05746,1.05757,0
2023-03-15 14:51:00+00:00,1.05757,1.05761,1.05747,1.05752,0
2023-03-15 14:52:00+00:00,1.05752,1.05769,1.05747,1.05764,0
2023-03-15 14:53:00+00:00,1.05766,1.05767,1.05752,1.05767,0
2023-03-15 14:54:00+00:00,1.05767,1.05782,1.0576,1.0576,0
2023-03-15 14:55:00+00:00,1.05762,1.05775,1.05746,1.05772,0
2023-03-15 14:56:00+00:00,1.05771,1.05785,1.05755,1.05781,0
2023-03-15 14:57:00+00:00,1.05782,1.05791,1.05758,1.05761,0
2023-03-15 14:58:00+00:00,1.05761,1.05776,1.05756,1.05775,0
2023-03-15 14:59:00+00:00,1.05774,1.05801,1.05774,1.05801,0
2023-03-15 16:00:00+00:00,1.0577,1.0577,1.05757,1.05757,0
2023-03-15 16:01:00+00:00,1.05757,1.05763,1.05757,1.05763,0
2023-03-15 16:03:00+00:00,1.05763,1.05763,1.05763,1.05763,0
2023-03-15 16:04:00+00:00,1.05767,1.05767,1.05767,1.05767,0
2023-03-15 16:05:00+00:00,1.05767,1.05767,1.05767,1.05767,0
2023-03-15 16:06:00+00:00,1.05767,1.05767,1.05767,1.05767,0
2023-03-15 16:09:00+00:00,1.05771,1.05779,1.05771,1.05774,0
2023-03-15 16:10:00+00:00,1.05774,1.05775,1.0577,1.05772,0
2023-03-15 16:11:00+00:00,1.0577,1.0577,1.05769,1.05769,0
2023-03-15 16:12:00+00:00,1.05768,1.05768,1.05768,1.05768,0
2023-03-15 16:13:00+00:00,1.05768,1.05768,1.05768,1.05768,0
2023-03-15 16:14:00+00:00,1.05768,1.05768,1.05768,1.05768,0
2023-03-15 16:15:00+00:00,1.05765,1.05768,1.05764,1.05768,0
2023-03-15 16:30:00+00:00,1.05769,1.05769,1.05769,1.05769,0
2023-03-15 16:31:00+00:00,1.05769,1.05769,1.05769,1.05769,0
2023-03-15 16:32:00+00:00,1.05769,1.05769,1.05769,1.05769,0
2023-03-15 16:33:00+00:00,1.05769,1.05769,1.05769,1.05769,0
2023-03-15 16:35:00+00:00,1.05769,1.05769,1.05769,1.05769,0
2023-03-15 16:36:00+00:00,1.05769,1.05769,1.05769,1.05769,0
2023-03-15 16:37:00+00:00,1.05769,1.05769,1.05769,1.05769,0
2023-03-15 16:40:00+00:00,1.05767,1.05767,1.05767,1.05767,0
2023-03-15 16:41:00+00:00,1.05767,1.05767,1.05767,1.05767,0
2023-03-15 16:48:00+00:00,1.05771,1.05771,1.05767,1.05767,0
2023-03-15 16:56:00+00:00,1.0575,1.05753,1.0575,1.05751,0
2023-03-15 16:57:00+00:00,1.05753,1.05761,1.0575,1.05754,0
2023-03-15 16:58:00+00:00,1.05758,1.0576,1.05752,1.05755,0
2023-03-15 16:59:00+00:00,1.05754,1.05768,1.0575,1.05766,0
2023-03-15 17:00:00+00:00,1.0578,1.05795,1.0578,1.05786,0
2023-03-15 17:01:00+00:00,1.05787,1.05787,1.05771,1.05786,0
2023-03-15 17:02:00+00:00,1.05792,1.05792,1.05782,1.05789,0
2023-03-15 17:03:00+00:00,1.05789,1.05796,1.05761,1.05766,0
2023-03-15 17:04:00+00:00,1.05768,1.05769,1.05763,1.05766,0
2023-03-15 17:05:00+00:00,1.05767,1.05768,1.05756,1.05765,0
2023-03-15 17:06:00+00:00,1.05765,1.05767,1.05765,1.05766,0
2023-03-15 17:07:00+00:00,1.05767,1.05767,1.05747,1.05747,0
2023-03-15 17:08:00+00:00,1.05748,1.05748,1.05742,1.05742,0
2023-03-15 17:09:00+00:00,1.05742,1.05749,1.05741,1.05741,0
2023-03-15 17:10:00+00:00,1.05739,1.05767,1.05739,1.05767,0
2023-03-15 17:11:00+00:00,1.05767,1.05791,1.05759,1.05789,0
2023-03-15 17:12:00+00:00,1.05789,1.05791,1.05785,1.05786,0
2023-03-15 17:13:00+00:00,1.05786,1.05791,1.05782,1.05791,0
2023-03-15 17:14:00+00:00,1.05791,1.05798,1.05789,1.0579,0
2023-03-15 17:15:00+00:00,1.05791,1.05791,1.05775,1.05778,0
2023-03-15 17:16:00+00:00,1.05777,1.05796,1.05776,1.05786,0
2023-03-15 17:17:00+00:00,1.05785,1.05804,1.05785,1.0579,0
2023-03-15 17:18:00+00:00,1.05793,1.05795,1.0579,1.05795,0
2023-03-15 17:19:00+00:00,1.05795,1.05801,1.05791,1.05796,0
2023-03-15 17:20:00+00:00,1.05796,1.05797,1.05791,1.05796,0
2023-03-15 17:21:00+00:00,1.05796,1.05807,1.05796,1.058,0
2023-03-15 17:22:00+00:00,1.058,1.05805,1.05799,1.05802,0
2023-03-15 17:23:00+00:00,1.05803,1.05814,1.05803,1.05806,0
2023-03-15 17:24:00+00:00,1.05806,1.05806,1.05801,1.05801,0
2023-03-15 17:25:00+00:00,1.05801,1.05803,1.05791,1.05791,0
2023-03-15 17:26:00+00:00,1.05787,1.05791,1.05776,1.05777,0
2023-03-15 17:27:00+00:00,1.05776,1.05778,1.05772,1.05775,0
2023-03-15 17:28:00+00:00,1.05775,1.05782,1.05771,1.05774,0
2023-03-15 17:29:00+00:00,1.05774,1.05785,1.05771,1.0578,0
2023-03-15 17:30:00+00:00,1.0578,1.05793,1.0578,1.05785,0
2023-03-15 17:31:00+00:00,1.05786,1.05789,1.05781,1.05782,0
2023-03-15 17:32:00+00:00,1.05781,1.0579,1.0578,1.05787,0
2023-03-15 17:33:00+00:00,1.05786,1.05793,1.05786,1.05791,0
2023-03-15 17:34:00+00:00,1.05792,1.05796,1.05786,1.05787,0
2023-03-15 17:35:00+00:00,1.05788,1.05793,1.05785,1.0579,0
2023-03-15 17:36:00+00:00,1.05791,1.05801,1.0579,1.0579,0
2023-03-15 17:37:00+00:00,1.0579,1.05794,1.05786,1.05787,0
2023-03-15 17:38:00+00:00,1.05789,1.05794,1.05785,1.05794,0
2023-03-15 17:39:00+00:00,1.05794,1.05799,1.0579,1.05794,0
2023-03-15 17:40:00+00:00,1.05795,1.05801,1.05792,1.05801,0
2023-03-15 17:41:00+00:00,1.058,1.05802,1.05799,1.05801,0
2023-03-15 17:42:00+00:00,1.05801,1.05816,1.05793,1.05798,0
2023-03-15 17:43:00+00:00,1.05799,1.05803,1.05798,1.05799,0
2023-03-15 17:44:00+00:00,1.05799,1.058,1.05796,1.05799,0
2023-03-15 17:45:00+00:00,1.05798,1.05801,1.05788,1.05794,0
2023-03-15 17:46:00+00:00,1.05793,1.05793,1.05784,1.05785,0
2023-03-15 17:47:00+00:00,1.05786,1.05797,1.05786,1.05797,0
2023-03-15 17:48:00+00:00,1.05797,1.05797,1.05791,1.05791,0
2023-03-15 17:49:00+00:00,1.05789,1.05789,1.05779,1.0578,0
2023-03-15 17:50:00+00:00,1.0578,1.05781,1.05775,1.0578,0
2023-03-15 17:51:00+00:00,1.05779,1.05781,1.05778,1.05779,0
2023-03-15 17:52:00+00:00,1.05779,1.05786,1.05779,1.05785,0
2023-03-15 17:53:00+00:00,1.05785,1.05796,1.0578,1.05784,0
2023-03-15 17:54:00+00:00,1.05783,1.05783,1.05782,1.05783,0
2023-03-15 17:55:00+00:00,1.05784,1.05784,1.05778,1.05778,0
2023-03-15 17:56:00+00:00,1.05783,1.05783,1.05778,1.05778,0
2023-03-15 17:57:00+00:00,1.05776,1.05776,1.05771,1.05771,0
2023-03-15 17:58:00+00:00,1.05771,1.05782,1.0577,1.0578,0
2023-03-15 17:59:00+00:00,1.05781,1.05785,1.0578,1.0578,0
2023-03-15 19:00:00+00:00,1.05814,1.05815,1.05771,1.05772,0
2023-03-15 19:01:00+00:00,1.05773,1.05773,1.05742,1.05753,0
2023-03-15 19:02:00+00:00,1.05755,1.05768,1.05729,1.05768,0
2023-03-15 19:03:00+00:00,1.05768,1.05789,1.05763,1.05789,0
2023-03-15 19:04:00+00:00,1.05789,1.05791,1.05766,1.05788,0
2023-03-15 19:05:00+00:00,1.05789,1.05815,1.05788,1.05809,0
2023-03-15 19:06:00+00:00,1.0581,1.0582,1.05803,1.0582,0
2023-03-15 19:07:00+00:00,1.05822,1.05823,1.05812,1.05822,0
2023-03-15 19:08:00+00:00,1.05821,1.05822,1.05812,1.05817,0
2023-03-15 19:09:00+00:00,1.05819,1.05824,1.05813,1.05814,0
2023-03-15 19:10:00+00:00,1.05812,1.05812,1.05793,1.05803,0
2023-03-15 19:11:00+00:00,1.05805,1.05807,1.05783,1.05783,0
2023-03-15 19:12:00+00:00,1.05785,1.05791,1.05778,1.05782,0
2023-03-15 19:13:00+00:00,1.05783,1.05786,1.05764,1.05769,0
2023-03-15 19:14:00+00:00,1.05769,1.05779,1.05759,1.05778,0
2023-03-15 19:15:00+00:00,1.05779,1.05842,1.05777,1.05818,0
2023-03-15 19:16:00+00:00,1.05819,1.05819,1.05782,1.05812,0
2023-03-15 19:17:00+00:00,1.05811,1.05819,1.05809,1.05816,0
2023-03-15 19:18:00+00:00,1.05817,1.05831,1.05808,1.05812,0
2023-03-15 19:19:00+00:00,1.05812,1.0582,1.058,1.058,0
2023-03-15 19:20:00+00:00,1.05803,1.0583,1.05803,1.05816,0
2023-03-15 19:21:00+00:00,1.05819,1.0582,1.05781,1.05797,0
2023-03-15 19:22:00+00:00,1.05797,1.0581,1.05792,1.0581,0
2023-03-15 19:23:00+00:00,1.05813,1.05816,1.05768,1.05768,0
2023-03-15 19:24:00+00:00,1.05769,1.05791,1.05753,1.05791,0
2023-03-15 19:25:00+00:00,1.05791,1.05798,1.05773,1.05773,0
2023-03-15 19:26:00+00:00,1.05772,1.05774,1.05762,1.05766,0
2023-03-15 19:27:00+00:00,1.05767,1.05776,1.05767,1.05776,0
2023-03-15 19:28:00+00:00,1.05776,1.05783,1.05776,1.05782,0
2023-03-15 19:29:00+00:00,1.05784,1.05834,1.05784,1.05811,0
2023-03-15 19:30:00+00:00,1.05811,1.05821,1.05795,1.05821,0
2023-03-15 19:31:00+00:00,1.0582,1.05825,1.05805,1.05821,0
2023-03-15 19:32:00+00:00,1.05823,1.05831,1.05816,1.05822,0
2023-03-15 19:33:00+00:00,1.05821,1.05831,1.05811,1.05818,0
2023-03-15 19:34:00+00:00,1.05817,1.0582,1.05799,1.0581,0
2023-03-15 19:35:00+00:00,1.0581,1.05821,1.05808,1.05813,0
2023-03-15 19:36:00+00:00,1.05815,1.05826,1.05809,1.05824,0
2023-03-15 19:37:00+00:00,1.05823,1.05834,1.05816,1.05833,0
2023-03-15 19:38:00+00:00,1.05832,1.05842,1.05832,1.05833,0
2023-03-15 19:39:00+00:00,1.05834,1.05834,1.05817,1.05822,0
2023-03-15 19:40:00+00:00,1.05821,1.05834,1.05818,1.05833,0
2023-03-15 19:41:00+00:00,1.05834,1.05837,1.05802,1.05803,0
2023-03-15 19:42:00+00:00,1.05805,1.05819,1.05796,1.05817,0
2023-03-15 19:43:00+00:00,1.05817,1.05829,1.05817,1.05828,0
2023-03-15 19:44:00+00:00,1.05828,1.05835,1.05828,1.0583,0
2023-03-15 19:45:00+00:00,1.05829,1.05829,1.05818,1.0582,0
2023-03-15 19:46:00+00:00,1.0582,1.05856,1.0582,1.05855,0
2023-03-15 19:47:00+00:00,1.05856,1.05909,1.05843,1.05903,0
2023-03-15 19:48:00+00:00,1.05901,1.05932,1.05884,1.05893,0
2023-03-15 19:49:00+00:00,1.05894,1.05914,1.05869,1.05873,0
2023-03-15 19:50:00+00:00,1.05873,1.05939,1.05859,1.05929,0
2023-03-15 19:51:00+00:00,1.05929,1.05936,1.05902,1.05927,0
2023-03-15 19:52:00+00:00,1.05925,1.05956,1.05913,1.05937,0
2023-03-15 19:53:00+00:00,1.05935,1.05971,1.05935,1.05969,0
2023-03-15 19:54:00+00:00,1.05968,1.05982,1.05936,1.05948,0
2023-03-15 19:55:00+00:00,1.05955,1.05964,1.05941,1.05948,0
2023-03-15 19:56:00+00:00,1.05948,1.0595,1.05933,1.05943,0
2023-03-15 19:57:00+00:00,1.05943,1.05943,1.05911,1.05911,0
2023-03-15 19:58:00+00:00,1.05912,1.05917,1.05874,1.05883,0
2023-03-15 19:59:00+00:00,1.05884,1.05896,1.05865,1.05895,0
2023-03-15 20:00:00+00:00,1.05895,1.05923,1.05878,1.05919,0
2023-03-15 20:01:00+00:00,1.05917,1.05939,1.05892,1.05926,0
2023-03-15 20:02:00+00:00,1.05925,1.05944,1.0592,1.05937,0
2023-03-15 20:03:00+00:00,1.05936,1.05946,1.05907,1.05911,0
2023-03-15 20:04:00+00:00,1.05912,1.05924,1.05912,1.05916,0
2023-03-15 20:05:00+00:00,1.05915,1.0592,1.05891,1.05913,0
2023-03-15 20:06:00+00:00,1.05916,1.05922,1.05896,1.05922,0
2023-03-15 20:07:00+00:00,1.05921,1.05935,1.05917,1.05933,0
2023-03-15 20:08:00+00:00,1.05933,1.05991,1.05933,1.05986,0
2023-03-15 20:09:00+00:00,1.05987,1.05987,1.05957,1.05958,0
2023-03-15 20:10:00+00:00,1.05957,1.05957,1.05896,1.0591,0
2023-03-15 20:11:00+00:00,1.05909,1.05921,1.05895,1.05921,0
2023-03-15 20:12:00+00:00,1.05924,1.05935,1.05891,1.0591,0
2023-03-15 20:13:00+00:00,1.05908,1.05921,1.05904,1.05917,0
2023-03-15 20:14:00+00:00,1.05918,1.05932,1.0591,1.05922,0
2023-03-15 20:15:00+00:00,1.05922,1.05947,1.05917,1.05936,0
2023-03-15 20:16:00+00:00,1.05935,1.05941,1.05922,1.05923,0
2023-03-15 20:17:00+00:00,1.05923,1.05923,1.05889,1.05905,0
2023-03-15 20:18:00+00:00,1.05909,1.05947,1.05906,1.05926,0
2023-03-15 20:19:00+00:00,1.05928,1.05935,1.05889,1.05901,0
2023-03-15 20:20:00+00:00,1.05901,1.05905,1.05884,1.0589,0
2023-03-15 20:21:00+00:00,1.05888,1.05917,1.05887,1.05917,0
2023-03-15 20:22:00+00:00,1.05917,1.05932,1.0591,1.05929,0
2023-03-15 20:23:00+00:00,1.05929,1.05936,1.05924,1.05934,0
2023-03-15 20:24:00+00:00,1.05934,1.05937,1.05904,1.05908,0
2023-03-15 20:25:00+00:00,1.05909,1.05917,1.05895,1.05896,0
2023-03-15 20:26:00+00:00,1.05894,1.0592,1.05889,1.05918,0
2023-03-15 20:27:00+00:00,1.05917,1.05918,1.05905,1.05911,0
2023-03-15 20:28:00+00:00,1.05911,1.05919,1.05902,1.05902,0
2023-03-15 20:29:00+00:00,1.05902,1.05904,1.05897,1.059,0
2023-03-15 20:30:00+00:00,1.059,1.05914,1.05893,1.0591,0
2023-03-15 20:31:00+00:00,1.05909,1.05917,1.05902,1.05909,0
2023-03-15 20:32:00+00:00,1.05907,1.05908,1.05862,1.05881,0
2023-03-15 20:33:00+00:00,1.05881,1.05886,1.05861,1.05868,0
2023-03-15 20:34:00+00:00,1.05867,1.05874,1.05861,1.05867,0
2023-03-15 20:35:00+00:00,1.05867,1.0589,1.05864,1.05885,0
2023-03-15 20:36:00+00:00,1.05885,1.05915,1.0588,1.05915,0
2023-03-15 20:37:00+00:00,1.05915,1.05927,1.05905,1.05926,0
2023-03-15 20:38:00+00:00,1.05928,1.05931,1.05914,1.05921,0
2023-03-15 20:39:00+00:00,1.05922,1.05946,1.05921,1.05936,0
2023-03-15 20:40:00+00:00,1.05937,1.05945,1.05926,1.05942,0
2023-03-15 20:41:00+00:00,1.05944,1.05947,1.05913,1.05928,0
2023-03-15 20:42:00+00:00,1.05929,1.05939,1.05913,1.05918,0
2023-03-15 20:43:00+00:00,1.05918,1.05922,1.05899,1.05901,0
2023-03-15 20:44:00+00:00,1.059,1.05902,1.05888,1.05894,0
2023-03-15 20:45:00+00:00,1.05895,1.05919,1.05895,1.05913,0
2023-03-15 20:46:00+00:00,1.05913,1.0593,1.05907,1.0593,0
2023-03-15 20:47:00+00:00,1.05931,1.05942,1.05931,1.05939,0
2023-03-15 20:48:00+00:00,1.05938,1.0595,1.05936,1.05937,0
2023-03-15 20:49:00+00:00,1.05935,1.05951,1.05933,1.05941,0
2023-03-15 20:50:00+00:00,1.05941,1.05967,1.05939,1.05964,0
2023-03-15 20:51:00+00:00,1.05961,1.05963,1.05942,1.05955,0
2023-03-15 20:52:00+00:00,1.05957,1.05958,1.05945,1.0595,0
2023-03-15 20:53:00+00:00,1.0595,1.0595,1.05938,1.0594,0
2023-03-15 20:54:00+00:00,1.0594,1.05943,1.05935,1.05939,0
2023-03-15 20:55:00+00:00,1.05938,1.05943,1.05924,1.05926,0
2023-03-15 20:56:00+00:00,1.05926,1.05932,1.05911,1.05911,0
2023-03-15 20:57:00+00:00,1.0591,1.05934,1.0591,1.05927,0
2023-03-15 20:58:00+00:00,1.05927,1.05929,1.05924,1.05924,0
2023-03-15 20:59:00+00:00,1.05925,1.05939,1.05925,1.05936,0
2023-03-15 21:00:00+00:00,1.05937,1.05938,1.05931,1.05933,0
2023-03-15 21:01:00+00:00,1.05934,1.05938,1.0593,1.05934,0
2023-03-15 21:02:00+00:00,1.05934,1.05937,1.05907,1.05908,0
2023-03-15 21:03:00+00:00,1.05907,1.05913,1.05896,1.05897,0
2023-03-15 21:04:00+00:00,1.05896,1.05902,1.05896,1.059,0
2023-03-15 21:05:00+00:00,1.05901,1.05913,1.05899,1.05912,0
2023-03-15 21:06:00+00:00,1.05912,1.05943,1.05911,1.05941,0
2023-03-15 21:07:00+00:00,1.05941,1.05951,1.0594,1.05949,0
2023-03-15 21:08:00+00:00,1.0595,1.05967,1.05949,1.05961,0
2023-03-15 21:09:00+00:00,1.05962,1.05962,1.05949,1.05952,0
2023-03-15 21:10:00+00:00,1.05954,1.05959,1.05944,1.0595,0
2023-03-15 21:11:00+00:00,1.0595,1.0595,1.05923,1.05927,0
2023-03-15 21:12:00+00:00,1.05925,1.05928,1.05901,1.05908,0
2023-03-15 21:13:00+00:00,1.05908,1.05914,1.05902,1.05902,0
2023-03-15 21:14:00+00:00,1.05902,1.05919,1.05888,1.05888,0
2023-03-15 21:15:00+00:00,1.05887,1.05907,1.05887,1.05905,0
2023-03-15 21:16:00+00:00,1.05904,1.05929,1.05904,1.05928,0
2023-03-15 21:17:00+00:00,1.05928,1.05931,1.05924,1.05924,0
2023-03-15 21:18:00+00:00,1.05924,1.05929,1.05923,1.05929,0
2023-03-15 21:19:00+00:00,1.05929,1.05932,1.05925,1.05929,0
2023-03-15 21:20:00+00:00,1.05931,1.05941,1.05927,1.05928,0
2023-03-15 21:21:00+00:00,1.05927,1.05928,1.05915,1.05922,0
2023-03-15 21:22:00+00:00,1.05922,1.05931,1.05919,1.05923,0
2023-03-15 21:23:00+00:00,1.05924,1.05924,1.05909,1.05915,0
2023-03-15 21:24:00+00:00,1.05914,1.05915,1.05885,1.05899,0
2023-03-15 21:25:00+00:00,1.05901,1.05901,1.05886,1.05889,0
2023-03-15 21:26:00+00:00,1.05889,1.05892,1.0588,1.0588,0
2023-03-15 21:27:00+00:00,1.0588,1.05884,1.05873,1.05883,0
2023-03-15 21:28:00+00:00,1.05884,1.05906,1.05884,1.05901,0
2023-03-15 21:29:00+00:00,1.059,1.0591,1.05896,1.05906,0
2023-03-15 21:30:00+00:00,1.05904,1.05927,1.05902,1.05906,0
2023-03-15 21:31:00+00:00,1.05906,1.05906,1.05878,1.05884,0
2023-03-15 21:32:00+00:00,1.05885,1.05898,1.05884,1.05896,0
2023-03-15 21:33:00+00:00,1.05896,1.05921,1.05893,1.05905,0
2023-03-15 21:34:00+00:00,1.05908,1.0591,1.05901,1.05902,0
2023-03-15 21:35:00+00:00,1.05901,1.05912,1.05901,1.05909,0
2023-03-15 21:36:00+00:00,1.05909,1.05926,1.05906,1.05923,0
2023-03-15 21:37:00+00:00,1.05924,1.0593,1.05918,1.05925,0
2023-03-15 21:38:00+00:00,1.05925,1.05944,1.05918,1.05944,0
2023-03-15 21:39:00+00:00,1.05944,1.0595,1.05936,1.05941,0
2023-03-15 21:40:00+00:00,1.05941,1.05945,1.05922,1.05937,0
2023-03-15 21:41:00+00:00,1.05935,1.05938,1.05916,1.05916,0
2023-03-15 21:42:00+00:00,1.05917,1.05922,1.05905,1.05907,0
2023-03-15 21:43:00+00:00,1.05907,1.0592,1.05902,1.05918,0
2023-03-15 21:44:00+00:00,1.05917,1.05936,1.05916,1.05922,0
2023-03-15 21:45:00+00:00,1.05922,1.05923,1.05901,1.05905,0
2023-03-15 21:46:00+00:00,1.05904,1.0591,1.05901,1.05906,0
2023-03-15 21:47:00+00:00,1.05907,1.05924,1.05902,1.05921,0
2023-03-15 21:48:00+00:00,1.05922,1.05929,1.05922,1.05929,0
2023-03-15 21:49:00+00:00,1.05926,1.05927,1.05908,1.05911,0
2023-03-15 21:50:00+00:00,1.05911,1.05917,1.05907,1.05908,0
2023-03-15 21:51:00+00:00,1.05908,1.0591,1.05902,1.05904,0
2023-03-15 21:52:00+00:00,1.05905,1.05905,1.05899,1.05902,0
2023-03-15 21:53:00+00:00,1.05902,1.05922,1.059,1.05922,0
2023-03-15 21:54:00+00:00,1.05925,1.05938,1.05923,1.05929,0
2023-03-15 21:55:00+00:00,1.05929,1.05933,1.05924,1.05928,0
2023-03-15 21:56:00+00:00,1.05927,1.05933,1.0592,1.05933,0
2023-03-15 21:57:00+00:00,1.05932,1.05935,1.05921,1.05924,0
2023-03-15 21:58:00+00:00,1.05923,1.05925,1.05908,1.05915,0
2023-03-15 21:59:00+00:00,1.05914,1.05929,1.05913,1.05923,0
2023-03-15 22:00:00+00:00,1.05922,1.05924,1.0591,1.05913,0
2023-03-15 22:01:00+00:00,1.05913,1.05914,1.05901,1.05909,0
2023-03-15 22:02:00+00:00,1.0591,1.0591,1.059,1.05909,0
2023-03-15 22:03:00+00:00,1.05909,1.05918,1.05906,1.05913,0
2023-03-15 22:04:00+00:00,1.05914,1.05915,1.05907,1.05913,0
2023-03-15 22:05:00+00:00,1.05912,1.05919,1.05898,1.05902,0
2023-03-15 22:06:00+00:00,1.05902,1.05909,1.05899,1.05904,0
2023-03-15 22:07:00+00:00,1.05905,1.0592,1.05905,1.05919,0
2023-03-15 22:08:00+00:00,1.05916,1.0592,1.05911,1.05911,0
2023-03-15 22:09:00+00:00,1.05911,1.05913,1.05903,1.05903,0
2023-03-15 22:10:00+00:00,1.05903,1.05913,1.05903,1.05913,0
2023-03-15 22:11:00+00:00,1.05912,1.0592,1.05907,1.05909,0
2023-03-15 22:12:00+00:00,1.05908,1.05912,1.05908,1.05911,0
2023-03-15 22:13:00+00:00,1.05913,1.05913,1.05898,1.05898,0
2023-03-15 22:14:00+00:00,1.059,1.05903,1.05898,1.05901,0
2023-03-15 22:15:00+00:00,1.05901,1.05903,1.05898,1.05901,0
2023-03-15 22:16:00+00:00,1.05903,1.05912,1.05902,1.0591,0
2023-03-15 22:17:00+00:00,1.05913,1.05915,1.05909,1.05914,0
2023-03-15 22:18:00+00:00,1.05915,1.05919,1.05911,1.05912,0
2023-03-15 22:19:00+00:00,1.05913,1.05916,1.05904,1.05907,0
2023-03-15 22:20:00+00:00,1.05906,1.05923,1.05905,1.05921,0
2023-03-15 22:21:00+00:00,1.05922,1.05932,1.05921,1.05926,0
2023-03-15 22:22:00+00:00,1.05926,1.05934,1.05925,1.05932,0
2023-03-15 22:23:00+00:00,1.05934,1.05946,1.05932,1.05945,0
2023-03-15 22:24:00+00:00,1.05944,1.05952,1.05939,1.05944,0
2023-03-15 22:25:00+00:00,1.05943,1.05949,1.0594,1.05949,0
2023-03-15 22:26:00+00:00,1.05948,1.05965,1.05945,1.05957,0
2023-03-15 22:27:00+00:00,1.05956,1.05959,1.05948,1.05951,0
2023-03-15 22:28:00+00:00,1.0595,1.05957,1.05949,1.0595,0
2023-03-15 22:29:00+00:00,1.05949,1.05969,1.05949,1.05966,0
2023-03-15 22:30:00+00:00,1.05968,1.05971,1.05956,1.05968,0
2023-03-15 22:31:00+00:00,1.05967,1.05969,1.05961,1.05965,0
2023-03-15 22:32:00+00:00,1.05964,1.05973,1.05955,1.05973,0
2023-03-15 22:33:00+00:00,1.05975,1.05975,1.05966,1.05966,0
2023-03-15 22:34:00+00:00,1.05968,1.05976,1.05957,1.05959,0
2023-03-15 22:35:00+00:00,1.05959,1.05959,1.05948,1.05951,0
2023-03-15 22:36:00+00:00,1.05952,1.05959,1.05941,1.05943,0
2023-03-15 22:37:00+00:00,1.05943,1.05949,1.05939,1.05944,0
2023-03-15 22:38:00+00:00,1.05944,1.05949,1.05942,1.05943,0
2023-03-15 22:39:00+00:00,1.05943,1.0596,1.05943,1.05952,0
2023-03-15 22:40:00+00:00,1.05952,1.05957,1.05947,1.05949,0
2023-03-15 22:41:00+00:00,1.0595,1.05963,1.0595,1.05959,0
2023-03-15 22:42:00+00:00,1.05957,1.05966,1.05957,1.05962,0
2023-03-15 22:43:00+00:00,1.05961,1.05968,1.0596,1.05963,0
2023-03-15 22:44:00+00:00,1.05961,1.05961,1.05947,1.05947,0
2023-03-15 22:45:00+00:00,1.05945,1.05953,1.0594,1.05952,0
2023-03-15 22:46:00+00:00,1.05953,1.05965,1.05949,1.05961,0
2023-03-15 22:47:00+00:00,1.0596,1.05971,1.0596,1.05967,0
2023-03-15 22:48:00+00:00,1.05967,1.0597,1.05957,1.05961,0
2023-03-15 22:49:00+00:00,1.05961,1.05961,1.05949,1.05955,0
2023-03-15 22:50:00+00:00,1.05954,1.05963,1.05951,1.05961,0
2023-03-15 22:51:00+00:00,1.0596,1.05965,1.05959,1.05959,0
2023-03-15 22:52:00+00:00,1.0596,1.05965,1.05958,1.05959,0
2023-03-15 22:53:00+00:00,1.0596,1.05961,1.0595,1.05952,0
2023-03-15 22:54:00+00:00,1.0595,1.05958,1.0595,1.0595,0
2023-03-15 22:55:00+00:00,1.0595,1.05951,1.05934,1.05935,0
2023-03-15 22:56:00+00:00,1.05937,1.05937,1.05927,1.05934,0
2023-03-15 22:57:00+00:00,1.05935,1.05942,1.05935,1.05937,0
2023-03-15 22:58:00+00:00,1.05938,1.05952,1.05938,1.05948,0
2023-03-15 22:59:00+00:00,1.05949,1.05986,1.05949,1.05985,0
2023-03-15 23:00:00+00:00,1.05986,1.05989,1.05979,1.05987,0
2023-03-15 23:01:00+00:00,1.05988,1.05997,1.05987,1.05996,0
2023-03-15 23:02:00+00:00,1.05996,1.05996,1.05983,1.05988,0
2023-03-15 23:03:00+00:00,1.05987,1.05995,1.05985,1.05994,0
2023-03-15 23:04:00+00:00,1.05995,1.06,1.05987,1.05988,0
2023-03-15 23:05:00+00:00,1.05989,1.05999,1.05988,1.05989,0
2023-03-15 23:06:00+00:00,1.05989,1.05997,1.05983,1.05995,0
2023-03-15 23:07:00+00:00,1.05995,1.06015,1.05995,1.06003,0
2023-03-15 23:08:00+00:00,1.06002,1.06005,1.05996,1.05996,0
2023-03-15 23:09:00+00:00,1.05998,1.06,1.05991,1.05993,0
2023-03-15 23:10:00+00:00,1.05993,1.06016,1.05993,1.0601,0
2023-03-15 23:11:00+00:00,1.06011,1.06016,1.06005,1.06009,0
2023-03-15 23:12:00+00:00,1.0601,1.06012,1.06004,1.06005,0
2023-03-15 23:13:00+00:00,1.06007,1.06007,1.06002,1.06003,0
2023-03-15 23:14:00+00:00,1.06003,1.06004,1.05999,1.06002,0
2023-03-15 23:15:00+00:00,1.06002,1.06005,1.05998,1.06,0
2023-03-15 23:16:00+00:00,1.05999,1.06,1.05982,1.05989,0
2023-03-15 23:17:00+00:00,1.05988,1.0599,1.0598,1.05986,0
2023-03-15 23:18:00+00:00,1.05985,1.05996,1.05984,1.05996,0
2023-03-15 23:19:00+00:00,1.05996,1.05997,1.05994,1.05995,0
2023-03-15 23:20:00+00:00,1.05995,1.05996,1.05985,1.05985,0
2023-03-15 23:21:00+00:00,1.05987,1.05993,1.05984,1.05989,0
2023-03-15 23:22:00+00:00,1.05989,1.05991,1.05987,1.05988,0
2023-03-15 23:23:00+00:00,1.05989,1.05992,1.05987,1.05991,0
2023-03-15 23:24:00+00:00,1.0599,1.06004,1.05989,1.06001,0
2023-03-15 23:25:00+00:00,1.06002,1.06002,1.05995,1.05996,0
2023-03-15 23:26:00+00:00,1.05997,1.06004,1.05996,1.06001,0
2023-03-15 23:27:00+00:00,1.06002,1.06004,1.05995,1.05996,0
2023-03-15 23:28:00+00:00,1.05995,1.06,1.05988,1.05994,0
2023-03-15 23:29:00+00:00,1.05993,1.05999,1.05993,1.05998,0
2023-03-15 23:30:00+00:00,1.05999,1.06004,1.05988,1.05998,0
2023-03-15 23:31:00+00:00,1.05998,1.06001,1.05993,1.05995,0
2023-03-15 23:32:00+00:00,1.05996,1.06006,1.05996,1.05999,0
2023-03-15 23:33:00+00:00,1.05998,1.05998,1.05989,1.0599,0
2023-03-15 23:34:00+00:00,1.05989,1.05989,1.05975,1.05977,0
2023-03-15 23:35:00+00:00,1.05976,1.05981,1.05975,1.05979,0
2023-03-15 23:36:00+00:00,1.0598,1.05985,1.0598,1.05985,0
2023-03-15 23:37:00+00:00,1.05984,1.05989,1.05983,1.05989,0
2023-03-15 23:38:00+00:00,1.05989,1.05997,1.05988,1.05995,0
2023-03-15 23:39:00+00:00,1.05996,1.05999,1.05989,1.05989,0
2023-03-15 23:40:00+00:00,1.0599,1.05995,1.0599,1.05994,0
2023-03-15 23:41:00+00:00,1.05995,1.05996,1.05988,1.05989,0
2023-03-15 23:42:00+00:00,1.05989,1.05992,1.05983,1.05986,0
2023-03-15 23:43:00+00:00,1.05987,1.0599,1.05985,1.05985,0
2023-03-15 23:44:00+00:00,1.05986,1.0599,1.05983,1.05989,0
2023-03-15 23:45:00+00:00,1.05993,1.05993,1.05989,1.05991,0
2023-03-15 23:46:00+00:00,1.05989,1.06004,1.05989,1.05998,0
2023-03-15 23:47:00+00:00,1.06,1.06004,1.05997,1.06001,0
2023-03-15 23:48:00+00:00,1.06003,1.06007,1.06001,1.06005,0
2023-03-15 23:49:00+00:00,1.06007,1.06014,1.06007,1.06009,0
2023-03-15 23:50:00+00:00,1.06009,1.06024,1.06009,1.06023,0
2023-03-15 23:51:00+00:00,1.06023,1.06028,1.06023,1.06024,0
2023-03-15 23:52:00+00:00,1.06024,1.06025,1.06019,1.06019,0
2023-03-15 23:53:00+00:00,1.06019,1.06021,1.06014,1.06015,0
2023-03-15 23:54:00+00:00,1.06017,1.06024,1.06014,1.0602,0
2023-03-15 23:55:00+00:00,1.06021,1.06024,1.06019,1.06021,0
2023-03-15 23:56:00+00:00,1.0602,1.06022,1.06017,1.06017,0
2023-03-15 23:57:00+00:00,1.06018,1.0602,1.06011,1.06019,0
2023-03-15 23:58:00+00:00,1.0602,1.06032,1.0602,1.06031,0
2023-03-15 23:59:00+00:00,1.0603,1.0603,1.0602,1.06027,0
2023-03-16 00:00:00+00:00,1.06025,1.06032,1.06016,1.06016,0
2023-03-16 00:01:00+00:00,1.06018,1.06018,1.06006,1.06009,0
2023-03-16 00:02:00+00:00,1.0601,1.06021,1.0601,1.06018,0
2023-03-16 00:03:00+00:00,1.06019,1.06027,1.06018,1.06019,0
2023-03-16 00:04:00+00:00,1.06021,1.06023,1.06004,1.06006,0
2023-03-16 00:05:00+00:00,1.06006,1.06006,1.05986,1.05986,0
2023-03-16 00:06:00+00:00,1.05986,1.05991,1.05981,1.05988,0
2023-03-16 00:07:00+00:00,1.05989,1.06002,1.05988,1.06001,0
2023-03-16 00:08:00+00:00,1.06001,1.06011,1.05999,1.06011,0
2023-03-16 00:09:00+00:00,1.06011,1.06017,1.06009,1.06009,0
2023-03-16 00:10:00+00:00,1.0601,1.06013,1.06006,1.06009,0
2023-03-16 00:11:00+00:00,1.06008,1.06012,1.06006,1.06007,0
2023-03-16 00:12:00+00:00,1.06007,1.06012,1.06,1.06009,0
2023-03-16 00:13:00+00:00,1.0601,1.06013,1.06004,1.0601,0
2023-03-16 00:14:00+00:00,1.06008,1.0601,1.06001,1.06002,0
2023-03-16 00:15:00+00:00,1.06,1.06,1.05991,1.05997,0
2023-03-16 00:16:00+00:00,1.05998,1.06009,1.05995,1.06008,0
2023-03-16 00:17:00+00:00,1.06008,1.0602,1.06005,1.0602,0
2023-03-16 00:18:00+00:00,1.06018,1.06021,1.06016,1.06019,0
2023-03-16 00:19:00+00:00,1.0602,1.0605,1.06019,1.06048,0
2023-03-16 00:20:00+00:00,1.06049,1.06054,1.06046,1.06049,0
2023-03-16 00:21:00+00:00,1.06048,1.06072,1.06048,1.06071,0
2023-03-16 00:22:00+00:00,1.06069,1.06083,1.06068,1.06074,0
2023-03-16 00:23:00+00:00,1.06076,1.06078,1.0607,1.06073,0
2023-03-16 00:24:00+00:00,1.06071,1.06076,1.06068,1.06068,0
2023-03-16 00:25:00+00:00,1.0607,1.06091,1.0607,1.06088,0
2023-03-16 00:26:00+00:00,1.06089,1.06105,1.06087,1.06101,0
2023-03-16 00:27:00+00:00,1.06102,1.06151,1.061,1.06149,0
2023-03-16 00:28:00+00:00,1.06149,1.06154,1.06142,1.06144,0
2023-03-16 00:29:00+00:00,1.06142,1.06142,1.06116,1.06117,0
2023-03-16 00:30:00+00:00,1.06117,1.0615,1.06113,1.06142,0
2023-03-16 00:31:00+00:00,1.06139,1.06148,1.06131,1.06144,0
2023-03-16 00:32:00+00:00,1.06144,1.06149,1.06139,1.06147,0
2023-03-16 00:33:00+00:00,1.06145,1.06145,1.06131,1.06142,0
2023-03-16 00:34:00+00:00,1.06141,1.06145,1.06138,1.06139,0
2023-03-16 00:35:00+00:00,1.06138,1.06139,1.06115,1.06125,0
2023-03-16 00:36:00+00:00,1.06124,1.0613,1.06117,1.06122,0
2023-03-16 00:37:00+00:00,1.06123,1.0613,1.06101,1.06101,0
2023-03-16 00:38:00+00:00,1.06102,1.06111,1.06096,1.06097,0
2023-03-16 00:39:00+00:00,1.06099,1.06135,1.06097,1.0613,0
2023-03-16 00:40:00+00:00,1.0613,1.06131,1.06113,1.0612,0
2023-03-16 00:41:00+00:00,1.0612,1.06122,1.06102,1.06102,0
2023-03-16 00:42:00+00:00,1.06102,1.06113,1.06098,1.06108,0
2023-03-16 00:43:00+00:00,1.06108,1.06109,1.06101,1.06106,0
2023-03-16 00:44:00+00:00,1.06104,1.06108,1.06102,1.06108,0
2023-03-16 00:45:00+00:00,1.06107,1.0612,1.06107,1.06107,0
2023-03-16 00:46:00+00:00,1.06107,1.06115,1.06106,1.06107,0
2023-03-16 00:47:00+00:00,1.06107,1.06109,1.06088,1.06088,0
2023-03-16 00:48:00+00:00,1.06087,1.06093,1.06083,1.06088,0
2023-03-16 00:49:00+00:00,1.06087,1.06094,1.06086,1.0609,0
2023-03-16 00:50:00+00:00,1.06089,1.0609,1.06067,1.06074,0
2023-03-16 00:51:00+00:00,1.06077,1.06078,1.06065,1.06071,0
2023-03-16 00:52:00+00:00,1.06071,1.0608,1.06068,1.06079,0
2023-03-16 00:53:00+00:00,1.06079,1.0608,1.06077,1.06079,0
2023-03-16 00:54:00+00:00,1.06077,1.06082,1.06077,1.0608,0
2023-03-16 00:55:00+00:00,1.06079,1.06087,1.06075,1.06075,0
2023-03-16 00:56:00+00:00,1.06075,1.06078,1.06071,1.06074,0
2023-03-16 00:57:00+00:00,1.06073,1.06074,1.06063,1.06064,0
2023-03-16 00:58:00+00:00,1.06063,1.06072,1.06057,1.06068,0
2023-03-16 00:59:00+00:00,1.06069,1.0609,1.06067,1.0607,0
2023-03-16 01:00:00+00:00,1.06071,1.06072,1.06037,1.06046,0
2023-03-16 01:01:00+00:00,1.06047,1.06071,1.06047,1.06068,0
2023-03-16 01:02:00+00:00,1.06069,1.06082,1.06064,1.06065,0
2023-03-16 01:03:00+00:00,1.06066,1.06078,1.06063,1.06074,0
2023-03-16 01:04:00+00:00,1.06073,1.06075,1.06052,1.06065,0
2023-03-16 01:05:00+00:00,1.06066,1.06068,1.06042,1.06049,0
2023-03-16 01:06:00+00:00,1.06048,1.06048,1.06034,1.06038,0
2023-03-16 01:07:00+00:00,1.06038,1.06038,1.06025,1.06029,0
2023-03-16 01:08:00+00:00,1.06031,1.06034,1.06021,1.06028,0
2023-03-16 01:09:00+00:00,1.06026,1.06041,1.06024,1.0604,0
2023-03-16 01:10:00+00:00,1.06038,1.06043,1.06021,1.06023,0
2023-03-16 01:11:00+00:00,1.06022,1.06034,1.06022,1.06033,0
2023-03-16 01:12:00+00:00,1.06034,1.06053,1.0603,1.0605,0
2023-03-16 01:13:00+00:00,1.0605,1.06055,1.06038,1.06051,0
2023-03-16 01:14:00+00:00,1.0605,1.06065,1.06048,1.06051,0
2023-03-16 01:15:00+00:00,1.06051,1.06051,1.06039,1.06039,0
2023-03-16 01:16:00+00:00,1.06038,1.06038,1.06027,1.06034,0
2023-03-16 01:17:00+00:00,1.06034,1.06036,1.06015,1.06015,0
2023-03-16 01:18:00+00:00,1.06014,1.06026,1.06009,1.06015,0
2023-03-16 01:19:00+00:00,1.06013,1.0602,1.0601,1.06017,0
2023-03-16 01:20:00+00:00,1.06017,1.06031,1.06017,1.06026,0
2023-03-16 01:21:00+00:00,1.06026,1.06036,1.06026,1.06035,0
2023-03-16 01:22:00+00:00,1.06034,1.06034,1.06015,1.06015,0
2023-03-16 01:23:00+00:00,1.06017,1.06026,1.06017,1.06023,0
2023-03-16 01:24:00+00:00,1.06024,1.06025,1.06012,1.06014,0
2023-03-16 01:25:00+00:00,1.06013,1.06013,1.06,1.06004,0
2023-03-16 01:26:00+00:00,1.06003,1.06004,1.05992,1.06004,0
2023-03-16 01:27:00+00:00,1.06004,1.06016,1.06004,1.06009,0
2023-03-16 01:28:00+00:00,1.0601,1.06019,1.0601,1.06019,0
2023-03-16 01:29:00+00:00,1.06023,1.06025,1.06016,1.06022,0
2023-03-16 01:30:00+00:00,1.06023,1.06052,1.06023,1.0605,0
2023-03-16 01:31:00+00:00,1.06049,1.06049,1.06034,1.06038,0
2023-03-16 01:32:00+00:00,1.06038,1.06047,1.06037,1.06044,0
2023-03-16 01:33:00+00:00,1.06044,1.06056,1.06044,1.0605,0
2023-03-16 01:34:00+00:00,1.0605,1.06053,1.06043,1.06043,0
2023-03-16 01:35:00+00:00,1.06043,1.06063,1.06041,1.06061,0
2023-03-16 01:36:00+00:00,1.06059,1.06078,1.06059,1.06064,0
2023-03-16 01:37:00+00:00,1.06066,1.06069,1.06055,1.06067,0
2023-03-16 01:38:00+00:00,1.06065,1.06067,1.06061,1.06067,0
2023-03-16 01:39:00+00:00,1.06062,1.06064,1.06058,1.06058,0
2023-03-16 01:40:00+00:00,1.06058,1.06061,1.06044,1.06049,0
2023-03-16 01:41:00+00:00,1.06048,1.06068,1.06048,1.06058,0
2023-03-16 01:42:00+00:00,1.06058,1.06058,1.0605,1.06052,0
2023-03-16 01:43:00+00:00,1.06052,1.06074,1.06043,1.0607,0
2023-03-16 01:44:00+00:00,1.06069,1.06069,1.06056,1.06057,0
2023-03-16 01:45:00+00:00,1.06056,1.06057,1.06047,1.06056,0
2023-03-16 01:46:00+00:00,1.06059,1.06074,1.06059,1.06072,0
2023-03-16 01:47:00+00:00,1.06072,1.06074,1.06062,1.06073,0
2023-03-16 01:48:00+00:00,1.06073,1.06075,1.06068,1.06068,0
2023-03-16 01:49:00+00:00,1.06069,1.06069,1.06053,1.06062,0
2023-03-16 01:50:00+00:00,1.06061,1.06061,1.0604,1.06042,0
2023-03-16 01:51:00+00:00,1.06042,1.06044,1.06034,1.06042,0
2023-03-16 01:52:00+00:00,1.06043,1.06046,1.06036,1.06037,0
2023-03-16 01:53:00+00:00,1.06038,1.06048,1.06037,1.06042,0
2023-03-16 01:54:00+00:00,1.06041,1.06057,1.06041,1.06042,0
2023-03-16 01:55:00+00:00,1.06041,1.06051,1.06037,1.06048,0
2023-03-16 01:56:00+00:00,1.06049,1.06079,1.06042,1.06072,0
2023-03-16 01:57:00+00:00,1.06074,1.06077,1.06067,1.06072,0
2023-03-16 01:58:00+00:00,1.06073,1.06073,1.06049,1.06052,0
2023-03-16 01:59:00+00:00,1.06052,1.06056,1.0605,1.06054,0
2023-03-16 02:00:00+00:00,1.06053,1.0606,1.06005,1.06007,0
2023-03-16 02:01:00+00:00,1.06006,1.06014,1.06001,1.06002,0
2023-03-16 02:02:00+00:00,1.06001,1.06016,1.06001,1.06008,0
2023-03-16 02:03:00+00:00,1.0601,1.06013,1.05982,1.05993,0
2023-03-16 02:04:00+00:00,1.05994,1.05996,1.05974,1.05981,0
2023-03-16 02:05:00+00:00,1.0598,1.0598,1.05948,1.05959,0
2023-03-16 02:06:00+00:00,1.0596,1.05963,1.05927,1.05943,0
2023-03-16 02:07:00+00:00,1.05943,1.05983,1.05943,1.05983,0
2023-03-16 02:08:00+00:00,1.05984,1.06002,1.0598,1.05992,0
2023-03-16 02:09:00+00:00,1.0599,1.05994,1.05975,1.05992,0
2023-03-16 02:10:00+00:00,1.05993,1.06001,1.05989,1.05996,0
2023-03-16 02:11:00+00:00,1.05995,1.06013,1.05991,1.0601,0
2023-03-16 02:12:00+00:00,1.06013,1.0602,1.06,1.06006,0
2023-03-16 02:13:00+00:00,1.06005,1.06015,1.05985,1.05985,0
2023-03-16 02:14:00+00:00,1.05986,1.06019,1.05976,1.0601,0
2023-03-16 02:15:00+00:00,1.0601,1.06029,1.06004,1.06012,0
2023-03-16 02:16:00+00:00,1.06011,1.0605,1.06011,1.06041,0
2023-03-16 02:17:00+00:00,1.0604,1.06065,1.06038,1.06059,0
2023-03-16 02:18:00+00:00,1.06059,1.06066,1.05993,1.05999,0
2023-03-16 02:19:00+00:00,1.06,1.06063,1.05996,1.06045,0
2023-03-16 02:20:00+00:00,1.06046,1.06066,1.06043,1.06061,0
2023-03-16 02:21:00+00:00,1.06062,1.06109,1.06054,1.06096,0
2023-03-16 02:22:00+00:00,1.06096,1.0612,1.06086,1.06119,0
2023-03-16 02:23:00+00:00,1.06118,1.06129,1.06113,1.06113,0
2023-03-16 02:24:00+00:00,1.06112,1.06127,1.06069,1.06107,0
2023-03-16 02:25:00+00:00,1.06108,1.06117,1.06087,1.06094,0
2023-03-16 02:26:00+00:00,1.06095,1.06106,1.06065,1.06065,0
2023-03-16 02:27:00+00:00,1.06065,1.06081,1.06065,1.06079,0
2023-03-16 02:28:00+00:00,1.06079,1.06094,1.06071,1.06093,0
2023-03-16 02:29:00+00:00,1.06094,1.061,1.06045,1.06047,0
2023-03-16 02:30:00+00:00,1.06048,1.06085,1.06033,1.06075,0
2023-03-16 02:31:00+00:00,1.06075,1.06116,1.06075,1.06097,0
2023-03-16 02:32:00+00:00,1.06097,1.06125,1.06097,1.06123,0
2023-03-16 02:33:00+00:00,1.06121,1.06128,1.06083,1.06101,0
2023-03-16 02:34:00+00:00,1.06099,1.06117,1.06078,1.06109,0
2023-03-16 02:35:00+00:00,1.06108,1.06116,1.06098,1.06098,0
2023-03-16 02:36:00+00:00,1.06099,1.06106,1.06091,1.06096,0
2023-03-16 02:37:00+00:00,1.06097,1.06101,1.06082,1.06092,0
2023-03-16 02:38:00+00:00,1.06093,1.06109,1.06077,1.06094,0
2023-03-16 02:39:00+00:00,1.06093,1.06122,1.06088,1.06118,0
2023-03-16 02:40:00+00:00,1.06119,1.06158,1.06119,1.06158,0
2023-03-16 02:41:00+00:00,1.06158,1.06183,1.06154,1.06166,0
2023-03-16 02:42:00+00:00,1.06166,1.06179,1.06156,1.06177,0
2023-03-16 02:43:00+00:00,1.06176,1.06179,1.06168,1.06172,0
2023-03-16 02:44:00+00:00,1.0617,1.06172,1.06162,1.0617,0
2023-03-16 02:45:00+00:00,1.0617,1.06179,1.06155,1.06161,0
2023-03-16 02:46:00+00:00,1.0616,1.06162,1.06126,1.06151,0
2023-03-16 02:47:00+00:00,1.06151,1.06209,1.0615,1.06206,0
2023-03-16 02:48:00+00:00,1.06205,1.06219,1.06191,1.06197,0
2023-03-16 02:49:00+00:00,1.06196,1.06211,1.06184,1.06211,0
2023-03-16 02:50:00+00:00,1.0621,1.06219,1.062,1.06217,0
2023-03-16 02:51:00+00:00,1.06218,1.06223,1.06201,1.06201,0
2023-03-16 02:52:00+00:00,1.062,1.06236,1.06199,1.06235,0
2023-03-16 02:53:00+00:00,1.06236,1.06246,1.06225,1.06233,0
2023-03-16 02:54:00+00:00,1.06231,1.06255,1.06227,1.06249,0
2023-03-16 02:55:00+00:00,1.06252,1.0628,1.06248,1.06279,0
2023-03-16 02:56:00+00:00,1.06278,1.0628,1.06261,1.06271,0
2023-03-16 02:57:00+00:00,1.0627,1.0627,1.06221,1.06249,0
2023-03-16 02:58:00+00:00,1.06249,1.06259,1.06238,1.06245,0
2023-03-16 02:59:00+00:00,1.06246,1.06256,1.06239,1.06247,0
2023-03-16 03:00:00+00:00,1.0625,1.06275,1.06203,1.06271,0
2023-03-16 03:01:00+00:00,1.06271,1.06283,1.06242,1.0625,0
2023-03-16 03:02:00+00:00,1.06246,1.06269,1.06233,1.06266,0
2023-03-16 03:03:00+00:00,1.06267,1.06292,1.06265,1.06275,0
2023-03-16 03:04:00+00:00,1.06274,1.06293,1.06266,1.06292,0
2023-03-16 03:05:00+00:00,1.06293,1.0632,1.0629,1.06291,0
2023-03-16 03:06:00+00:00,1.06292,1.06319,1.0629,1.06311,0
2023-03-16 03:07:00+00:00,1.06312,1.06325,1.06286,1.06286,0
2023-03-16 03:08:00+00:00,1.06286,1.06295,1.06267,1.0627,0
2023-03-16 03:09:00+00:00,1.0627,1.06279,1.06239,1.06245,0
2023-03-16 03:10:00+00:00,1.06244,1.06279,1.06232,1.06275,0
2023-03-16 03:11:00+00:00,1.06274,1.0629,1.06263,1.06289,0
2023-03-16 03:12:00+00:00,1.06289,1.06294,1.0626,1.06287,0
2023-03-16 03:13:00+00:00,1.06288,1.06307,1.06275,1.06305,0
2023-03-16 03:14:00+00:00,1.06305,1.06326,1.06303,1.06316,0
2023-03-16 03:15:00+00:00,1.06314,1.06326,1.06286,1.06295,0
2023-03-16 03:16:00+00:00,1.06295,1.06318,1.06286,1.0631,0
2023-03-16 03:17:00+00:00,1.0631,1.06344,1.0631,1.06337,0
2023-03-16 03:18:00+00:00,1.06336,1.06353,1.06266,1.06266,0
2023-03-16 03:19:00+00:00,1.06264,1.06277,1.0623,1.06242,0
2023-03-16 03:20:00+00:00,1.06242,1.06253,1.06186,1.0619,0
2023-03-16 03:21:00+00:00,1.0619,1.06199,1.06175,1.06199,0
2023-03-16 03:22:00+00:00,1.06198,1.06237,1.06193,1.06193,0
2023-03-16 03:23:00+00:00,1.06194,1.06223,1.0619,1.0622,0
2023-03-16 03:24:00+00:00,1.0622,1.06245,1.06204,1.06214,0
2023-03-16 03:25:00+00:00,1.06215,1.06262,1.06204,1.06254,0
2023-03-16 03:26:00+00:00,1.06256,1.06266,1.06206,1.06226,0
2023-03-16 03:27:00+00:00,1.06226,1.06238,1.062,1.06215,0
2023-03-16 03:28:00+00:00,1.06214,1.06219,1.06189,1.0619,0
2023-03-16 03:29:00+00:00,1.0619,1.06231,1.06179,1.0623,0
2023-03-16 03:30:00+00:00,1.06232,1.0628,1.06232,1.06249,0
2023-03-16 03:31:00+00:00,1.06247,1.06273,1.06241,1.06241,0
2023-03-16 03:32:00+00:00,1.06241,1.06258,1.06221,1.0625,0
2023-03-16 03:33:00+00:00,1.06249,1.06249,1.06216,1.06216,0
2023-03-16 03:34:00+00:00,1.06215,1.06224,1.06199,1.06208,0
2023-03-16 03:35:00+00:00,1.06208,1.06219,1.06178,1.06187,0
2023-03-16 03:36:00+00:00,1.06184,1.06246,1.06174,1.06246,0
2023-03-16 03:37:00+00:00,1.06247,1.06256,1.06216,1.06231,0
2023-03-16 03:38:00+00:00,1.0623,1.06244,1.06206,1.06218,0
2023-03-16 03:39:00+00:00,1.06217,1.06234,1.06205,1.0621,0
2023-03-16 03:40:00+00:00,1.06209,1.06236,1.06198,1.06215,0
2023-03-16 03:41:00+00:00,1.06216,1.06253,1.06216,1.06249,0
2023-03-16 03:42:00+00:00,1.06252,1.06288,1.06245,1.06255,0
2023-03-16 03:43:00+00:00,1.06256,1.06263,1.06218,1.06245,0
2023-03-16 03:44:00+00:00,1.06244,1.0627,1.06244,1.06265,0
2023-03-16 03:45:00+00:00,1.06264,1.06271,1.06249,1.06259,0
2023-03-16 03:46:00+00:00,1.06258,1.06265,1.06229,1.06235,0
2023-03-16 03:47:00+00:00,1.06236,1.06275,1.06236,1.06254,0
2023-03-16 03:48:00+00:00,1.06253,1.06268,1.06239,1.06239,0
2023-03-16 03:49:00+00:00,1.06238,1.0624,1.06219,1.06219,0
2023-03-16 03:50:00+00:00,1.06219,1.06234,1.06203,1.06231,0
2023-03-16 03:51:00+00:00,1.0623,1.0623,1.06188,1.06193,0
2023-03-16 03:52:00+00:00,1.06193,1.06206,1.06179,1.06188,0
2023-03-16 03:53:00+00:00,1.06188,1.06197,1.06169,1.06179,0
2023-03-16 03:54:00+00:00,1.06178,1.06182,1.06158,1.06178,0
2023-03-16 03:55:00+00:00,1.0618,1.06191,1.06166,1.06191,0
2023-03-16 03:56:00+00:00,1.0619,1.0619,1.06148,1.06163,0
2023-03-16 03:57:00+00:00,1.06163,1.06164,1.06137,1.06142,0
2023-03-16 03:58:00+00:00,1.06139,1.06159,1.06139,1.06147,0
2023-03-16 03:59:00+00:00,1.06147,1.06155,1.0612,1.06122,0
2023-03-16 04:00:00+00:00,1.06122,1.06129,1.06102,1.06115,0
2023-03-16 04:01:00+00:00,1.06115,1.06123,1.0609,1.06096,0
2023-03-16 04:02:00+00:00,1.06094,1.06142,1.06093,1.06109,0
2023-03-16 04:03:00+00:00,1.06109,1.06138,1.06107,1.06129,0
2023-03-16 04:04:00+00:00,1.06128,1.0614,1.0611,1.06119,0
2023-03-16 04:05:00+00:00,1.0612,1.06128,1.06093,1.06105,0
2023-03-16 04:06:00+00:00,1.06106,1.06114,1.06081,1.06089,0
2023-03-16 04:07:00+00:00,1.06089,1.06126,1.0607,1.06117,0
2023-03-16 04:08:00+00:00,1.06118,1.06153,1.06115,1.0613,0
2023-03-16 04:09:00+00:00,1.0613,1.06157,1.06127,1.06155,0
2023-03-16 04:10:00+00:00,1.06151,1.06172,1.06148,1.06157,0
2023-03-16 04:11:00+00:00,1.06156,1.06171,1.0614,1.06157,0
2023-03-16 04:12:00+00:00,1.06155,1.06176,1.06155,1.06159,0
2023-03-16 04:13:00+00:00,1.06158,1.0616,1.06139,1.06155,0
2023-03-16 04:14:00+00:00,1.06153,1.06159,1.06136,1.0615,0
2023-03-16 04:15:00+00:00,1.06149,1.06155,1.06118,1.06127,0
2023-03-16 04:16:00+00:00,1.06127,1.06144,1.0612,1.06135,0
2023-03-16 04:17:00+00:00,1.06136,1.06144,1.06115,1.06122,0
2023-03-16 04:18:00+00:00,1.06122,1.0613,1.06097,1.06099,0
2023-03-16 04:19:00+00:00,1.06099,1.06099,1.06055,1.06058,0
2023-03-16 04:20:00+00:00,1.06059,1.06103,1.06051,1.06094,0
2023-03-16 04:21:00+00:00,1.06095,1.06115,1.06094,1.06104,0
2023-03-16 04:22:00+00:00,1.06105,1.06105,1.06072,1.06083,0
2023-03-16 04:23:00+00:00,1.06083,1.0611,1.06074,1.06108,0
2023-03-16 04:24:00+00:00,1.06107,1.06109,1.06081,1.06087,0
2023-03-16 04:25:00+00:00,1.06088,1.06103,1.06076,1.06097,0
2023-03-16 04:26:00+00:00,1.06097,1.06099,1.06083,1.0609,0
2023-03-16 04:27:00+00:00,1.0609,1.06107,1.0609,1.06106,0
2023-03-16 04:28:00+00:00,1.06106,1.06121,1.06096,1.06101,0
2023-03-16 04:29:00+00:00,1.06105,1.06105,1.06086,1.06087,0
2023-03-16 04:30:00+00:00,1.06089,1.06126,1.06087,1.06121,0
2023-03-16 04:31:00+00:00,1.06122,1.06123,1.0608,1.06085,0
2023-03-16 04:32:00+00:00,1.06087,1.06097,1.06078,1.06084,0
2023-03-16 04:33:00+00:00,1.06082,1.06087,1.06058,1.06062,0
2023-03-16 04:34:00+00:00,1.06063,1.06099,1.06062,1.06096,0
2023-03-16 04:35:00+00:00,1.06095,1.06108,1.06084,1.06105,0
2023-03-16 04:36:00+00:00,1.06104,1.06109,1.06067,1.0607,0
2023-03-16 04:37:00+00:00,1.06069,1.06083,1.06044,1.06073,0
2023-03-16 04:38:00+00:00,1.06073,1.06096,1.06073,1.06078,0
2023-03-16 04:39:00+00:00,1.06078,1.06082,1.06047,1.06055,0
2023-03-16 04:40:00+00:00,1.06054,1.06065,1.06054,1.06065,0
2023-03-16 04:41:00+00:00,1.06065,1.06082,1.06064,1.0608,0
2023-03-16 04:42:00+00:00,1.06081,1.06091,1.06051,1.06091,0
2023-03-16 04:43:00+00:00,1.06094,1.06114,1.06078,1.06087,0
2023-03-16 04:44:00+00:00,1.06086,1.06116,1.06078,1.06083,0
2023-03-16 04:45:00+00:00,1.06085,1.06092,1.06056,1.06092,0
2023-03-16 04:46:00+00:00,1.06093,1.06104,1.06084,1.06097,0
2023-03-16 04:47:00+00:00,1.06096,1.06141,1.06089,1.0613,0
2023-03-16 04:48:00+00:00,1.0613,1.0614,1.06106,1.06121,0
2023-03-16 04:49:00+00:00,1.06123,1.06139,1.06122,1.0613,0
2023-03-16 04:50:00+00:00,1.0613,1.06161,1.06129,1.06153,0
2023-03-16 04:51:00+00:00,1.06151,1.06169,1.06145,1.06145,0
2023-03-16 04:52:00+00:00,1.06145,1.0616,1.06145,1.06159,0
2023-03-16 04:53:00+00:00,1.0616,1.06162,1.06145,1.06158,0
2023-03-16 04:54:00+00:00,1.06159,1.06167,1.06158,1.06167,0
2023-03-16 04:55:00+00:00,1.06168,1.06183,1.06167,1.06177,0
2023-03-16 04:56:00+00:00,1.06176,1.06183,1.06161,1.06176,0
2023-03-16 04:57:00+00:00,1.06177,1.06193,1.06176,1.06192,0
2023-03-16 04:58:00+00:00,1.0619,1.06201,1.06169,1.062,0
2023-03-16 04:59:00+00:00,1.06199,1.06199,1.06171,1.06173,0
2023-03-16 05:00:00+00:00,1.06174,1.06174,1.0614,1.06162,0
2023-03-16 05:01:00+00:00,1.06161,1.06193,1.06149,1.06193,0
2023-03-16 05:02:00+00:00,1.06194,1.06196,1.06162,1.06172,0
2023-03-16 05:03:00+00:00,1.0617,1.06187,1.06156,1.06168,0
2023-03-16 05:04:00+00:00,1.0617,1.06192,1.06164,1.06181,0
2023-03-16 05:05:00+00:00,1.06181,1.06207,1.06181,1.06187,0
2023-03-16 05:06:00+00:00,1.06187,1.0619,1.06151,1.0616,0
2023-03-16 05:07:00+00:00,1.0616,1.06175,1.06155,1.06167,0
2023-03-16 05:08:00+00:00,1.06166,1.0617,1.06145,1.06145,0
2023-03-16 05:09:00+00:00,1.06147,1.06156,1.06132,1.06152,0
2023-03-16 05:10:00+00:00,1.06152,1.06156,1.0613,1.06147,0
2023-03-16 05:11:00+00:00,1.06146,1.06158,1.06144,1.06157,0
2023-03-16 05:12:00+00:00,1.06158,1.06178,1.06151,1.06173,0
2023-03-16 05:13:00+00:00,1.06173,1.06189,1.06162,1.06162,0
2023-03-16 05:14:00+00:00,1.06164,1.06167,1.06152,1.06156,0
2023-03-16 05:15:00+00:00,1.0616,1.06163,1.0615,1.06156,0
2023-03-16 05:16:00+00:00,1.06154,1.06158,1.06144,1.06144,0
2023-03-16 05:17:00+00:00,1.06143,1.06143,1.06123,1.06125,0
2023-03-16 05:18:00+00:00,1.06125,1.06125,1.06096,1.06106,0
2023-03-16 05:19:00+00:00,1.06106,1.06107,1.06085,1.06097,0
2023-03-16 05:20:00+00:00,1.06096,1.06097,1.06074,1.06085,0
2023-03-16 05:21:00+00:00,1.06085,1.06086,1.06075,1.06081,0
2023-03-16 05:22:00+00:00,1.06082,1.06086,1.06057,1.06057,0
2023-03-16 05:23:00+00:00,1.06058,1.06068,1.06051,1.06058,0
2023-03-16 05:24:00+00:00,1.06059,1.06067,1.06056,1.06058,0
2023-03-16 05:25:00+00:00,1.06059,1.06061,1.06046,1.06057,0
2023-03-16 05:26:00+00:00,1.06057,1.06067,1.06057,1.06064,0
2023-03-16 05:27:00+00:00,1.06063,1.06075,1.06059,1.06068,0
2023-03-16 05:28:00+00:00,1.06067,1.06076,1.0606,1.06071,0
2023-03-16 05:29:00+00:00,1.06072,1.06076,1.0606,1.06067,0
2023-03-16 05:30:00+00:00,1.06068,1.06091,1.06053,1.06054,0
2023-03-16 05:31:00+00:00,1.06054,1.06056,1.06017,1.06022,0
2023-03-16 05:32:00+00:00,1.06022,1.06033,1.06014,1.06026,0
2023-03-16 05:33:00+00:00,1.06025,1.06025,1.05999,1.06014,0
2023-03-16 05:34:00+00:00,1.06019,1.06038,1.06019,1.06031,0
2023-03-16 05:35:00+00:00,1.06029,1.0604,1.06025,1.0603,0
2023-03-16 05:36:00+00:00,1.06031,1.06041,1.06019,1.06037,0
2023-03-16 05:37:00+00:00,1.06036,1.06044,1.06018,1.06031,0
2023-03-16 05:38:00+00:00,1.0603,1.06042,1.06024,1.06025,0
2023-03-16 05:39:00+00:00,1.06029,1.0604,1.06017,1.0603,0
2023-03-16 05:40:00+00:00,1.06032,1.06039,1.06029,1.06035,0
2023-03-16 05:41:00+00:00,1.06033,1.06058,1.06031,1.06052,0
2023-03-16 05:42:00+00:00,1.06054,1.06062,1.06047,1.06052,0
2023-03-16 05:43:00+00:00,1.06053,1.06066,1.06044,1.0605,0
2023-03-16 05:44:00+00:00,1.06049,1.06062,1.06044,1.0606,0
2023-03-16 05:45:00+00:00,1.06061,1.06074,1.06054,1.06056,0
2023-03-16 05:46:00+00:00,1.06055,1.06067,1.06054,1.06066,0
2023-03-16 05:47:00+00:00,1.06066,1.06079,1.06047,1.06048,0
2023-03-16 05:48:00+00:00,1.06049,1.06061,1.06044,1.06056,0
2023-03-16 05:49:00+00:00,1.06055,1.06084,1.06051,1.06065,0
2023-03-16 05:50:00+00:00,1.06065,1.06071,1.06045,1.06051,0
2023-03-16 05:51:00+00:00,1.0605,1.06066,1.06047,1.06066,0
2023-03-16 05:52:00+00:00,1.06065,1.0608,1.06054,1.06063,0
2023-03-16 05:53:00+00:00,1.06063,1.06067,1.06045,1.06046,0
2023-03-16 05:54:00+00:00,1.06044,1.0606,1.06044,1.0606,0
2023-03-16 05:55:00+00:00,1.06059,1.06085,1.06059,1.0608,0
2023-03-16 05:56:00+00:00,1.06083,1.06116,1.06083,1.06111,0
2023-03-16 05:57:00+00:00,1.0611,1.06121,1.06101,1.06117,0
2023-03-16 05:58:00+00:00,1.06116,1.06144,1.06111,1.06131,0
2023-03-16 05:59:00+00:00,1.06132,1.06162,1.06131,1.06159,0
2023-03-16 07:00:00+00:00,1.0613,1.06148,1.0613,1.06138,0
2023-03-16 07:01:00+00:00,1.06137,1.06138,1.06107,1.0611,0
2023-03-16 07:02:00+00:00,1.06109,1.06135,1.06086,1.06093,0
2023-03-16 07:03:00+00:00,1.06099,1.0612,1.06098,1.06113,0
2023-03-16 07:04:00+00:00,1.06113,1.0612,1.0609,1.06103,0
2023-03-16 07:05:00+00:00,1.06103,1.06107,1.06072,1.0608,0
2023-03-16 07:06:00+00:00,1.06079,1.06086,1.06047,1.06047,0
2023-03-16 07:07:00+00:00,1.06049,1.0605,1.06032,1.0604,0
2023-03-16 07:08:00+00:00,1.06041,1.06057,1.06039,1.06048,0
2023-03-16 07:09:00+00:00,1.06049,1.06062,1.06049,1.06056,0
2023-03-16 07:10:00+00:00,1.06055,1.06065,1.06047,1.06057,0
2023-03-16 07:11:00+00:00,1.06056,1.06061,1.06047,1.06059,0
2023-03-16 07:12:00+00:00,1.0606,1.06063,1.06054,1.06055,0
2023-03-16 07:13:00+00:00,1.06055,1.06055,1.06045,1.06047,0
2023-03-16 07:14:00+00:00,1.06047,1.06053,1.06035,1.06035,0
2023-03-16 07:15:00+00:00,1.06033,1.06062,1.0602,1.06061,0
2023-03-16 07:16:00+00:00,1.06061,1.06074,1.06053,1.06068,0
2023-03-16 07:17:00+00:00,1.06068,1.06072,1.06052,1.06052,0
2023-03-16 07:18:00+00:00,1.06053,1.06087,1.06048,1.06085,0
2023-03-16 07:19:00+00:00,1.06084,1.06114,1.06084,1.06101,0
2023-03-16 07:20:00+00:00,1.061,1.06142,1.06097,1.06126,0
2023-03-16 07:21:00+00:00,1.06128,1.06139,1.06115,1.06133,0
2023-03-16 07:22:00+00:00,1.06134,1.06138,1.06109,1.06113,0
2023-03-16 07:23:00+00:00,1.06111,1.06132,1.0611,1.06128,0
2023-03-16 07:24:00+00:00,1.06126,1.06126,1.061,1.0612,0
2023-03-16 07:25:00+00:00,1.06121,1.06139,1.06116,1.06138,0
2023-03-16 07:26:00+00:00,1.06138,1.06165,1.06135,1.06148,0
2023-03-16 07:27:00+00:00,1.06149,1.06167,1.06141,1.06162,0
2023-03-16 07:28:00+00:00,1.0616,1.06172,1.06147,1.06158,0
2023-03-16 07:29:00+00:00,1.06158,1.06173,1.06155,1.06159,0
2023-03-16 07:30:00+00:00,1.06158,1.06158,1.06057,1.06118,0
2023-03-16 07:31:00+00:00,1.0612,1.06143,1.06071,1.0609,0
2023-03-16 07:32:00+00:00,1.06093,1.06122,1.0607,1.06096,0
2023-03-16 07:33:00+00:00,1.06094,1.061,1.0608,1.06092,0
2023-03-16 07:34:00+00:00,1.06091,1.06148,1.06089,1.06141,0
2023-03-16 07:35:00+00:00,1.06141,1.06197,1.06131,1.06159,0
2023-03-16 07:36:00+00:00,1.0616,1.06175,1.06147,1.06148,0
2023-03-16 07:37:00+00:00,1.06148,1.06153,1.0612,1.06122,0
2023-03-16 07:38:00+00:00,1.06122,1.06146,1.06112,1.06142,0
2023-03-16 07:39:00+00:00,1.0614,1.06201,1.06135,1.06196,0
2023-03-16 07:40:00+00:00,1.06196,1.06197,1.06116,1.06123,0
2023-03-16 07:41:00+00:00,1.06123,1.06138,1.06118,1.06131,0
2023-03-16 07:42:00+00:00,1.06133,1.06156,1.06011,1.06032,0
2023-03-16 07:43:00+00:00,1.06012,1.06012,1.05763,1.05775,0
2023-03-16 07:44:00+00:00,1.05776,1.05884,1.05758,1.05877,0
2023-03-16 07:45:00+00:00,1.05876,1.05946,1.05867,1.05922,0
2023-03-16 07:46:00+00:00,1.05921,1.05944,1.05855,1.05935,0
2023-03-16 07:47:00+00:00,1.05934,1.06033,1.05927,1.05964,0
2023-03-16 07:48:00+00:00,1.05964,1.0598,1.05892,1.05945,0
2023-03-16 07:49:00+00:00,1.05944,1.05999,1.0594,1.05967,0
2023-03-16 07:50:00+00:00,1.05968,1.0599,1.05958,1.05958,0
2023-03-16 07:51:00+00:00,1.05956,1.0601,1.05954,1.05988,0
2023-03-16 07:52:00+00:00,1.05989,1.06015,1.05973,1.05988,0
2023-03-16 07:53:00+00:00,1.05986,1.06016,1.05948,1.06011,0
2023-03-16 07:54:00+00:00,1.06009,1.06014,1.05961,1.05984,0
2023-03-16 07:55:00+00:00,1.05984,1.05984,1.05903,1.05907,0
2023-03-16 07:56:00+00:00,1.05905,1.05905,1.0587,1.05877,0
2023-03-16 07:57:00+00:00,1.05878,1.05883,1.05835,1.05835,0
2023-03-16 07:58:00+00:00,1.05836,1.05893,1.05829,1.05889,0
2023-03-16 07:59:00+00:00,1.0589,1.05898,1.05863,1.05878,0
2023-03-16 09:00:00+00:00,1.06069,1.06069,1.05956,1.05996,0
2023-03-16 09:01:00+00:00,1.05994,1.06078,1.05977,1.0606,0
2023-03-16 09:02:00+00:00,1.06059,1.06078,1.05978,1.06011,0
2023-03-16 09:03:00+00:00,1.0601,1.06055,1.05914,1.05995,0
2023-03-16 09:04:00+00:00,1.05993,1.06,1.05882,1.05917,0
2023-03-16 09:05:00+00:00,1.05916,1.05941,1.05843,1.05854,0
2023-03-16 09:06:00+00:00,1.05854,1.0589,1.05792,1.05877,0
2023-03-16 09:07:00+00:00,1.05878,1.0593,1.05855,1.05903,0
2023-03-16 09:08:00+00:00,1.05904,1.05979,1.05874,1.05942,0
2023-03-16 09:09:00+00:00,1.05941,1.05943,1.05876,1.05909,0
2023-03-16 09:10:00+00:00,1.05908,1.05972,1.05904,1.05942,0
2023-03-16 09:11:00+00:00,1.05939,1.06007,1.05922,1.06,0
2023-03-16 09:12:00+00:00,1.06005,1.06055,1.05987,1.06039,0
2023-03-16 09:13:00+00:00,1.06041,1.06041,1.05962,1.05962,0
2023-03-16 09:14:00+00:00,1.05964,1.06027,1.05956,1.05997,0
2023-03-16 09:15:00+00:00,1.05997,1.06007,1.05965,1.05972,0
2023-03-16 09:16:00+00:00,1.05973,1.05985,1.05939,1.05962,0
2023-03-16 09:17:00+00:00,1.0596,1.05988,1.05945,1.05951,0
2023-03-16 09:18:00+00:00,1.05951,1.05953,1.05918,1.0593,0
2023-03-16 09:19:00+00:00,1.05932,1.0595,1.05861,1.05862,0
2023-03-16 09:20:00+00:00,1.05862,1.0591,1.05852,1.05906,0
2023-03-16 09:21:00+00:00,1.05906,1.05957,1.05876,1.05876,0
2023-03-16 09:22:00+00:00,1.05874,1.05876,1.05813,1.05854,0
2023-03-16 09:23:00+00:00,1.05854,1.05887,1.05835,1.05845,0
2023-03-16 09:24:00+00:00,1.05847,1.05851,1.05811,1.05813,0
2023-03-16 09:25:00+00:00,1.05813,1.05833,1.05743,1.05754,0
2023-03-16 09:26:00+00:00,1.05756,1.05764,1.05728,1.05745,0
2023-03-16 09:27:00+00:00,1.05745,1.05774,1.05736,1.0577,0
2023-03-16 09:28:00+00:00,1.0577,1.05793,1.05751,1.05786,0
2023-03-16 09:29:00+00:00,1.05785,1.05802,1.05756,1.05775,0
2023-03-16 09:30:00+00:00,1.05774,1.05779,1.05746,1.05755,0
2023-03-16 09:31:00+00:00,1.05755,1.05775,1.05742,1.05742,0
2023-03-16 09:32:00+00:00,1.05744,1.05791,1.05743,1.05789,0
2023-03-16 09:33:00+00:00,1.05787,1.05793,1.05746,1.05756,0
2023-03-16 09:34:00+00:00,1.05756,1.05801,1.05748,1.05792,0
2023-03-16 09:35:00+00:00,1.05794,1.05797,1.05752,1.05777,0
2023-03-16 09:36:00+00:00,1.05779,1.05817,1.05779,1.05802,0
2023-03-16 09:37:00+00:00,1.05802,1.05815,1.05785,1.058,0
2023-03-16 09:38:00+00:00,1.05799,1.05811,1.05752,1.05793,0
2023-03-16 09:39:00+00:00,1.05793,1.05809,1.05772,1.05799,0
2023-03-16 09:40:00+00:00,1.05797,1.05816,1.05772,1.05802,0
2023-03-16 09:41:00+00:00,1.05802,1.05882,1.05801,1.05878,0
2023-03-16 09:42:00+00:00,1.05876,1.059,1.05866,1.05891,0
2023-03-16 09:43:00+00:00,1.05891,1.05896,1.05802,1.05826,0
2023-03-16 09:44:00+00:00,1.05826,1.05853,1.05816,1.05846,0
2023-03-16 09:45:00+00:00,1.05846,1.05864,1.0583,1.05839,0
2023-03-16 09:46:00+00:00,1.05841,1.05881,1.0583,1.05881,0
2023-03-16 09:47:00+00:00,1.0588,1.05919,1.05867,1.05892,0
2023-03-16 09:48:00+00:00,1.05891,1.05911,1.05887,1.05901,0
2023-03-16 09:49:00+00:00,1.05902,1.05967,1.05901,1.05939,0
2023-03-16 09:50:00+00:00,1.05937,1.05997,1.05918,1.05966,0
2023-03-16 09:51:00+00:00,1.05967,1.06045,1.05967,1.06033,0
2023-03-16 09:52:00+00:00,1.06034,1.06073,1.06021,1.06068,0
2023-03-16 09:53:00+00:00,1.06068,1.06079,1.06038,1.06038,0
2023-03-16 09:54:00+00:00,1.0604,1.06045,1.05972,1.05976,0
2023-03-16 09:55:00+00:00,1.05974,1.05992,1.05944,1.05963,0
2023-03-16 09:56:00+00:00,1.05962,1.06009,1.05957,1.05988,0
2023-03-16 09:57:00+00:00,1.05989,1.06005,1.05974,1.05978,0
2023-03-16 09:58:00+00:00,1.05978,1.05994,1.05941,1.05986,0
2023-03-16 09:59:00+00:00,1.05987,1.06021,1.05969,1.06003,0
2023-03-16 11:00:00+00:00,1.06214,1.06218,1.06192,1.06205,0
2023-03-16 11:01:00+00:00,1.06203,1.06205,1.06164,1.06177,0
2023-03-16 11:02:00+00:00,1.06177,1.06177,1.06136,1.06156,0
2023-03-16 11:03:00+00:00,1.06157,1.06162,1.0613,1.06134,0
2023-03-16 11:04:00+00:00,1.06134,1.06158,1.06127,1.06153,0
2023-03-16 11:05:00+00:00,1.06154,1.06156,1.06115,1.06126,0
2023-03-16 11:06:00+00:00,1.06127,1.06152,1.06127,1.0614,0
2023-03-16 11:07:00+00:00,1.0614,1.06143,1.06105,1.06113,0
2023-03-16 11:08:00+00:00,1.06114,1.06121,1.06091,1.06097,0
2023-03-16 11:09:00+00:00,1.06097,1.06107,1.06073,1.06097,0
2023-03-16 11:10:00+00:00,1.06094,1.06142,1.0609,1.06133,0
2023-03-16 11:11:00+00:00,1.06132,1.06134,1.06093,1.06094,0
2023-03-16 11:12:00+00:00,1.06091,1.06099,1.06071,1.06094,0
2023-03-16 11:13:00+00:00,1.06094,1.06133,1.06086,1.0611,0
2023-03-16 11:14:00+00:00,1.06108,1.06116,1.06092,1.06098,0
2023-03-16 11:15:00+00:00,1.06097,1.06113,1.06083,1.06113,0
2023-03-16 11:16:00+00:00,1.06113,1.06119,1.061,1.06119,0
2023-03-16 11:17:00+00:00,1.06117,1.06122,1.06099,1.06109,0
2023-03-16 11:18:00+00:00,1.06108,1.06115,1.06094,1.06097,0
2023-03-16 11:19:00+00:00,1.06098,1.06115,1.06095,1.06112,0
2023-03-16 11:20:00+00:00,1.06112,1.06123,1.06104,1.06107,0
2023-03-16 11:21:00+00:00,1.06107,1.06156,1.06107,1.06154,0
2023-03-16 11:22:00+00:00,1.06155,1.06182,1.06152,1.06156,0
2023-03-16 11:23:00+00:00,1.06157,1.06163,1.06139,1.06153,0
2023-03-16 11:24:00+00:00,1.06153,1.06163,1.0615,1.06155,0
2023-03-16 11:25:00+00:00,1.06157,1.06174,1.06149,1.06166,0
2023-03-16 11:26:00+00:00,1.06167,1.06219,1.06164,1.0621,0
2023-03-16 11:27:00+00:00,1.06211,1.06212,1.06193,1.06196,0
2023-03-16 11:28:00+00:00,1.06196,1.06201,1.06185,1.06194,0
2023-03-16 11:29:00+00:00,1.06195,1.06206,1.06183,1.06203,0
2023-03-16 11:30:00+00:00,1.06203,1.06227,1.06201,1.06206,0
2023-03-16 11:31:00+00:00,1.06206,1.06216,1.062,1.06204,0
2023-03-16 11:32:00+00:00,1.06205,1.06221,1.06199,1.06211,0
2023-03-16 11:33:00+00:00,1.0621,1.0621,1.06179,1.06181,0
2023-03-16 11:34:00+00:00,1.06182,1.06182,1.0614,1.0614,0
2023-03-16 11:35:00+00:00,1.0614,1.06153,1.0613,1.0615,0
2023-03-16 11:36:00+00:00,1.0615,1.06187,1.0615,1.0618,0
2023-03-16 11:37:00+00:00,1.0618,1.06189,1.06163,1.06182,0
2023-03-16 11:38:00+00:00,1.06182,1.06193,1.06168,1.06184,0
2023-03-16 11:39:00+00:00,1.06185,1.06205,1.06172,1.06185,0
2023-03-16 11:40:00+00:00,1.06185,1.06185,1.06172,1.06184,0
2023-03-16 11:41:00+00:00,1.06184,1.06212,1.06177,1.06194,0
2023-03-16 11:42:00+00:00,1.06195,1.06203,1.0619,1.06198,0
2023-03-16 11:43:00+00:00,1.06199,1.0622,1.06199,1.06214,0
2023-03-16 11:44:00+00:00,1.06214,1.06214,1.06185,1.06201,0
2023-03-16 11:45:00+00:00,1.06201,1.06217,1.06198,1.06205,0
2023-03-16 11:46:00+00:00,1.06204,1.06251,1.06197,1.06239,0
2023-03-16 11:47:00+00:00,1.0624,1.06241,1.06174,1.06193,0
2023-03-16 11:48:00+00:00,1.06192,1.06198,1.06153,1.06155,0
2023-03-16 11:49:00+00:00,1.06156,1.06165,1.0614,1.06158,0
2023-03-16 11:50:00+00:00,1.06158,1.0619,1.06151,1.06169,0
2023-03-16 11:51:00+00:00,1.0617,1.06185,1.06154,1.06167,0
2023-03-16 11:52:00+00:00,1.06168,1.06221,1.06166,1.06195,0
2023-03-16 11:53:00+00:00,1.06195,1.06211,1.0618,1.06198,0
2023-03-16 11:54:00+00:00,1.06198,1.06214,1.06183,1.06214,0
2023-03-16 11:55:00+00:00,1.06214,1.06222,1.06203,1.06222,0
2023-03-16 11:56:00+00:00,1.06221,1.06232,1.06195,1.06202,0
2023-03-16 11:57:00+00:00,1.06202,1.06246,1.06195,1.06246,0
2023-03-16 11:58:00+00:00,1.06246,1.06248,1.06207,1.0621,0
2023-03-16 11:59:00+00:00,1.06211,1.06213,1.06179,1.06185,0
2023-03-16 12:00:00+00:00,1.06186,1.06199,1.06177,1.06189,0
2023-03-16 12:01:00+00:00,1.06191,1.06206,1.06166,1.06166,0
2023-03-16 12:02:00+00:00,1.06165,1.06165,1.0614,1.06141,0
2023-03-16 12:03:00+00:00,1.06142,1.06153,1.06124,1.0614,0
2023-03-16 12:04:00+00:00,1.06142,1.06149,1.06128,1.06137,0
2023-03-16 12:05:00+00:00,1.06137,1.06146,1.06125,1.06146,0
2023-03-16 12:06:00+00:00,1.06143,1.06153,1.06132,1.06153,0
2023-03-16 12:07:00+00:00,1.06152,1.06163,1.06147,1.0616,0
2023-03-16 12:08:00+00:00,1.06159,1.06159,1.06129,1.06145,0
2023-03-16 12:09:00+00:00,1.06143,1.06144,1.06134,1.06137,0
2023-03-16 12:10:00+00:00,1.06138,1.06147,1.06131,1.06133,0
2023-03-16 12:11:00+00:00,1.06132,1.0614,1.06112,1.06112,0
2023-03-16 12:12:00+00:00,1.06111,1.06112,1.06091,1.06095,0
2023-03-16 12:13:00+00:00,1.06095,1.0613,1.06095,1.06127,0
2023-03-16 12:14:00+00:00,1.06129,1.0613,1.06083,1.06088,0
2023-03-16 12:15:00+00:00,1.06089,1.06123,1.06085,1.0612,0
2023-03-16 12:16:00+00:00,1.06121,1.06149,1.06121,1.06147,0
2023-03-16 12:17:00+00:00,1.06146,1.06158,1.06117,1.06123,0
2023-03-16 12:18:00+00:00,1.06126,1.06139,1.06122,1.06126,0
2023-03-16 12:19:00+00:00,1.06126,1.06139,1.06119,1.06121,0
2023-03-16 12:20:00+00:00,1.06121,1.06123,1.06082,1.06089,0
2023-03-16 12:21:00+00:00,1.06089,1.06108,1.0608,1.06105,0
2023-03-16 12:22:00+00:00,1.06104,1.06117,1.06099,1.06105,0
2023-03-16 12:23:00+00:00,1.06105,1.06116,1.06093,1.06108,0
2023-03-16 12:24:00+00:00,1.06107,1.06111,1.06091,1.06093,0
2023-03-16 12:25:00+00:00,1.06094,1.06097,1.06087,1.06096,0
2023-03-16 12:26:00+00:00,1.06098,1.06102,1.06075,1.06094,0
2023-03-16 12:27:00+00:00,1.06095,1.06107,1.06089,1.06097,0
2023-03-16 12:28:00+00:00,1.06096,1.06138,1.06096,1.06124,0
2023-03-16 12:29:00+00:00,1.06126,1.06128,1.06086,1.06087,0
2023-03-16 12:30:00+00:00,1.06087,1.06101,1.06083,1.061,0
2023-03-16 12:31:00+00:00,1.06101,1.06107,1.06094,1.06099,0
2023-03-16 12:32:00+00:00,1.06099,1.06103,1.06089,1.06091,0
2023-03-16 12:33:00+00:00,1.06091,1.06095,1.06077,1.06079,0
2023-03-16 12:34:00+00:00,1.06079,1.0609,1.06069,1.06081,0
2023-03-16 12:35:00+00:00,1.06086,1.0609,1.06076,1.0609,0
2023-03-16 12:36:00+00:00,1.0609,1.0609,1.06065,1.06067,0
2023-03-16 12:37:00+00:00,1.06067,1.06075,1.06063,1.06065,0
2023-03-16 12:38:00+00:00,1.06065,1.06069,1.06043,1.06062,0
2023-03-16 12:39:00+00:00,1.06062,1.06065,1.06051,1.06061,0
2023-03-16 12:40:00+00:00,1.06062,1.06066,1.06041,1.06045,0
2023-03-16 12:41:00+00:00,1.06045,1.06051,1.06033,1.06034,0
2023-03-16 12:42:00+00:00,1.06033,1.06036,1.0601,1.06011,0
2023-03-16 12:43:00+00:00,1.06011,1.06016,1.05999,1.06006,0
2023-03-16 12:44:00+00:00,1.06004,1.06021,1.06002,1.06016,0
2023-03-16 12:45:00+00:00,1.06015,1.0602,1.06004,1.06011,0
2023-03-16 12:46:00+00:00,1.06011,1.06023,1.06005,1.06014,0
2023-03-16 12:47:00+00:00,1.06016,1.06031,1.06015,1.06028,0
2023-03-16 12:48:00+00:00,1.06028,1.06056,1.06028,1.06055,0
2023-03-16 12:49:00+00:00,1.06054,1.06068,1.06053,1.06065,0
2023-03-16 12:50:00+00:00,1.06064,1.06071,1.06028,1.06043,0
2023-03-16 12:51:00+00:00,1.06042,1.06054,1.06023,1.06026,0
2023-03-16 12:52:00+00:00,1.06024,1.06062,1.06022,1.06059,0
2023-03-16 12:53:00+00:00,1.06058,1.06064,1.06034,1.06044,0
2023-03-16 12:54:00+00:00,1.06043,1.06044,1.06,1.06,0
2023-03-16 12:55:00+00:00,1.06,1.06,1.05968,1.05974,0
2023-03-16 12:56:00+00:00,1.05976,1.05979,1.05935,1.05953,0
2023-03-16 12:57:00+00:00,1.05951,1.05954,1.05925,1.05931,0
2023-03-16 12:58:00+00:00,1.05933,1.0594,1.05915,1.05926,0
2023-03-16 12:59:00+00:00,1.05926,1.05938,1.0592,1.05921,0
2023-03-16 15:00:00+00:00,1.06147,1.06149,1.06137,1.06142,0
2023-03-16 15:01:00+00:00,1.06141,1.0616,1.06139,1.0616,0
2023-03-16 15:02:00+00:00,1.06161,1.0617,1.06161,1.06164,0
2023-03-16 15:03:00+00:00,1.06165,1.06165,1.06133,1.06133,0
2023-03-16 15:04:00+00:00,1.06133,1.06133,1.06122,1.06124,0
2023-03-16 15:05:00+00:00,1.06123,1.06124,1.06116,1.06121,0
2023-03-16 15:06:00+00:00,1.06123,1.06132,1.06121,1.06122,0
2023-03-16 15:07:00+00:00,1.06122,1.06122,1.06115,1.06115,0
2023-03-16 15:08:00+00:00,1.06115,1.06119,1.06114,1.06117,0
2023-03-16 15:09:00+00:00,1.06117,1.06117,1.0611,1.06116,0
2023-03-16 15:10:00+00:00,1.06117,1.06117,1.06116,1.06116,0
2023-03-16 15:11:00+00:00,1.06117,1.06117,1.0611,1.0611,0
2023-03-16 15:12:00+00:00,1.06112,1.06112,1.06104,1.06104,0
2023-03-16 15:13:00+00:00,1.06104,1.06118,1.06104,1.06116,0
2023-03-16 15:14:00+00:00,1.06119,1.06127,1.06119,1.06127,0
2023-03-16 15:15:00+00:00,1.06127,1.06132,1.06125,1.06132,0
2023-03-16 15:16:00+00:00,1.06132,1.06141,1.06132,1.06139,0
2023-03-16 15:17:00+00:00,1.06139,1.06139,1.06133,1.06133,0
2023-03-16 15:18:00+00:00,1.06132,1.06133,1.06132,1.06133,0
2023-03-16 15:19:00+00:00,1.06134,1.06137,1.06134,1.06136,0
2023-03-16 15:20:00+00:00,1.06136,1.06136,1.06121,1.06121,0
2023-03-16 15:21:00+00:00,1.06123,1.06124,1.0612,1.0612,0
2023-03-16 15:22:00+00:00,1.0612,1.06134,1.0612,1.06134,0
2023-03-16 15:23:00+00:00,1.06134,1.06134,1.06122,1.06126,0
2023-03-16 15:24:00+00:00,1.06126,1.06127,1.06124,1.06125,0
2023-03-16 15:25:00+00:00,1.06125,1.06126,1.06123,1.06125,0
2023-03-16 15:26:00+00:00,1.06126,1.06128,1.06117,1.06128,0
2023-03-16 15:27:00+00:00,1.0613,1.06135,1.06129,1.0613,0
2023-03-16 15:28:00+00:00,1.06129,1.06132,1.06123,1.06123,0
2023-03-16 15:29:00+00:00,1.06122,1.06125,1.06118,1.0612,0
2023-03-16 15:30:00+00:00,1.0612,1.0612,1.06115,1.06116,0
2023-03-16 15:31:00+00:00,1.06116,1.06118,1.06114,1.06118,0
2023-03-16 15:32:00+00:00,1.06118,1.06134,1.06118,1.06134,0
2023-03-16 15:33:00+00:00,1.06134,1.06137,1.06134,1.06136,0
2023-03-16 15:34:00+00:00,1.06136,1.06137,1.06136,1.06137,0
2023-03-16 15:35:00+00:00,1.06136,1.06137,1.06136,1.06137,0
2023-03-16 15:36:00+00:00,1.06136,1.06136,1.06136,1.06136,0
2023-03-16 15:37:00+00:00,1.06135,1.06136,1.06135,1.06135,0
2023-03-16 15:38:00+00:00,1.06136,1.06136,1.06136,1.06136,0
2023-03-16 15:39:00+00:00,1.06136,1.06136,1.06134,1.06134,0
2023-03-16 15:40:00+00:00,1.06136,1.06138,1.06134,1.06137,0
2023-03-16 15:41:00+00:00,1.06136,1.06137,1.06135,1.06137,0
2023-03-16 15:42:00+00:00,1.06136,1.06138,1.06135,1.06138,0
2023-03-16 15:43:00+00:00,1.06135,1.06138,1.06135,1.06135,0
2023-03-16 15:44:00+00:00,1.06135,1.0614,1.06135,1.06139,0
2023-03-16 15:45:00+00:00,1.06138,1.06146,1.06136,1.06146,0
2023-03-16 15:46:00+00:00,1.06144,1.06145,1.06143,1.06144,0
2023-03-16 15:47:00+00:00,1.06144,1.06151,1.06144,1.06147,0
2023-03-16 15:48:00+00:00,1.06147,1.06161,1.06147,1.06159,0
2023-03-16 15:49:00+00:00,1.06158,1.06162,1.06156,1.06157,0
2023-03-16 15:50:00+00:00,1.06156,1.06157,1.0615,1.06151,0
2023-03-16 15:51:00+00:00,1.06151,1.0616,1.06147,1.0616,0
2023-03-16 15:52:00+00:00,1.06161,1.06165,1.0615,1.06151,0
2023-03-16 15:53:00+00:00,1.06151,1.06159,1.0615,1.06159,0
2023-03-16 15:54:00+00:00,1.06158,1.06158,1.06157,1.06157,0
2023-03-16 15:55:00+00:00,1.06157,1.06157,1.06133,1.06135,0
2023-03-16 15:56:00+00:00,1.06134,1.06135,1.06133,1.06133,0
2023-03-16 15:57:00+00:00,1.06133,1.06133,1.06118,1.06118,0
2023-03-16 15:58:00+00:00,1.0612,1.06139,1.0612,1.06135,0
2023-03-16 15:59:00+00:00,1.06135,1.06136,1.06099,1.06099,0
2023-03-16 17:00:00+00:00,1.06122,1.06122,1.06118,1.06118,0
2023-03-16 17:01:00+00:00,1.06118,1.06118,1.06102,1.06109,0
2023-03-16 17:02:00+00:00,1.06109,1.0611,1.06109,1.0611,0
2023-03-16 17:03:00+00:00,1.06109,1.0611,1.06101,1.0611,0
2023-03-16 17:04:00+00:00,1.06106,1.06109,1.06106,1.06109,0
2023-03-16 17:05:00+00:00,1.0611,1.06111,1.06109,1.06109,0
2023-03-16 17:06:00+00:00,1.06108,1.06108,1.06104,1.06107,0
2023-03-16 17:07:00+00:00,1.06107,1.06111,1.06107,1.06111,0
2023-03-16 17:08:00+00:00,1.06112,1.06119,1.06111,1.06119,0
2023-03-16 17:09:00+00:00,1.0612,1.06129,1.06119,1.06126,0
2023-03-16 17:10:00+00:00,1.06127,1.06129,1.06118,1.06118,0
2023-03-16 17:11:00+00:00,1.06119,1.06127,1.06117,1.06118,0
2023-03-16 17:12:00+00:00,1.0612,1.06128,1.06117,1.06124,0
2023-03-16 17:13:00+00:00,1.06123,1.06129,1.06117,1.06125,0
2023-03-16 17:14:00+00:00,1.06128,1.06128,1.06122,1.06127,0
2023-03-16 17:15:00+00:00,1.06127,1.0613,1.06125,1.06127,0
2023-03-16 17:16:00+00:00,1.06129,1.0613,1.06122,1.06127,0
2023-03-16 17:17:00+00:00,1.06129,1.06129,1.06122,1.06128,0
2023-03-16 17:18:00+00:00,1.06127,1.06137,1.06127,1.06132,0
2023-03-16 17:19:00+00:00,1.06132,1.06137,1.06128,1.06132,0
2023-03-16 17:20:00+00:00,1.06132,1.06137,1.06123,1.06134,0
2023-03-16 17:21:00+00:00,1.06134,1.06137,1.06133,1.06135,0
2023-03-16 17:22:00+00:00,1.06137,1.06142,1.06135,1.06142,0
2023-03-16 17:23:00+00:00,1.06142,1.06143,1.06134,1.06134,0
2023-03-16 17:24:00+00:00,1.06136,1.06136,1.06107,1.06109,0
2023-03-16 17:25:00+00:00,1.0611,1.06129,1.06108,1.06122,0
2023-03-16 17:26:00+00:00,1.0612,1.06138,1.06119,1.06138,0
2023-03-16 17:27:00+00:00,1.06137,1.06145,1.06131,1.06135,0
2023-03-16 17:28:00+00:00,1.06137,1.06152,1.06136,1.0614,0
2023-03-16 17:29:00+00:00,1.0614,1.06141,1.06138,1.06141,0
2023-03-16 17:30:00+00:00,1.06144,1.06155,1.06135,1.06137,0
2023-03-16 17:31:00+00:00,1.06139,1.06143,1.06136,1.06143,0
2023-03-16 17:32:00+00:00,1.06147,1.06148,1.06125,1.06126,0
2023-03-16 17:33:00+00:00,1.0613,1.0614,1.06128,1.06138,0
2023-03-16 17:34:00+00:00,1.06138,1.06138,1.06135,1.06138,0
2023-03-16 17:35:00+00:00,1.06137,1.06138,1.06122,1.06128,0
2023-03-16 17:36:00+00:00,1.06128,1.0613,1.06127,1.0613,0
2023-03-16 17:37:00+00:00,1.06128,1.06137,1.06128,1.06133,0
2023-03-16 17:38:00+00:00,1.06131,1.06135,1.06131,1.06131,0
2023-03-16 17:39:00+00:00,1.06131,1.06136,1.06128,1.06132,0
2023-03-16 17:40:00+00:00,1.06131,1.06137,1.06128,1.06137,0
2023-03-16 17:41:00+00:00,1.06138,1.06146,1.06137,1.06146,0
2023-03-16 17:42:00+00:00,1.06142,1.06142,1.0613,1.0613,0
2023-03-16 17:43:00+00:00,1.06129,1.06134,1.06126,1.06134,0
2023-03-16 17:44:00+00:00,1.06134,1.06134,1.06131,1.06131,0
2023-03-16 17:45:00+00:00,1.06131,1.06131,1.06117,1.06118,0
2023-03-16 17:46:00+00:00,1.06117,1.06119,1.06117,1.06117,0
2023-03-16 17:47:00+00:00,1.06117,1.06118,1.06113,1.06116,0
2023-03-16 17:48:00+00:00,1.06114,1.06117,1.06112,1.06115,0
2023-03-16 17:49:00+00:00,1.06112,1.06114,1.0611,1.06114,0
2023-03-16 17:50:00+00:00,1.06113,1.06113,1.0611,1.06111,0
2023-03-16 17:51:00+00:00,1.0611,1.06114,1.06109,1.06113,0
2023-03-16 17:52:00+00:00,1.06113,1.06118,1.06113,1.06116,0
2023-03-16 17:53:00+00:00,1.06116,1.06119,1.06111,1.06112,0
2023-03-16 17:54:00+00:00,1.06111,1.06116,1.06111,1.06116,0
2023-03-16 17:55:00+00:00,1.06117,1.06118,1.06114,1.06117,0
2023-03-16 17:56:00+00:00,1.06117,1.06124,1.06117,1.06122,0
2023-03-16 17:57:00+00:00,1.06123,1.06128,1.06121,1.06128,0
2023-03-16 17:58:00+00:00,1.06128,1.06131,1.06121,1.06123,0
2023-03-16 17:59:00+00:00,1.06122,1.06123,1.06113,1.06122,0
2023-03-16 19:00:00+00:00,1.06136,1.06144,1.06132,1.06135,0
2023-03-16 19:01:00+00:00,1.06136,1.06144,1.06135,1.06144,0
2023-03-16 19:02:00+00:00,1.06143,1.06155,1.06141,1.06153,0
2023-03-16 19:03:00+00:00,1.06151,1.06151,1.0614,1.06144,0
2023-03-16 19:04:00+00:00,1.06144,1.06147,1.06133,1.06133,0
2023-03-16 19:05:00+00:00,1.06133,1.06141,1.06131,1.06136,0
2023-03-16 19:06:00+00:00,1.06138,1.06138,1.06117,1.06117,0
2023-03-16 19:07:00+00:00,1.06117,1.06139,1.06116,1.06138,0
2023-03-16 19:08:00+00:00,1.06138,1.06149,1.06135,1.06138,0
2023-03-16 19:09:00+00:00,1.06137,1.06155,1.06118,1.06153,0
2023-03-16 19:10:00+00:00,1.06151,1.06157,1.0614,1.06153,0
2023-03-16 19:11:00+00:00,1.06154,1.06169,1.06154,1.06165,0
2023-03-16 19:12:00+00:00,1.06165,1.06194,1.06165,1.06194,0
2023-03-16 19:13:00+00:00,1.06193,1.06202,1.06187,1.06194,0
2023-03-16 19:14:00+00:00,1.06192,1.06192,1.06173,1.06175,0
2023-03-16 19:15:00+00:00,1.06176,1.06179,1.06157,1.06157,0
2023-03-16 19:16:00+00:00,1.06158,1.06165,1.06152,1.06164,0
2023-03-16 19:17:00+00:00,1.06164,1.06164,1.06153,1.06153,0
2023-03-16 19:18:00+00:00,1.06153,1.06164,1.06153,1.06164,0
2023-03-16 19:19:00+00:00,1.06165,1.06168,1.06163,1.06164,0
2023-03-16 19:20:00+00:00,1.06164,1.06164,1.06152,1.06152,0
2023-03-16 19:21:00+00:00,1.06152,1.0616,1.06152,1.06159,0
2023-03-16 19:22:00+00:00,1.0616,1.06165,1.06144,1.06144,0
2023-03-16 19:23:00+00:00,1.06144,1.06145,1.06138,1.06142,0
2023-03-16 19:24:00+00:00,1.06143,1.06143,1.06138,1.06138,0
2023-03-16 19:25:00+00:00,1.06138,1.06148,1.06137,1.06146,0
2023-03-16 19:26:00+00:00,1.06146,1.06149,1.06142,1.06148,0
2023-03-16 19:27:00+00:00,1.06149,1.06152,1.06137,1.06137,0
2023-03-16 19:28:00+00:00,1.06137,1.06138,1.06127,1.06133,0
2023-03-16 19:29:00+00:00,1.06133,1.06133,1.06127,1.06129,0
2023-03-16 19:30:00+00:00,1.0613,1.06135,1.0613,1.06134,0
2023-03-16 19:31:00+00:00,1.06134,1.06134,1.06129,1.06129,0
2023-03-16 19:32:00+00:00,1.06128,1.06143,1.06128,1.06143,0
2023-03-16 19:33:00+00:00,1.06146,1.06152,1.06143,1.06148,0
2023-03-16 19:34:00+00:00,1.06148,1.06166,1.06147,1.06163,0
2023-03-16 19:35:00+00:00,1.06163,1.06173,1.06154,1.06154,0
2023-03-16 19:36:00+00:00,1.06154,1.06154,1.06147,1.06148,0
2023-03-16 19:37:00+00:00,1.0615,1.0615,1.06144,1.06149,0
2023-03-16 19:38:00+00:00,1.06149,1.06153,1.06127,1.06127,0
2023-03-16 19:39:00+00:00,1.06127,1.06133,1.06124,1.06129,0
2023-03-16 19:40:00+00:00,1.06129,1.06137,1.06129,1.06137,0
2023-03-16 19:41:00+00:00,1.06137,1.06146,1.06135,1.06143,0
2023-03-16 19:42:00+00:00,1.06144,1.06149,1.0614,1.06147,0
2023-03-16 19:43:00+00:00,1.06148,1.06148,1.06143,1.06145,0
2023-03-16 19:44:00+00:00,1.06145,1.06149,1.06143,1.06149,0
2023-03-16 19:45:00+00:00,1.06148,1.06151,1.06147,1.06147,0
2023-03-16 19:46:00+00:00,1.06148,1.06153,1.06148,1.06152,0
2023-03-16 19:47:00+00:00,1.06151,1.06152,1.0614,1.0614,0
2023-03-16 19:48:00+00:00,1.06141,1.06149,1.06141,1.06148,0
2023-03-16 19:49:00+00:00,1.06149,1.06159,1.06147,1.06148,0
2023-03-16 19:50:00+00:00,1.06149,1.06156,1.06141,1.06145,0
2023-03-16 19:51:00+00:00,1.06146,1.06146,1.06123,1.06123,0
2023-03-16 19:52:00+00:00,1.06123,1.06128,1.06116,1.06123,0
2023-03-16 19:53:00+00:00,1.06124,1.06127,1.06117,1.06125,0
2023-03-16 19:54:00+00:00,1.06125,1.06127,1.06122,1.06123,0
2023-03-16 19:55:00+00:00,1.06129,1.06158,1.06126,1.06154,0
2023-03-16 19:56:00+00:00,1.06157,1.06158,1.0614,1.06149,0
2023-03-16 19:57:00+00:00,1.06152,1.06161,1.06151,1.06161,0
2023-03-16 19:58:00+00:00,1.06166,1.06173,1.06163,1.06165,0
2023-03-16 19:59:00+00:00,1.06165,1.06182,1.06164,1.06182,0
2023-03-16 20:00:00+00:00,1.06181,1.06187,1.06175,1.06175,0
2023-03-16 20:01:00+00:00,1.06174,1.06183,1.06165,1.06168,0
2023-03-16 20:02:00+00:00,1.06169,1.06176,1.06167,1.06173,0
2023-03-16 20:03:00+00:00,1.06173,1.06173,1.06162,1.06163,0
2023-03-16 20:04:00+00:00,1.06163,1.06163,1.06151,1.06157,0
2023-03-16 20:05:00+00:00,1.06157,1.06157,1.06142,1.06157,0
2023-03-16 20:06:00+00:00,1.06157,1.06163,1.06143,1.06149,0
2023-03-16 20:07:00+00:00,1.06153,1.06175,1.06153,1.06175,0
2023-03-16 20:08:00+00:00,1.06175,1.06179,1.06168,1.06179,0
2023-03-16 20:09:00+00:00,1.06178,1.06194,1.06178,1.06194,0
2023-03-16 20:10:00+00:00,1.06191,1.06205,1.06186,1.06205,0
2023-03-16 20:11:00+00:00,1.06205,1.06219,1.06204,1.06213,0
2023-03-16 20:12:00+00:00,1.06213,1.06213,1.062,1.06206,0
2023-03-16 20:13:00+00:00,1.06205,1.06208,1.06202,1.06203,0
2023-03-16 20:14:00+00:00,1.06204,1.06223,1.06203,1.06207,0
2023-03-16 20:15:00+00:00,1.06207,1.06214,1.06198,1.06214,0
2023-03-16 20:16:00+00:00,1.06215,1.0623,1.06213,1.0623,0
2023-03-16 20:17:00+00:00,1.06228,1.06238,1.06218,1.06223,0
2023-03-16 20:18:00+00:00,1.06222,1.06238,1.06221,1.06233,0
2023-03-16 20:19:00+00:00,1.06232,1.06247,1.06232,1.06244,0
2023-03-16 20:20:00+00:00,1.06243,1.06246,1.06233,1.06243,0
2023-03-16 20:21:00+00:00,1.06244,1.0625,1.06242,1.06247,0
2023-03-16 20:22:00+00:00,1.06247,1.06248,1.06243,1.06246,0
2023-03-16 20:23:00+00:00,1.06247,1.06249,1.06243,1.06243,0
2023-03-16 20:24:00+00:00,1.06243,1.06249,1.06236,1.06238,0
2023-03-16 20:25:00+00:00,1.06237,1.06247,1.06232,1.06247,0
2023-03-16 20:26:00+00:00,1.06248,1.06249,1.06243,1.06246,0
2023-03-16 20:27:00+00:00,1.06246,1.06256,1.06242,1.06256,0
2023-03-16 20:28:00+00:00,1.06256,1.06267,1.06254,1.06266,0
2023-03-16 20:29:00+00:00,1.06267,1.06293,1.06261,1.06288,0
2023-03-16 20:30:00+00:00,1.06289,1.06319,1.06279,1.06281,0
2023-03-16 20:31:00+00:00,1.06282,1.06289,1.06272,1.06277,0
2023-03-16 20:32:00+00:00,1.06276,1.0628,1.06264,1.06266,0
2023-03-16 20:33:00+00:00,1.06265,1.06266,1.06252,1.06261,0
2023-03-16 20:34:00+00:00,1.0626,1.06268,1.06257,1.06266,0
2023-03-16 20:35:00+00:00,1.06266,1.06272,1.06252,1.06255,0
2023-03-16 20:36:00+00:00,1.06254,1.06256,1.06247,1.06247,0
2023-03-16 20:37:00+00:00,1.06248,1.06257,1.06243,1.06252,0
2023-03-16 20:38:00+00:00,1.06251,1.06263,1.06245,1.06259,0
2023-03-16 20:39:00+00:00,1.06258,1.0626,1.06242,1.06243,0
2023-03-16 20:40:00+00:00,1.06244,1.06257,1.06237,1.06256,0
2023-03-16 20:41:00+00:00,1.06257,1.06263,1.0625,1.06253,0
2023-03-16 20:42:00+00:00,1.06252,1.06273,1.06252,1.06272,0
2023-03-16 20:43:00+00:00,1.06273,1.0628,1.06263,1.06264,0
2023-03-16 20:44:00+00:00,1.06265,1.06274,1.06263,1.06263,0
2023-03-16 20:45:00+00:00,1.06262,1.06268,1.06256,1.06264,0
2023-03-16 20:46:00+00:00,1.06264,1.06264,1.06246,1.06248,0
2023-03-16 20:47:00+00:00,1.06247,1.06263,1.06247,1.06255,0
2023-03-16 20:48:00+00:00,1.06255,1.06261,1.06245,1.06258,0
2023-03-16 20:49:00+00:00,1.06258,1.06269,1.06258,1.06264,0
2023-03-16 20:50:00+00:00,1.06264,1.06275,1.06264,1.06273,0
2023-03-16 20:51:00+00:00,1.06275,1.06275,1.06255,1.06255,0
2023-03-16 20:52:00+00:00,1.06257,1.06259,1.06254,1.06255,0
2023-03-16 20:53:00+00:00,1.06255,1.0626,1.06254,1.06259,0
2023-03-16 20:54:00+00:00,1.06258,1.06258,1.06253,1.06254,0
2023-03-16 20:55:00+00:00,1.06253,1.06257,1.06245,1.06252,0
2023-03-16 20:56:00+00:00,1.0625,1.06253,1.0624,1.06244,0
2023-03-16 20:57:00+00:00,1.06243,1.06253,1.06243,1.06253,0
2023-03-16 20:58:00+00:00,1.06253,1.06262,1.06253,1.06262,0
2023-03-16 20:59:00+00:00,1.06263,1.06263,1.06258,1.0626,0
2023-03-16 21:00:00+00:00,1.0626,1.06271,1.06258,1.06264,0
2023-03-16 21:01:00+00:00,1.06265,1.0628,1.06264,1.06269,0
2023-03-16 21:02:00+00:00,1.06269,1.06287,1.06269,1.06286,0
2023-03-16 21:03:00+00:00,1.06286,1.06304,1.06286,1.06304,0
2023-03-16 21:04:00+00:00,1.06305,1.06313,1.06303,1.06306,0
2023-03-16 21:05:00+00:00,1.06305,1.06309,1.06286,1.06296,0
2023-03-16 21:06:00+00:00,1.06296,1.06305,1.06286,1.06287,0
2023-03-16 21:07:00+00:00,1.06287,1.06291,1.06285,1.06285,0
2023-03-16 21:08:00+00:00,1.06287,1.06295,1.06285,1.06292,0
2023-03-16 21:09:00+00:00,1.06293,1.06296,1.0629,1.06296,0
2023-03-16 21:10:00+00:00,1.06295,1.06296,1.06285,1.06288,0
2023-03-16 21:11:00+00:00,1.06289,1.06306,1.06289,1.06299,0
2023-03-16 21:12:00+00:00,1.06301,1.06306,1.06296,1.06302,0
2023-03-16 21:13:00+00:00,1.06301,1.06305,1.06296,1.06302,0
2023-03-16 21:14:00+00:00,1.06301,1.06312,1.06301,1.06303,0
2023-03-16 21:15:00+00:00,1.06303,1.06311,1.06302,1.06309,0
2023-03-16 21:16:00+00:00,1.0631,1.0631,1.06304,1.0631,0
2023-03-16 21:17:00+00:00,1.0631,1.06328,1.06309,1.06318,0
2023-03-16 21:18:00+00:00,1.06319,1.06319,1.0631,1.0631,0
2023-03-16 21:19:00+00:00,1.0631,1.06316,1.0631,1.06316,0
2023-03-16 21:20:00+00:00,1.06316,1.06326,1.06316,1.06319,0
2023-03-16 21:21:00+00:00,1.06319,1.06322,1.06313,1.06318,0
2023-03-16 21:22:00+00:00,1.06319,1.06319,1.06312,1.06313,0
2023-03-16 21:23:00+00:00,1.06313,1.06315,1.06303,1.06304,0
2023-03-16 21:24:00+00:00,1.06303,1.06308,1.06286,1.06287,0
2023-03-16 21:25:00+00:00,1.06288,1.06304,1.06288,1.06303,0
2023-03-16 21:26:00+00:00,1.06304,1.06312,1.06304,1.06307,0
2023-03-16 21:27:00+00:00,1.06306,1.06313,1.06304,1.06312,0
2023-03-16 21:28:00+00:00,1.06312,1.06327,1.0631,1.06325,0
2023-03-16 21:29:00+00:00,1.06326,1.06333,1.06325,1.0633,0
2023-03-16 21:30:00+00:00,1.0633,1.06334,1.06327,1.06328,0
2023-03-16 21:31:00+00:00,1.06329,1.06333,1.06324,1.06329,0
2023-03-16 21:32:00+00:00,1.06329,1.06329,1.06325,1.06325,0
2023-03-16 21:33:00+00:00,1.06325,1.06332,1.06322,1.06328,0
2023-03-16 21:34:00+00:00,1.0633,1.06331,1.06327,1.06328,0
2023-03-16 21:35:00+00:00,1.0633,1.0633,1.06321,1.06326,0
2023-03-16 21:36:00+00:00,1.06325,1.06334,1.06323,1.0633,0
2023-03-16 21:37:00+00:00,1.06332,1.06342,1.06331,1.06334,0
2023-03-16 21:38:00+00:00,1.06334,1.06377,1.06333,1.06377,0
2023-03-16 21:39:00+00:00,1.06377,1.06387,1.06376,1.06379,0
2023-03-16 21:40:00+00:00,1.06378,1.06379,1.0636,1.06369,0
2023-03-16 21:41:00+00:00,1.06367,1.06369,1.06362,1.06368,0
2023-03-16 21:42:00+00:00,1.06367,1.06367,1.06347,1.06348,0
2023-03-16 21:43:00+00:00,1.06349,1.06357,1.06349,1.06353,0
2023-03-16 21:44:00+00:00,1.06354,1.06358,1.06351,1.06354,0
2023-03-16 21:45:00+00:00,1.06353,1.06363,1.06353,1.06354,0
2023-03-16 21:46:00+00:00,1.06355,1.06357,1.06336,1.06338,0
2023-03-16 21:47:00+00:00,1.06337,1.06343,1.06327,1.06327,0
2023-03-16 21:48:00+00:00,1.06326,1.06333,1.06321,1.06327,0
2023-03-16 21:49:00+00:00,1.06328,1.06337,1.06326,1.06337,0
2023-03-16 21:50:00+00:00,1.06337,1.06343,1.06333,1.06334,0
2023-03-16 21:51:00+00:00,1.06334,1.06339,1.06334,1.06337,0
2023-03-16 21:52:00+00:00,1.06337,1.06343,1.06337,1.06339,0
2023-03-16 21:53:00+00:00,1.06338,1.06348,1.06337,1.06347,0
2023-03-16 21:54:00+00:00,1.06348,1.06357,1.06344,1.06349,0
2023-03-16 21:55:00+00:00,1.06348,1.06348,1.06337,1.06337,0
2023-03-16 21:56:00+00:00,1.06338,1.06343,1.06327,1.06334,0
2023-03-16 21:57:00+00:00,1.06335,1.06349,1.06335,1.06348,0
2023-03-16 21:58:00+00:00,1.06346,1.06346,1.0633,1.06335,0
2023-03-16 21:59:00+00:00,1.06335,1.0634,1.06335,1.06337,0
2023-03-16 22:00:00+00:00,1.06336,1.06337,1.06315,1.06318,0
2023-03-16 22:01:00+00:00,1.06316,1.06328,1.06314,1.06323,0
2023-03-16 22:02:00+00:00,1.06324,1.06327,1.06322,1.06322,0
2023-03-16 22:03:00+00:00,1.06323,1.06326,1.06321,1.06326,0
2023-03-16 22:04:00+00:00,1.06325,1.0633,1.06324,1.06328,0
2023-03-16 22:05:00+00:00,1.06329,1.06341,1.06324,1.0634,0
2023-03-16 22:06:00+00:00,1.06341,1.0635,1.0634,1.06346,0
2023-03-16 22:07:00+00:00,1.06346,1.06353,1.06345,1.06351,0
2023-03-16 22:08:00+00:00,1.06351,1.06353,1.06341,1.06343,0
2023-03-16 22:09:00+00:00,1.06345,1.06353,1.06343,1.06353,0
2023-03-16 22:10:00+00:00,1.06354,1.06357,1.06338,1.06343,0
2023-03-16 22:11:00+00:00,1.06343,1.06375,1.06342,1.06368,0
2023-03-16 22:12:00+00:00,1.06369,1.06382,1.06365,1.06382,0
2023-03-16 22:13:00+00:00,1.06381,1.06383,1.0637,1.06372,0
2023-03-16 22:14:00+00:00,1.06373,1.06382,1.06369,1.06382,0
2023-03-16 22:15:00+00:00,1.06383,1.064,1.06383,1.06398,0
2023-03-16 22:16:00+00:00,1.06397,1.06399,1.06386,1.06387,0
2023-03-16 22:17:00+00:00,1.06387,1.0639,1.06383,1.06387,0
2023-03-16 22:18:00+00:00,1.06388,1.06398,1.06386,1.06396,0
2023-03-16 22:19:00+00:00,1.06397,1.0641,1.06391,1.06392,0
2023-03-16 22:20:00+00:00,1.06393,1.06396,1.0639,1.06391,0
2023-03-16 22:21:00+00:00,1.06392,1.06395,1.0639,1.06392,0
2023-03-16 22:22:00+00:00,1.06393,1.06398,1.06378,1.0638,0
2023-03-16 22:23:00+00:00,1.06381,1.06401,1.0638,1.064,0
2023-03-16 22:24:00+00:00,1.064,1.06416,1.064,1.06414,0
2023-03-16 22:25:00+00:00,1.06413,1.06436,1.06411,1.06432,0
2023-03-16 22:26:00+00:00,1.06431,1.06431,1.06411,1.06414,0
2023-03-16 22:27:00+00:00,1.06415,1.06415,1.06406,1.06413,0
2023-03-16 22:28:00+00:00,1.06413,1.06425,1.06411,1.06425,0
2023-03-16 22:29:00+00:00,1.06425,1.0643,1.06418,1.06423,0
2023-03-16 22:30:00+00:00,1.06424,1.06426,1.06419,1.06419,0
2023-03-16 22:31:00+00:00,1.0642,1.06421,1.0641,1.06416,0
2023-03-16 22:32:00+00:00,1.06416,1.06422,1.06407,1.06422,0
2023-03-16 22:33:00+00:00,1.06422,1.06427,1.06421,1.06427,0
2023-03-16 22:34:00+00:00,1.06426,1.06426,1.06418,1.06421,0
2023-03-16 22:35:00+00:00,1.06421,1.06421,1.06413,1.06417,0
2023-03-16 22:36:00+00:00,1.06416,1.06421,1.06412,1.06416,0
2023-03-16 22:37:00+00:00,1.06418,1.06418,1.06415,1.06416,0
2023-03-16 22:38:00+00:00,1.06417,1.06431,1.06417,1.06425,0
2023-03-16 22:39:00+00:00,1.06426,1.06431,1.06421,1.06431,0
2023-03-16 22:40:00+00:00,1.0643,1.06431,1.06422,1.06425,0
2023-03-16 22:41:00+00:00,1.06425,1.0643,1.06425,1.06429,0
2023-03-16 22:42:00+00:00,1.06429,1.06437,1.06429,1.06436,0
2023-03-16 22:43:00+00:00,1.06438,1.06446,1.06438,1.06445,0
2023-03-16 22:44:00+00:00,1.06446,1.06447,1.06434,1.06435,0
2023-03-16 22:45:00+00:00,1.06434,1.06434,1.06412,1.06413,0
2023-03-16 22:46:00+00:00,1.06413,1.06414,1.06394,1.06396,0
2023-03-16 22:47:00+00:00,1.06397,1.06401,1.0639,1.06393,0
2023-03-16 22:48:00+00:00,1.06394,1.06395,1.06383,1.06386,0
2023-03-16 22:49:00+00:00,1.06387,1.06393,1.06386,1.06391,0
2023-03-16 22:50:00+00:00,1.06391,1.06391,1.06381,1.06382,0
2023-03-16 22:51:00+00:00,1.06383,1.06383,1.0637,1.06373,0
2023-03-16 22:52:00+00:00,1.06374,1.06376,1.06371,1.06375,0
2023-03-16 22:53:00+00:00,1.06374,1.0638,1.06374,1.0638,0
2023-03-16 22:54:00+00:00,1.06382,1.06391,1.06382,1.06384,0
2023-03-16 22:55:00+00:00,1.06384,1.06384,1.06375,1.06375,0
2023-03-16 22:56:00+00:00,1.06376,1.06394,1.06375,1.06391,0
2023-03-16 22:57:00+00:00,1.06391,1.06394,1.06383,1.06385,0
2023-03-16 22:58:00+00:00,1.06385,1.06388,1.06373,1.06377,0
2023-03-16 22:59:00+00:00,1.06377,1.06404,1.06377,1.06402,0
2023-03-16 23:00:00+00:00,1.06402,1.06402,1.06392,1.06395,0
2023-03-16 23:01:00+00:00,1.06396,1.06396,1.06388,1.06395,0
2023-03-16 23:02:00+00:00,1.06395,1.06396,1.06393,1.06395,0
2023-03-16 23:03:00+00:00,1.06397,1.06402,1.06397,1.06402,0
2023-03-16 23:04:00+00:00,1.06402,1.06406,1.06399,1.06401,0
2023-03-16 23:05:00+00:00,1.06399,1.06409,1.06399,1.06407,0
2023-03-16 23:06:00+00:00,1.06407,1.06408,1.06404,1.06404,0
2023-03-16 23:07:00+00:00,1.06404,1.06421,1.06399,1.06421,0
2023-03-16 23:08:00+00:00,1.06421,1.06432,1.06418,1.0643,0
2023-03-16 23:09:00+00:00,1.06431,1.0644,1.06429,1.06436,0
2023-03-16 23:10:00+00:00,1.06437,1.06438,1.06426,1.06431,0
2023-03-16 23:11:00+00:00,1.06432,1.06433,1.06423,1.06428,0
2023-03-16 23:12:00+00:00,1.06429,1.06445,1.06428,1.06442,0
2023-03-16 23:13:00+00:00,1.06442,1.0645,1.06434,1.06441,0
2023-03-16 23:14:00+00:00,1.0644,1.06446,1.06438,1.06445,0
2023-03-16 23:15:00+00:00,1.06445,1.06446,1.06443,1.06446,0
2023-03-16 23:16:00+00:00,1.06445,1.06449,1.06441,1.06441,0
2023-03-16 23:17:00+00:00,1.06443,1.06445,1.06437,1.06441,0
2023-03-16 23:18:00+00:00,1.06441,1.06445,1.0644,1.06441,0
2023-03-16 23:19:00+00:00,1.06442,1.06442,1.06436,1.06437,0
2023-03-16 23:20:00+00:00,1.06436,1.06445,1.06435,1.06445,0
2023-03-16 23:21:00+00:00,1.06446,1.06449,1.06443,1.06449,0
2023-03-16 23:22:00+00:00,1.06451,1.06451,1.06444,1.06447,0
2023-03-16 23:23:00+00:00,1.06448,1.0645,1.06444,1.06449,0
2023-03-16 23:24:00+00:00,1.06447,1.06457,1.06445,1.06454,0
2023-03-16 23:25:00+00:00,1.06455,1.06458,1.06452,1.06455,0
2023-03-16 23:26:00+00:00,1.06455,1.06457,1.06441,1.06453,0
2023-03-16 23:27:00+00:00,1.06453,1.06457,1.06453,1.06453,0
2023-03-16 23:28:00+00:00,1.06452,1.06455,1.06451,1.06452,0
2023-03-16 23:29:00+00:00,1.06452,1.06452,1.06442,1.06442,0
2023-03-16 23:30:00+00:00,1.06444,1.06444,1.06436,1.06436,0
2023-03-16 23:31:00+00:00,1.06437,1.06441,1.06433,1.06436,0
2023-03-16 23:32:00+00:00,1.06434,1.06434,1.06423,1.06424,0
2023-03-16 23:33:00+00:00,1.06425,1.0643,1.06421,1.0643,0
2023-03-16 23:34:00+00:00,1.06429,1.0644,1.06429,1.06435,0
2023-03-16 23:35:00+00:00,1.06436,1.06456,1.06436,1.06445,0
2023-03-16 23:36:00+00:00,1.06446,1.06452,1.06435,1.06436,0
2023-03-16 23:37:00+00:00,1.06435,1.06442,1.06434,1.06439,0
2023-03-16 23:38:00+00:00,1.06439,1.06449,1.06436,1.06447,0
2023-03-16 23:39:00+00:00,1.0645,1.06459,1.0645,1.06456,0
2023-03-16 23:40:00+00:00,1.06457,1.06465,1.06455,1.06464,0
2023-03-16 23:41:00+00:00,1.06463,1.06463,1.06454,1.06456,0
2023-03-16 23:42:00+00:00,1.06455,1.06461,1.06452,1.06461,0
2023-03-16 23:43:00+00:00,1.0646,1.06462,1.06454,1.06454,0
2023-03-16 23:44:00+00:00,1.06453,1.06454,1.06451,1.06451,0
2023-03-16 23:45:00+00:00,1.06449,1.06463,1.06447,1.06463,0
2023-03-16 23:46:00+00:00,1.06464,1.06464,1.06458,1.06459,0
2023-03-16 23:47:00+00:00,1.06459,1.06475,1.06457,1.06458,0
2023-03-16 23:48:00+00:00,1.06458,1.06464,1.06457,1.06457,0
2023-03-16 23:49:00+00:00,1.06458,1.06458,1.06451,1.06452,0
2023-03-16 23:50:00+00:00,1.06454,1.06455,1.06451,1.06455,0
2023-03-16 23:51:00+00:00,1.06457,1.06457,1.06454,1.06456,0
2023-03-16 23:52:00+00:00,1.06457,1.06476,1.06455,1.06476,0
2023-03-16 23:53:00+00:00,1.06476,1.06485,1.06476,1.06481,0
2023-03-16 23:54:00+00:00,1.0648,1.06486,1.0648,1.06485,0
2023-03-16 23:55:00+00:00,1.06488,1.06488,1.06475,1.06475,0
2023-03-16 23:56:00+00:00,1.06476,1.06481,1.06475,1.06475,0
2023-03-16 23:57:00+00:00,1.06475,1.06476,1.06471,1.06472,0
2023-03-16 23:58:00+00:00,1.06472,1.06477,1.06472,1.06473,0
2023-03-16 23:59:00+00:00,1.06473,1.06491,1.06473,1.0649,0
2023-03-17 00:00:00+00:00,1.06491,1.06491,1.06482,1.06487,0
2023-03-17 00:01:00+00:00,1.06489,1.06492,1.06482,1.06491,0
2023-03-17 00:02:00+00:00,1.0649,1.06494,1.06486,1.06488,0
2023-03-17 00:03:00+00:00,1.06489,1.06492,1.06478,1.06478,0
2023-03-17 00:04:00+00:00,1.06477,1.06478,1.06469,1.06474,0
2023-03-17 00:05:00+00:00,1.06472,1.06474,1.06467,1.0647,0
2023-03-17 00:06:00+00:00,1.06469,1.0647,1.06446,1.0645,0
2023-03-17 00:07:00+00:00,1.06448,1.06451,1.06442,1.06448,0
2023-03-17 00:08:00+00:00,1.06447,1.06448,1.06443,1.06447,0
2023-03-17 00:09:00+00:00,1.06448,1.06455,1.06448,1.06451,0
2023-03-17 00:10:00+00:00,1.06451,1.06467,1.06451,1.06467,0
2023-03-17 00:11:00+00:00,1.06466,1.06468,1.06455,1.06455,0
2023-03-17 00:12:00+00:00,1.06457,1.06465,1.06456,1.06464,0
2023-03-17 00:13:00+00:00,1.06465,1.06476,1.06465,1.06472,0
2023-03-17 00:14:00+00:00,1.06473,1.06488,1.06473,1.06487,0
2023-03-17 00:15:00+00:00,1.06488,1.06489,1.06483,1.06488,0
2023-03-17 00:16:00+00:00,1.06487,1.06492,1.0647,1.06471,0
2023-03-17 00:17:00+00:00,1.06472,1.06487,1.06471,1.06487,0
2023-03-17 00:18:00+00:00,1.06486,1.06493,1.06485,1.06486,0
2023-03-17 00:19:00+00:00,1.06487,1.06488,1.06485,1.06487,0
2023-03-17 00:20:00+00:00,1.06488,1.06492,1.06487,1.06492,0
2023-03-17 00:21:00+00:00,1.06489,1.06493,1.06487,1.06488,0
2023-03-17 00:22:00+00:00,1.06487,1.06494,1.06485,1.06492,0
2023-03-17 00:23:00+00:00,1.06492,1.06493,1.0649,1.06491,0
2023-03-17 00:24:00+00:00,1.06492,1.06492,1.06482,1.06483,0
2023-03-17 00:25:00+00:00,1.06482,1.06486,1.06475,1.06476,0
2023-03-17 00:26:00+00:00,1.06474,1.06474,1.06455,1.06457,0
2023-03-17 00:27:00+00:00,1.06458,1.06473,1.06458,1.06459,0
2023-03-17 00:28:00+00:00,1.0646,1.06473,1.06458,1.0647,0
2023-03-17 00:29:00+00:00,1.0647,1.06475,1.06468,1.06472,0
2023-03-17 00:30:00+00:00,1.06473,1.06495,1.06473,1.06484,0
2023-03-17 00:31:00+00:00,1.06485,1.06489,1.06481,1.06489,0
2023-03-17 00:32:00+00:00,1.06487,1.06496,1.06487,1.06492,0
2023-03-17 00:33:00+00:00,1.06494,1.06506,1.06482,1.06484,0
2023-03-17 00:34:00+00:00,1.06485,1.06489,1.06481,1.06489,0
2023-03-17 00:35:00+00:00,1.0649,1.0649,1.06484,1.06485,0
2023-03-17 00:36:00+00:00,1.06486,1.06496,1.06486,1.06494,0
2023-03-17 00:37:00+00:00,1.06494,1.06497,1.06485,1.06485,0
2023-03-17 00:38:00+00:00,1.06483,1.06494,1.06481,1.06489,0
2023-03-17 00:39:00+00:00,1.06487,1.06487,1.06481,1.06484,0
2023-03-17 00:40:00+00:00,1.06484,1.06486,1.06482,1.06484,0
2023-03-17 00:41:00+00:00,1.06484,1.0649,1.06472,1.06472,0
2023-03-17 00:42:00+00:00,1.06473,1.06476,1.06452,1.06466,0
2023-03-17 00:43:00+00:00,1.06467,1.06473,1.06467,1.0647,0
2023-03-17 00:44:00+00:00,1.0647,1.06471,1.06461,1.06462,0
2023-03-17 00:45:00+00:00,1.06463,1.06469,1.06447,1.06457,0
2023-03-17 00:46:00+00:00,1.06457,1.06462,1.06453,1.06456,0
2023-03-17 00:47:00+00:00,1.06457,1.06469,1.06455,1.06468,0
2023-03-17 00:48:00+00:00,1.06469,1.06479,1.06468,1.06468,0
2023-03-17 00:49:00+00:00,1.06469,1.06469,1.06455,1.06459,0
2023-03-17 00:50:00+00:00,1.06458,1.06472,1.06458,1.06472,0
2023-03-17 00:51:00+00:00,1.06471,1.06475,1.06462,1.06462,0
2023-03-17 00:52:00+00:00,1.06463,1.06463,1.06452,1.06463,0
2023-03-17 00:53:00+00:00,1.06463,1.06467,1.06461,1.06466,0
2023-03-17 00:54:00+00:00,1.06466,1.06467,1.06458,1.0646,0
2023-03-17 00:55:00+00:00,1.06458,1.06479,1.06457,1.06479,0
2023-03-17 00:56:00+00:00,1.0648,1.0648,1.0647,1.06475,0
2023-03-17 00:57:00+00:00,1.06476,1.06486,1.06475,1.06485,0
2023-03-17 00:58:00+00:00,1.06486,1.06487,1.0647,1.0647,0
2023-03-17 00:59:00+00:00,1.06472,1.06486,1.06471,1.06484,0
2023-03-17 01:00:00+00:00,1.06485,1.06485,1.06476,1.06477,0
2023-03-17 01:01:00+00:00,1.06479,1.0648,1.0646,1.06465,0
2023-03-17 01:02:00+00:00,1.06465,1.06468,1.0646,1.06463,0
2023-03-17 01:03:00+00:00,1.06463,1.06463,1.06449,1.06456,0
2023-03-17 01:04:00+00:00,1.06455,1.06456,1.06444,1.06452,0
2023-03-17 01:05:00+00:00,1.06451,1.06467,1.06451,1.06463,0
2023-03-17 01:06:00+00:00,1.06462,1.06467,1.06451,1.06466,0
2023-03-17 01:07:00+00:00,1.06467,1.06474,1.06465,1.06468,0
2023-03-17 01:08:00+00:00,1.06468,1.06473,1.06462,1.06468,0
2023-03-17 01:09:00+00:00,1.06468,1.06471,1.06458,1.06463,0
2023-03-17 01:10:00+00:00,1.06463,1.0648,1.06461,1.06476,0
2023-03-17 01:11:00+00:00,1.06474,1.06483,1.06472,1.06483,0
2023-03-17 01:12:00+00:00,1.06482,1.06483,1.06472,1.06473,0
2023-03-17 01:13:00+00:00,1.06474,1.06483,1.06462,1.06475,0
2023-03-17 01:14:00+00:00,1.06474,1.06477,1.06454,1.0646,0
2023-03-17 01:15:00+00:00,1.06459,1.06465,1.06457,1.06457,0
2023-03-17 01:16:00+00:00,1.06458,1.06461,1.06446,1.06457,0
2023-03-17 01:17:00+00:00,1.06458,1.06463,1.06457,1.06459,0
2023-03-17 01:18:00+00:00,1.06459,1.0647,1.06451,1.06457,0
2023-03-17 01:19:00+00:00,1.06459,1.06473,1.06459,1.06471,0
2023-03-17 01:20:00+00:00,1.0647,1.0647,1.06457,1.06463,0
2023-03-17 01:21:00+00:00,1.06463,1.06463,1.06454,1.06462,0
2023-03-17 01:22:00+00:00,1.06463,1.06467,1.06457,1.06462,0
2023-03-17 01:23:00+00:00,1.06464,1.06482,1.06464,1.06482,0
2023-03-17 01:24:00+00:00,1.06481,1.06498,1.06481,1.06496,0
2023-03-17 01:25:00+00:00,1.06495,1.06497,1.06485,1.0649,0
2023-03-17 01:26:00+00:00,1.06489,1.0649,1.06485,1.06486,0
2023-03-17 01:27:00+00:00,1.06485,1.06485,1.06469,1.06469,0
2023-03-17 01:28:00+00:00,1.06469,1.06473,1.06465,1.06471,0
2023-03-17 01:29:00+00:00,1.06472,1.06476,1.06466,1.06473,0
2023-03-17 01:30:00+00:00,1.06474,1.0649,1.06473,1.06489,0
2023-03-17 01:31:00+00:00,1.06487,1.06489,1.06475,1.06475,0
2023-03-17 01:32:00+00:00,1.06477,1.06479,1.06469,1.06472,0
2023-03-17 01:33:00+00:00,1.06473,1.06473,1.06453,1.06456,0
2023-03-17 01:34:00+00:00,1.06456,1.06469,1.06455,1.06467,0
2023-03-17 01:35:00+00:00,1.06469,1.06478,1.06468,1.06475,0
2023-03-17 01:36:00+00:00,1.06474,1.06474,1.06462,1.06462,0
2023-03-17 01:37:00+00:00,1.06463,1.06472,1.06458,1.06461,0
2023-03-17 01:38:00+00:00,1.06462,1.06462,1.06447,1.06461,0
2023-03-17 01:39:00+00:00,1.06462,1.06476,1.06457,1.06475,0
2023-03-17 01:40:00+00:00,1.06476,1.06497,1.06475,1.06476,0
2023-03-17 01:41:00+00:00,1.06477,1.06484,1.06475,1.06479,0
2023-03-17 01:42:00+00:00,1.06478,1.06479,1.06476,1.06477,0
2023-03-17 01:43:00+00:00,1.06476,1.06487,1.06475,1.06487,0
2023-03-17 01:44:00+00:00,1.06487,1.06493,1.06483,1.06485,0
2023-03-17 01:45:00+00:00,1.06485,1.06488,1.06483,1.06484,0
2023-03-17 01:46:00+00:00,1.06486,1.0649,1.06481,1.06489,0
2023-03-17 01:47:00+00:00,1.06491,1.06494,1.06487,1.06488,0
2023-03-17 01:48:00+00:00,1.0649,1.06491,1.06486,1.06487,0
2023-03-17 01:49:00+00:00,1.06487,1.06491,1.06472,1.06487,0
2023-03-17 01:50:00+00:00,1.06486,1.06497,1.06481,1.06494,0
2023-03-17 01:51:00+00:00,1.06495,1.06514,1.06495,1.06509,0
2023-03-17 01:52:00+00:00,1.0651,1.0653,1.0651,1.06527,0
2023-03-17 01:53:00+00:00,1.06529,1.0657,1.06529,1.06569,0
2023-03-17 01:54:00+00:00,1.06568,1.06568,1.06558,1.06567,0
2023-03-17 01:55:00+00:00,1.0657,1.06588,1.06569,1.06582,0
2023-03-17 01:56:00+00:00,1.06584,1.06605,1.06584,1.06601,0
2023-03-17 01:57:00+00:00,1.066,1.06608,1.06591,1.06599,0
2023-03-17 01:58:00+00:00,1.06598,1.06605,1.06595,1.06599,0
2023-03-17 01:59:00+00:00,1.06599,1.06628,1.06599,1.06627,0
2023-03-17 02:00:00+00:00,1.06626,1.06626,1.06579,1.06595,0
2023-03-17 02:01:00+00:00,1.06595,1.06627,1.0659,1.06621,0
2023-03-17 02:02:00+00:00,1.06619,1.06674,1.06619,1.06641,0
2023-03-17 02:03:00+00:00,1.06646,1.06647,1.06626,1.06633,0
2023-03-17 02:04:00+00:00,1.06632,1.06655,1.06632,1.06639,0
2023-03-17 02:05:00+00:00,1.06639,1.06692,1.06639,1.0669,0
2023-03-17 02:06:00+00:00,1.06692,1.06693,1.0665,1.0665,0
2023-03-17 02:07:00+00:00,1.0665,1.0666,1.06647,1.06647,0
2023-03-17 02:08:00+00:00,1.06646,1.06646,1.06619,1.06625,0
2023-03-17 02:09:00+00:00,1.06624,1.0664,1.06621,1.06627,0
2023-03-17 02:10:00+00:00,1.06627,1.06635,1.06614,1.06626,0
2023-03-17 02:11:00+00:00,1.06626,1.06651,1.06616,1.06616,0
2023-03-17 02:12:00+00:00,1.06617,1.06625,1.06605,1.06613,0
2023-03-17 02:13:00+00:00,1.06612,1.06631,1.06606,1.06627,0
2023-03-17 02:14:00+00:00,1.06627,1.06643,1.06617,1.06633,0
2023-03-17 02:15:00+00:00,1.06634,1.06665,1.06634,1.06664,0
2023-03-17 02:16:00+00:00,1.06664,1.0667,1.06655,1.06664,0
2023-03-17 02:17:00+00:00,1.06665,1.06681,1.06665,1.06667,0
2023-03-17 02:18:00+00:00,1.06668,1.06669,1.06659,1.06659,0
2023-03-17 02:19:00+00:00,1.06658,1.06665,1.06654,1.06655,0
2023-03-17 02:20:00+00:00,1.06654,1.0667,1.06642,1.0666,0
2023-03-17 02:21:00+00:00,1.0666,1.06666,1.06657,1.06658,0
2023-03-17 02:22:00+00:00,1.06659,1.06664,1.06602,1.06619,0
2023-03-17 02:23:00+00:00,1.06619,1.06625,1.06612,1.06623,0
2023-03-17 02:24:00+00:00,1.06624,1.06637,1.06616,1.06621,0
2023-03-17 02:25:00+00:00,1.06622,1.0663,1.06613,1.0663,0
2023-03-17 02:26:00+00:00,1.06632,1.06666,1.06632,1.06659,0
2023-03-17 02:27:00+00:00,1.06659,1.0666,1.06646,1.06659,0
2023-03-17 02:28:00+00:00,1.06659,1.06665,1.06646,1.06646,0
2023-03-17 02:29:00+00:00,1.06647,1.06659,1.06643,1.06651,0
2023-03-17 02:30:00+00:00,1.06655,1.06681,1.0665,1.0668,0
2023-03-17 02:31:00+00:00,1.06681,1.06688,1.06651,1.06654,0
2023-03-17 02:32:00+00:00,1.06654,1.06654,1.06616,1.06631,0
2023-03-17 02:33:00+00:00,1.06631,1.06637,1.06619,1.06631,0
2023-03-17 02:34:00+00:00,1.06632,1.06641,1.06628,1.06638,0
2023-03-17 02:35:00+00:00,1.06639,1.06664,1.06638,1.06662,0
2023-03-17 02:36:00+00:00,1.06662,1.06663,1.0664,1.06642,0
2023-03-17 02:37:00+00:00,1.06642,1.06642,1.06629,1.06629,0
2023-03-17 02:38:00+00:00,1.06627,1.06627,1.06614,1.06615,0
2023-03-17 02:39:00+00:00,1.06615,1.06624,1.06615,1.06621,0
2023-03-17 02:40:00+00:00,1.06622,1.06637,1.0661,1.06618,0
2023-03-17 02:41:00+00:00,1.06617,1.06635,1.06613,1.06628,0
2023-03-17 02:42:00+00:00,1.06628,1.06628,1.06599,1.06604,0
2023-03-17 02:43:00+00:00,1.06603,1.06618,1.06603,1.06614,0
2023-03-17 02:44:00+00:00,1.06612,1.0662,1.06609,1.06611,0
2023-03-17 02:45:00+00:00,1.06611,1.06624,1.06608,1.06612,0
2023-03-17 02:46:00+00:00,1.06614,1.06657,1.0661,1.06641,0
2023-03-17 02:47:00+00:00,1.0664,1.06691,1.06639,1.06685,0
2023-03-17 02:48:00+00:00,1.06686,1.06691,1.06674,1.06684,0
2023-03-17 02:49:00+00:00,1.06683,1.06683,1.06662,1.0668,0
2023-03-17 02:50:00+00:00,1.06681,1.06691,1.06664,1.06665,0
2023-03-17 02:51:00+00:00,1.06667,1.06676,1.06657,1.06661,0
2023-03-17 02:52:00+00:00,1.06662,1.06676,1.06662,1.06667,0
2023-03-17 02:53:00+00:00,1.06668,1.06676,1.06664,1.06664,0
2023-03-17 02:54:00+00:00,1.06665,1.06665,1.06644,1.06644,0
2023-03-17 02:55:00+00:00,1.06643,1.06644,1.06617,1.06635,0
2023-03-17 02:56:00+00:00,1.06636,1.06657,1.06628,1.06651,0
2023-03-17 02:57:00+00:00,1.06652,1.06687,1.06638,1.06638,0
2023-03-17 02:58:00+00:00,1.06639,1.06658,1.06638,1.06642,0
2023-03-17 02:59:00+00:00,1.06642,1.06647,1.06615,1.06625,0
2023-03-17 03:00:00+00:00,1.06625,1.06657,1.06595,1.06639,0
2023-03-17 03:01:00+00:00,1.06641,1.06649,1.06618,1.06618,0
2023-03-17 03:02:00+00:00,1.06617,1.0663,1.06604,1.06623,0
2023-03-17 03:03:00+00:00,1.06624,1.06661,1.06614,1.06639,0
2023-03-17 03:04:00+00:00,1.06638,1.06652,1.06628,1.06635,0
2023-03-17 03:05:00+00:00,1.06634,1.0668,1.06634,1.06653,0
2023-03-17 03:06:00+00:00,1.06653,1.06667,1.06613,1.06619,0
2023-03-17 03:07:00+00:00,1.06621,1.06648,1.06621,1.06648,0
2023-03-17 03:08:00+00:00,1.06645,1.06671,1.06638,1.06668,0
2023-03-17 03:09:00+00:00,1.06672,1.06692,1.06672,1.06677,0
2023-03-17 03:10:00+00:00,1.06677,1.06699,1.06676,1.0669,0
2023-03-17 03:11:00+00:00,1.06689,1.06695,1.06647,1.06647,0
2023-03-17 03:12:00+00:00,1.06646,1.06647,1.06604,1.06623,0
2023-03-17 03:13:00+00:00,1.06623,1.06635,1.06614,1.06628,0
2023-03-17 03:14:00+00:00,1.06629,1.06629,1.06582,1.06603,0
2023-03-17 03:15:00+00:00,1.06602,1.06634,1.06595,1.06598,0
2023-03-17 03:16:00+00:00,1.06601,1.06623,1.06598,1.06623,0
2023-03-17 03:17:00+00:00,1.06623,1.0663,1.06594,1.06594,0
2023-03-17 03:18:00+00:00,1.06593,1.06606,1.0657,1.06584,0
2023-03-17 03:19:00+00:00,1.06584,1.06585,1.06552,1.06565,0
2023-03-17 03:20:00+00:00,1.06564,1.06599,1.06563,1.06598,0
2023-03-17 03:21:00+00:00,1.06597,1.06597,1.0657,1.0657,0
2023-03-17 03:22:00+00:00,1.06574,1.06576,1.06558,1.06568,0
2023-03-17 03:23:00+00:00,1.06568,1.06617,1.06567,1.06605,0
2023-03-17 03:24:00+00:00,1.0661,1.06622,1.066,1.06606,0
2023-03-17 03:25:00+00:00,1.06604,1.06611,1.06573,1.06592,0
2023-03-17 03:26:00+00:00,1.06592,1.06595,1.06569,1.06573,0
2023-03-17 03:27:00+00:00,1.06572,1.06588,1.06556,1.06558,0
2023-03-17 03:28:00+00:00,1.06558,1.06571,1.06547,1.06552,0
2023-03-17 03:29:00+00:00,1.0655,1.06554,1.06515,1.06518,0
2023-03-17 03:30:00+00:00,1.0652,1.06561,1.0652,1.06553,0
2023-03-17 03:31:00+00:00,1.06552,1.06578,1.06533,1.0654,0
2023-03-17 03:32:00+00:00,1.0654,1.06569,1.06518,1.06564,0
2023-03-17 03:33:00+00:00,1.06565,1.06578,1.06548,1.06575,0
2023-03-17 03:34:00+00:00,1.06577,1.06581,1.06548,1.06578,0
2023-03-17 03:35:00+00:00,1.06578,1.0659,1.06567,1.06573,0
2023-03-17 03:36:00+00:00,1.06574,1.06579,1.06559,1.06561,0
2023-03-17 03:37:00+00:00,1.06561,1.06567,1.06552,1.06558,0
2023-03-17 03:38:00+00:00,1.06559,1.06615,1.06557,1.06614,0
2023-03-17 03:39:00+00:00,1.06614,1.06614,1.06597,1.06614,0
2023-03-17 03:40:00+00:00,1.06614,1.06623,1.06594,1.06605,0
2023-03-17 03:41:00+00:00,1.06606,1.06614,1.06598,1.06609,0
2023-03-17 03:42:00+00:00,1.0661,1.06627,1.0661,1.06619,0
2023-03-17 03:43:00+00:00,1.06618,1.06618,1.06594,1.06603,0
2023-03-17 03:44:00+00:00,1.06602,1.06612,1.06596,1.066,0
2023-03-17 03:45:00+00:00,1.06598,1.06606,1.06576,1.06579,0
2023-03-17 03:46:00+00:00,1.0658,1.06589,1.0658,1.06587,0
2023-03-17 03:47:00+00:00,1.06588,1.06595,1.06584,1.06588,0
2023-03-17 03:48:00+00:00,1.06586,1.06586,1.06563,1.06573,0
2023-03-17 03:49:00+00:00,1.06576,1.0658,1.06557,1.06571,0
2023-03-17 03:50:00+00:00,1.0657,1.06581,1.06561,1.06563,0
2023-03-17 03:51:00+00:00,1.06563,1.06577,1.06561,1.0657,0
2023-03-17 03:52:00+00:00,1.0657,1.06574,1.06559,1.0656,0
2023-03-17 03:53:00+00:00,1.06559,1.06577,1.06559,1.06568,0
2023-03-17 03:54:00+00:00,1.06568,1.06576,1.06556,1.06574,0
2023-03-17 03:55:00+00:00,1.06574,1.06574,1.06541,1.06548,0
2023-03-17 03:56:00+00:00,1.06548,1.06566,1.06546,1.06564,0
2023-03-17 03:57:00+00:00,1.06565,1.06569,1.0655,1.06554,0
2023-03-17 03:58:00+00:00,1.06552,1.06552,1.06532,1.06532,0
2023-03-17 03:59:00+00:00,1.06531,1.06535,1.06521,1.06521,0
2023-03-17 04:00:00+00:00,1.06524,1.06557,1.06521,1.06545,0
2023-03-17 04:01:00+00:00,1.06544,1.06561,1.06531,1.06556,0
2023-03-17 04:02:00+00:00,1.06554,1.06587,1.06551,1.06587,0
2023-03-17 04:03:00+00:00,1.06587,1.06598,1.06568,1.06568,0
2023-03-17 04:04:00+00:00,1.06567,1.06583,1.06554,1.06562,0
2023-03-17 04:05:00+00:00,1.06564,1.06574,1.0654,1.06548,0
2023-03-17 04:06:00+00:00,1.06548,1.06552,1.0654,1.06541,0
2023-03-17 04:07:00+00:00,1.06541,1.06555,1.0653,1.0654,0
2023-03-17 04:08:00+00:00,1.06541,1.06547,1.06532,1.06537,0
2023-03-17 04:09:00+00:00,1.06537,1.06544,1.06534,1.06535,0
2023-03-17 04:10:00+00:00,1.06534,1.0656,1.06528,1.06556,0
2023-03-17 04:11:00+00:00,1.06555,1.06563,1.06554,1.06556,0
2023-03-17 04:12:00+00:00,1.06557,1.06557,1.06543,1.06543,0
2023-03-17 04:13:00+00:00,1.06544,1.06547,1.0654,1.06541,0
2023-03-17 04:14:00+00:00,1.06541,1.06552,1.06525,1.06541,0
2023-03-17 04:15:00+00:00,1.06541,1.06563,1.06536,1.06562,0
2023-03-17 04:16:00+00:00,1.06561,1.06577,1.06561,1.06567,0
2023-03-17 04:17:00+00:00,1.06567,1.0658,1.06555,1.06557,0
2023-03-17 04:18:00+00:00,1.06556,1.06556,1.06531,1.06536,0
2023-03-17 04:19:00+00:00,1.06535,1.06537,1.06528,1.0653,0
2023-03-17 04:20:00+00:00,1.06531,1.06538,1.06514,1.06515,0
2023-03-17 04:21:00+00:00,1.06515,1.06515,1.06492,1.06496,0
2023-03-17 04:22:00+00:00,1.06494,1.06507,1.0649,1.06502,0
2023-03-17 04:23:00+00:00,1.06499,1.06504,1.06489,1.06489,0
2023-03-17 04:24:00+00:00,1.06492,1.06493,1.06479,1.06491,0
2023-03-17 04:25:00+00:00,1.0649,1.06494,1.06463,1.06463,0
2023-03-17 04:26:00+00:00,1.06467,1.0647,1.06459,1.0646,0
2023-03-17 04:27:00+00:00,1.06461,1.06466,1.06428,1.06449,0
2023-03-17 04:28:00+00:00,1.06449,1.06467,1.06449,1.06458,0
2023-03-17 04:29:00+00:00,1.06459,1.06459,1.06439,1.0644,0
2023-03-17 04:30:00+00:00,1.0644,1.06462,1.06434,1.06454,0
2023-03-17 04:31:00+00:00,1.06455,1.06485,1.06453,1.06476,0
2023-03-17 04:32:00+00:00,1.06476,1.06505,1.06475,1.06498,0
2023-03-17 04:33:00+00:00,1.06499,1.06499,1.06475,1.06479,0
2023-03-17 04:34:00+00:00,1.0648,1.06501,1.06475,1.06501,0
2023-03-17 04:35:00+00:00,1.065,1.06501,1.06479,1.0648,0
2023-03-17 04:36:00+00:00,1.0648,1.06489,1.06476,1.06486,0
2023-03-17 04:37:00+00:00,1.06487,1.06513,1.06485,1.06502,0
2023-03-17 04:38:00+00:00,1.06501,1.06507,1.06494,1.06495,0
2023-03-17 04:39:00+00:00,1.06494,1.06518,1.06491,1.06518,0
2023-03-17 04:40:00+00:00,1.06517,1.06532,1.06505,1.06515,0
2023-03-17 04:41:00+00:00,1.06514,1.06522,1.06501,1.06508,0
2023-03-17 04:42:00+00:00,1.06509,1.06509,1.06488,1.06503,0
2023-03-17 04:43:00+00:00,1.06503,1.06511,1.06482,1.06483,0
2023-03-17 04:44:00+00:00,1.06482,1.06487,1.06467,1.06473,0
2023-03-17 04:45:00+00:00,1.06472,1.06473,1.06459,1.06464,0
2023-03-17 04:46:00+00:00,1.06463,1.06465,1.06452,1.06452,0
2023-03-17 04:47:00+00:00,1.06452,1.06465,1.06451,1.06456,0
2023-03-17 04:48:00+00:00,1.06454,1.06462,1.06441,1.06449,0
2023-03-17 04:49:00+00:00,1.06449,1.06452,1.06435,1.06441,0
2023-03-17 04:50:00+00:00,1.06439,1.0645,1.0643,1.06442,0
2023-03-17 04:51:00+00:00,1.06442,1.06447,1.06426,1.06432,0
2023-03-17 04:52:00+00:00,1.06432,1.06432,1.06414,1.06429,0
2023-03-17 04:53:00+00:00,1.06429,1.06432,1.06406,1.06421,0
2023-03-17 04:54:00+00:00,1.06422,1.06425,1.06404,1.06406,0
2023-03-17 04:55:00+00:00,1.06408,1.06416,1.064,1.06406,0
2023-03-17 04:56:00+00:00,1.06406,1.06441,1.06403,1.06439,0
2023-03-17 04:57:00+00:00,1.06438,1.06461,1.06437,1.06457,0
2023-03-17 04:58:00+00:00,1.06457,1.06483,1.06457,1.06464,0
2023-03-17 04:59:00+00:00,1.06463,1.06477,1.06461,1.06467,0
2023-03-17 05:00:00+00:00,1.06467,1.06468,1.06447,1.06448,0
2023-03-17 05:01:00+00:00,1.06447,1.06452,1.06432,1.06432,0
2023-03-17 05:02:00+00:00,1.06431,1.06441,1.06414,1.06425,0
2023-03-17 05:03:00+00:00,1.06425,1.06438,1.06422,1.06425,0
2023-03-17 05:04:00+00:00,1.06424,1.06452,1.06424,1.06446,0
2023-03-17 05:05:00+00:00,1.06445,1.06449,1.06404,1.06405,0
2023-03-17 05:06:00+00:00,1.06406,1.06413,1.06399,1.06399,0
2023-03-17 05:07:00+00:00,1.06399,1.06405,1.06374,1.06374,0
2023-03-17 05:08:00+00:00,1.06375,1.06394,1.06373,1.06394,0
2023-03-17 05:09:00+00:00,1.06393,1.06407,1.06385,1.06402,0
2023-03-17 05:10:00+00:00,1.06402,1.06427,1.06401,1.06405,0
2023-03-17 05:11:00+00:00,1.06406,1.06409,1.06391,1.064,0
2023-03-17 05:12:00+00:00,1.06399,1.06399,1.06362,1.06374,0
2023-03-17 05:13:00+00:00,1.06374,1.06397,1.06368,1.0637,0
2023-03-17 05:14:00+00:00,1.06371,1.06371,1.06346,1.06357,0
2023-03-17 05:15:00+00:00,1.06358,1.06366,1.06348,1.06356,0
2023-03-17 05:16:00+00:00,1.06355,1.06369,1.06355,1.06367,0
2023-03-17 05:17:00+00:00,1.06366,1.06368,1.06321,1.06331,0
2023-03-17 05:18:00+00:00,1.06332,1.06335,1.06318,1.06327,0
2023-03-17 05:19:00+00:00,1.06326,1.06329,1.06312,1.06316,0
2023-03-17 05:20:00+00:00,1.06314,1.0635,1.06314,1.06347,0
2023-03-17 05:21:00+00:00,1.06346,1.06351,1.0634,1.06345,0
2023-03-17 05:22:00+00:00,1.06344,1.06355,1.06341,1.06347,0
2023-03-17 05:23:00+00:00,1.06348,1.06375,1.06346,1.06372,0
2023-03-17 05:24:00+00:00,1.06372,1.06372,1.06345,1.06353,0
2023-03-17 05:25:00+00:00,1.06354,1.06362,1.06345,1.06355,0
2023-03-17 05:26:00+00:00,1.06354,1.06368,1.06354,1.06358,0
2023-03-17 05:27:00+00:00,1.06358,1.06358,1.06342,1.06343,0
2023-03-17 05:28:00+00:00,1.06344,1.06375,1.06342,1.06374,0
2023-03-17 05:29:00+00:00,1.06375,1.06385,1.06368,1.06377,0
2023-03-17 05:30:00+00:00,1.06379,1.0639,1.06368,1.06377,0
2023-03-17 05:31:00+00:00,1.06375,1.06382,1.06364,1.06366,0
2023-03-17 05:32:00+00:00,1.06367,1.06377,1.06367,1.0637,0
2023-03-17 05:33:00+00:00,1.0637,1.06385,1.06364,1.06364,0
2023-03-17 05:34:00+00:00,1.06364,1.06372,1.06356,1.06356,0
2023-03-17 05:35:00+00:00,1.06357,1.06357,1.06338,1.06338,0
2023-03-17 05:36:00+00:00,1.0634,1.06341,1.06324,1.06325,0
2023-03-17 05:37:00+00:00,1.06324,1.06329,1.06316,1.06322,0
2023-03-17 05:38:00+00:00,1.06321,1.06322,1.06302,1.06306,0
2023-03-17 05:39:00+00:00,1.06307,1.06311,1.06306,1.0631,0
2023-03-17 05:40:00+00:00,1.06311,1.06317,1.06276,1.06276,0
2023-03-17 05:41:00+00:00,1.06278,1.06288,1.06267,1.0627,0
2023-03-17 05:42:00+00:00,1.06271,1.06271,1.06251,1.06262,0
2023-03-17 05:43:00+00:00,1.06264,1.06276,1.06262,1.06268,0
2023-03-17 05:44:00+00:00,1.06268,1.06287,1.06267,1.06284,0
2023-03-17 05:45:00+00:00,1.06286,1.0629,1.06279,1.06284,0
2023-03-17 05:46:00+00:00,1.06283,1.06288,1.06268,1.06276,0
2023-03-17 05:47:00+00:00,1.0628,1.06288,1.0627,1.06287,0
2023-03-17 05:48:00+00:00,1.06288,1.06316,1.06287,1.06312,0
2023-03-17 05:49:00+00:00,1.06313,1.06316,1.06308,1.06316,0
2023-03-17 05:50:00+00:00,1.06318,1.06338,1.06317,1.0633,0
2023-03-17 05:51:00+00:00,1.06328,1.06343,1.06322,1.06338,0
2023-03-17 05:52:00+00:00,1.06337,1.06345,1.06327,1.06338,0
2023-03-17 05:53:00+00:00,1.06338,1.06352,1.06335,1.06349,0
2023-03-17 05:54:00+00:00,1.06347,1.06349,1.06328,1.06345,0
2023-03-17 05:55:00+00:00,1.06346,1.06353,1.06334,1.06338,0
2023-03-17 05:56:00+00:00,1.06338,1.06344,1.06325,1.0634,0
2023-03-17 05:57:00+00:00,1.0634,1.06347,1.06329,1.06334,0
2023-03-17 05:58:00+00:00,1.06333,1.06341,1.06326,1.06337,0
2023-03-17 05:59:00+00:00,1.06336,1.06343,1.06323,1.06331,0
2023-03-17 07:00:00+00:00,1.06295,1.06311,1.06275,1.06306,0
2023-03-17 07:01:00+00:00,1.06306,1.06316,1.06291,1.06308,0
2023-03-17 07:02:00+00:00,1.06309,1.0633,1.06308,1.06308,0
2023-03-17 07:03:00+00:00,1.06309,1.0631,1.06279,1.06282,0
2023-03-17 07:04:00+00:00,1.06283,1.06305,1.0628,1.06305,0
2023-03-17 07:05:00+00:00,1.06305,1.06313,1.06296,1.06312,0
2023-03-17 07:06:00+00:00,1.06313,1.06325,1.06313,1.06319,0
2023-03-17 07:07:00+00:00,1.06318,1.0633,1.06317,1.06328,0
2023-03-17 07:08:00+00:00,1.06328,1.06334,1.0631,1.0631,0
2023-03-17 07:09:00+00:00,1.06309,1.06309,1.06288,1.06307,0
2023-03-17 07:10:00+00:00,1.06308,1.06321,1.06308,1.06319,0
2023-03-17 07:11:00+00:00,1.06319,1.06323,1.06309,1.06313,0
2023-03-17 07:12:00+00:00,1.06313,1.06322,1.06313,1.06321,0
2023-03-17 07:13:00+00:00,1.0632,1.06328,1.06286,1.06286,0
2023-03-17 07:14:00+00:00,1.06286,1.06296,1.06279,1.06295,0
2023-03-17 07:15:00+00:00,1.06295,1.06301,1.06284,1.06301,0
2023-03-17 07:16:00+00:00,1.06301,1.06321,1.06299,1.06315,0
2023-03-17 07:17:00+00:00,1.06315,1.06318,1.06313,1.06316,0
2023-03-17 07:18:00+00:00,1.06317,1.06319,1.06307,1.06308,0
2023-03-17 07:19:00+00:00,1.06308,1.06308,1.06294,1.06296,0
2023-03-17 07:20:00+00:00,1.06297,1.06315,1.06282,1.06306,0
2023-03-17 07:21:00+00:00,1.06305,1.06316,1.06295,1.06299,0
2023-03-17 07:22:00+00:00,1.06298,1.06318,1.06294,1.06304,0
2023-03-17 07:23:00+00:00,1.06303,1.06305,1.06279,1.06297,0
2023-03-17 07:24:00+00:00,1.06296,1.06297,1.06253,1.06253,0
2023-03-17 07:25:00+00:00,1.06252,1.06253,1.06224,1.06236,0
2023-03-17 07:26:00+00:00,1.06235,1.06236,1.06194,1.06199,0
2023-03-17 07:27:00+00:00,1.06197,1.06197,1.06176,1.06186,0
2023-03-17 07:28:00+00:00,1.06186,1.0619,1.06155,1.06174,0
2023-03-17 07:29:00+00:00,1.06174,1.06174,1.06156,1.06157,0
2023-03-17 07:30:00+00:00,1.06156,1.06172,1.0614,1.06169,0
2023-03-17 07:31:00+00:00,1.0617,1.06172,1.06152,1.0617,0
2023-03-17 07:32:00+00:00,1.0617,1.06197,1.0617,1.06176,0
2023-03-17 07:33:00+00:00,1.06177,1.06183,1.06155,1.06177,0
2023-03-17 07:34:00+00:00,1.06177,1.06177,1.06127,1.06131,0
2023-03-17 07:35:00+00:00,1.06134,1.06148,1.06122,1.06146,0
2023-03-17 07:36:00+00:00,1.06146,1.06186,1.06145,1.06175,0
2023-03-17 07:37:00+00:00,1.06175,1.06185,1.06165,1.06185,0
2023-03-17 07:38:00+00:00,1.06186,1.06187,1.06159,1.06162,0
2023-03-17 07:39:00+00:00,1.06163,1.06164,1.06134,1.06159,0
2023-03-17 07:40:00+00:00,1.06158,1.06181,1.06158,1.06171,0
2023-03-17 07:41:00+00:00,1.0617,1.0619,1.0615,1.06184,0
2023-03-17 07:42:00+00:00,1.06185,1.06201,1.06183,1.06198,0
2023-03-17 07:43:00+00:00,1.06196,1.06199,1.06171,1.06171,0
2023-03-17 07:44:00+00:00,1.06172,1.06187,1.0615,1.06182,0
2023-03-17 07:45:00+00:00,1.06181,1.06186,1.06172,1.0618,0
2023-03-17 07:46:00+00:00,1.06184,1.06215,1.06184,1.06197,0
2023-03-17 07:47:00+00:00,1.06199,1.06212,1.06185,1.0621,0
2023-03-17 07:48:00+00:00,1.06211,1.06213,1.0618,1.06187,0
2023-03-17 07:49:00+00:00,1.0619,1.06193,1.06162,1.06188,0
2023-03-17 07:50:00+00:00,1.06188,1.06198,1.0617,1.06186,0
2023-03-17 07:51:00+00:00,1.06186,1.06205,1.06176,1.06187,0
2023-03-17 07:52:00+00:00,1.06188,1.06221,1.06184,1.06215,0
2023-03-17 07:53:00+00:00,1.06215,1.0623,1.06204,1.06218,0
2023-03-17 07:54:00+00:00,1.06217,1.06231,1.06207,1.06223,0
2023-03-17 07:55:00+00:00,1.06223,1.06223,1.06198,1.06205,0
2023-03-17 07:56:00+00:00,1.06205,1.06227,1.06198,1.06212,0
2023-03-17 07:57:00+00:00,1.06211,1.06242,1.06209,1.06231,0
2023-03-17 07:58:00+00:00,1.06233,1.06269,1.06229,1.06256,0
2023-03-17 07:59:00+00:00,1.06258,1.06281,1.0625,1.0626,0
2023-03-17 09:00:00+00:00,1.06258,1.06424,1.06258,1.06417,0
2023-03-17 09:01:00+00:00,1.06417,1.06442,1.06367,1.06371,0
2023-03-17 09:02:00+00:00,1.06372,1.06391,1.06358,1.06379,0
2023-03-17 09:03:00+00:00,1.06377,1.06415,1.0637,1.06391,0
2023-03-17 09:04:00+00:00,1.0639,1.06393,1.06348,1.06348,0
2023-03-17 09:05:00+00:00,1.06345,1.06362,1.06342,1.06345,0
2023-03-17 09:06:00+00:00,1.06347,1.0636,1.0633,1.06341,0
2023-03-17 09:07:00+00:00,1.06341,1.06355,1.0632,1.06355,0
2023-03-17 09:08:00+00:00,1.06354,1.06375,1.0635,1.06366,0
2023-03-17 09:09:00+00:00,1.06366,1.06375,1.06345,1.06366,0
2023-03-17 09:10:00+00:00,1.06366,1.06366,1.0633,1.06348,0
2023-03-17 09:11:00+00:00,1.0635,1.06359,1.06318,1.06338,0
2023-03-17 09:12:00+00:00,1.0634,1.06355,1.06332,1.06341,0
2023-03-17 09:13:00+00:00,1.06342,1.06375,1.06339,1.06359,0
2023-03-17 09:14:00+00:00,1.06358,1.0638,1.06353,1.0638,0
2023-03-17 09:15:00+00:00,1.06379,1.06387,1.0637,1.0637,0
2023-03-17 09:16:00+00:00,1.06368,1.06394,1.0636,1.06385,0
2023-03-17 09:17:00+00:00,1.06383,1.06392,1.06342,1.06345,0
2023-03-17 09:18:00+00:00,1.06346,1.06357,1.06325,1.06341,0
2023-03-17 09:19:00+00:00,1.06343,1.06348,1.06301,1.06301,0
2023-03-17 09:20:00+00:00,1.063,1.06313,1.06285,1.06292,0
2023-03-17 09:21:00+00:00,1.06293,1.06298,1.0628,1.06284,0
2023-03-17 09:22:00+00:00,1.06285,1.06304,1.06285,1.063,0
2023-03-17 09:23:00+00:00,1.06298,1.063,1.0626,1.0627,0
2023-03-17 09:24:00+00:00,1.06269,1.0628,1.06254,1.06277,0
2023-03-17 09:25:00+00:00,1.06277,1.06277,1.06258,1.0626,0
2023-03-17 09:26:00+00:00,1.06259,1.06268,1.06249,1.06262,0
2023-03-17 09:27:00+00:00,1.0626,1.06278,1.06248,1.06278,0
2023-03-17 09:28:00+00:00,1.06279,1.06304,1.06275,1.06303,0
2023-03-17 09:29:00+00:00,1.06304,1.06344,1.06297,1.06333,0
2023-03-17 09:30:00+00:00,1.06334,1.0635,1.06315,1.06322,0
2023-03-17 09:31:00+00:00,1.0632,1.06328,1.06313,1.06318,0
2023-03-17 09:32:00+00:00,1.06318,1.06348,1.06314,1.06315,0
2023-03-17 09:33:00+00:00,1.06314,1.06335,1.06302,1.06314,0
2023-03-17 09:34:00+00:00,1.06313,1.06331,1.06292,1.06302,0
2023-03-17 09:35:00+00:00,1.06302,1.06302,1.06263,1.06269,0
2023-03-17 09:36:00+00:00,1.06268,1.06324,1.06262,1.06324,0
2023-03-17 09:37:00+00:00,1.06325,1.06325,1.06295,1.06321,0
2023-03-17 09:38:00+00:00,1.06321,1.06328,1.06302,1.06305,0
2023-03-17 09:39:00+00:00,1.06304,1.06308,1.06289,1.06298,0
2023-03-17 09:40:00+00:00,1.06302,1.06308,1.06274,1.06297,0
2023-03-17 09:41:00+00:00,1.06297,1.06328,1.06289,1.06321,0
2023-03-17 09:42:00+00:00,1.0632,1.06336,1.06311,1.06321,0
2023-03-17 09:43:00+00:00,1.06322,1.06352,1.06317,1.06339,0
2023-03-17 09:44:00+00:00,1.0634,1.0636,1.0634,1.06353,0
2023-03-17 09:45:00+00:00,1.06356,1.06356,1.06314,1.06315,0
2023-03-17 09:46:00+00:00,1.06316,1.06323,1.063,1.06319,0
2023-03-17 09:47:00+00:00,1.06319,1.06362,1.06316,1.06361,0
2023-03-17 09:48:00+00:00,1.0636,1.0637,1.06345,1.0636,0
2023-03-17 09:49:00+00:00,1.06359,1.06372,1.0634,1.06362,0
2023-03-17 09:50:00+00:00,1.06361,1.06371,1.06341,1.06354,0
2023-03-17 09:51:00+00:00,1.06354,1.06377,1.06347,1.06375,0
2023-03-17 09:52:00+00:00,1.06376,1.06389,1.06353,1.06356,0
2023-03-17 09:53:00+00:00,1.06357,1.06357,1.06323,1.06324,0
2023-03-17 09:54:00+00:00,1.06325,1.06326,1.06296,1.06325,0
2023-03-17 09:55:00+00:00,1.06326,1.06342,1.06316,1.06316,0
2023-03-17 09:56:00+00:00,1.06317,1.06326,1.06315,1.06321,0
2023-03-17 09:57:00+00:00,1.0632,1.06326,1.06312,1.0632,0
2023-03-17 09:58:00+00:00,1.06321,1.06345,1.06317,1.06344,0
2023-03-17 09:59:00+00:00,1.06343,1.06344,1.06326,1.06334,0
2023-03-17 11:00:00+00:00,1.06461,1.06467,1.06455,1.06459,0
2023-03-17 11:01:00+00:00,1.06459,1.06461,1.06441,1.06455,0
2023-03-17 11:02:00+00:00,1.06454,1.06462,1.06446,1.06446,0
2023-03-17 11:03:00+00:00,1.06446,1.06457,1.06435,1.06451,0
2023-03-17 11:04:00+00:00,1.0645,1.06459,1.0644,1.06447,0
2023-03-17 11:05:00+00:00,1.06446,1.06449,1.06421,1.06442,0
2023-03-17 11:06:00+00:00,1.06441,1.06442,1.06425,1.06428,0
2023-03-17 11:07:00+00:00,1.06429,1.06467,1.06424,1.06456,0
2023-03-17 11:08:00+00:00,1.06456,1.06466,1.06445,1.06455,0
2023-03-17 11:09:00+00:00,1.06455,1.06486,1.06455,1.06486,0
2023-03-17 11:10:00+00:00,1.06485,1.06498,1.06479,1.06494,0
2023-03-17 11:11:00+00:00,1.06494,1.06512,1.06485,1.06509,0
2023-03-17 11:12:00+00:00,1.06509,1.06526,1.06505,1.06526,0
2023-03-17 11:13:00+00:00,1.06525,1.06538,1.06515,1.06532,0
2023-03-17 11:14:00+00:00,1.06535,1.06549,1.06531,1.06547,0
2023-03-17 11:15:00+00:00,1.06546,1.06575,1.06546,1.06571,0
2023-03-17 11:16:00+00:00,1.0657,1.06578,1.06562,1.06571,0
2023-03-17 11:17:00+00:00,1.0657,1.06611,1.06569,1.06589,0
2023-03-17 11:18:00+00:00,1.0659,1.0661,1.06586,1.06603,0
2023-03-17 11:19:00+00:00,1.06604,1.06606,1.06599,1.06603,0
2023-03-17 11:20:00+00:00,1.06603,1.06615,1.06598,1.06599,0
2023-03-17 11:21:00+00:00,1.06599,1.06599,1.0658,1.06585,0
2023-03-17 11:22:00+00:00,1.06587,1.06594,1.0658,1.06581,0
2023-03-17 11:23:00+00:00,1.0658,1.06595,1.0658,1.06591,0
2023-03-17 11:24:00+00:00,1.06592,1.06602,1.0659,1.06601,0
2023-03-17 11:25:00+00:00,1.066,1.06623,1.06598,1.06622,0
2023-03-17 11:26:00+00:00,1.06622,1.06658,1.06622,1.06657,0
2023-03-17 11:27:00+00:00,1.06658,1.06706,1.06657,1.06705,0
2023-03-17 11:28:00+00:00,1.06704,1.06732,1.06702,1.06715,0
2023-03-17 11:29:00+00:00,1.06716,1.06727,1.06706,1.06712,0
2023-03-17 11:30:00+00:00,1.06712,1.06745,1.06711,1.06743,0
2023-03-17 11:31:00+00:00,1.06742,1.06756,1.06735,1.06739,0
2023-03-17 11:32:00+00:00,1.06741,1.06755,1.06704,1.06726,0
2023-03-17 11:33:00+00:00,1.06725,1.06732,1.06711,1.06716,0
2023-03-17 11:34:00+00:00,1.06718,1.06729,1.06714,1.06724,0
2023-03-17 11:35:00+00:00,1.06725,1.06725,1.06678,1.06691,0
2023-03-17 11:36:00+00:00,1.06694,1.06702,1.06681,1.06681,0
2023-03-17 11:37:00+00:00,1.06682,1.06683,1.0665,1.06656,0
2023-03-17 11:38:00+00:00,1.06659,1.06689,1.06658,1.06686,0
2023-03-17 11:39:00+00:00,1.06687,1.06717,1.06685,1.0671,0
2023-03-17 11:40:00+00:00,1.06709,1.06713,1.06671,1.06687,0
2023-03-17 11:41:00+00:00,1.06688,1.06691,1.06657,1.06663,0
2023-03-17 11:42:00+00:00,1.06663,1.06673,1.06659,1.06672,0
2023-03-17 11:43:00+00:00,1.06673,1.06675,1.06661,1.06665,0
2023-03-17 11:44:00+00:00,1.06666,1.06685,1.06662,1.06683,0
2023-03-17 11:45:00+00:00,1.06681,1.06681,1.06659,1.06659,0
2023-03-17 11:46:00+00:00,1.06659,1.06674,1.06653,1.06658,0
2023-03-17 11:47:00+00:00,1.06659,1.06678,1.06653,1.06677,0
2023-03-17 11:48:00+00:00,1.06676,1.06677,1.06651,1.06652,0
2023-03-17 11:49:00+00:00,1.06654,1.06667,1.06652,1.06658,0
2023-03-17 11:50:00+00:00,1.06657,1.06685,1.06657,1.06682,0
2023-03-17 11:51:00+00:00,1.06683,1.06691,1.06683,1.06686,0
2023-03-17 11:52:00+00:00,1.06686,1.06689,1.06669,1.06671,0
2023-03-17 11:53:00+00:00,1.06671,1.06689,1.0667,1.06678,0
2023-03-17 11:54:00+00:00,1.0668,1.06683,1.06665,1.06665,0
2023-03-17 11:55:00+00:00,1.06666,1.06684,1.06662,1.06684,0
2023-03-17 11:56:00+00:00,1.06684,1.06685,1.06671,1.06677,0
2023-03-17 11:57:00+00:00,1.06677,1.0668,1.06676,1.06678,0
2023-03-17 11:58:00+00:00,1.06677,1.06682,1.0667,1.0667,0
2023-03-17 11:59:00+00:00,1.06668,1.0668,1.06668,1.06672,0
2023-03-17 13:00:00+00:00,1.06729,1.06731,1.0672,1.06721,0
2023-03-17 13:01:00+00:00,1.06721,1.0673,1.06718,1.0672,0
2023-03-17 13:02:00+00:00,1.06721,1.06725,1.06708,1.06711,0
2023-03-17 13:03:00+00:00,1.06711,1.06711,1.067,1.067,0
2023-03-17 13:04:00+00:00,1.067,1.06713,1.067,1.06706,0
2023-03-17 13:05:00+00:00,1.06706,1.06721,1.06701,1.06721,0
2023-03-17 13:06:00+00:00,1.06721,1.06732,1.06717,1.06721,0
2023-03-17 13:07:00+00:00,1.0672,1.06729,1.0671,1.06728,0
2023-03-17 13:08:00+00:00,1.06728,1.06731,1.06724,1.06728,0
2023-03-17 13:09:00+00:00,1.06729,1.06731,1.06715,1.06726,0
2023-03-17 13:10:00+00:00,1.06725,1.06732,1.06721,1.0673,0
2023-03-17 13:11:00+00:00,1.06728,1.06732,1.06727,1.0673,0
2023-03-17 13:12:00+00:00,1.06731,1.06731,1.06721,1.06728,0
2023-03-17 13:13:00+00:00,1.06727,1.06731,1.06721,1.06722,0
2023-03-17 13:14:00+00:00,1.06722,1.06729,1.06718,1.06723,0
2023-03-17 13:15:00+00:00,1.06723,1.06732,1.06718,1.06728,0
2023-03-17 13:16:00+00:00,1.06728,1.0673,1.06722,1.0673,0
2023-03-17 13:17:00+00:00,1.0673,1.0673,1.06718,1.0672,0
2023-03-17 13:18:00+00:00,1.06721,1.06721,1.06719,1.06719,0
2023-03-17 13:19:00+00:00,1.06718,1.06718,1.06703,1.06705,0
2023-03-17 13:20:00+00:00,1.06705,1.06705,1.06677,1.06679,0
2023-03-17 13:21:00+00:00,1.0668,1.06694,1.06676,1.06689,0
2023-03-17 13:22:00+00:00,1.06689,1.06701,1.06689,1.06699,0
2023-03-17 13:23:00+00:00,1.067,1.06713,1.06697,1.06713,0
2023-03-17 13:24:00+00:00,1.06712,1.06713,1.06696,1.06701,0
2023-03-17 13:25:00+00:00,1.06702,1.06704,1.06688,1.06695,0
2023-03-17 13:26:00+00:00,1.06695,1.06717,1.06695,1.0671,0
2023-03-17 13:27:00+00:00,1.0671,1.06717,1.0671,1.06712,0
2023-03-17 13:28:00+00:00,1.06713,1.06726,1.06711,1.06718,0
2023-03-17 13:29:00+00:00,1.06717,1.06728,1.06714,1.06726,0
2023-03-17 13:30:00+00:00,1.06725,1.06725,1.06716,1.06716,0
2023-03-17 13:31:00+00:00,1.06715,1.06728,1.06702,1.06728,0
2023-03-17 13:32:00+00:00,1.06729,1.06731,1.06722,1.06722,0
2023-03-17 13:33:00+00:00,1.06722,1.06729,1.06717,1.06722,0
2023-03-17 13:34:00+00:00,1.06722,1.0673,1.06699,1.06703,0
2023-03-17 13:35:00+00:00,1.06704,1.06716,1.06702,1.06702,0
2023-03-17 13:36:00+00:00,1.06705,1.06709,1.0669,1.06692,0
2023-03-17 13:37:00+00:00,1.06692,1.06692,1.0667,1.06673,0
2023-03-17 13:38:00+00:00,1.06673,1.06681,1.06665,1.06671,0
2023-03-17 13:39:00+00:00,1.06671,1.06692,1.06667,1.06681,0
2023-03-17 13:40:00+00:00,1.06679,1.06685,1.06675,1.06682,0
2023-03-17 13:41:00+00:00,1.06685,1.06703,1.0668,1.06703,0
2023-03-17 13:42:00+00:00,1.06704,1.06713,1.067,1.06713,0
2023-03-17 13:43:00+00:00,1.06712,1.06724,1.06711,1.06713,0
2023-03-17 13:44:00+00:00,1.06715,1.06732,1.06715,1.06717,0
2023-03-17 13:45:00+00:00,1.06717,1.06717,1.06705,1.06711,0
2023-03-17 13:46:00+00:00,1.06711,1.06729,1.06709,1.06728,0
2023-03-17 13:47:00+00:00,1.06728,1.06733,1.06724,1.0673,0
2023-03-17 13:48:00+00:00,1.0673,1.0675,1.06728,1.06749,0
2023-03-17 13:49:00+00:00,1.06751,1.06776,1.06751,1.06773,0
2023-03-17 13:50:00+00:00,1.06774,1.06777,1.06766,1.06766,0
2023-03-17 13:51:00+00:00,1.06767,1.06776,1.06762,1.06767,0
2023-03-17 13:52:00+00:00,1.0677,1.06778,1.06765,1.06773,0
2023-03-17 13:53:00+00:00,1.06773,1.06787,1.06771,1.0678,0
2023-03-17 13:54:00+00:00,1.06779,1.06822,1.06774,1.06811,0
2023-03-17 13:55:00+00:00,1.0681,1.06841,1.06809,1.06821,0
2023-03-17 13:56:00+00:00,1.06821,1.06831,1.06818,1.06831,0
2023-03-17 13:57:00+00:00,1.0683,1.0684,1.06827,1.0683,0
2023-03-17 13:58:00+00:00,1.0683,1.06849,1.06828,1.06842,0
2023-03-17 13:59:00+00:00,1.06841,1.06852,1.06804,1.06806,0
2023-03-17 15:00:00+00:00,1.06613,1.06628,1.06613,1.06627,0
2023-03-17 15:01:00+00:00,1.06627,1.06627,1.06614,1.06621,0
2023-03-17 15:02:00+00:00,1.06623,1.06639,1.06623,1.06634,0
2023-03-17 15:03:00+00:00,1.06637,1.06647,1.06632,1.06637,0
2023-03-17 15:04:00+00:00,1.06636,1.06636,1.06625,1.06626,0
2023-03-17 15:05:00+00:00,1.06629,1.06631,1.06622,1.06626,0
2023-03-17 15:06:00+00:00,1.06627,1.06636,1.06626,1.06636,0
2023-03-17 15:07:00+00:00,1.06636,1.06639,1.0663,1.0663,0
2023-03-17 15:08:00+00:00,1.06631,1.06632,1.06614,1.06614,0
2023-03-17 15:09:00+00:00,1.06614,1.06619,1.06606,1.06618,0
2023-03-17 15:10:00+00:00,1.06618,1.0662,1.06616,1.06616,0
2023-03-17 15:11:00+00:00,1.06617,1.06619,1.06614,1.06617,0
2023-03-17 15:12:00+00:00,1.06619,1.06627,1.06619,1.06626,0
2023-03-17 15:13:00+00:00,1.06628,1.0663,1.06627,1.0663,0
2023-03-17 15:14:00+00:00,1.06629,1.0663,1.06629,1.06629,0
2023-03-17 15:15:00+00:00,1.06628,1.0663,1.06625,1.06629,0
2023-03-17 15:16:00+00:00,1.06628,1.06628,1.06614,1.06625,0
2023-03-17 15:17:00+00:00,1.06623,1.06623,1.06616,1.06623,0
2023-03-17 15:18:00+00:00,1.06624,1.06628,1.06624,1.06628,0
2023-03-17 15:19:00+00:00,1.06628,1.06628,1.06625,1.06625,0
2023-03-17 15:20:00+00:00,1.06625,1.06632,1.06625,1.06632,0
2023-03-17 15:21:00+00:00,1.06632,1.06632,1.06626,1.06626,0
2023-03-17 15:22:00+00:00,1.06626,1.06626,1.06603,1.06607,0
2023-03-17 15:23:00+00:00,1.06608,1.06608,1.06601,1.06601,0
2023-03-17 15:24:00+00:00,1.066,1.06605,1.066,1.06601,0
2023-03-17 15:25:00+00:00,1.066,1.066,1.06587,1.06589,0
2023-03-17 15:26:00+00:00,1.06588,1.0659,1.06586,1.06587,0
2023-03-17 15:27:00+00:00,1.06589,1.06597,1.06589,1.06592,0
2023-03-17 15:28:00+00:00,1.06594,1.06594,1.06584,1.06586,0
2023-03-17 15:29:00+00:00,1.06587,1.06599,1.06586,1.06598,0
2023-03-17 15:30:00+00:00,1.06596,1.06612,1.06594,1.06612,0
2023-03-17 15:31:00+00:00,1.06612,1.06618,1.06612,1.06616,0
2023-03-17 15:32:00+00:00,1.06615,1.06622,1.06615,1.0662,0
2023-03-17 15:33:00+00:00,1.06621,1.06624,1.06616,1.06623,0
2023-03-17 15:34:00+00:00,1.06624,1.06633,1.06624,1.06625,0
2023-03-17 15:35:00+00:00,1.06626,1.06642,1.06625,1.06642,0
2023-03-17 15:36:00+00:00,1.06643,1.06643,1.06633,1.06635,0
2023-03-17 15:37:00+00:00,1.06636,1.06652,1.06635,1.06647,0
2023-03-17 15:38:00+00:00,1.06647,1.06647,1.06643,1.06643,0
2023-03-17 15:39:00+00:00,1.06644,1.06649,1.06644,1.06645,0
2023-03-17 15:40:00+00:00,1.06644,1.06645,1.06642,1.06642,0
2023-03-17 15:41:00+00:00,1.06643,1.06644,1.06642,1.06644,0
2023-03-17 15:42:00+00:00,1.06645,1.06649,1.06645,1.06649,0
2023-03-17 15:43:00+00:00,1.06648,1.06649,1.06644,1.06644,0
2023-03-17 15:44:00+00:00,1.06643,1.06647,1.06642,1.06644,0
2023-03-17 15:45:00+00:00,1.06645,1.06645,1.06645,1.06645,0
2023-03-17 15:46:00+00:00,1.06646,1.0665,1.0664,1.06644,0
2023-03-17 15:47:00+00:00,1.06644,1.06646,1.06638,1.06638,0
2023-03-17 15:48:00+00:00,1.06639,1.06641,1.06638,1.0664,0
2023-03-17 15:49:00+00:00,1.06641,1.06643,1.06634,1.06643,0
2023-03-17 15:50:00+00:00,1.06641,1.06645,1.06634,1.06644,0
2023-03-17 15:51:00+00:00,1.06645,1.06646,1.06639,1.06642,0
2023-03-17 15:52:00+00:00,1.06642,1.0665,1.06642,1.06644,0
2023-03-17 15:53:00+00:00,1.06644,1.06646,1.06637,1.06643,0
2023-03-17 15:54:00+00:00,1.06643,1.06649,1.06643,1.06647,0
2023-03-17 15:55:00+00:00,1.06649,1.06651,1.06637,1.06639,0
2023-03-17 15:56:00+00:00,1.06641,1.06652,1.0663,1.06641,0
2023-03-17 15:57:00+00:00,1.06641,1.06654,1.06611,1.06647,0
2023-03-17 15:58:00+00:00,1.06648,1.06657,1.06635,1.06654,0
2023-03-17 15:59:00+00:00,1.06649,1.06666,1.06644,1.06647,0
2023-03-19 17:00:00+00:00,1.06821,1.06833,1.06795,1.06817,0
2023-03-19 17:01:00+00:00,1.06817,1.06841,1.06804,1.06837,0
2023-03-19 17:02:00+00:00,1.06855,1.06858,1.06831,1.06851,0
2023-03-19 17:03:00+00:00,1.06851,1.06885,1.06841,1.06883,0
2023-03-19 17:04:00+00:00,1.06884,1.06884,1.06855,1.06868,0
2023-03-19 17:05:00+00:00,1.06879,1.06883,1.06858,1.06866,0
2023-03-19 17:06:00+00:00,1.06865,1.06873,1.06859,1.06871,0
2023-03-19 17:07:00+00:00,1.0687,1.06873,1.0685,1.0685,0
2023-03-19 17:08:00+00:00,1.06851,1.06851,1.06833,1.06837,0
2023-03-19 17:09:00+00:00,1.06839,1.06845,1.06821,1.06828,0
2023-03-19 17:10:00+00:00,1.06827,1.06829,1.06802,1.06815,0
2023-03-19 17:11:00+00:00,1.06814,1.06819,1.06789,1.06791,0
2023-03-19 17:12:00+00:00,1.0679,1.06792,1.06779,1.06781,0
2023-03-19 17:13:00+00:00,1.06782,1.06782,1.06776,1.06776,0
2023-03-19 17:14:00+00:00,1.06777,1.06778,1.06772,1.06778,0
2023-03-19 17:15:00+00:00,1.06778,1.06785,1.06777,1.06781,0
2023-03-19 17:16:00+00:00,1.06779,1.06782,1.06769,1.06773,0
2023-03-19 17:17:00+00:00,1.06777,1.06777,1.0676,1.0676,0
2023-03-19 17:18:00+00:00,1.06766,1.0678,1.06751,1.06762,0
2023-03-19 17:19:00+00:00,1.06761,1.06767,1.0675,1.06755,0
2023-03-19 17:20:00+00:00,1.06756,1.0676,1.06755,1.06757,0
2023-03-19 17:21:00+00:00,1.06756,1.06756,1.06753,1.06755,0
2023-03-19 17:22:00+00:00,1.06756,1.0676,1.06755,1.0676,0
2023-03-19 17:23:00+00:00,1.0676,1.06765,1.06758,1.06765,0
2023-03-19 17:24:00+00:00,1.06765,1.0677,1.06765,1.06765,0
2023-03-19 17:25:00+00:00,1.06766,1.06767,1.06765,1.06765,0
2023-03-19 17:26:00+00:00,1.06765,1.06767,1.06765,1.06765,0
2023-03-19 17:27:00+00:00,1.06766,1.06769,1.06765,1.06765,0
2023-03-19 17:28:00+00:00,1.06765,1.06765,1.0676,1.0676,0
2023-03-19 17:29:00+00:00,1.06761,1.06765,1.0676,1.06761,0
2023-03-19 17:30:00+00:00,1.06765,1.06766,1.06755,1.06755,0
2023-03-19 17:31:00+00:00,1.06754,1.06754,1.06739,1.06741,0
2023-03-19 17:32:00+00:00,1.06737,1.06739,1.06724,1.06727,0
2023-03-19 17:33:00+00:00,1.06726,1.06728,1.06721,1.06728,0
2023-03-19 17:34:00+00:00,1.06727,1.06729,1.0672,1.0672,0
2023-03-19 17:35:00+00:00,1.06718,1.0672,1.06697,1.06697,0
2023-03-19 17:36:00+00:00,1.06696,1.06699,1.06674,1.06678,0
2023-03-19 17:37:00+00:00,1.06677,1.06685,1.06661,1.06672,0
2023-03-19 17:38:00+00:00,1.06673,1.06727,1.06673,1.06727,0
2023-03-19 17:39:00+00:00,1.06728,1.06733,1.06728,1.06733,0
2023-03-19 17:40:00+00:00,1.06734,1.06734,1.06732,1.06732,0
2023-03-19 17:41:00+00:00,1.06732,1.06749,1.06732,1.06747,0
2023-03-19 17:42:00+00:00,1.06744,1.06746,1.06734,1.06739,0
2023-03-19 17:43:00+00:00,1.06738,1.06754,1.06738,1.06753,0
2023-03-19 17:44:00+00:00,1.06754,1.06761,1.06753,1.06761,0
2023-03-19 17:45:00+00:00,1.06762,1.06776,1.06761,1.06775,0
2023-03-19 17:46:00+00:00,1.06777,1.06777,1.06763,1.06764,0
2023-03-19 17:47:00+00:00,1.06762,1.06762,1.0676,1.0676,0
2023-03-19 17:48:00+00:00,1.0676,1.0676,1.06754,1.06754,0
2023-03-19 17:49:00+00:00,1.06753,1.06753,1.06727,1.06727,0
2023-03-19 17:50:00+00:00,1.06729,1.06732,1.06687,1.06693,0
2023-03-19 17:51:00+00:00,1.06693,1.06697,1.06688,1.06692,0
2023-03-19 17:52:00+00:00,1.06693,1.06697,1.06692,1.06697,0
2023-03-19 17:53:00+00:00,1.06695,1.06704,1.06694,1.06701,0
2023-03-19 17:54:00+00:00,1.06703,1.06703,1.06695,1.06697,0
2023-03-19 17:55:00+00:00,1.06698,1.067,1.06695,1.06699,0
2023-03-19 17:56:00+00:00,1.06701,1.06701,1.06683,1.06686,0
2023-03-19 17:57:00+00:00,1.06686,1.06691,1.06683,1.06683,0
2023-03-19 17:58:00+00:00,1.06683,1.06695,1.06676,1.06692,0
2023-03-19 17:59:00+00:00,1.06692,1.06706,1.06692,1.06699,0
2023-03-19 19:00:00+00:00,1.06806,1.06813,1.06787,1.0681,0
2023-03-19 19:01:00+00:00,1.06808,1.06823,1.06806,1.06816,0
2023-03-19 19:02:00+00:00,1.06815,1.06849,1.06814,1.06832,0
2023-03-19 19:03:00+00:00,1.06833,1.0686,1.06832,1.06849,0
2023-03-19 19:04:00+00:00,1.06848,1.06852,1.0684,1.06846,0
2023-03-19 19:05:00+00:00,1.06845,1.06846,1.06837,1.06842,0
2023-03-19 19:06:00+00:00,1.06841,1.06856,1.0684,1.06852,0
2023-03-19 19:07:00+00:00,1.06852,1.06852,1.06831,1.06833,0
2023-03-19 19:08:00+00:00,1.06833,1.06835,1.0683,1.06833,0
2023-03-19 19:09:00+00:00,1.06832,1.06833,1.06825,1.06828,0
2023-03-19 19:10:00+00:00,1.06828,1.0683,1.06815,1.06818,0
2023-03-19 19:11:00+00:00,1.06816,1.06819,1.06798,1.06804,0
2023-03-19 19:12:00+00:00,1.06805,1.06812,1.06799,1.068,0
2023-03-19 19:13:00+00:00,1.06803,1.06817,1.06799,1.06815,0
2023-03-19 19:14:00+00:00,1.06815,1.06822,1.068,1.068,0
2023-03-19 19:15:00+00:00,1.068,1.06818,1.06789,1.06809,0
2023-03-19 19:16:00+00:00,1.0681,1.06821,1.06809,1.06818,0
2023-03-19 19:17:00+00:00,1.06817,1.06843,1.06817,1.06843,0
2023-03-19 19:18:00+00:00,1.06845,1.06845,1.06826,1.06826,0
2023-03-19 19:19:00+00:00,1.06825,1.06825,1.06805,1.06817,0
2023-03-19 19:20:00+00:00,1.06818,1.0684,1.06817,1.06837,0
2023-03-19 19:21:00+00:00,1.06836,1.06836,1.06827,1.06829,0
2023-03-19 19:22:00+00:00,1.06831,1.06839,1.06824,1.06836,0
2023-03-19 19:23:00+00:00,1.06837,1.06839,1.06831,1.06831,0
2023-03-19 19:24:00+00:00,1.06834,1.06853,1.06831,1.06853,0
2023-03-19 19:25:00+00:00,1.06853,1.06853,1.06835,1.06837,0
2023-03-19 19:26:00+00:00,1.06835,1.06835,1.06822,1.06822,0
2023-03-19 19:27:00+00:00,1.06824,1.06838,1.06824,1.06838,0
2023-03-19 19:28:00+00:00,1.06838,1.06854,1.06836,1.06848,0
2023-03-19 19:29:00+00:00,1.06849,1.06854,1.06847,1.06852,0
2023-03-19 19:30:00+00:00,1.06852,1.06856,1.06831,1.06835,0
2023-03-19 19:31:00+00:00,1.06837,1.06853,1.06831,1.06852,0
2023-03-19 19:32:00+00:00,1.06854,1.06856,1.06852,1.06856,0
2023-03-19 19:33:00+00:00,1.06856,1.0686,1.06855,1.06856,0
2023-03-19 19:34:00+00:00,1.06857,1.06868,1.06852,1.06865,0
2023-03-19 19:35:00+00:00,1.06866,1.06877,1.06866,1.06873,0
2023-03-19 19:36:00+00:00,1.06874,1.06876,1.06868,1.06869,0
2023-03-19 19:37:00+00:00,1.06871,1.06875,1.06864,1.06866,0
2023-03-19 19:38:00+00:00,1.06867,1.06874,1.06867,1.06873,0
2023-03-19 19:39:00+00:00,1.06874,1.06874,1.06869,1.06871,0
2023-03-19 19:40:00+00:00,1.06871,1.06871,1.06861,1.06863,0
2023-03-19 19:41:00+00:00,1.06865,1.06872,1.06865,1.06872,0
2023-03-19 19:42:00+00:00,1.06872,1.06875,1.06871,1.06874,0
2023-03-19 19:43:00+00:00,1.06873,1.06874,1.06869,1.06872,0
2023-03-19 19:44:00+00:00,1.06873,1.06874,1.06866,1.06868,0
2023-03-19 19:45:00+00:00,1.06867,1.0688,1.06866,1.06878,0
2023-03-19 19:46:00+00:00,1.0688,1.06883,1.06876,1.0688,0
2023-03-19 19:47:00+00:00,1.0688,1.0688,1.06849,1.06849,0
2023-03-19 19:48:00+00:00,1.06849,1.0686,1.06836,1.06851,0
2023-03-19 19:49:00+00:00,1.06852,1.06859,1.06851,1.06852,0
2023-03-19 19:50:00+00:00,1.06851,1.06859,1.0685,1.06858,0
2023-03-19 19:51:00+00:00,1.06859,1.06859,1.06842,1.06857,0
2023-03-19 19:52:00+00:00,1.06857,1.06858,1.06841,1.06849,0
2023-03-19 19:53:00+00:00,1.06849,1.06852,1.06827,1.06832,0
2023-03-19 19:54:00+00:00,1.06833,1.06841,1.06795,1.06807,0
2023-03-19 19:55:00+00:00,1.06807,1.06817,1.06793,1.06794,0
2023-03-19 19:56:00+00:00,1.06794,1.06816,1.06792,1.06809,0
2023-03-19 19:57:00+00:00,1.0681,1.06817,1.06808,1.06808,0
2023-03-19 19:58:00+00:00,1.06808,1.06809,1.06808,1.06809,0
2023-03-19 19:59:00+00:00,1.0681,1.06818,1.06808,1.06808,0
2023-03-19 20:00:00+00:00,1.06808,1.06831,1.06799,1.0683,0
2023-03-19 20:01:00+00:00,1.06831,1.06831,1.06802,1.06807,0
2023-03-19 20:02:00+00:00,1.06808,1.06818,1.06808,1.06817,0
2023-03-19 20:03:00+00:00,1.06817,1.06838,1.06808,1.06833,0
2023-03-19 20:04:00+00:00,1.06834,1.06843,1.06834,1.06841,0
2023-03-19 20:05:00+00:00,1.06843,1.06856,1.06843,1.06856,0
2023-03-19 20:06:00+00:00,1.06856,1.06884,1.06856,1.06884,0
2023-03-19 20:07:00+00:00,1.06885,1.06898,1.06876,1.06876,0
2023-03-19 20:08:00+00:00,1.06874,1.06885,1.06867,1.06881,0
2023-03-19 20:09:00+00:00,1.06881,1.06882,1.06866,1.06866,0
2023-03-19 20:10:00+00:00,1.06867,1.06868,1.06841,1.06848,0
2023-03-19 20:11:00+00:00,1.06849,1.06854,1.06845,1.06854,0
2023-03-19 20:12:00+00:00,1.06853,1.06855,1.06847,1.06854,0
2023-03-19 20:13:00+00:00,1.06856,1.06867,1.06853,1.06855,0
2023-03-19 20:14:00+00:00,1.06855,1.0686,1.06849,1.06849,0
2023-03-19 20:15:00+00:00,1.0685,1.06858,1.06822,1.06822,0
2023-03-19 20:16:00+00:00,1.06821,1.0684,1.06812,1.0684,0
2023-03-19 20:17:00+00:00,1.0684,1.06864,1.0684,1.06853,0
2023-03-19 20:18:00+00:00,1.06854,1.06861,1.06854,1.06856,0
2023-03-19 20:19:00+00:00,1.06857,1.06859,1.06843,1.0685,0
2023-03-19 20:20:00+00:00,1.06849,1.0686,1.06843,1.06848,0
2023-03-19 20:21:00+00:00,1.06849,1.06864,1.06847,1.06864,0
2023-03-19 20:22:00+00:00,1.06864,1.06864,1.06852,1.06858,0
2023-03-19 20:23:00+00:00,1.06857,1.06886,1.06852,1.06886,0
2023-03-19 20:24:00+00:00,1.06885,1.06898,1.06884,1.06888,0
2023-03-19 20:25:00+00:00,1.06887,1.06893,1.06878,1.0688,0
2023-03-19 20:26:00+00:00,1.06879,1.06891,1.06879,1.06884,0
2023-03-19 20:27:00+00:00,1.06884,1.06884,1.06874,1.06874,0
2023-03-19 20:28:00+00:00,1.06875,1.06894,1.06874,1.06884,0
2023-03-19 20:29:00+00:00,1.06884,1.06885,1.06873,1.0688,0
2023-03-19 20:30:00+00:00,1.0688,1.06883,1.06858,1.06873,0
2023-03-19 20:31:00+00:00,1.06871,1.06877,1.06867,1.06871,0
2023-03-19 20:32:00+00:00,1.0687,1.06877,1.06866,1.06867,0
2023-03-19 20:33:00+00:00,1.06867,1.06897,1.06865,1.06894,0
2023-03-19 20:34:00+00:00,1.06894,1.06897,1.06872,1.06872,0
2023-03-19 20:35:00+00:00,1.06871,1.06883,1.06866,1.06878,0
2023-03-19 20:36:00+00:00,1.06878,1.06878,1.06828,1.06829,0
2023-03-19 20:37:00+00:00,1.06829,1.06832,1.068,1.06803,0
2023-03-19 20:38:00+00:00,1.06803,1.06824,1.06801,1.06814,0
2023-03-19 20:39:00+00:00,1.06813,1.06823,1.06793,1.06794,0
2023-03-19 20:40:00+00:00,1.06794,1.06794,1.06732,1.06744,0
2023-03-19 20:41:00+00:00,1.06746,1.06746,1.06696,1.06696,0
2023-03-19 20:42:00+00:00,1.06695,1.06741,1.06691,1.0674,0
2023-03-19 20:43:00+00:00,1.06738,1.06752,1.06736,1.06749,0
2023-03-19 20:44:00+00:00,1.06748,1.06764,1.06746,1.06761,0
2023-03-19 20:45:00+00:00,1.06762,1.06766,1.0675,1.06751,0
2023-03-19 20:46:00+00:00,1.06749,1.06755,1.0674,1.06743,0
2023-03-19 20:47:00+00:00,1.06742,1.06761,1.06742,1.0676,0
2023-03-19 20:48:00+00:00,1.06761,1.06765,1.06745,1.06765,0
2023-03-19 20:49:00+00:00,1.06766,1.06774,1.06756,1.06765,0
2023-03-19 20:50:00+00:00,1.06765,1.06768,1.0676,1.06762,0
2023-03-19 20:51:00+00:00,1.06762,1.06769,1.06745,1.06746,0
2023-03-19 20:52:00+00:00,1.06746,1.06746,1.0672,1.06725,0
2023-03-19 20:53:00+00:00,1.06726,1.06741,1.06724,1.06724,0
2023-03-19 20:54:00+00:00,1.06726,1.06731,1.06716,1.06725,0
2023-03-19 20:55:00+00:00,1.06727,1.06731,1.06719,1.06722,0
2023-03-19 20:56:00+00:00,1.06722,1.0674,1.06718,1.06739,0
2023-03-19 20:57:00+00:00,1.0674,1.06745,1.06733,1.06743,0
2023-03-19 20:58:00+00:00,1.06744,1.06753,1.06744,1.06753,0
2023-03-19 20:59:00+00:00,1.06753,1.06756,1.06746,1.06749,0
2023-03-19 21:00:00+00:00,1.06749,1.06769,1.06749,1.06767,0
2023-03-19 21:01:00+00:00,1.06768,1.06772,1.06761,1.06764,0
2023-03-19 21:02:00+00:00,1.06764,1.06773,1.06763,1.06773,0
2023-03-19 21:03:00+00:00,1.06773,1.06773,1.06765,1.06773,0
2023-03-19 21:04:00+00:00,1.06775,1.06779,1.06774,1.06776,0
2023-03-19 21:05:00+00:00,1.06776,1.068,1.06776,1.068,0
2023-03-19 21:06:00+00:00,1.06801,1.06802,1.06789,1.0679,0
2023-03-19 21:07:00+00:00,1.0679,1.06807,1.0679,1.06802,0
2023-03-19 21:08:00+00:00,1.06802,1.06802,1.06796,1.06797,0
2023-03-19 21:09:00+00:00,1.06797,1.06803,1.06793,1.06802,0
2023-03-19 21:10:00+00:00,1.06802,1.06828,1.06802,1.06817,0
2023-03-19 21:11:00+00:00,1.06819,1.06832,1.06819,1.06823,0
2023-03-19 21:12:00+00:00,1.06824,1.06824,1.06804,1.06804,0
2023-03-19 21:13:00+00:00,1.06806,1.06807,1.06796,1.06796,0
2023-03-19 21:14:00+00:00,1.06795,1.06795,1.06788,1.06794,0
2023-03-19 21:15:00+00:00,1.06793,1.06793,1.06769,1.0677,0
2023-03-19 21:16:00+00:00,1.06769,1.06784,1.06769,1.06782,0
2023-03-19 21:17:00+00:00,1.06781,1.06789,1.06777,1.06788,0
2023-03-19 21:18:00+00:00,1.06788,1.0679,1.06784,1.06789,0
2023-03-19 21:19:00+00:00,1.06791,1.06802,1.06791,1.06797,0
2023-03-19 21:20:00+00:00,1.06797,1.06797,1.06788,1.06789,0
2023-03-19 21:21:00+00:00,1.0679,1.06792,1.0678,1.06784,0
2023-03-19 21:22:00+00:00,1.06786,1.06798,1.06786,1.06798,0
2023-03-19 21:23:00+00:00,1.06798,1.06798,1.06785,1.06785,0
2023-03-19 21:24:00+00:00,1.06785,1.06788,1.06778,1.06779,0
2023-03-19 21:25:00+00:00,1.0678,1.0679,1.0678,1.06786,0
2023-03-19 21:26:00+00:00,1.06785,1.06789,1.06782,1.06789,0
2023-03-19 21:27:00+00:00,1.0679,1.06793,1.06782,1.06782,0
2023-03-19 21:28:00+00:00,1.06781,1.06782,1.06773,1.06782,0
2023-03-19 21:29:00+00:00,1.06781,1.06781,1.0676,1.06766,0
2023-03-19 21:30:00+00:00,1.06767,1.06778,1.06758,1.06763,0
2023-03-19 21:31:00+00:00,1.06764,1.06769,1.06761,1.06764,0
2023-03-19 21:32:00+00:00,1.06765,1.06765,1.06754,1.06757,0
2023-03-19 21:33:00+00:00,1.06756,1.06764,1.06747,1.06764,0
2023-03-19 21:34:00+00:00,1.06763,1.06763,1.0674,1.0674,0
2023-03-19 21:35:00+00:00,1.06739,1.06758,1.06738,1.06747,0
2023-03-19 21:36:00+00:00,1.06747,1.06762,1.06747,1.06762,0
2023-03-19 21:37:00+00:00,1.06763,1.06772,1.06757,1.06762,0
2023-03-19 21:38:00+00:00,1.06763,1.06785,1.06763,1.06785,0
2023-03-19 21:39:00+00:00,1.06785,1.0679,1.0678,1.0679,0
2023-03-19 21:40:00+00:00,1.0679,1.06794,1.06783,1.06786,0
2023-03-19 21:41:00+00:00,1.06785,1.06812,1.06784,1.06809,0
2023-03-19 21:42:00+00:00,1.06808,1.06809,1.06803,1.06807,0
2023-03-19 21:43:00+00:00,1.06806,1.06815,1.06806,1.06813,0
2023-03-19 21:44:00+00:00,1.06813,1.06829,1.06811,1.06819,0
2023-03-19 21:45:00+00:00,1.06819,1.06832,1.06819,1.06829,0
2023-03-19 21:46:00+00:00,1.06829,1.06846,1.06829,1.06844,0
2023-03-19 21:47:00+00:00,1.06844,1.06844,1.06834,1.06837,0
2023-03-19 21:48:00+00:00,1.06841,1.06843,1.06828,1.06828,0
2023-03-19 21:49:00+00:00,1.0683,1.0683,1.06823,1.06825,0
2023-03-19 21:50:00+00:00,1.06827,1.0683,1.06811,1.06811,0
2023-03-19 21:51:00+00:00,1.06812,1.06814,1.06811,1.06811,0
2023-03-19 21:52:00+00:00,1.06813,1.06823,1.06812,1.06823,0
2023-03-19 21:53:00+00:00,1.06825,1.06828,1.06815,1.06816,0
2023-03-19 21:54:00+00:00,1.06818,1.06819,1.06807,1.06809,0
2023-03-19 21:55:00+00:00,1.0681,1.06812,1.06801,1.06804,0
2023-03-19 21:56:00+00:00,1.06802,1.06802,1.06787,1.06787,0
2023-03-19 21:57:00+00:00,1.0679,1.06794,1.06782,1.06783,0
2023-03-19 21:58:00+00:00,1.06782,1.068,1.06782,1.06793,0
2023-03-19 21:59:00+00:00,1.06795,1.06797,1.06792,1.06793,0
2023-03-19 22:00:00+00:00,1.06792,1.06792,1.06777,1.06783,0
2023-03-19 22:01:00+00:00,1.06782,1.06783,1.06774,1.0678,0
2023-03-19 22:02:00+00:00,1.06778,1.06779,1.06765,1.06768,0
2023-03-19 22:03:00+00:00,1.06768,1.06768,1.06749,1.06757,0
2023-03-19 22:04:00+00:00,1.06759,1.06759,1.06752,1.06753,0
2023-03-19 22:05:00+00:00,1.06754,1.06762,1.06753,1.06762,0
2023-03-19 22:06:00+00:00,1.06762,1.06762,1.06752,1.06753,0
2023-03-19 22:07:00+00:00,1.06752,1.06753,1.06732,1.06732,0
2023-03-19 22:08:00+00:00,1.06732,1.06743,1.06723,1.06738,0
2023-03-19 22:09:00+00:00,1.06739,1.0674,1.06707,1.06709,0
2023-03-19 22:10:00+00:00,1.06711,1.06731,1.06705,1.0673,0
2023-03-19 22:11:00+00:00,1.06731,1.06745,1.0673,1.06741,0
2023-03-19 22:12:00+00:00,1.06742,1.06752,1.06742,1.0675,0
2023-03-19 22:13:00+00:00,1.06753,1.06754,1.06718,1.06723,0
2023-03-19 22:14:00+00:00,1.06724,1.06733,1.06719,1.06729,0
2023-03-19 22:15:00+00:00,1.06727,1.06729,1.06715,1.06715,0
2023-03-19 22:16:00+00:00,1.06712,1.06712,1.06685,1.067,0
2023-03-19 22:17:00+00:00,1.06699,1.06699,1.06649,1.06655,0
2023-03-19 22:18:00+00:00,1.06655,1.06684,1.06655,1.06684,0
2023-03-19 22:19:00+00:00,1.06685,1.0669,1.0666,1.0666,0
2023-03-19 22:20:00+00:00,1.0666,1.06688,1.0666,1.06684,0
2023-03-19 22:21:00+00:00,1.06687,1.06699,1.06685,1.06688,0
2023-03-19 22:22:00+00:00,1.06687,1.06695,1.06684,1.06695,0
2023-03-19 22:23:00+00:00,1.06696,1.06699,1.06692,1.06694,0
2023-03-19 22:24:00+00:00,1.06694,1.06698,1.06685,1.06695,0
2023-03-19 22:25:00+00:00,1.06693,1.0672,1.06683,1.06705,0
2023-03-19 22:26:00+00:00,1.06709,1.06721,1.06705,1.06721,0
2023-03-19 22:27:00+00:00,1.0672,1.06721,1.06704,1.06704,0
2023-03-19 22:28:00+00:00,1.06703,1.06703,1.06692,1.06702,0
2023-03-19 22:29:00+00:00,1.06703,1.06711,1.0669,1.06693,0
2023-03-19 22:30:00+00:00,1.06694,1.06699,1.06683,1.06687,0
2023-03-19 22:31:00+00:00,1.06685,1.06685,1.06654,1.06675,0
2023-03-19 22:32:00+00:00,1.06674,1.06681,1.06663,1.06668,0
2023-03-19 22:33:00+00:00,1.06667,1.06667,1.06653,1.06657,0
2023-03-19 22:34:00+00:00,1.06658,1.06659,1.06647,1.06655,0
2023-03-19 22:35:00+00:00,1.06656,1.06663,1.06648,1.06653,0
2023-03-19 22:36:00+00:00,1.06653,1.06654,1.06646,1.0665,0
2023-03-19 22:37:00+00:00,1.06651,1.06678,1.06646,1.06673,0
2023-03-19 22:38:00+00:00,1.06673,1.0668,1.0667,1.0668,0
2023-03-19 22:39:00+00:00,1.06679,1.06686,1.06676,1.0668,0
2023-03-19 22:40:00+00:00,1.06682,1.06683,1.06679,1.0668,0
2023-03-19 22:41:00+00:00,1.0668,1.0668,1.06669,1.06669,0
2023-03-19 22:42:00+00:00,1.06669,1.06674,1.06669,1.06669,0
2023-03-19 22:43:00+00:00,1.06669,1.0668,1.06669,1.06679,0
2023-03-19 22:44:00+00:00,1.06679,1.0668,1.06671,1.06675,0
2023-03-19 22:45:00+00:00,1.06675,1.06679,1.06669,1.06669,0
2023-03-19 22:46:00+00:00,1.06669,1.06676,1.06669,1.06672,0
2023-03-19 22:47:00+00:00,1.0667,1.0667,1.06659,1.06661,0
2023-03-19 22:48:00+00:00,1.06661,1.06674,1.0666,1.06674,0
2023-03-19 22:49:00+00:00,1.06671,1.06676,1.06669,1.06675,0
2023-03-19 22:50:00+00:00,1.06675,1.06679,1.06667,1.06669,0
2023-03-19 22:51:00+00:00,1.0667,1.06679,1.0667,1.06677,0
2023-03-19 22:52:00+00:00,1.06674,1.06677,1.06674,1.06675,0
2023-03-19 22:53:00+00:00,1.06676,1.06681,1.06674,1.06677,0
2023-03-19 22:54:00+00:00,1.06676,1.06684,1.06674,1.0668,0
2023-03-19 22:55:00+00:00,1.06679,1.06687,1.06679,1.06684,0
2023-03-19 22:56:00+00:00,1.06685,1.06689,1.06684,1.06685,0
2023-03-19 22:57:00+00:00,1.06684,1.06685,1.06675,1.06675,0
2023-03-19 22:58:00+00:00,1.06678,1.06692,1.06675,1.06691,0
2023-03-19 22:59:00+00:00,1.0669,1.06692,1.06686,1.06692,0
2023-03-19 23:00:00+00:00,1.06691,1.06695,1.06687,1.06695,0
2023-03-19 23:01:00+00:00,1.06697,1.06699,1.0669,1.06696,0
2023-03-19 23:02:00+00:00,1.06696,1.06701,1.06694,1.06698,0
2023-03-19 23:03:00+00:00,1.06698,1.06698,1.06694,1.06694,0
2023-03-19 23:04:00+00:00,1.06695,1.06698,1.06693,1.06695,0
2023-03-19 23:05:00+00:00,1.06695,1.06696,1.0669,1.0669,0
2023-03-19 23:06:00+00:00,1.06693,1.06714,1.06692,1.0671,0
2023-03-19 23:07:00+00:00,1.06708,1.06714,1.06705,1.06712,0
2023-03-19 23:08:00+00:00,1.06711,1.06719,1.06709,1.06712,0
2023-03-19 23:09:00+00:00,1.06712,1.06712,1.06708,1.06709,0
2023-03-19 23:10:00+00:00,1.06708,1.06713,1.06704,1.0671,0
2023-03-19 23:11:00+00:00,1.06711,1.06713,1.06708,1.06711,0
2023-03-19 23:12:00+00:00,1.06711,1.06737,1.06711,1.06736,0
2023-03-19 23:13:00+00:00,1.06737,1.0674,1.06734,1.06735,0
2023-03-19 23:14:00+00:00,1.06734,1.06735,1.06727,1.06728,0
2023-03-19 23:15:00+00:00,1.06727,1.06741,1.06723,1.06736,0
2023-03-19 23:16:00+00:00,1.06737,1.06738,1.06715,1.06718,0
2023-03-19 23:17:00+00:00,1.06718,1.06724,1.06718,1.06721,0
2023-03-19 23:18:00+00:00,1.06723,1.06723,1.06718,1.06718,0
2023-03-19 23:19:00+00:00,1.06716,1.06718,1.06711,1.06714,0
2023-03-19 23:20:00+00:00,1.06714,1.06718,1.06714,1.06716,0
2023-03-19 23:21:00+00:00,1.06719,1.06719,1.06716,1.06716,0
2023-03-19 23:22:00+00:00,1.06718,1.06724,1.06715,1.06718,0
2023-03-19 23:23:00+00:00,1.06719,1.06724,1.06718,1.0672,0
2023-03-19 23:24:00+00:00,1.06719,1.06719,1.06709,1.0671,0
2023-03-19 23:25:00+00:00,1.06711,1.06713,1.06709,1.0671,0
2023-03-19 23:26:00+00:00,1.06709,1.06709,1.06704,1.06708,0
2023-03-19 23:27:00+00:00,1.06709,1.06714,1.06704,1.06711,0
2023-03-19 23:28:00+00:00,1.06711,1.06711,1.06706,1.06708,0
2023-03-19 23:29:00+00:00,1.06708,1.06714,1.06705,1.06705,0
2023-03-19 23:30:00+00:00,1.06706,1.06709,1.06704,1.06709,0
2023-03-19 23:31:00+00:00,1.06709,1.06715,1.06705,1.06714,0
2023-03-19 23:32:00+00:00,1.06714,1.06724,1.06714,1.06719,0
2023-03-19 23:33:00+00:00,1.06719,1.06725,1.06715,1.06719,0
2023-03-19 23:34:00+00:00,1.0672,1.06724,1.06719,1.06722,0
2023-03-19 23:35:00+00:00,1.06721,1.06722,1.06713,1.06715,0
2023-03-19 23:36:00+00:00,1.06716,1.06722,1.06715,1.06717,0
2023-03-19 23:37:00+00:00,1.06716,1.06719,1.06703,1.06703,0
2023-03-19 23:38:00+00:00,1.06703,1.06704,1.06692,1.06694,0
2023-03-19 23:39:00+00:00,1.06693,1.06695,1.06668,1.06669,0
2023-03-19 23:40:00+00:00,1.06668,1.06674,1.06663,1.0667,0
2023-03-19 23:41:00+00:00,1.06668,1.06676,1.06664,1.06668,0
2023-03-19 23:42:00+00:00,1.06667,1.06669,1.06656,1.06668,0
2023-03-19 23:43:00+00:00,1.06669,1.0667,1.06663,1.06667,0
2023-03-19 23:44:00+00:00,1.06669,1.06669,1.06661,1.06662,0
2023-03-19 23:45:00+00:00,1.06662,1.06676,1.06662,1.06676,0
2023-03-19 23:46:00+00:00,1.06677,1.06691,1.06677,1.06691,0
2023-03-19 23:47:00+00:00,1.06692,1.06702,1.06692,1.067,0
2023-03-19 23:48:00+00:00,1.067,1.067,1.06698,1.067,0
2023-03-19 23:49:00+00:00,1.067,1.06707,1.06696,1.06701,0
2023-03-19 23:50:00+00:00,1.067,1.067,1.06686,1.06688,0
2023-03-19 23:51:00+00:00,1.0669,1.06697,1.0668,1.06681,0
2023-03-19 23:52:00+00:00,1.06683,1.06685,1.06674,1.06682,0
2023-03-19 23:53:00+00:00,1.06682,1.06691,1.06679,1.06687,0
2023-03-19 23:54:00+00:00,1.06686,1.06687,1.0668,1.06684,0
2023-03-19 23:55:00+00:00,1.06683,1.06697,1.06682,1.06692,0
2023-03-19 23:56:00+00:00,1.0669,1.0669,1.06683,1.06685,0
2023-03-19 23:57:00+00:00,1.06686,1.06697,1.06686,1.06687,0
2023-03-19 23:58:00+00:00,1.06687,1.06698,1.06687,1.06698,0
2023-03-19 23:59:00+00:00,1.06697,1.06704,1.06696,1.06697,0
2023-03-20 00:00:00+00:00,1.06695,1.06696,1.06681,1.06687,0
2023-03-20 00:01:00+00:00,1.06688,1.06698,1.06688,1.06697,0
2023-03-20 00:02:00+00:00,1.06696,1.06708,1.06693,1.06708,0
2023-03-20 00:03:00+00:00,1.06711,1.06712,1.067,1.06703,0
2023-03-20 00:04:00+00:00,1.06702,1.06702,1.06693,1.06701,0
2023-03-20 00:05:00+00:00,1.067,1.067,1.06694,1.06699,0
2023-03-20 00:06:00+00:00,1.06699,1.06713,1.06698,1.06708,0
2023-03-20 00:07:00+00:00,1.06708,1.06716,1.06708,1.06713,0
2023-03-20 00:08:00+00:00,1.06713,1.06721,1.06709,1.06717,0
2023-03-20 00:09:00+00:00,1.06717,1.06721,1.06711,1.06718,0
2023-03-20 00:10:00+00:00,1.06718,1.0674,1.06716,1.06739,0
2023-03-20 00:11:00+00:00,1.06738,1.06739,1.06728,1.06728,0
2023-03-20 00:12:00+00:00,1.06728,1.06728,1.06718,1.06727,0
2023-03-20 00:13:00+00:00,1.06727,1.0673,1.06724,1.06729,0
2023-03-20 00:14:00+00:00,1.06728,1.06732,1.06726,1.06728,0
2023-03-20 00:15:00+00:00,1.06727,1.06729,1.06717,1.06718,0
2023-03-20 00:16:00+00:00,1.06717,1.06717,1.06709,1.06711,0
2023-03-20 00:17:00+00:00,1.0671,1.06718,1.06706,1.06718,0
2023-03-20 00:18:00+00:00,1.06715,1.06723,1.06715,1.06719,0
2023-03-20 00:19:00+00:00,1.0672,1.06723,1.0672,1.06723,0
2023-03-20 00:20:00+00:00,1.06724,1.0676,1.06724,1.0676,0
2023-03-20 00:21:00+00:00,1.06759,1.0677,1.06756,1.06758,0
2023-03-20 00:22:00+00:00,1.06757,1.06757,1.06752,1.06754,0
2023-03-20 00:23:00+00:00,1.06754,1.06759,1.06748,1.0675,0
2023-03-20 00:24:00+00:00,1.0675,1.0675,1.06737,1.0674,0
2023-03-20 00:25:00+00:00,1.06741,1.06758,1.0674,1.06758,0
2023-03-20 00:26:00+00:00,1.06759,1.06761,1.06754,1.06758,0
2023-03-20 00:27:00+00:00,1.06756,1.06759,1.06748,1.06748,0
2023-03-20 00:28:00+00:00,1.06749,1.06754,1.06744,1.06753,0
2023-03-20 00:29:00+00:00,1.06756,1.06758,1.06747,1.06747,0
2023-03-20 00:30:00+00:00,1.06748,1.06748,1.06725,1.06727,0
2023-03-20 00:31:00+00:00,1.06726,1.06728,1.06722,1.06725,0
2023-03-20 00:32:00+00:00,1.06724,1.06737,1.06724,1.06733,0
2023-03-20 00:33:00+00:00,1.06733,1.06733,1.06725,1.06728,0
2023-03-20 00:34:00+00:00,1.06728,1.06734,1.06723,1.06733,0
2023-03-20 00:35:00+00:00,1.06733,1.06748,1.06733,1.06747,0
2023-03-20 00:36:00+00:00,1.06747,1.06753,1.0674,1.0674,0
2023-03-20 00:37:00+00:00,1.06739,1.06748,1.06738,1.06743,0
2023-03-20 00:38:00+00:00,1.06742,1.06743,1.06717,1.06717,0
2023-03-20 00:39:00+00:00,1.06717,1.06723,1.06707,1.06716,0
2023-03-20 00:40:00+00:00,1.06716,1.06727,1.06709,1.06722,0
2023-03-20 00:41:00+00:00,1.06724,1.06726,1.06718,1.06719,0
2023-03-20 00:42:00+00:00,1.0672,1.06728,1.0672,1.06724,0
2023-03-20 00:43:00+00:00,1.06723,1.06724,1.06714,1.06718,0
2023-03-20 00:44:00+00:00,1.06718,1.06724,1.06715,1.06724,0
2023-03-20 00:45:00+00:00,1.06724,1.06739,1.06724,1.06739,0
2023-03-20 00:46:00+00:00,1.06739,1.0675,1.06739,1.06749,0
2023-03-20 00:47:00+00:00,1.06748,1.06754,1.06748,1.06754,0
2023-03-20 00:48:00+00:00,1.06753,1.06754,1.06746,1.06748,0
2023-03-20 00:49:00+00:00,1.06751,1.06757,1.06746,1.06754,0
2023-03-20 00:50:00+00:00,1.06753,1.06754,1.06748,1.06748,0
2023-03-20 00:51:00+00:00,1.06749,1.06754,1.06749,1.06754,0
2023-03-20 00:52:00+00:00,1.06754,1.06758,1.06743,1.06757,0
2023-03-20 00:53:00+00:00,1.06757,1.06768,1.06754,1.06767,0
2023-03-20 00:54:00+00:00,1.06766,1.06769,1.06764,1.06765,0
2023-03-20 00:55:00+00:00,1.06765,1.06779,1.06765,1.06771,0
2023-03-20 00:56:00+00:00,1.06772,1.06797,1.06771,1.06793,0
2023-03-20 00:57:00+00:00,1.06792,1.06796,1.0678,1.06789,0
2023-03-20 00:58:00+00:00,1.06789,1.06808,1.06789,1.06802,0
2023-03-20 00:59:00+00:00,1.06802,1.06802,1.06786,1.06792,0
2023-03-20 01:00:00+00:00,1.06793,1.06802,1.06788,1.06798,0
2023-03-20 01:01:00+00:00,1.06797,1.0681,1.06794,1.06807,0
2023-03-20 01:02:00+00:00,1.06807,1.06807,1.06772,1.06786,0
2023-03-20 01:03:00+00:00,1.06787,1.06806,1.06782,1.06792,0
2023-03-20 01:04:00+00:00,1.06793,1.068,1.06783,1.06789,0
2023-03-20 01:05:00+00:00,1.0679,1.0679,1.06766,1.06771,0
2023-03-20 01:06:00+00:00,1.06771,1.06778,1.0675,1.0675,0
2023-03-20 01:07:00+00:00,1.06749,1.06752,1.06738,1.06741,0
2023-03-20 01:08:00+00:00,1.0674,1.06755,1.06739,1.06751,0
2023-03-20 01:09:00+00:00,1.0675,1.06751,1.06731,1.06734,0
2023-03-20 01:10:00+00:00,1.06734,1.06749,1.06733,1.06739,0
2023-03-20 01:11:00+00:00,1.06737,1.06739,1.0673,1.06738,0
2023-03-20 01:12:00+00:00,1.06738,1.06743,1.06738,1.06739,0
2023-03-20 01:13:00+00:00,1.06738,1.06738,1.06721,1.0673,0
2023-03-20 01:14:00+00:00,1.06729,1.06737,1.06727,1.06733,0
2023-03-20 01:15:00+00:00,1.06733,1.0674,1.06723,1.06723,0
2023-03-20 01:16:00+00:00,1.06723,1.06723,1.06709,1.06718,0
2023-03-20 01:17:00+00:00,1.06718,1.06724,1.06708,1.0672,0
2023-03-20 01:18:00+00:00,1.06721,1.06722,1.06709,1.06718,0
2023-03-20 01:19:00+00:00,1.06718,1.06728,1.06712,1.06727,0
2023-03-20 01:20:00+00:00,1.06728,1.06739,1.06722,1.06729,0
2023-03-20 01:21:00+00:00,1.06729,1.06731,1.06717,1.06718,0
2023-03-20 01:22:00+00:00,1.06719,1.06731,1.06714,1.06728,0
2023-03-20 01:23:00+00:00,1.06727,1.06742,1.06715,1.06728,0
2023-03-20 01:24:00+00:00,1.06729,1.06734,1.067,1.067,0
2023-03-20 01:25:00+00:00,1.067,1.067,1.06665,1.06668,0
2023-03-20 01:26:00+00:00,1.06667,1.06676,1.06643,1.06674,0
2023-03-20 01:27:00+00:00,1.06673,1.06686,1.06658,1.06672,0
2023-03-20 01:28:00+00:00,1.06674,1.0669,1.06664,1.06665,0
2023-03-20 01:29:00+00:00,1.06666,1.06693,1.0666,1.06674,0
2023-03-20 01:30:00+00:00,1.06672,1.06677,1.06633,1.06635,0
2023-03-20 01:31:00+00:00,1.06635,1.06645,1.06615,1.06623,0
2023-03-20 01:32:00+00:00,1.06623,1.06626,1.06603,1.0661,0
2023-03-20 01:33:00+00:00,1.06611,1.06622,1.06595,1.06611,0
2023-03-20 01:34:00+00:00,1.0661,1.06633,1.06608,1.06616,0
2023-03-20 01:35:00+00:00,1.06617,1.06636,1.0661,1.06618,0
2023-03-20 01:36:00+00:00,1.06617,1.0665,1.06617,1.06643,0
2023-03-20 01:37:00+00:00,1.06644,1.06658,1.06635,1.06657,0
2023-03-20 01:38:00+00:00,1.06657,1.06662,1.06628,1.06632,0
2023-03-20 01:39:00+00:00,1.06631,1.0664,1.06594,1.06608,0
2023-03-20 01:40:00+00:00,1.06609,1.06616,1.06586,1.06597,0
2023-03-20 01:41:00+00:00,1.06597,1.06623,1.06597,1.06604,0
2023-03-20 01:42:00+00:00,1.06606,1.06622,1.06601,1.06618,0
2023-03-20 01:43:00+00:00,1.06619,1.06632,1.06617,1.06631,0
2023-03-20 01:44:00+00:00,1.06631,1.06637,1.06612,1.06619,0
2023-03-20 01:45:00+00:00,1.06617,1.06635,1.06612,1.06628,0
2023-03-20 01:46:00+00:00,1.0663,1.06642,1.0662,1.06636,0
2023-03-20 01:47:00+00:00,1.06636,1.06643,1.06632,1.0664,0
2023-03-20 01:48:00+00:00,1.06644,1.06661,1.06643,1.06645,0
2023-03-20 01:49:00+00:00,1.06645,1.06646,1.06608,1.06608,0
2023-03-20 01:50:00+00:00,1.06613,1.0664,1.06597,1.0664,0
2023-03-20 01:51:00+00:00,1.06639,1.06647,1.06629,1.06633,0
2023-03-20 01:52:00+00:00,1.06632,1.0664,1.06611,1.06632,0
2023-03-20 01:53:00+00:00,1.06634,1.06654,1.0662,1.06651,0
2023-03-20 01:54:00+00:00,1.06653,1.06663,1.06642,1.06644,0
2023-03-20 01:55:00+00:00,1.06645,1.06658,1.06645,1.06652,0
2023-03-20 01:56:00+00:00,1.06651,1.06661,1.06648,1.06648,0
2023-03-20 01:57:00+00:00,1.06649,1.06655,1.06625,1.06627,0
2023-03-20 01:58:00+00:00,1.06627,1.06659,1.06627,1.0663,0
2023-03-20 01:59:00+00:00,1.0663,1.06636,1.06606,1.06606,0
2023-03-20 02:00:00+00:00,1.06606,1.06619,1.06594,1.06602,0
2023-03-20 02:01:00+00:00,1.06601,1.06603,1.06563,1.06584,0
2023-03-20 02:02:00+00:00,1.06582,1.06582,1.06509,1.06519,0
2023-03-20 02:03:00+00:00,1.06517,1.06527,1.06487,1.06508,0
2023-03-20 02:04:00+00:00,1.06507,1.06507,1.06416,1.06429,0
2023-03-20 02:05:00+00:00,1.06428,1.06501,1.06428,1.06493,0
2023-03-20 02:06:00+00:00,1.06496,1.06521,1.06475,1.06479,0
2023-03-20 02:07:00+00:00,1.0648,1.06512,1.0648,1.0649,0
2023-03-20 02:08:00+00:00,1.06491,1.06501,1.06464,1.06481,0
2023-03-20 02:09:00+00:00,1.06482,1.06491,1.0642,1.06451,0
2023-03-20 02:10:00+00:00,1.06452,1.06474,1.06447,1.06472,0
2023-03-20 02:11:00+00:00,1.06475,1.065,1.06475,1.06488,0
2023-03-20 02:12:00+00:00,1.06484,1.06486,1.06455,1.06482,0
2023-03-20 02:13:00+00:00,1.06481,1.06482,1.06446,1.06457,0
2023-03-20 02:14:00+00:00,1.06456,1.06483,1.06451,1.0647,0
2023-03-20 02:15:00+00:00,1.0647,1.06492,1.06428,1.06492,0
2023-03-20 02:16:00+00:00,1.06494,1.06547,1.06492,1.06537,0
2023-03-20 02:17:00+00:00,1.06537,1.06547,1.06523,1.06526,0
2023-03-20 02:18:00+00:00,1.06527,1.06543,1.06514,1.06543,0
2023-03-20 02:19:00+00:00,1.06543,1.06562,1.06543,1.06555,0
2023-03-20 02:20:00+00:00,1.06555,1.06573,1.06532,1.06536,0
2023-03-20 02:21:00+00:00,1.06535,1.06581,1.06528,1.06581,0
2023-03-20 02:22:00+00:00,1.06581,1.06592,1.06572,1.06577,0
2023-03-20 02:23:00+00:00,1.06576,1.0658,1.06561,1.06564,0
2023-03-20 02:24:00+00:00,1.06564,1.06595,1.06562,1.06578,0
2023-03-20 02:25:00+00:00,1.0658,1.0665,1.06559,1.06633,0
2023-03-20 02:26:00+00:00,1.06633,1.06681,1.06631,1.06661,0
2023-03-20 02:27:00+00:00,1.0666,1.06675,1.06648,1.06659,0
2023-03-20 02:28:00+00:00,1.06658,1.06691,1.06651,1.06678,0
2023-03-20 02:29:00+00:00,1.06677,1.06688,1.0666,1.06674,0
2023-03-20 02:30:00+00:00,1.06673,1.06706,1.06658,1.06686,0
2023-03-20 02:31:00+00:00,1.06685,1.06708,1.06676,1.06701,0
2023-03-20 02:32:00+00:00,1.067,1.067,1.06642,1.06642,0
2023-03-20 02:33:00+00:00,1.06643,1.06653,1.06626,1.06629,0
2023-03-20 02:34:00+00:00,1.06628,1.06663,1.06628,1.06659,0
2023-03-20 02:35:00+00:00,1.0666,1.06673,1.06638,1.06648,0
2023-03-20 02:36:00+00:00,1.06648,1.06649,1.06609,1.06613,0
2023-03-20 02:37:00+00:00,1.06614,1.0666,1.06602,1.06649,0
2023-03-20 02:38:00+00:00,1.0665,1.06657,1.06633,1.06647,0
2023-03-20 02:39:00+00:00,1.06648,1.06696,1.06642,1.06689,0
2023-03-20 02:40:00+00:00,1.06687,1.06698,1.06672,1.06674,0
2023-03-20 02:41:00+00:00,1.06673,1.06684,1.06663,1.0668,0
2023-03-20 02:42:00+00:00,1.06678,1.06678,1.06628,1.06628,0
2023-03-20 02:43:00+00:00,1.06629,1.06653,1.06601,1.06601,0
2023-03-20 02:44:00+00:00,1.06601,1.06619,1.06596,1.06605,0
2023-03-20 02:45:00+00:00,1.06604,1.06621,1.06591,1.06592,0
2023-03-20 02:46:00+00:00,1.06592,1.06605,1.0655,1.06561,0
2023-03-20 02:47:00+00:00,1.06562,1.06568,1.06534,1.06538,0
2023-03-20 02:48:00+00:00,1.06538,1.06565,1.06535,1.0655,0
2023-03-20 02:49:00+00:00,1.06548,1.06573,1.06548,1.06573,0
2023-03-20 02:50:00+00:00,1.06573,1.0661,1.06571,1.0658,0
2023-03-20 02:51:00+00:00,1.06581,1.06587,1.06559,1.0656,0
2023-03-20 02:52:00+00:00,1.06559,1.06589,1.06559,1.06585,0
2023-03-20 02:53:00+00:00,1.06584,1.06618,1.06579,1.06617,0
2023-03-20 02:54:00+00:00,1.06618,1.06627,1.06587,1.06595,0
2023-03-20 02:55:00+00:00,1.06593,1.06599,1.06577,1.06587,0
2023-03-20 02:56:00+00:00,1.06586,1.06587,1.06556,1.0657,0
2023-03-20 02:57:00+00:00,1.06571,1.06583,1.06541,1.06543,0
2023-03-20 02:58:00+00:00,1.06544,1.06583,1.06543,1.06577,0
2023-03-20 02:59:00+00:00,1.06577,1.06587,1.06544,1.06554,0
2023-03-20 03:00:00+00:00,1.06554,1.06622,1.06554,1.06612,0
2023-03-20 03:01:00+00:00,1.06611,1.06631,1.06575,1.06619,0
2023-03-20 03:02:00+00:00,1.06618,1.06647,1.06596,1.06609,0
2023-03-20 03:03:00+00:00,1.06609,1.06638,1.06606,1.06626,0
2023-03-20 03:04:00+00:00,1.06625,1.06661,1.06619,1.0665,0
2023-03-20 03:05:00+00:00,1.06651,1.06671,1.0664,1.06671,0
2023-03-20 03:06:00+00:00,1.0667,1.06685,1.0663,1.06631,0
2023-03-20 03:07:00+00:00,1.06632,1.06646,1.06619,1.06646,0
2023-03-20 03:08:00+00:00,1.06646,1.06657,1.06597,1.06608,0
2023-03-20 03:09:00+00:00,1.06606,1.06645,1.06602,1.06627,0
2023-03-20 03:10:00+00:00,1.06626,1.06667,1.06614,1.06641,0
2023-03-20 03:11:00+00:00,1.06641,1.06648,1.06617,1.06617,0
2023-03-20 03:12:00+00:00,1.06616,1.06618,1.06565,1.06565,0
2023-03-20 03:13:00+00:00,1.06566,1.06567,1.06513,1.06521,0
2023-03-20 03:14:00+00:00,1.0652,1.0652,1.06481,1.06485,0
2023-03-20 03:15:00+00:00,1.06484,1.06505,1.06463,1.06463,0
2023-03-20 03:16:00+00:00,1.06462,1.06472,1.06431,1.06439,0
2023-03-20 03:17:00+00:00,1.0644,1.06467,1.06436,1.06456,0
2023-03-20 03:18:00+00:00,1.06455,1.06456,1.06404,1.06407,0
2023-03-20 03:19:00+00:00,1.06405,1.06412,1.06362,1.06369,0
2023-03-20 03:20:00+00:00,1.06363,1.06407,1.06341,1.06384,0
2023-03-20 03:21:00+00:00,1.06386,1.06405,1.06376,1.06384,0
2023-03-20 03:22:00+00:00,1.06381,1.064,1.06366,1.06377,0
2023-03-20 03:23:00+00:00,1.06377,1.06399,1.06371,1.0638,0
2023-03-20 03:24:00+00:00,1.06381,1.06387,1.06352,1.06362,0
2023-03-20 03:25:00+00:00,1.06362,1.06395,1.06356,1.06376,0
2023-03-20 03:26:00+00:00,1.06376,1.06396,1.06375,1.06393,0
2023-03-20 03:27:00+00:00,1.06393,1.06393,1.06367,1.06369,0
2023-03-20 03:28:00+00:00,1.06368,1.06387,1.06354,1.06367,0
2023-03-20 03:29:00+00:00,1.06365,1.06366,1.06311,1.06316,0
2023-03-20 03:30:00+00:00,1.06314,1.06363,1.06314,1.06361,0
2023-03-20 03:31:00+00:00,1.06361,1.06363,1.06319,1.06342,0
2023-03-20 03:32:00+00:00,1.06341,1.06405,1.06341,1.06398,0
2023-03-20 03:33:00+00:00,1.06399,1.06407,1.06383,1.06393,0
2023-03-20 03:34:00+00:00,1.06394,1.06409,1.06373,1.06406,0
2023-03-20 03:35:00+00:00,1.06404,1.06407,1.06372,1.06389,0
2023-03-20 03:36:00+00:00,1.06391,1.06403,1.06382,1.06387,0
2023-03-20 03:37:00+00:00,1.06387,1.06443,1.06387,1.06436,0
2023-03-20 03:38:00+00:00,1.06435,1.06439,1.06412,1.06427,0
2023-03-20 03:39:00+00:00,1.06428,1.06437,1.06418,1.06432,0
2023-03-20 03:40:00+00:00,1.06433,1.06435,1.06414,1.06428,0
2023-03-20 03:41:00+00:00,1.06427,1.06451,1.06417,1.06439,0
2023-03-20 03:42:00+00:00,1.06439,1.06468,1.06438,1.06466,0
2023-03-20 03:43:00+00:00,1.06467,1.06479,1.0645,1.06454,0
2023-03-20 03:44:00+00:00,1.06454,1.06495,1.0645,1.06494,0
2023-03-20 03:45:00+00:00,1.06494,1.06511,1.06485,1.06505,0
2023-03-20 03:46:00+00:00,1.06504,1.06529,1.06495,1.06519,0
2023-03-20 03:47:00+00:00,1.0652,1.0655,1.06514,1.06546,0
2023-03-20 03:48:00+00:00,1.06547,1.06551,1.06538,1.06542,0
2023-03-20 03:49:00+00:00,1.06542,1.06542,1.06493,1.06503,0
2023-03-20 03:50:00+00:00,1.06504,1.06556,1.06503,1.0655,0
2023-03-20 03:51:00+00:00,1.0655,1.06557,1.06532,1.06541,0
2023-03-20 03:52:00+00:00,1.06542,1.06554,1.06529,1.06547,0
2023-03-20 03:53:00+00:00,1.06548,1.06567,1.06538,1.06553,0
2023-03-20 03:54:00+00:00,1.06554,1.06577,1.06553,1.06571,0
2023-03-20 03:55:00+00:00,1.06572,1.06596,1.06565,1.06589,0
2023-03-20 03:56:00+00:00,1.06588,1.066,1.06576,1.06576,0
2023-03-20 03:57:00+00:00,1.06577,1.06598,1.06576,1.06589,0
2023-03-20 03:58:00+00:00,1.06589,1.06597,1.06572,1.0658,0
2023-03-20 03:59:00+00:00,1.0658,1.06624,1.06564,1.0661,0
2023-03-20 04:00:00+00:00,1.0661,1.06618,1.06587,1.0659,0
2023-03-20 04:01:00+00:00,1.06592,1.06617,1.06574,1.06608,0
2023-03-20 04:02:00+00:00,1.06609,1.06641,1.06602,1.06633,0
2023-03-20 04:03:00+00:00,1.06632,1.06646,1.06611,1.06612,0
2023-03-20 04:04:00+00:00,1.06611,1.06611,1.06583,1.06596,0
2023-03-20 04:05:00+00:00,1.06596,1.06644,1.06596,1.06639,0
2023-03-20 04:06:00+00:00,1.06639,1.0664,1.06615,1.06619,0
2023-03-20 04:07:00+00:00,1.06622,1.0668,1.06622,1.0666,0
2023-03-20 04:08:00+00:00,1.06662,1.06668,1.06642,1.06642,0
2023-03-20 04:09:00+00:00,1.0664,1.06642,1.06608,1.06613,0
2023-03-20 04:10:00+00:00,1.06615,1.0662,1.06585,1.06598,0
2023-03-20 04:11:00+00:00,1.06597,1.06603,1.06586,1.06597,0
2023-03-20 04:12:00+00:00,1.06597,1.066,1.06577,1.06577,0
2023-03-20 04:13:00+00:00,1.06578,1.06587,1.06533,1.0655,0
2023-03-20 04:14:00+00:00,1.06551,1.06574,1.06546,1.06569,0
2023-03-20 04:15:00+00:00,1.06569,1.06581,1.06548,1.06548,0
2023-03-20 04:16:00+00:00,1.06549,1.06562,1.06542,1.06558,0
2023-03-20 04:17:00+00:00,1.06557,1.0656,1.06542,1.06547,0
2023-03-20 04:18:00+00:00,1.06547,1.06549,1.06525,1.06539,0
2023-03-20 04:19:00+00:00,1.06537,1.06552,1.06519,1.06526,0
2023-03-20 04:20:00+00:00,1.06526,1.06561,1.06514,1.06548,0
2023-03-20 04:21:00+00:00,1.06548,1.0655,1.06515,1.06521,0
2023-03-20 04:22:00+00:00,1.06521,1.0653,1.06511,1.06518,0
2023-03-20 04:23:00+00:00,1.06518,1.06545,1.06511,1.06543,0
2023-03-20 04:24:00+00:00,1.06543,1.06548,1.06531,1.06531,0
2023-03-20 04:25:00+00:00,1.06532,1.06534,1.06497,1.06516,0
2023-03-20 04:26:00+00:00,1.06518,1.0652,1.06496,1.06518,0
2023-03-20 04:27:00+00:00,1.06517,1.06539,1.06516,1.06531,0
2023-03-20 04:28:00+00:00,1.0653,1.06533,1.06511,1.06526,0
2023-03-20 04:29:00+00:00,1.06526,1.06553,1.06526,1.06531,0
2023-03-20 04:30:00+00:00,1.06528,1.06602,1.06528,1.06594,0
2023-03-20 04:31:00+00:00,1.06594,1.06611,1.06592,1.06601,0
2023-03-20 04:32:00+00:00,1.06602,1.06639,1.06602,1.06632,0
2023-03-20 04:33:00+00:00,1.06631,1.06683,1.06631,1.06673,0
2023-03-20 04:34:00+00:00,1.06673,1.0668,1.06652,1.06667,0
2023-03-20 04:35:00+00:00,1.06667,1.06674,1.0665,1.06666,0
2023-03-20 04:36:00+00:00,1.06666,1.06673,1.06619,1.06621,0
2023-03-20 04:37:00+00:00,1.0662,1.06621,1.06596,1.06596,0
2023-03-20 04:38:00+00:00,1.06599,1.06614,1.06586,1.06594,0
2023-03-20 04:39:00+00:00,1.06595,1.06614,1.0659,1.06594,0
2023-03-20 04:40:00+00:00,1.06594,1.06625,1.06587,1.06625,0
2023-03-20 04:41:00+00:00,1.06625,1.06648,1.06616,1.0664,0
2023-03-20 04:42:00+00:00,1.06639,1.06668,1.06637,1.06649,0
2023-03-20 04:43:00+00:00,1.0665,1.0665,1.06627,1.0663,0
2023-03-20 04:44:00+00:00,1.06633,1.06659,1.06633,1.06635,0
2023-03-20 04:45:00+00:00,1.06635,1.06669,1.06619,1.0666,0
2023-03-20 04:46:00+00:00,1.0666,1.06665,1.06635,1.06649,0
2023-03-20 04:47:00+00:00,1.06649,1.0665,1.06611,1.06611,0
2023-03-20 04:48:00+00:00,1.0661,1.06623,1.06595,1.0662,0
2023-03-20 04:49:00+00:00,1.06619,1.06634,1.06616,1.06623,0
2023-03-20 04:50:00+00:00,1.06622,1.06695,1.06617,1.06691,0
2023-03-20 04:51:00+00:00,1.06695,1.06718,1.06685,1.06698,0
2023-03-20 04:52:00+00:00,1.06697,1.06705,1.06676,1.06679,0
2023-03-20 04:53:00+00:00,1.06679,1.06693,1.06662,1.06691,0
2023-03-20 04:54:00+00:00,1.06692,1.06708,1.06688,1.06702,0
2023-03-20 04:55:00+00:00,1.06702,1.06717,1.06692,1.06714,0
2023-03-20 04:56:00+00:00,1.06713,1.06761,1.06713,1.06733,0
2023-03-20 04:57:00+00:00,1.06733,1.06773,1.06728,1.06752,0
2023-03-20 04:58:00+00:00,1.06752,1.06777,1.06742,1.06759,0
2023-03-20 04:59:00+00:00,1.06758,1.0676,1.06729,1.06743,0
2023-03-20 05:00:00+00:00,1.06743,1.06744,1.06706,1.06727,0
2023-03-20 05:01:00+00:00,1.06728,1.06741,1.0671,1.06723,0
2023-03-20 05:02:00+00:00,1.06724,1.06767,1.06711,1.06742,0
2023-03-20 05:03:00+00:00,1.06742,1.06768,1.06741,1.06764,0
2023-03-20 05:04:00+00:00,1.06765,1.06779,1.06759,1.06768,0
2023-03-20 05:05:00+00:00,1.06768,1.0677,1.06733,1.06762,0
2023-03-20 05:06:00+00:00,1.06763,1.0679,1.06755,1.06785,0
2023-03-20 05:07:00+00:00,1.06786,1.06831,1.06777,1.06821,0
2023-03-20 05:08:00+00:00,1.06821,1.06837,1.06812,1.06826,0
2023-03-20 05:09:00+00:00,1.06824,1.06825,1.06805,1.0682,0
2023-03-20 05:10:00+00:00,1.06821,1.06821,1.068,1.06812,0
2023-03-20 05:11:00+00:00,1.06813,1.06844,1.06806,1.06825,0
2023-03-20 05:12:00+00:00,1.06824,1.06832,1.06807,1.06807,0
2023-03-20 05:13:00+00:00,1.06807,1.06813,1.06791,1.06797,0
2023-03-20 05:14:00+00:00,1.06797,1.06803,1.06785,1.06796,0
2023-03-20 05:15:00+00:00,1.06796,1.06823,1.06796,1.06818,0
2023-03-20 05:16:00+00:00,1.06821,1.06865,1.06812,1.06857,0
2023-03-20 05:17:00+00:00,1.06856,1.06908,1.06848,1.06902,0
2023-03-20 05:18:00+00:00,1.06903,1.06907,1.06866,1.06883,0
2023-03-20 05:19:00+00:00,1.06883,1.06884,1.06868,1.06872,0
2023-03-20 05:20:00+00:00,1.06872,1.06872,1.06833,1.0684,0
2023-03-20 05:21:00+00:00,1.06841,1.06863,1.06835,1.06836,0
2023-03-20 05:22:00+00:00,1.06837,1.06846,1.06822,1.06833,0
2023-03-20 05:23:00+00:00,1.06833,1.06833,1.06805,1.06828,0
2023-03-20 05:24:00+00:00,1.06828,1.06829,1.06804,1.06821,0
2023-03-20 05:25:00+00:00,1.06821,1.06826,1.06806,1.06812,0
2023-03-20 05:26:00+00:00,1.06813,1.06841,1.0681,1.06841,0
2023-03-20 05:27:00+00:00,1.06844,1.06846,1.06821,1.06835,0
2023-03-20 05:28:00+00:00,1.06837,1.06858,1.06823,1.06858,0
2023-03-20 05:29:00+00:00,1.0686,1.06877,1.06857,1.06877,0
2023-03-20 05:30:00+00:00,1.06876,1.06893,1.06863,1.06888,0
2023-03-20 05:31:00+00:00,1.0689,1.06914,1.06886,1.06898,0
2023-03-20 05:32:00+00:00,1.06897,1.0691,1.06896,1.06906,0
2023-03-20 05:33:00+00:00,1.06907,1.06942,1.06906,1.06933,0
2023-03-20 05:34:00+00:00,1.06932,1.06933,1.06891,1.06897,0
2023-03-20 05:35:00+00:00,1.06896,1.06937,1.06894,1.06937,0
2023-03-20 05:36:00+00:00,1.06938,1.06972,1.06924,1.06961,0
2023-03-20 05:37:00+00:00,1.06959,1.06965,1.06949,1.0695,0
2023-03-20 05:38:00+00:00,1.06949,1.06968,1.06939,1.06967,0
2023-03-20 05:39:00+00:00,1.06968,1.06977,1.06962,1.06971,0
2023-03-20 05:40:00+00:00,1.06971,1.06981,1.06961,1.06978,0
2023-03-20 05:41:00+00:00,1.06978,1.06992,1.06973,1.06992,0
2023-03-20 05:42:00+00:00,1.06991,1.06994,1.06987,1.0699,0
2023-03-20 05:43:00+00:00,1.06991,1.06992,1.06972,1.06981,0
2023-03-20 05:44:00+00:00,1.06981,1.06986,1.06971,1.06981,0
2023-03-20 05:45:00+00:00,1.0698,1.06989,1.06979,1.06987,0
2023-03-20 05:46:00+00:00,1.0699,1.06994,1.06974,1.06988,0
2023-03-20 05:47:00+00:00,1.06987,1.06993,1.06968,1.0699,0
2023-03-20 05:48:00+00:00,1.0699,1.06991,1.06964,1.06964,0
2023-03-20 05:49:00+00:00,1.06964,1.06979,1.0696,1.06975,0
2023-03-20 05:50:00+00:00,1.06974,1.06981,1.06961,1.06974,0
2023-03-20 05:51:00+00:00,1.06973,1.06975,1.0695,1.06956,0
2023-03-20 05:52:00+00:00,1.06961,1.0697,1.06955,1.06958,0
2023-03-20 05:53:00+00:00,1.0696,1.0696,1.0695,1.0695,0
2023-03-20 05:54:00+00:00,1.0695,1.06951,1.06938,1.06938,0
2023-03-20 05:55:00+00:00,1.06938,1.0696,1.06931,1.06944,0
2023-03-20 05:56:00+00:00,1.06943,1.06975,1.06934,1.06974,0
2023-03-20 05:57:00+00:00,1.06974,1.06978,1.06964,1.06977,0
2023-03-20 05:58:00+00:00,1.06977,1.06988,1.06965,1.06976,0
2023-03-20 05:59:00+00:00,1.06977,1.06984,1.06959,1.06959,0
2023-03-20 07:00:00+00:00,1.07071,1.0708,1.07062,1.07062,0
2023-03-20 07:01:00+00:00,1.07064,1.07071,1.07062,1.07064,0
2023-03-20 07:02:00+00:00,1.07065,1.07074,1.07059,1.07067,0
2023-03-20 07:03:00+00:00,1.07067,1.07088,1.07065,1.07069,0
2023-03-20 07:04:00+00:00,1.07068,1.07082,1.07052,1.07077,0
2023-03-20 07:05:00+00:00,1.07076,1.07078,1.07067,1.07077,0
2023-03-20 07:06:00+00:00,1.07077,1.07077,1.07055,1.07061,0
2023-03-20 07:07:00+00:00,1.07064,1.07071,1.0705,1.07056,0
2023-03-20 07:08:00+00:00,1.07055,1.07055,1.07045,1.07045,0
2023-03-20 07:09:00+00:00,1.07046,1.07065,1.07041,1.07042,0
2023-03-20 07:10:00+00:00,1.07041,1.07052,1.07035,1.07043,0
2023-03-20 07:11:00+00:00,1.07043,1.07046,1.07024,1.07045,0
2023-03-20 07:12:00+00:00,1.07046,1.07081,1.07045,1.0708,0
2023-03-20 07:13:00+00:00,1.07079,1.07086,1.07075,1.07086,0
2023-03-20 07:14:00+00:00,1.07086,1.07087,1.07076,1.0708,0
2023-03-20 07:15:00+00:00,1.07082,1.07082,1.07019,1.07024,0
2023-03-20 07:16:00+00:00,1.07025,1.07042,1.07017,1.07041,0
2023-03-20 07:17:00+00:00,1.0704,1.07075,1.0704,1.07065,0
2023-03-20 07:18:00+00:00,1.07067,1.0707,1.0706,1.0707,0
2023-03-20 07:19:00+00:00,1.07069,1.07085,1.07062,1.07085,0
2023-03-20 07:20:00+00:00,1.07087,1.07093,1.07073,1.07079,0
2023-03-20 07:21:00+00:00,1.0708,1.07087,1.07053,1.07064,0
2023-03-20 07:22:00+00:00,1.07065,1.07079,1.0706,1.07079,0
2023-03-20 07:23:00+00:00,1.07079,1.07087,1.07073,1.07083,0
2023-03-20 07:24:00+00:00,1.07085,1.07087,1.07073,1.07073,0
2023-03-20 07:25:00+00:00,1.07072,1.07088,1.07059,1.07081,0
2023-03-20 07:26:00+00:00,1.07081,1.07092,1.0708,1.07087,0
2023-03-20 07:27:00+00:00,1.07088,1.07156,1.07082,1.07145,0
2023-03-20 07:28:00+00:00,1.07144,1.07144,1.07123,1.07134,0
2023-03-20 07:29:00+00:00,1.07133,1.07153,1.07124,1.07124,0
2023-03-20 07:30:00+00:00,1.07124,1.07135,1.07121,1.07134,0
2023-03-20 07:31:00+00:00,1.07133,1.07145,1.07129,1.07145,0
2023-03-20 07:32:00+00:00,1.07146,1.07152,1.07119,1.07142,0
2023-03-20 07:33:00+00:00,1.07143,1.0715,1.07136,1.07138,0
2023-03-20 07:34:00+00:00,1.07139,1.07144,1.07126,1.07134,0
2023-03-20 07:35:00+00:00,1.07134,1.07154,1.07128,1.07151,0
2023-03-20 07:36:00+00:00,1.0715,1.07157,1.07137,1.07153,0
2023-03-20 07:37:00+00:00,1.07154,1.07158,1.07144,1.07157,0
2023-03-20 07:38:00+00:00,1.07158,1.0716,1.07145,1.07158,0
2023-03-20 07:39:00+00:00,1.07157,1.07163,1.07152,1.07162,0
2023-03-20 07:40:00+00:00,1.07163,1.07176,1.07159,1.07175,0
2023-03-20 07:41:00+00:00,1.07174,1.07175,1.07144,1.07154,0
2023-03-20 07:42:00+00:00,1.07154,1.07154,1.07132,1.07138,0
2023-03-20 07:43:00+00:00,1.07137,1.07137,1.07107,1.07123,0
2023-03-20 07:44:00+00:00,1.07122,1.07125,1.07102,1.0711,0
2023-03-20 07:45:00+00:00,1.07109,1.07109,1.07087,1.07105,0
2023-03-20 07:46:00+00:00,1.07105,1.07119,1.07091,1.07106,0
2023-03-20 07:47:00+00:00,1.07106,1.07128,1.07106,1.07118,0
2023-03-20 07:48:00+00:00,1.07119,1.07136,1.07101,1.07114,0
2023-03-20 07:49:00+00:00,1.07113,1.07116,1.07076,1.07086,0
2023-03-20 07:50:00+00:00,1.07086,1.07087,1.07066,1.07076,0
2023-03-20 07:51:00+00:00,1.07076,1.07088,1.07071,1.07081,0
2023-03-20 07:52:00+00:00,1.07077,1.07093,1.07075,1.07088,0
2023-03-20 07:53:00+00:00,1.07088,1.07091,1.07063,1.07063,0
2023-03-20 07:54:00+00:00,1.07062,1.07091,1.07057,1.07086,0
2023-03-20 07:55:00+00:00,1.07088,1.07109,1.07088,1.07091,0
2023-03-20 07:56:00+00:00,1.0709,1.0709,1.07061,1.07072,0
2023-03-20 07:57:00+00:00,1.07074,1.07075,1.07045,1.07055,0
2023-03-20 07:58:00+00:00,1.07055,1.07057,1.07029,1.07041,0
2023-03-20 07:59:00+00:00,1.07041,1.07052,1.07035,1.0705,0
2023-03-20 09:00:00+00:00,1.07237,1.07295,1.07225,1.07287,0
2023-03-20 09:01:00+00:00,1.07288,1.0729,1.07239,1.07253,0
2023-03-20 09:02:00+00:00,1.07254,1.07256,1.07224,1.07227,0
2023-03-20 09:03:00+00:00,1.07225,1.07248,1.07225,1.07239,0
2023-03-20 09:04:00+00:00,1.0724,1.07246,1.07225,1.07243,0
2023-03-20 09:05:00+00:00,1.07243,1.07243,1.07214,1.07215,0
2023-03-20 09:06:00+00:00,1.07216,1.07216,1.07195,1.07206,0
2023-03-20 09:07:00+00:00,1.07206,1.07207,1.07175,1.07177,0
2023-03-20 09:08:00+00:00,1.07178,1.07198,1.07161,1.07197,0
2023-03-20 09:09:00+00:00,1.07198,1.07211,1.07191,1.07205,0
2023-03-20 09:10:00+00:00,1.07205,1.07219,1.07195,1.07211,0
2023-03-20 09:11:00+00:00,1.07211,1.07215,1.07162,1.07166,0
2023-03-20 09:12:00+00:00,1.07166,1.07177,1.07159,1.07171,0
2023-03-20 09:13:00+00:00,1.0717,1.07192,1.07157,1.0719,0
2023-03-20 09:14:00+00:00,1.0719,1.0719,1.07166,1.07186,0
2023-03-20 09:15:00+00:00,1.07186,1.07219,1.07178,1.07219,0
2023-03-20 09:16:00+00:00,1.0722,1.0722,1.07188,1.07196,0
2023-03-20 09:17:00+00:00,1.07196,1.07197,1.07171,1.07183,0
2023-03-20 09:18:00+00:00,1.07182,1.07197,1.07158,1.07165,0
2023-03-20 09:19:00+00:00,1.07165,1.07168,1.07132,1.0714,0
2023-03-20 09:20:00+00:00,1.07139,1.07182,1.07124,1.07182,0
2023-03-20 09:21:00+00:00,1.07183,1.07192,1.07148,1.07167,0
2023-03-20 09:22:00+00:00,1.07167,1.0717,1.07151,1.07162,0
2023-03-20 09:23:00+00:00,1.07161,1.07179,1.0715,1.07156,0
2023-03-20 09:24:00+00:00,1.07156,1.07166,1.07135,1.07153,0
2023-03-20 09:25:00+00:00,1.07153,1.07172,1.07147,1.07164,0
2023-03-20 09:26:00+00:00,1.07165,1.07178,1.07156,1.07178,0
2023-03-20 09:27:00+00:00,1.07179,1.07182,1.0717,1.07172,0
2023-03-20 09:28:00+00:00,1.07174,1.07177,1.07165,1.07169,0
2023-03-20 09:29:00+00:00,1.07169,1.07175,1.07159,1.07167,0
2023-03-20 09:30:00+00:00,1.07167,1.07196,1.07167,1.07192,0
2023-03-20 09:31:00+00:00,1.07192,1.07196,1.07186,1.07193,0
2023-03-20 09:32:00+00:00,1.07193,1.07199,1.07183,1.07185,0
2023-03-20 09:33:00+00:00,1.07187,1.07192,1.07168,1.07189,0
2023-03-20 09:34:00+00:00,1.07188,1.0719,1.07178,1.07187,0
2023-03-20 09:35:00+00:00,1.07187,1.07205,1.07187,1.07199,0
2023-03-20 09:36:00+00:00,1.07199,1.07208,1.07192,1.07195,0
2023-03-20 09:37:00+00:00,1.07194,1.07205,1.07184,1.07204,0
2023-03-20 09:38:00+00:00,1.07206,1.07227,1.07206,1.07216,0
2023-03-20 09:39:00+00:00,1.07215,1.07218,1.07199,1.072,0
2023-03-20 09:40:00+00:00,1.07199,1.07204,1.07175,1.07177,0
2023-03-20 09:41:00+00:00,1.07177,1.07194,1.07168,1.07183,0
2023-03-20 09:42:00+00:00,1.07182,1.07184,1.07174,1.07183,0
2023-03-20 09:43:00+00:00,1.07183,1.07185,1.0717,1.07178,0
2023-03-20 09:44:00+00:00,1.07179,1.07181,1.07168,1.07175,0
2023-03-20 09:45:00+00:00,1.07176,1.07195,1.07171,1.07174,0
2023-03-20 09:46:00+00:00,1.07175,1.07186,1.07171,1.07184,0
2023-03-20 09:47:00+00:00,1.07185,1.07201,1.07184,1.07195,0
2023-03-20 09:48:00+00:00,1.07195,1.07207,1.07184,1.07184,0
2023-03-20 09:49:00+00:00,1.07184,1.072,1.07184,1.07198,0
2023-03-20 09:50:00+00:00,1.07198,1.07218,1.07193,1.07195,0
2023-03-20 09:51:00+00:00,1.07195,1.07205,1.07193,1.07199,0
2023-03-20 09:52:00+00:00,1.07199,1.07203,1.07192,1.07193,0
2023-03-20 09:53:00+00:00,1.07192,1.07199,1.07184,1.07197,0
2023-03-20 09:54:00+00:00,1.07197,1.07214,1.07197,1.07211,0
2023-03-20 09:55:00+00:00,1.07212,1.07233,1.07209,1.0723,0
2023-03-20 09:56:00+00:00,1.07231,1.07235,1.07224,1.07227,0
2023-03-20 09:57:00+00:00,1.07227,1.07266,1.0722,1.07265,0
2023-03-20 09:58:00+00:00,1.07264,1.07267,1.07258,1.0726,0
2023-03-20 09:59:00+00:00,1.07259,1.07269,1.07257,1.07267,0
2023-03-20 11:00:00+00:00,1.07211,1.07222,1.07201,1.07206,0
2023-03-20 11:01:00+00:00,1.07207,1.07218,1.07201,1.07201,0
2023-03-20 11:02:00+00:00,1.07201,1.07208,1.07197,1.07204,0
2023-03-20 11:03:00+00:00,1.07205,1.0724,1.07205,1.07235,0
2023-03-20 11:04:00+00:00,1.07235,1.07239,1.0722,1.07232,0
2023-03-20 11:05:00+00:00,1.07234,1.07236,1.07224,1.07236,0
2023-03-20 11:06:00+00:00,1.07236,1.07236,1.0722,1.07226,0
2023-03-20 11:07:00+00:00,1.07226,1.07232,1.07215,1.07218,0
2023-03-20 11:08:00+00:00,1.07216,1.07216,1.07189,1.07195,0
2023-03-20 11:09:00+00:00,1.07198,1.07199,1.07171,1.07179,0
2023-03-20 11:10:00+00:00,1.0718,1.07194,1.07175,1.07186,0
2023-03-20 11:11:00+00:00,1.07187,1.07197,1.07175,1.07183,0
2023-03-20 11:12:00+00:00,1.07182,1.07182,1.07143,1.07145,0
2023-03-20 11:13:00+00:00,1.07146,1.07158,1.07139,1.07153,0
2023-03-20 11:14:00+00:00,1.07154,1.07177,1.07151,1.07171,0
2023-03-20 11:15:00+00:00,1.07175,1.07195,1.07169,1.07173,0
2023-03-20 11:16:00+00:00,1.07173,1.07182,1.07159,1.07166,0
2023-03-20 11:17:00+00:00,1.07165,1.07178,1.07156,1.07156,0
2023-03-20 11:18:00+00:00,1.07155,1.07164,1.07141,1.07143,0
2023-03-20 11:19:00+00:00,1.07144,1.07144,1.07123,1.07131,0
2023-03-20 11:20:00+00:00,1.07134,1.07141,1.07124,1.07136,0
2023-03-20 11:21:00+00:00,1.07136,1.07137,1.07116,1.07117,0
2023-03-20 11:22:00+00:00,1.07119,1.07126,1.07102,1.07107,0
2023-03-20 11:23:00+00:00,1.07106,1.07107,1.07067,1.0709,0
2023-03-20 11:24:00+00:00,1.07091,1.0712,1.07091,1.07119,0
2023-03-20 11:25:00+00:00,1.0712,1.0715,1.07118,1.07139,0
2023-03-20 11:26:00+00:00,1.0714,1.07166,1.07139,1.07161,0
2023-03-20 11:27:00+00:00,1.07162,1.07162,1.07149,1.07149,0
2023-03-20 11:28:00+00:00,1.07149,1.07194,1.07149,1.07188,0
2023-03-20 11:29:00+00:00,1.07186,1.07192,1.07169,1.07169,0
2023-03-20 11:30:00+00:00,1.0717,1.07198,1.07163,1.07197,0
2023-03-20 11:31:00+00:00,1.07198,1.07214,1.07189,1.0719,0
2023-03-20 11:32:00+00:00,1.07191,1.0721,1.07185,1.07209,0
2023-03-20 11:33:00+00:00,1.07209,1.07214,1.07203,1.07203,0
2023-03-20 11:34:00+00:00,1.07202,1.0721,1.07192,1.07197,0
2023-03-20 11:35:00+00:00,1.07197,1.07203,1.07185,1.07203,0
2023-03-20 11:36:00+00:00,1.07203,1.07211,1.07194,1.07202,0
2023-03-20 11:37:00+00:00,1.07203,1.07207,1.0719,1.0719,0
2023-03-20 11:38:00+00:00,1.0719,1.07209,1.07182,1.07183,0
2023-03-20 11:39:00+00:00,1.07187,1.07202,1.07183,1.072,0
2023-03-20 11:40:00+00:00,1.072,1.07217,1.07197,1.07213,0
2023-03-20 11:41:00+00:00,1.07214,1.07235,1.0721,1.07214,0
2023-03-20 11:42:00+00:00,1.07216,1.07221,1.07206,1.07215,0
2023-03-20 11:43:00+00:00,1.07216,1.07225,1.07212,1.07215,0
2023-03-20 11:44:00+00:00,1.07216,1.07225,1.07212,1.07216,0
2023-03-20 11:45:00+00:00,1.07217,1.07244,1.07216,1.07225,0
2023-03-20 11:46:00+00:00,1.07224,1.07232,1.07222,1.07228,0
2023-03-20 11:47:00+00:00,1.07229,1.07235,1.07225,1.07225,0
2023-03-20 11:48:00+00:00,1.07226,1.07241,1.07226,1.07235,0
2023-03-20 11:49:00+00:00,1.07238,1.07242,1.07217,1.0722,0
2023-03-20 11:50:00+00:00,1.07221,1.07244,1.0722,1.07242,0
2023-03-20 11:51:00+00:00,1.07242,1.07244,1.07233,1.07235,0
2023-03-20 11:52:00+00:00,1.07234,1.07238,1.07224,1.07235,0
2023-03-20 11:53:00+00:00,1.07235,1.07235,1.07218,1.07229,0
2023-03-20 11:54:00+00:00,1.07231,1.07237,1.0723,1.07234,0
2023-03-20 11:55:00+00:00,1.07235,1.07237,1.07218,1.07219,0
2023-03-20 11:56:00+00:00,1.07219,1.07236,1.07208,1.07208,0
2023-03-20 11:57:00+00:00,1.07207,1.07227,1.07203,1.07221,0
2023-03-20 11:58:00+00:00,1.07224,1.07242,1.07221,1.07239,0
2023-03-20 11:59:00+00:00,1.07239,1.07253,1.07238,1.07251,0
2023-03-20 13:00:00+00:00,1.07161,1.07163,1.07149,1.07151,0
2023-03-20 13:01:00+00:00,1.07152,1.07154,1.07144,1.07145,0
2023-03-20 13:02:00+00:00,1.07146,1.07147,1.0714,1.07144,0
2023-03-20 13:03:00+00:00,1.07145,1.07152,1.07142,1.07146,0
2023-03-20 13:04:00+00:00,1.07147,1.07155,1.07143,1.07153,0
2023-03-20 13:05:00+00:00,1.07154,1.0716,1.07153,1.0716,0
2023-03-20 13:06:00+00:00,1.0716,1.07172,1.0716,1.07163,0
2023-03-20 13:07:00+00:00,1.07163,1.07167,1.0716,1.07167,0
2023-03-20 13:08:00+00:00,1.0717,1.07175,1.07166,1.07167,0
2023-03-20 13:09:00+00:00,1.07168,1.07177,1.07165,1.07167,0
2023-03-20 13:10:00+00:00,1.07167,1.07176,1.07167,1.07175,0
2023-03-20 13:11:00+00:00,1.07176,1.07177,1.07171,1.07177,0
2023-03-20 13:12:00+00:00,1.07178,1.07197,1.07174,1.07197,0
2023-03-20 13:13:00+00:00,1.07197,1.07207,1.07196,1.07206,0
2023-03-20 13:14:00+00:00,1.07206,1.07206,1.07194,1.07197,0
2023-03-20 13:15:00+00:00,1.07197,1.07207,1.07194,1.07195,0
2023-03-20 13:16:00+00:00,1.07195,1.07209,1.07195,1.07206,0
2023-03-20 13:17:00+00:00,1.07207,1.07211,1.07199,1.07201,0
2023-03-20 13:18:00+00:00,1.07201,1.07202,1.07185,1.07185,0
2023-03-20 13:19:00+00:00,1.07186,1.07206,1.07185,1.07195,0
2023-03-20 13:20:00+00:00,1.07196,1.07197,1.07195,1.07197,0
2023-03-20 13:21:00+00:00,1.07198,1.07215,1.07198,1.07212,0
2023-03-20 13:22:00+00:00,1.07212,1.07229,1.07212,1.07215,0
2023-03-20 13:23:00+00:00,1.07215,1.07223,1.07215,1.07223,0
2023-03-20 13:24:00+00:00,1.07224,1.07236,1.07223,1.07225,0
2023-03-20 13:25:00+00:00,1.07225,1.07228,1.07218,1.07222,0
2023-03-20 13:26:00+00:00,1.07221,1.07243,1.07221,1.0724,0
2023-03-20 13:27:00+00:00,1.07239,1.07252,1.07239,1.07241,0
2023-03-20 13:28:00+00:00,1.07243,1.07254,1.07242,1.07245,0
2023-03-20 13:29:00+00:00,1.07246,1.07246,1.07236,1.07236,0
2023-03-20 13:30:00+00:00,1.07237,1.07244,1.07236,1.07236,0
2023-03-20 13:31:00+00:00,1.07237,1.07237,1.07217,1.07227,0
2023-03-20 13:32:00+00:00,1.07228,1.07228,1.07216,1.07228,0
2023-03-20 13:33:00+00:00,1.07231,1.07232,1.07227,1.07231,0
2023-03-20 13:34:00+00:00,1.07231,1.07237,1.07223,1.07223,0
2023-03-20 13:35:00+00:00,1.07221,1.07221,1.07211,1.0722,0
2023-03-20 13:36:00+00:00,1.07219,1.07226,1.07219,1.07224,0
2023-03-20 13:37:00+00:00,1.07227,1.07245,1.07227,1.07241,0
2023-03-20 13:38:00+00:00,1.0724,1.07246,1.07239,1.0724,0
2023-03-20 13:39:00+00:00,1.07241,1.07243,1.0723,1.07238,0
2023-03-20 13:40:00+00:00,1.07238,1.0724,1.0723,1.07235,0
2023-03-20 13:41:00+00:00,1.07235,1.07237,1.07231,1.07235,0
2023-03-20 13:42:00+00:00,1.07236,1.07245,1.07231,1.07242,0
2023-03-20 13:43:00+00:00,1.07241,1.07256,1.07237,1.07255,0
2023-03-20 13:44:00+00:00,1.07255,1.07255,1.07244,1.07245,0
2023-03-20 13:45:00+00:00,1.07247,1.07247,1.07238,1.07242,0
2023-03-20 13:46:00+00:00,1.07243,1.07243,1.0724,1.07241,0
2023-03-20 13:47:00+00:00,1.07241,1.07243,1.07234,1.07237,0
2023-03-20 13:48:00+00:00,1.07236,1.07237,1.07232,1.07234,0
2023-03-20 13:49:00+00:00,1.07233,1.07238,1.07232,1.07236,0
2023-03-20 13:50:00+00:00,1.07238,1.07248,1.07238,1.07247,0
2023-03-20 13:51:00+00:00,1.07247,1.07247,1.07239,1.07246,0
2023-03-20 13:52:00+00:00,1.07246,1.07247,1.07244,1.07246,0
2023-03-20 13:53:00+00:00,1.07246,1.07249,1.07241,1.07242,0
2023-03-20 13:54:00+00:00,1.0724,1.07243,1.07236,1.07238,0
2023-03-20 13:55:00+00:00,1.07239,1.07246,1.07239,1.07243,0
2023-03-20 13:56:00+00:00,1.07244,1.0725,1.07243,1.07243,0
2023-03-20 13:57:00+00:00,1.07242,1.07252,1.07242,1.07243,0
2023-03-20 13:58:00+00:00,1.07243,1.07243,1.0723,1.07231,0
2023-03-20 13:59:00+00:00,1.07229,1.07245,1.07228,1.07242,0
2023-03-20 15:00:00+00:00,1.07231,1.07233,1.0723,1.07231,0
2023-03-20 15:01:00+00:00,1.0723,1.0723,1.07222,1.07222,0
2023-03-20 15:02:00+00:00,1.07223,1.07224,1.07219,1.07219,0
2023-03-20 15:03:00+00:00,1.0722,1.07223,1.07209,1.0721,0
2023-03-20 15:04:00+00:00,1.07209,1.07212,1.07207,1.07211,0
2023-03-20 15:05:00+00:00,1.07211,1.07211,1.07202,1.07204,0
2023-03-20 15:06:00+00:00,1.07203,1.07208,1.07203,1.07207,0
2023-03-20 15:07:00+00:00,1.07208,1.07225,1.07208,1.07216,0
2023-03-20 15:08:00+00:00,1.07215,1.07222,1.07213,1.07222,0
2023-03-20 15:09:00+00:00,1.07222,1.07228,1.07222,1.07227,0
2023-03-20 15:10:00+00:00,1.07229,1.07235,1.07228,1.07228,0
2023-03-20 15:11:00+00:00,1.07228,1.07229,1.07222,1.07226,0
2023-03-20 15:12:00+00:00,1.07226,1.0723,1.07223,1.07225,0
2023-03-20 15:13:00+00:00,1.07224,1.07228,1.07224,1.07228,0
2023-03-20 15:14:00+00:00,1.07228,1.07233,1.07228,1.07229,0
2023-03-20 15:15:00+00:00,1.07227,1.07228,1.07225,1.07228,0
2023-03-20 15:16:00+00:00,1.07229,1.07233,1.07228,1.07232,0
2023-03-20 15:17:00+00:00,1.07232,1.07238,1.07232,1.07238,0
2023-03-20 15:18:00+00:00,1.07237,1.07239,1.07237,1.07238,0
2023-03-20 15:19:00+00:00,1.07239,1.07239,1.07235,1.07236,0
2023-03-20 15:20:00+00:00,1.07236,1.07238,1.07235,1.07238,0
2023-03-20 15:21:00+00:00,1.07237,1.07237,1.07232,1.07234,0
2023-03-20 15:22:00+00:00,1.07233,1.07233,1.07225,1.07225,0
2023-03-20 15:23:00+00:00,1.07226,1.07226,1.07225,1.07225,0
2023-03-20 15:24:00+00:00,1.07226,1.07226,1.07224,1.07225,0
2023-03-20 15:25:00+00:00,1.07225,1.07227,1.07224,1.07224,0
2023-03-20 15:26:00+00:00,1.07224,1.07224,1.07218,1.0722,0
2023-03-20 15:27:00+00:00,1.07219,1.0722,1.07218,1.07219,0
2023-03-20 15:28:00+00:00,1.07218,1.07225,1.07218,1.07224,0
2023-03-20 15:29:00+00:00,1.07224,1.07224,1.0722,1.07224,0
2023-03-20 15:30:00+00:00,1.07225,1.07231,1.07223,1.0723,0
2023-03-20 15:31:00+00:00,1.07231,1.07235,1.07228,1.07228,0
2023-03-20 15:32:00+00:00,1.07229,1.07229,1.07222,1.07224,0
2023-03-20 15:33:00+00:00,1.07222,1.07229,1.07219,1.07225,0
2023-03-20 15:34:00+00:00,1.07228,1.0723,1.07223,1.07223,0
2023-03-20 15:35:00+00:00,1.07226,1.07229,1.07223,1.07228,0
2023-03-20 15:36:00+00:00,1.07229,1.07233,1.07228,1.07229,0
2023-03-20 15:37:00+00:00,1.07228,1.07231,1.07228,1.07229,0
2023-03-20 15:38:00+00:00,1.0723,1.07231,1.07228,1.07228,0
2023-03-20 15:39:00+00:00,1.07229,1.07233,1.07229,1.07232,0
2023-03-20 15:40:00+00:00,1.07233,1.07238,1.07231,1.07236,0
2023-03-20 15:41:00+00:00,1.07235,1.0724,1.07232,1.07233,0
2023-03-20 15:42:00+00:00,1.07234,1.0724,1.07227,1.07227,0
2023-03-20 15:43:00+00:00,1.07227,1.07229,1.07226,1.07227,0
2023-03-20 15:44:00+00:00,1.07231,1.07232,1.07227,1.07227,0
2023-03-20 15:45:00+00:00,1.07227,1.07227,1.07222,1.07223,0
2023-03-20 15:46:00+00:00,1.07223,1.07229,1.07217,1.07221,0
2023-03-20 15:47:00+00:00,1.0722,1.07225,1.07212,1.07222,0
2023-03-20 15:48:00+00:00,1.07222,1.07225,1.0722,1.07221,0
2023-03-20 15:49:00+00:00,1.07222,1.07223,1.07219,1.07221,0
2023-03-20 15:50:00+00:00,1.07223,1.07223,1.07222,1.07222,0
2023-03-20 15:51:00+00:00,1.07223,1.07236,1.07223,1.0723,0
2023-03-20 15:52:00+00:00,1.0723,1.0723,1.07225,1.0723,0
2023-03-20 15:53:00+00:00,1.0723,1.0723,1.07225,1.0723,0
2023-03-20 15:54:00+00:00,1.07231,1.07231,1.0723,1.07231,0
2023-03-20 15:55:00+00:00,1.07231,1.07231,1.07226,1.07228,0
2023-03-20 15:56:00+00:00,1.07231,1.07239,1.07228,1.07236,0
2023-03-20 15:57:00+00:00,1.07235,1.07235,1.07229,1.07234,0
2023-03-20 15:58:00+00:00,1.07235,1.07237,1.07234,1.07236,0
2023-03-20 15:59:00+00:00,1.07237,1.07238,1.072,1.072,0
2023-03-20 17:00:00+00:00,1.07198,1.07234,1.07193,1.07226,0
2023-03-20 17:01:00+00:00,1.07226,1.07226,1.07216,1.07221,0
2023-03-20 17:02:00+00:00,1.07227,1.07228,1.07207,1.07214,0
2023-03-20 17:03:00+00:00,1.0721,1.07216,1.07201,1.07203,0
2023-03-20 17:04:00+00:00,1.07202,1.07214,1.07202,1.07204,0
2023-03-20 17:05:00+00:00,1.07204,1.07222,1.07202,1.07219,0
2023-03-20 17:06:00+00:00,1.07222,1.0723,1.07215,1.07222,0
2023-03-20 17:07:00+00:00,1.0722,1.07223,1.07214,1.07215,0
2023-03-20 17:08:00+00:00,1.07219,1.07223,1.07211,1.07221,0
2023-03-20 17:09:00+00:00,1.0722,1.07225,1.07218,1.07224,0
2023-03-20 17:10:00+00:00,1.07224,1.07224,1.07219,1.0722,0
2023-03-20 17:11:00+00:00,1.07221,1.07225,1.0722,1.07225,0
2023-03-20 17:12:00+00:00,1.07224,1.07225,1.07221,1.07222,0
2023-03-20 17:13:00+00:00,1.07224,1.07225,1.07221,1.07223,0
2023-03-20 17:14:00+00:00,1.07224,1.07227,1.07221,1.07226,0
2023-03-20 17:15:00+00:00,1.07221,1.07227,1.07221,1.07225,0
2023-03-20 17:16:00+00:00,1.07226,1.07227,1.07221,1.07225,0
2023-03-20 17:17:00+00:00,1.07225,1.07226,1.0722,1.07221,0
2023-03-20 17:18:00+00:00,1.07223,1.07228,1.07221,1.07223,0
2023-03-20 17:19:00+00:00,1.07221,1.07227,1.07221,1.07225,0
2023-03-20 17:20:00+00:00,1.07226,1.07228,1.07225,1.07226,0
2023-03-20 17:21:00+00:00,1.07226,1.07226,1.07226,1.07226,0
2023-03-20 17:22:00+00:00,1.07226,1.07226,1.07221,1.07221,0
2023-03-20 17:23:00+00:00,1.07221,1.07222,1.07221,1.07221,0
2023-03-20 17:24:00+00:00,1.07222,1.07223,1.07221,1.07221,0
2023-03-20 17:25:00+00:00,1.07222,1.07223,1.07221,1.07222,0
2023-03-20 17:26:00+00:00,1.07221,1.07223,1.07221,1.07222,0
2023-03-20 17:27:00+00:00,1.07221,1.07226,1.0722,1.07222,0
2023-03-20 17:28:00+00:00,1.07223,1.07223,1.07221,1.07222,0
2023-03-20 17:29:00+00:00,1.07225,1.07225,1.0722,1.07221,0
2023-03-20 17:30:00+00:00,1.07222,1.07238,1.07221,1.07236,0
2023-03-20 17:31:00+00:00,1.07237,1.07238,1.07236,1.07237,0
2023-03-20 17:32:00+00:00,1.07237,1.07238,1.07235,1.07237,0
2023-03-20 17:33:00+00:00,1.07236,1.07238,1.07236,1.07238,0
2023-03-20 17:34:00+00:00,1.07237,1.07239,1.07237,1.07238,0
2023-03-20 17:35:00+00:00,1.07238,1.07238,1.07236,1.07236,0
2023-03-20 17:36:00+00:00,1.07238,1.07238,1.07231,1.07232,0
2023-03-20 17:37:00+00:00,1.07233,1.07233,1.07231,1.07231,0
2023-03-20 17:38:00+00:00,1.07232,1.07233,1.07231,1.07231,0
2023-03-20 17:39:00+00:00,1.07232,1.07232,1.07227,1.07227,0
2023-03-20 17:40:00+00:00,1.07228,1.07228,1.07226,1.07227,0
2023-03-20 17:41:00+00:00,1.07228,1.07228,1.07227,1.07227,0
2023-03-20 17:42:00+00:00,1.07226,1.07227,1.07226,1.07226,0
2023-03-20 17:43:00+00:00,1.07227,1.07227,1.07226,1.07227,0
2023-03-20 17:44:00+00:00,1.07228,1.07228,1.07228,1.07228,0
2023-03-20 17:45:00+00:00,1.07227,1.07227,1.07224,1.07224,0
2023-03-20 17:46:00+00:00,1.07224,1.07224,1.07223,1.07224,0
2023-03-20 17:47:00+00:00,1.07223,1.07224,1.07223,1.07224,0
2023-03-20 17:48:00+00:00,1.07223,1.07224,1.07223,1.07224,0
2023-03-20 17:49:00+00:00,1.07224,1.07224,1.0722,1.07221,0
2023-03-20 17:50:00+00:00,1.0722,1.0722,1.07218,1.07219,0
2023-03-20 17:51:00+00:00,1.07218,1.07219,1.07218,1.07219,0
2023-03-20 17:52:00+00:00,1.07218,1.07219,1.07218,1.07219,0
2023-03-20 17:53:00+00:00,1.07218,1.07218,1.07218,1.07218,0
2023-03-20 17:54:00+00:00,1.07219,1.07219,1.07218,1.07219,0
2023-03-20 17:55:00+00:00,1.07219,1.07221,1.07218,1.07221,0
2023-03-20 17:56:00+00:00,1.0722,1.07221,1.0722,1.07221,0
2023-03-20 17:57:00+00:00,1.07223,1.07231,1.07222,1.07231,0
2023-03-20 17:58:00+00:00,1.07228,1.07228,1.07224,1.07225,0
2023-03-20 17:59:00+00:00,1.07225,1.07225,1.07222,1.07224,0
2023-03-20 19:00:00+00:00,1.07185,1.07195,1.07185,1.07191,0
2023-03-20 19:01:00+00:00,1.07192,1.07195,1.07187,1.07192,0
2023-03-20 19:02:00+00:00,1.07197,1.07205,1.07196,1.07198,0
2023-03-20 19:03:00+00:00,1.07199,1.07204,1.07197,1.07198,0
2023-03-20 19:04:00+00:00,1.07201,1.07221,1.07201,1.0722,0
2023-03-20 19:05:00+00:00,1.0722,1.07227,1.07217,1.07218,0
2023-03-20 19:06:00+00:00,1.0722,1.07223,1.07212,1.07218,0
2023-03-20 19:07:00+00:00,1.07217,1.07219,1.07211,1.07211,0
2023-03-20 19:08:00+00:00,1.07212,1.07212,1.072,1.07204,0
2023-03-20 19:09:00+00:00,1.07203,1.07203,1.07173,1.07173,0
2023-03-20 19:10:00+00:00,1.07174,1.07194,1.07173,1.07185,0
2023-03-20 19:11:00+00:00,1.07185,1.0719,1.07184,1.07189,0
2023-03-20 19:12:00+00:00,1.07191,1.07194,1.07176,1.07177,0
2023-03-20 19:13:00+00:00,1.07178,1.07183,1.07176,1.0718,0
2023-03-20 19:14:00+00:00,1.07179,1.0719,1.07179,1.07187,0
2023-03-20 19:15:00+00:00,1.07185,1.07208,1.07183,1.07196,0
2023-03-20 19:16:00+00:00,1.07195,1.07205,1.07188,1.07191,0
2023-03-20 19:17:00+00:00,1.0719,1.07191,1.07179,1.0718,0
2023-03-20 19:18:00+00:00,1.07181,1.07181,1.07166,1.07166,0
2023-03-20 19:19:00+00:00,1.0717,1.0718,1.07169,1.07175,0
2023-03-20 19:20:00+00:00,1.07175,1.0719,1.07173,1.07187,0
2023-03-20 19:21:00+00:00,1.07188,1.0719,1.07187,1.0719,0
2023-03-20 19:22:00+00:00,1.07189,1.07199,1.07186,1.07186,0
2023-03-20 19:23:00+00:00,1.07186,1.0726,1.07181,1.07225,0
2023-03-20 19:24:00+00:00,1.07226,1.07245,1.07208,1.07209,0
2023-03-20 19:25:00+00:00,1.07211,1.07225,1.07205,1.07223,0
2023-03-20 19:26:00+00:00,1.07221,1.07232,1.07207,1.07217,0
2023-03-20 19:27:00+00:00,1.0722,1.07221,1.07199,1.07202,0
2023-03-20 19:28:00+00:00,1.07203,1.07203,1.07192,1.07195,0
2023-03-20 19:29:00+00:00,1.07196,1.07197,1.07175,1.07181,0
2023-03-20 19:30:00+00:00,1.07182,1.07201,1.07181,1.07197,0
2023-03-20 19:31:00+00:00,1.07197,1.07212,1.0719,1.0719,0
2023-03-20 19:32:00+00:00,1.07191,1.07199,1.07186,1.07196,0
2023-03-20 19:33:00+00:00,1.07197,1.07198,1.07178,1.07187,0
2023-03-20 19:34:00+00:00,1.07188,1.07197,1.07177,1.07178,0
2023-03-20 19:35:00+00:00,1.07178,1.07183,1.07166,1.07166,0
2023-03-20 19:36:00+00:00,1.07167,1.0718,1.07166,1.07167,0
2023-03-20 19:37:00+00:00,1.07166,1.07175,1.0716,1.07171,0
2023-03-20 19:38:00+00:00,1.07172,1.0719,1.07172,1.07182,0
2023-03-20 19:39:00+00:00,1.07181,1.07182,1.07172,1.07173,0
2023-03-20 19:40:00+00:00,1.07173,1.0718,1.0717,1.07173,0
2023-03-20 19:41:00+00:00,1.07174,1.07178,1.07165,1.07173,0
2023-03-20 19:42:00+00:00,1.07173,1.07174,1.07166,1.07169,0
2023-03-20 19:43:00+00:00,1.07169,1.07169,1.07162,1.07164,0
2023-03-20 19:44:00+00:00,1.07164,1.07165,1.07151,1.07154,0
2023-03-20 19:45:00+00:00,1.07155,1.07175,1.07153,1.07173,0
2023-03-20 19:46:00+00:00,1.07172,1.07177,1.07165,1.07176,0
2023-03-20 19:47:00+00:00,1.07175,1.07181,1.07174,1.07179,0
2023-03-20 19:48:00+00:00,1.07178,1.07179,1.07158,1.07158,0
2023-03-20 19:49:00+00:00,1.07159,1.07162,1.07154,1.07158,0
2023-03-20 19:50:00+00:00,1.07158,1.0717,1.07154,1.07169,0
2023-03-20 19:51:00+00:00,1.07169,1.07175,1.07169,1.07173,0
2023-03-20 19:52:00+00:00,1.07174,1.07181,1.07167,1.07179,0
2023-03-20 19:53:00+00:00,1.07181,1.07189,1.07175,1.07189,0
2023-03-20 19:54:00+00:00,1.07188,1.07199,1.07185,1.07192,0
2023-03-20 19:55:00+00:00,1.07191,1.07204,1.07188,1.07202,0
2023-03-20 19:56:00+00:00,1.07204,1.07213,1.07203,1.07212,0
2023-03-20 19:57:00+00:00,1.07215,1.07215,1.07196,1.07196,0
2023-03-20 19:58:00+00:00,1.07195,1.07195,1.07187,1.07189,0
2023-03-20 19:59:00+00:00,1.07188,1.07188,1.07175,1.07175,0
2023-03-20 20:00:00+00:00,1.07175,1.07178,1.07157,1.07165,0
2023-03-20 20:01:00+00:00,1.07163,1.07172,1.0716,1.07168,0
2023-03-20 20:02:00+00:00,1.07169,1.07178,1.07163,1.07165,0
2023-03-20 20:03:00+00:00,1.07165,1.0717,1.07153,1.07154,0
2023-03-20 20:04:00+00:00,1.07155,1.07175,1.07155,1.07175,0
2023-03-20 20:05:00+00:00,1.07174,1.07182,1.07173,1.07175,0
2023-03-20 20:06:00+00:00,1.07174,1.07175,1.07155,1.07157,0
2023-03-20 20:07:00+00:00,1.07156,1.07165,1.07152,1.0716,0
2023-03-20 20:08:00+00:00,1.07161,1.0717,1.07156,1.07169,0
2023-03-20 20:09:00+00:00,1.07169,1.07169,1.07151,1.07162,0
2023-03-20 20:10:00+00:00,1.07161,1.07168,1.07158,1.07159,0
2023-03-20 20:11:00+00:00,1.07162,1.07168,1.07158,1.07158,0
2023-03-20 20:12:00+00:00,1.07157,1.07165,1.07153,1.07159,0
2023-03-20 20:13:00+00:00,1.0716,1.07161,1.07152,1.07158,0
2023-03-20 20:14:00+00:00,1.07158,1.07174,1.07158,1.07171,0
2023-03-20 20:15:00+00:00,1.07171,1.07174,1.07167,1.07167,0
2023-03-20 20:16:00+00:00,1.07167,1.07178,1.07167,1.07176,0
2023-03-20 20:17:00+00:00,1.07176,1.07179,1.07169,1.07171,0
2023-03-20 20:18:00+00:00,1.0717,1.07172,1.07162,1.07162,0
2023-03-20 20:19:00+00:00,1.0716,1.07174,1.0716,1.07173,0
2023-03-20 20:20:00+00:00,1.07173,1.07173,1.07161,1.07163,0
2023-03-20 20:21:00+00:00,1.07164,1.07164,1.07151,1.07157,0
2023-03-20 20:22:00+00:00,1.07158,1.07167,1.07156,1.07164,0
2023-03-20 20:23:00+00:00,1.07164,1.07174,1.07164,1.07173,0
2023-03-20 20:24:00+00:00,1.07174,1.07183,1.07174,1.07182,0
2023-03-20 20:25:00+00:00,1.07183,1.07196,1.0718,1.07195,0
2023-03-20 20:26:00+00:00,1.07196,1.07208,1.07196,1.07204,0
2023-03-20 20:27:00+00:00,1.07204,1.07206,1.07201,1.07205,0
2023-03-20 20:28:00+00:00,1.07204,1.07204,1.07184,1.07187,0
2023-03-20 20:29:00+00:00,1.07187,1.07187,1.07174,1.07184,0
2023-03-20 20:30:00+00:00,1.07184,1.07194,1.07167,1.07172,0
2023-03-20 20:31:00+00:00,1.07172,1.07178,1.07168,1.07178,0
2023-03-20 20:32:00+00:00,1.07178,1.07182,1.07164,1.07166,0
2023-03-20 20:33:00+00:00,1.07167,1.07182,1.07166,1.07171,0
2023-03-20 20:34:00+00:00,1.07171,1.07184,1.07168,1.07183,0
2023-03-20 20:35:00+00:00,1.07182,1.07187,1.07179,1.0718,0
2023-03-20 20:36:00+00:00,1.07179,1.07186,1.07179,1.07182,0
2023-03-20 20:37:00+00:00,1.07181,1.07181,1.07157,1.07163,0
2023-03-20 20:38:00+00:00,1.07163,1.07168,1.07161,1.07163,0
2023-03-20 20:39:00+00:00,1.07163,1.07178,1.07159,1.07172,0
2023-03-20 20:40:00+00:00,1.07171,1.07185,1.07171,1.07173,0
2023-03-20 20:41:00+00:00,1.07174,1.07183,1.07173,1.07175,0
2023-03-20 20:42:00+00:00,1.07175,1.07175,1.07159,1.07164,0
2023-03-20 20:43:00+00:00,1.07162,1.07162,1.07151,1.07158,0
2023-03-20 20:44:00+00:00,1.07157,1.07172,1.07154,1.07169,0
2023-03-20 20:45:00+00:00,1.07171,1.07177,1.07169,1.07177,0
2023-03-20 20:46:00+00:00,1.07177,1.07179,1.07172,1.07176,0
2023-03-20 20:47:00+00:00,1.07176,1.07176,1.07172,1.07174,0
2023-03-20 20:48:00+00:00,1.07174,1.0718,1.0717,1.07177,0
2023-03-20 20:49:00+00:00,1.07177,1.07177,1.07174,1.07175,0
2023-03-20 20:50:00+00:00,1.07176,1.07189,1.07175,1.07184,0
2023-03-20 20:51:00+00:00,1.07182,1.07184,1.0718,1.07182,0
2023-03-20 20:52:00+00:00,1.07183,1.07186,1.07178,1.0718,0
2023-03-20 20:53:00+00:00,1.0718,1.07191,1.0718,1.07191,0
2023-03-20 20:54:00+00:00,1.0719,1.0719,1.07181,1.07182,0
2023-03-20 20:55:00+00:00,1.07183,1.07186,1.07165,1.07168,0
2023-03-20 20:56:00+00:00,1.07166,1.07181,1.07166,1.07177,0
2023-03-20 20:57:00+00:00,1.07177,1.07182,1.07175,1.07176,0
2023-03-20 20:58:00+00:00,1.07177,1.07178,1.07175,1.07176,0
2023-03-20 20:59:00+00:00,1.07175,1.07176,1.07164,1.07168,0
2023-03-20 21:00:00+00:00,1.07167,1.07175,1.07161,1.07175,0
2023-03-20 21:01:00+00:00,1.07174,1.07184,1.07172,1.07184,0
2023-03-20 21:02:00+00:00,1.07183,1.07191,1.07177,1.07191,0
2023-03-20 21:03:00+00:00,1.0719,1.07204,1.07188,1.07199,0
2023-03-20 21:04:00+00:00,1.07197,1.07205,1.07194,1.07194,0
2023-03-20 21:05:00+00:00,1.07195,1.07199,1.07187,1.07187,0
2023-03-20 21:06:00+00:00,1.07188,1.07202,1.07185,1.07197,0
2023-03-20 21:07:00+00:00,1.07197,1.07208,1.07191,1.07206,0
2023-03-20 21:08:00+00:00,1.07207,1.07207,1.07192,1.07199,0
2023-03-20 21:09:00+00:00,1.07198,1.07204,1.07192,1.07203,0
2023-03-20 21:10:00+00:00,1.07202,1.07204,1.072,1.07201,0
2023-03-20 21:11:00+00:00,1.07201,1.07206,1.072,1.07206,0
2023-03-20 21:12:00+00:00,1.07205,1.0721,1.07202,1.07204,0
2023-03-20 21:13:00+00:00,1.07205,1.07205,1.072,1.07204,0
2023-03-20 21:14:00+00:00,1.07202,1.07202,1.07198,1.07198,0
2023-03-20 21:15:00+00:00,1.07198,1.07198,1.07181,1.07185,0
2023-03-20 21:16:00+00:00,1.07184,1.07184,1.07175,1.07183,0
2023-03-20 21:17:00+00:00,1.07182,1.07183,1.07178,1.0718,0
2023-03-20 21:18:00+00:00,1.0718,1.07184,1.07179,1.07184,0
2023-03-20 21:19:00+00:00,1.07184,1.07184,1.07178,1.07179,0
2023-03-20 21:20:00+00:00,1.0718,1.0718,1.07175,1.07177,0
2023-03-20 21:21:00+00:00,1.07177,1.07187,1.07175,1.07187,0
2023-03-20 21:22:00+00:00,1.07187,1.07194,1.07183,1.07188,0
2023-03-20 21:23:00+00:00,1.07189,1.07191,1.07186,1.0719,0
2023-03-20 21:24:00+00:00,1.07188,1.07189,1.07181,1.07182,0
2023-03-20 21:25:00+00:00,1.07183,1.07185,1.07177,1.07184,0
2023-03-20 21:26:00+00:00,1.07185,1.07185,1.07177,1.07177,0
2023-03-20 21:27:00+00:00,1.07176,1.07179,1.07176,1.07178,0
2023-03-20 21:28:00+00:00,1.07178,1.07179,1.07172,1.07179,0
2023-03-20 21:29:00+00:00,1.0718,1.07184,1.0718,1.07184,0
2023-03-20 21:30:00+00:00,1.07184,1.07193,1.0718,1.07193,0
2023-03-20 21:31:00+00:00,1.07194,1.07205,1.07194,1.07203,0
2023-03-20 21:32:00+00:00,1.07203,1.07203,1.07195,1.072,0
2023-03-20 21:33:00+00:00,1.072,1.07205,1.07197,1.07197,0
2023-03-20 21:34:00+00:00,1.07198,1.07203,1.07195,1.07201,0
2023-03-20 21:35:00+00:00,1.07203,1.07207,1.07203,1.07205,0
2023-03-20 21:36:00+00:00,1.07206,1.07207,1.07205,1.07206,0
2023-03-20 21:37:00+00:00,1.07207,1.07209,1.07205,1.07207,0
2023-03-20 21:38:00+00:00,1.07206,1.07211,1.07199,1.072,0
2023-03-20 21:39:00+00:00,1.07201,1.07201,1.07192,1.07196,0
2023-03-20 21:40:00+00:00,1.07195,1.07196,1.07187,1.07187,0
2023-03-20 21:41:00+00:00,1.07189,1.07195,1.07189,1.07189,0
2023-03-20 21:42:00+00:00,1.0719,1.07197,1.07184,1.07197,0
2023-03-20 21:43:00+00:00,1.07196,1.07197,1.0718,1.0718,0
2023-03-20 21:44:00+00:00,1.07181,1.07182,1.07176,1.0718,0
2023-03-20 21:45:00+00:00,1.07179,1.07179,1.07166,1.07166,0
2023-03-20 21:46:00+00:00,1.07164,1.07167,1.0716,1.07164,0
2023-03-20 21:47:00+00:00,1.07164,1.07173,1.07163,1.0717,0
2023-03-20 21:48:00+00:00,1.07169,1.07175,1.07164,1.07173,0
2023-03-20 21:49:00+00:00,1.07172,1.07176,1.07165,1.07169,0
2023-03-20 21:50:00+00:00,1.0717,1.07175,1.0717,1.07175,0
2023-03-20 21:51:00+00:00,1.07176,1.07179,1.07172,1.07174,0
2023-03-20 21:52:00+00:00,1.07174,1.07183,1.07174,1.07178,0
2023-03-20 21:53:00+00:00,1.07181,1.07183,1.07172,1.07176,0
2023-03-20 21:54:00+00:00,1.07177,1.07191,1.07177,1.0719,0
2023-03-20 21:55:00+00:00,1.0719,1.07191,1.07184,1.0719,0
2023-03-20 21:56:00+00:00,1.07189,1.07201,1.07189,1.072,0
2023-03-20 21:57:00+00:00,1.07199,1.07206,1.07199,1.07205,0
2023-03-20 21:58:00+00:00,1.07206,1.07223,1.07205,1.0722,0
2023-03-20 21:59:00+00:00,1.07221,1.07223,1.07213,1.07219,0
2023-03-20 22:00:00+00:00,1.07218,1.07219,1.07195,1.07196,0
2023-03-20 22:01:00+00:00,1.07195,1.07195,1.07186,1.07188,0
2023-03-20 22:02:00+00:00,1.07188,1.07191,1.0718,1.0718,0
2023-03-20 22:03:00+00:00,1.07181,1.07184,1.07178,1.07182,0
2023-03-20 22:04:00+00:00,1.07182,1.07196,1.07182,1.07182,0
2023-03-20 22:05:00+00:00,1.0718,1.07189,1.07178,1.07178,0
2023-03-20 22:06:00+00:00,1.07177,1.07179,1.07174,1.07176,0
2023-03-20 22:07:00+00:00,1.07177,1.07188,1.07176,1.07183,0
2023-03-20 22:08:00+00:00,1.07184,1.07192,1.07182,1.07187,0
2023-03-20 22:09:00+00:00,1.07188,1.07194,1.07187,1.07192,0
2023-03-20 22:10:00+00:00,1.07192,1.07194,1.07185,1.07189,0
2023-03-20 22:11:00+00:00,1.0719,1.07194,1.07187,1.07188,0
2023-03-20 22:12:00+00:00,1.0719,1.0719,1.07183,1.07187,0
2023-03-20 22:13:00+00:00,1.07188,1.07191,1.07184,1.07185,0
2023-03-20 22:14:00+00:00,1.07185,1.07194,1.07185,1.07194,0
2023-03-20 22:15:00+00:00,1.07194,1.07194,1.07184,1.07184,0
2023-03-20 22:16:00+00:00,1.07185,1.07187,1.0718,1.07185,0
2023-03-20 22:17:00+00:00,1.07186,1.07188,1.07184,1.07187,0
2023-03-20 22:18:00+00:00,1.07187,1.07195,1.07187,1.07192,0
2023-03-20 22:19:00+00:00,1.07191,1.07195,1.0719,1.07195,0
2023-03-20 22:20:00+00:00,1.07193,1.07195,1.07187,1.07189,0
2023-03-20 22:21:00+00:00,1.07189,1.07197,1.07189,1.07194,0
2023-03-20 22:22:00+00:00,1.07195,1.07202,1.07194,1.072,0
2023-03-20 22:23:00+00:00,1.072,1.07202,1.072,1.07202,0
2023-03-20 22:24:00+00:00,1.07203,1.07203,1.07197,1.072,0
2023-03-20 22:25:00+00:00,1.07199,1.07199,1.07191,1.07191,0
2023-03-20 22:26:00+00:00,1.07191,1.07191,1.07186,1.07189,0
2023-03-20 22:27:00+00:00,1.07188,1.0719,1.07183,1.07187,0
2023-03-20 22:28:00+00:00,1.07188,1.07194,1.07187,1.07192,0
2023-03-20 22:29:00+00:00,1.07192,1.07192,1.07184,1.07184,0
2023-03-20 22:30:00+00:00,1.07183,1.07184,1.0718,1.0718,0
2023-03-20 22:31:00+00:00,1.07181,1.07185,1.0718,1.07183,0
2023-03-20 22:32:00+00:00,1.07184,1.07187,1.07184,1.07185,0
2023-03-20 22:33:00+00:00,1.07185,1.07185,1.07179,1.07179,0
2023-03-20 22:34:00+00:00,1.07179,1.0718,1.07174,1.07175,0
2023-03-20 22:35:00+00:00,1.07176,1.0718,1.07175,1.07179,0
2023-03-20 22:36:00+00:00,1.07179,1.0718,1.07173,1.07175,0
2023-03-20 22:37:00+00:00,1.07174,1.07174,1.07162,1.07171,0
2023-03-20 22:38:00+00:00,1.07171,1.07171,1.07167,1.07168,0
2023-03-20 22:39:00+00:00,1.07167,1.07168,1.07156,1.07157,0
2023-03-20 22:40:00+00:00,1.07156,1.07162,1.07155,1.0716,0
2023-03-20 22:41:00+00:00,1.07161,1.07165,1.07161,1.07163,0
2023-03-20 22:42:00+00:00,1.07164,1.07164,1.07156,1.0716,0
2023-03-20 22:43:00+00:00,1.07161,1.07161,1.07155,1.07155,0
2023-03-20 22:44:00+00:00,1.07156,1.07156,1.07152,1.07152,0
2023-03-20 22:45:00+00:00,1.07155,1.07161,1.07154,1.0716,0
2023-03-20 22:46:00+00:00,1.07161,1.07168,1.07161,1.07166,0
2023-03-20 22:47:00+00:00,1.07165,1.07173,1.07164,1.07165,0
2023-03-20 22:48:00+00:00,1.07169,1.07171,1.07163,1.07165,0
2023-03-20 22:49:00+00:00,1.07164,1.07166,1.0716,1.0716,0
2023-03-20 22:50:00+00:00,1.07161,1.07162,1.0716,1.07161,0
2023-03-20 22:51:00+00:00,1.07161,1.07163,1.0716,1.0716,0
2023-03-20 22:52:00+00:00,1.07161,1.07163,1.07155,1.07155,0
2023-03-20 22:53:00+00:00,1.07156,1.07162,1.07155,1.07157,0
2023-03-20 22:54:00+00:00,1.07156,1.07157,1.07151,1.07152,0
2023-03-20 22:55:00+00:00,1.07155,1.07155,1.07149,1.0715,0
2023-03-20 22:56:00+00:00,1.07151,1.07151,1.07141,1.07142,0
2023-03-20 22:57:00+00:00,1.07142,1.07144,1.0714,1.07143,0
2023-03-20 22:58:00+00:00,1.07143,1.07151,1.07143,1.07148,0
2023-03-20 22:59:00+00:00,1.07148,1.07158,1.07148,1.07157,0
2023-03-20 23:00:00+00:00,1.07158,1.07158,1.07137,1.07137,0
2023-03-20 23:01:00+00:00,1.07137,1.07138,1.07132,1.07133,0
2023-03-20 23:02:00+00:00,1.07134,1.07136,1.07127,1.0713,0
2023-03-20 23:03:00+00:00,1.07131,1.07138,1.0713,1.07138,0
2023-03-20 23:04:00+00:00,1.07139,1.07139,1.07121,1.07124,0
2023-03-20 23:05:00+00:00,1.07125,1.07125,1.07119,1.07119,0
2023-03-20 23:06:00+00:00,1.0712,1.07123,1.07119,1.07119,0
2023-03-20 23:07:00+00:00,1.07119,1.07119,1.07104,1.07104,0
2023-03-20 23:08:00+00:00,1.07105,1.07114,1.07103,1.07105,0
2023-03-20 23:09:00+00:00,1.07106,1.0711,1.07103,1.07109,0
2023-03-20 23:10:00+00:00,1.07108,1.07114,1.07108,1.07113,0
2023-03-20 23:11:00+00:00,1.07113,1.07126,1.07112,1.07126,0
2023-03-20 23:12:00+00:00,1.07125,1.07125,1.07119,1.07119,0
2023-03-20 23:13:00+00:00,1.07121,1.07132,1.07119,1.07129,0
2023-03-20 23:14:00+00:00,1.07128,1.07138,1.07127,1.07135,0
2023-03-20 23:15:00+00:00,1.07134,1.07135,1.07127,1.07128,0
2023-03-20 23:16:00+00:00,1.07128,1.07128,1.07122,1.07123,0
2023-03-20 23:17:00+00:00,1.07124,1.07126,1.07117,1.07122,0
2023-03-20 23:18:00+00:00,1.07123,1.07123,1.07118,1.07121,0
2023-03-20 23:19:00+00:00,1.07121,1.07121,1.07118,1.07119,0
2023-03-20 23:20:00+00:00,1.0712,1.07121,1.07112,1.07115,0
2023-03-20 23:21:00+00:00,1.07116,1.07116,1.07107,1.07113,0
2023-03-20 23:22:00+00:00,1.07112,1.07112,1.07109,1.07109,0
2023-03-20 23:23:00+00:00,1.07109,1.07109,1.07098,1.07099,0
2023-03-20 23:24:00+00:00,1.07102,1.07113,1.07101,1.07113,0
2023-03-20 23:25:00+00:00,1.07111,1.07111,1.07104,1.07105,0
2023-03-20 23:26:00+00:00,1.07106,1.07112,1.07105,1.07112,0
2023-03-20 23:27:00+00:00,1.07111,1.07111,1.07106,1.07108,0
2023-03-20 23:28:00+00:00,1.07108,1.07109,1.07107,1.07107,0
2023-03-20 23:29:00+00:00,1.07108,1.07112,1.07108,1.07111,0
2023-03-20 23:30:00+00:00,1.07111,1.07112,1.07106,1.07106,0
2023-03-20 23:31:00+00:00,1.07107,1.07107,1.07096,1.07098,0
2023-03-20 23:32:00+00:00,1.07097,1.07099,1.07096,1.07097,0
2023-03-20 23:33:00+00:00,1.07098,1.07108,1.07096,1.07108,0
2023-03-20 23:34:00+00:00,1.07107,1.0711,1.07107,1.07109,0
2023-03-20 23:35:00+00:00,1.0711,1.07118,1.07109,1.07117,0
2023-03-20 23:36:00+00:00,1.07118,1.07122,1.07118,1.07118,0
2023-03-20 23:37:00+00:00,1.07119,1.07119,1.07118,1.07118,0
2023-03-20 23:38:00+00:00,1.07119,1.0713,1.07118,1.07128,0
2023-03-20 23:39:00+00:00,1.07128,1.07131,1.07124,1.0713,0
2023-03-20 23:40:00+00:00,1.0713,1.07134,1.0713,1.07134,0
2023-03-20 23:41:00+00:00,1.07134,1.07136,1.07132,1.07135,0
2023-03-20 23:42:00+00:00,1.07135,1.07139,1.07132,1.07138,0
2023-03-20 23:43:00+00:00,1.07136,1.07139,1.07134,1.07134,0
2023-03-20 23:44:00+00:00,1.07136,1.07143,1.07135,1.07143,0
2023-03-20 23:45:00+00:00,1.07142,1.07143,1.07137,1.07143,0
2023-03-20 23:46:00+00:00,1.07144,1.07153,1.07144,1.07149,0
2023-03-20 23:47:00+00:00,1.07149,1.07149,1.07143,1.07143,0
2023-03-20 23:48:00+00:00,1.07143,1.07143,1.07125,1.07127,0
2023-03-20 23:49:00+00:00,1.07126,1.07129,1.07123,1.07125,0
2023-03-20 23:50:00+00:00,1.07126,1.07126,1.07121,1.07122,0
2023-03-20 23:51:00+00:00,1.07122,1.07127,1.07122,1.07127,0
2023-03-20 23:52:00+00:00,1.07126,1.07127,1.07126,1.07127,0
2023-03-20 23:53:00+00:00,1.07126,1.07127,1.07126,1.07126,0
2023-03-20 23:54:00+00:00,1.07126,1.07126,1.07123,1.07123,0
2023-03-20 23:55:00+00:00,1.07124,1.07127,1.07115,1.07116,0
2023-03-20 23:56:00+00:00,1.07116,1.07121,1.07116,1.07121,0
2023-03-20 23:57:00+00:00,1.07123,1.07123,1.07116,1.07117,0
2023-03-20 23:58:00+00:00,1.07116,1.07121,1.07114,1.07121,0
2023-03-20 23:59:00+00:00,1.0712,1.07122,1.07118,1.07121,0
2023-03-21 00:00:00+00:00,1.07121,1.07121,1.07116,1.07116,0
2023-03-21 00:01:00+00:00,1.07116,1.0712,1.07114,1.07117,0
2023-03-21 00:02:00+00:00,1.07118,1.07118,1.07104,1.07104,0
2023-03-21 00:03:00+00:00,1.07105,1.07107,1.07104,1.07105,0
2023-03-21 00:04:00+00:00,1.07105,1.0711,1.07104,1.07105,0
2023-03-21 00:05:00+00:00,1.07106,1.0711,1.07104,1.07109,0
2023-03-21 00:06:00+00:00,1.0711,1.0711,1.07105,1.07105,0
2023-03-21 00:07:00+00:00,1.07105,1.07106,1.07105,1.07106,0
2023-03-21 00:08:00+00:00,1.07105,1.07118,1.07105,1.07115,0
2023-03-21 00:09:00+00:00,1.07114,1.07116,1.07114,1.07115,0
2023-03-21 00:10:00+00:00,1.07114,1.07116,1.07109,1.07114,0
2023-03-21 00:11:00+00:00,1.07115,1.07115,1.07105,1.07106,0
2023-03-21 00:12:00+00:00,1.07107,1.07109,1.07105,1.07106,0
2023-03-21 00:13:00+00:00,1.07108,1.07114,1.07108,1.07114,0
2023-03-21 00:14:00+00:00,1.07118,1.0713,1.07116,1.07126,0
2023-03-21 00:15:00+00:00,1.07127,1.07128,1.07119,1.07121,0
2023-03-21 00:16:00+00:00,1.07122,1.07124,1.07118,1.0712,0
2023-03-21 00:17:00+00:00,1.07121,1.07125,1.0712,1.07121,0
2023-03-21 00:18:00+00:00,1.0712,1.07125,1.07115,1.07124,0
2023-03-21 00:19:00+00:00,1.07124,1.07124,1.0712,1.07123,0
2023-03-21 00:20:00+00:00,1.07124,1.07127,1.07124,1.07127,0
2023-03-21 00:21:00+00:00,1.07126,1.07127,1.07114,1.07116,0
2023-03-21 00:22:00+00:00,1.07117,1.07126,1.07117,1.07126,0
2023-03-21 00:23:00+00:00,1.07127,1.07131,1.07126,1.07131,0
2023-03-21 00:24:00+00:00,1.07134,1.07141,1.07134,1.07141,0
2023-03-21 00:25:00+00:00,1.07142,1.07146,1.07142,1.07144,0
2023-03-21 00:26:00+00:00,1.07143,1.07143,1.07114,1.07117,0
2023-03-21 00:27:00+00:00,1.07116,1.07119,1.07113,1.07116,0
2023-03-21 00:28:00+00:00,1.07116,1.07124,1.07116,1.07121,0
2023-03-21 00:29:00+00:00,1.07119,1.07129,1.07114,1.07128,0
2023-03-21 00:30:00+00:00,1.07127,1.07137,1.07126,1.07135,0
2023-03-21 00:31:00+00:00,1.07134,1.07135,1.07119,1.0712,0
2023-03-21 00:32:00+00:00,1.07118,1.07119,1.07113,1.07116,0
2023-03-21 00:33:00+00:00,1.07116,1.07128,1.07116,1.07121,0
2023-03-21 00:34:00+00:00,1.07121,1.07121,1.07114,1.07119,0
2023-03-21 00:35:00+00:00,1.07118,1.07121,1.07114,1.07114,0
2023-03-21 00:36:00+00:00,1.07115,1.07115,1.0711,1.07114,0
2023-03-21 00:37:00+00:00,1.07115,1.07118,1.07115,1.07117,0
2023-03-21 00:38:00+00:00,1.07118,1.07122,1.07118,1.0712,0
2023-03-21 00:39:00+00:00,1.07121,1.07124,1.0712,1.07124,0
2023-03-21 00:40:00+00:00,1.07128,1.07129,1.07125,1.07125,0
2023-03-21 00:41:00+00:00,1.07124,1.07124,1.07114,1.07114,0
2023-03-21 00:42:00+00:00,1.07113,1.0712,1.07109,1.0712,0
2023-03-21 00:43:00+00:00,1.07119,1.07138,1.07119,1.07135,0
2023-03-21 00:44:00+00:00,1.07136,1.07141,1.07134,1.07135,0
2023-03-21 00:45:00+00:00,1.07137,1.07147,1.07137,1.0714,0
2023-03-21 00:46:00+00:00,1.07139,1.07141,1.07135,1.07136,0
2023-03-21 00:47:00+00:00,1.07135,1.07142,1.07124,1.07124,0
2023-03-21 00:48:00+00:00,1.07126,1.07129,1.07124,1.07126,0
2023-03-21 00:49:00+00:00,1.07125,1.07126,1.07117,1.07125,0
2023-03-21 00:50:00+00:00,1.07125,1.07134,1.07123,1.07132,0
2023-03-21 00:51:00+00:00,1.07132,1.07137,1.07131,1.07134,0
2023-03-21 00:52:00+00:00,1.07132,1.07132,1.07129,1.07131,0
2023-03-21 00:53:00+00:00,1.07134,1.07134,1.07129,1.07131,0
2023-03-21 00:54:00+00:00,1.07134,1.07136,1.07131,1.07134,0
2023-03-21 00:55:00+00:00,1.07134,1.07134,1.07129,1.07133,0
2023-03-21 00:56:00+00:00,1.07132,1.07139,1.07132,1.07138,0
2023-03-21 00:57:00+00:00,1.07141,1.0715,1.07138,1.07146,0
2023-03-21 00:58:00+00:00,1.07147,1.07154,1.07144,1.07154,0
2023-03-21 00:59:00+00:00,1.07152,1.07156,1.0715,1.07155,0
2023-03-21 01:00:00+00:00,1.07156,1.07164,1.07148,1.07155,0
2023-03-21 01:01:00+00:00,1.07155,1.07161,1.07146,1.07157,0
2023-03-21 01:02:00+00:00,1.07157,1.07167,1.07155,1.07166,0
2023-03-21 01:03:00+00:00,1.07166,1.07166,1.07162,1.07162,0
2023-03-21 01:04:00+00:00,1.07164,1.07175,1.07162,1.07167,0
2023-03-21 01:05:00+00:00,1.07167,1.07168,1.07157,1.07157,0
2023-03-21 01:06:00+00:00,1.07155,1.07156,1.07147,1.0715,0
2023-03-21 01:07:00+00:00,1.07152,1.07158,1.07147,1.07147,0
2023-03-21 01:08:00+00:00,1.07147,1.07148,1.07137,1.07141,0
2023-03-21 01:09:00+00:00,1.0714,1.0714,1.07133,1.07136,0
2023-03-21 01:10:00+00:00,1.07137,1.07138,1.07134,1.07135,0
2023-03-21 01:11:00+00:00,1.07136,1.07137,1.07134,1.07136,0
2023-03-21 01:12:00+00:00,1.07136,1.07136,1.07119,1.07135,0
2023-03-21 01:13:00+00:00,1.07135,1.07138,1.07129,1.07137,0
2023-03-21 01:14:00+00:00,1.07137,1.07144,1.07136,1.07137,0
2023-03-21 01:15:00+00:00,1.07136,1.07136,1.07109,1.07112,0
2023-03-21 01:16:00+00:00,1.07111,1.07113,1.07106,1.0711,0
2023-03-21 01:17:00+00:00,1.07111,1.07112,1.07101,1.07101,0
2023-03-21 01:18:00+00:00,1.07101,1.07101,1.07076,1.07091,0
2023-03-21 01:19:00+00:00,1.07091,1.07096,1.07083,1.07083,0
2023-03-21 01:20:00+00:00,1.07084,1.07084,1.07073,1.07075,0
2023-03-21 01:21:00+00:00,1.07074,1.07079,1.07067,1.07079,0
2023-03-21 01:22:00+00:00,1.07078,1.07082,1.07071,1.07077,0
2023-03-21 01:23:00+00:00,1.07078,1.07093,1.07075,1.07088,0
2023-03-21 01:24:00+00:00,1.07088,1.07097,1.07086,1.07087,0
2023-03-21 01:25:00+00:00,1.07089,1.07097,1.07086,1.07091,0
2023-03-21 01:26:00+00:00,1.07092,1.07093,1.07073,1.07082,0
2023-03-21 01:27:00+00:00,1.07081,1.07089,1.07077,1.0708,0
2023-03-21 01:28:00+00:00,1.07081,1.07084,1.07076,1.07078,0
2023-03-21 01:29:00+00:00,1.07077,1.07085,1.07075,1.07076,0
2023-03-21 01:30:00+00:00,1.07075,1.07076,1.07063,1.07065,0
2023-03-21 01:31:00+00:00,1.07064,1.07064,1.07056,1.07056,0
2023-03-21 01:32:00+00:00,1.07055,1.07066,1.07051,1.07064,0
2023-03-21 01:33:00+00:00,1.07065,1.07072,1.07057,1.07057,0
2023-03-21 01:34:00+00:00,1.07056,1.07058,1.07051,1.07057,0
2023-03-21 01:35:00+00:00,1.07056,1.07073,1.07047,1.07061,0
2023-03-21 01:36:00+00:00,1.07061,1.07067,1.0705,1.07054,0
2023-03-21 01:37:00+00:00,1.07055,1.07071,1.07055,1.07063,0
2023-03-21 01:38:00+00:00,1.07062,1.07062,1.07041,1.07043,0
2023-03-21 01:39:00+00:00,1.07044,1.07052,1.07038,1.07052,0
2023-03-21 01:40:00+00:00,1.07051,1.07062,1.07049,1.07055,0
2023-03-21 01:41:00+00:00,1.07056,1.07065,1.07055,1.07065,0
2023-03-21 01:42:00+00:00,1.07063,1.07063,1.07058,1.0706,0
2023-03-21 01:43:00+00:00,1.07058,1.07067,1.0705,1.07066,0
2023-03-21 01:44:00+00:00,1.07065,1.07065,1.07059,1.07062,0
2023-03-21 01:45:00+00:00,1.07061,1.07068,1.0706,1.07068,0
2023-03-21 01:46:00+00:00,1.07067,1.07073,1.07066,1.07072,0
2023-03-21 01:47:00+00:00,1.07072,1.07086,1.0707,1.07081,0
2023-03-21 01:48:00+00:00,1.0708,1.07087,1.07077,1.07087,0
2023-03-21 01:49:00+00:00,1.07088,1.07092,1.07084,1.07092,0
2023-03-21 01:50:00+00:00,1.07093,1.07102,1.07092,1.07098,0
2023-03-21 01:51:00+00:00,1.07097,1.07099,1.07087,1.07093,0
2023-03-21 01:52:00+00:00,1.07094,1.07095,1.07081,1.07088,0
2023-03-21 01:53:00+00:00,1.07087,1.07089,1.0707,1.0707,0
2023-03-21 01:54:00+00:00,1.0707,1.0707,1.07051,1.07053,0
2023-03-21 01:55:00+00:00,1.07054,1.07073,1.07052,1.07072,0
2023-03-21 01:56:00+00:00,1.07073,1.07079,1.07068,1.07074,0
2023-03-21 01:57:00+00:00,1.07075,1.07075,1.07065,1.07071,0
2023-03-21 01:58:00+00:00,1.07069,1.07084,1.07068,1.07084,0
2023-03-21 01:59:00+00:00,1.07084,1.07086,1.07071,1.07073,0
2023-03-21 02:00:00+00:00,1.07074,1.07084,1.07058,1.07073,0
2023-03-21 02:01:00+00:00,1.07073,1.07079,1.07065,1.07077,0
2023-03-21 02:02:00+00:00,1.07078,1.07085,1.07072,1.07083,0
2023-03-21 02:03:00+00:00,1.07082,1.0709,1.07073,1.0709,0
2023-03-21 02:04:00+00:00,1.07091,1.07099,1.07082,1.07092,0
2023-03-21 02:05:00+00:00,1.07093,1.07109,1.07087,1.07099,0
2023-03-21 02:06:00+00:00,1.07098,1.07101,1.07076,1.07077,0
2023-03-21 02:07:00+00:00,1.07077,1.07119,1.07077,1.07113,0
2023-03-21 02:08:00+00:00,1.07111,1.0712,1.07104,1.07104,0
2023-03-21 02:09:00+00:00,1.07104,1.07104,1.07088,1.07089,0
2023-03-21 02:10:00+00:00,1.0709,1.07125,1.07089,1.07122,0
2023-03-21 02:11:00+00:00,1.07122,1.07126,1.0711,1.07111,0
2023-03-21 02:12:00+00:00,1.07111,1.07113,1.07081,1.07084,0
2023-03-21 02:13:00+00:00,1.07085,1.07115,1.07085,1.07112,0
2023-03-21 02:14:00+00:00,1.07113,1.07126,1.07112,1.07113,0
2023-03-21 02:15:00+00:00,1.07113,1.07148,1.07113,1.07143,0
2023-03-21 02:16:00+00:00,1.07141,1.07141,1.07123,1.07126,0
2023-03-21 02:17:00+00:00,1.07127,1.07136,1.07115,1.07132,0
2023-03-21 02:18:00+00:00,1.07132,1.07156,1.07132,1.07155,0
2023-03-21 02:19:00+00:00,1.07155,1.07161,1.07137,1.07138,0
2023-03-21 02:20:00+00:00,1.07138,1.07142,1.07131,1.0714,0
2023-03-21 02:21:00+00:00,1.07141,1.07141,1.07127,1.07139,0
2023-03-21 02:22:00+00:00,1.07138,1.0715,1.07133,1.07147,0
2023-03-21 02:23:00+00:00,1.07146,1.07147,1.07123,1.07128,0
2023-03-21 02:24:00+00:00,1.07128,1.07144,1.07127,1.07144,0
2023-03-21 02:25:00+00:00,1.07142,1.07142,1.07121,1.07126,0
2023-03-21 02:26:00+00:00,1.07131,1.07201,1.07131,1.07199,0
2023-03-21 02:27:00+00:00,1.07199,1.07199,1.07153,1.07168,0
2023-03-21 02:28:00+00:00,1.07169,1.0717,1.0714,1.07148,0
2023-03-21 02:29:00+00:00,1.07152,1.07155,1.07137,1.07151,0
2023-03-21 02:30:00+00:00,1.07151,1.07154,1.07137,1.07148,0
2023-03-21 02:31:00+00:00,1.07148,1.07183,1.07139,1.07183,0
2023-03-21 02:32:00+00:00,1.07183,1.07184,1.07158,1.07159,0
2023-03-21 02:33:00+00:00,1.07158,1.07176,1.07157,1.07176,0
2023-03-21 02:34:00+00:00,1.07176,1.0718,1.07157,1.0716,0
2023-03-21 02:35:00+00:00,1.07161,1.07176,1.07143,1.07175,0
2023-03-21 02:36:00+00:00,1.07176,1.07178,1.07164,1.0717,0
2023-03-21 02:37:00+00:00,1.07171,1.07179,1.07166,1.07168,0
2023-03-21 02:38:00+00:00,1.07168,1.07173,1.07159,1.07164,0
2023-03-21 02:39:00+00:00,1.07164,1.07169,1.07158,1.07168,0
2023-03-21 02:40:00+00:00,1.07167,1.0717,1.07162,1.07163,0
2023-03-21 02:41:00+00:00,1.07161,1.07161,1.07147,1.07153,0
2023-03-21 02:42:00+00:00,1.07154,1.07163,1.07148,1.07157,0
2023-03-21 02:43:00+00:00,1.07157,1.07167,1.07153,1.07157,0
2023-03-21 02:44:00+00:00,1.07157,1.07168,1.07157,1.07161,0
2023-03-21 02:45:00+00:00,1.07159,1.07162,1.0715,1.07154,0
2023-03-21 02:46:00+00:00,1.07153,1.07163,1.07137,1.07143,0
2023-03-21 02:47:00+00:00,1.07143,1.07157,1.07136,1.07157,0
2023-03-21 02:48:00+00:00,1.07157,1.07168,1.07151,1.07162,0
2023-03-21 02:49:00+00:00,1.07162,1.07184,1.07162,1.07176,0
2023-03-21 02:50:00+00:00,1.07177,1.072,1.07177,1.07196,0
2023-03-21 02:51:00+00:00,1.07195,1.07211,1.07187,1.07206,0
2023-03-21 02:52:00+00:00,1.07205,1.07219,1.07201,1.07212,0
2023-03-21 02:53:00+00:00,1.07211,1.07218,1.07197,1.07203,0
2023-03-21 02:54:00+00:00,1.07202,1.07207,1.07177,1.07188,0
2023-03-21 02:55:00+00:00,1.07186,1.07186,1.07131,1.07145,0
2023-03-21 02:56:00+00:00,1.07146,1.07164,1.07136,1.07158,0
2023-03-21 02:57:00+00:00,1.07159,1.07175,1.07156,1.07172,0
2023-03-21 02:58:00+00:00,1.07171,1.07179,1.07163,1.07173,0
2023-03-21 02:59:00+00:00,1.07174,1.07193,1.07169,1.07189,0
2023-03-21 03:00:00+00:00,1.0719,1.07197,1.07167,1.07176,0
2023-03-21 03:01:00+00:00,1.07176,1.07204,1.07161,1.07191,0
2023-03-21 03:02:00+00:00,1.07189,1.07239,1.07187,1.07235,0
2023-03-21 03:03:00+00:00,1.07235,1.07235,1.07212,1.07231,0
2023-03-21 03:04:00+00:00,1.07232,1.07263,1.07226,1.07251,0
2023-03-21 03:05:00+00:00,1.0725,1.07264,1.07241,1.07263,0
2023-03-21 03:06:00+00:00,1.07263,1.07317,1.07242,1.07303,0
2023-03-21 03:07:00+00:00,1.07301,1.07316,1.0729,1.07299,0
2023-03-21 03:08:00+00:00,1.07299,1.07313,1.0729,1.07307,0
2023-03-21 03:09:00+00:00,1.07307,1.07314,1.07284,1.07286,0
2023-03-21 03:10:00+00:00,1.07286,1.07302,1.07267,1.07302,0
2023-03-21 03:11:00+00:00,1.07302,1.07344,1.073,1.0732,0
2023-03-21 03:12:00+00:00,1.07319,1.07342,1.07319,1.07332,0
2023-03-21 03:13:00+00:00,1.07335,1.07342,1.07296,1.07306,0
2023-03-21 03:14:00+00:00,1.07306,1.07323,1.07301,1.07311,0
2023-03-21 03:15:00+00:00,1.07312,1.07333,1.07309,1.07312,0
2023-03-21 03:16:00+00:00,1.0731,1.07311,1.07291,1.07291,0
2023-03-21 03:17:00+00:00,1.07291,1.07326,1.0729,1.07311,0
2023-03-21 03:18:00+00:00,1.07316,1.07319,1.07291,1.07292,0
2023-03-21 03:19:00+00:00,1.07291,1.07306,1.07272,1.07306,0
2023-03-21 03:20:00+00:00,1.07305,1.07317,1.07297,1.07317,0
2023-03-21 03:21:00+00:00,1.07317,1.07333,1.07294,1.07323,0
2023-03-21 03:22:00+00:00,1.07323,1.07348,1.07313,1.07347,0
2023-03-21 03:23:00+00:00,1.07347,1.07375,1.07337,1.07347,0
2023-03-21 03:24:00+00:00,1.07348,1.07364,1.07337,1.07346,0
2023-03-21 03:25:00+00:00,1.07347,1.07364,1.07344,1.07353,0
2023-03-21 03:26:00+00:00,1.07353,1.07357,1.07336,1.07339,0
2023-03-21 03:27:00+00:00,1.0734,1.07364,1.07338,1.07358,0
2023-03-21 03:28:00+00:00,1.07356,1.0736,1.07331,1.07336,0
2023-03-21 03:29:00+00:00,1.07337,1.07343,1.07324,1.07328,0
2023-03-21 03:30:00+00:00,1.07327,1.07348,1.07324,1.07345,0
2023-03-21 03:31:00+00:00,1.07344,1.07344,1.07313,1.07324,0
2023-03-21 03:32:00+00:00,1.07324,1.07336,1.07307,1.07313,0
2023-03-21 03:33:00+00:00,1.0731,1.07325,1.07302,1.07314,0
2023-03-21 03:34:00+00:00,1.07317,1.07339,1.07312,1.07336,0
2023-03-21 03:35:00+00:00,1.07336,1.07348,1.07336,1.07343,0
2023-03-21 03:36:00+00:00,1.07342,1.07372,1.07342,1.07372,0
2023-03-21 03:37:00+00:00,1.07373,1.07387,1.07366,1.07372,0
2023-03-21 03:38:00+00:00,1.07371,1.07372,1.07335,1.07347,0
2023-03-21 03:39:00+00:00,1.0735,1.07375,1.07347,1.0737,0
2023-03-21 03:40:00+00:00,1.07371,1.0738,1.07357,1.0736,0
2023-03-21 03:41:00+00:00,1.07358,1.07371,1.07353,1.07366,0
2023-03-21 03:42:00+00:00,1.07365,1.07377,1.07348,1.07352,0
2023-03-21 03:43:00+00:00,1.07352,1.07362,1.0735,1.07357,0
2023-03-21 03:44:00+00:00,1.07357,1.07358,1.07331,1.07335,0
2023-03-21 03:45:00+00:00,1.07335,1.07335,1.07308,1.07313,0
2023-03-21 03:46:00+00:00,1.07313,1.07319,1.07302,1.07302,0
2023-03-21 03:47:00+00:00,1.07303,1.07316,1.07302,1.07308,0
2023-03-21 03:48:00+00:00,1.07307,1.07317,1.07288,1.07292,0
2023-03-21 03:49:00+00:00,1.07295,1.07323,1.07293,1.07322,0
2023-03-21 03:50:00+00:00,1.07323,1.07327,1.0729,1.07291,0
2023-03-21 03:51:00+00:00,1.07292,1.07294,1.07275,1.07278,0
2023-03-21 03:52:00+00:00,1.07279,1.07291,1.07276,1.07277,0
2023-03-21 03:53:00+00:00,1.07276,1.07278,1.0725,1.07259,0
2023-03-21 03:54:00+00:00,1.07259,1.07278,1.0725,1.07276,0
2023-03-21 03:55:00+00:00,1.07278,1.07292,1.07278,1.0728,0
2023-03-21 03:56:00+00:00,1.0728,1.07294,1.07249,1.07294,0
2023-03-21 03:57:00+00:00,1.07295,1.07337,1.07295,1.07322,0
2023-03-21 03:58:00+00:00,1.07321,1.07333,1.07292,1.07303,0
2023-03-21 03:59:00+00:00,1.07303,1.07311,1.07279,1.07298,0
2023-03-21 04:00:00+00:00,1.07297,1.07313,1.0729,1.07301,0
2023-03-21 04:01:00+00:00,1.07301,1.07304,1.07264,1.07272,0
2023-03-21 04:02:00+00:00,1.07274,1.07292,1.07262,1.07266,0
2023-03-21 04:03:00+00:00,1.07265,1.07272,1.07256,1.07266,0
2023-03-21 04:04:00+00:00,1.07265,1.07273,1.07246,1.07258,0
2023-03-21 04:05:00+00:00,1.07259,1.07283,1.07252,1.07275,0
2023-03-21 04:06:00+00:00,1.07274,1.0729,1.07274,1.07279,0
2023-03-21 04:07:00+00:00,1.0728,1.07289,1.07268,1.07285,0
2023-03-21 04:08:00+00:00,1.07285,1.07291,1.07263,1.07264,0
2023-03-21 04:09:00+00:00,1.07264,1.07281,1.07252,1.07281,0
2023-03-21 04:10:00+00:00,1.07282,1.07283,1.07267,1.07273,0
2023-03-21 04:11:00+00:00,1.07273,1.07295,1.07271,1.07295,0
2023-03-21 04:12:00+00:00,1.07295,1.07295,1.07279,1.07291,0
2023-03-21 04:13:00+00:00,1.0729,1.07328,1.0729,1.07327,0
2023-03-21 04:14:00+00:00,1.07327,1.07341,1.07326,1.07331,0
2023-03-21 04:15:00+00:00,1.07333,1.07338,1.07321,1.07331,0
2023-03-21 04:16:00+00:00,1.07332,1.07351,1.07331,1.07348,0
2023-03-21 04:17:00+00:00,1.07348,1.07348,1.07327,1.07336,0
2023-03-21 04:18:00+00:00,1.07336,1.07343,1.07332,1.07332,0
2023-03-21 04:19:00+00:00,1.07332,1.07347,1.07331,1.07331,0
2023-03-21 04:20:00+00:00,1.07331,1.07331,1.07315,1.0733,0
2023-03-21 04:21:00+00:00,1.0733,1.07339,1.07322,1.07337,0
2023-03-21 04:22:00+00:00,1.07336,1.07337,1.07321,1.07332,0
2023-03-21 04:23:00+00:00,1.07331,1.07342,1.07329,1.07341,0
2023-03-21 04:24:00+00:00,1.0734,1.07342,1.07326,1.07328,0
2023-03-21 04:25:00+00:00,1.07329,1.07334,1.0731,1.0733,0
2023-03-21 04:26:00+00:00,1.07331,1.07342,1.07317,1.07318,0
2023-03-21 04:27:00+00:00,1.07318,1.07345,1.07317,1.07344,0
2023-03-21 04:28:00+00:00,1.07345,1.07353,1.07341,1.07353,0
2023-03-21 04:29:00+00:00,1.07352,1.07364,1.07341,1.07343,0
2023-03-21 04:30:00+00:00,1.07344,1.07362,1.07338,1.07361,0
2023-03-21 04:31:00+00:00,1.07363,1.0739,1.07363,1.07387,0
2023-03-21 04:32:00+00:00,1.07388,1.07399,1.07385,1.07388,0
2023-03-21 04:33:00+00:00,1.07389,1.07394,1.07384,1.0739,0
2023-03-21 04:34:00+00:00,1.0739,1.0739,1.07368,1.07369,0
2023-03-21 04:35:00+00:00,1.07368,1.0738,1.07368,1.07376,0
2023-03-21 04:36:00+00:00,1.07376,1.07396,1.07372,1.07392,0
2023-03-21 04:37:00+00:00,1.07392,1.07397,1.07386,1.07392,0
2023-03-21 04:38:00+00:00,1.07392,1.07392,1.07375,1.07381,0
2023-03-21 04:39:00+00:00,1.0738,1.07396,1.0738,1.07395,0
2023-03-21 04:40:00+00:00,1.07394,1.07405,1.0738,1.07396,0
2023-03-21 04:41:00+00:00,1.07396,1.07399,1.07382,1.07386,0
2023-03-21 04:42:00+00:00,1.07388,1.07391,1.0737,1.07377,0
2023-03-21 04:43:00+00:00,1.07377,1.0739,1.07377,1.07377,0
2023-03-21 04:44:00+00:00,1.0738,1.07395,1.07376,1.07392,0
2023-03-21 04:45:00+00:00,1.07392,1.07398,1.07385,1.07387,0
2023-03-21 04:46:00+00:00,1.07387,1.07396,1.07384,1.07394,0
2023-03-21 04:47:00+00:00,1.07394,1.07399,1.07391,1.07391,0
2023-03-21 04:48:00+00:00,1.0739,1.07403,1.07388,1.07396,0
2023-03-21 04:49:00+00:00,1.07399,1.07407,1.07381,1.07403,0
2023-03-21 04:50:00+00:00,1.07404,1.07406,1.0738,1.07382,0
2023-03-21 04:51:00+00:00,1.07381,1.07397,1.07379,1.07395,0
2023-03-21 04:52:00+00:00,1.07397,1.07431,1.07393,1.0743,0
2023-03-21 04:53:00+00:00,1.0743,1.07436,1.07426,1.07436,0
2023-03-21 04:54:00+00:00,1.07438,1.07446,1.07424,1.07438,0
2023-03-21 04:55:00+00:00,1.07437,1.07476,1.07436,1.07474,0
2023-03-21 04:56:00+00:00,1.07475,1.07478,1.07469,1.07476,0
2023-03-21 04:57:00+00:00,1.07475,1.07494,1.07475,1.07492,0
2023-03-21 04:58:00+00:00,1.07492,1.07495,1.07459,1.07467,0
2023-03-21 04:59:00+00:00,1.07469,1.07478,1.07459,1.07462,0
2023-03-21 05:00:00+00:00,1.07461,1.07487,1.07445,1.07473,0
2023-03-21 05:01:00+00:00,1.07472,1.07473,1.07453,1.07466,0
2023-03-21 05:02:00+00:00,1.07465,1.07468,1.0745,1.07465,0
2023-03-21 05:03:00+00:00,1.07465,1.07475,1.07446,1.0747,0
2023-03-21 05:04:00+00:00,1.07469,1.07473,1.0746,1.07472,0
2023-03-21 05:05:00+00:00,1.07471,1.07472,1.07459,1.0746,0
2023-03-21 05:06:00+00:00,1.07461,1.07461,1.07445,1.07448,0
2023-03-21 05:07:00+00:00,1.07448,1.0745,1.07426,1.07427,0
2023-03-21 05:08:00+00:00,1.07427,1.07446,1.07424,1.07439,0
2023-03-21 05:09:00+00:00,1.07438,1.07443,1.07419,1.0742,0
2023-03-21 05:10:00+00:00,1.0742,1.0742,1.074,1.07413,0
2023-03-21 05:11:00+00:00,1.07413,1.07425,1.07413,1.07419,0
2023-03-21 05:12:00+00:00,1.0742,1.0743,1.07415,1.07421,0
2023-03-21 05:13:00+00:00,1.07422,1.07435,1.07413,1.0743,0
2023-03-21 05:14:00+00:00,1.0743,1.07439,1.07425,1.07425,0
2023-03-21 05:15:00+00:00,1.07425,1.07456,1.07425,1.07455,0
2023-03-21 05:16:00+00:00,1.07454,1.07494,1.07454,1.07487,0
2023-03-21 05:17:00+00:00,1.07486,1.07505,1.0748,1.0748,0
2023-03-21 05:18:00+00:00,1.07481,1.07481,1.07458,1.07467,0
2023-03-21 05:19:00+00:00,1.07467,1.07473,1.07463,1.07472,0
2023-03-21 05:20:00+00:00,1.07471,1.07474,1.0746,1.0746,0
2023-03-21 05:21:00+00:00,1.0746,1.07463,1.07448,1.07458,0
2023-03-21 05:22:00+00:00,1.07457,1.07462,1.07443,1.07443,0
2023-03-21 05:23:00+00:00,1.07441,1.07444,1.07426,1.07439,0
2023-03-21 05:24:00+00:00,1.0744,1.07441,1.07425,1.07437,0
2023-03-21 05:25:00+00:00,1.07437,1.07471,1.07437,1.07464,0
2023-03-21 05:26:00+00:00,1.07465,1.07472,1.07446,1.07446,0
2023-03-21 05:27:00+00:00,1.07445,1.07455,1.07434,1.07446,0
2023-03-21 05:28:00+00:00,1.07448,1.07454,1.07434,1.07454,0
2023-03-21 05:29:00+00:00,1.07454,1.07468,1.07451,1.07457,0
2023-03-21 05:30:00+00:00,1.07458,1.07462,1.07445,1.0745,0
2023-03-21 05:31:00+00:00,1.07449,1.07462,1.07442,1.07448,0
2023-03-21 05:32:00+00:00,1.07447,1.0745,1.07431,1.07438,0
2023-03-21 05:33:00+00:00,1.07437,1.07455,1.07431,1.07455,0
2023-03-21 05:34:00+00:00,1.07454,1.07468,1.07449,1.07467,0
2023-03-21 05:35:00+00:00,1.07466,1.07467,1.07444,1.07457,0
2023-03-21 05:36:00+00:00,1.07458,1.07487,1.07457,1.07486,0
2023-03-21 05:37:00+00:00,1.07487,1.07506,1.07485,1.07502,0
2023-03-21 05:38:00+00:00,1.07502,1.07514,1.07496,1.07509,0
2023-03-21 05:39:00+00:00,1.07509,1.07561,1.07508,1.07543,0
2023-03-21 05:40:00+00:00,1.07543,1.07547,1.07538,1.07538,0
2023-03-21 05:41:00+00:00,1.07538,1.07566,1.07528,1.07564,0
2023-03-21 05:42:00+00:00,1.07565,1.07582,1.07548,1.07553,0
2023-03-21 05:43:00+00:00,1.07554,1.07571,1.07549,1.0757,0
2023-03-21 05:44:00+00:00,1.07571,1.07576,1.07561,1.07566,0
2023-03-21 05:45:00+00:00,1.07565,1.0759,1.07563,1.07587,0
2023-03-21 05:46:00+00:00,1.07587,1.0759,1.07583,1.07587,0
2023-03-21 05:47:00+00:00,1.07587,1.07587,1.07558,1.07563,0
2023-03-21 05:48:00+00:00,1.07564,1.07587,1.07555,1.07582,0
2023-03-21 05:49:00+00:00,1.07581,1.07592,1.07577,1.07592,0
2023-03-21 05:50:00+00:00,1.07591,1.07594,1.07564,1.07564,0
2023-03-21 05:51:00+00:00,1.07563,1.07565,1.07545,1.07546,0
2023-03-21 05:52:00+00:00,1.07547,1.07547,1.07541,1.07545,0
2023-03-21 05:53:00+00:00,1.07546,1.07547,1.07535,1.07547,0
2023-03-21 05:54:00+00:00,1.07547,1.07549,1.07536,1.07544,0
2023-03-21 05:55:00+00:00,1.07544,1.07547,1.0753,1.07544,0
2023-03-21 05:56:00+00:00,1.07544,1.07581,1.07539,1.0758,0
2023-03-21 05:57:00+00:00,1.07581,1.076,1.07581,1.07587,0
2023-03-21 05:58:00+00:00,1.07588,1.07643,1.07585,1.07641,0
2023-03-21 05:59:00+00:00,1.07641,1.07644,1.07627,1.07633,0
2023-03-21 07:00:00+00:00,1.07787,1.07794,1.07764,1.07764,0
2023-03-21 07:01:00+00:00,1.07763,1.07794,1.07763,1.07785,0
2023-03-21 07:02:00+00:00,1.07785,1.078,1.07784,1.078,0
2023-03-21 07:03:00+00:00,1.07802,1.07806,1.07788,1.07789,0
2023-03-21 07:04:00+00:00,1.0779,1.07797,1.07786,1.07794,0
2023-03-21 07:05:00+00:00,1.07794,1.07809,1.07791,1.07805,0
2023-03-21 07:06:00+00:00,1.07805,1.0782,1.07792,1.07792,0
2023-03-21 07:07:00+00:00,1.07793,1.07811,1.07792,1.07805,0
2023-03-21 07:08:00+00:00,1.07805,1.07808,1.07793,1.07808,0
2023-03-21 07:09:00+00:00,1.07807,1.0782,1.07807,1.07808,0
2023-03-21 07:10:00+00:00,1.07807,1.07807,1.07794,1.07799,0
2023-03-21 07:11:00+00:00,1.07799,1.07801,1.07793,1.07794,0
2023-03-21 07:12:00+00:00,1.07795,1.07808,1.0779,1.07802,0
2023-03-21 07:13:00+00:00,1.07802,1.07813,1.07798,1.078,0
2023-03-21 07:14:00+00:00,1.078,1.07808,1.07794,1.07795,0
2023-03-21 07:15:00+00:00,1.07796,1.07808,1.07795,1.078,0
2023-03-21 07:16:00+00:00,1.07801,1.07806,1.07794,1.07803,0
2023-03-21 07:17:00+00:00,1.07802,1.07817,1.07793,1.078,0
2023-03-21 07:18:00+00:00,1.07799,1.07802,1.07787,1.07791,0
2023-03-21 07:19:00+00:00,1.07789,1.07795,1.07782,1.07791,0
2023-03-21 07:20:00+00:00,1.07792,1.07809,1.07789,1.0779,0
2023-03-21 07:21:00+00:00,1.0779,1.07805,1.0779,1.07795,0
2023-03-21 07:22:00+00:00,1.07795,1.07814,1.07795,1.07809,0
2023-03-21 07:23:00+00:00,1.07809,1.07809,1.07795,1.07798,0
2023-03-21 07:24:00+00:00,1.07799,1.07799,1.07788,1.0779,0
2023-03-21 07:25:00+00:00,1.07789,1.07794,1.07779,1.07785,0
2023-03-21 07:26:00+00:00,1.07784,1.07791,1.07775,1.0779,0
2023-03-21 07:27:00+00:00,1.07791,1.07791,1.07775,1.07778,0
2023-03-21 07:28:00+00:00,1.07778,1.07778,1.0776,1.07765,0
2023-03-21 07:29:00+00:00,1.07766,1.07796,1.07761,1.07792,0
2023-03-21 07:30:00+00:00,1.07792,1.078,1.07781,1.07792,0
2023-03-21 07:31:00+00:00,1.07793,1.07809,1.07775,1.07775,0
2023-03-21 07:32:00+00:00,1.07778,1.07784,1.07765,1.07779,0
2023-03-21 07:33:00+00:00,1.0778,1.07797,1.07771,1.0779,0
2023-03-21 07:34:00+00:00,1.07791,1.07797,1.07777,1.07786,0
2023-03-21 07:35:00+00:00,1.07789,1.07797,1.07785,1.07787,0
2023-03-21 07:36:00+00:00,1.07787,1.07806,1.07785,1.07804,0
2023-03-21 07:37:00+00:00,1.07805,1.0781,1.07801,1.07807,0
2023-03-21 07:38:00+00:00,1.07808,1.07818,1.07807,1.07811,0
2023-03-21 07:39:00+00:00,1.07811,1.07816,1.07808,1.0781,0
2023-03-21 07:40:00+00:00,1.0781,1.07817,1.07798,1.078,0
2023-03-21 07:41:00+00:00,1.07799,1.07812,1.07794,1.078,0
2023-03-21 07:42:00+00:00,1.07801,1.07807,1.07796,1.07801,0
2023-03-21 07:43:00+00:00,1.07804,1.07812,1.07804,1.07807,0
2023-03-21 07:44:00+00:00,1.07806,1.07807,1.07798,1.07803,0
2023-03-21 07:45:00+00:00,1.07804,1.07805,1.07789,1.07792,0
2023-03-21 07:46:00+00:00,1.07793,1.07793,1.07769,1.07769,0
2023-03-21 07:47:00+00:00,1.07769,1.07783,1.07758,1.07782,0
2023-03-21 07:48:00+00:00,1.07786,1.07792,1.07781,1.07791,0
2023-03-21 07:49:00+00:00,1.0779,1.07794,1.07779,1.07782,0
2023-03-21 07:50:00+00:00,1.07782,1.07784,1.07777,1.07777,0
2023-03-21 07:51:00+00:00,1.07777,1.0778,1.07775,1.07776,0
2023-03-21 07:52:00+00:00,1.07774,1.07774,1.07766,1.07767,0
2023-03-21 07:53:00+00:00,1.07769,1.07769,1.07742,1.07746,0
2023-03-21 07:54:00+00:00,1.07746,1.07754,1.07739,1.07739,0
2023-03-21 07:55:00+00:00,1.07738,1.0779,1.07738,1.07778,0
2023-03-21 07:56:00+00:00,1.07779,1.07799,1.0777,1.0779,0
2023-03-21 07:57:00+00:00,1.07791,1.07809,1.07791,1.07805,0
2023-03-21 07:58:00+00:00,1.07806,1.07818,1.07805,1.07818,0
2023-03-21 07:59:00+00:00,1.0782,1.07825,1.0781,1.0781,0
2023-03-21 09:00:00+00:00,1.07768,1.07793,1.07767,1.07783,0
2023-03-21 09:01:00+00:00,1.07783,1.07799,1.07767,1.07771,0
2023-03-21 09:02:00+00:00,1.07771,1.0778,1.07765,1.0777,0
2023-03-21 09:03:00+00:00,1.07769,1.07773,1.07759,1.07767,0
2023-03-21 09:04:00+00:00,1.07767,1.07774,1.07728,1.07734,0
2023-03-21 09:05:00+00:00,1.07733,1.07733,1.07665,1.07666,0
2023-03-21 09:06:00+00:00,1.07665,1.07671,1.07648,1.0766,0
2023-03-21 09:07:00+00:00,1.0766,1.07697,1.07651,1.07689,0
2023-03-21 09:08:00+00:00,1.07689,1.07697,1.07679,1.07694,0
2023-03-21 09:09:00+00:00,1.07694,1.07717,1.07691,1.07714,0
2023-03-21 09:10:00+00:00,1.07713,1.07722,1.07705,1.07716,0
2023-03-21 09:11:00+00:00,1.07717,1.07732,1.07712,1.0773,0
2023-03-21 09:12:00+00:00,1.0773,1.07738,1.07727,1.07737,0
2023-03-21 09:13:00+00:00,1.07739,1.07742,1.07717,1.0772,0
2023-03-21 09:14:00+00:00,1.07721,1.07721,1.07698,1.07717,0
2023-03-21 09:15:00+00:00,1.07717,1.07724,1.07706,1.07713,0
2023-03-21 09:16:00+00:00,1.07712,1.07718,1.07704,1.07708,0
2023-03-21 09:17:00+00:00,1.07708,1.07721,1.07698,1.07701,0
2023-03-21 09:18:00+00:00,1.077,1.07704,1.0769,1.07693,0
2023-03-21 09:19:00+00:00,1.07693,1.077,1.07685,1.07697,0
2023-03-21 09:20:00+00:00,1.07696,1.07696,1.0765,1.07655,0
2023-03-21 09:21:00+00:00,1.07656,1.07671,1.07653,1.07653,0
2023-03-21 09:22:00+00:00,1.07654,1.07654,1.07619,1.07636,0
2023-03-21 09:23:00+00:00,1.07637,1.0764,1.07617,1.07619,0
2023-03-21 09:24:00+00:00,1.07619,1.07624,1.07608,1.07609,0
2023-03-21 09:25:00+00:00,1.0761,1.07644,1.07607,1.07639,0
2023-03-21 09:26:00+00:00,1.0764,1.07645,1.07624,1.07639,0
2023-03-21 09:27:00+00:00,1.07639,1.07655,1.07629,1.07651,0
2023-03-21 09:28:00+00:00,1.07652,1.07685,1.07646,1.07668,0
2023-03-21 09:29:00+00:00,1.07668,1.07711,1.07665,1.07694,0
2023-03-21 09:30:00+00:00,1.07693,1.07698,1.07681,1.0769,0
2023-03-21 09:31:00+00:00,1.07691,1.07697,1.07671,1.07675,0
2023-03-21 09:32:00+00:00,1.07676,1.07684,1.07646,1.07675,0
2023-03-21 09:33:00+00:00,1.07677,1.0768,1.07654,1.07666,0
2023-03-21 09:34:00+00:00,1.07666,1.07668,1.0765,1.07659,0
2023-03-21 09:35:00+00:00,1.0766,1.07667,1.0765,1.0765,0
2023-03-21 09:36:00+00:00,1.07649,1.07655,1.07634,1.0765,0
2023-03-21 09:37:00+00:00,1.07649,1.07694,1.07646,1.07694,0
2023-03-21 09:38:00+00:00,1.07693,1.07713,1.07689,1.07709,0
2023-03-21 09:39:00+00:00,1.07709,1.07711,1.07701,1.0771,0
2023-03-21 09:40:00+00:00,1.0771,1.07725,1.07699,1.0771,0
2023-03-21 09:41:00+00:00,1.07711,1.07726,1.07701,1.07726,0
2023-03-21 09:42:00+00:00,1.07729,1.07753,1.0772,1.07729,0
2023-03-21 09:43:00+00:00,1.07728,1.07736,1.07714,1.07731,0
2023-03-21 09:44:00+00:00,1.07732,1.07753,1.07732,1.07752,0
2023-03-21 09:45:00+00:00,1.07751,1.07765,1.07751,1.07763,0
2023-03-21 09:46:00+00:00,1.07762,1.07783,1.07761,1.07782,0
2023-03-21 09:47:00+00:00,1.07784,1.07787,1.07759,1.0776,0
2023-03-21 09:48:00+00:00,1.07761,1.07768,1.07745,1.07749,0
2023-03-21 09:49:00+00:00,1.07751,1.0777,1.07743,1.07754,0
2023-03-21 09:50:00+00:00,1.07754,1.0777,1.07748,1.0777,0
2023-03-21 09:51:00+00:00,1.07771,1.07772,1.0775,1.07754,0
2023-03-21 09:52:00+00:00,1.07753,1.07754,1.07719,1.07739,0
2023-03-21 09:53:00+00:00,1.07738,1.07739,1.07703,1.07724,0
2023-03-21 09:54:00+00:00,1.07725,1.07736,1.07718,1.07727,0
2023-03-21 09:55:00+00:00,1.07727,1.07751,1.07725,1.07747,0
2023-03-21 09:56:00+00:00,1.07747,1.07772,1.07744,1.07771,0
2023-03-21 09:57:00+00:00,1.0777,1.0777,1.07756,1.07761,0
2023-03-21 09:58:00+00:00,1.07759,1.07771,1.07755,1.0776,0
2023-03-21 09:59:00+00:00,1.0776,1.07766,1.07736,1.07741,0
2023-03-21 11:00:00+00:00,1.07686,1.0771,1.07681,1.07701,0
2023-03-21 11:01:00+00:00,1.07702,1.07706,1.07695,1.07695,0
2023-03-21 11:02:00+00:00,1.07695,1.07711,1.07686,1.07706,0
2023-03-21 11:03:00+00:00,1.07704,1.07708,1.07695,1.07706,0
2023-03-21 11:04:00+00:00,1.07706,1.07708,1.07681,1.07681,0
2023-03-21 11:05:00+00:00,1.0768,1.07685,1.07674,1.07674,0
2023-03-21 11:06:00+00:00,1.07675,1.07675,1.07658,1.0767,0
2023-03-21 11:07:00+00:00,1.07669,1.0768,1.07663,1.07664,0
2023-03-21 11:08:00+00:00,1.07665,1.07669,1.07656,1.0766,0
2023-03-21 11:09:00+00:00,1.07659,1.0766,1.07639,1.0764,0
2023-03-21 11:10:00+00:00,1.07638,1.07651,1.07629,1.07647,0
2023-03-21 11:11:00+00:00,1.07646,1.07682,1.07645,1.07681,0
2023-03-21 11:12:00+00:00,1.07682,1.07703,1.07678,1.07695,0
2023-03-21 11:13:00+00:00,1.07696,1.077,1.07683,1.07696,0
2023-03-21 11:14:00+00:00,1.07696,1.07698,1.07686,1.07689,0
2023-03-21 11:15:00+00:00,1.0769,1.07694,1.07677,1.07686,0
2023-03-21 11:16:00+00:00,1.07685,1.077,1.07684,1.07694,0
2023-03-21 11:17:00+00:00,1.07695,1.07695,1.07684,1.07692,0
2023-03-21 11:18:00+00:00,1.07692,1.07692,1.0768,1.07681,0
2023-03-21 11:19:00+00:00,1.07681,1.07682,1.07659,1.07663,0
2023-03-21 11:20:00+00:00,1.07662,1.07663,1.0763,1.07631,0
2023-03-21 11:21:00+00:00,1.07631,1.07645,1.07621,1.07642,0
2023-03-21 11:22:00+00:00,1.07642,1.07642,1.07621,1.07624,0
2023-03-21 11:23:00+00:00,1.07624,1.07632,1.07622,1.0763,0
2023-03-21 11:24:00+00:00,1.0763,1.07647,1.07621,1.07647,0
2023-03-21 11:25:00+00:00,1.07647,1.07699,1.07647,1.07695,0
2023-03-21 11:26:00+00:00,1.07697,1.07717,1.07696,1.07711,0
2023-03-21 11:27:00+00:00,1.07713,1.0775,1.07713,1.07748,0
2023-03-21 11:28:00+00:00,1.0775,1.07758,1.07741,1.07758,0
2023-03-21 11:29:00+00:00,1.07757,1.07783,1.07752,1.07774,0
2023-03-21 11:30:00+00:00,1.07775,1.07781,1.07742,1.07742,0
2023-03-21 11:31:00+00:00,1.07742,1.07742,1.0772,1.07733,0
2023-03-21 11:32:00+00:00,1.07732,1.07734,1.07723,1.07731,0
2023-03-21 11:33:00+00:00,1.07731,1.07731,1.07705,1.07711,0
2023-03-21 11:34:00+00:00,1.0771,1.07716,1.07704,1.07705,0
2023-03-21 11:35:00+00:00,1.07708,1.07711,1.07685,1.0769,0
2023-03-21 11:36:00+00:00,1.0769,1.07692,1.07662,1.07662,0
2023-03-21 11:37:00+00:00,1.07663,1.07668,1.07661,1.07662,0
2023-03-21 11:38:00+00:00,1.07662,1.07672,1.07652,1.07658,0
2023-03-21 11:39:00+00:00,1.07659,1.07673,1.07658,1.07659,0
2023-03-21 11:40:00+00:00,1.07661,1.07661,1.07648,1.0765,0
2023-03-21 11:41:00+00:00,1.0765,1.07662,1.0765,1.07656,0
2023-03-21 11:42:00+00:00,1.07657,1.07667,1.07652,1.07667,0
2023-03-21 11:43:00+00:00,1.07667,1.07693,1.07667,1.07691,0
2023-03-21 11:44:00+00:00,1.0769,1.07701,1.07677,1.07699,0
2023-03-21 11:45:00+00:00,1.077,1.07717,1.07699,1.07713,0
2023-03-21 11:46:00+00:00,1.07715,1.07718,1.07699,1.07709,0
2023-03-21 11:47:00+00:00,1.0771,1.07721,1.0771,1.07716,0
2023-03-21 11:48:00+00:00,1.07716,1.07733,1.07685,1.07691,0
2023-03-21 11:49:00+00:00,1.07691,1.07702,1.07675,1.07691,0
2023-03-21 11:50:00+00:00,1.07691,1.07725,1.07682,1.07725,0
2023-03-21 11:51:00+00:00,1.07724,1.07729,1.07715,1.07718,0
2023-03-21 11:52:00+00:00,1.07717,1.07719,1.07701,1.07701,0
2023-03-21 11:53:00+00:00,1.07703,1.07706,1.07673,1.07678,0
2023-03-21 11:54:00+00:00,1.07679,1.07694,1.07673,1.07683,0
2023-03-21 11:55:00+00:00,1.07681,1.07684,1.07665,1.07669,0
2023-03-21 11:56:00+00:00,1.07672,1.07678,1.07664,1.07673,0
2023-03-21 11:57:00+00:00,1.07672,1.07672,1.07664,1.07668,0
2023-03-21 11:58:00+00:00,1.07669,1.07671,1.0766,1.0766,0
2023-03-21 11:59:00+00:00,1.07661,1.07677,1.07661,1.07674,0
2023-03-21 13:00:00+00:00,1.07643,1.07648,1.07638,1.07639,0
2023-03-21 13:01:00+00:00,1.07637,1.07647,1.07628,1.07628,0
2023-03-21 13:02:00+00:00,1.0763,1.07632,1.07627,1.07631,0
2023-03-21 13:03:00+00:00,1.07632,1.07636,1.07624,1.07629,0
2023-03-21 13:04:00+00:00,1.07628,1.07638,1.07625,1.07637,0
2023-03-21 13:05:00+00:00,1.07637,1.0765,1.07637,1.07642,0
2023-03-21 13:06:00+00:00,1.07642,1.07645,1.07632,1.07635,0
2023-03-21 13:07:00+00:00,1.07635,1.07637,1.07631,1.07634,0
2023-03-21 13:08:00+00:00,1.07635,1.07646,1.07635,1.07645,0
2023-03-21 13:09:00+00:00,1.07645,1.07645,1.0764,1.07641,0
2023-03-21 13:10:00+00:00,1.0764,1.07643,1.07635,1.07636,0
2023-03-21 13:11:00+00:00,1.07634,1.07634,1.07622,1.07622,0
2023-03-21 13:12:00+00:00,1.07621,1.07624,1.0761,1.07612,0
2023-03-21 13:13:00+00:00,1.0761,1.07628,1.0761,1.07626,0
2023-03-21 13:14:00+00:00,1.07625,1.07625,1.07616,1.07619,0
2023-03-21 13:15:00+00:00,1.07619,1.07619,1.0761,1.07611,0
2023-03-21 13:16:00+00:00,1.07612,1.07616,1.07606,1.07608,0
2023-03-21 13:17:00+00:00,1.07609,1.0761,1.07601,1.07608,0
2023-03-21 13:18:00+00:00,1.0761,1.07611,1.07593,1.07597,0
2023-03-21 13:19:00+00:00,1.07596,1.076,1.07589,1.0759,0
2023-03-21 13:20:00+00:00,1.07589,1.07592,1.07582,1.07582,0
2023-03-21 13:21:00+00:00,1.07581,1.0759,1.07581,1.0759,0
2023-03-21 13:22:00+00:00,1.07591,1.0761,1.07589,1.07609,0
2023-03-21 13:23:00+00:00,1.07609,1.07609,1.07584,1.07589,0
2023-03-21 13:24:00+00:00,1.07588,1.07589,1.07582,1.07585,0
2023-03-21 13:25:00+00:00,1.07585,1.07585,1.07579,1.07581,0
2023-03-21 13:26:00+00:00,1.0758,1.0758,1.07561,1.07572,0
2023-03-21 13:27:00+00:00,1.07574,1.07579,1.07571,1.07575,0
2023-03-21 13:28:00+00:00,1.07574,1.0761,1.07574,1.07599,0
2023-03-21 13:29:00+00:00,1.07599,1.076,1.07593,1.07596,0
2023-03-21 13:30:00+00:00,1.07599,1.07632,1.07599,1.07627,0
2023-03-21 13:31:00+00:00,1.07627,1.07627,1.0761,1.0761,0
2023-03-21 13:32:00+00:00,1.07611,1.07612,1.07607,1.07609,0
2023-03-21 13:33:00+00:00,1.07608,1.07621,1.07608,1.07617,0
2023-03-21 13:34:00+00:00,1.07617,1.07628,1.07614,1.07626,0
2023-03-21 13:35:00+00:00,1.07624,1.07632,1.07622,1.07622,0
2023-03-21 13:36:00+00:00,1.07622,1.07624,1.07617,1.07622,0
2023-03-21 13:37:00+00:00,1.07621,1.07625,1.0762,1.07625,0
2023-03-21 13:38:00+00:00,1.07624,1.07627,1.07614,1.07619,0
2023-03-21 13:39:00+00:00,1.07622,1.07629,1.07619,1.07626,0
2023-03-21 13:40:00+00:00,1.07625,1.07625,1.07614,1.07614,0
2023-03-21 13:41:00+00:00,1.07614,1.07614,1.07602,1.07605,0
2023-03-21 13:42:00+00:00,1.07605,1.07611,1.07603,1.07603,0
2023-03-21 13:43:00+00:00,1.07603,1.07603,1.07591,1.07593,0
2023-03-21 13:44:00+00:00,1.07592,1.076,1.0759,1.07596,0
2023-03-21 13:45:00+00:00,1.07595,1.07605,1.07591,1.07599,0
2023-03-21 13:46:00+00:00,1.07599,1.07609,1.07599,1.07606,0
2023-03-21 13:47:00+00:00,1.07604,1.07604,1.0759,1.0759,0
2023-03-21 13:48:00+00:00,1.0759,1.07604,1.07588,1.07604,0
2023-03-21 13:49:00+00:00,1.07605,1.07605,1.07596,1.07599,0
2023-03-21 13:50:00+00:00,1.076,1.07611,1.07595,1.07608,0
2023-03-21 13:51:00+00:00,1.07609,1.07621,1.07609,1.07621,0
2023-03-21 13:52:00+00:00,1.07621,1.07621,1.07611,1.07616,0
2023-03-21 13:53:00+00:00,1.07616,1.07623,1.07615,1.07616,0
2023-03-21 13:54:00+00:00,1.07617,1.07629,1.07617,1.07627,0
2023-03-21 13:55:00+00:00,1.07626,1.07629,1.07623,1.07626,0
2023-03-21 13:56:00+00:00,1.07625,1.0764,1.07621,1.07639,0
2023-03-21 13:57:00+00:00,1.07638,1.07646,1.07636,1.07645,0
2023-03-21 13:58:00+00:00,1.07645,1.07663,1.07645,1.07653,0
2023-03-21 13:59:00+00:00,1.07655,1.07667,1.07643,1.07647,0
2023-03-21 15:00:00+00:00,1.07695,1.07703,1.07685,1.077,0
2023-03-21 15:01:00+00:00,1.077,1.07715,1.077,1.07711,0
2023-03-21 15:02:00+00:00,1.07711,1.07719,1.07706,1.07717,0
2023-03-21 15:03:00+00:00,1.07717,1.07717,1.07702,1.07703,0
2023-03-21 15:04:00+00:00,1.07702,1.07703,1.07695,1.07698,0
2023-03-21 15:05:00+00:00,1.07697,1.077,1.07692,1.07697,0
2023-03-21 15:06:00+00:00,1.07698,1.07701,1.07696,1.07696,0
2023-03-21 15:07:00+00:00,1.07695,1.07696,1.07685,1.07686,0
2023-03-21 15:08:00+00:00,1.07687,1.07687,1.0767,1.07672,0
2023-03-21 15:09:00+00:00,1.07673,1.07676,1.07673,1.07676,0
2023-03-21 15:10:00+00:00,1.07675,1.0769,1.07675,1.07688,0
2023-03-21 15:11:00+00:00,1.07688,1.07696,1.07686,1.07689,0
2023-03-21 15:12:00+00:00,1.07688,1.0769,1.07688,1.07688,0
2023-03-21 15:13:00+00:00,1.07686,1.07689,1.07682,1.07688,0
2023-03-21 15:14:00+00:00,1.07689,1.0769,1.07685,1.07686,0
2023-03-21 15:15:00+00:00,1.07685,1.07689,1.07667,1.07674,0
2023-03-21 15:16:00+00:00,1.07675,1.07683,1.07675,1.07679,0
2023-03-21 15:17:00+00:00,1.07678,1.07679,1.07671,1.07671,0
2023-03-21 15:18:00+00:00,1.0767,1.07671,1.07661,1.07665,0
2023-03-21 15:19:00+00:00,1.07666,1.07672,1.07666,1.07669,0
2023-03-21 15:20:00+00:00,1.07668,1.07668,1.07663,1.07663,0
2023-03-21 15:21:00+00:00,1.07663,1.07666,1.07662,1.07666,0
2023-03-21 15:22:00+00:00,1.07665,1.07665,1.07662,1.07664,0
2023-03-21 15:23:00+00:00,1.07664,1.07664,1.07662,1.07662,0
2023-03-21 15:24:00+00:00,1.07662,1.07663,1.07662,1.07663,0
2023-03-21 15:25:00+00:00,1.07663,1.07669,1.07663,1.07666,0
2023-03-21 15:26:00+00:00,1.07665,1.07665,1.07664,1.07665,0
2023-03-21 15:27:00+00:00,1.07665,1.07665,1.07659,1.07659,0
2023-03-21 15:28:00+00:00,1.07659,1.07662,1.07659,1.0766,0
2023-03-21 15:29:00+00:00,1.0766,1.0766,1.07656,1.07657,0
2023-03-21 15:30:00+00:00,1.07657,1.07665,1.07657,1.07665,0
2023-03-21 15:31:00+00:00,1.07666,1.07674,1.07666,1.07672,0
2023-03-21 15:32:00+00:00,1.07672,1.07678,1.07672,1.07678,0
2023-03-21 15:33:00+00:00,1.07679,1.07679,1.07677,1.07678,0
2023-03-21 15:34:00+00:00,1.07678,1.07679,1.07677,1.07677,0
2023-03-21 15:35:00+00:00,1.07677,1.07678,1.07677,1.07678,0
2023-03-21 15:36:00+00:00,1.07678,1.07678,1.07678,1.07678,0
2023-03-21 15:37:00+00:00,1.07678,1.07682,1.07677,1.07682,0
2023-03-21 15:38:00+00:00,1.07682,1.07684,1.07673,1.07681,0
2023-03-21 15:39:00+00:00,1.0768,1.07682,1.07679,1.07679,0
2023-03-21 15:40:00+00:00,1.0768,1.07681,1.07679,1.07681,0
2023-03-21 15:41:00+00:00,1.07681,1.07688,1.0768,1.07688,0
2023-03-21 15:42:00+00:00,1.07687,1.07688,1.07687,1.07688,0
2023-03-21 15:43:00+00:00,1.07686,1.07692,1.07686,1.07692,0
2023-03-21 15:44:00+00:00,1.07692,1.07692,1.07688,1.07689,0
2023-03-21 15:45:00+00:00,1.07686,1.07696,1.07686,1.07696,0
2023-03-21 15:46:00+00:00,1.07696,1.07697,1.07687,1.07687,0
2023-03-21 15:47:00+00:00,1.07686,1.07687,1.07683,1.07687,0
2023-03-21 15:48:00+00:00,1.07688,1.07688,1.07686,1.07687,0
2023-03-21 15:49:00+00:00,1.07687,1.07687,1.07679,1.07682,0
2023-03-21 15:50:00+00:00,1.07682,1.07692,1.07682,1.07691,0
2023-03-21 15:51:00+00:00,1.07689,1.07693,1.07687,1.07692,0
2023-03-21 15:52:00+00:00,1.07691,1.07691,1.07688,1.07688,0
2023-03-21 15:53:00+00:00,1.07689,1.07689,1.07686,1.07689,0
2023-03-21 15:54:00+00:00,1.07688,1.07693,1.07685,1.07693,0
2023-03-21 15:55:00+00:00,1.07693,1.07697,1.0769,1.07697,0
2023-03-21 15:56:00+00:00,1.07697,1.07697,1.07689,1.07692,0
2023-03-21 15:57:00+00:00,1.07691,1.07695,1.07691,1.07691,0
2023-03-21 15:58:00+00:00,1.07691,1.07694,1.07689,1.07694,0
2023-03-21 15:59:00+00:00,1.07695,1.07696,1.0766,1.0767,0
2023-03-21 17:00:00+00:00,1.07674,1.07693,1.07673,1.07684,0
2023-03-21 17:01:00+00:00,1.0768,1.07694,1.0768,1.07691,0
2023-03-21 17:02:00+00:00,1.07691,1.07694,1.07691,1.07692,0
2023-03-21 17:03:00+00:00,1.07692,1.07696,1.07692,1.07694,0
2023-03-21 17:04:00+00:00,1.07694,1.07694,1.07689,1.0769,0
2023-03-21 17:05:00+00:00,1.07689,1.0769,1.07689,1.0769,0
2023-03-21 17:06:00+00:00,1.0769,1.07692,1.0769,1.07691,0
2023-03-21 17:07:00+00:00,1.07689,1.07691,1.07684,1.07684,0
2023-03-21 17:08:00+00:00,1.07687,1.07687,1.07681,1.07686,0
2023-03-21 17:09:00+00:00,1.07686,1.07688,1.07684,1.07685,0
2023-03-21 17:10:00+00:00,1.07685,1.07685,1.07679,1.07682,0
2023-03-21 17:11:00+00:00,1.07681,1.07687,1.07679,1.07681,0
2023-03-21 17:12:00+00:00,1.07682,1.07687,1.07682,1.07682,0
2023-03-21 17:13:00+00:00,1.07683,1.07683,1.0768,1.07681,0
2023-03-21 17:14:00+00:00,1.0768,1.07683,1.07677,1.0768,0
2023-03-21 17:15:00+00:00,1.07682,1.07688,1.0768,1.07685,0
2023-03-21 17:16:00+00:00,1.07685,1.07685,1.07677,1.07679,0
2023-03-21 17:17:00+00:00,1.07678,1.07685,1.07674,1.07676,0
2023-03-21 17:18:00+00:00,1.07677,1.07681,1.07675,1.07677,0
2023-03-21 17:19:00+00:00,1.07676,1.07682,1.07674,1.07678,0
2023-03-21 17:20:00+00:00,1.07677,1.0769,1.07675,1.07689,0
2023-03-21 17:21:00+00:00,1.0769,1.07692,1.07678,1.07679,0
2023-03-21 17:22:00+00:00,1.07678,1.07693,1.07678,1.07689,0
2023-03-21 17:23:00+00:00,1.07691,1.07693,1.07689,1.07692,0
2023-03-21 17:24:00+00:00,1.07692,1.07695,1.07691,1.07692,0
2023-03-21 17:25:00+00:00,1.07693,1.07695,1.07693,1.07693,0
2023-03-21 17:26:00+00:00,1.07694,1.07694,1.0768,1.07681,0
2023-03-21 17:27:00+00:00,1.07681,1.07683,1.0768,1.0768,0
2023-03-21 17:28:00+00:00,1.07681,1.07682,1.0768,1.07681,0
2023-03-21 17:29:00+00:00,1.0768,1.07684,1.0768,1.07684,0
2023-03-21 17:30:00+00:00,1.07685,1.07688,1.07684,1.07684,0
2023-03-21 17:31:00+00:00,1.07685,1.07691,1.07685,1.07689,0
2023-03-21 17:32:00+00:00,1.07688,1.07688,1.07688,1.07688,0
2023-03-21 17:33:00+00:00,1.07689,1.07695,1.07689,1.07691,0
2023-03-21 17:34:00+00:00,1.07692,1.07693,1.07692,1.07693,0
2023-03-21 17:35:00+00:00,1.07692,1.07694,1.07692,1.07694,0
2023-03-21 17:36:00+00:00,1.07693,1.07694,1.07693,1.07693,0
2023-03-21 17:37:00+00:00,1.07694,1.07695,1.07694,1.07695,0
2023-03-21 17:38:00+00:00,1.07696,1.07696,1.0769,1.0769,0
2023-03-21 17:39:00+00:00,1.0769,1.0769,1.07689,1.07689,0
2023-03-21 17:40:00+00:00,1.07688,1.07692,1.07688,1.07691,0
2023-03-21 17:41:00+00:00,1.07691,1.07691,1.07689,1.07689,0
2023-03-21 17:42:00+00:00,1.0769,1.0769,1.07689,1.0769,0
2023-03-21 17:43:00+00:00,1.0769,1.07692,1.07686,1.07692,0
2023-03-21 17:44:00+00:00,1.07691,1.07691,1.07689,1.0769,0
2023-03-21 17:45:00+00:00,1.0769,1.07691,1.0769,1.07691,0
2023-03-21 17:46:00+00:00,1.0769,1.0769,1.07687,1.07687,0
2023-03-21 17:47:00+00:00,1.07689,1.07695,1.07685,1.07695,0
2023-03-21 17:48:00+00:00,1.07695,1.07695,1.07692,1.07692,0
2023-03-21 17:49:00+00:00,1.07691,1.07695,1.07691,1.07695,0
2023-03-21 17:50:00+00:00,1.07695,1.07696,1.07695,1.07696,0
2023-03-21 17:51:00+00:00,1.07696,1.07699,1.07693,1.07693,0
2023-03-21 17:52:00+00:00,1.07692,1.07693,1.07692,1.07693,0
2023-03-21 17:53:00+00:00,1.07693,1.07693,1.07693,1.07693,0
2023-03-21 17:54:00+00:00,1.07693,1.07699,1.07693,1.07695,0
2023-03-21 17:55:00+00:00,1.07695,1.07699,1.07695,1.07696,0
2023-03-21 17:56:00+00:00,1.07696,1.07697,1.07695,1.07695,0
2023-03-21 17:57:00+00:00,1.07696,1.07699,1.07696,1.07696,0
2023-03-21 17:58:00+00:00,1.07695,1.07699,1.07693,1.07697,0
2023-03-21 17:59:00+00:00,1.07698,1.07698,1.07697,1.07697,0
2023-03-21 19:00:00+00:00,1.07725,1.07732,1.07724,1.07728,0
2023-03-21 19:01:00+00:00,1.07729,1.0774,1.07727,1.07727,0
2023-03-21 19:02:00+00:00,1.07727,1.07746,1.07723,1.07746,0
2023-03-21 19:03:00+00:00,1.07746,1.07752,1.07743,1.07748,0
2023-03-21 19:04:00+00:00,1.07749,1.07749,1.07738,1.0774,0
2023-03-21 19:05:00+00:00,1.07739,1.07759,1.07738,1.07757,0
2023-03-21 19:06:00+00:00,1.07756,1.07756,1.07709,1.07709,0
2023-03-21 19:07:00+00:00,1.0771,1.0771,1.07692,1.07692,0
2023-03-21 19:08:00+00:00,1.07692,1.07705,1.07692,1.07701,0
2023-03-21 19:09:00+00:00,1.07701,1.07705,1.07698,1.07701,0
2023-03-21 19:10:00+00:00,1.077,1.077,1.07691,1.07698,0
2023-03-21 19:11:00+00:00,1.07697,1.07697,1.07685,1.07688,0
2023-03-21 19:12:00+00:00,1.07689,1.07703,1.07688,1.07703,0
2023-03-21 19:13:00+00:00,1.07704,1.07712,1.07702,1.07708,0
2023-03-21 19:14:00+00:00,1.07707,1.0771,1.07701,1.07707,0
2023-03-21 19:15:00+00:00,1.07708,1.07712,1.07703,1.07709,0
2023-03-21 19:16:00+00:00,1.07708,1.0771,1.07704,1.07705,0
2023-03-21 19:17:00+00:00,1.07704,1.07714,1.07704,1.07711,0
2023-03-21 19:18:00+00:00,1.07712,1.07715,1.07707,1.07708,0
2023-03-21 19:19:00+00:00,1.07708,1.07708,1.07695,1.07699,0
2023-03-21 19:20:00+00:00,1.077,1.07703,1.07695,1.07695,0
2023-03-21 19:21:00+00:00,1.07694,1.07694,1.07684,1.07685,0
2023-03-21 19:22:00+00:00,1.07686,1.07694,1.07681,1.07682,0
2023-03-21 19:23:00+00:00,1.07682,1.07683,1.07675,1.07677,0
2023-03-21 19:24:00+00:00,1.0768,1.07695,1.0768,1.07688,0
2023-03-21 19:25:00+00:00,1.07689,1.07696,1.07689,1.07694,0
2023-03-21 19:26:00+00:00,1.07695,1.07702,1.07694,1.077,0
2023-03-21 19:27:00+00:00,1.07698,1.07699,1.07692,1.07695,0
2023-03-21 19:28:00+00:00,1.07695,1.07699,1.07693,1.07699,0
2023-03-21 19:29:00+00:00,1.07698,1.07702,1.07692,1.07692,0
2023-03-21 19:30:00+00:00,1.07693,1.07695,1.07678,1.07687,0
2023-03-21 19:31:00+00:00,1.07687,1.07687,1.07682,1.07685,0
2023-03-21 19:32:00+00:00,1.07684,1.07685,1.07683,1.07684,0
2023-03-21 19:33:00+00:00,1.07684,1.07687,1.07681,1.07685,0
2023-03-21 19:34:00+00:00,1.07685,1.07686,1.07682,1.07682,0
2023-03-21 19:35:00+00:00,1.07683,1.07685,1.07683,1.07684,0
2023-03-21 19:36:00+00:00,1.07683,1.07683,1.07667,1.07669,0
2023-03-21 19:37:00+00:00,1.0767,1.0767,1.07658,1.0767,0
2023-03-21 19:38:00+00:00,1.07668,1.07669,1.07665,1.07665,0
2023-03-21 19:39:00+00:00,1.07665,1.0767,1.07661,1.07669,0
2023-03-21 19:40:00+00:00,1.0767,1.07672,1.07663,1.07671,0
2023-03-21 19:41:00+00:00,1.0767,1.0767,1.07667,1.07668,0
2023-03-21 19:42:00+00:00,1.07667,1.07674,1.07667,1.07674,0
2023-03-21 19:43:00+00:00,1.07673,1.07682,1.07673,1.07682,0
2023-03-21 19:44:00+00:00,1.07681,1.07686,1.0768,1.07686,0
2023-03-21 19:45:00+00:00,1.07686,1.07686,1.07679,1.07685,0
2023-03-21 19:46:00+00:00,1.07685,1.07691,1.07684,1.07691,0
2023-03-21 19:47:00+00:00,1.0769,1.07693,1.0769,1.07691,0
2023-03-21 19:48:00+00:00,1.07691,1.07698,1.0769,1.07698,0
2023-03-21 19:49:00+00:00,1.07699,1.07701,1.07689,1.07695,0
2023-03-21 19:50:00+00:00,1.07694,1.07696,1.0769,1.07696,0
2023-03-21 19:51:00+00:00,1.07697,1.07701,1.07694,1.07694,0
2023-03-21 19:52:00+00:00,1.07695,1.07699,1.07689,1.07691,0
2023-03-21 19:53:00+00:00,1.07692,1.07702,1.07692,1.07701,0
2023-03-21 19:54:00+00:00,1.07702,1.07717,1.07701,1.07711,0
2023-03-21 19:55:00+00:00,1.07709,1.0773,1.07709,1.07729,0
2023-03-21 19:56:00+00:00,1.07729,1.07729,1.07699,1.07704,0
2023-03-21 19:57:00+00:00,1.07705,1.07705,1.07695,1.07699,0
2023-03-21 19:58:00+00:00,1.07697,1.07699,1.07693,1.07698,0
2023-03-21 19:59:00+00:00,1.07696,1.07697,1.07678,1.07678,0
2023-03-21 20:00:00+00:00,1.07679,1.07694,1.07673,1.07692,0
2023-03-21 20:01:00+00:00,1.07691,1.07708,1.07689,1.07702,0
2023-03-21 20:02:00+00:00,1.077,1.07708,1.07696,1.07696,0
2023-03-21 20:03:00+00:00,1.07697,1.07698,1.07691,1.07694,0
2023-03-21 20:04:00+00:00,1.07695,1.07701,1.07686,1.07689,0
2023-03-21 20:05:00+00:00,1.07689,1.07695,1.07689,1.07689,0
2023-03-21 20:06:00+00:00,1.07689,1.0769,1.07684,1.07686,0
2023-03-21 20:07:00+00:00,1.07686,1.07688,1.07668,1.07668,0
2023-03-21 20:08:00+00:00,1.07668,1.07675,1.07668,1.0767,0
2023-03-21 20:09:00+00:00,1.0767,1.07691,1.0767,1.07687,0
2023-03-21 20:10:00+00:00,1.07687,1.07701,1.07687,1.07694,0
2023-03-21 20:11:00+00:00,1.07695,1.07704,1.07695,1.07696,0
2023-03-21 20:12:00+00:00,1.07697,1.07705,1.07693,1.07701,0
2023-03-21 20:13:00+00:00,1.077,1.07705,1.07695,1.07699,0
2023-03-21 20:14:00+00:00,1.077,1.077,1.07686,1.0769,0
2023-03-21 20:15:00+00:00,1.07689,1.07695,1.07685,1.07691,0
2023-03-21 20:16:00+00:00,1.0769,1.0769,1.07674,1.07685,0
2023-03-21 20:17:00+00:00,1.07684,1.07685,1.07677,1.07679,0
2023-03-21 20:18:00+00:00,1.0768,1.0768,1.07674,1.07678,0
2023-03-21 20:19:00+00:00,1.07678,1.0769,1.07678,1.07682,0
2023-03-21 20:20:00+00:00,1.07682,1.07682,1.07675,1.07679,0
2023-03-21 20:21:00+00:00,1.07679,1.07689,1.07677,1.07679,0
2023-03-21 20:22:00+00:00,1.07677,1.07695,1.07675,1.07694,0
2023-03-21 20:23:00+00:00,1.07696,1.07696,1.07687,1.07688,0
2023-03-21 20:24:00+00:00,1.07688,1.07694,1.07687,1.07694,0
2023-03-21 20:25:00+00:00,1.07694,1.07714,1.07694,1.07714,0
2023-03-21 20:26:00+00:00,1.07715,1.07716,1.07697,1.07699,0
2023-03-21 20:27:00+00:00,1.077,1.07702,1.07696,1.07702,0
2023-03-21 20:28:00+00:00,1.07702,1.07702,1.07691,1.07691,0
2023-03-21 20:29:00+00:00,1.0769,1.07692,1.07677,1.07677,0
2023-03-21 20:30:00+00:00,1.07678,1.07699,1.07678,1.0769,0
2023-03-21 20:31:00+00:00,1.07689,1.07705,1.07688,1.07702,0
2023-03-21 20:32:00+00:00,1.07701,1.07709,1.07693,1.07693,0
2023-03-21 20:33:00+00:00,1.07694,1.07697,1.07681,1.07681,0
2023-03-21 20:34:00+00:00,1.07681,1.07681,1.07673,1.07676,0
2023-03-21 20:35:00+00:00,1.07677,1.07681,1.0767,1.0768,0
2023-03-21 20:36:00+00:00,1.07679,1.07689,1.07675,1.07684,0
2023-03-21 20:37:00+00:00,1.07685,1.07698,1.07678,1.07696,0
2023-03-21 20:38:00+00:00,1.07696,1.07706,1.07691,1.07706,0
2023-03-21 20:39:00+00:00,1.07705,1.0772,1.07701,1.0772,0
2023-03-21 20:40:00+00:00,1.0772,1.0773,1.07715,1.07727,0
2023-03-21 20:41:00+00:00,1.07727,1.07745,1.07724,1.07745,0
2023-03-21 20:42:00+00:00,1.07745,1.07767,1.07745,1.07766,0
2023-03-21 20:43:00+00:00,1.07764,1.07764,1.0774,1.0774,0
2023-03-21 20:44:00+00:00,1.07742,1.07751,1.0774,1.07742,0
2023-03-21 20:45:00+00:00,1.07741,1.07748,1.0774,1.07748,0
2023-03-21 20:46:00+00:00,1.07749,1.07749,1.07731,1.07737,0
2023-03-21 20:47:00+00:00,1.07736,1.07736,1.0773,1.0773,0
2023-03-21 20:48:00+00:00,1.07727,1.07727,1.07719,1.0772,0
2023-03-21 20:49:00+00:00,1.07719,1.07724,1.07716,1.07716,0
2023-03-21 20:50:00+00:00,1.07717,1.07721,1.07711,1.07719,0
2023-03-21 20:51:00+00:00,1.0772,1.07731,1.07719,1.07729,0
2023-03-21 20:52:00+00:00,1.07729,1.07735,1.07723,1.07735,0
2023-03-21 20:53:00+00:00,1.07736,1.07743,1.0773,1.0773,0
2023-03-21 20:54:00+00:00,1.07731,1.07732,1.07724,1.07726,0
2023-03-21 20:55:00+00:00,1.07727,1.07731,1.0772,1.0772,0
2023-03-21 20:56:00+00:00,1.07719,1.07719,1.0771,1.0771,0
2023-03-21 20:57:00+00:00,1.07709,1.07716,1.07706,1.07714,0
2023-03-21 20:58:00+00:00,1.07717,1.07726,1.07717,1.07721,0
2023-03-21 20:59:00+00:00,1.0772,1.07727,1.0772,1.07725,0
2023-03-21 21:00:00+00:00,1.07724,1.07728,1.07714,1.07714,0
2023-03-21 21:01:00+00:00,1.07715,1.07726,1.07715,1.07722,0
2023-03-21 21:02:00+00:00,1.07722,1.07732,1.07722,1.07729,0
2023-03-21 21:03:00+00:00,1.0773,1.07738,1.07729,1.07738,0
2023-03-21 21:04:00+00:00,1.07738,1.07747,1.07738,1.07747,0
2023-03-21 21:05:00+00:00,1.07747,1.07752,1.07727,1.0773,0
2023-03-21 21:06:00+00:00,1.07729,1.07732,1.07723,1.07724,0
2023-03-21 21:07:00+00:00,1.07724,1.07726,1.07721,1.07721,0
2023-03-21 21:08:00+00:00,1.0772,1.07723,1.07714,1.07717,0
2023-03-21 21:09:00+00:00,1.07716,1.07718,1.07702,1.07703,0
2023-03-21 21:10:00+00:00,1.07702,1.07702,1.07686,1.07698,0
2023-03-21 21:11:00+00:00,1.07698,1.07707,1.07695,1.07705,0
2023-03-21 21:12:00+00:00,1.07706,1.07721,1.07704,1.0772,0
2023-03-21 21:13:00+00:00,1.07722,1.07729,1.07722,1.07722,0
2023-03-21 21:14:00+00:00,1.07722,1.07729,1.07722,1.07728,0
2023-03-21 21:15:00+00:00,1.07728,1.07731,1.07726,1.07727,0
2023-03-21 21:16:00+00:00,1.07728,1.07733,1.07725,1.07728,0
2023-03-21 21:17:00+00:00,1.07728,1.07729,1.07725,1.07725,0
2023-03-21 21:18:00+00:00,1.07725,1.07725,1.07714,1.07715,0
2023-03-21 21:19:00+00:00,1.07715,1.07722,1.07714,1.07718,0
2023-03-21 21:20:00+00:00,1.07721,1.07725,1.07716,1.07716,0
2023-03-21 21:21:00+00:00,1.07715,1.07724,1.07704,1.07713,0
2023-03-21 21:22:00+00:00,1.07711,1.07715,1.07703,1.07704,0
2023-03-21 21:23:00+00:00,1.07704,1.07707,1.07703,1.07706,0
2023-03-21 21:24:00+00:00,1.07704,1.07712,1.07702,1.07707,0
2023-03-21 21:25:00+00:00,1.07707,1.07729,1.07705,1.07727,0
2023-03-21 21:26:00+00:00,1.07728,1.07733,1.07725,1.07733,0
2023-03-21 21:27:00+00:00,1.07733,1.07734,1.07721,1.07725,0
2023-03-21 21:28:00+00:00,1.0773,1.07744,1.07719,1.07719,0
2023-03-21 21:29:00+00:00,1.07718,1.07735,1.07715,1.07735,0
2023-03-21 21:30:00+00:00,1.07735,1.07743,1.07725,1.07733,0
2023-03-21 21:31:00+00:00,1.07731,1.07731,1.07711,1.07717,0
2023-03-21 21:32:00+00:00,1.07716,1.07719,1.07704,1.07704,0
2023-03-21 21:33:00+00:00,1.07703,1.07713,1.07699,1.07713,0
2023-03-21 21:34:00+00:00,1.07713,1.0772,1.07712,1.0772,0
2023-03-21 21:35:00+00:00,1.0772,1.0772,1.07704,1.07704,0
2023-03-21 21:36:00+00:00,1.07705,1.07709,1.07695,1.07698,0
2023-03-21 21:37:00+00:00,1.07697,1.07706,1.07693,1.07693,0
2023-03-21 21:38:00+00:00,1.07694,1.07701,1.07689,1.07698,0
2023-03-21 21:39:00+00:00,1.07698,1.07704,1.0769,1.07701,0
2023-03-21 21:40:00+00:00,1.07702,1.07703,1.07694,1.07694,0
2023-03-21 21:41:00+00:00,1.07696,1.07696,1.07688,1.07689,0
2023-03-21 21:42:00+00:00,1.07691,1.07704,1.07689,1.07702,0
2023-03-21 21:43:00+00:00,1.07702,1.07709,1.07699,1.07699,0
2023-03-21 21:44:00+00:00,1.077,1.07706,1.07691,1.07706,0
2023-03-21 21:45:00+00:00,1.07707,1.07716,1.07686,1.07686,0
2023-03-21 21:46:00+00:00,1.07685,1.07689,1.0767,1.0767,0
2023-03-21 21:47:00+00:00,1.07672,1.07681,1.07672,1.07674,0
2023-03-21 21:48:00+00:00,1.07674,1.07675,1.07671,1.07672,0
2023-03-21 21:49:00+00:00,1.07672,1.07672,1.07661,1.07665,0
2023-03-21 21:50:00+00:00,1.07667,1.07667,1.07652,1.07655,0
2023-03-21 21:51:00+00:00,1.07656,1.07662,1.07655,1.07655,0
2023-03-21 21:52:00+00:00,1.07655,1.07657,1.07653,1.07657,0
2023-03-21 21:53:00+00:00,1.07657,1.07671,1.07654,1.0767,0
2023-03-21 21:54:00+00:00,1.07669,1.07677,1.07668,1.07676,0
2023-03-21 21:55:00+00:00,1.07677,1.07677,1.07666,1.07671,0
2023-03-21 21:56:00+00:00,1.0767,1.0767,1.07665,1.07667,0
2023-03-21 21:57:00+00:00,1.07669,1.07682,1.07669,1.0768,0
2023-03-21 21:58:00+00:00,1.07681,1.07684,1.0768,1.07684,0
2023-03-21 21:59:00+00:00,1.07683,1.07694,1.07681,1.07691,0
2023-03-21 22:00:00+00:00,1.07691,1.07691,1.0768,1.07681,0
2023-03-21 22:01:00+00:00,1.0768,1.07682,1.07675,1.07678,0
2023-03-21 22:02:00+00:00,1.07679,1.07679,1.07666,1.07669,0
2023-03-21 22:03:00+00:00,1.0767,1.07672,1.07662,1.07662,0
2023-03-21 22:04:00+00:00,1.0766,1.07666,1.07659,1.07666,0
2023-03-21 22:05:00+00:00,1.07667,1.07673,1.07666,1.07666,0
2023-03-21 22:06:00+00:00,1.07666,1.07672,1.07664,1.07672,0
2023-03-21 22:07:00+00:00,1.07672,1.07679,1.07668,1.07678,0
2023-03-21 22:08:00+00:00,1.07679,1.07681,1.07675,1.07678,0
2023-03-21 22:09:00+00:00,1.07679,1.07682,1.07677,1.07681,0
2023-03-21 22:10:00+00:00,1.07681,1.07688,1.0768,1.07687,0
2023-03-21 22:11:00+00:00,1.07688,1.07691,1.07679,1.07681,0
2023-03-21 22:12:00+00:00,1.07681,1.07687,1.07674,1.07675,0
2023-03-21 22:13:00+00:00,1.07675,1.07677,1.07673,1.07677,0
2023-03-21 22:14:00+00:00,1.07676,1.07678,1.07676,1.07677,0
2023-03-21 22:15:00+00:00,1.07678,1.07689,1.07677,1.07687,0
2023-03-21 22:16:00+00:00,1.07687,1.07698,1.07687,1.07698,0
2023-03-21 22:17:00+00:00,1.077,1.07701,1.07693,1.07693,0
2023-03-21 22:18:00+00:00,1.07693,1.07693,1.07688,1.07689,0
2023-03-21 22:19:00+00:00,1.07688,1.07698,1.07688,1.0769,0
2023-03-21 22:20:00+00:00,1.07692,1.07696,1.07689,1.07695,0
2023-03-21 22:21:00+00:00,1.07696,1.07711,1.07694,1.07697,0
2023-03-21 22:22:00+00:00,1.07699,1.07699,1.07691,1.07692,0
2023-03-21 22:23:00+00:00,1.07692,1.07699,1.07691,1.07695,0
2023-03-21 22:24:00+00:00,1.07697,1.07699,1.07696,1.07699,0
2023-03-21 22:25:00+00:00,1.07698,1.07698,1.07694,1.07694,0
2023-03-21 22:26:00+00:00,1.07696,1.07704,1.07696,1.07701,0
2023-03-21 22:27:00+00:00,1.077,1.07704,1.07696,1.07704,0
2023-03-21 22:28:00+00:00,1.07705,1.07708,1.07702,1.07703,0
2023-03-21 22:29:00+00:00,1.07704,1.07707,1.07698,1.077,0
2023-03-21 22:30:00+00:00,1.077,1.07707,1.077,1.07703,0
2023-03-21 22:31:00+00:00,1.07704,1.07713,1.07703,1.07703,0
2023-03-21 22:32:00+00:00,1.07703,1.07703,1.07692,1.07693,0
2023-03-21 22:33:00+00:00,1.07694,1.07696,1.07691,1.07693,0
2023-03-21 22:34:00+00:00,1.07693,1.07699,1.07693,1.07695,0
2023-03-21 22:35:00+00:00,1.07695,1.07697,1.07692,1.07692,0
2023-03-21 22:36:00+00:00,1.07692,1.07692,1.07683,1.07683,0
2023-03-21 22:37:00+00:00,1.07683,1.07687,1.07682,1.07685,0
2023-03-21 22:38:00+00:00,1.07685,1.07687,1.07682,1.07686,0
2023-03-21 22:39:00+00:00,1.07685,1.077,1.07685,1.077,0
2023-03-21 22:40:00+00:00,1.077,1.07707,1.077,1.07707,0
2023-03-21 22:41:00+00:00,1.07708,1.07711,1.07704,1.0771,0
2023-03-21 22:42:00+00:00,1.07711,1.0772,1.07711,1.07714,0
2023-03-21 22:43:00+00:00,1.07711,1.07711,1.077,1.077,0
2023-03-21 22:44:00+00:00,1.07701,1.07704,1.07698,1.07699,0
2023-03-21 22:45:00+00:00,1.077,1.07705,1.07699,1.07702,0
2023-03-21 22:46:00+00:00,1.07701,1.07705,1.07699,1.07702,0
2023-03-21 22:47:00+00:00,1.07703,1.07722,1.077,1.0772,0
2023-03-21 22:48:00+00:00,1.0772,1.0772,1.07717,1.07717,0
2023-03-21 22:49:00+00:00,1.07719,1.07722,1.07716,1.0772,0
2023-03-21 22:50:00+00:00,1.07719,1.07721,1.07716,1.07718,0
2023-03-21 22:51:00+00:00,1.07718,1.0772,1.07714,1.07714,0
2023-03-21 22:52:00+00:00,1.07716,1.07718,1.07713,1.07713,0
2023-03-21 22:53:00+00:00,1.07712,1.07713,1.07706,1.07713,0
2023-03-21 22:54:00+00:00,1.07712,1.07717,1.07712,1.07712,0
2023-03-21 22:55:00+00:00,1.07713,1.07717,1.07709,1.07711,0
2023-03-21 22:56:00+00:00,1.07711,1.07713,1.07709,1.07711,0
2023-03-21 22:57:00+00:00,1.0771,1.07711,1.07704,1.07704,0
2023-03-21 22:58:00+00:00,1.07704,1.07705,1.07697,1.07697,0
2023-03-21 22:59:00+00:00,1.07695,1.077,1.07692,1.07698,0
2023-03-21 23:00:00+00:00,1.07698,1.07699,1.07693,1.07694,0
2023-03-21 23:01:00+00:00,1.07694,1.07694,1.07682,1.07688,0
2023-03-21 23:02:00+00:00,1.07689,1.07689,1.07682,1.07684,0
2023-03-21 23:03:00+00:00,1.07683,1.07684,1.07679,1.07679,0
2023-03-21 23:04:00+00:00,1.0768,1.07682,1.07679,1.07681,0
2023-03-21 23:05:00+00:00,1.07681,1.07683,1.07679,1.07681,0
2023-03-21 23:06:00+00:00,1.07682,1.07685,1.07681,1.07684,0
2023-03-21 23:07:00+00:00,1.07684,1.07688,1.07679,1.07681,0
2023-03-21 23:08:00+00:00,1.07681,1.07682,1.0768,1.07682,0
2023-03-21 23:09:00+00:00,1.07683,1.0769,1.07682,1.07684,0
2023-03-21 23:10:00+00:00,1.07686,1.0769,1.07685,1.0769,0
2023-03-21 23:11:00+00:00,1.07688,1.0769,1.07683,1.07688,0
2023-03-21 23:12:00+00:00,1.07688,1.07693,1.07685,1.07693,0
2023-03-21 23:13:00+00:00,1.07695,1.07697,1.07695,1.07697,0
2023-03-21 23:14:00+00:00,1.07697,1.07699,1.07696,1.07699,0
2023-03-21 23:15:00+00:00,1.07699,1.07699,1.07695,1.07697,0
2023-03-21 23:16:00+00:00,1.07698,1.07698,1.07694,1.07694,0
2023-03-21 23:17:00+00:00,1.07695,1.07695,1.07689,1.07694,0
2023-03-21 23:18:00+00:00,1.07694,1.07701,1.07694,1.07701,0
2023-03-21 23:19:00+00:00,1.07701,1.07708,1.07699,1.07708,0
2023-03-21 23:20:00+00:00,1.07708,1.07717,1.07708,1.07711,0
2023-03-21 23:21:00+00:00,1.0771,1.07712,1.077,1.07702,0
2023-03-21 23:22:00+00:00,1.07702,1.07704,1.07695,1.07695,0
2023-03-21 23:23:00+00:00,1.07695,1.07696,1.07689,1.07689,0
2023-03-21 23:24:00+00:00,1.07689,1.07691,1.07688,1.07688,0
2023-03-21 23:25:00+00:00,1.07687,1.07688,1.07686,1.07687,0
2023-03-21 23:26:00+00:00,1.07685,1.07687,1.07683,1.07687,0
2023-03-21 23:27:00+00:00,1.07687,1.07689,1.07686,1.07689,0
2023-03-21 23:28:00+00:00,1.0769,1.07704,1.0769,1.07697,0
2023-03-21 23:29:00+00:00,1.07695,1.07695,1.07689,1.07689,0
2023-03-21 23:30:00+00:00,1.07691,1.07693,1.0769,1.07693,0
2023-03-21 23:31:00+00:00,1.07693,1.07693,1.07683,1.07687,0
2023-03-21 23:32:00+00:00,1.07685,1.07688,1.07681,1.07685,0
2023-03-21 23:33:00+00:00,1.07687,1.07693,1.07686,1.0769,0
2023-03-21 23:34:00+00:00,1.07691,1.07695,1.07689,1.07695,0
2023-03-21 23:35:00+00:00,1.07694,1.07694,1.07683,1.07687,0
2023-03-21 23:36:00+00:00,1.07686,1.07688,1.07683,1.07686,0
2023-03-21 23:37:00+00:00,1.07686,1.07689,1.07684,1.07688,0
2023-03-21 23:38:00+00:00,1.07688,1.0769,1.07688,1.0769,0
2023-03-21 23:39:00+00:00,1.0769,1.0769,1.07688,1.07689,0
2023-03-21 23:40:00+00:00,1.07689,1.07699,1.07689,1.07698,0
2023-03-21 23:41:00+00:00,1.07698,1.07702,1.07698,1.07702,0
2023-03-21 23:42:00+00:00,1.07702,1.07703,1.07699,1.07701,0
2023-03-21 23:43:00+00:00,1.07701,1.07703,1.07693,1.07693,0
2023-03-21 23:44:00+00:00,1.07692,1.07694,1.07691,1.07694,0
2023-03-21 23:45:00+00:00,1.07693,1.07697,1.07692,1.07697,0
2023-03-21 23:46:00+00:00,1.07697,1.077,1.07692,1.077,0
2023-03-21 23:47:00+00:00,1.07699,1.07699,1.07692,1.07692,0
2023-03-21 23:48:00+00:00,1.07691,1.07692,1.0769,1.07691,0
2023-03-21 23:49:00+00:00,1.07692,1.07692,1.0769,1.07692,0
2023-03-21 23:50:00+00:00,1.07692,1.07692,1.0769,1.0769,0
2023-03-21 23:51:00+00:00,1.0769,1.077,1.0769,1.07695,0
2023-03-21 23:52:00+00:00,1.07697,1.077,1.07696,1.07697,0
2023-03-21 23:53:00+00:00,1.07697,1.07701,1.07697,1.07701,0
2023-03-21 23:54:00+00:00,1.07701,1.07701,1.07697,1.07697,0
2023-03-21 23:55:00+00:00,1.07698,1.07703,1.07697,1.07699,0
2023-03-21 23:56:00+00:00,1.077,1.07702,1.07697,1.07698,0
2023-03-21 23:57:00+00:00,1.07697,1.07702,1.07697,1.07698,0
2023-03-21 23:58:00+00:00,1.07698,1.07698,1.07684,1.07686,0
2023-03-21 23:59:00+00:00,1.07687,1.07689,1.07686,1.07686,0
2023-03-22 00:00:00+00:00,1.07688,1.07698,1.07688,1.07691,0
2023-03-22 00:01:00+00:00,1.0769,1.07692,1.07687,1.0769,0
2023-03-22 00:02:00+00:00,1.07692,1.07692,1.0769,1.07691,0
2023-03-22 00:03:00+00:00,1.07692,1.07692,1.0769,1.07692,0
2023-03-22 00:04:00+00:00,1.07692,1.07696,1.07688,1.07688,0
2023-03-22 00:05:00+00:00,1.07688,1.07692,1.07686,1.07691,0
2023-03-22 00:06:00+00:00,1.07691,1.07696,1.07691,1.07692,0
2023-03-22 00:07:00+00:00,1.07691,1.07693,1.07688,1.0769,0
2023-03-22 00:08:00+00:00,1.07689,1.0769,1.07686,1.07687,0
2023-03-22 00:09:00+00:00,1.07687,1.07693,1.07687,1.07688,0
2023-03-22 00:10:00+00:00,1.07688,1.07688,1.07682,1.07682,0
2023-03-22 00:11:00+00:00,1.07681,1.07683,1.07681,1.07683,0
2023-03-22 00:12:00+00:00,1.07682,1.07688,1.07682,1.07684,0
2023-03-22 00:13:00+00:00,1.07683,1.07685,1.07679,1.07682,0
2023-03-22 00:14:00+00:00,1.07681,1.07683,1.07681,1.07682,0
2023-03-22 00:15:00+00:00,1.07682,1.07691,1.07681,1.07691,0
2023-03-22 00:16:00+00:00,1.0769,1.0769,1.07685,1.07685,0
2023-03-22 00:17:00+00:00,1.07687,1.07687,1.07681,1.07682,0
2023-03-22 00:18:00+00:00,1.07681,1.07681,1.07675,1.07676,0
2023-03-22 00:19:00+00:00,1.07676,1.07678,1.07676,1.07677,0
2023-03-22 00:20:00+00:00,1.07676,1.07677,1.0767,1.07672,0
2023-03-22 00:21:00+00:00,1.07672,1.07687,1.07672,1.07687,0
2023-03-22 00:22:00+00:00,1.07691,1.07696,1.07691,1.07692,0
2023-03-22 00:23:00+00:00,1.07693,1.07699,1.07693,1.07694,0
2023-03-22 00:24:00+00:00,1.07693,1.07693,1.07685,1.07685,0
2023-03-22 00:25:00+00:00,1.07685,1.07688,1.07679,1.07684,0
2023-03-22 00:26:00+00:00,1.07683,1.07685,1.07683,1.07685,0
2023-03-22 00:27:00+00:00,1.07684,1.0769,1.07684,1.0769,0
2023-03-22 00:28:00+00:00,1.0769,1.0769,1.0768,1.07682,0
2023-03-22 00:29:00+00:00,1.07683,1.07694,1.07683,1.07692,0
2023-03-22 00:30:00+00:00,1.07692,1.07696,1.07691,1.07696,0
2023-03-22 00:31:00+00:00,1.07695,1.07695,1.0769,1.0769,0
2023-03-22 00:32:00+00:00,1.07689,1.07692,1.07689,1.07691,0
2023-03-22 00:33:00+00:00,1.07691,1.07693,1.07681,1.07693,0
2023-03-22 00:34:00+00:00,1.07694,1.07694,1.0769,1.07692,0
2023-03-22 00:35:00+00:00,1.07692,1.07695,1.07691,1.07695,0
2023-03-22 00:36:00+00:00,1.07697,1.07699,1.07693,1.07696,0
2023-03-22 00:37:00+00:00,1.07697,1.07706,1.07697,1.07704,0
2023-03-22 00:38:00+00:00,1.07706,1.07715,1.07706,1.07706,0
2023-03-22 00:39:00+00:00,1.07707,1.07708,1.07703,1.07708,0
2023-03-22 00:40:00+00:00,1.07707,1.07707,1.07701,1.07703,0
2023-03-22 00:41:00+00:00,1.07703,1.07706,1.07701,1.07706,0
2023-03-22 00:42:00+00:00,1.07706,1.07711,1.07699,1.07711,0
2023-03-22 00:43:00+00:00,1.07711,1.07718,1.07707,1.07717,0
2023-03-22 00:44:00+00:00,1.07717,1.07717,1.07708,1.07717,0
2023-03-22 00:45:00+00:00,1.07718,1.0773,1.07714,1.07727,0
2023-03-22 00:46:00+00:00,1.07726,1.07735,1.07726,1.07727,0
2023-03-22 00:47:00+00:00,1.07726,1.07734,1.07725,1.07733,0
2023-03-22 00:48:00+00:00,1.07733,1.0775,1.07733,1.07745,0
2023-03-22 00:49:00+00:00,1.07748,1.07749,1.07733,1.07733,0
2023-03-22 00:50:00+00:00,1.07731,1.07731,1.07721,1.07723,0
2023-03-22 00:51:00+00:00,1.07724,1.07724,1.07718,1.07719,0
2023-03-22 00:52:00+00:00,1.07718,1.07724,1.07717,1.07718,0
2023-03-22 00:53:00+00:00,1.07718,1.07723,1.07718,1.07722,0
2023-03-22 00:54:00+00:00,1.07722,1.07732,1.07718,1.07732,0
2023-03-22 00:55:00+00:00,1.07731,1.07734,1.07724,1.07724,0
2023-03-22 00:56:00+00:00,1.07725,1.07726,1.07717,1.07722,0
2023-03-22 00:57:00+00:00,1.07723,1.07725,1.07718,1.07718,0
2023-03-22 00:58:00+00:00,1.07718,1.07728,1.07717,1.07722,0
2023-03-22 00:59:00+00:00,1.07725,1.0773,1.07724,1.07724,0
2023-03-22 01:00:00+00:00,1.07724,1.07726,1.07722,1.07726,0
2023-03-22 01:01:00+00:00,1.07725,1.0773,1.07723,1.0773,0
2023-03-22 01:02:00+00:00,1.07729,1.07741,1.07728,1.07739,0
2023-03-22 01:03:00+00:00,1.07739,1.07739,1.07727,1.07727,0
2023-03-22 01:04:00+00:00,1.07726,1.07727,1.07721,1.07723,0
2023-03-22 01:05:00+00:00,1.07722,1.07724,1.07702,1.07706,0
2023-03-22 01:06:00+00:00,1.07707,1.07707,1.0769,1.07693,0
2023-03-22 01:07:00+00:00,1.07692,1.07708,1.07692,1.07704,0
2023-03-22 01:08:00+00:00,1.07705,1.07706,1.07697,1.07697,0
2023-03-22 01:09:00+00:00,1.07699,1.07702,1.07694,1.07702,0
2023-03-22 01:10:00+00:00,1.07702,1.07703,1.07695,1.07702,0
2023-03-22 01:11:00+00:00,1.07703,1.07711,1.07703,1.07709,0
2023-03-22 01:12:00+00:00,1.07709,1.07716,1.07708,1.07713,0
2023-03-22 01:13:00+00:00,1.07716,1.07717,1.07712,1.07714,0
2023-03-22 01:14:00+00:00,1.07712,1.07713,1.07709,1.07709,0
2023-03-22 01:15:00+00:00,1.07707,1.07713,1.07705,1.07713,0
2023-03-22 01:16:00+00:00,1.07712,1.07714,1.07709,1.07714,0
2023-03-22 01:17:00+00:00,1.07714,1.07714,1.07707,1.07714,0
2023-03-22 01:18:00+00:00,1.07712,1.07713,1.07709,1.07713,0
2023-03-22 01:19:00+00:00,1.07712,1.07712,1.07706,1.07708,0
2023-03-22 01:20:00+00:00,1.07708,1.07715,1.07706,1.07709,0
2023-03-22 01:21:00+00:00,1.0771,1.07713,1.07709,1.0771,0
2023-03-22 01:22:00+00:00,1.0771,1.07713,1.07708,1.07709,0
2023-03-22 01:23:00+00:00,1.0771,1.0771,1.07706,1.07707,0
2023-03-22 01:24:00+00:00,1.07708,1.07711,1.07704,1.07704,0
2023-03-22 01:25:00+00:00,1.07703,1.07707,1.077,1.07706,0
2023-03-22 01:26:00+00:00,1.07709,1.0772,1.07708,1.07719,0
2023-03-22 01:27:00+00:00,1.07721,1.07724,1.07719,1.07719,0
2023-03-22 01:28:00+00:00,1.07719,1.07722,1.07719,1.07719,0
2023-03-22 01:29:00+00:00,1.07719,1.07722,1.07717,1.07718,0
2023-03-22 01:30:00+00:00,1.07717,1.07718,1.07702,1.07704,0
2023-03-22 01:31:00+00:00,1.07704,1.07704,1.07698,1.07699,0
2023-03-22 01:32:00+00:00,1.07698,1.07699,1.07689,1.0769,0
2023-03-22 01:33:00+00:00,1.0769,1.07697,1.0769,1.07695,0
2023-03-22 01:34:00+00:00,1.07696,1.07698,1.07687,1.07689,0
2023-03-22 01:35:00+00:00,1.0769,1.0769,1.07678,1.07687,0
2023-03-22 01:36:00+00:00,1.07688,1.07688,1.0767,1.0767,0
2023-03-22 01:37:00+00:00,1.0767,1.0767,1.07662,1.07662,0
2023-03-22 01:38:00+00:00,1.07663,1.07666,1.07651,1.07652,0
2023-03-22 01:39:00+00:00,1.07652,1.07664,1.07646,1.07663,0
2023-03-22 01:40:00+00:00,1.07665,1.07666,1.07661,1.07661,0
2023-03-22 01:41:00+00:00,1.07662,1.07663,1.07641,1.07648,0
2023-03-22 01:42:00+00:00,1.07647,1.07648,1.07646,1.07647,0
2023-03-22 01:43:00+00:00,1.07647,1.07665,1.07645,1.07665,0
2023-03-22 01:44:00+00:00,1.07665,1.07666,1.07658,1.07661,0
2023-03-22 01:45:00+00:00,1.07662,1.07666,1.07656,1.07666,0
2023-03-22 01:46:00+00:00,1.07668,1.07668,1.07662,1.07664,0
2023-03-22 01:47:00+00:00,1.07663,1.07668,1.07663,1.07668,0
2023-03-22 01:48:00+00:00,1.07666,1.0767,1.07656,1.07656,0
2023-03-22 01:49:00+00:00,1.07649,1.0765,1.07638,1.07639,0
2023-03-22 01:50:00+00:00,1.07638,1.07667,1.07638,1.07662,0
2023-03-22 01:51:00+00:00,1.07661,1.07669,1.07661,1.07666,0
2023-03-22 01:52:00+00:00,1.07665,1.07665,1.07652,1.07652,0
2023-03-22 01:53:00+00:00,1.07651,1.07656,1.07639,1.07656,0
2023-03-22 01:54:00+00:00,1.07655,1.07656,1.07642,1.07647,0
2023-03-22 01:55:00+00:00,1.07646,1.07663,1.07642,1.07663,0
2023-03-22 01:56:00+00:00,1.07664,1.07671,1.07659,1.07665,0
2023-03-22 01:57:00+00:00,1.07664,1.0767,1.0766,1.07668,0
2023-03-22 01:58:00+00:00,1.0767,1.07679,1.07667,1.0767,0
2023-03-22 01:59:00+00:00,1.07671,1.07673,1.0766,1.07666,0
2023-03-22 02:00:00+00:00,1.07666,1.07717,1.07657,1.07678,0
2023-03-22 02:01:00+00:00,1.07679,1.07696,1.07662,1.07675,0
2023-03-22 02:02:00+00:00,1.07674,1.07674,1.07623,1.0763,0
2023-03-22 02:03:00+00:00,1.07631,1.07632,1.07601,1.07605,0
2023-03-22 02:04:00+00:00,1.07605,1.07616,1.07598,1.07616,0
2023-03-22 02:05:00+00:00,1.07617,1.07619,1.07603,1.07616,0
2023-03-22 02:06:00+00:00,1.07617,1.0763,1.07608,1.07618,0
2023-03-22 02:07:00+00:00,1.0762,1.07632,1.07617,1.07622,0
2023-03-22 02:08:00+00:00,1.07621,1.07622,1.07604,1.07606,0
2023-03-22 02:09:00+00:00,1.07607,1.07608,1.07598,1.07606,0
2023-03-22 02:10:00+00:00,1.07604,1.07614,1.07593,1.07609,0
2023-03-22 02:11:00+00:00,1.0761,1.07642,1.07607,1.0764,0
2023-03-22 02:12:00+00:00,1.07641,1.07644,1.07616,1.07622,0
2023-03-22 02:13:00+00:00,1.07621,1.07623,1.07607,1.07607,0
2023-03-22 02:14:00+00:00,1.07608,1.0763,1.07608,1.07629,0
2023-03-22 02:15:00+00:00,1.07628,1.07648,1.07628,1.07639,0
2023-03-22 02:16:00+00:00,1.07641,1.07654,1.07641,1.07648,0
2023-03-22 02:17:00+00:00,1.07649,1.07657,1.07639,1.07639,0
2023-03-22 02:18:00+00:00,1.07638,1.07657,1.07637,1.07647,0
2023-03-22 02:19:00+00:00,1.07648,1.07666,1.07647,1.07662,0
2023-03-22 02:20:00+00:00,1.07661,1.07662,1.07656,1.07661,0
2023-03-22 02:21:00+00:00,1.0766,1.07672,1.0765,1.07652,0
2023-03-22 02:22:00+00:00,1.07653,1.07653,1.07628,1.07628,0
2023-03-22 02:23:00+00:00,1.07629,1.0764,1.07627,1.07639,0
2023-03-22 02:24:00+00:00,1.07641,1.07642,1.07633,1.07633,0
2023-03-22 02:25:00+00:00,1.07632,1.0764,1.07625,1.07631,0
2023-03-22 02:26:00+00:00,1.07631,1.07642,1.07623,1.07631,0
2023-03-22 02:27:00+00:00,1.07633,1.07641,1.07615,1.07617,0
2023-03-22 02:28:00+00:00,1.07616,1.07646,1.07614,1.07637,0
2023-03-22 02:29:00+00:00,1.07636,1.07652,1.0763,1.0764,0
2023-03-22 02:30:00+00:00,1.0764,1.07642,1.07628,1.07629,0
2023-03-22 02:31:00+00:00,1.07628,1.07633,1.07621,1.07621,0
2023-03-22 02:32:00+00:00,1.07619,1.07619,1.0759,1.07606,0
2023-03-22 02:33:00+00:00,1.07604,1.07616,1.07597,1.07616,0
2023-03-22 02:34:00+00:00,1.07615,1.07626,1.07612,1.07621,0
2023-03-22 02:35:00+00:00,1.07621,1.07629,1.07612,1.07617,0
2023-03-22 02:36:00+00:00,1.07616,1.0762,1.07606,1.0761,0
2023-03-22 02:37:00+00:00,1.07611,1.07621,1.07607,1.07619,0
2023-03-22 02:38:00+00:00,1.0762,1.0762,1.0759,1.0759,0
2023-03-22 02:39:00+00:00,1.0759,1.07601,1.0759,1.07595,0
2023-03-22 02:40:00+00:00,1.07596,1.07601,1.07591,1.07596,0
2023-03-22 02:41:00+00:00,1.07596,1.0762,1.07596,1.07611,0
2023-03-22 02:42:00+00:00,1.0761,1.07621,1.0761,1.07613,0
2023-03-22 02:43:00+00:00,1.07614,1.07621,1.07601,1.07613,0
2023-03-22 02:44:00+00:00,1.07612,1.07627,1.07612,1.07616,0
2023-03-22 02:45:00+00:00,1.07615,1.07631,1.07612,1.0763,0
2023-03-22 02:46:00+00:00,1.07631,1.07636,1.07624,1.07632,0
2023-03-22 02:47:00+00:00,1.07632,1.07636,1.07628,1.07635,0
2023-03-22 02:48:00+00:00,1.07633,1.07642,1.0763,1.07636,0
2023-03-22 02:49:00+00:00,1.07636,1.07647,1.07625,1.07647,0
2023-03-22 02:50:00+00:00,1.07647,1.07663,1.07647,1.07661,0
2023-03-22 02:51:00+00:00,1.07661,1.07679,1.07657,1.07665,0
2023-03-22 02:52:00+00:00,1.07664,1.0767,1.07637,1.07641,0
2023-03-22 02:53:00+00:00,1.07639,1.07659,1.07638,1.07639,0
2023-03-22 02:54:00+00:00,1.07638,1.07646,1.07632,1.07636,0
2023-03-22 02:55:00+00:00,1.07637,1.07649,1.07635,1.07646,0
2023-03-22 02:56:00+00:00,1.07647,1.07652,1.07635,1.07635,0
2023-03-22 02:57:00+00:00,1.07636,1.07636,1.0763,1.07631,0
2023-03-22 02:58:00+00:00,1.07631,1.07653,1.0763,1.07636,0
2023-03-22 02:59:00+00:00,1.07638,1.07657,1.07633,1.07657,0
2023-03-22 03:00:00+00:00,1.07658,1.07683,1.0765,1.07675,0
2023-03-22 03:01:00+00:00,1.07676,1.07723,1.07676,1.07709,0
2023-03-22 03:02:00+00:00,1.07708,1.07709,1.07684,1.07696,0
2023-03-22 03:03:00+00:00,1.07696,1.07728,1.07696,1.07714,0
2023-03-22 03:04:00+00:00,1.07713,1.0772,1.07707,1.07709,0
2023-03-22 03:05:00+00:00,1.07712,1.07775,1.07711,1.07759,0
2023-03-22 03:06:00+00:00,1.07759,1.07765,1.07749,1.07751,0
2023-03-22 03:07:00+00:00,1.07751,1.07792,1.07749,1.0778,0
2023-03-22 03:08:00+00:00,1.07779,1.07788,1.07745,1.07754,0
2023-03-22 03:09:00+00:00,1.07755,1.07756,1.07725,1.0774,0
2023-03-22 03:10:00+00:00,1.0774,1.07751,1.07739,1.07746,0
2023-03-22 03:11:00+00:00,1.07745,1.07754,1.0774,1.07744,0
2023-03-22 03:12:00+00:00,1.07743,1.07745,1.07727,1.07729,0
2023-03-22 03:13:00+00:00,1.07728,1.07743,1.07719,1.07719,0
2023-03-22 03:14:00+00:00,1.07721,1.07721,1.07677,1.07694,0
2023-03-22 03:15:00+00:00,1.07693,1.07694,1.07677,1.07679,0
2023-03-22 03:16:00+00:00,1.07678,1.07727,1.07678,1.07718,0
2023-03-22 03:17:00+00:00,1.07719,1.07734,1.07707,1.07724,0
2023-03-22 03:18:00+00:00,1.07724,1.07738,1.07716,1.07734,0
2023-03-22 03:19:00+00:00,1.07735,1.07741,1.07694,1.07694,0
2023-03-22 03:20:00+00:00,1.07693,1.07705,1.07676,1.0768,0
2023-03-22 03:21:00+00:00,1.0768,1.07685,1.07673,1.07675,0
2023-03-22 03:22:00+00:00,1.07677,1.07708,1.07677,1.07696,0
2023-03-22 03:23:00+00:00,1.07695,1.07723,1.07695,1.07719,0
2023-03-22 03:24:00+00:00,1.07718,1.07724,1.07695,1.07699,0
2023-03-22 03:25:00+00:00,1.07698,1.07733,1.07694,1.07725,0
2023-03-22 03:26:00+00:00,1.07726,1.07761,1.07725,1.07756,0
2023-03-22 03:27:00+00:00,1.07755,1.07766,1.07749,1.07766,0
2023-03-22 03:28:00+00:00,1.0777,1.07798,1.0777,1.07779,0
2023-03-22 03:29:00+00:00,1.0778,1.07792,1.07778,1.07784,0
2023-03-22 03:30:00+00:00,1.07785,1.07786,1.07751,1.07759,0
2023-03-22 03:31:00+00:00,1.07758,1.07769,1.07745,1.07755,0
2023-03-22 03:32:00+00:00,1.07755,1.07764,1.07751,1.07756,0
2023-03-22 03:33:00+00:00,1.07757,1.07777,1.07755,1.07777,0
2023-03-22 03:34:00+00:00,1.07777,1.07777,1.07757,1.07763,0
2023-03-22 03:35:00+00:00,1.07764,1.07791,1.07759,1.07769,0
2023-03-22 03:36:00+00:00,1.07769,1.07777,1.07755,1.07775,0
2023-03-22 03:37:00+00:00,1.07774,1.07796,1.07774,1.07789,0
2023-03-22 03:38:00+00:00,1.07788,1.0779,1.07753,1.07753,0
2023-03-22 03:39:00+00:00,1.07754,1.07776,1.07748,1.07776,0
2023-03-22 03:40:00+00:00,1.07776,1.07818,1.07776,1.07818,0
2023-03-22 03:41:00+00:00,1.07817,1.07818,1.07796,1.07802,0
2023-03-22 03:42:00+00:00,1.07801,1.07802,1.07776,1.07789,0
2023-03-22 03:43:00+00:00,1.07788,1.07825,1.07788,1.07824,0
2023-03-22 03:44:00+00:00,1.07824,1.07828,1.07806,1.07809,0
2023-03-22 03:45:00+00:00,1.07808,1.07821,1.07792,1.07814,0
2023-03-22 03:46:00+00:00,1.07815,1.0782,1.07806,1.07807,0
2023-03-22 03:47:00+00:00,1.07808,1.07809,1.07792,1.07797,0
2023-03-22 03:48:00+00:00,1.07797,1.07818,1.07797,1.07806,0
2023-03-22 03:49:00+00:00,1.07807,1.07821,1.07801,1.07807,0
2023-03-22 03:50:00+00:00,1.07807,1.07808,1.07786,1.07797,0
2023-03-22 03:51:00+00:00,1.07796,1.07811,1.07795,1.07807,0
2023-03-22 03:52:00+00:00,1.07806,1.0782,1.07802,1.07812,0
2023-03-22 03:53:00+00:00,1.07811,1.07811,1.0778,1.0778,0
2023-03-22 03:54:00+00:00,1.07779,1.0782,1.07777,1.07812,0
2023-03-22 03:55:00+00:00,1.0781,1.07821,1.07791,1.07801,0
2023-03-22 03:56:00+00:00,1.078,1.07805,1.07789,1.078,0
2023-03-22 03:57:00+00:00,1.078,1.07811,1.07784,1.07789,0
2023-03-22 03:58:00+00:00,1.0779,1.07802,1.07786,1.07794,0
2023-03-22 03:59:00+00:00,1.07794,1.07802,1.07784,1.078,0
2023-03-22 04:00:00+00:00,1.07801,1.07804,1.07779,1.0778,0
2023-03-22 04:01:00+00:00,1.07779,1.07781,1.07755,1.07765,0
2023-03-22 04:02:00+00:00,1.07764,1.07782,1.07764,1.07766,0
2023-03-22 04:03:00+00:00,1.07767,1.07794,1.07767,1.07791,0
2023-03-22 04:04:00+00:00,1.0779,1.07802,1.07786,1.07786,0
2023-03-22 04:05:00+00:00,1.07787,1.07806,1.07786,1.07796,0
2023-03-22 04:06:00+00:00,1.07797,1.07857,1.07796,1.07851,0
2023-03-22 04:07:00+00:00,1.07852,1.07868,1.07842,1.07864,0
2023-03-22 04:08:00+00:00,1.07863,1.07899,1.07857,1.07892,0
2023-03-22 04:09:00+00:00,1.07893,1.07893,1.0785,1.07854,0
2023-03-22 04:10:00+00:00,1.07855,1.07885,1.07855,1.07875,0
2023-03-22 04:11:00+00:00,1.07874,1.07891,1.0787,1.07886,0
2023-03-22 04:12:00+00:00,1.07885,1.07892,1.07877,1.07883,0
2023-03-22 04:13:00+00:00,1.07882,1.07894,1.07876,1.07891,0
2023-03-22 04:14:00+00:00,1.07891,1.07898,1.07891,1.07897,0
2023-03-22 04:15:00+00:00,1.07897,1.079,1.07881,1.07882,0
2023-03-22 04:16:00+00:00,1.07882,1.07898,1.07881,1.07897,0
2023-03-22 04:17:00+00:00,1.07898,1.07902,1.07889,1.07897,0
2023-03-22 04:18:00+00:00,1.07899,1.07901,1.07891,1.07899,0
2023-03-22 04:19:00+00:00,1.079,1.07911,1.07888,1.079,0
2023-03-22 04:20:00+00:00,1.07902,1.07903,1.07886,1.07886,0
2023-03-22 04:21:00+00:00,1.07887,1.07899,1.07872,1.07898,0
2023-03-22 04:22:00+00:00,1.07898,1.07899,1.07886,1.07886,0
2023-03-22 04:23:00+00:00,1.07887,1.07895,1.07879,1.07895,0
2023-03-22 04:24:00+00:00,1.07894,1.07895,1.07866,1.07867,0
2023-03-22 04:25:00+00:00,1.07866,1.07889,1.07866,1.07878,0
2023-03-22 04:26:00+00:00,1.07879,1.07927,1.07875,1.07927,0
2023-03-22 04:27:00+00:00,1.07926,1.0793,1.07908,1.07919,0
2023-03-22 04:28:00+00:00,1.07919,1.07921,1.079,1.079,0
2023-03-22 04:29:00+00:00,1.07899,1.07901,1.07888,1.07895,0
2023-03-22 04:30:00+00:00,1.07895,1.07906,1.07888,1.0789,0
2023-03-22 04:31:00+00:00,1.0789,1.079,1.07877,1.07885,0
2023-03-22 04:32:00+00:00,1.07886,1.07902,1.07886,1.07897,0
2023-03-22 04:33:00+00:00,1.07896,1.07896,1.07881,1.07883,0
2023-03-22 04:34:00+00:00,1.07882,1.07887,1.07878,1.07887,0
2023-03-22 04:35:00+00:00,1.07886,1.07892,1.07868,1.07868,0
2023-03-22 04:36:00+00:00,1.07868,1.07871,1.07856,1.07861,0
2023-03-22 04:37:00+00:00,1.0786,1.0787,1.07851,1.07858,0
2023-03-22 04:38:00+00:00,1.07858,1.07865,1.07849,1.07862,0
2023-03-22 04:39:00+00:00,1.07862,1.07863,1.07845,1.07862,0
2023-03-22 04:40:00+00:00,1.07862,1.0788,1.07857,1.07858,0
2023-03-22 04:41:00+00:00,1.07857,1.07868,1.07851,1.07856,0
2023-03-22 04:42:00+00:00,1.07857,1.07857,1.07836,1.07836,0
2023-03-22 04:43:00+00:00,1.07835,1.07836,1.07821,1.07825,0
2023-03-22 04:44:00+00:00,1.07826,1.07848,1.07822,1.07847,0
2023-03-22 04:45:00+00:00,1.07846,1.07851,1.07834,1.07836,0
2023-03-22 04:46:00+00:00,1.07837,1.07854,1.07836,1.07854,0
2023-03-22 04:47:00+00:00,1.07854,1.07882,1.07853,1.07876,0
2023-03-22 04:48:00+00:00,1.07876,1.07876,1.07856,1.07869,0
2023-03-22 04:49:00+00:00,1.07871,1.079,1.0787,1.07872,0
2023-03-22 04:50:00+00:00,1.07871,1.07872,1.07854,1.07858,0
2023-03-22 04:51:00+00:00,1.07858,1.07863,1.07855,1.07862,0
2023-03-22 04:52:00+00:00,1.07862,1.07862,1.07853,1.07862,0
2023-03-22 04:53:00+00:00,1.0786,1.0787,1.07857,1.07862,0
2023-03-22 04:54:00+00:00,1.07862,1.07862,1.07845,1.07851,0
2023-03-22 04:55:00+00:00,1.0785,1.07869,1.0785,1.07866,0
2023-03-22 04:56:00+00:00,1.07867,1.07895,1.07866,1.07891,0
2023-03-22 04:57:00+00:00,1.0789,1.079,1.07881,1.07891,0
2023-03-22 04:58:00+00:00,1.07891,1.07893,1.07881,1.07882,0
2023-03-22 04:59:00+00:00,1.07884,1.07885,1.07862,1.07866,0
2023-03-22 06:00:00+00:00,1.07921,1.07928,1.07907,1.07918,0
2023-03-22 06:01:00+00:00,1.07919,1.07921,1.07903,1.07907,0
2023-03-22 06:02:00+00:00,1.07906,1.07906,1.07887,1.07888,0
2023-03-22 06:03:00+00:00,1.07887,1.07894,1.07881,1.07889,0
2023-03-22 06:04:00+00:00,1.07891,1.07914,1.07891,1.07913,0
2023-03-22 06:05:00+00:00,1.07914,1.07916,1.079,1.07909,0
2023-03-22 06:06:00+00:00,1.07909,1.07911,1.07903,1.07903,0
2023-03-22 06:07:00+00:00,1.07905,1.07905,1.07896,1.079,0
2023-03-22 06:08:00+00:00,1.07902,1.07908,1.07898,1.07904,0
2023-03-22 06:09:00+00:00,1.07903,1.07904,1.07891,1.07896,0
2023-03-22 06:10:00+00:00,1.07896,1.07914,1.07896,1.07913,0
2023-03-22 06:11:00+00:00,1.07913,1.07924,1.07912,1.07919,0
2023-03-22 06:12:00+00:00,1.07919,1.07939,1.07918,1.07938,0
2023-03-22 06:13:00+00:00,1.07938,1.07939,1.07924,1.07924,0
2023-03-22 06:14:00+00:00,1.07925,1.07943,1.0792,1.07941,0
2023-03-22 06:15:00+00:00,1.07939,1.07939,1.07911,1.0792,0
2023-03-22 06:16:00+00:00,1.07919,1.0792,1.0791,1.07918,0
2023-03-22 06:17:00+00:00,1.07918,1.07919,1.0791,1.07915,0
2023-03-22 06:18:00+00:00,1.07916,1.07943,1.07916,1.07941,0
2023-03-22 06:19:00+00:00,1.07942,1.07949,1.07938,1.07946,0
2023-03-22 06:20:00+00:00,1.07947,1.07947,1.07939,1.0794,0
2023-03-22 06:21:00+00:00,1.07941,1.07941,1.07922,1.07929,0
2023-03-22 06:22:00+00:00,1.07928,1.07946,1.07928,1.07946,0
2023-03-22 06:23:00+00:00,1.07946,1.07949,1.07939,1.07947,0
2023-03-22 06:24:00+00:00,1.07946,1.07949,1.07942,1.07943,0
2023-03-22 06:25:00+00:00,1.07943,1.0795,1.07931,1.07936,0
2023-03-22 06:26:00+00:00,1.07936,1.07948,1.07936,1.07948,0
2023-03-22 06:27:00+00:00,1.07947,1.07951,1.07944,1.07948,0
2023-03-22 06:28:00+00:00,1.07949,1.0795,1.07944,1.07948,0
2023-03-22 06:29:00+00:00,1.07949,1.07952,1.07947,1.07949,0
2023-03-22 06:30:00+00:00,1.07947,1.07949,1.07944,1.07944,0
2023-03-22 06:31:00+00:00,1.07942,1.07943,1.07932,1.07936,0
2023-03-22 06:32:00+00:00,1.07936,1.07948,1.07936,1.07947,0
2023-03-22 06:33:00+00:00,1.07948,1.0795,1.07941,1.07942,0
2023-03-22 06:34:00+00:00,1.07941,1.07941,1.07933,1.07936,0
2023-03-22 06:35:00+00:00,1.07937,1.07937,1.07931,1.07936,0
2023-03-22 06:36:00+00:00,1.07934,1.07936,1.0793,1.0793,0
2023-03-22 06:37:00+00:00,1.0793,1.0793,1.07917,1.0792,0
2023-03-22 06:38:00+00:00,1.07921,1.07924,1.07904,1.07909,0
2023-03-22 06:39:00+00:00,1.07908,1.07918,1.07907,1.07918,0
2023-03-22 06:40:00+00:00,1.07917,1.07934,1.07917,1.07931,0
2023-03-22 06:41:00+00:00,1.07932,1.07948,1.07932,1.07945,0
2023-03-22 06:42:00+00:00,1.07945,1.0795,1.07929,1.07929,0
2023-03-22 06:43:00+00:00,1.07929,1.07945,1.07929,1.07942,0
2023-03-22 06:44:00+00:00,1.07942,1.07944,1.07934,1.07935,0
2023-03-22 06:45:00+00:00,1.07934,1.0794,1.07927,1.07932,0
2023-03-22 06:46:00+00:00,1.07931,1.07932,1.07923,1.07924,0
2023-03-22 06:47:00+00:00,1.07923,1.07926,1.07914,1.07914,0
2023-03-22 06:48:00+00:00,1.07914,1.0794,1.07914,1.0794,0
2023-03-22 06:49:00+00:00,1.0794,1.07945,1.07927,1.07934,0
2023-03-22 06:50:00+00:00,1.07934,1.07944,1.07933,1.0794,0
2023-03-22 06:51:00+00:00,1.07941,1.07955,1.0794,1.07945,0
2023-03-22 06:52:00+00:00,1.07946,1.07948,1.07935,1.07935,0
2023-03-22 06:53:00+00:00,1.07935,1.0798,1.07935,1.0798,0
2023-03-22 06:54:00+00:00,1.07978,1.07978,1.07962,1.07962,0
2023-03-22 06:55:00+00:00,1.07961,1.07976,1.07958,1.07972,0
2023-03-22 06:56:00+00:00,1.07972,1.07977,1.07956,1.07977,0
2023-03-22 06:57:00+00:00,1.07978,1.07979,1.0797,1.07973,0
2023-03-22 06:58:00+00:00,1.07975,1.07978,1.07972,1.07973,0
2023-03-22 06:59:00+00:00,1.07972,1.07973,1.07968,1.07972,0
2023-03-22 08:00:00+00:00,1.07818,1.07826,1.07806,1.07812,0
2023-03-22 08:01:00+00:00,1.07811,1.07812,1.07797,1.07799,0
2023-03-22 08:02:00+00:00,1.07799,1.07808,1.07791,1.07808,0
2023-03-22 08:03:00+00:00,1.07808,1.07831,1.07808,1.07811,0
2023-03-22 08:04:00+00:00,1.07811,1.07821,1.07811,1.07821,0
2023-03-22 08:05:00+00:00,1.07822,1.07826,1.07819,1.0782,0
2023-03-22 08:06:00+00:00,1.0782,1.07821,1.07809,1.0781,0
2023-03-22 08:07:00+00:00,1.0781,1.07831,1.0781,1.0783,0
2023-03-22 08:08:00+00:00,1.0783,1.07836,1.07819,1.0782,0
2023-03-22 08:09:00+00:00,1.07822,1.07832,1.07819,1.07824,0
2023-03-22 08:10:00+00:00,1.07823,1.07834,1.07807,1.07834,0
2023-03-22 08:11:00+00:00,1.07834,1.07849,1.07833,1.07847,0
2023-03-22 08:12:00+00:00,1.07847,1.07851,1.07839,1.07844,0
2023-03-22 08:13:00+00:00,1.07843,1.07847,1.07828,1.07847,0
2023-03-22 08:14:00+00:00,1.07849,1.07858,1.07845,1.07846,0
2023-03-22 08:15:00+00:00,1.07845,1.07849,1.07831,1.07834,0
2023-03-22 08:16:00+00:00,1.07834,1.0785,1.07821,1.07847,0
2023-03-22 08:17:00+00:00,1.07847,1.07847,1.07834,1.07839,0
2023-03-22 08:18:00+00:00,1.0784,1.0784,1.07829,1.07831,0
2023-03-22 08:19:00+00:00,1.07833,1.07842,1.07833,1.07839,0
2023-03-22 08:20:00+00:00,1.07839,1.07846,1.07835,1.07846,0
2023-03-22 08:21:00+00:00,1.07846,1.07861,1.07846,1.0786,0
2023-03-22 08:22:00+00:00,1.07861,1.07863,1.07846,1.07846,0
2023-03-22 08:23:00+00:00,1.07846,1.07853,1.07835,1.07851,0
2023-03-22 08:24:00+00:00,1.07852,1.07864,1.07843,1.07864,0
2023-03-22 08:25:00+00:00,1.07864,1.07867,1.0786,1.07862,0
2023-03-22 08:26:00+00:00,1.07862,1.07874,1.0786,1.07872,0
2023-03-22 08:27:00+00:00,1.07872,1.07875,1.07869,1.07872,0
2023-03-22 08:28:00+00:00,1.07872,1.07876,1.07862,1.07862,0
2023-03-22 08:29:00+00:00,1.07862,1.07879,1.07857,1.07857,0
2023-03-22 08:30:00+00:00,1.07858,1.07886,1.07858,1.07877,0
2023-03-22 08:31:00+00:00,1.07878,1.07894,1.07877,1.07885,0
2023-03-22 08:32:00+00:00,1.07884,1.07884,1.07857,1.07862,0
2023-03-22 08:33:00+00:00,1.07863,1.07863,1.07826,1.07839,0
2023-03-22 08:34:00+00:00,1.07841,1.07849,1.07825,1.07848,0
2023-03-22 08:35:00+00:00,1.07847,1.07856,1.07819,1.07821,0
2023-03-22 08:36:00+00:00,1.07822,1.0785,1.07822,1.07833,0
2023-03-22 08:37:00+00:00,1.07832,1.07843,1.07824,1.07829,0
2023-03-22 08:38:00+00:00,1.07833,1.07848,1.07833,1.07838,0
2023-03-22 08:39:00+00:00,1.07839,1.07839,1.07788,1.07795,0
2023-03-22 08:40:00+00:00,1.07795,1.078,1.07776,1.07784,0
2023-03-22 08:41:00+00:00,1.07784,1.07799,1.07781,1.07798,0
2023-03-22 08:42:00+00:00,1.07798,1.07814,1.07792,1.07808,0
2023-03-22 08:43:00+00:00,1.07808,1.07813,1.07803,1.07812,0
2023-03-22 08:44:00+00:00,1.07811,1.07812,1.07797,1.07797,0
2023-03-22 08:45:00+00:00,1.07798,1.07802,1.07773,1.07777,0
2023-03-22 08:46:00+00:00,1.07779,1.07787,1.07773,1.07775,0
2023-03-22 08:47:00+00:00,1.07774,1.07782,1.07768,1.07771,0
2023-03-22 08:48:00+00:00,1.0777,1.07779,1.07757,1.07772,0
2023-03-22 08:49:00+00:00,1.07773,1.0778,1.07767,1.07776,0
2023-03-22 08:50:00+00:00,1.07777,1.07788,1.07777,1.07788,0
2023-03-22 08:51:00+00:00,1.07787,1.07789,1.07785,1.07787,0
2023-03-22 08:52:00+00:00,1.07789,1.0779,1.07772,1.07777,0
2023-03-22 08:53:00+00:00,1.07777,1.0779,1.07775,1.07786,0
2023-03-22 08:54:00+00:00,1.07786,1.07793,1.0778,1.07793,0
2023-03-22 08:55:00+00:00,1.07793,1.078,1.07789,1.07794,0
2023-03-22 08:56:00+00:00,1.07794,1.07795,1.07781,1.07783,0
2023-03-22 08:57:00+00:00,1.07783,1.0779,1.07773,1.07782,0
2023-03-22 08:58:00+00:00,1.07783,1.07797,1.07779,1.07796,0
2023-03-22 08:59:00+00:00,1.07796,1.07815,1.07796,1.07813,0
2023-03-22 10:00:00+00:00,1.07951,1.07957,1.07931,1.07931,0
2023-03-22 10:01:00+00:00,1.07931,1.07944,1.07917,1.07934,0
2023-03-22 10:02:00+00:00,1.07934,1.07934,1.07906,1.07927,0
2023-03-22 10:03:00+00:00,1.07927,1.07927,1.07914,1.07917,0
2023-03-22 10:04:00+00:00,1.07916,1.07923,1.07905,1.0791,0
2023-03-22 10:05:00+00:00,1.0791,1.07915,1.07899,1.07904,0
2023-03-22 10:06:00+00:00,1.07905,1.07915,1.079,1.079,0
2023-03-22 10:07:00+00:00,1.07901,1.07916,1.07899,1.07914,0
2023-03-22 10:08:00+00:00,1.07914,1.07914,1.07895,1.07902,0
2023-03-22 10:09:00+00:00,1.07902,1.07905,1.07894,1.07895,0
2023-03-22 10:10:00+00:00,1.07895,1.07897,1.07882,1.07885,0
2023-03-22 10:11:00+00:00,1.07884,1.07896,1.07882,1.07896,0
2023-03-22 10:12:00+00:00,1.07896,1.079,1.07881,1.07882,0
2023-03-22 10:13:00+00:00,1.07882,1.07885,1.07876,1.07885,0
2023-03-22 10:14:00+00:00,1.07886,1.07888,1.07879,1.07888,0
2023-03-22 10:15:00+00:00,1.07888,1.079,1.07885,1.07893,0
2023-03-22 10:16:00+00:00,1.07894,1.0791,1.07893,1.07904,0
2023-03-22 10:17:00+00:00,1.07904,1.07932,1.07904,1.07929,0
2023-03-22 10:18:00+00:00,1.0793,1.07931,1.07917,1.07925,0
2023-03-22 10:19:00+00:00,1.07925,1.07925,1.07898,1.079,0
2023-03-22 10:20:00+00:00,1.07899,1.07912,1.07892,1.0791,0
2023-03-22 10:21:00+00:00,1.07912,1.07921,1.07912,1.07915,0
2023-03-22 10:22:00+00:00,1.07914,1.07934,1.07904,1.07929,0
2023-03-22 10:23:00+00:00,1.07928,1.07935,1.07919,1.0793,0
2023-03-22 10:24:00+00:00,1.07931,1.07935,1.07919,1.07923,0
2023-03-22 10:25:00+00:00,1.07922,1.07942,1.0792,1.07925,0
2023-03-22 10:26:00+00:00,1.07926,1.07929,1.07921,1.07928,0
2023-03-22 10:27:00+00:00,1.07927,1.07927,1.07919,1.07926,0
2023-03-22 10:28:00+00:00,1.07926,1.07931,1.07926,1.0793,0
2023-03-22 10:29:00+00:00,1.07931,1.07931,1.07895,1.07895,0
2023-03-22 10:30:00+00:00,1.07896,1.07897,1.07875,1.07891,0
2023-03-22 10:31:00+00:00,1.07892,1.07897,1.07889,1.07897,0
2023-03-22 10:32:00+00:00,1.07897,1.07911,1.07895,1.07897,0
2023-03-22 10:33:00+00:00,1.07897,1.079,1.07882,1.0789,0
2023-03-22 10:34:00+00:00,1.07888,1.07895,1.07875,1.07875,0
2023-03-22 10:35:00+00:00,1.07876,1.07894,1.07876,1.07891,0
2023-03-22 10:36:00+00:00,1.0789,1.07892,1.0788,1.07886,0
2023-03-22 10:37:00+00:00,1.07885,1.07898,1.07884,1.07897,0
2023-03-22 10:38:00+00:00,1.07897,1.079,1.07882,1.07882,0
2023-03-22 10:39:00+00:00,1.07882,1.07899,1.0788,1.07899,0
2023-03-22 10:40:00+00:00,1.07899,1.07907,1.07893,1.07894,0
2023-03-22 10:41:00+00:00,1.07895,1.0791,1.07893,1.07897,0
2023-03-22 10:42:00+00:00,1.07896,1.07896,1.07884,1.07888,0
2023-03-22 10:43:00+00:00,1.07888,1.07889,1.07875,1.0788,0
2023-03-22 10:44:00+00:00,1.07879,1.07885,1.07875,1.07876,0
2023-03-22 10:45:00+00:00,1.07878,1.07899,1.0787,1.07899,0
2023-03-22 10:46:00+00:00,1.07898,1.07927,1.07895,1.07924,0
2023-03-22 10:47:00+00:00,1.07924,1.07932,1.0791,1.07918,0
2023-03-22 10:48:00+00:00,1.07917,1.07927,1.07916,1.07921,0
2023-03-22 10:49:00+00:00,1.07921,1.07921,1.07885,1.07889,0
2023-03-22 10:50:00+00:00,1.07892,1.07898,1.07856,1.07867,0
2023-03-22 10:51:00+00:00,1.07867,1.0787,1.07843,1.07844,0
2023-03-22 10:52:00+00:00,1.07844,1.07861,1.07839,1.07851,0
2023-03-22 10:53:00+00:00,1.0785,1.07859,1.07841,1.07847,0
2023-03-22 10:54:00+00:00,1.07848,1.07852,1.0784,1.0784,0
2023-03-22 10:55:00+00:00,1.07839,1.07885,1.07835,1.07884,0
2023-03-22 10:56:00+00:00,1.07885,1.07889,1.07874,1.07876,0
2023-03-22 10:57:00+00:00,1.07878,1.07882,1.07867,1.07877,0
2023-03-22 10:58:00+00:00,1.07876,1.07902,1.07874,1.07902,0
2023-03-22 10:59:00+00:00,1.07902,1.07927,1.07901,1.07912,0
2023-03-22 12:00:00+00:00,1.07988,1.0799,1.07978,1.07979,0
2023-03-22 12:01:00+00:00,1.07979,1.07979,1.07968,1.07971,0
2023-03-22 12:02:00+00:00,1.07972,1.0799,1.07972,1.07988,0
2023-03-22 12:03:00+00:00,1.07988,1.07997,1.07985,1.07991,0
2023-03-22 12:04:00+00:00,1.07991,1.07991,1.07968,1.07968,0
2023-03-22 12:05:00+00:00,1.07967,1.07972,1.07963,1.07964,0
2023-03-22 12:06:00+00:00,1.07963,1.07963,1.07956,1.07957,0
2023-03-22 12:07:00+00:00,1.07958,1.07961,1.07954,1.07955,0
2023-03-22 12:08:00+00:00,1.07953,1.0797,1.0795,1.07961,0
2023-03-22 12:09:00+00:00,1.07961,1.07966,1.0795,1.07966,0
2023-03-22 12:10:00+00:00,1.07966,1.07981,1.07966,1.07981,0
2023-03-22 12:11:00+00:00,1.0798,1.07985,1.0798,1.07982,0
2023-03-22 12:12:00+00:00,1.07982,1.07985,1.07975,1.07977,0
2023-03-22 12:13:00+00:00,1.07977,1.07977,1.07972,1.07972,0
2023-03-22 12:14:00+00:00,1.07971,1.07972,1.0796,1.07961,0
2023-03-22 12:15:00+00:00,1.0796,1.07967,1.0796,1.0796,0
2023-03-22 12:16:00+00:00,1.07961,1.07962,1.07955,1.07956,0
2023-03-22 12:17:00+00:00,1.07955,1.07957,1.07949,1.07949,0
2023-03-22 12:18:00+00:00,1.0795,1.07959,1.0795,1.07958,0
2023-03-22 12:19:00+00:00,1.07957,1.0796,1.07945,1.07945,0
2023-03-22 12:20:00+00:00,1.07947,1.07948,1.0794,1.07946,0
2023-03-22 12:21:00+00:00,1.07946,1.07946,1.07935,1.07936,0
2023-03-22 12:22:00+00:00,1.07935,1.07951,1.07933,1.07945,0
2023-03-22 12:23:00+00:00,1.07945,1.07945,1.07921,1.07923,0
2023-03-22 12:24:00+00:00,1.07922,1.07924,1.07911,1.07917,0
2023-03-22 12:25:00+00:00,1.07918,1.07918,1.07912,1.07914,0
2023-03-22 12:26:00+00:00,1.07912,1.07919,1.07912,1.07912,0
2023-03-22 12:27:00+00:00,1.0791,1.07911,1.07904,1.07906,0
2023-03-22 12:28:00+00:00,1.07905,1.0791,1.07904,1.07904,0
2023-03-22 12:29:00+00:00,1.07906,1.07907,1.07904,1.07904,0
2023-03-22 12:30:00+00:00,1.07906,1.07919,1.07903,1.07919,0
2023-03-22 12:31:00+00:00,1.07918,1.07925,1.07916,1.07923,0
2023-03-22 12:32:00+00:00,1.07922,1.07939,1.0792,1.07922,0
2023-03-22 12:33:00+00:00,1.07922,1.07929,1.07915,1.07929,0
2023-03-22 12:34:00+00:00,1.0793,1.07947,1.07928,1.07942,0
2023-03-22 12:35:00+00:00,1.07943,1.07956,1.07937,1.07941,0
2023-03-22 12:36:00+00:00,1.07943,1.07943,1.07917,1.0792,0
2023-03-22 12:37:00+00:00,1.07921,1.07936,1.07913,1.07928,0
2023-03-22 12:38:00+00:00,1.07922,1.07924,1.07912,1.07923,0
2023-03-22 12:39:00+00:00,1.07923,1.07923,1.07899,1.07905,0
2023-03-22 12:40:00+00:00,1.07905,1.07912,1.07899,1.079,0
2023-03-22 12:41:00+00:00,1.07899,1.07918,1.07897,1.07917,0
2023-03-22 12:42:00+00:00,1.07916,1.07919,1.07904,1.07907,0
2023-03-22 12:43:00+00:00,1.07908,1.07929,1.07907,1.07929,0
2023-03-22 12:44:00+00:00,1.07929,1.0793,1.07923,1.07924,0
2023-03-22 12:45:00+00:00,1.07923,1.07928,1.07919,1.07923,0
2023-03-22 12:46:00+00:00,1.07924,1.07932,1.07924,1.07931,0
2023-03-22 12:47:00+00:00,1.0793,1.07935,1.07923,1.07924,0
2023-03-22 12:48:00+00:00,1.07924,1.07924,1.07914,1.07915,0
2023-03-22 12:49:00+00:00,1.07915,1.07923,1.07915,1.07917,0
2023-03-22 12:50:00+00:00,1.07918,1.07926,1.07911,1.07925,0
2023-03-22 12:51:00+00:00,1.07925,1.07953,1.07924,1.07953,0
2023-03-22 12:52:00+00:00,1.07952,1.07971,1.0795,1.07965,0
2023-03-22 12:53:00+00:00,1.07965,1.07965,1.07943,1.07953,0
2023-03-22 12:54:00+00:00,1.07954,1.07954,1.07923,1.07939,0
2023-03-22 12:55:00+00:00,1.07938,1.07959,1.07934,1.07946,0
2023-03-22 12:56:00+00:00,1.0795,1.07956,1.07937,1.07955,0
2023-03-22 12:57:00+00:00,1.07956,1.07959,1.07935,1.07936,0
2023-03-22 12:58:00+00:00,1.07936,1.07949,1.07912,1.07913,0
2023-03-22 12:59:00+00:00,1.07914,1.07959,1.07914,1.0794,0
2023-03-22 14:00:00+00:00,1.08805,1.08816,1.08763,1.08785,0
2023-03-22 14:01:00+00:00,1.08787,1.088,1.08686,1.08693,0
2023-03-22 14:02:00+00:00,1.08694,1.08755,1.08678,1.08755,0
2023-03-22 14:03:00+00:00,1.08753,1.08777,1.08735,1.08761,0
2023-03-22 14:04:00+00:00,1.08759,1.08766,1.08564,1.08564,0
2023-03-22 14:05:00+00:00,1.08565,1.08654,1.08561,1.08644,0
2023-03-22 14:06:00+00:00,1.08643,1.08646,1.08556,1.08612,0
2023-03-22 14:07:00+00:00,1.08613,1.08664,1.08557,1.08655,0
2023-03-22 14:08:00+00:00,1.08654,1.08655,1.08554,1.08555,0
2023-03-22 14:09:00+00:00,1.08554,1.08601,1.08524,1.08597,0
2023-03-22 14:10:00+00:00,1.08597,1.08701,1.08596,1.08656,0
2023-03-22 14:11:00+00:00,1.08657,1.08672,1.08623,1.08628,0
2023-03-22 14:12:00+00:00,1.08628,1.08649,1.08566,1.08615,0
2023-03-22 14:13:00+00:00,1.08614,1.08657,1.08612,1.08651,0
2023-03-22 14:14:00+00:00,1.0865,1.0879,1.0865,1.08754,0
2023-03-22 14:15:00+00:00,1.08754,1.08755,1.08704,1.08752,0
2023-03-22 14:16:00+00:00,1.08752,1.08775,1.08697,1.0872,0
2023-03-22 14:17:00+00:00,1.08723,1.08786,1.08722,1.08784,0
2023-03-22 14:18:00+00:00,1.08785,1.08852,1.08758,1.0885,0
2023-03-22 14:19:00+00:00,1.0885,1.08852,1.08786,1.08794,0
2023-03-22 14:20:00+00:00,1.08793,1.08863,1.08785,1.08858,0
2023-03-22 14:21:00+00:00,1.08857,1.08873,1.08841,1.08843,0
2023-03-22 14:22:00+00:00,1.08843,1.08864,1.0881,1.08851,0
2023-03-22 14:23:00+00:00,1.08852,1.08872,1.08837,1.08846,0
2023-03-22 14:24:00+00:00,1.08847,1.08869,1.08838,1.08854,0
2023-03-22 14:25:00+00:00,1.08854,1.0888,1.08846,1.08869,0
2023-03-22 14:26:00+00:00,1.08868,1.08876,1.08851,1.08856,0
2023-03-22 14:27:00+00:00,1.08857,1.08876,1.08841,1.08868,0
2023-03-22 14:28:00+00:00,1.08868,1.0891,1.08868,1.08891,0
2023-03-22 14:29:00+00:00,1.08892,1.08925,1.0888,1.08921,0
2023-03-22 14:30:00+00:00,1.0892,1.08925,1.08879,1.08881,0
2023-03-22 14:31:00+00:00,1.08883,1.08887,1.08821,1.08825,0
2023-03-22 14:32:00+00:00,1.08826,1.08847,1.08817,1.08838,0
2023-03-22 14:33:00+00:00,1.08839,1.08841,1.08782,1.08788,0
2023-03-22 14:34:00+00:00,1.08789,1.08789,1.08748,1.08767,0
2023-03-22 14:35:00+00:00,1.0877,1.08787,1.08758,1.0876,0
2023-03-22 14:36:00+00:00,1.08758,1.08761,1.087,1.08725,0
2023-03-22 14:37:00+00:00,1.0873,1.0874,1.087,1.08736,0
2023-03-22 14:38:00+00:00,1.08735,1.08736,1.08701,1.08714,0
2023-03-22 14:39:00+00:00,1.08714,1.0874,1.08707,1.0873,0
2023-03-22 14:40:00+00:00,1.08731,1.08784,1.08731,1.0878,0
2023-03-22 14:41:00+00:00,1.08781,1.08784,1.08708,1.08725,0
2023-03-22 14:42:00+00:00,1.08726,1.08738,1.08705,1.08735,0
2023-03-22 14:43:00+00:00,1.08733,1.08738,1.08716,1.08728,0
2023-03-22 14:44:00+00:00,1.08729,1.08729,1.08672,1.08675,0
2023-03-22 14:45:00+00:00,1.08674,1.08674,1.08627,1.08652,0
2023-03-22 14:46:00+00:00,1.08651,1.08692,1.08643,1.08677,0
2023-03-22 14:47:00+00:00,1.08677,1.08701,1.08667,1.08692,0
2023-03-22 14:48:00+00:00,1.0869,1.08694,1.08665,1.08683,0
2023-03-22 14:49:00+00:00,1.08685,1.08714,1.08681,1.0871,0
2023-03-22 14:50:00+00:00,1.08708,1.08738,1.08702,1.08722,0
2023-03-22 14:51:00+00:00,1.08722,1.08735,1.08704,1.08729,0
2023-03-22 14:52:00+00:00,1.08728,1.08728,1.08692,1.08692,0
2023-03-22 14:53:00+00:00,1.08691,1.08712,1.0866,1.08671,0
2023-03-22 14:54:00+00:00,1.08673,1.08676,1.08635,1.08635,0
2023-03-22 14:55:00+00:00,1.08634,1.08645,1.08609,1.08613,0
2023-03-22 14:56:00+00:00,1.08615,1.08634,1.08593,1.08616,0
2023-03-22 14:57:00+00:00,1.08615,1.08646,1.08613,1.08645,0
2023-03-22 14:58:00+00:00,1.08645,1.08658,1.08628,1.08652,0
2023-03-22 14:59:00+00:00,1.08652,1.0866,1.08645,1.08653,0
2023-03-22 16:00:00+00:00,1.08535,1.08568,1.08531,1.08568,0
2023-03-22 16:01:00+00:00,1.08568,1.08578,1.08556,1.08573,0
2023-03-22 16:02:00+00:00,1.08573,1.08574,1.08573,1.08573,0
2023-03-22 16:03:00+00:00,1.08574,1.08588,1.08553,1.08574,0
2023-03-22 16:04:00+00:00,1.08565,1.0857,1.08559,1.08559,0
2023-03-22 16:05:00+00:00,1.08541,1.08568,1.08541,1.08568,0
2023-03-22 16:06:00+00:00,1.08565,1.08565,1.08563,1.08563,0
2023-03-22 16:07:00+00:00,1.08564,1.08564,1.08564,1.08564,0
2023-03-22 16:08:00+00:00,1.08561,1.08561,1.08561,1.08561,0
2023-03-22 16:09:00+00:00,1.08564,1.08565,1.08562,1.08565,0
2023-03-22 16:11:00+00:00,1.08561,1.08563,1.08561,1.08563,0
2023-03-22 16:12:00+00:00,1.08564,1.08566,1.08564,1.08566,0
2023-03-22 16:13:00+00:00,1.08567,1.08579,1.08567,1.08579,0
2023-03-22 16:14:00+00:00,1.08578,1.08581,1.08577,1.08577,0
2023-03-22 16:15:00+00:00,1.08577,1.08577,1.08573,1.08573,0
2023-03-22 16:16:00+00:00,1.08572,1.08573,1.08572,1.08573,0
2023-03-22 16:17:00+00:00,1.08563,1.08563,1.08563,1.08563,0
2023-03-22 16:18:00+00:00,1.08571,1.08575,1.08571,1.08575,0
2023-03-22 16:19:00+00:00,1.08576,1.0858,1.08576,1.0858,0
2023-03-22 16:20:00+00:00,1.08578,1.08584,1.08578,1.08583,0
2023-03-22 16:21:00+00:00,1.08581,1.08582,1.08579,1.08582,0
2023-03-22 16:22:00+00:00,1.0858,1.08581,1.0858,1.0858,0
2023-03-22 16:23:00+00:00,1.08566,1.08566,1.08566,1.08566,0
2023-03-22 16:24:00+00:00,1.08577,1.08577,1.08577,1.08577,0
2023-03-22 16:26:00+00:00,1.08566,1.08587,1.08564,1.08587,0
2023-03-22 16:27:00+00:00,1.08586,1.08587,1.08586,1.08587,0
2023-03-22 16:28:00+00:00,1.08582,1.08583,1.0858,1.08583,0
2023-03-22 16:29:00+00:00,1.08583,1.08583,1.08575,1.08583,0
2023-03-22 16:30:00+00:00,1.08584,1.08584,1.08577,1.08577,0
2023-03-22 16:31:00+00:00,1.08578,1.08578,1.08576,1.08576,0
2023-03-22 16:32:00+00:00,1.08574,1.08574,1.0857,1.08573,0
2023-03-22 16:33:00+00:00,1.08575,1.08577,1.08572,1.08574,0
2023-03-22 16:34:00+00:00,1.08572,1.08572,1.08568,1.08568,0
2023-03-22 16:35:00+00:00,1.08572,1.08572,1.08568,1.08568,0
2023-03-22 16:36:00+00:00,1.08568,1.08568,1.08568,1.08568,0
2023-03-22 16:37:00+00:00,1.08568,1.0857,1.08566,1.0857,0
2023-03-22 16:38:00+00:00,1.08569,1.0857,1.08569,1.0857,0
2023-03-22 16:39:00+00:00,1.0857,1.08571,1.08568,1.08568,0
2023-03-22 16:40:00+00:00,1.08569,1.08571,1.08568,1.08571,0
2023-03-22 16:41:00+00:00,1.0857,1.08571,1.0857,1.08571,0
2023-03-22 16:42:00+00:00,1.08569,1.0857,1.08569,1.0857,0
2023-03-22 16:43:00+00:00,1.08571,1.08577,1.08569,1.0857,0
2023-03-22 16:44:00+00:00,1.08569,1.08573,1.08568,1.08572,0
2023-03-22 16:45:00+00:00,1.08574,1.08588,1.08568,1.08581,0
2023-03-22 16:46:00+00:00,1.08582,1.08588,1.08581,1.08586,0
2023-03-22 16:47:00+00:00,1.08584,1.08584,1.08581,1.08583,0
2023-03-22 16:48:00+00:00,1.08581,1.08582,1.08578,1.08578,0
2023-03-22 16:49:00+00:00,1.08579,1.08585,1.08578,1.08578,0
2023-03-22 16:50:00+00:00,1.08579,1.08579,1.08578,1.08578,0
2023-03-22 16:51:00+00:00,1.08577,1.08578,1.08577,1.08578,0
2023-03-22 16:52:00+00:00,1.08577,1.08579,1.08577,1.08579,0
2023-03-22 16:53:00+00:00,1.0858,1.08585,1.08578,1.08579,0
2023-03-22 16:54:00+00:00,1.0858,1.08582,1.0858,1.08581,0
2023-03-22 16:55:00+00:00,1.08576,1.08579,1.08576,1.08579,0
2023-03-22 16:56:00+00:00,1.08578,1.08578,1.08574,1.08574,0
2023-03-22 16:57:00+00:00,1.08574,1.08578,1.08574,1.08576,0
2023-03-22 16:58:00+00:00,1.08577,1.0858,1.08575,1.0858,0
2023-03-22 16:59:00+00:00,1.08581,1.08581,1.08578,1.08578,0
2023-03-22 18:00:00+00:00,1.08577,1.08595,1.08577,1.08592,0
2023-03-22 18:01:00+00:00,1.08593,1.086,1.0859,1.08595,0
2023-03-22 18:02:00+00:00,1.08597,1.08598,1.08585,1.08594,0
2023-03-22 18:03:00+00:00,1.08595,1.086,1.08594,1.08594,0
2023-03-22 18:04:00+00:00,1.08595,1.08607,1.08595,1.08602,0
2023-03-22 18:05:00+00:00,1.08604,1.08618,1.08602,1.08616,0
2023-03-22 18:06:00+00:00,1.08617,1.08627,1.08617,1.08622,0
2023-03-22 18:07:00+00:00,1.08621,1.08621,1.08609,1.0862,0
2023-03-22 18:08:00+00:00,1.08619,1.08626,1.08615,1.08615,0
2023-03-22 18:09:00+00:00,1.08615,1.08622,1.08615,1.08621,0
2023-03-22 18:10:00+00:00,1.08621,1.08623,1.08613,1.0862,0
2023-03-22 18:11:00+00:00,1.08624,1.08633,1.08624,1.08629,0
2023-03-22 18:12:00+00:00,1.0863,1.08645,1.08628,1.08645,0
2023-03-22 18:13:00+00:00,1.08644,1.08644,1.08632,1.08634,0
2023-03-22 18:14:00+00:00,1.08634,1.08644,1.08634,1.0864,0
2023-03-22 18:15:00+00:00,1.08642,1.08664,1.08642,1.08659,0
2023-03-22 18:16:00+00:00,1.08658,1.08664,1.08652,1.08657,0
2023-03-22 18:17:00+00:00,1.08658,1.0866,1.08657,1.08657,0
2023-03-22 18:18:00+00:00,1.08658,1.08662,1.08657,1.08659,0
2023-03-22 18:19:00+00:00,1.08658,1.08658,1.08656,1.08657,0
2023-03-22 18:20:00+00:00,1.08655,1.08659,1.08649,1.08659,0
2023-03-22 18:21:00+00:00,1.08658,1.08666,1.08658,1.08666,0
2023-03-22 18:22:00+00:00,1.08667,1.0867,1.08665,1.08667,0
2023-03-22 18:23:00+00:00,1.08669,1.0867,1.08668,1.0867,0
2023-03-22 18:24:00+00:00,1.08673,1.08683,1.08672,1.08672,0
2023-03-22 18:25:00+00:00,1.08672,1.08672,1.08664,1.08672,0
2023-03-22 18:26:00+00:00,1.08671,1.08671,1.08662,1.08663,0
2023-03-22 18:27:00+00:00,1.08661,1.08664,1.08661,1.08664,0
2023-03-22 18:28:00+00:00,1.08664,1.08664,1.08654,1.08662,0
2023-03-22 18:29:00+00:00,1.08663,1.08663,1.08659,1.08659,0
2023-03-22 18:30:00+00:00,1.08658,1.08659,1.08656,1.08657,0
2023-03-22 18:31:00+00:00,1.08658,1.08665,1.08657,1.0866,0
2023-03-22 18:32:00+00:00,1.0866,1.08663,1.08657,1.08659,0
2023-03-22 18:33:00+00:00,1.08659,1.08662,1.08659,1.08659,0
2023-03-22 18:34:00+00:00,1.0866,1.0866,1.08648,1.0865,0
2023-03-22 18:35:00+00:00,1.08651,1.0866,1.08651,1.0866,0
2023-03-22 18:36:00+00:00,1.0866,1.08666,1.0866,1.08666,0
2023-03-22 18:37:00+00:00,1.08666,1.08668,1.08666,1.08666,0
2023-03-22 18:38:00+00:00,1.08667,1.08678,1.08667,1.08677,0
2023-03-22 18:39:00+00:00,1.0868,1.08687,1.08679,1.08686,0
2023-03-22 18:40:00+00:00,1.08685,1.08685,1.08682,1.08683,0
2023-03-22 18:41:00+00:00,1.08681,1.08685,1.08674,1.08683,0
2023-03-22 18:42:00+00:00,1.08684,1.08695,1.08684,1.08694,0
2023-03-22 18:43:00+00:00,1.08693,1.08701,1.08692,1.08699,0
2023-03-22 18:44:00+00:00,1.08699,1.08717,1.08696,1.08714,0
2023-03-22 18:45:00+00:00,1.08714,1.08714,1.08699,1.08699,0
2023-03-22 18:46:00+00:00,1.08701,1.08704,1.08699,1.087,0
2023-03-22 18:47:00+00:00,1.087,1.08703,1.08697,1.08698,0
2023-03-22 18:48:00+00:00,1.08698,1.08705,1.08698,1.08702,0
2023-03-22 18:49:00+00:00,1.08702,1.08709,1.087,1.08705,0
2023-03-22 18:50:00+00:00,1.08704,1.08704,1.0869,1.08693,0
2023-03-22 18:51:00+00:00,1.08693,1.087,1.08692,1.08692,0
2023-03-22 18:52:00+00:00,1.08692,1.08696,1.08685,1.08693,0
2023-03-22 18:53:00+00:00,1.08693,1.08696,1.08691,1.08696,0
2023-03-22 18:54:00+00:00,1.08696,1.08696,1.08687,1.08688,0
2023-03-22 18:55:00+00:00,1.08688,1.08693,1.08686,1.08687,0
2023-03-22 18:56:00+00:00,1.08688,1.08699,1.08688,1.08699,0
2023-03-22 18:57:00+00:00,1.087,1.087,1.08696,1.08698,0
2023-03-22 18:58:00+00:00,1.08698,1.08698,1.08688,1.08689,0
2023-03-22 18:59:00+00:00,1.08688,1.08689,1.08683,1.08688,0
2023-03-22 19:00:00+00:00,1.08689,1.08713,1.08684,1.08712,0
2023-03-22 19:01:00+00:00,1.08712,1.08724,1.08707,1.08715,0
2023-03-22 19:02:00+00:00,1.08716,1.0872,1.08707,1.0872,0
2023-03-22 19:03:00+00:00,1.08719,1.08732,1.08709,1.08728,0
2023-03-22 19:04:00+00:00,1.0873,1.0874,1.0873,1.0874,0
2023-03-22 19:05:00+00:00,1.0874,1.08744,1.08731,1.08741,0
2023-03-22 19:06:00+00:00,1.08743,1.08746,1.08732,1.08732,0
2023-03-22 19:07:00+00:00,1.08733,1.08733,1.08722,1.08732,0
2023-03-22 19:08:00+00:00,1.08733,1.08733,1.08725,1.08728,0
2023-03-22 19:09:00+00:00,1.08726,1.08738,1.08726,1.08738,0
2023-03-22 19:10:00+00:00,1.08741,1.08748,1.08741,1.08746,0
2023-03-22 19:11:00+00:00,1.08746,1.0875,1.08744,1.08746,0
2023-03-22 19:12:00+00:00,1.08746,1.08748,1.0873,1.08737,0
2023-03-22 19:13:00+00:00,1.08738,1.08742,1.08727,1.08732,0
2023-03-22 19:14:00+00:00,1.08732,1.08747,1.08732,1.08746,0
2023-03-22 19:15:00+00:00,1.08748,1.08749,1.08745,1.08746,0
2023-03-22 19:16:00+00:00,1.08744,1.08744,1.08732,1.08743,0
2023-03-22 19:17:00+00:00,1.08743,1.08745,1.08717,1.08718,0
2023-03-22 19:18:00+00:00,1.08717,1.08733,1.08717,1.08726,0
2023-03-22 19:19:00+00:00,1.08724,1.08724,1.08711,1.08711,0
2023-03-22 19:20:00+00:00,1.08711,1.08721,1.08709,1.08721,0
2023-03-22 19:21:00+00:00,1.08722,1.08722,1.08713,1.08715,0
2023-03-22 19:22:00+00:00,1.08715,1.08715,1.08698,1.087,0
2023-03-22 19:23:00+00:00,1.08699,1.08712,1.08699,1.08706,0
2023-03-22 19:24:00+00:00,1.08704,1.08712,1.087,1.08711,0
2023-03-22 19:25:00+00:00,1.08712,1.08722,1.08706,1.08717,0
2023-03-22 19:26:00+00:00,1.08716,1.08717,1.08709,1.08711,0
2023-03-22 19:27:00+00:00,1.08711,1.08727,1.08708,1.08719,0
2023-03-22 19:28:00+00:00,1.08719,1.08739,1.08719,1.08729,0
2023-03-22 19:29:00+00:00,1.08728,1.08734,1.08727,1.08731,0
2023-03-22 19:30:00+00:00,1.08731,1.0874,1.08731,1.08736,0
2023-03-22 19:31:00+00:00,1.08735,1.08758,1.08735,1.08756,0
2023-03-22 19:32:00+00:00,1.08757,1.08759,1.08756,1.08756,0
2023-03-22 19:33:00+00:00,1.08755,1.08755,1.08731,1.08732,0
2023-03-22 19:34:00+00:00,1.08732,1.08741,1.08721,1.08722,0
2023-03-22 19:35:00+00:00,1.08722,1.0874,1.08722,1.08734,0
2023-03-22 19:36:00+00:00,1.08734,1.08738,1.08729,1.08732,0
2023-03-22 19:37:00+00:00,1.08731,1.08736,1.0873,1.08736,0
2023-03-22 19:38:00+00:00,1.08735,1.08741,1.08735,1.08737,0
2023-03-22 19:39:00+00:00,1.08737,1.08752,1.08737,1.08748,0
2023-03-22 19:40:00+00:00,1.08748,1.08754,1.08733,1.08735,0
2023-03-22 19:41:00+00:00,1.08736,1.08738,1.08731,1.08732,0
2023-03-22 19:42:00+00:00,1.08732,1.08736,1.08727,1.08728,0
2023-03-22 19:43:00+00:00,1.08728,1.0873,1.08726,1.08729,0
2023-03-22 19:44:00+00:00,1.08729,1.08738,1.08727,1.08735,0
2023-03-22 19:45:00+00:00,1.08733,1.08734,1.08727,1.08731,0
2023-03-22 19:46:00+00:00,1.08732,1.08741,1.08731,1.08739,0
2023-03-22 19:47:00+00:00,1.08739,1.08743,1.08737,1.0874,0
2023-03-22 19:48:00+00:00,1.08741,1.08753,1.08736,1.08736,0
2023-03-22 19:49:00+00:00,1.08736,1.08745,1.08728,1.08744,0
2023-03-22 19:50:00+00:00,1.08744,1.08763,1.08738,1.08761,0
2023-03-22 19:51:00+00:00,1.0876,1.08773,1.08755,1.08764,0
2023-03-22 19:52:00+00:00,1.08764,1.08804,1.08755,1.08795,0
2023-03-22 19:53:00+00:00,1.08793,1.08796,1.08787,1.08792,0
2023-03-22 19:54:00+00:00,1.08793,1.08796,1.0878,1.08784,0
2023-03-22 19:55:00+00:00,1.08781,1.08789,1.08776,1.08786,0
2023-03-22 19:56:00+00:00,1.08785,1.08807,1.08776,1.08805,0
2023-03-22 19:57:00+00:00,1.08806,1.08812,1.08799,1.0881,0
2023-03-22 19:58:00+00:00,1.08808,1.08827,1.08805,1.08822,0
2023-03-22 19:59:00+00:00,1.08824,1.08835,1.08819,1.08834,0
2023-03-22 20:00:00+00:00,1.08832,1.08834,1.08817,1.0882,0
2023-03-22 20:01:00+00:00,1.08819,1.08826,1.08813,1.08815,0
2023-03-22 20:02:00+00:00,1.08817,1.08826,1.08817,1.08826,0
2023-03-22 20:03:00+00:00,1.08826,1.08827,1.08813,1.08822,0
2023-03-22 20:04:00+00:00,1.08822,1.08836,1.08821,1.08824,0
2023-03-22 20:05:00+00:00,1.08826,1.08827,1.08818,1.08821,0
2023-03-22 20:06:00+00:00,1.0882,1.08823,1.08811,1.08814,0
2023-03-22 20:07:00+00:00,1.08813,1.08826,1.0881,1.08825,0
2023-03-22 20:08:00+00:00,1.08824,1.08846,1.08823,1.08846,0
2023-03-22 20:09:00+00:00,1.08847,1.08854,1.08831,1.08834,0
2023-03-22 20:10:00+00:00,1.08834,1.08844,1.08833,1.08835,0
2023-03-22 20:11:00+00:00,1.08835,1.08843,1.08832,1.08837,0
2023-03-22 20:12:00+00:00,1.08838,1.08841,1.0882,1.08821,0
2023-03-22 20:13:00+00:00,1.08822,1.08825,1.08805,1.08813,0
2023-03-22 20:14:00+00:00,1.08814,1.08825,1.08814,1.08822,0
2023-03-22 20:15:00+00:00,1.08823,1.08836,1.08821,1.08834,0
2023-03-22 20:16:00+00:00,1.08834,1.08837,1.08831,1.08833,0
2023-03-22 20:17:00+00:00,1.08835,1.08844,1.08833,1.08839,0
2023-03-22 20:18:00+00:00,1.08839,1.08839,1.08825,1.08834,0
2023-03-22 20:19:00+00:00,1.08833,1.08836,1.08826,1.08835,0
2023-03-22 20:20:00+00:00,1.08833,1.08842,1.08833,1.08841,0
2023-03-22 20:21:00+00:00,1.08843,1.08851,1.08836,1.08836,0
2023-03-22 20:22:00+00:00,1.08836,1.0884,1.08823,1.08826,0
2023-03-22 20:23:00+00:00,1.08826,1.08831,1.08823,1.08826,0
2023-03-22 20:24:00+00:00,1.08826,1.08829,1.08818,1.08823,0
2023-03-22 20:25:00+00:00,1.08826,1.08826,1.08816,1.08826,0
2023-03-22 20:26:00+00:00,1.08826,1.0883,1.08822,1.08825,0
2023-03-22 20:27:00+00:00,1.08826,1.08826,1.08808,1.08809,0
2023-03-22 20:28:00+00:00,1.08809,1.08817,1.08796,1.0881,0
2023-03-22 20:29:00+00:00,1.08811,1.08811,1.08789,1.088,0
2023-03-22 20:30:00+00:00,1.088,1.08834,1.08792,1.08834,0
2023-03-22 20:31:00+00:00,1.08831,1.08831,1.08811,1.08811,0
2023-03-22 20:32:00+00:00,1.08811,1.08832,1.08808,1.08812,0
2023-03-22 20:33:00+00:00,1.08812,1.08825,1.08803,1.08822,0
2023-03-22 20:34:00+00:00,1.08822,1.08828,1.08817,1.08826,0
2023-03-22 20:35:00+00:00,1.08827,1.08834,1.0882,1.08824,0
2023-03-22 20:36:00+00:00,1.08825,1.08827,1.08813,1.08814,0
2023-03-22 20:37:00+00:00,1.08812,1.08817,1.08803,1.08805,0
2023-03-22 20:38:00+00:00,1.08804,1.08807,1.08796,1.08806,0
2023-03-22 20:39:00+00:00,1.08806,1.08807,1.088,1.08804,0
2023-03-22 20:40:00+00:00,1.08806,1.08822,1.08806,1.08818,0
2023-03-22 20:41:00+00:00,1.08817,1.08826,1.08817,1.08817,0
2023-03-22 20:42:00+00:00,1.08818,1.08828,1.08817,1.08823,0
2023-03-22 20:43:00+00:00,1.08823,1.08823,1.08813,1.08814,0
2023-03-22 20:44:00+00:00,1.08813,1.08813,1.08807,1.08812,0
2023-03-22 20:45:00+00:00,1.08815,1.08836,1.08815,1.08832,0
2023-03-22 20:46:00+00:00,1.08833,1.08846,1.08833,1.08846,0
2023-03-22 20:47:00+00:00,1.08847,1.08852,1.08842,1.08848,0
2023-03-22 20:48:00+00:00,1.08848,1.08848,1.08839,1.08839,0
2023-03-22 20:49:00+00:00,1.0884,1.08842,1.08831,1.08835,0
2023-03-22 20:50:00+00:00,1.08836,1.08843,1.08834,1.08836,0
2023-03-22 20:51:00+00:00,1.08836,1.08847,1.08836,1.08846,0
2023-03-22 20:52:00+00:00,1.08847,1.08851,1.08835,1.08846,0
2023-03-22 20:53:00+00:00,1.08847,1.08849,1.08841,1.08847,0
2023-03-22 20:54:00+00:00,1.08849,1.08858,1.08846,1.08855,0
2023-03-22 20:55:00+00:00,1.08855,1.0886,1.08849,1.08856,0
2023-03-22 20:56:00+00:00,1.08856,1.08858,1.0884,1.08852,0
2023-03-22 20:57:00+00:00,1.08851,1.08853,1.08846,1.08846,0
2023-03-22 20:58:00+00:00,1.08847,1.08882,1.08847,1.08872,0
2023-03-22 20:59:00+00:00,1.08871,1.08877,1.08862,1.08864,0
2023-03-22 21:00:00+00:00,1.08864,1.08873,1.0886,1.0886,0
2023-03-22 21:01:00+00:00,1.08861,1.08865,1.0886,1.08864,0
2023-03-22 21:02:00+00:00,1.08864,1.08864,1.08852,1.08853,0
2023-03-22 21:03:00+00:00,1.08855,1.08856,1.08836,1.08841,0
2023-03-22 21:04:00+00:00,1.0884,1.08849,1.0884,1.08844,0
2023-03-22 21:05:00+00:00,1.08845,1.08846,1.0883,1.08833,0
2023-03-22 21:06:00+00:00,1.08831,1.08847,1.08828,1.0883,0
2023-03-22 21:07:00+00:00,1.08831,1.08831,1.08821,1.08829,0
2023-03-22 21:08:00+00:00,1.08828,1.08842,1.08828,1.0884,0
2023-03-22 21:09:00+00:00,1.08841,1.08851,1.08841,1.08846,0
2023-03-22 21:10:00+00:00,1.08846,1.08856,1.08844,1.08855,0
2023-03-22 21:11:00+00:00,1.08855,1.08865,1.08855,1.08859,0
2023-03-22 21:12:00+00:00,1.0886,1.08876,1.08857,1.08872,0
2023-03-22 21:13:00+00:00,1.08872,1.08882,1.0887,1.08876,0
2023-03-22 21:14:00+00:00,1.08876,1.08885,1.08874,1.08882,0
2023-03-22 21:15:00+00:00,1.08882,1.08892,1.08881,1.08885,0
2023-03-22 21:16:00+00:00,1.08886,1.089,1.08884,1.08895,0
2023-03-22 21:17:00+00:00,1.08897,1.08904,1.08895,1.089,0
2023-03-22 21:18:00+00:00,1.08902,1.08904,1.08894,1.08901,0
2023-03-22 21:19:00+00:00,1.08902,1.0891,1.08897,1.08909,0
2023-03-22 21:20:00+00:00,1.0891,1.08912,1.08899,1.08904,0
2023-03-22 21:21:00+00:00,1.08905,1.08907,1.08895,1.08897,0
2023-03-22 21:22:00+00:00,1.08897,1.08915,1.08897,1.0891,0
2023-03-22 21:23:00+00:00,1.0891,1.08919,1.08909,1.08914,0
2023-03-22 21:24:00+00:00,1.08913,1.08922,1.08913,1.08917,0
2023-03-22 21:25:00+00:00,1.08916,1.08916,1.08899,1.08899,0
2023-03-22 21:26:00+00:00,1.089,1.08904,1.08893,1.08899,0
2023-03-22 21:27:00+00:00,1.08901,1.08907,1.08897,1.08905,0
2023-03-22 21:28:00+00:00,1.08906,1.08908,1.08904,1.08908,0
2023-03-22 21:29:00+00:00,1.08911,1.08913,1.08903,1.0891,0
2023-03-22 21:30:00+00:00,1.08911,1.08926,1.08909,1.08923,0
2023-03-22 21:31:00+00:00,1.08922,1.08926,1.08918,1.08922,0
2023-03-22 21:32:00+00:00,1.08923,1.08931,1.08913,1.08931,0
2023-03-22 21:33:00+00:00,1.08931,1.08944,1.08931,1.08938,0
2023-03-22 21:34:00+00:00,1.08939,1.08941,1.08933,1.08936,0
2023-03-22 21:35:00+00:00,1.08935,1.08935,1.08907,1.08907,0
2023-03-22 21:36:00+00:00,1.08907,1.08909,1.08894,1.08904,0
2023-03-22 21:37:00+00:00,1.08905,1.08908,1.08896,1.08896,0
2023-03-22 21:38:00+00:00,1.08895,1.08919,1.08895,1.08917,0
2023-03-22 21:39:00+00:00,1.08917,1.0893,1.08917,1.08919,0
2023-03-22 21:40:00+00:00,1.0892,1.08934,1.0892,1.08932,0
2023-03-22 21:41:00+00:00,1.08934,1.0894,1.0893,1.08939,0
2023-03-22 21:42:00+00:00,1.08939,1.08953,1.08939,1.08942,0
2023-03-22 21:43:00+00:00,1.08943,1.08948,1.08934,1.08944,0
2023-03-22 21:44:00+00:00,1.08943,1.08944,1.08935,1.08938,0
2023-03-22 21:45:00+00:00,1.08938,1.08948,1.08938,1.08945,0
2023-03-22 21:46:00+00:00,1.08946,1.08954,1.08944,1.08954,0
2023-03-22 21:47:00+00:00,1.08954,1.08965,1.08954,1.08963,0
2023-03-22 21:48:00+00:00,1.08963,1.08978,1.08963,1.08971,0
2023-03-22 21:49:00+00:00,1.0897,1.08975,1.08969,1.08971,0
2023-03-22 21:50:00+00:00,1.08972,1.08984,1.08967,1.08984,0
2023-03-22 21:51:00+00:00,1.08984,1.08987,1.08977,1.08981,0
2023-03-22 21:52:00+00:00,1.0898,1.08988,1.08979,1.08979,0
2023-03-22 21:53:00+00:00,1.0898,1.08988,1.08965,1.08969,0
2023-03-22 21:54:00+00:00,1.08968,1.08982,1.08964,1.08974,0
2023-03-22 21:55:00+00:00,1.08976,1.08978,1.08963,1.08964,0
2023-03-22 21:56:00+00:00,1.08965,1.0897,1.08961,1.08963,0
2023-03-22 21:57:00+00:00,1.08963,1.08971,1.08954,1.08956,0
2023-03-22 21:58:00+00:00,1.08956,1.08961,1.08955,1.08955,0
2023-03-22 21:59:00+00:00,1.08955,1.0896,1.08949,1.08955,0
2023-03-22 22:00:00+00:00,1.08955,1.08961,1.08946,1.08946,0
2023-03-22 22:01:00+00:00,1.08947,1.08951,1.08933,1.08933,0
2023-03-22 22:02:00+00:00,1.08933,1.08942,1.0893,1.08938,0
2023-03-22 22:03:00+00:00,1.08939,1.08942,1.08933,1.08941,0
2023-03-22 22:04:00+00:00,1.08945,1.0895,1.08939,1.08945,0
2023-03-22 22:05:00+00:00,1.08947,1.08957,1.08947,1.08954,0
2023-03-22 22:06:00+00:00,1.08956,1.08967,1.08954,1.08962,0
2023-03-22 22:07:00+00:00,1.08963,1.08982,1.08959,1.0898,0
2023-03-22 22:08:00+00:00,1.08978,1.08999,1.08976,1.08999,0
2023-03-22 22:09:00+00:00,1.08999,1.09013,1.08995,1.08997,0
2023-03-22 22:10:00+00:00,1.08996,1.09007,1.08995,1.09004,0
2023-03-22 22:11:00+00:00,1.09005,1.09009,1.09,1.09003,0
2023-03-22 22:12:00+00:00,1.09002,1.09002,1.08986,1.08986,0
2023-03-22 22:13:00+00:00,1.08985,1.08987,1.0898,1.08981,0
2023-03-22 22:14:00+00:00,1.08982,1.08992,1.08982,1.08992,0
2023-03-22 22:15:00+00:00,1.08991,1.08993,1.08976,1.08976,0
2023-03-22 22:16:00+00:00,1.08977,1.0901,1.08972,1.0901,0
2023-03-22 22:17:00+00:00,1.09012,1.0902,1.08996,1.08999,0
2023-03-22 22:18:00+00:00,1.09,1.09006,1.08991,1.08998,0
2023-03-22 22:19:00+00:00,1.08999,1.09016,1.08998,1.09015,0
2023-03-22 22:20:00+00:00,1.09013,1.09023,1.09012,1.09022,0
2023-03-22 22:21:00+00:00,1.09022,1.09056,1.09021,1.09039,0
2023-03-22 22:22:00+00:00,1.09037,1.09037,1.09023,1.09026,0
2023-03-22 22:23:00+00:00,1.09024,1.09027,1.09002,1.09002,0
2023-03-22 22:24:00+00:00,1.09003,1.09012,1.08988,1.08995,0
2023-03-22 22:25:00+00:00,1.08995,1.08997,1.08975,1.08979,0
2023-03-22 22:26:00+00:00,1.0898,1.0898,1.08971,1.08972,0
2023-03-22 22:27:00+00:00,1.0897,1.08973,1.08967,1.08972,0
2023-03-22 22:28:00+00:00,1.08971,1.0898,1.08966,1.08976,0
2023-03-22 22:29:00+00:00,1.08976,1.08976,1.08965,1.08966,0
2023-03-22 22:30:00+00:00,1.08966,1.08986,1.08962,1.08984,0
2023-03-22 22:31:00+00:00,1.08984,1.0899,1.08979,1.08983,0
2023-03-22 22:32:00+00:00,1.08984,1.08993,1.08978,1.08987,0
2023-03-22 22:33:00+00:00,1.08988,1.08996,1.08988,1.08991,0
2023-03-22 22:34:00+00:00,1.08991,1.08992,1.08975,1.08978,0
2023-03-22 22:35:00+00:00,1.08976,1.08977,1.08965,1.08972,0
2023-03-22 22:36:00+00:00,1.08971,1.08987,1.08971,1.08982,0
2023-03-22 22:37:00+00:00,1.08982,1.08983,1.08972,1.08972,0
2023-03-22 22:38:00+00:00,1.08973,1.08982,1.08973,1.08977,0
2023-03-22 22:39:00+00:00,1.08977,1.08983,1.08968,1.08972,0
2023-03-22 22:40:00+00:00,1.08973,1.08992,1.08972,1.08988,0
2023-03-22 22:41:00+00:00,1.08988,1.08999,1.08986,1.08986,0
2023-03-22 22:42:00+00:00,1.08987,1.08991,1.0898,1.08987,0
2023-03-22 22:43:00+00:00,1.08986,1.08986,1.08975,1.08984,0
2023-03-22 22:44:00+00:00,1.08984,1.08987,1.08981,1.08987,0
2023-03-22 22:45:00+00:00,1.08988,1.08997,1.08988,1.08997,0
2023-03-22 22:46:00+00:00,1.08997,1.09008,1.08997,1.09003,0
2023-03-22 22:47:00+00:00,1.09004,1.09007,1.08992,1.08992,0
2023-03-22 22:48:00+00:00,1.08993,1.09006,1.08992,1.09006,0
2023-03-22 22:49:00+00:00,1.09008,1.09009,1.08999,1.09001,0
2023-03-22 22:50:00+00:00,1.08999,1.08999,1.08994,1.08997,0
2023-03-22 22:51:00+00:00,1.08998,1.09009,1.08998,1.09007,0
2023-03-22 22:52:00+00:00,1.09006,1.09011,1.09003,1.0901,0
2023-03-22 22:53:00+00:00,1.09012,1.09013,1.09008,1.09008,0
2023-03-22 22:54:00+00:00,1.0901,1.09014,1.09009,1.09013,0
2023-03-22 22:55:00+00:00,1.09012,1.09012,1.09002,1.09007,0
2023-03-22 22:56:00+00:00,1.09006,1.09008,1.09,1.09005,0
2023-03-22 22:57:00+00:00,1.09004,1.09017,1.09004,1.09016,0
2023-03-22 22:58:00+00:00,1.0902,1.09022,1.09008,1.0901,0
2023-03-22 22:59:00+00:00,1.09011,1.09011,1.09001,1.09008,0
2023-03-22 23:00:00+00:00,1.09007,1.09007,1.08985,1.08986,0
2023-03-22 23:01:00+00:00,1.08985,1.08985,1.0897,1.08979,0
2023-03-22 23:02:00+00:00,1.08978,1.08986,1.08978,1.08985,0
2023-03-22 23:03:00+00:00,1.08986,1.08987,1.08982,1.08987,0
2023-03-22 23:04:00+00:00,1.08986,1.0899,1.0898,1.08981,0
2023-03-22 23:05:00+00:00,1.08982,1.08985,1.0898,1.08984,0
2023-03-22 23:06:00+00:00,1.08983,1.08983,1.08975,1.08976,0
2023-03-22 23:07:00+00:00,1.08976,1.08985,1.08965,1.08965,0
2023-03-22 23:08:00+00:00,1.08963,1.08972,1.08962,1.08962,0
2023-03-22 23:09:00+00:00,1.08962,1.08965,1.08954,1.08957,0
2023-03-22 23:10:00+00:00,1.08956,1.08958,1.08949,1.0895,0
2023-03-22 23:11:00+00:00,1.08951,1.08957,1.0895,1.08952,0
2023-03-22 23:12:00+00:00,1.08952,1.08952,1.0895,1.08951,0
2023-03-22 23:13:00+00:00,1.08951,1.08957,1.0895,1.08957,0
2023-03-22 23:14:00+00:00,1.08956,1.0896,1.08952,1.08955,0
2023-03-22 23:15:00+00:00,1.08956,1.08971,1.08956,1.08971,0
2023-03-22 23:16:00+00:00,1.08972,1.08981,1.08968,1.08978,0
2023-03-22 23:17:00+00:00,1.08979,1.08992,1.08978,1.08981,0
2023-03-22 23:18:00+00:00,1.08981,1.08982,1.08971,1.08975,0
2023-03-22 23:19:00+00:00,1.08976,1.08977,1.08962,1.08963,0
2023-03-22 23:20:00+00:00,1.08964,1.08967,1.08963,1.08965,0
2023-03-22 23:21:00+00:00,1.08966,1.08981,1.08965,1.08981,0
2023-03-22 23:22:00+00:00,1.0898,1.08985,1.08975,1.08981,0
2023-03-22 23:23:00+00:00,1.08979,1.08986,1.08979,1.08986,0
2023-03-22 23:24:00+00:00,1.08988,1.08988,1.08976,1.08976,0
2023-03-22 23:25:00+00:00,1.08977,1.08996,1.08977,1.08993,0
2023-03-22 23:26:00+00:00,1.08995,1.09008,1.08995,1.09005,0
2023-03-22 23:27:00+00:00,1.09006,1.09008,1.08998,1.08998,0
2023-03-22 23:28:00+00:00,1.08998,1.09008,1.08998,1.09006,0
2023-03-22 23:29:00+00:00,1.09005,1.09014,1.09001,1.09012,0
2023-03-22 23:30:00+00:00,1.09013,1.09013,1.09,1.09005,0
2023-03-22 23:31:00+00:00,1.09004,1.09005,1.09,1.09001,0
2023-03-22 23:32:00+00:00,1.09002,1.09002,1.08999,1.09,0
2023-03-22 23:33:00+00:00,1.08999,1.08999,1.08995,1.08996,0
2023-03-22 23:34:00+00:00,1.08997,1.08998,1.08992,1.08994,0
2023-03-22 23:35:00+00:00,1.08996,1.08996,1.08988,1.0899,0
2023-03-22 23:36:00+00:00,1.08991,1.08991,1.0899,1.0899,0
2023-03-22 23:37:00+00:00,1.08992,1.08994,1.08991,1.08993,0
2023-03-22 23:38:00+00:00,1.08992,1.08992,1.08983,1.08989,0
2023-03-22 23:39:00+00:00,1.0899,1.0899,1.08977,1.08977,0
2023-03-22 23:40:00+00:00,1.08977,1.08982,1.08976,1.08981,0
2023-03-22 23:41:00+00:00,1.08982,1.08987,1.08976,1.08986,0
2023-03-22 23:42:00+00:00,1.08985,1.08991,1.08985,1.08988,0
2023-03-22 23:43:00+00:00,1.08989,1.08991,1.08985,1.08989,0
2023-03-22 23:44:00+00:00,1.08988,1.08988,1.08978,1.08981,0
2023-03-22 23:45:00+00:00,1.08982,1.08985,1.08979,1.08985,0
2023-03-22 23:46:00+00:00,1.08987,1.08987,1.08982,1.08985,0
2023-03-22 23:47:00+00:00,1.08986,1.08986,1.08978,1.0898,0
2023-03-22 23:48:00+00:00,1.08981,1.08987,1.0898,1.08986,0
2023-03-22 23:49:00+00:00,1.08988,1.08991,1.08984,1.08985,0
2023-03-22 23:50:00+00:00,1.08985,1.08987,1.08985,1.08986,0
2023-03-22 23:51:00+00:00,1.08987,1.08987,1.08978,1.08985,0
2023-03-22 23:52:00+00:00,1.08987,1.08996,1.08986,1.08992,0
2023-03-22 23:53:00+00:00,1.08993,1.09017,1.08993,1.09013,0
2023-03-22 23:54:00+00:00,1.09014,1.09024,1.09013,1.09016,0
2023-03-22 23:55:00+00:00,1.09016,1.09021,1.09015,1.09017,0
2023-03-22 23:56:00+00:00,1.09018,1.09026,1.09018,1.09024,0
2023-03-22 23:57:00+00:00,1.09025,1.09035,1.09021,1.09035,0
2023-03-22 23:58:00+00:00,1.09036,1.09042,1.09032,1.09032,0
2023-03-22 23:59:00+00:00,1.09033,1.09039,1.09032,1.09035,0
