Date,Cash & Deposits,Tbills,O/N Repo,Total Assets,L,D,K,New Estimate Reserves, USDC Market Cap 
9/30/22,9212857953.00,38266665985.00,0.00,47479523938.00,0.19,0.81,0.00,47698230859.54,47479523938.00
10/1/22,9212857953.00,38266665985.00,0.00,47479523938.00,0.19,0.81,0.00,47535527434.07,47317566543.66
10/2/22,9212857953.00,38266665985.00,0.00,47479523938.00,0.19,0.81,0.00,47434526169.45,47217028392.14
10/3/22,9212857953.00,38649332644.85,0.00,47862190597.85,0.19,0.81,0.01,48031702643.29,47429205566.80
10/4/22,9212857953.00,37170995671.18,0.00,46383853624.18,0.20,0.80,-0.03,45882506008.49,47127777473.43
10/5/22,9212857953.00,37263923160.36,0.00,46476781113.36,0.20,0.80,0.01,47077017391.83,46767462842.16
10/6/22,9212857953.00,37217343256.41,0.00,46430201209.41,0.20,0.80,0.00,46579527244.43,46412465271.41
10/7/22,9212857953.00,37422038644.32,0.00,46634896597.32,0.20,0.80,0.01,46606325718.94,46188993440.89
10/8/22,9212857953.00,37422038644.32,0.00,46634896597.32,0.20,0.80,0.00,46423801020.69,46210937641.39
10/9/22,9212857953.00,37422038644.32,0.00,46634896597.32,0.20,0.80,0.00,46267106400.84,46054961500.97
10/10/22,9212857953.00,37422038644.32,0.00,46634896597.32,0.20,0.80,0.00,46186411389.03,45974636493.61
10/11/22,9212857953.00,36636175832.79,0.00,45849033785.79,0.20,0.80,-0.01,45401224697.05,45967669158.00
10/12/22,9212857953.00,35024184096.15,0.00,44237042049.15,0.21,0.79,-0.03,44537319398.42,45948598246.08
10/13/22,9212857953.00,34244896000.01,0.00,43457753953.01,0.21,0.79,-0.01,45268516288.88,45868986890.18
10/14/22,9212857953.00,34142161312.01,0.00,43355019265.01,0.21,0.79,0.00,45611139189.74,45509587292.73
10/15/22,9212857953.00,34142161312.01,0.00,43355019265.01,0.21,0.79,0.00,45159333555.22,44952268038.48
10/16/22,9212857953.00,34142161312.01,0.00,43355019265.01,0.21,0.79,0.00,45222086649.40,45014733395.86
10/17/22,9212857953.00,33740990916.59,0.00,42953848869.59,0.21,0.79,0.00,44796175961.04,45007234186.12
10/18/22,9212857953.00,32669714454.99,0.00,41882572407.99,0.22,0.78,-0.02,43841172871.04,44756383398.37
10/19/22,9212857953.00,31934645879.75,0.00,41147503832.75,0.22,0.78,-0.01,43972687557.36,44552999522.06
10/20/22,9212857953.00,31902711233.87,0.00,41115569186.87,0.22,0.78,0.00,44569165256.99,44399264134.66
10/21/22,9212857953.00,31902711233.87,0.00,41115569186.87,0.22,0.78,0.00,44117693026.46,43915403661.56
10/22/22,9212857953.00,31902711233.87,0.00,41115569186.87,0.22,0.78,0.00,44102359208.27,43900140152.31
10/23/22,9212857953.00,31902711233.87,0.00,41115569186.87,0.22,0.78,0.00,44115756193.95,43913475709.85
10/24/22,9212857953.00,31727246322.09,0.00,40940104275.09,0.23,0.77,0.00,43937138728.20,43923123683.41
10/25/22,9212857953.00,31576541902.06,0.00,40789399855.06,0.23,0.77,0.00,43814243529.51,43774483587.58
10/26/22,9212857953.00,31639694985.86,0.00,40852552938.86,0.23,0.77,0.01,44029994063.93,43760353889.54
10/27/22,9212857953.00,31560595748.40,0.00,40773453701.40,0.23,0.77,0.00,43939771964.78,43823149351.62
10/28/22,9212857953.00,31244989790.91,0.00,40457847743.91,0.23,0.77,0.00,43831959251.08,43971339153.10
10/29/22,9212857953.00,31244989790.91,0.00,40457847743.91,0.23,0.77,0.00,43937098118.34,43735636820.98
10/30/22,9212857953.00,31244989790.91,0.00,40457847743.91,0.23,0.77,0.00,43888642818.42,43687403699.30
10/31/22,9212857953.00,31198122306.23,0.00,40410980259.23,0.23,0.77,0.00,43801222016.23,43650950203.29
11/1/22,9212857953.00,30792546716.25,0.00,40005404669.25,0.23,0.77,-0.01,43167265606.38,43404958127.33
11/2/22,9212857953.00,30746357896.17,0.00,39959215849.17,0.23,0.77,0.00,43150493569.03,43002287942.34
11/3/22,9212857953.00,30738671306.70,0.00,39951529259.70,0.23,0.77,0.00,42771170601.98,42583246690.08
11/4/22,9212857953.00,30923103334.54,0.00,40135961287.54,0.23,0.77,0.01,42523917839.08,42134427139.33
11/5/22,9212857953.00,30923103334.54,0.00,40135961287.54,0.23,0.77,0.00,42290073665.32,42096164338.78
11/6/22,9212857953.00,30923103334.54,0.00,40135961287.54,0.23,0.77,0.00,42246546250.35,42052836506.62
11/7/22,9212857953.00,31162757385.38,0.00,40375615338.38,0.23,0.77,0.01,42776355463.87,42327476716.89
11/8/22,9212857953.00,30352525693.36,0.00,39565383646.36,0.23,0.77,-0.02,42655082001.09,43328997278.23
11/9/22,9212857953.00,30261468116.28,0.00,39474326069.28,0.23,0.77,0.00,42790064668.43,42692116354.96
11/10/22,9212857953.00,30458167659.04,0.00,39671025612.04,0.23,0.77,0.01,43197593752.69,42786320122.94
11/11/22,9212857953.00,30458167659.04,0.00,39671025612.04,0.23,0.77,0.00,43851679412.28,43650609778.55
11/12/22,9212857953.00,30458167659.04,0.00,39671025612.04,0.23,0.77,0.00,44087461923.56,43885311174.95
11/13/22,9212857953.00,30458167659.04,0.00,39671025612.04,0.23,0.77,0.00,44266011094.58,44063041658.59
11/14/22,9212857953.00,30473396742.87,0.00,39686254695.87,0.23,0.77,0.00,44313810425.00,44093694941.38
11/15/22,9212857953.00,30343884806.71,0.00,39556742759.71,0.23,0.77,0.00,44308698276.53,44249938149.57
11/16/22,9212857953.00,30063203872.25,0.00,39276061825.25,0.23,0.77,0.00,44513088704.19,44625634395.20
11/17/22,9212857953.00,30048172270.31,0.00,39261030223.31,0.23,0.77,0.00,44568178978.44,44380809309.66
11/18/22,9212857953.00,29905443452.03,0.00,39118301405.03,0.24,0.76,0.00,44208218754.66,44166074835.45
11/19/22,9212857953.00,29905443452.03,0.00,39118301405.03,0.24,0.76,0.00,44602224161.46,44397713114.31
11/20/22,9212857953.00,29905443452.03,0.00,39118301405.03,0.24,0.76,0.00,44659472304.21,44454698761.68
11/21/22,9212857953.00,30189545164.82,0.00,39402403117.82,0.23,0.77,0.01,45102512485.53,44571997620.49
11/22/22,9212857953.00,30114071301.91,0.00,39326929254.91,0.23,0.77,0.00,44441331231.39,44322455958.14
11/23/22,9212857953.00,29677417268.03,0.00,38890275221.03,0.24,0.76,-0.01,43848690771.12,44137703777.58
11/24/22,9212857953.00,29677417268.03,0.00,38890275221.03,0.24,0.76,0.00,43926460832.49,43725048309.43
11/25/22,9212857953.00,29543868890.33,0.00,38756726843.33,0.24,0.76,0.00,44098137725.95,44047195157.48
11/26/22,9212857953.00,29543868890.33,0.00,38756726843.33,0.24,0.76,0.00,44163773611.73,43961272957.17
11/27/22,9212857953.00,29543868890.33,0.00,38756726843.33,0.24,0.76,0.00,44334226970.67,44130944749.82
11/28/22,9212857953.00,29536482923.10,0.00,38749340876.10,0.24,0.76,0.00,44463420465.40,44267982124.89
11/29/22,9212857953.00,29278038697.53,0.00,38490896650.53,0.24,0.76,0.00,43547753046.37,43639134379.10
11/30/22,9212857953.00,29102370465.34,0.00,38315228418.34,0.24,0.76,0.00,43290086446.31,43289158814.97
12/1/22,9212857953.00,29393394169.99,0.00,38606252122.99,0.24,0.76,0.01,43766780871.69,43237688218.71
12/2/22,9212857953.00,29577102883.56,0.00,38789960836.56,0.24,0.76,0.01,43442079089.52,43038089851.27
12/3/22,9212857953.00,29577102883.56,0.00,38789960836.56,0.24,0.76,0.00,43425403081.54,43226288018.91
12/4/22,9212857953.00,29577102883.56,0.00,38789960836.56,0.24,0.76,0.00,43637844793.63,43437755638.84
12/5/22,9212857953.00,29658439916.49,0.00,38871297869.49,0.24,0.76,0.01,43745286629.00,43453588831.89
12/6/22,9212857953.00,29413757787.17,0.00,38626615740.17,0.24,0.76,0.00,43100631933.07,43174777144.22
12/7/22,9212857953.00,29546119697.22,0.00,38758977650.22,0.24,0.76,0.01,43360759089.66,43014542405.91
12/8/22,9212857953.00,29775102124.87,0.00,38987960077.87,0.24,0.76,0.01,43293598356.74,42841983413.40
12/9/22,9212857953.00,29596451512.12,0.00,38809309465.12,0.24,0.76,0.00,42795471686.50,42795341793.92
12/10/22,9212857953.00,29596451512.12,0.00,38809309465.12,0.24,0.76,0.00,42931698220.44,42734846903.63
12/11/22,9212857953.00,29596451512.12,0.00,38809309465.12,0.24,0.76,0.00,42904844355.57,42708116169.66
12/12/22,9212857953.00,29633447076.51,0.00,38846305029.51,0.24,0.76,0.01,43042741462.24,42804576873.84
12/13/22,9212857953.00,29174128646.83,0.00,38386986599.83,0.24,0.76,-0.01,42169688039.00,42478597334.78
12/14/22,9212857953.00,29334586354.38,0.00,38547444307.38,0.24,0.76,0.01,45443570548.12,45046905555.24
12/15/22,9212857953.00,29407922820.27,0.00,38620780773.27,0.24,0.76,0.01,45514205462.29,45219482768.55
12/16/22,9212857953.00,29599074318.60,0.00,38811932271.60,0.24,0.76,0.01,45567993738.13,45135657888.43
12/17/22,9212857953.00,29599074318.60,0.00,38811932271.60,0.24,0.76,0.00,44989705409.03,44783417674.79
12/18/22,9212857953.00,29599074318.60,0.00,38811932271.60,0.24,0.76,0.00,45169677883.38,44962564935.60
12/19/22,9212857953.00,29791468301.67,0.00,39004326254.67,0.24,0.76,0.01,45391725899.83,44960720772.72
12/20/22,9212857953.00,29433970682.05,0.00,38646828635.05,0.24,0.76,0.00,44384909409.43,44590089225.09
12/21/22,9212857953.00,29294159321.31,0.00,38507017274.31,0.24,0.76,0.00,44486062973.93,44442864038.85
12/22/22,9212857953.00,29330777020.46,0.00,38543634973.46,0.24,0.76,0.01,44538449066.90,44292111490.61
12/23/22,9212857953.00,29396771268.76,0.00,38609629221.76,0.24,0.76,0.01,44475074990.10,44195475644.07
12/24/22,9212857953.00,29396771268.76,0.00,38609629221.76,0.24,0.76,0.00,44365081449.09,44161657753.65
12/25/22,9212857953.00,29396771268.76,0.00,38609629221.76,0.24,0.76,0.00,44437536956.03,44233781036.08
12/26/22,9212857953.00,29396771268.76,0.00,38609629221.76,0.24,0.76,0.00,44576662849.50,44372269006.61
12/27/22,9212857953.00,29565802703.56,0.00,38778660656.56,0.24,0.76,0.01,44914636177.86,44513812934.28
12/28/22,9212857953.00,28390562046.09,0.00,37603419999.09,0.25,0.75,-0.03,43036508196.77,44178052972.40
12/29/22,9212857953.00,28766736993.20,0.00,37979594946.20,0.24,0.76,0.01,45051040891.17,44400302705.74
12/30/22,9212857953.00,28881803941.17,0.00,38094661894.17,0.24,0.76,0.01,44746683286.46,44406969867.92
12/31/22,10588439005.00,34105524696.00,0.00,44693963701.00,0.24,0.76,0.00,44663622942.82,44523297779.09
1/1/23,10588439005.00,34105524696.00,0.00,44693963701.00,0.24,0.76,0.00,44668999276.47,44528657221.25
1/2/23,10588439005.00,34105524696.00,0.00,44693963701.00,0.24,0.76,0.00,44742376466.97,44601803873.67
1/3/23,10588439005.00,34156682983.04,0.00,44745121988.04,0.24,0.76,0.00,44886202014.12,44694019195.95
1/4/23,10588439005.00,32952659907.89,0.00,43541098912.89,0.24,0.76,-0.02,43148276486.45,44202124101.05
1/5/23,10588439005.00,32112367080.24,0.00,42700806085.24,0.25,0.75,-0.02,43420081403.13,44135425876.21
1/6/23,10588439005.00,32160535630.86,0.00,42748974635.86,0.25,0.75,0.00,43950882812.30,43763429710.49
1/7/23,10588439005.00,32160535630.86,0.00,42748974635.86,0.25,0.75,0.00,43850637576.11,43712866667.89
1/8/23,10588439005.00,32160535630.86,0.00,42748974635.86,0.25,0.75,0.00,43953508373.91,43815414263.92
1/9/23,10588439005.00,32128375095.23,0.00,42716814100.23,0.25,0.75,0.00,44079364458.52,43973957034.79
1/10/23,10588439005.00,32104278813.91,0.00,42692717818.91,0.25,0.75,0.00,44126458480.44,44012648245.03
1/11/23,10588439005.00,31646792840.81,0.00,42235231845.81,0.25,0.75,-0.01,43353200036.27,43685112246.51
1/12/23,10588439005.00,32271816999.42,0.00,42860256004.42,0.25,0.75,0.02,44720285321.56,43929682405.56
1/13/23,10588439005.00,32207273365.42,0.00,42795712370.42,0.25,0.75,0.00,44005283429.13,43933186019.81
1/14/23,10588439005.00,32207273365.42,0.00,42795712370.42,0.25,0.75,0.00,43599574264.25,43462592152.32
1/15/23,10588439005.00,32207273365.42,0.00,42795712370.42,0.25,0.75,0.00,43815926806.32,43678264953.16
1/16/23,10588439005.00,32207273365.42,0.00,42795712370.42,0.25,0.75,0.00,43971163082.23,43833013504.28
1/17/23,10588439005.00,32223377002.10,0.00,42811816007.10,0.25,0.75,0.00,43985493286.38,43830805552.66
1/18/23,10588439005.00,31683635437.32,0.00,42272074442.32,0.25,0.75,-0.01,43128229755.50,43541671600.11
1/19/23,10588439005.00,31778686343.63,0.00,42367125348.63,0.25,0.75,0.01,43340867670.89,43107768362.55
1/20/23,10588439005.00,31770741672.04,0.00,42359180677.04,0.25,0.75,0.00,43234999835.98,43107246611.01
1/21/23,10588439005.00,31770741672.04,0.00,42359180677.04,0.25,0.75,0.00,43345869248.81,43209684232.94
1/22/23,10588439005.00,31770741672.04,0.00,42359180677.04,0.25,0.75,0.00,43463920535.67,43327364623.64
1/23/23,10588439005.00,31715142874.12,0.00,42303581879.12,0.25,0.75,0.00,43592885350.42,43513037553.59
1/24/23,10588439005.00,31548638374.03,0.00,42137077379.03,0.25,0.75,0.00,43396255580.77,43430853637.83
1/25/23,10588439005.00,31611735650.77,0.00,42200174655.77,0.25,0.75,0.00,43922875667.58,43719411091.15
1/26/23,10588439005.00,31619638584.69,0.00,42208077589.69,0.25,0.75,0.00,43691017319.41,43545593015.82
1/27/23,10588439005.00,31619638584.69,0.00,42208077589.69,0.25,0.75,0.00,43462830256.73,43326277770.16
1/28/23,10588439005.00,31619638584.69,0.00,42208077589.69,0.25,0.75,0.00,43215892927.79,43080116274.41
1/29/23,10588439005.00,31619638584.69,0.00,42208077589.69,0.25,0.75,0.00,43303531981.64,43167479981.93
1/30/23,10588439005.00,31730307319.73,0.00,42318746324.73,0.25,0.75,0.01,43362361205.84,43113082734.74
1/31/23,10588439005.00,31666846705.09,0.00,42255285710.09,0.25,0.75,0.00,42801727015.76,42731330918.92
2/1/23,10588439005.00,31785597380.24,0.00,42374036385.24,0.25,0.75,0.01,42697116236.93,42443689338.95
2/2/23,10588439005.00,31968364565.17,0.00,42556803570.17,0.25,0.75,0.01,42656443998.02,42339805493.07
2/3/23,10588439005.00,31760570195.50,0.00,42349009200.50,0.25,0.75,0.00,42465957118.11,42540250173.26
2/4/23,10588439005.00,31760570195.50,0.00,42349009200.50,0.25,0.75,0.00,42111957870.75,41979649585.08
2/5/23,10588439005.00,31760570195.50,0.00,42349009200.50,0.25,0.75,0.00,42161760844.61,42029296086.85
2/6/23,10588439005.00,31800270908.24,0.00,42388709913.24,0.25,0.75,0.00,42229224940.33,42057121144.46
2/7/23,10588439005.00,31625369418.25,0.00,42213808423.25,0.25,0.75,0.00,41759430978.44,41800705575.01
2/8/23,10588439005.00,31332834751.13,0.00,41921273756.13,0.25,0.75,0.00,41663050147.53,41821971552.94
2/9/23,10588439005.00,30988173568.87,0.00,41576612573.87,0.25,0.75,-0.01,41278312446.66,41489736570.12
2/10/23,10588439005.00,30933944265.12,0.00,41522383270.12,0.26,0.74,0.00,41530868243.32,41454455609.65
2/11/23,10588439005.00,30933944265.12,0.00,41522383270.12,0.26,0.74,0.00,41526514377.89,41396045451.61
2/12/23,10588439005.00,30933944265.12,0.00,41522383270.12,0.26,0.74,0.00,41477317491.94,41347003133.53
2/13/23,10588439005.00,30856609404.46,0.00,41445048409.46,0.26,0.74,0.00,41302439786.26,41249501484.64
2/14/23,10588439005.00,30987749994.43,0.00,41576188999.43,0.25,0.75,0.01,41223341261.14,40964205745.23
2/15/23,10588439005.00,30832811244.46,0.00,41421250249.46,0.26,0.74,0.00,41074282865.82,41098392955.17
2/16/23,10588439005.00,30601565160.12,0.00,41190004165.12,0.26,0.74,0.00,41316656286.30,41418075054.73
2/17/23,10588439005.00,30578613986.25,0.00,41167052991.25,0.26,0.74,0.00,41867765330.57,41759492748.79
2/18/23,10588439005.00,30578613986.25,0.00,41167052991.25,0.26,0.74,0.00,41982356807.92,41850455705.75
2/19/23,10588439005.00,30578613986.25,0.00,41167052991.25,0.26,0.74,0.00,41979358047.71,41847466367.12
2/20/23,10588439005.00,30578613986.25,0.00,41167052991.25,0.26,0.74,0.00,42047552009.25,41915446075.35
2/21/23,10588439005.00,30502167451.29,0.00,41090606456.29,0.26,0.74,0.00,41983643044.50,41929600474.20
2/22/23,10588439005.00,30395409865.21,0.00,40983848870.21,0.26,0.74,0.00,42173086895.26,42150096803.12
2/23/23,10588439005.00,30478997242.34,0.00,41067436247.34,0.26,0.74,0.01,42326467133.77,42107605596.74
2/24/23,10588439005.00,30562814484.75,0.00,41151253489.75,0.26,0.74,0.01,42391945931.99,42172684956.12
2/25/23,10588439005.00,30562814484.75,0.00,41151253489.75,0.26,0.74,0.00,42721162340.70,42586940042.88
2/26/23,10588439005.00,30562814484.75,0.00,41151253489.75,0.26,0.74,0.00,42700160413.57,42566004100.08
2/27/23,10588439005.00,30769113482.53,0.00,41357552487.53,0.26,0.74,0.01,42984389390.01,42635599773.85
2/28/23,10588439005.00,30515268296.30,0.00,41103707301.30,0.26,0.74,0.00,42427265098.31,42555162070.90
3/1/23,10588439005.00,30194857979.18,0.00,40783296984.18,0.26,0.74,0.00,42169287363.66,42367057301.93
3/2/23,10588439005.00,30202406693.68,0.00,40790845698.68,0.26,0.74,0.00,42721709148.54,42579603933.90
3/3/23,10588439005.00,30217507897.03,0.00,40805946902.03,0.26,0.74,0.00,43285617980.95,43133653728.14
3/4/23,10588439005.00,30217507897.03,0.00,40805946902.03,0.26,0.74,0.00,43712701419.14,43575363881.80
3/5/23,10588439005.00,30217507897.03,0.00,40805946902.03,0.26,0.74,0.00,44026124984.09,43887802725.63
3/6/23,10588439005.00,30202399143.08,0.00,40790838148.08,0.26,0.74,0.00,44148599370.88,44026193397.66
3/7/23,10588439005.00,29507743962.79,0.00,40096182967.79,0.26,0.74,-0.01,43129396124.87,43738748396.33
3/8/23,10588439005.00,29079881675.33,0.00,39668320680.33,0.27,0.73,-0.01,43232653393.09,43561666187.49
3/9/23,10588439005.00,29247090994.96,0.00,39835529999.96,0.27,0.73,0.01,43832947323.60,43511821607.01
3/10/23,10588439005.00,29773538632.87,0.00,40361977637.87,0.26,0.74,0.02,44152101705.81,43439310148.65
3/11/23,10588439005.00,29773538632.87,0.00,40361977637.87,0.26,0.74,0.00,42329519081.80,42196527257.48
3/12/23,10588439005.00,29773538632.87,0.00,40361977637.87,0.26,0.74,0.00,39538865433.67,39414641347.04
3/13/23,10588439005.00,30636971253.22,0.00,41225410258.22,0.26,0.74,0.02,41287657388.53,40295919420.53
3/14/23,10588439005.00,30575697310.72,0.00,41164136315.72,0.26,0.74,0.00,39580546969.60,39514923547.57
3/15/23,10588439005.00,31645846716.59,0.00,42234285721.59,0.25,0.75,0.03,39549722232.22,38426485689.00
3/16/23,10588439005.00,31606289408.19,0.00,42194728413.19,0.25,0.75,0.00,37722004354.84,37638741570.89
3/17/23,10588439005.00,33731812370.90,0.00,44320251375.90,0.24,0.76,0.05,39056864163.78,37066939414.15
3/18/23,10588439005.00,33731812370.90,0.00,44320251375.90,0.24,0.76,0.00,36467950812.90,36353374994.12
3/19/23,10588439005.00,33731812370.90,0.00,44320251375.90,0.24,0.76,0.00,36486702746.49,36372068012.46
3/20/23,10588439005.00,32104252424.00,0.00,42692691429.00,0.25,0.75,-0.03,35068265901.77,36290783741.91
3/21/23,10588439005.00,31462167375.52,0.00,42050606380.52,0.25,0.75,-0.01,35152890053.46,35577520978.39
3/22/23,10588439005.00,31194738952.83,0.00,41783177957.83,0.25,0.75,0.00,35271511950.34,35385737113.15
3/23/23,10588439005.00,31639263982.91,0.00,42227702987.91,0.25,0.75,0.01,35365278922.83,34883051890.35
3/24/23,10588439005.00,31607624718.92,0.00,42196063723.92,0.25,0.75,0.00,34611590917.26,34528718222.20
3/25/23,10588439005.00,31607624718.92,0.00,42196063723.92,0.25,0.75,0.00,34207691830.87,34100217344.01
3/26/23,10588439005.00,31607624718.92,0.00,42196063723.92,0.25,0.75,0.00,34244423943.20,34136834050.57
3/27/23,10588439005.00,31331058002.63,0.00,41919497007.63,0.25,0.75,0.00,33786138422.39,33902194382.34
3/28/23,10588439005.00,31237064828.62,0.00,41825503833.62,0.25,0.75,0.00,33504127368.58,33473919599.09
3/29/23,10588439005.00,30815364453.44,0.00,41403803458.44,0.26,0.74,-0.01,33125057683.34,33357305472.16
3/30/23,10588439005.00,30229872528.82,0.00,40818311533.82,0.26,0.74,-0.01,32932199465.33,33299622911.43
3/31/23,4061166369.00,28510534939.00,0.00,32571701308.00,0.12,0.88,0.00,32875147350.13,32875147350.13
4/1/23,4061166369.00,28510534939.00,0.00,32571701308.00,0.12,0.88,0.00,32545003021.42,32545003021.42
4/2/23,4061166369.00,28510534939.00,0.00,32571701308.00,0.12,0.88,0.00,32545586598.08,32545586598.08
4/3/23,4061166369.00,28460641502.86,0.00,32521807871.86,0.12,0.88,0.00,32514728745.63,32564611321.31
4/4/23,4061166369.00,28147574446.33,0.00,32208740815.33,0.13,0.87,-0.01,32363794005.33,32678368169.70
4/5/23,4061166369.00,27971652106.04,0.00,32032818475.04,0.13,0.87,-0.01,32527814849.70,32706455680.73
4/6/23,4061166369.00,27880744236.69,0.00,31941910605.69,0.13,0.87,0.00,32548324257.56,32640958002.78
4/7/23,4061166369.00,27748310701.57,0.00,31809477070.57,0.13,0.87,0.00,32622796924.44,32758616583.24
4/8/23,4061166369.00,27748310701.57,0.00,31809477070.57,0.13,0.87,0.00,32617421143.54,32617421143.54
4/9/23,4061166369.00,27748310701.57,0.00,31809477070.57,0.13,0.87,0.00,32622414240.88,32622414240.88
4/10/23,4061166369.00,26811805215.39,0.00,30872971584.39,0.13,0.87,-0.03,31657695841.70,32618005274.65
4/11/23,4061166369.00,26838617020.60,0.00,30899783389.60,0.13,0.87,0.00,32398021894.25,32369910064.42
4/12/23,4061166369.00,26711133589.76,0.00,30772299958.76,0.13,0.87,0.00,32279361396.32,32413088278.68
4/13/23,4061166369.00,26751200290.14,0.00,30812366659.14,0.13,0.87,0.00,32080168940.75,32038453660.27
4/14/23,4061166369.00,26423498086.59,0.00,30484664455.59,0.13,0.87,-0.01,31638732248.90,31978840380.67
4/15/23,4061166369.00,26423498086.59,0.00,30484664455.59,0.13,0.87,0.00,31857257937.15,31857257937.15
4/16/23,4061166369.00,26423498086.59,0.00,30484664455.59,0.13,0.87,0.00,31807237206.20,31807237206.20
4/17/23,4061166369.00,26364045215.89,0.00,30425211584.89,0.13,0.87,0.00,31781292465.65,31843395207.85
4/18/23,4061166369.00,25988357571.57,0.00,30049523940.57,0.14,0.86,-0.01,31241189813.96,31631776001.96
4/19/23,4061166369.00,25955872124.60,0.00,30017038493.60,0.14,0.86,0.00,31347993980.26,31381919831.95
4/20/23,4061166369.00,26247875686.00,0.00,30309042055.00,0.13,0.87,0.01,31578252040.98,31274020648.84
4/21/23,4061166369.00,26306933406.30,0.00,30368099775.30,0.13,0.87,0.00,31058830495.67,30998429491.40
4/22/23,4061166369.00,26306933406.30,0.00,30368099775.30,0.13,0.87,0.00,30781229059.51,30781229059.51
4/23/23,4061166369.00,26306933406.30,0.00,30368099775.30,0.13,0.87,0.00,30800816722.50,30800816722.50
4/24/23,4061166369.00,26740997807.50,0.00,30802164176.50,0.13,0.87,0.01,31272712155.35,30832016787.39
4/25/23,4061166369.00,26480273078.88,0.00,30541439447.88,0.13,0.87,-0.01,30464037098.50,30724101062.37
4/26/23,4061166369.00,25917567275.95,0.00,29978733644.95,0.14,0.86,-0.02,30164317183.71,30730506420.44
4/27/23,4061166369.00,25742623696.84,0.00,29803790065.84,0.14,0.86,-0.01,30581816362.31,30761326833.91
4/28/23,4061166369.00,26360446665.56,0.00,30421613034.56,0.13,0.87,0.02,31191867142.22,30558401325.14
4/29/23,4061166369.00,26360446665.56,0.00,30421613034.56,0.13,0.87,0.00,30505673945.40,30505673945.40
4/30/23,4061166369.00,26360446665.56,0.00,30421613034.56,0.13,0.87,0.00,30517472541.60,30517472541.60
5/1/23,4061166369.00,26584510462.22,0.00,30645676831.22,0.13,0.87,0.01,30731957173.92,30507262544.36
5/2/23,4061166369.00,25767036765.51,0.00,29828203134.51,0.14,0.86,-0.03,29590627760.44,30401590450.83
5/3/23,4061166369.00,25361205936.45,0.00,29422372305.45,0.14,0.86,-0.01,29792769764.80,30203709587.32
5/4/23,4061166369.00,25310483524.58,0.00,29371649893.58,0.14,0.86,0.00,30063632669.60,30115550078.53
5/5/23,4061166369.00,25285173041.05,0.00,29346339410.05,0.14,0.86,0.00,30118398637.74,30144375003.03
5/6/23,4061166369.00,25285173041.05,0.00,29346339410.05,0.14,0.86,0.00,30384207596.07,30384207596.07
5/7/23,4061166369.00,25285173041.05,0.00,29346339410.05,0.14,0.86,0.00,30369654736.30,30369654736.30
5/8/23,4061166369.00,25323100800.61,0.00,29384267169.61,0.14,0.86,0.00,30381790237.25,30342574924.22
5/9/23,4061166369.00,25323100800.61,0.00,29384267169.61,0.14,0.86,0.00,30258663502.89,30258663502.89
5/10/23,4061166369.00,25278785374.21,0.00,29339951743.21,0.14,0.86,0.00,30104732368.06,30150202928.59
5/11/23,4061166369.00,25657967154.83,0.00,29719133523.83,0.14,0.86,0.01,30459984136.46,30071349958.65
5/12/23,4061166369.00,25587407745.15,0.00,29648574114.15,0.14,0.86,0.00,29956901979.04,30028195165.39
5/13/23,4061166369.00,25587407745.15,0.00,29648574114.15,0.14,0.86,0.00,29970051657.66,29970051657.66
5/14/23,4061166369.00,25587407745.15,0.00,29648574114.15,0.14,0.86,0.00,30054743760.14,30054743760.14
5/15/23,4061166369.00,25836884970.67,0.00,29898051339.67,0.14,0.86,0.01,30201821764.01,29949809797.96
5/16/23,4061166369.00,25630189890.90,0.00,29691356259.90,0.14,0.86,-0.01,29586074312.52,29792036476.61
5/17/23,4061166369.00,25226514400.12,0.00,29287680769.12,0.14,0.86,-0.01,29272295360.78,29675758792.69
5/18/23,4061166369.00,25182367999.92,0.00,29243534368.92,0.14,0.86,0.00,29458568567.41,29503039585.89
5/19/23,4061166369.00,25138298855.92,0.00,29199465224.92,0.14,0.86,0.00,29565872482.02,29610494624.30
5/20/23,4061166369.00,25138298855.92,0.00,29199465224.92,0.14,0.86,0.00,29557752770.40,29557752770.40
5/21/23,4061166369.00,25138298855.92,0.00,29199465224.92,0.14,0.86,0.00,29562931910.46,29562931910.46
5/22/23,4061166369.00,25119445131.78,0.00,29180611500.78,0.14,0.86,0.00,29530911256.82,29549991311.20
5/23/23,4061166369.00,24993847906.12,0.00,29055014275.12,0.14,0.86,0.00,29311389755.11,29438095224.90
5/24/23,4061166369.00,24525213257.88,0.00,28586379626.88,0.14,0.86,-0.02,28781885847.15,29253725552.84
5/25/23,4061166369.00,24745940177.20,0.00,28807106546.20,0.14,0.86,0.01,29383273947.65,29158132296.31
5/26/23,4061166369.00,24999586064.02,0.00,29060752433.02,0.14,0.86,0.01,29310440384.18,29054615189.65
5/27/23,4061166369.00,24999586064.02,0.00,29060752433.02,0.14,0.86,0.00,29083852842.00,29083852842.00
5/28/23,4061166369.00,24999586064.02,0.00,29060752433.02,0.14,0.86,0.00,29022835526.65,29022835526.65
5/29/23,4061166369.00,24999586064.02,0.00,29060752433.02,0.14,0.86,0.00,29066405755.75,29066405755.75
5/30/23,4061166369.00,24987086270.98,0.00,29048252639.98,0.14,0.86,0.00,29057141845.96,29069645464.11
5/31/23,4061166369.00,24125031794.63,0.00,28186198163.63,0.14,0.86,-0.03,28101102596.79,28960554486.80
6/1/23,4061166369.00,24354219596.68,0.00,28415385965.68,0.14,0.86,0.01,29125958567.95,28891039554.89
6/2/23,4061166369.00,24317688267.29,0.00,28378854636.29,0.14,0.86,0.00,28949390990.74,28986656756.10
6/3/23,4061166369.00,24317688267.29,0.00,28378854636.29,0.14,0.86,0.00,28901643507.65,28901643507.65
6/4/23,4061166369.00,24317688267.29,0.00,28378854636.29,0.14,0.86,0.00,28904346978.99,28904346978.99
6/5/23,4061166369.00,24779724344.37,0.00,28840890713.37,0.14,0.86,0.02,29446693419.17,28974952277.55
6/6/23,4061166369.00,24946987483.69,0.00,29008153852.69,0.14,0.86,0.01,28966071348.90,28799050860.37
6/7/23,4061166369.00,24822252546.27,0.00,28883418915.27,0.14,0.86,0.00,28523357287.00,28646537274.68
6/8/23,4061166369.00,25132530703.10,0.00,29193697072.10,0.14,0.86,0.01,28820080882.53,28513773615.12
6/9/23,4061166369.00,25075982509.02,0.00,29137148878.02,0.14,0.86,0.00,28375655039.25,28430725357.04
6/10/23,4061166369.00,25075982509.02,0.00,29137148878.02,0.14,0.86,0.00,28327046011.80,28327046011.80
6/11/23,4061166369.00,25075982509.02,0.00,29137148878.02,0.14,0.86,0.00,28357858207.58,28357858207.58
6/12/23,4061166369.00,25207631417.19,0.00,29268797786.19,0.14,0.86,0.00,28511987966.95,28383743133.90
6/13/23,4061166369.00,25264348587.88,0.00,29325514956.88,0.14,0.86,0.00,28358199467.85,28303353138.91
6/14/23,4061166369.00,25119078583.50,0.00,29180244952.50,0.14,0.86,0.00,28038974522.40,28178562862.34
6/15/23,4061166369.00,25276072824.65,0.00,29337239193.65,0.14,0.86,0.01,28246387423.73,28095230727.30
6/16/23,4061166369.00,25219201660.79,0.00,29280368029.79,0.14,0.86,0.00,28164788303.73,28219492680.71
6/17/23,4061166369.00,25219201660.79,0.00,29280368029.79,0.14,0.86,0.00,28340122293.95,28340122293.95
6/18/23,4061166369.00,25219201660.79,0.00,29280368029.79,0.14,0.86,0.00,28337781547.43,28337781547.43
6/19/23,4061166369.00,25219201660.79,0.00,29280368029.79,0.14,0.86,0.00,28345755930.42,28345755930.42
6/20/23,4061166369.00,25206592059.96,0.00,29267758428.96,0.14,0.86,0.00,28447542089.51,28459798311.70
6/21/23,4061166369.00,24784381642.96,0.00,28845548011.96,0.14,0.86,-0.01,28111638960.82,28523107198.60
6/22/23,4061166369.00,24771989452.14,0.00,28833155821.14,0.14,0.86,0.00,28448037433.58,28460264104.52
6/23/23,4061166369.00,24771989452.14,0.00,28833155821.14,0.14,0.86,0.00,28483323820.19,28483323820.19
6/24/23,4061166369.00,24771989452.14,0.00,28833155821.14,0.14,0.86,0.00,28467230856.65,28467230856.65
6/25/23,4061166369.00,24771989452.14,0.00,28833155821.14,0.14,0.86,0.00,28474568747.90,28474568747.90
6/26/23,4061166369.00,24648129504.87,0.00,28709295873.87,0.14,0.86,0.00,28336628736.18,28458880892.98
6/27/23,4061166369.00,24759046087.65,0.00,28820212456.65,0.14,0.86,0.00,28481163425.17,28371551696.07
6/28/23,4061166369.00,24492886342.20,0.00,28554052711.20,0.14,0.86,-0.01,27964909668.89,28225577858.94
6/29/23,4061166369.00,24499009563.79,0.00,28560175932.79,0.14,0.86,0.00,28129559885.95,28123528987.23
6/30/23,3550839903.00,5432701400.00,18456000000.00,27439541303.00,0.80,0.20,0.00,28010023088.92,27953686257.36
7/1/23,3550839903.00,5432701400.00,18456000000.00,27439541303.00,0.80,0.20,0.00,27422376808.31,27367221915.43
7/2/23,3550839903.00,5432701400.00,18456000000.00,27439541303.00,0.80,0.20,0.00,27446745252.73,27391541347.36
7/3/23,3550839903.00,5427268698.60,18457538000.00,27435646601.60,0.80,0.20,0.00,27440754644.19,27389450379.40
7/4/23,3550839903.00,5371639194.44,18457538000.00,27380017097.44,0.80,0.20,0.00,27688754043.06,27689207015.43
7/5/23,3550839903.00,5364924645.45,18457538000.00,27373302548.45,0.80,0.20,0.00,27803840015.20,27754724322.12
7/6/23,3550839903.00,5348829871.51,18457538000.00,27357207774.51,0.80,0.20,0.00,27702118279.79,27662665651.92
7/7/23,3550839903.00,5343481041.64,18457538000.00,27351858944.64,0.80,0.20,0.00,27627736180.81,27577560159.38
7/8/23,3550839903.00,5343481041.64,18457538000.00,27351858944.64,0.80,0.20,0.00,27546286467.17,27490882353.58
7/9/23,3550839903.00,5343481041.64,18457538000.00,27351858944.64,0.80,0.20,0.00,27576082489.45,27520618446.84
7/10/23,3550839903.00,5342145171.38,18457538000.00,27350523074.38,0.80,0.20,0.00,27551986830.88,27497914255.73
7/11/23,3550839903.00,5294065864.84,18457538000.00,27302443767.84,0.81,0.19,0.00,27390161230.26,27383207895.86
7/12/23,3550839903.00,5313918611.83,18458050709.39,27322809224.22,0.81,0.19,0.00,27448426782.15,27372801556.99
7/13/23,3550839903.00,5308604693.22,18457537985.76,27316982581.98,0.81,0.19,0.00,27323641854.16,27274501888.46
7/14/23,3550839903.00,5315240449.08,18458050695.15,27324131047.23,0.81,0.19,0.00,27442258957.72,27379899146.06
7/15/23,3550839903.00,5315240449.08,18458050695.15,27324131047.23,0.81,0.19,0.00,27308458945.65,27253533176.87
7/16/23,3550839903.00,5315240449.08,18458050695.15,27324131047.23,0.81,0.19,0.00,27339364774.51,27284376844.54
7/17/23,3550839903.00,5299294727.74,18457537971.52,27307672602.25,0.81,0.19,0.00,27258780268.62,27220350352.65
7/18/23,3550839903.00,5295320256.69,18457537971.52,27303698131.21,0.81,0.19,0.00,27081343318.50,27030808524.70
7/19/23,3550839903.00,5283405786.11,18458050680.90,27292296370.02,0.81,0.19,0.00,27048210600.54,27005085335.15
7/20/23,3550839903.00,5284726637.56,18457537957.27,27293104497.83,0.81,0.19,0.00,27036821548.68,26981643197.49
7/21/23,3550839903.00,5276799547.60,18458050666.66,27285690117.27,0.81,0.19,0.00,26970440730.47,26923508798.08
7/22/23,3550839903.00,5276799547.60,18458050666.66,27285690117.27,0.81,0.19,0.00,26907868512.94,26853748455.59
7/23/23,3550839903.00,5276799547.60,18458050666.66,27285690117.27,0.81,0.19,0.00,26901793646.40,26847685807.49
7/24/23,3550839903.00,5272841947.94,18458050666.66,27281732517.60,0.81,0.19,0.00,26896778560.00,26846574717.00
7/25/23,3550839903.00,5266250895.51,18457537943.03,27274628741.54,0.81,0.19,0.00,26745189892.11,26698348903.10
7/26/23,3550839903.00,5260984644.61,18457537943.03,27269362490.64,0.81,0.19,0.00,26729823529.15,26681213248.21
7/27/23,3550839903.00,5257038906.13,18444720208.35,27252599017.48,0.81,0.19,0.00,26640216036.73,26602988139.91
7/28/23,3550839903.00,5263610204.76,18445232561.69,27259682669.45,0.81,0.19,0.00,26638696784.40,26578209753.92
7/29/23,3550839903.00,5263610204.76,18445232561.69,27259682669.45,0.81,0.19,0.00,26600503033.76,26547001183.58
7/30/23,3550839903.00,5263610204.76,18445232561.69,27259682669.45,0.81,0.19,0.00,26598582499.08,26545084511.69
7/31/23,3550839903.00,5274137425.17,18444720194.12,27269697522.29,0.81,0.19,0.00,26601899406.22,26538644794.61
8/1/23,3550839903.00,5284685700.02,18444720194.12,27280245797.14,0.81,0.19,0.00,26552762773.42,26489110610.05
8/2/23,3550839903.00,5282043357.17,18445232547.46,27278115807.63,0.81,0.19,0.00,26371254061.05,26320268337.86
8/3/23,3550839903.00,5288645911.37,18445232547.46,27284718361.82,0.81,0.19,0.00,26252999265.41,26193856239.25
8/4/23,3550839903.00,5289968072.85,18445232547.46,27286040523.30,0.81,0.19,0.00,26148689762.12,26094832146.33
8/5/23,3550839903.00,5289968072.85,18445232547.46,27286040523.30,0.81,0.19,0.00,26084895237.00,26032430433.79
8/6/23,3550839903.00,5289968072.85,18445232547.46,27286040523.30,0.81,0.19,0.00,26092841251.71,26040360466.61
8/7/23,3550839903.00,5280710628.72,18445232547.46,27276783079.17,0.81,0.19,0.00,26086775259.19,26043142435.80
8/8/23,3550839903.00,5241105299.00,18445232547.46,27237177749.46,0.81,0.19,0.00,26149765291.37,26135117669.34
8/9/23,3550839903.00,5238484746.35,18445232547.46,27234557196.81,0.81,0.19,0.00,26358515401.11,26308031420.31
8/10/23,3550839903.00,5247652094.66,18445232547.46,27243724545.12,0.81,0.19,0.00,26346098788.98,26284261152.73
8/11/23,3550839903.00,5260771224.90,18445232547.46,27256843675.35,0.81,0.19,0.00,26217927309.12,26152601233.99
8/12/23,3550839903.00,5260771224.90,18445232547.46,27256843675.35,0.81,0.19,0.00,26169132731.38,26116498500.48
8/13/23,3550839903.00,5260771224.90,18445232547.46,27256843675.35,0.81,0.19,0.00,26214670350.54,26161944529.39
8/14/23,3550839903.00,5244988911.22,18445232547.46,27241061361.68,0.81,0.19,0.00,26218157070.49,26180583371.68
8/15/23,3550839903.00,5250233900.13,18445232547.46,27246306350.59,0.81,0.19,0.00,26061785167.97,26004359971.61
8/16/23,3550839903.00,5229232964.53,18445232547.46,27225305414.99,0.81,0.19,0.00,26065203511.50,26032843936.26
8/17/23,3550839903.00,5239691430.46,18445232547.46,27235763880.92,0.81,0.19,0.00,26148178628.24,26085565901.88
8/18/23,3550839903.00,5246241044.75,18445232547.46,27242313495.21,0.81,0.19,0.00,26070414354.69,26011723418.09
8/19/23,3550839903.00,5246241044.75,18445232547.46,27242313495.21,0.81,0.19,0.00,26043375787.98,25990994493.25
8/20/23,3550839903.00,5246241044.75,18445232547.46,27242313495.21,0.81,0.19,0.00,26038426230.53,25986054890.89
8/21/23,3550839903.00,5243617924.23,18445232547.46,27239690374.68,0.81,0.19,0.00,26039117418.19,25989247153.05
8/22/23,3550839903.00,5250172446.63,18445232547.46,27246244897.09,0.81,0.19,0.00,26035469415.97,25976853369.85
8/23/23,3550839903.00,5225234127.51,18445232547.46,27221306577.97,0.81,0.19,0.00,25973984900.91,25945490919.80
8/24/23,3550839903.00,5205639499.53,18445232547.46,27201711949.99,0.81,0.19,0.00,26018622935.38,25984996124.79
8/25/23,3550839903.00,5188721171.16,18445232547.46,27184793621.61,0.81,0.19,0.00,25929353445.40,25893306039.47
8/26/23,3550839903.00,5188721171.16,18445232547.46,27184793621.61,0.81,0.19,0.00,26007290017.84,25954981302.76
8/27/23,3550839903.00,5188721171.16,18445232547.46,27184793621.61,0.81,0.19,0.00,26064303590.41,26011880203.38
8/28/23,3550839903.00,5170560647.06,18445232547.46,27166633097.52,0.81,0.19,0.00,26074675927.12,26039627185.45
8/29/23,3550839903.00,5224851533.85,18445232547.46,27220923984.31,0.81,0.19,0.00,26149613680.73,26044969399.52
8/30/23,3550839903.00,5207870766.37,18445232547.46,27203943216.82,0.81,0.19,0.00,26272479697.69,26236003965.56
8/31/23,3550839903.00,5227400281.74,18444720179.89,27222960364.63,0.81,0.19,0.00,26215891732.05,26144886649.02
9/1/23,3550839903.00,5263992083.71,18444720179.89,27259552166.60,0.81,0.19,0.00,26268816983.01,26180791288.09
9/2/23,3550839903.00,5263992083.71,18444720179.89,27259552166.60,0.81,0.19,0.00,26215050273.15,26162323687.85
9/3/23,3550839903.00,5263992083.71,18444720179.89,27259552166.60,0.81,0.19,0.00,26204467839.89,26151762539.14
9/4/23,3550839903.00,5263992083.71,18444720179.89,27259552166.60,0.81,0.19,0.00,26250575531.60,26197777494.00
9/5/23,3550839903.00,5256096095.59,18444720179.89,27251656178.47,0.81,0.19,0.00,26133730077.52,26088723898.92
9/6/23,3550839903.00,5199593062.56,18445232533.22,27195665498.79,0.81,0.19,0.00,26022675917.45,26023804217.44
9/7/23,3550839903.00,5222991231.34,18444720165.65,27218551300.00,0.81,0.19,0.00,26153990444.96,26079440198.89
9/8/23,3550839903.00,5217768240.11,18445232518.99,27213840662.10,0.81,0.19,0.00,26014154956.76,25966326353.02
9/9/23,3550839903.00,5217768240.11,18445232518.99,27213840662.10,0.81,0.19,0.00,26156200355.33,26103592135.45
9/10/23,3550839903.00,5217768240.11,18445232518.99,27213840662.10,0.81,0.19,0.00,26177504875.86,26124853805.98
9/11/23,3550839903.00,5222986008.35,18445232518.99,27219058430.34,0.81,0.19,0.00,26233749390.85,26175966421.46
9/12/23,3550839903.00,5230820487.36,18445232518.99,27226892909.36,0.81,0.19,0.00,26125452167.72,26065403370.22
9/13/23,3550839903.00,5199435564.44,18445232518.99,27195507986.43,0.81,0.19,0.00,26238217834.60,26215663913.47
9/14/23,3550839903.00,5205934858.90,18445232518.99,27202007280.89,0.81,0.19,0.00,26280959776.60,26221834025.04
9/15/23,3550839903.00,5213743761.18,18444720151.42,27209303815.61,0.81,0.19,0.00,26199213766.94,26139507498.84
9/16/23,3550839903.00,5213743761.18,18444720151.42,27209303815.61,0.81,0.19,0.00,26140127659.05,26087551766.34
9/17/23,3550839903.00,5213743761.18,18444720151.42,27209303815.61,0.81,0.19,0.00,26204688504.61,26151982760.04
9/18/23,3550839903.00,5215047197.12,18444720151.42,27210607251.55,0.81,0.19,0.00,26230205890.84,26176194877.07
9/19/23,3550839903.00,5230692338.72,18444720151.42,27226252393.14,0.81,0.19,0.00,26188278958.37,26120587799.71
9/20/23,3550839903.00,5192769819.26,18445232504.76,27188842227.02,0.81,0.19,0.00,26021323746.17,26004718525.38
9/21/23,3550839903.00,5188875241.90,18445232504.76,27184947649.65,0.81,0.19,0.00,26013936366.00,25965333602.90
9/22/23,3550839903.00,5184983585.46,18445232504.76,27181055993.22,0.81,0.19,0.00,25831129563.88,25782866103.73
9/23/23,3550839903.00,5184983585.46,18445232504.76,27181055993.22,0.81,0.19,0.00,25800073745.34,25748181806.36
9/24/23,3550839903.00,5184983585.46,18445232504.76,27181055993.22,0.81,0.19,0.00,25820947682.51,25769013759.58
9/25/23,3550839903.00,5194057306.74,18444720137.19,27189617346.93,0.81,0.19,0.00,25832092213.69,25772018333.62
9/26/23,3550839903.00,5205743935.68,18444720137.19,27201303975.87,0.81,0.19,0.00,25734050822.59,25671257667.89
9/27/23,3550839903.00,5181016651.98,18444207783.85,27176064338.84,0.81,0.19,0.00,25634327458.06,25606528757.87
9/28/23,3550839903.00,5208216989.41,18444720122.96,27203777015.36,0.81,0.19,0.00,25560201062.15,25482805598.34
9/29/23,3550839903.00,5226445748.87,18444720122.96,27222005774.83,0.81,0.19,0.00,25647795737.09,25579070003.70
9/30/23,2137196445.00,8995831228.00,13892000000.00,25025027673.00,0.64,0.36,0.00,25106650324.30,25054612501.40
10/1/23,2137196445.00,8995831228.00,13892000000.00,25025027673.00,0.64,0.36,0.00,25161478390.82,25109326927.39
10/2/23,2137196445.00,8962096860.90,13891614111.11,24990907417.01,0.64,0.36,0.00,25187233846.54,25169346026.70
10/3/23,2137196445.00,8894881134.44,13891228232.94,24923305812.38,0.64,0.36,0.00,25321490222.97,25337546387.36
10/4/23,2137196445.00,8883762533.02,13891614100.39,24912573078.41,0.64,0.36,0.00,25342929100.11,25301297057.58
10/5/23,2137196445.00,8883762533.02,13891614100.39,24912573078.41,0.64,0.36,0.00,25275722419.62,25223334165.92
10/6/23,2137196445.00,8861553126.69,13891999978.56,24890749550.25,0.64,0.36,0.00,25242440779.69,25212207517.19
10/7/23,2137196445.00,8861553126.69,13891999978.56,24890749550.25,0.64,0.36,0.00,25549460859.29,25496505235.89
10/8/23,2137196445.00,8861553126.69,13891999978.56,24890749550.25,0.64,0.36,0.00,25591124173.71,25538082195.98
10/9/23,2137196445.00,8861553126.69,13891999978.56,24890749550.25,0.64,0.36,0.00,25621127424.89,25568023260.29
10/10/23,2137196445.00,8910291668.88,13891999978.56,24939488092.45,0.64,0.36,0.00,25611118360.82,25508087590.76
10/11/23,2137196445.00,8883560793.88,13891999978.56,24912757217.44,0.64,0.36,0.00,25404044160.78,25378591457.22
10/12/23,2137196445.00,8874677233.08,13891999978.56,24903873656.65,0.64,0.36,0.00,25283697925.20,25240293496.81
10/13/23,2137196445.00,8901301264.78,13891999978.56,24930497688.34,0.64,0.36,0.00,25174853906.72,25095845456.89
10/14/23,2137196445.00,8901301264.78,13891999978.56,24930497688.34,0.64,0.36,0.00,25146125799.56,25094006157.00
10/15/23,2137196445.00,8901301264.78,13891999978.56,24930497688.34,0.64,0.36,0.00,25186734598.22,25134530786.98
10/16/23,2137196445.00,8901301264.78,13891999978.56,24930497688.34,0.64,0.36,0.00,25222508839.75,25170230880.29
10/17/23,2137196445.00,8876822686.31,13891999978.56,24906019109.87,0.64,0.36,0.00,25278910285.88,25251308999.17
10/18/23,2137196445.00,8896795537.35,13892385867.45,24926377849.80,0.64,0.36,0.00,25370769589.69,25297505584.71
10/19/23,2137196445.00,8939055316.15,13892385867.45,24968637628.60,0.64,0.36,0.00,25460740196.79,25364965109.56
10/20/23,2137196445.00,8974811537.42,13892385867.45,25004393849.87,0.64,0.36,0.00,25587918042.73,25498367891.24
10/21/23,2137196445.00,8974811537.42,13892385867.45,25004393849.87,0.64,0.36,0.00,25588547417.08,25535510780.12
10/22/23,2137196445.00,8974811537.42,13892385867.45,25004393849.87,0.64,0.36,0.00,25644271749.81,25591119614.65
10/23/23,2137196445.00,8974811537.42,13892385867.45,25004393849.87,0.64,0.36,0.00,25613822483.51,25560733459.65
10/24/23,2137196445.00,9028660406.64,13892385867.45,25058242719.09,0.64,0.36,0.00,25588878527.57,25480966000.63
10/25/23,2137196445.00,8951916793.18,13892385867.45,24981499105.63,0.64,0.36,0.00,25071288012.27,25096183294.44
10/26/23,2137196445.00,8981010522.76,13891999967.84,25010206935.60,0.64,0.36,0.00,25249091277.56,25167836259.60
10/27/23,2137196445.00,8985501028.02,13891999967.84,25014697440.87,0.64,0.36,0.00,25141384206.86,25084770499.14
10/28/23,2137196445.00,8985501028.02,13891999967.84,25014697440.87,0.64,0.36,0.00,25034875601.00,24982986543.49
10/29/23,2137196445.00,8985501028.02,13891999967.84,25014697440.87,0.64,0.36,0.00,25041628076.67,24989725023.49
10/30/23,2137196445.00,8978761902.25,13891999967.84,25007958315.10,0.64,0.36,0.00,25135557035.30,25090218770.03
10/31/23,2137196445.00,8954070307.02,13890456412.29,24981723164.31,0.64,0.36,0.00,24958700985.68,24933126459.85
11/1/23,2137196445.00,8974216965.21,13891613950.33,25003027360.54,0.64,0.36,0.00,24814439944.11,24741908093.15
11/2/23,2137196445.00,9039280038.21,13891228072.16,25067704555.37,0.64,0.36,0.00,24874401376.08,24758799496.41
11/3/23,2137196445.00,9086736258.41,13891613939.61,25115546643.02,0.64,0.36,0.00,24600411189.04,24502658943.58
11/4/23,2137196445.00,9086736258.41,13891613939.61,25115546643.02,0.64,0.36,0.00,24577306996.14,24526366327.74
11/5/23,2137196445.00,9086736258.41,13891613939.61,25115546643.02,0.64,0.36,0.00,24635516130.07,24584454813.31
11/6/23,2137196445.00,9059476049.64,13891613939.61,25088286434.24,0.64,0.36,0.00,24624505758.50,24600168083.71
11/7/23,2137196445.00,9048151704.57,13891613939.61,25076962089.18,0.64,0.36,0.00,24471596173.66,24431902675.72
11/8/23,2137196445.00,9032317439.09,13891613939.61,25061127823.70,0.64,0.36,0.00,24446833483.45,24411577367.46
11/9/23,2137196445.00,9043607835.89,13891613939.61,25072418220.50,0.64,0.36,0.00,24355969534.76,24294542586.90
11/10/23,2137196445.00,9088825875.07,13891613939.61,25117636259.67,0.64,0.36,0.00,24253474364.63,24159633061.12
11/11/23,2137196445.00,9088825875.07,13891613939.61,25117636259.67,0.64,0.36,0.00,24208953054.96,24158775863.05
11/12/23,2137196445.00,9088825875.07,13891613939.61,25117636259.67,0.64,0.36,0.00,24299608097.30,24249243007.32
11/13/23,2137196445.00,9052470571.57,13891613939.61,25081280956.17,0.64,0.36,0.00,24238447660.06,24223270132.20
11/14/23,2137196445.00,9113574747.93,13891613939.61,25142385132.53,0.64,0.36,0.00,24150783259.41,24042154027.06
11/15/23,2137196445.00,9070285267.87,13891613939.61,25099095652.48,0.64,0.36,0.00,23873085709.26,23864694246.19
11/16/23,2137196445.00,9106566408.95,13891613939.61,25135376793.55,0.64,0.36,0.00,24205242101.59,24120206460.06
11/17/23,2137196445.00,9127056183.37,13891613939.61,25155866567.97,0.64,0.36,0.00,24271169605.85,24201135257.06
11/18/23,2137196445.00,9127056183.37,13891613939.61,25155866567.97,0.64,0.36,0.00,24429455278.44,24378821058.00
11/19/23,2137196445.00,9127056183.37,13891613939.61,25155866567.97,0.64,0.36,0.00,24471037036.74,24420316630.99
11/20/23,2137196445.00,9111083835.04,13891999817.77,25140280097.82,0.64,0.36,0.00,24476664610.71,24441076129.83
11/21/23,2137196445.00,9131583773.67,13891999817.77,25160780036.44,0.64,0.36,0.00,24571327708.48,24500421249.57
11/22/23,2137196445.00,9063096895.37,13891999817.77,25092293158.14,0.64,0.36,0.00,24405988995.80,24421879025.45
11/23/23,2137196445.00,9063096895.37,13891999817.77,25092293158.14,0.64,0.36,0.00,24460609131.34,24409910339.21
11/24/23,2137196445.00,9094817734.50,13891613928.89,25123628108.39,0.64,0.36,0.00,24520526563.05,24439184226.04
11/25/23,2137196445.00,9094817734.50,13891613928.89,25123628108.39,0.64,0.36,0.00,24759215951.50,24707898245.72
11/26/23,2137196445.00,9094817734.50,13891613928.89,25123628108.39,0.64,0.36,0.00,24777378507.17,24726023156.38
11/27/23,2137196445.00,9099365143.37,13891613928.89,25128175517.26,0.64,0.36,0.00,24711184527.92,24655503697.71
11/28/23,2137196445.00,9065242524.08,13891613928.89,25094052897.97,0.64,0.36,0.00,24455480024.21,24437977232.69
11/29/23,2137196445.00,9106036115.44,13891999807.05,25135232367.49,0.64,0.36,0.00,24612223091.80,24520971014.62
11/30/23,2137196445.00,9121971678.64,13891228029.28,25150396152.93,0.64,0.36,0.00,24495906909.63,24430396390.52
12/1/23,2137196445.00,9167581537.04,13888912824.61,25193690806.65,0.64,0.36,0.00,24600552162.31,24507375575.71
12/2/23,2137196445.00,9167581537.04,13888912824.61,25193690806.65,0.64,0.36,0.00,24611272471.71,24560261404.06
12/3/23,2137196445.00,9167581537.04,13888912824.61,25193690806.65,0.64,0.36,0.00,24605766350.19,24554766694.92
12/4/23,2137196445.00,9151538269.35,13889684430.88,25178419145.23,0.64,0.36,0.00,24551097971.53,24515071928.78
12/5/23,2137196445.00,9185856537.86,13891227729.15,25214280712.01,0.64,0.36,0.00,24485891156.46,24400386546.35
12/6/23,2137196445.00,9098590900.75,13891613596.59,25127400942.34,0.64,0.36,0.00,24255765613.48,24289183596.62
12/7/23,2137196445.00,9119062730.28,13891613596.59,25147872771.86,0.64,0.36,0.00,24358807091.07,24288530916.84
12/8/23,2137196445.00,9144140152.78,13891613596.59,25172950194.37,0.64,0.36,0.00,24379581256.17,24304813682.96
12/9/23,2137196445.00,9144140152.78,13891613596.59,25172950194.37,0.64,0.36,0.00,24550962164.76,24500076100.53
12/10/23,2137196445.00,9144140152.78,13891613596.59,25172950194.37,0.64,0.36,0.00,24623904907.82,24572867657.29
12/11/23,2137196445.00,9128137907.52,13891613596.59,25156947949.10,0.64,0.36,0.00,24598572303.48,24563202192.39
12/12/23,2137196445.00,9132701976.47,13891999474.74,25161897896.21,0.64,0.36,0.00,24205451056.91,24150529201.98
12/13/23,2137196445.00,9144117853.94,13891999474.74,25173313773.68,0.64,0.36,0.00,24114184652.38,24053290978.33
12/14/23,2137196445.00,9150975942.33,13891999474.74,25180171862.07,0.64,0.36,0.00,24348387986.51,24291303993.71
12/15/23,2137196445.00,9141824966.39,13891613585.87,25170634997.26,0.64,0.36,0.00,24540422962.30,24498837555.21
12/16/23,2137196445.00,9141824966.39,13891613585.87,25170634997.26,0.64,0.36,0.00,24650567804.64,24599475290.70
12/17/23,2137196445.00,9141824966.39,13891613585.87,25170634997.26,0.64,0.36,0.00,24725798355.94,24674549913.83
12/18/23,2137196445.00,9137254053.91,13891613585.87,25166064084.77,0.64,0.36,0.00,24651149449.38,24604523838.27
12/19/23,2137196445.00,9173803070.12,13891999464.02,25202998979.15,0.64,0.36,0.00,24802371960.83,24714692366.75
12/20/23,2137196445.00,9139401308.61,13891999464.02,25168597217.63,0.64,0.36,0.00,24771140686.45,24753586584.13
12/21/23,2137196445.00,9164534662.21,13891999464.02,25193730571.23,0.64,0.36,0.00,24977893584.11,24901256244.58
12/22/23,2137196445.00,9169116929.54,13891613575.15,25197926949.69,0.64,0.36,0.00,24838385822.96,24782776096.01
12/23/23,2137196445.00,9169116929.54,13891613575.15,25197926949.69,0.64,0.36,0.00,25112351995.57,25060302354.99
12/24/23,2137196445.00,9169116929.54,13891613575.15,25197926949.69,0.64,0.36,0.00,25118609523.88,25066546913.50
12/25/23,2137196445.00,9169116929.54,13891613575.15,25197926949.69,0.64,0.36,0.00,25142190265.01,25090078779.52
12/26/23,2137196445.00,9171409208.77,13890455940.69,25199061594.46,0.64,0.36,0.00,25121519334.48,25068321884.28
12/27/23,2137196445.00,9107209344.31,13888912556.69,25133318346.00,0.64,0.36,0.00,24732061539.55,24745359675.93
12/28/23,2137196445.00,9143638181.69,13888526753.57,25169361380.25,0.64,0.36,0.00,24950132292.50,24862763840.86
12/29/23,2137196445.00,9235074563.50,13889298338.39,25261569346.89,0.63,0.37,0.01,24985559312.10,24842761005.01
12/30/23,2137196445.00,9235074563.50,13889298338.39,25261569346.89,0.63,0.37,0.00,24821489911.41,24770043132.20
12/31/23,3364267118.00,6622021104.00,14707000000.00,24693288222.00,0.73,0.27,0.00,24711626997.57,24659690975.26
1/1/24,3364267118.00,6622021104.00,14707000000.00,24693288222.00,0.73,0.27,0.00,24545081652.38,24493495655.70
1/2/24,3364267118.00,6582288977.38,14706182944.44,24652739039.82,0.73,0.27,0.00,24575611983.08,24564299188.85
1/3/24,3364267118.00,6542795243.51,14706591449.53,24613653811.04,0.73,0.27,0.00,24804878156.36,24792052249.95
1/4/24,3364267118.00,6542795243.51,14709451064.53,24616513426.04,0.73,0.27,0.00,25051798018.51,24996243000.11
1/5/24,3364267118.00,6564059328.05,14709859660.39,24638186106.45,0.73,0.27,0.00,25203681489.00,25128587806.84
1/6/24,3364267118.00,6564059328.05,14709859660.39,24638186106.45,0.73,0.27,0.00,25451978600.02,25398486592.86
1/7/24,3364267118.00,6564059328.05,14709859660.39,24638186106.45,0.73,0.27,0.00,25472647259.56,25419111813.41
1/8/24,3364267118.00,6550931209.40,14709859660.39,24625057987.79,0.73,0.27,0.00,25456396116.00,25416437623.90
1/9/24,3364267118.00,6557482140.61,14709859660.39,24631608919.00,0.73,0.27,0.00,25419600619.04,25359430366.03
1/10/24,3364267118.00,6557482140.61,14709859660.39,24631608919.00,0.73,0.27,0.00,25268773891.59,25215666922.77
1/11/24,3364267118.00,6567318363.82,14709859660.39,24641445142.21,0.73,0.27,0.00,25354794445.43,25291406986.03
1/12/24,3364267118.00,6585378489.32,14709859660.39,24659505267.71,0.73,0.27,0.00,25357855449.46,25286028707.85
1/13/24,3364267118.00,6585378489.32,14709859660.39,24659505267.71,0.73,0.27,0.00,25443516353.73,25390042131.53
1/14/24,3364267118.00,6585378489.32,14709859660.39,24659505267.71,0.73,0.27,0.00,25530336185.88,25476679495.86
1/15/24,3364267118.00,6585378489.32,14709859660.39,24659505267.71,0.73,0.27,0.00,25562716661.36,25508991917.83
1/16/24,3364267118.00,6588671178.56,14709451053.18,24662389349.74,0.73,0.27,0.00,25551506022.69,25494823062.75
1/17/24,3364267118.00,6567257997.23,14709451053.18,24640976168.41,0.73,0.27,0.00,25467633448.45,25436193578.54
1/18/24,3364267118.00,6586959771.22,14709859649.04,24661086538.27,0.73,0.27,0.00,25772278181.99,25697140663.48
1/19/24,3364267118.00,6605073910.59,14709859649.04,24679200677.64,0.73,0.27,0.00,25705726845.09,25632873599.92
1/20/24,3364267118.00,6605073910.59,14709859649.04,24679200677.64,0.73,0.27,0.00,25578067095.41,25524310090.13
1/21/24,3364267118.00,6605073910.59,14709859649.04,24679200677.64,0.73,0.27,0.00,25770307875.18,25716146840.59
1/22/24,3364267118.00,6593515031.25,14709859649.04,24667641798.29,0.73,0.27,0.00,25826308026.74,25784105675.97
1/23/24,3364267118.00,6591866652.49,14709859649.04,24665993419.54,0.73,0.27,0.00,25668928989.05,25616692818.49
1/24/24,3364267118.00,6578682919.19,14709859649.04,24652809686.23,0.73,0.27,0.00,25769990209.66,25729582053.78
1/25/24,3364267118.00,6598418967.95,14709451041.83,24672137127.78,0.73,0.27,0.00,25927801344.65,25853040903.38
1/26/24,3364267118.00,6596769363.20,14709451041.83,24670487523.03,0.73,0.27,0.00,26057580060.33,26004553962.00
1/27/24,3364267118.00,6596769363.20,14709451041.83,24670487523.03,0.73,0.27,0.00,26157820162.64,26102844699.82
1/28/24,3364267118.00,6596769363.20,14709451041.83,24670487523.03,0.73,0.27,0.00,26182792394.97,26127764448.41
1/29/24,3364267118.00,6593470978.52,14709859637.69,24667597734.22,0.73,0.27,0.00,26201636334.91,26149631833.41
1/30/24,3364267118.00,6595119346.27,14709859637.69,24669246101.96,0.73,0.27,0.00,26489199549.33,26431761377.07
1/31/24,3364267118.00,6581929107.57,14709451030.48,24655647256.06,0.73,0.27,0.00,26747146133.05,26705653502.68
2/1/24,3364267118.00,6583574589.85,14709451030.48,24657292738.33,0.73,0.27,0.00,26876846504.17,26818570042.82
2/2/24,3364267118.00,6575345121.61,14709451030.48,24649063270.09,0.73,0.27,0.00,26884621546.27,26837075556.17
2/3/24,3364267118.00,6575345121.61,14709451030.48,24649063270.09,0.73,0.27,0.00,27077178598.86,27020270935.44
2/4/24,3364267118.00,6575345121.61,14709451030.48,24649063270.09,0.73,0.27,0.00,27117622456.03,27060629792.42
2/5/24,3364267118.00,6572057449.05,14709859626.34,24646184193.40,0.73,0.27,0.00,27162006199.32,27108086552.34
2/6/24,3364267118.00,6568771420.33,14709859626.34,24642898164.67,0.73,0.27,0.00,27099203169.36,27045855189.55
2/7/24,3364267118.00,6558918263.20,14709859626.34,24633045007.54,0.73,0.27,0.00,27358185324.01,27311607280.72
2/8/24,3364267118.00,6552359344.94,14709859626.34,24626486089.28,0.73,0.27,0.00,27568356620.67,27517743669.05
2/9/24,3364267118.00,6557273614.44,14709859626.34,24631400358.79,0.73,0.27,0.00,27793995193.01,27730047415.87
2/10/24,3364267118.00,6557273614.44,14709859626.34,24631400358.79,0.73,0.27,0.00,27986035542.34,27927217749.15
2/11/24,3364267118.00,6557273614.44,14709859626.34,24631400358.79,0.73,0.27,0.00,28020744074.95,27961853335.40
2/12/24,3364267118.00,6542519748.81,14709859626.34,24616646493.15,0.73,0.27,0.00,27973545457.33,27931484484.39
2/13/24,3364267118.00,6540884118.87,14709859626.34,24615010863.22,0.73,0.27,0.00,27870714185.38,27813986835.41
2/14/24,3364267118.00,6542519339.90,14710268233.55,24617054691.46,0.73,0.27,0.00,27951267864.39,27890207368.21
2/15/24,3364267118.00,6562146897.92,14709859614.99,24636273630.92,0.73,0.27,0.00,28052487845.90,27971692430.68
2/16/24,3364267118.00,6563787434.65,14710268222.20,24638322774.85,0.73,0.27,0.00,28166007821.02,28104474168.43
2/17/24,3364267118.00,6563787434.65,14710268222.20,24638322774.85,0.73,0.27,0.00,28160581332.14,28101396698.92
2/18/24,3364267118.00,6563787434.65,14710268222.20,24638322774.85,0.73,0.27,0.00,28169538216.24,28110334758.48
2/19/24,3364267118.00,6563787434.65,14710268222.20,24638322774.85,0.73,0.27,0.00,28161141619.08,28101955808.32
2/20/24,3364267118.00,6576915009.52,14710268222.20,24651450349.72,0.73,0.27,0.00,28105886143.39,28031880761.50
2/21/24,3364267118.00,6532520833.20,14710268222.20,24607056173.41,0.73,0.27,0.00,28053088004.09,28044634163.45
2/22/24,3364267118.00,6521088921.74,14710268222.20,24595624261.95,0.73,0.27,0.00,28157344931.62,28111226974.47
2/23/24,3364267118.00,6514567832.82,14709859603.64,24588694554.47,0.74,0.26,0.00,28076835263.58,28025722760.54
2/24/24,3364267118.00,6514567832.82,14709859603.64,24588694554.47,0.74,0.26,0.00,28216100953.47,28156799635.57
2/25/24,3364267118.00,6514567832.82,14709859603.64,24588694554.47,0.74,0.26,0.00,28181050396.45,28121822743.73
2/26/24,3364267118.00,6508053264.99,14709859603.64,24582179986.63,0.74,0.26,0.00,28236809990.45,28184932509.54
2/27/24,3364267118.00,6548728597.90,14709859603.64,24622855319.54,0.73,0.27,0.00,28593495830.17,28486266050.61
2/28/24,3364267118.00,6532356776.40,14709859603.64,24606483498.04,0.73,0.27,0.00,28564844918.90,28523776208.77
2/29/24,3364267118.00,6555220025.12,14709450996.43,24628938139.55,0.73,0.27,0.00,28795567152.47,28708849724.96
3/1/24,3364267118.00,6566691660.16,14709859592.29,24640818370.46,0.73,0.27,0.00,28812211885.79,28737795515.85
3/2/24,3364267118.00,6566691660.16,14709859592.29,24640818370.46,0.73,0.27,0.00,29049075940.65,28988023972.84
3/3/24,3364267118.00,6566691660.16,14709859592.29,24640818370.46,0.73,0.27,0.00,29085373118.91,29024244865.91
3/4/24,3364267118.00,6560124968.50,14709859592.29,24634251678.80,0.73,0.27,0.00,29058834614.38,29005491998.80
3/5/24,3364267118.00,6574885249.68,14709859592.29,24649011959.97,0.73,0.27,0.00,28987766119.56,28909521080.60
3/6/24,3364267118.00,6543654544.75,14709859592.29,24617781255.04,0.73,0.27,0.00,28887801017.96,28863658730.97
3/7/24,3364267118.00,6548562285.65,14709859592.29,24622688995.95,0.73,0.27,0.00,29245501953.76,29178220261.69
3/8/24,3364267118.00,6550199426.23,14709859592.29,24624326136.52,0.73,0.27,0.00,29348753661.59,29285124724.26
3/9/24,3364267118.00,6550199426.23,14709859592.29,24624326136.52,0.73,0.27,0.00,30033705123.01,29970583776.15
3/10/24,3364267118.00,6550199426.23,14709859592.29,24624326136.52,0.73,0.27,0.00,30072697879.23,30009494581.93
3/11/24,3364267118.00,6528911278.09,14709859592.29,24603037988.38,0.73,0.27,0.00,30219196814.97,30181778283.16
3/12/24,3364267118.00,6540336872.83,14709859592.29,24614463583.12,0.73,0.27,0.00,30526585376.33,30448288035.57
3/13/24,3364267118.00,6527256199.08,14709859592.29,24601382909.37,0.73,0.27,0.00,30448514030.61,30400676482.71
3/14/24,3364267118.00,6525624385.03,14709859592.29,24599751095.32,0.73,0.27,0.00,30874122947.18,30811279025.47
3/15/24,3364267118.00,6535412821.61,14709859592.29,24609539531.90,0.73,0.27,0.00,30660850221.29,30584241101.09
3/16/24,3364267118.00,6535412821.61,14709859592.29,24609539531.90,0.73,0.27,0.00,30837829083.62,30773017722.58
3/17/24,3364267118.00,6535412821.61,14709859592.29,24609539531.90,0.73,0.27,0.00,30939028467.37,30874004417.24
3/18/24,3364267118.00,6537046674.82,14709859592.29,24611173385.11,0.73,0.27,0.00,30954024047.71,30886917866.67
3/19/24,3364267118.00,6553389291.50,14709859592.29,24627516001.79,0.73,0.27,0.00,31074602566.78,30988716071.08
3/20/24,3364267118.00,6541920860.24,14709859592.29,24616047570.53,0.73,0.27,0.00,31307839392.48,31256595649.82
3/21/24,3364267118.00,6538649899.81,14709859592.29,24612776610.10,0.73,0.27,0.00,31469621303.00,31407655538.38
3/22/24,3364267118.00,6568073824.36,14709859592.29,24642200534.65,0.73,0.27,0.00,31999947260.30,31894564384.94
3/23/24,3364267118.00,6568073824.36,14709859592.29,24642200534.65,0.73,0.27,0.00,32063454187.13,31996066949.86
3/24/24,3364267118.00,6568073824.36,14709859592.29,24642200534.65,0.73,0.27,0.00,32076735989.94,32009320838.52
3/25/24,3364267118.00,6543443547.52,14709859592.29,24617570257.81,0.73,0.27,0.00,32079607694.83,32044215217.89
3/26/24,3364267118.00,6589247652.35,14709450985.08,24662965755.43,0.73,0.27,0.00,32308473401.01,32181228113.68
3/27/24,3364267118.00,6569479909.40,14709042389.22,24642789416.62,0.73,0.27,0.00,32289316712.84,32247836171.99
3/28/24,3364267118.00,6576049389.30,14708633804.71,24648950312.01,0.73,0.27,0.00,32222563852.22,32146805257.11
3/29/24,3364267118.00,6576049389.30,14708633804.71,24648950312.01,0.73,0.27,0.00,32495517779.98,32427222481.73
3/30/24,3364267118.00,6576049389.30,14708633804.71,24648950312.01,0.73,0.27,0.00,32502198382.49,32433889043.72
3/31/24,5080723706.00,11418153075.00,15927000000.00,32425876781.00,0.65,0.35,0.00,32512207596.62,32460741764.58
4/1/24,5080723706.00,11406734921.93,15926557583.33,32414016211.26,0.65,0.35,0.00,32427691761.51,32388206506.36
4/2/24,5080723706.00,11435251759.23,15926999987.71,32442975452.94,0.65,0.35,0.00,32708596734.84,32627669901.21
4/3/24,5080723706.00,11432392946.29,15927884821.04,32441001473.33,0.65,0.35,0.00,32801406004.97,32751475130.82
4/4/24,5080723706.00,11446683437.47,15927884821.04,32455291964.52,0.65,0.35,0.00,32943128015.69,32876497719.41
4/5/24,5080723706.00,11412343387.16,15927884821.04,32420951914.20,0.65,0.35,0.00,33060002161.51,33042630684.62
4/6/24,5080723706.00,11412343387.16,15927884821.04,32420951914.20,0.65,0.35,0.00,33011959105.19,32959702181.76
4/7/24,5080723706.00,11412343387.16,15927884821.04,32420951914.20,0.65,0.35,0.00,32990337534.56,32938114837.42
4/8/24,5080723706.00,11403784129.62,15928327262.29,32412835097.91,0.65,0.35,0.00,33013902547.42,32969896796.14
4/9/24,5080723706.00,11440846428.04,15928327262.29,32449897396.33,0.65,0.35,0.00,32677930881.58,32588939051.01
4/10/24,5080723706.00,11312136905.73,15928327262.29,32321187874.01,0.65,0.35,0.00,32247301344.20,32324466864.36
4/11/24,5080723706.00,11329105111.08,15928327262.29,32338156079.37,0.65,0.35,0.00,32249917460.97,32181971707.53
4/12/24,5080723706.00,11363092426.42,15928327262.29,32372143394.71,0.65,0.35,0.00,32307458830.65,32222451399.62
4/13/24,5080723706.00,11363092426.42,15928327262.29,32372143394.71,0.65,0.35,0.00,32005379183.43,31954715645.29
4/14/24,5080723706.00,11363092426.42,15928327262.29,32372143394.71,0.65,0.35,0.00,32132332663.97,32081468162.35
4/15/24,5080723706.00,11368773972.63,15927884808.75,32377382487.38,0.65,0.35,0.00,32324647299.76,32268256090.34
4/16/24,5080723706.00,11405722488.04,15928327250.00,32414773444.04,0.65,0.35,0.00,32502258449.55,32413375843.19
4/17/24,5080723706.00,11314476708.14,15928327250.00,32323527664.14,0.65,0.35,0.00,32547769237.86,32587980460.82
4/18/24,5080723706.00,11314476708.14,15928769703.53,32323970117.67,0.65,0.35,0.00,32574819000.52,32522808875.18
4/19/24,5080723706.00,11320133946.49,15928327237.71,32329184890.20,0.65,0.35,0.00,33103786928.41,33046053379.32
4/20/24,5080723706.00,11320133946.49,15928327237.71,32329184890.20,0.65,0.35,0.00,33968375358.13,33914604456.97
4/21/24,5080723706.00,11320133946.49,15928327237.71,32329184890.20,0.65,0.35,0.00,34001018503.06,33947195928.80
4/22/24,5080723706.00,11320133946.49,15928327237.71,32329184890.20,0.65,0.35,0.00,33986045179.35,33932246307.40
4/23/24,5080723706.00,11399374884.12,15928327237.71,32408425827.82,0.65,0.35,0.00,33934600428.01,33798041789.99
4/24/24,5080723706.00,11262582385.51,15928327237.71,32271633329.22,0.65,0.35,0.00,33543223853.86,33632083380.80
4/25/24,5080723706.00,11299185778.26,15928327237.71,32308236721.97,0.65,0.35,0.00,33515637036.02,33424671604.66
4/26/24,5080723706.00,11327433742.71,15927884784.17,32336042232.88,0.65,0.35,0.00,33434063413.29,33352434130.74
4/27/24,5080723706.00,11327433742.71,15927884784.17,32336042232.88,0.65,0.35,0.00,33425276086.17,33372364894.58
4/28/24,5080723706.00,11327433742.71,15927884784.17,32336042232.88,0.65,0.35,0.00,33551414814.16,33498303948.81
4/29/24,5080723706.00,11324601884.27,15927884784.17,32333210374.44,0.65,0.35,0.00,33560490332.05,33510299795.55
4/30/24,5080723706.00,11333095335.68,15926999901.69,32340818943.37,0.65,0.35,0.00,33368067402.63,33307408955.78
5/1/24,5080723706.00,11290596228.18,15927884735.01,32299204669.19,0.65,0.35,0.00,33217470678.31,33207618056.92
5/2/24,5080723706.00,11327290665.92,15928327176.26,32336341548.17,0.65,0.35,0.00,33076478998.75,32986193179.81
5/3/24,5080723706.00,11344281601.92,15928327176.26,32353332484.17,0.65,0.35,0.00,33180372276.24,33110451072.72
5/4/24,5080723706.00,11344281601.92,15928327176.26,32353332484.17,0.65,0.35,0.00,33295560980.05,33242855123.51
5/5/24,5080723706.00,11344281601.92,15928327176.26,32353332484.17,0.65,0.35,0.00,33606767498.76,33553569011.80
5/6/24,5080723706.00,11335773390.71,15928327176.26,32344824272.97,0.65,0.35,0.00,33634622508.54,33590213411.49
5/7/24,5080723706.00,11327271560.67,15928327176.26,32336322442.93,0.65,0.35,0.00,33280410647.21,33236464970.79
5/8/24,5080723706.00,11313112471.22,15928327176.26,32322163353.48,0.65,0.35,0.00,33265836275.09,33227726880.13
5/9/24,5080723706.00,11327253861.81,15928327176.26,32336304744.06,0.65,0.35,0.00,33170268776.23,33103278114.40
5/10/24,5080723706.00,11327253861.81,15928327176.26,32336304744.06,0.65,0.35,0.00,33153447857.07,33100966961.27
5/11/24,5080723706.00,11327253861.81,15928327176.26,32336304744.06,0.65,0.35,0.00,33156560480.93,33104074657.94
5/12/24,5080723706.00,11327253861.81,15928327176.26,32336304744.06,0.65,0.35,0.00,33178079688.48,33125559801.24
5/13/24,5080723706.00,11344244742.60,15928327176.26,32353295624.86,0.65,0.35,0.00,33200289502.62,33130326364.13
5/14/24,5080723706.00,11358425048.53,15928327176.26,32367475930.79,0.65,0.35,0.00,33176996308.20,33109966184.64
5/15/24,5080723706.00,11321510167.12,15928327176.26,32330561049.38,0.65,0.35,0.00,32900126708.51,32885552556.55
5/16/24,5080723706.00,11330001299.75,15928327176.26,32339052182.00,0.65,0.35,0.00,33320076458.47,33258596927.47
5/17/24,5080723706.00,11332833800.07,15928327176.26,32341884682.33,0.65,0.35,0.00,33373076807.44,33317330060.37
5/18/24,5080723706.00,11332833800.07,15928327176.26,32341884682.33,0.65,0.35,0.00,33478253904.70,33425258850.84
5/19/24,5080723706.00,11332833800.07,15928327176.26,32341884682.33,0.65,0.35,0.00,33549504160.78,33496396319.94
5/20/24,5080723706.00,11335667008.52,15928327176.26,32344717890.78,0.65,0.35,0.00,33547765775.19,33491726749.43
5/21/24,5080723706.00,11352670509.04,15928327176.26,32361721391.29,0.65,0.35,0.00,33408126500.55,33337716939.74
5/22/24,5080723706.00,11301583491.74,15928327176.26,32310634374.00,0.65,0.35,0.00,33060778312.36,33060634448.43
5/23/24,5080723706.00,11304408887.62,15928327176.26,32313459769.87,0.65,0.35,0.00,33145948508.90,33090585885.79
5/24/24,5080723706.00,11318539398.73,15927884722.72,32327147827.45,0.65,0.35,0.00,32870682324.10,32804752867.01
5/25/24,5080723706.00,11318539398.73,15927884722.72,32327147827.45,0.65,0.35,0.00,32781063893.02,32729172469.67
5/26/24,5080723706.00,11318539398.73,15927884722.72,32327147827.45,0.65,0.35,0.00,32761353821.52,32709493598.61
5/27/24,5080723706.00,11318539398.73,15927884722.72,32327147827.45,0.65,0.35,0.00,32728974399.55,32677165432.27
5/28/24,5080723706.00,11312880129.03,15927884722.72,32321488557.75,0.65,0.35,0.00,32613593831.77,32567668884.32
5/29/24,5080723706.00,11295910808.83,15927442281.48,32304076796.32,0.65,0.35,0.00,32340632203.93,32306841841.67
5/30/24,5080723706.00,11301558764.24,15927442281.48,32309724751.72,0.65,0.35,0.00,32247204084.89,32190529642.18
5/31/24,5080723706.00,11318511102.39,15926999852.53,32326234660.91,0.65,0.35,0.00,32443865172.03,32375963767.36
6/1/24,5080723706.00,11318511102.39,15926999852.53,32326234660.91,0.65,0.35,0.00,32448288285.13,32396923635.41
6/2/24,5080723706.00,11318511102.39,15926999852.53,32326234660.91,0.65,0.35,0.00,32419064312.58,32367745923.51
6/3/24,5080723706.00,11321340730.16,15926557435.87,32328621872.03,0.65,0.35,0.00,32408047711.01,32354357472.97
6/4/24,5080723706.00,11332662070.89,15927442244.61,32340828021.50,0.65,0.35,0.00,32402909214.81,32339406177.51
6/5/24,5080723706.00,11318496243.30,15927442244.61,32326662193.91,0.65,0.35,0.00,32427396878.74,32390252775.94
6/6/24,5080723706.00,11338303611.73,15927442244.61,32346469562.34,0.65,0.35,0.00,32591928662.86,32520410551.83
6/7/24,5080723706.00,11343972763.53,15927442244.61,32352138714.15,0.65,0.35,0.00,32599281030.04,32541973946.84
6/8/24,5080723706.00,11343972763.53,15927442244.61,32352138714.15,0.65,0.35,0.00,32278546994.91,32227451040.46
6/9/24,5080723706.00,11343972763.53,15927442244.61,32352138714.15,0.65,0.35,0.00,32226470007.45,32175456489.28
6/10/24,5080723706.00,11360988722.68,15927884673.56,32369597102.24,0.65,0.35,0.00,32290968585.14,32222464556.48
6/11/24,5080723706.00,11412113171.93,15927884673.56,32420721551.49,0.65,0.35,0.00,32212087601.60,32110381805.00
6/12/24,5080723706.00,11355052606.07,15928327114.80,32364103426.88,0.65,0.35,0.00,32128883433.46,32134142046.61
6/13/24,5080723706.00,11363568895.53,15928327114.80,32372619716.33,0.65,0.35,0.00,32465498423.83,32405579327.56
6/14/24,5080723706.00,11374932464.42,15928327114.80,32383983285.23,0.65,0.35,0.00,32608989453.90,32545946008.53
6/15/24,5080723706.00,11374932464.42,15928327114.80,32383983285.23,0.65,0.35,0.00,32462581967.72,32411194691.53
6/16/24,5080723706.00,11374932464.42,15928327114.80,32383983285.23,0.65,0.35,0.00,32486369778.32,32434944846.76
6/17/24,5080723706.00,11366401265.07,15927442207.74,32374567178.82,0.65,0.35,0.00,32561068562.09,32518980743.48
6/18/24,5080723706.00,11380609266.65,15927442207.74,32388775180.40,0.65,0.35,0.00,32548878977.28,32483099463.17
6/19/24,5080723706.00,11380609266.65,15927442207.74,32388775180.40,0.65,0.35,0.00,32848328132.34,32796330231.75
6/20/24,5080723706.00,11406215637.50,15927884636.69,32414823980.20,0.65,0.35,0.00,32907248427.48,32828754602.88
6/21/24,5080723706.00,11434731176.60,15928327077.93,32443781960.53,0.65,0.35,0.00,32730151570.35,32649173401.83
6/22/24,5080723706.00,11434731176.60,15928327077.93,32443781960.53,0.65,0.35,0.00,32771245959.66,32719370077.79
6/23/24,5080723706.00,11434731176.60,15928327077.93,32443781960.53,0.65,0.35,0.00,32792521589.67,32740612029.13
6/24/24,5080723706.00,11469035370.13,15928327077.93,32478086154.06,0.65,0.35,0.00,32792712944.62,32706221399.24
6/25/24,5080723706.00,11471902628.97,15927442170.87,32480068505.84,0.65,0.35,0.00,32604314748.43,32550716328.69
6/26/24,5080723706.00,11394467286.23,15926999741.92,32402190734.15,0.65,0.35,0.00,32815935517.20,32842736236.71
6/27/24,5080723706.00,11411558987.15,15926999741.92,32419282435.08,0.65,0.35,0.00,33038314122.67,32968624993.01
6/28/24,5080723706.00,11451499443.61,15927442158.58,32459665308.19,0.65,0.35,0.00,32736206560.67,32643723698.16
6/29/24,5080723706.00,11451499443.61,15927442158.58,32459665308.19,0.65,0.35,0.00,32383727843.22,32332465390.70
6/30/24,4469754950.00,10720566593.00,17084000000.00,32274321543.00,0.67,0.33,0.00,32131687950.19,32264498272.95
7/1/24,4469754950.00,10712526168.06,17080678111.11,32262959229.17,0.67,0.33,0.00,32297457099.95,32257129043.19
7/2/24,4469754950.00,10688422984.18,17083050427.52,32241228361.69,0.67,0.33,0.00,32560394251.40,32530200034.56
7/3/24,4469754950.00,10640325080.75,17083999485.87,32194079516.62,0.67,0.33,0.00,32563333045.75,32558836565.45
7/4/24,4469754950.00,10640325080.75,17083999485.87,32194079516.62,0.67,0.33,0.00,32819025956.92,32766506993.42
7/5/24,4469754950.00,10661605730.91,17084474041.41,32215834722.32,0.67,0.33,0.00,32982827446.40,32907808848.43
7/6/24,4469754950.00,10661605730.91,17084474041.41,32215834722.32,0.67,0.33,0.00,33645765602.65,33591923641.04
7/7/24,4469754950.00,10661605730.91,17084474041.41,32215834722.32,0.67,0.33,0.00,33758007820.94,33703986242.64
7/8/24,4469754950.00,10674932738.07,17084474041.41,32229161729.49,0.67,0.33,0.00,33748717350.31,33680777616.22
7/9/24,4469754950.00,10720301202.21,17083524903.97,32273581056.18,0.67,0.33,0.00,34048526434.23,33947252692.62
7/10/24,4469754950.00,10682780148.00,17083524903.97,32236060001.97,0.67,0.33,0.00,33975358207.80,33960471033.90
7/11/24,4469754950.00,10757559609.04,17083524903.97,32310839463.01,0.67,0.33,0.00,34267068179.01,34133051971.97
7/12/24,4469754950.00,10773695948.45,17083524903.97,32326975802.42,0.67,0.33,0.00,34000360162.08,33929006289.83
7/13/24,4469754950.00,10773695948.45,17083524903.97,32326975802.42,0.67,0.33,0.00,33850802355.82,33796632282.16
7/14/24,4469754950.00,10773695948.45,17083524903.97,32326975802.42,0.67,0.33,0.00,33976787621.33,33922415938.53
7/15/24,4469754950.00,10789856492.37,17083524903.97,32343136346.34,0.67,0.33,0.00,34010934698.22,33939541691.22
7/16/24,4469754950.00,10781764100.01,17083050361.61,32334569411.61,0.67,0.33,0.00,33985607565.59,33940211730.95
7/17/24,4469754950.00,10762896012.83,17083050361.61,32315701324.44,0.67,0.33,0.00,33980630773.78,33946061376.83
7/18/24,4469754950.00,10768277460.84,17083524890.79,32321557301.62,0.67,0.33,0.00,33816449946.28,33756217830.04
7/19/24,4469754950.00,10784429877.03,17083524890.79,32337709717.81,0.67,0.33,0.00,33777230603.06,33706333817.14
7/20/24,4469754950.00,10784429877.03,17083524890.79,32337709717.81,0.67,0.33,0.00,33985046862.71,33930661962.99
7/21/24,4469754950.00,10784429877.03,17083524890.79,32337709717.81,0.67,0.33,0.00,34175179993.61,34120490831.50
7/22/24,4469754950.00,10805998736.78,17083999433.14,32359753119.93,0.67,0.33,0.00,34075484231.00,33997779598.60
7/23/24,4469754950.00,10868133229.52,17083524877.60,32421413057.12,0.66,0.34,0.00,34107602465.24,33988258469.72
7/24/24,4469754950.00,10838245863.14,17083524877.60,32391525690.74,0.67,0.33,0.00,34185198401.24,34161985102.99
7/25/24,4469754950.00,10851793670.47,17083050335.25,32404598955.71,0.67,0.33,0.00,34126296426.54,34057939658.86
7/26/24,4469754950.00,10889774948.31,17083050335.25,32442580233.56,0.66,0.34,0.00,33906861639.91,33812969834.11
7/27/24,4469754950.00,10889774948.31,17083050335.25,32442580233.56,0.66,0.34,0.00,34176606001.50,34121914557.41
7/28/24,4469754950.00,10889774948.31,17083050335.25,32442580233.56,0.66,0.34,0.00,34203582373.44,34148847760.15
7/29/24,4469754950.00,10911554498.21,17083999393.60,32465308841.81,0.66,0.34,0.00,34242383494.38,34163652432.98
7/30/24,4469754950.00,10906098720.96,17083999393.60,32459853064.56,0.66,0.34,0.00,33791881633.21,33743476420.61
7/31/24,4469754950.00,10911551770.32,17081626615.90,32462933336.23,0.66,0.34,0.00,33527426479.14,33470597704.77
8/1/24,4469754950.00,10993388408.60,17083050084.79,32546193443.39,0.66,0.34,0.00,33459726582.70,33320722189.60
8/2/24,4469754950.00,11202262788.36,17083050084.79,32755067823.15,0.66,0.34,0.01,33255908396.88,32990961503.74
8/3/24,4469754950.00,11202262788.36,17083050084.79,32755067823.15,0.66,0.34,0.00,33050297017.92,32997407960.66
8/4/24,4469754950.00,11202262788.36,17083050084.79,32755067823.15,0.66,0.34,0.00,33162795460.00,33109726376.03
8/5/24,4469754950.00,11109844120.36,17084473672.30,32664072742.65,0.66,0.34,0.00,33211038417.31,33250262887.17
8/6/24,4469754950.00,11137618730.66,17083999103.58,32691372784.24,0.66,0.34,0.00,33804855789.33,33722574523.87
8/7/24,4469754950.00,11084715041.69,17083999103.58,32638469095.27,0.66,0.34,0.00,34104528251.63,34105143712.27
8/8/24,4469754950.00,11087486220.45,17083524548.05,32640765718.50,0.66,0.34,0.00,34609919463.19,34552103327.92
8/9/24,4469754950.00,11106889321.33,17083524548.05,32660168819.39,0.66,0.34,0.00,34586820858.87,34510958139.31
8/10/24,4469754950.00,11106889321.33,17083524548.05,32660168819.39,0.66,0.34,0.00,34550003078.96,34494714102.59
8/11/24,4469754950.00,11106889321.33,17083524548.05,32660168819.39,0.66,0.34,0.00,34514577509.94,34459345223.68
8/12/24,4469754950.00,11112442766.00,17083524548.05,32665722264.05,0.66,0.34,0.00,34485728835.11,34424689235.39
8/13/24,4469754950.00,11201342308.12,17083524548.05,32754621806.18,0.66,0.34,0.00,34633445516.05,34484174562.35
8/14/24,4469754950.00,11125733247.54,17083999090.40,32679487287.94,0.66,0.34,0.00,34479488179.13,34503458148.95
8/15/24,4469754950.00,11084011747.86,17083049979.34,32636816677.21,0.66,0.34,0.00,34485698048.94,34475527733.25
8/16/24,4469754950.00,11111721777.23,17084473566.84,32665950294.07,0.66,0.34,0.00,34652089344.60,34565781474.97
8/17/24,4469754950.00,11111721777.23,17084473566.84,32665950294.07,0.66,0.34,0.00,34880464297.02,34824646496.89
8/18/24,4469754950.00,11111721777.23,17084473566.84,32665950294.07,0.66,0.34,0.00,34887386540.18,34831557662.66
8/19/24,4469754950.00,11156168664.34,17084473566.84,32710397181.18,0.66,0.34,0.00,34880366008.20,34777228769.65
8/20/24,4469754950.00,11220316634.16,17084473566.84,32774545151.00,0.66,0.34,0.00,35061345468.98,34936724218.78
8/21/24,4469754950.00,11290443613.13,17084948135.55,32845146698.68,0.66,0.34,0.00,34902421984.06,34771665385.78
8/22/24,4469754950.00,11245281838.67,17084948135.55,32799984924.22,0.66,0.34,0.00,34844275429.17,34836415291.07
8/23/24,4469754950.00,11332432772.92,17083998971.76,32886186694.69,0.66,0.34,0.00,34853736621.93,34706748649.24
8/24/24,4469754950.00,11332432772.92,17083998971.76,32886186694.69,0.66,0.34,0.00,34869374654.76,34813574600.93
8/25/24,4469754950.00,11332432772.92,17083998971.76,32886186694.69,0.66,0.34,0.00,34926795004.01,34870903062.72
8/26/24,4469754950.00,11338098989.31,17083524416.24,32891378355.55,0.66,0.34,0.00,34852989185.16,34791722869.21
8/27/24,4469754950.00,11406127583.25,17083049873.89,32958932407.14,0.65,0.35,0.00,34679266532.84,34552804325.30
8/28/24,4469754950.00,11400424519.45,17083049873.89,32953229343.35,0.65,0.35,0.00,34364806834.21,34315752061.61
8/29/24,4469754950.00,11357672927.51,17083998932.22,32911426809.72,0.65,0.35,0.00,34470653107.45,34459204036.41
8/30/24,4469754950.00,11380388273.36,17084473487.74,32934616711.11,0.65,0.35,0.00,34751572728.15,34671531089.86
8/31/24,4469754950.00,11380388273.36,17084473487.74,32934616711.11,0.65,0.35,0.00,34803398288.66,34747703814.15
9/1/24,4469754950.00,11380388273.36,17084473487.74,32934616711.11,0.65,0.35,0.00,34780517367.20,34724859508.11
9/2/24,4469754950.00,11380388273.36,17084473487.74,32934616711.11,0.65,0.35,0.00,34809157780.17,34753454088.98
9/3/24,4469754950.00,11380388273.36,17083524350.33,32933667573.69,0.65,0.35,0.00,34820569279.42,34765849238.28
9/4/24,4469754950.00,11482811767.82,17083049807.98,33035616525.81,0.65,0.35,0.00,34727362818.35,34564791785.33
9/5/24,4469754950.00,11525872311.95,17083049807.98,33078677069.94,0.65,0.35,0.00,35003563946.98,34902055785.82
9/6/24,4469754950.00,11551805524.65,17083524337.15,33105084811.80,0.65,0.35,0.00,35013731428.80,34929814803.67
9/7/24,4469754950.00,11551805524.65,17083524337.15,33105084811.80,0.65,0.35,0.00,34924232374.45,34868344534.03
9/8/24,4469754950.00,11551805524.65,17083524337.15,33105084811.80,0.65,0.35,0.00,35014922847.27,34958889878.54
9/9/24,4469754950.00,11638444066.09,17083524337.15,33191723353.23,0.65,0.35,0.00,35118780905.03,34971059795.62
9/10/24,4469754950.00,11807201505.05,17083998879.49,33360955334.54,0.65,0.35,0.01,35378882216.43,35143085582.60
9/11/24,4469754950.00,11697984891.12,17084473435.01,33252213276.14,0.65,0.35,0.00,35272442070.99,35331161068.18
9/12/24,4469754950.00,11800342258.92,17083998866.31,33354096075.23,0.65,0.35,0.00,35549342184.79,35384039419.05
9/13/24,4469754950.00,12051099531.92,17083998866.31,33604853348.23,0.64,0.36,0.01,35725543621.36,35402218346.25
9/14/24,4469754950.00,12051099531.92,17083998866.31,33604853348.23,0.64,0.36,0.00,35839043693.05,35781691916.98
9/15/24,4469754950.00,12051099531.92,17083998866.31,33604853348.23,0.64,0.36,0.00,35808458553.33,35751155721.42
9/16/24,4469754950.00,12099303930.05,17081626088.69,33650684968.74,0.64,0.36,0.00,35840429713.31,35734339821.34
9/17/24,4469754950.00,12141651493.81,17081626088.69,33693032532.49,0.64,0.36,0.00,35546587325.68,35445097820.63
9/18/24,4469754950.00,12436086542.53,17083998536.75,33989840029.29,0.63,0.37,0.01,36001029372.57,35629551762.34
9/19/24,4469754950.00,12560447407.96,17108200868.01,34138403225.97,0.63,0.37,0.01,35752802766.30,35540249254.35
9/20/24,4469754950.00,12736293671.67,17107725640.21,34313774261.88,0.63,0.37,0.01,35846440336.20,35606165703.31
9/21/24,4469754950.00,12736293671.67,17107725640.21,34313774261.88,0.63,0.37,0.00,35864833446.09,35807440399.71
9/22/24,4469754950.00,12736293671.67,17107725640.21,34313774261.88,0.63,0.37,0.00,35899946662.93,35842497426.29
9/23/24,4469754950.00,12873208828.64,17107725640.21,34450689418.85,0.63,0.37,0.01,36134361722.46,35933160701.08
9/24/24,4469754950.00,12889300339.68,17107250425.61,34466305715.29,0.63,0.37,0.00,35942863181.32,35869086019.77
9/25/24,4469754950.00,12876411039.34,17107250425.61,34453416414.95,0.63,0.37,0.00,36043710092.88,35999493461.13
9/26/24,4469754950.00,12876411039.34,17107725627.01,34453891616.35,0.63,0.37,0.00,36145141109.63,36086801768.21
9/27/24,4469754950.00,12902163861.41,17107250412.41,34479169223.83,0.63,0.37,0.00,36373511866.79,36288681074.94
9/28/24,4469754950.00,12902163861.41,17107250412.41,34479169223.83,0.63,0.37,0.00,36309121914.03,36251017890.74
9/29/24,4469754950.00,12902163861.41,17107250412.41,34479169223.83,0.63,0.37,0.00,36391499938.36,36333264088.84
9/30/24,4917973502.00,8059348784.00,22556000000.00,35533322286.00,0.77,0.23,0.00,36307798253.08,36242038149.60
10/1/24,4917973502.00,8158075806.60,22550361000.00,35626410308.60,0.77,0.23,0.00,35755730848.68,35597713928.96
10/2/24,4917973502.00,8127483022.33,22558504185.92,35603960710.25,0.77,0.23,0.00,35507194345.63,35465232316.92
10/3/24,4917973502.00,8137642376.11,22562890561.73,35618506439.84,0.77,0.23,0.00,35618071822.93,35539041733.49
10/4/24,4917973502.00,8068472415.91,22564144055.65,35550589973.56,0.77,0.23,0.00,35531801098.38,35535204096.01
10/5/24,4917973502.00,8068472415.91,22564144055.65,35550589973.56,0.77,0.23,0.00,35588867940.68,35524409952.28
10/6/24,4917973502.00,8068472415.91,22564144055.65,35550589973.56,0.77,0.23,0.00,35637646042.93,35573099708.41
10/7/24,4917973502.00,8009975990.89,22564144055.65,35492093548.55,0.77,0.23,0.00,35585960761.19,35580052942.85
10/8/24,4917973502.00,8044018388.86,22563517273.87,35525509164.73,0.77,0.23,0.00,35339271687.17,35242085528.54
10/9/24,4917973502.00,7995754278.52,22564144038.24,35477871818.76,0.77,0.23,0.00,35087864332.54,35071342091.97
10/10/24,4917973502.00,8019741541.36,22564770820.02,35502485863.38,0.77,0.23,0.00,34844993632.47,34757768490.18
10/11/24,4917973502.00,8043800765.98,22565397619.21,35527171887.19,0.77,0.23,0.00,34818099773.22,34730888280.67
10/12/24,4917973502.00,8043800765.98,22565397619.21,35527171887.19,0.77,0.23,0.00,35042473071.71,34979004704.96
10/13/24,4917973502.00,8043800765.98,22565397619.21,35527171887.19,0.77,0.23,0.00,35076916146.34,35013385396.84
10/14/24,4917973502.00,8043800765.98,22565397619.21,35527171887.19,0.77,0.23,0.00,35097145501.19,35033578112.61
10/15/24,4917973502.00,8055866467.13,22562263536.21,35536103505.34,0.77,0.23,0.00,34945063721.18,34873004621.79
10/16/24,4917973502.00,8055866467.13,22562263536.21,35536103505.34,0.77,0.23,0.00,34934441712.38,34871169010.30
10/17/24,4917973502.00,8023643001.26,22562890265.75,35504506769.01,0.77,0.23,0.00,34862798826.71,34830625347.27
10/18/24,4917973502.00,8039690287.27,22563517012.70,35521180801.97,0.77,0.23,0.00,34843261681.83,34763827936.67
10/19/24,4917973502.00,8039690287.27,22563517012.70,35521180801.97,0.77,0.23,0.00,35041940778.11,34978473375.44
10/20/24,4917973502.00,8039690287.27,22563517012.70,35521180801.97,0.77,0.23,0.00,35048454591.25,34984975390.87
10/21/24,4917973502.00,8047729977.55,22564770541.42,35530474020.98,0.77,0.23,0.00,35075814450.38,35003128012.66
10/22/24,4917973502.00,8045718045.06,22564143742.24,35527835289.30,0.77,0.23,0.00,34745469056.91,34685114568.68
10/23/24,4917973502.00,8035660897.50,22564143742.24,35517778141.74,0.77,0.23,0.00,34642187548.13,34589235622.78
10/24/24,4917973502.00,8073830286.77,22564143742.24,35555947531.01,0.77,0.23,0.00,34466761865.09,34367403085.33
10/25/24,4917973502.00,8027405762.62,22564143742.24,35509523006.86,0.77,0.23,0.00,34482985568.12,34465531330.78
10/26/24,4917973502.00,8027405762.62,22564143742.24,35509523006.86,0.77,0.23,0.00,34745544074.04,34682613500.33
10/27/24,4917973502.00,8027405762.62,22564143742.24,35509523006.86,0.77,0.23,0.00,34736446044.15,34673531948.65
10/28/24,4917973502.00,8083597602.95,22564770524.01,35566341628.97,0.77,0.23,0.00,34781146746.34,34662688084.15
10/29/24,4917973502.00,8121994691.57,22564770524.01,35604738717.58,0.77,0.23,0.00,34823169030.79,34722611658.35
10/30/24,4917973502.00,8154482670.34,22565397323.19,35637853495.53,0.77,0.23,0.00,34964844403.29,34869086064.35
10/31/24,4917973502.00,8217679911.03,22559755973.86,35695409386.89,0.77,0.23,0.00,35164521404.55,35044234801.26
11/1/24,4917973502.00,8283421350.32,22562262613.42,35763657465.73,0.77,0.23,0.00,34898185561.07,34768502652.29
11/2/24,4917973502.00,8283421350.32,22562262613.42,35763657465.73,0.77,0.23,0.00,34913611507.93,34850376533.18
11/3/24,4917973502.00,8283421350.32,22562262613.42,35763657465.73,0.77,0.23,0.00,34939659489.24,34876377336.80
11/4/24,4917973502.00,8260641941.61,22564769531.48,35743384975.09,0.77,0.23,0.00,34957445054.27,34913921510.02
11/5/24,4917973502.00,8244120657.72,22564769531.48,35726863691.21,0.77,0.23,0.00,35135033808.12,35087615971.60
11/6/24,4917973502.00,8233815506.90,22565396330.64,35717185339.54,0.77,0.23,0.00,35558103272.05,35503318797.83
11/7/24,4917973502.00,8229698599.15,22564769514.07,35712441615.22,0.77,0.23,0.00,36432653088.24,36371497475.48
11/8/24,4917973502.00,8248215420.99,22578559095.44,35744748018.44,0.77,0.23,0.00,36918817121.10,36818643248.04
11/9/24,4917973502.00,8248215420.99,22578559095.44,35744748018.44,0.77,0.23,0.00,37256522193.22,37189043776.11
11/10/24,4917973502.00,8248215420.99,22578559095.44,35744748018.44,0.77,0.23,0.00,37090466627.95,37023288968.03
11/11/24,4917973502.00,8248215420.99,22578559095.44,35744748018.44,0.77,0.23,0.00,37058356039.61,36991236537.87
11/12/24,4917973502.00,8244091313.28,22578559095.44,35740623910.73,0.77,0.23,0.00,37050166209.26,36987329013.30
11/13/24,4917973502.00,8316227112.28,22579186277.64,35813386891.91,0.77,0.23,0.00,36652641204.40,36511923286.53
11/14/24,4917973502.00,8255934465.71,22579813477.26,35753721444.97,0.77,0.23,0.00,36703334444.49,36697997168.35
11/15/24,4917973502.00,8313726006.97,22580440694.30,35812140203.27,0.77,0.23,0.00,36860356949.29,36733576296.56
11/16/24,4917973502.00,8313726006.97,22580440694.30,35812140203.27,0.77,0.23,0.00,36955811994.65,36888878219.05
11/17/24,4917973502.00,8313726006.97,22580440694.30,35812140203.27,0.77,0.23,0.00,37182310820.45,37114966813.79
11/18/24,4917973502.00,8282549534.44,22580440694.30,35780963730.74,0.77,0.23,0.00,37189971866.33,37154959455.95
11/19/24,4917973502.00,8268055072.76,22580440694.30,35766469269.06,0.77,0.23,0.00,37477302150.05,37424584133.44
11/20/24,4917973502.00,8239116880.00,22581067928.76,35738158310.77,0.77,0.23,0.00,37336001777.43,37297902572.90
11/21/24,4917973502.00,8222638646.24,22580440676.88,35721052825.12,0.77,0.23,0.00,37760945788.16,37710603331.33
11/22/24,4917973502.00,8222638646.24,22580440676.88,35721052825.12,0.77,0.23,0.00,38250140954.30,38180862910.78
11/23/24,4917973502.00,8222638646.24,22580440676.88,35721052825.12,0.77,0.23,0.00,38913397245.06,38842917922.35
11/24/24,4917973502.00,8222638646.24,22580440676.88,35721052825.12,0.77,0.23,0.00,39091941373.68,39021138674.70
11/25/24,4917973502.00,8259640520.15,22579813442.41,35757427464.57,0.77,0.23,0.00,39091546964.60,38981050694.61
11/26/24,4917973502.00,8331912374.70,22579813442.41,35829699319.12,0.77,0.23,0.00,38807600196.60,38659175709.56
11/27/24,4917973502.00,8315248549.95,22580440659.45,35813662711.41,0.77,0.23,0.00,38703932618.95,38651132095.95
11/28/24,4917973502.00,8315248549.95,22580440659.45,35813662711.41,0.77,0.23,0.00,39564585399.44,39492926655.16
11/29/24,4917973502.00,8331879047.05,22579186190.53,35829038739.58,0.77,0.23,0.00,39475965775.91,39387557115.02
11/30/24,4917973502.00,8331879047.05,22579186190.53,35829038739.58,0.77,0.23,0.00,39879350093.00,39807121251.94
12/1/24,4917973502.00,8331879047.05,22579186190.53,35829038739.58,0.77,0.23,0.00,39971322700.12,39898927279.75
12/2/24,4917973502.00,8383953291.10,22576050192.44,35877976985.54,0.77,0.23,0.00,40104045865.77,39976806451.31
12/3/24,4917973502.00,8400721197.68,22576050192.44,35894744892.13,0.77,0.23,0.00,39995582957.90,39904493861.01
12/4/24,4917973502.00,8402821377.98,22579185754.97,35899980634.95,0.77,0.23,0.00,40033615395.94,39955279124.38
12/5/24,4917973502.00,8428029842.11,22579185754.97,35925189099.09,0.77,0.23,0.00,40448696192.58,40347104988.35
12/6/24,4917973502.00,8529166200.22,22578558555.37,36025698257.59,0.76,0.24,0.00,40553270772.52,40366885489.21
12/7/24,4917973502.00,8529166200.22,22578558555.37,36025698257.59,0.76,0.24,0.00,40645399699.58,40571783401.73
12/8/24,4917973502.00,8529166200.22,22578558555.37,36025698257.59,0.76,0.24,0.00,41292343379.06,41217555347.17
12/9/24,4917973502.00,8527033908.67,22576677008.82,36021684419.49,0.76,0.24,0.00,41240590679.08,41170483430.17
12/10/24,4917973502.00,8567537319.74,22576049878.90,36061560700.64,0.76,0.24,0.00,40817027116.14,40698046919.13
12/11/24,4917973502.00,8601807469.01,22577304103.90,36097085074.91,0.76,0.24,0.00,40937497757.46,40823137395.53
12/12/24,4917973502.00,8670621928.77,22577304103.90,36165899534.66,0.76,0.24,0.00,41656109704.37,41501545454.91
12/13/24,4917973502.00,8685795517.14,22578558398.57,36182327417.71,0.76,0.24,0.00,41596383447.78,41502192919.41
12/14/24,4917973502.00,8685795517.14,22578558398.57,36182327417.71,0.76,0.24,0.00,42068833042.84,41992638645.29
12/15/24,4917973502.00,8685795517.14,22578558398.57,36182327417.71,0.76,0.24,0.00,42060914488.73,41984734433.14
12/16/24,4917973502.00,8711852903.69,22575422487.68,36205248893.38,0.76,0.24,0.00,42226666593.75,42123501126.11
12/17/24,4917973502.00,8677005492.08,22577303772.89,36172282766.97,0.76,0.24,0.00,42428427617.51,42390179646.95
12/18/24,4917973502.00,8646635972.86,22580439509.52,36145048984.38,0.76,0.24,0.00,42583582415.65,42538482548.74
12/19/24,4917973502.00,8668252562.79,22597374839.16,36183600903.94,0.76,0.24,0.00,42437904455.91,42315907910.95
12/20/24,4917973502.00,8685589067.91,22597374839.16,36200937409.07,0.76,0.24,0.00,42459760254.09,42362560809.76
12/21/24,4917973502.00,8685589067.91,22597374839.16,36200937409.07,0.76,0.24,0.00,42630648555.36,42553436606.54
12/22/24,4917973502.00,8685589067.91,22597374839.16,36200937409.07,0.76,0.24,0.00,43008428724.04,42930532545.82
12/23/24,4917973502.00,8694274656.98,22596747134.30,36208995293.28,0.76,0.24,0.00,43089515143.87,43001900408.14
12/24/24,4917973502.00,8696448225.65,22591097947.52,36205519675.16,0.76,0.24,0.00,43174601641.37,43100541615.21
12/25/24,4917973502.00,8696448225.65,22591097947.52,36205519675.16,0.76,0.24,0.00,43253210461.68,43174870938.69
12/26/24,4917973502.00,8672532993.03,22582940051.03,36173446546.06,0.76,0.24,0.00,43320586170.09,43280465178.62
12/27/24,4917973502.00,8776603388.94,22587331178.27,36281908069.21,0.76,0.24,0.00,43714458613.35,43504839902.40
12/28/24,4917973502.00,8776603388.94,22587331178.27,36281908069.21,0.76,0.24,0.00,43651297512.54,43572236980.65
12/29/24,4917973502.00,8776603388.94,22587331178.27,36281908069.21,0.76,0.24,0.00,43692975694.26,43613839675.51
12/30/24,4917973502.00,8776603388.94,22592978011.06,36287554902.00,0.76,0.24,0.00,43711285978.30,43625327050.61
12/31/24,7271073200.00,14787448865.00,21863000000.00,43921522065.00,0.66,0.34,0.00,43867966001.36,43803322701.92
1/1/25,7271073200.00,14787448865.00,21863000000.00,43921522065.00,0.66,0.34,0.00,44010470687.03,43945617394.43
1/2/25,7271073200.00,14824417487.16,21868465750.00,43963956437.16,0.66,0.34,0.00,43847660162.05,43740787028.37
1/3/25,7271073200.00,14868890739.62,21873932866.44,44013896806.06,0.66,0.34,0.00,44078903840.74,43964009276.95
1/4/25,7271073200.00,14868890739.62,21873932866.44,44013896806.06,0.66,0.34,0.00,45285637867.28,45218905503.88
1/5/25,7271073200.00,14868890739.62,21873932866.44,44013896806.06,0.66,0.34,0.00,45584051708.48,45516879606.09
1/6/25,7271073200.00,14872607962.31,21876363303.42,44020044465.73,0.66,0.34,0.00,45678973042.94,45605291127.28
1/7/25,7271073200.00,14827990138.42,21876363303.42,43975426641.84,0.66,0.34,0.00,45930371833.25,45909222053.70
1/8/25,7271073200.00,14820576143.35,21875147949.91,43966797293.26,0.66,0.34,0.00,45552988341.78,45494789508.90
1/9/25,7271073200.00,14831691575.46,21874540306.91,43977305082.37,0.66,0.34,0.00,45418950321.73,45341185251.51
1/10/25,7271073200.00,14776072732.05,21874540306.91,43921686238.96,0.66,0.34,0.00,45420476398.81,45410977372.06
1/11/25,7271073200.00,14776072732.05,21874540306.91,43921686238.96,0.66,0.34,0.00,45783867327.79,45716400779.54
1/12/25,7271073200.00,14776072732.05,21874540306.91,43921686238.96,0.66,0.34,0.00,45805428348.55,45737930028.23
1/13/25,7271073200.00,14779766750.24,21875147933.03,43925987883.26,0.66,0.34,0.00,45812512413.24,45740523874.56
1/14/25,7271073200.00,14813021225.42,21875755576.03,43959850001.45,0.66,0.34,0.00,45753374484.26,45650761140.71
1/15/25,7271073200.00,14838944012.57,21875755576.03,43985772788.59,0.66,0.34,0.00,45790169774.81,45695747506.73
1/16/25,7271073200.00,14850073220.58,21875147916.15,43996294336.73,0.66,0.34,0.00,46313031100.70,46233725517.00
1/17/25,7271073200.00,14864923293.80,21875147916.15,44011144409.95,0.66,0.34,0.00,46392900221.84,46308905561.05
1/18/25,7271073200.00,14864923293.80,21875147916.15,44011144409.95,0.66,0.34,0.00,47448081778.95,47378162864.59
1/19/25,7271073200.00,14864923293.80,21875147916.15,44011144409.95,0.66,0.34,0.00,47540870787.73,47470815140.62
1/20/25,7271073200.00,14864923293.80,21875147916.15,44011144409.95,0.66,0.34,0.00,47998853153.80,47928122629.46
1/21/25,7271073200.00,14850058370.50,21875147916.15,43996279486.65,0.66,0.34,0.00,48171915037.15,48117181243.03
1/22/25,7271073200.00,14783233107.84,21874540273.15,43928846580.99,0.66,0.34,0.00,50925963888.74,50928978633.14
1/23/25,7271073200.00,14798016340.94,21871502142.56,43940591683.50,0.66,0.34,0.00,51590879121.35,51501085765.67
1/24/25,7271073200.00,14827612373.63,21872109684.28,43970795257.91,0.66,0.34,0.00,52051952645.18,51939547682.44
1/25/25,7271073200.00,14827612373.63,21872109684.28,43970795257.91,0.66,0.34,0.00,52269943232.23,52192918881.67
1/26/25,7271073200.00,14827612373.63,21872109684.28,43970795257.91,0.66,0.34,0.00,52256542912.21,52179538308.19
1/27/25,7271073200.00,14872095210.75,21872109684.28,44015278095.03,0.66,0.34,0.00,52336453448.69,52206516625.65
1/28/25,7271073200.00,14901839401.17,21871502125.68,44044414726.85,0.66,0.34,0.00,52362818544.55,52251068886.09
1/29/25,7271073200.00,14886937561.77,21871502125.68,44029512887.45,0.66,0.34,0.00,52570759386.92,52511058172.46
1/30/25,7271073200.00,14898102764.94,21870894583.95,44040070548.89,0.66,0.34,0.00,52633431574.41,52543272449.93
1/31/25,7271073200.00,14905551816.32,21869679534.26,44046304550.58,0.66,0.34,0.00,53194016592.39,53108112928.81
2/1/25,7271073200.00,14905551816.32,21869679534.26,44046304550.58,0.66,0.34,0.00,53389152704.96,53310479100.97
2/2/25,7271073200.00,14905551816.32,21869679534.26,44046304550.58,0.66,0.34,0.00,53397510000.05,53318824080.85
2/3/25,7271073200.00,14879467100.64,21871502007.55,44022042308.19,0.66,0.34,0.00,53454409601.37,53405057205.71
2/4/25,7271073200.00,14812509498.69,21872717091.00,43956299789.69,0.66,0.34,0.00,54443161378.67,54444241631.46
2/5/25,7271073200.00,14790290734.44,21872717091.00,43934081025.44,0.66,0.34,0.00,55084993569.64,55031638054.42
2/6/25,7271073200.00,14779198016.39,21870894364.57,43921165580.96,0.66,0.34,0.00,55383138857.78,55317788890.17
2/7/25,7271073200.00,14742250021.35,21871501889.41,43884825110.76,0.66,0.34,0.00,55784110561.15,55748033823.80
2/8/25,7271073200.00,14742250021.35,21871501889.41,43884825110.76,0.66,0.34,0.00,56309616246.08,56226639082.65
2/9/25,7271073200.00,14742250021.35,21871501889.41,43884825110.76,0.66,0.34,0.00,56127852168.42,56045142850.31
2/10/25,7271073200.00,14734878896.34,21871501889.41,43877453985.75,0.66,0.34,0.00,56275980096.75,56202492564.08
2/11/25,7271073200.00,14775399813.30,21872109431.13,43918582444.44,0.66,0.34,0.00,56379472325.38,56243672309.97
2/12/25,7271073200.00,14742155163.72,21873324548.32,43886552912.05,0.66,0.34,0.00,56107705679.56,56065914550.62
2/13/25,7271073200.00,14779010551.63,21872716955.98,43922800707.61,0.66,0.34,0.00,56195215341.73,56066099350.17
2/14/25,7271073200.00,14797484314.82,21872716955.98,43941274470.80,0.66,0.34,0.00,56201308933.67,56094898069.45
2/15/25,7271073200.00,14797484314.82,21872716955.98,43941274470.80,0.66,0.34,0.00,56382902562.89,56299817405.64
2/16/25,7271073200.00,14797484314.82,21872716955.98,43941274470.80,0.66,0.34,0.00,56451800402.04,56368613717.77
2/17/25,7271073200.00,14797484314.82,21872716955.98,43941274470.80,0.66,0.34,0.00,56536460295.84,56453148857.79
2/18/25,7271073200.00,14793784943.74,21870286654.09,43935144797.84,0.66,0.34,0.00,56545895284.05,56470447396.85
2/19/25,7271073200.00,14767895820.09,21871501670.02,43910470690.11,0.66,0.34,0.00,56268003422.19,56216659021.48
2/20/25,7271073200.00,14808507533.60,21872716753.44,43952297487.04,0.66,0.34,0.00,56385133887.31,56248466121.78
2/21/25,7271073200.00,14845528802.43,21872109177.98,43988711180.41,0.66,0.34,0.00,56334012928.14,56204435443.24
2/22/25,7271073200.00,14845528802.43,21872109177.98,43988711180.41,0.66,0.34,0.00,57284520145.78,57200106375.86
2/23/25,7271073200.00,14845528802.43,21872109177.98,43988711180.41,0.66,0.34,0.00,57172800830.71,57088551689.01
2/24/25,7271073200.00,14882642624.44,21872109177.98,44025825002.42,0.66,0.34,0.00,57303989448.80,57171310844.07
2/25/25,7271073200.00,14901245927.72,21872716736.57,44045035864.28,0.66,0.34,0.00,56727056575.26,56618758433.25
2/26/25,7271073200.00,14852816878.45,21872716736.57,43996606815.02,0.66,0.34,0.00,56213840146.36,56192790045.03
2/27/25,7271073200.00,14863956491.11,21870894010.17,44005923701.28,0.66,0.34,0.00,56126872099.81,56032298616.48
2/28/25,7271073200.00,14867672480.24,21869071435.67,44007817115.91,0.66,0.34,0.00,55667920782.43,55583497658.14
3/1/25,7271073200.00,14867672480.24,21869071435.67,44007817115.91,0.66,0.34,0.00,56454520142.46,56371329450.42
3/2/25,7271073200.00,14867672480.24,21869071435.67,44007817115.91,0.66,0.34,0.00,56432681207.95,56349522697.49
3/3/25,7271073200.00,14867672480.24,21872716280.91,44011461961.15,0.66,0.34,0.00,56457786135.02,56369921922.40
3/4/25,7271073200.00,14901124743.32,21872716280.91,44044914224.23,0.66,0.34,0.00,56323916142.45,56198202737.25
3/5/25,7271073200.00,14830344400.79,21872108705.46,43973526306.24,0.66,0.34,0.00,56430943839.97,56439264548.44
3/6/25,7271073200.00,14848882331.29,21871501146.88,43991456678.17,0.66,0.34,0.00,57090322708.79,56982960088.01
3/7/25,7271073200.00,14852594551.87,21872108688.58,43995776440.45,0.66,0.34,0.00,57344627298.09,57254502821.51
3/8/25,7271073200.00,14852594551.87,21872108688.58,43995776440.45,0.66,0.34,0.00,58159576541.04,58073873298.69
3/9/25,7271073200.00,14852594551.87,21872108688.58,43995776440.45,0.66,0.34,0.00,58197553950.81,58111794745.42
3/10/25,7271073200.00,14926857524.63,21872716247.16,44070646971.78,0.66,0.34,0.00,58298202431.40,58113399484.63
3/11/25,7271073200.00,14908198952.72,21873323822.61,44052595975.33,0.66,0.34,0.00,57923384276.07,57861728800.76
3/12/25,7271073200.00,14852293206.65,21873931414.94,43997297821.58,0.66,0.34,0.00,58126106991.39,58113401410.65
3/13/25,7271073200.00,14870858573.16,21874539024.14,44016470797.30,0.66,0.34,0.00,58364849328.47,58253458127.42
3/14/25,7271073200.00,14885729431.73,21874539024.14,44031341655.87,0.66,0.34,0.00,58424625626.54,58318828935.29
3/15/25,7271073200.00,14885729431.73,21874539024.14,44031341655.87,0.66,0.34,0.00,58667253259.66,58580801911.09
3/16/25,7271073200.00,14885729431.73,21874539024.14,44031341655.87,0.66,0.34,0.00,58854595348.01,58767867934.43
3/17/25,7271073200.00,14896893728.81,21873323771.97,44041290700.78,0.66,0.34,0.00,58806289272.57,58706368120.68
3/18/25,7271073200.00,14922963292.83,21873931364.30,44067967857.13,0.66,0.34,0.00,58919630823.98,58797192317.79
3/19/25,7271073200.00,14867002180.48,21875146582.71,44013221963.19,0.66,0.34,0.00,58826244673.21,58812622301.14
3/20/25,7271073200.00,14893019434.30,21875146582.71,44039239217.01,0.66,0.34,0.00,59242964686.40,59120717325.77
3/21/25,7271073200.00,14900465944.02,21874538939.75,44046078083.76,0.66,0.34,0.00,59252819042.64,59156318408.93
3/22/25,7271073200.00,14900465944.02,21874538939.75,44046078083.76,0.66,0.34,0.00,59686669039.13,59598715491.91
3/23/25,7271073200.00,14900465944.02,21874538939.75,44046078083.76,0.66,0.34,0.00,59696053246.85,59608085871.17
3/24/25,7271073200.00,14907916176.99,21873931313.67,44052920690.65,0.66,0.34,0.00,59794341713.44,59696955513.09
3/25/25,7271073200.00,14937732009.34,21872716095.26,44081521304.60,0.66,0.34,0.00,59825382786.86,59698466612.64
3/26/25,7271073200.00,14877981081.30,21871500944.37,44020555225.67,0.66,0.34,0.00,60059084156.36,60053637822.54
3/27/25,7271073200.00,14877981081.30,21870893402.67,44019947683.98,0.66,0.34,0.00,60238938389.04,60151001187.56
3/28/25,7271073200.00,14885420071.84,21872108452.31,44028601724.15,0.66,0.34,0.00,60441692530.79,60340763781.93
3/29/25,7271073200.00,14885420071.84,21872108452.31,44028601724.15,0.66,0.34,0.00,60341549870.41,60252631298.79
3/30/25,7271073200.00,14885420071.84,21872108452.31,44028601724.15,0.66,0.34,0.00,60336158661.86,60247248034.66
3/31/25,4363140053.00,24862566988.00,30815000000.00,60040707041.00,0.59,0.41,0.00,60253068064.66,60187903065.61
4/1/25,4363140053.00,24862566988.00,30816711944.44,60042418985.44,0.59,0.41,0.00,60143511424.00,60076751940.64
4/2/25,4363140053.00,24825273137.52,30818423984.00,60006837174.51,0.59,0.41,0.00,60143551112.43,60114128865.34
4/3/25,4363140053.00,24893542638.65,30816711849.33,60073394540.98,0.59,0.41,0.00,60783598157.29,60650587987.37
4/4/25,4363140053.00,25148701450.69,30820135928.43,60331977432.12,0.58,0.42,0.01,61194156498.42,60865979160.25
4/5/25,4363140053.00,25148701450.69,30820135928.43,60331977432.12,0.58,0.42,0.00,60633589774.61,60568013233.09
4/6/25,4363140053.00,25148701450.69,30820135928.43,60331977432.12,0.58,0.42,0.00,60594605427.82,60529071048.71
4/7/25,4363140053.00,25029245118.80,30821848158.20,60214233330.00,0.58,0.42,0.00,60276245099.31,60328792921.01
4/8/25,4363140053.00,24847783091.69,30815855021.06,60026778165.75,0.59,0.41,0.00,60012816512.60,60135120225.12
4/9/25,4363140053.00,24661424718.50,30814143029.11,59838707800.61,0.59,0.41,0.00,60014994865.10,60138507773.41
4/10/25,4363140053.00,24741574348.84,30818422771.20,59923137173.04,0.59,0.41,0.00,60087361972.48,59937806991.82
4/11/25,4363140053.00,24710647380.90,30821847040.40,59895634474.30,0.59,0.41,0.00,59955904227.42,59918561216.03
4/12/25,4363140053.00,24710647380.90,30821847040.40,59895634474.30,0.59,0.41,0.00,60139699366.05,60074656977.70
4/13/25,4363140053.00,24710647380.90,30821847040.40,59895634474.30,0.59,0.41,0.00,60150441679.55,60085387673.16
4/14/25,4363140053.00,24784779323.04,30821847040.40,59969766416.44,0.59,0.41,0.00,60190371441.85,60050950076.58
4/15/25,4363140053.00,24821956492.03,30819278553.14,60004375098.17,0.59,0.41,0.00,60299865615.09,60199908506.25
4/16/25,4363140053.00,24772312579.04,30823559008.50,59959011640.54,0.59,0.41,0.00,60436877022.80,60417188776.18
4/17/25,4363140053.00,24735154110.18,30822702798.52,59920996961.70,0.59,0.41,0.00,60509930998.91,60482834985.69
4/18/25,4363140053.00,24735154110.18,30822702798.52,59920996961.70,0.59,0.41,0.00,60971009606.18,60905068137.79
4/19/25,4363140053.00,24735154110.18,30822702798.52,59920996961.70,0.59,0.41,0.00,60965467098.83,60899531624.78
4/20/25,4363140053.00,24735154110.18,30822702798.52,59920996961.70,0.59,0.41,0.00,60971221243.76,60905279546.48
4/21/25,4363140053.00,24710418956.07,30822702798.52,59896261807.59,0.59,0.41,0.00,60953333191.64,60912555306.21
4/22/25,4363140053.00,24778372608.20,30824415170.90,59965927832.10,0.59,0.41,0.00,61065743778.94,60928832833.86
4/23/25,4363140053.00,24747399642.44,30826127638.41,59936667333.85,0.59,0.41,0.00,61625866200.37,61589269101.36
4/24/25,4363140053.00,24815454991.45,30825271357.09,60003866401.54,0.59,0.41,0.00,62033408616.59,61896921299.12
4/25/25,4363140053.00,24846474310.19,30821846326.94,60031460690.13,0.59,0.41,0.00,62225721102.63,62129850660.59
4/26/25,4363140053.00,24846474310.19,30821846326.94,60031460690.13,0.59,0.41,0.00,62393447921.25,62325968055.00
4/27/25,4363140053.00,24846474310.19,30821846326.94,60031460690.13,0.59,0.41,0.00,62319062323.42,62251662906.80
4/28/25,4363140053.00,24883744021.66,30819277839.74,60066161914.40,0.59,0.41,0.00,62179882384.33,62076749988.77
4/29/25,4363140053.00,24927290573.69,30819277839.74,60109708466.44,0.59,0.41,0.00,62138433289.48,62026261648.92
4/30/25,4363140053.00,24927290573.69,30814997384.49,60105428011.18,0.59,0.41,0.00,62205516479.66,62142665088.87
5/1/25,4363140053.00,24871204169.90,30816709328.79,60051053551.69,0.59,0.41,0.00,61519760424.61,61508869555.16
5/2/25,4363140053.00,24734412546.97,30819277387.90,59916829987.87,0.59,0.41,0.00,61398073694.48,61469063386.19
5/3/25,4363140053.00,24734412546.97,30819277387.90,59916829987.87,0.59,0.41,0.00,61586729536.67,61520122153.83
5/4/25,4363140053.00,24734412546.97,30819277387.90,59916829987.87,0.59,0.41,0.00,61571178693.88,61504588129.61
5/5/25,4363140053.00,24752963356.38,30821845661.01,59937949070.39,0.59,0.41,0.00,61590582052.30,61502292587.13
5/6/25,4363140053.00,24783904560.57,30822701823.39,59969746436.97,0.59,0.41,0.00,61886337815.29,61786628299.92
5/7/25,4363140053.00,24709552846.89,30824414195.72,59897107095.61,0.59,0.41,0.00,60941434759.05,60949351180.21
5/8/25,4363140053.00,24672488517.62,30825270429.44,59860899000.07,0.59,0.41,0.00,60976469320.06,60947364928.44
5/9/25,4363140053.00,24703329128.27,30826126686.96,59892595868.23,0.59,0.41,0.00,60965506371.72,60867341067.19
5/10/25,4363140053.00,24703329128.27,30826126686.96,59892595868.23,0.59,0.41,0.00,60755705655.90,60689997043.40
5/11/25,4363140053.00,24703329128.27,30826126686.96,59892595868.23,0.59,0.41,0.00,60865830933.80,60800003218.42
5/12/25,4363140053.00,24308075862.22,30826126686.96,59497342602.17,0.59,0.41,-0.01,60465445079.39,60801300532.31
5/13/25,4363140053.00,24350614994.98,30824414124.36,59538169172.34,0.59,0.41,0.00,60994184477.89,60886438189.64
5/14/25,4363140053.00,24301913764.99,30825270358.09,59490324176.07,0.59,0.41,0.00,60878313557.17,60861380673.34
5/15/25,4363140053.00,24465951682.90,30823557843.07,59652649578.97,0.59,0.41,0.00,60863234017.16,60631968614.50
5/16/25,4363140053.00,24582164953.39,30824414053.01,59769719059.40,0.59,0.41,0.00,60759788355.14,60575195332.76
5/17/25,4363140053.00,24582164953.39,30824414053.01,59769719059.40,0.59,0.41,0.00,60871204798.49,60805371271.16
5/18/25,4363140053.00,24582164953.39,30824414053.01,59769719059.40,0.59,0.41,0.00,60960100460.23,60894170790.32
5/19/25,4363140053.00,24569873870.92,30825270286.73,59758284210.65,0.59,0.41,0.00,60909462150.15,60855229770.00
5/20/25,4363140053.00,24668153366.40,30826982801.75,59858276221.15,0.59,0.41,0.00,60784669537.41,60617499885.70
5/21/25,4363140053.00,24581814829.62,30827839106.83,59772793989.44,0.59,0.41,0.00,60638958098.66,60660002910.38
5/22/25,4363140053.00,24575669375.91,30827839106.83,59766648535.74,0.59,0.41,0.00,61237976344.09,61178036077.04
5/23/25,4363140053.00,24606388962.63,30827839106.83,59797368122.46,0.59,0.41,0.00,61309974329.22,61212203672.46
5/24/25,4363140053.00,24606388962.63,30827839106.83,59797368122.46,0.59,0.41,0.00,61790549690.02,61723721871.27
5/25/25,4363140053.00,24606388962.63,30827839106.83,59797368122.46,0.59,0.41,0.00,61787968736.11,61721143708.71
5/26/25,4363140053.00,24587934170.91,30827839106.83,59778913330.73,0.59,0.41,0.00,61749233400.33,61701492712.77
5/27/25,4363140053.00,24778490660.73,30823557462.51,59965188176.24,0.59,0.41,0.00,61802365239.17,61543750452.91
5/28/25,4363140053.00,24636014339.43,30821845042.65,59820999435.08,0.59,0.41,0.00,61311365296.39,61392676922.03
5/29/25,4363140053.00,24574424303.59,30821845042.65,59759409399.23,0.59,0.41,0.00,61258197028.98,61255011415.84
5/30/25,4363140053.00,24586711515.74,30820132717.92,59769984286.66,0.59,0.41,0.00,61193762359.35,61116764897.11
5/31/25,4363140053.00,24586711515.74,30820132717.92,59769984286.66,0.59,0.41,0.00,61106520524.85,61040432498.47
6/1/25,4363140053.00,24586711515.74,30820132717.92,59769984286.66,0.59,0.41,0.00,61031790763.56,60965783559.04
6/2/25,4363140053.00,24623591583.01,30820132717.92,59806864353.93,0.59,0.41,0.00,61014444782.13,60910872304.55
6/3/25,4363140053.00,24648215174.59,30822701062.32,59834056289.91,0.59,0.41,0.00,61025264534.18,60931561094.55
6/4/25,4363140053.00,24568108475.28,30826125806.88,59757374335.15,0.59,0.41,0.00,61443803687.03,61456111625.28
6/5/25,4363140053.00,24611102665.11,30825269525.61,59799512243.71,0.59,0.41,0.00,61613898773.45,61503892540.74
6/6/25,4363140053.00,24586491562.44,30825269525.61,59774901141.05,0.59,0.41,0.00,61233872024.18,61192830801.60
6/7/25,4363140053.00,24586491562.44,30825269525.61,59774901141.05,0.59,0.41,0.00,61174533389.29,61108371805.52
6/8/25,4363140053.00,24586491562.44,30825269525.61,59774901141.05,0.59,0.41,0.00,61145990462.92,61079859748.94
6/9/25,4363140053.00,24531171956.43,30825269525.61,59719581535.03,0.59,0.41,0.00,61078793502.09,61069252946.98
6/10/25,4363140053.00,24598632679.31,30826125783.09,59787898515.40,0.59,0.41,0.00,61161915362.07,61025956000.80
6/11/25,4363140053.00,24487938832.25,30826125783.09,59677204668.34,0.59,0.41,0.00,60934757198.32,60981759148.88
6/12/25,4363140053.00,24408353031.05,30826125783.09,59597618867.14,0.59,0.41,0.00,61218870420.00,61234323266.67
6/13/25,4363140053.00,24487680178.40,30826125783.09,59676946014.49,0.59,0.41,0.00,61230570593.03,61083044087.78
6/14/25,4363140053.00,24487680178.40,30826125783.09,59676946014.49,0.59,0.41,0.00,61735300178.80,61668532113.59
6/15/25,4363140053.00,24487680178.40,30826125783.09,59676946014.49,0.59,0.41,0.00,61722640737.11,61655886363.37
6/16/25,4363140053.00,24493802098.44,30822700658.01,59679642809.45,0.59,0.41,0.00,61696815460.11,61627304085.52
6/17/25,4363140053.00,24757110471.00,30823556844.13,59943807368.13,0.59,0.41,0.01,61966935874.94,61627132410.14
6/18/25,4363140053.00,24664271306.73,30826125473.87,59853536833.61,0.59,0.41,0.00,61520003966.20,61546152285.12
6/19/25,4363140053.00,24664271306.73,30826125473.87,59853536833.61,0.59,0.41,0.00,61575836301.42,61509240699.85
6/20/25,4363140053.00,24799924798.92,30825269192.61,59988334044.53,0.59,0.41,0.00,61557648943.18,61352899060.47
6/21/25,4363140053.00,24799924798.92,30825269192.61,59988334044.53,0.59,0.41,0.00,61320719153.36,61254399466.52
6/22/25,4363140053.00,24799924798.92,30825269192.61,59988334044.53,0.59,0.41,0.00,61306961647.23,61240656839.43
6/23/25,4363140053.00,25047924046.91,30825269192.61,60236333292.52,0.58,0.42,0.01,61570784247.31,61250974946.84
6/24/25,4363140053.00,25010352160.84,30824412935.13,60197905148.97,0.58,0.42,0.00,61612565735.19,61585219083.57
6/25/25,4363140053.00,24866542635.91,30819275532.98,60048958221.89,0.59,0.41,0.00,61818096809.81,61904408505.33
6/26/25,4363140053.00,24742209922.74,30815851169.03,59921201144.76,0.59,0.41,0.00,61718177123.69,61782873643.90
6/27/25,4363140053.00,24834993209.95,30816707164.89,60014840427.84,0.59,0.41,0.00,61870259839.30,61706915980.07
6/28/25,4363140053.00,24834993209.95,30816707164.89,60014840427.84,0.59,0.41,0.00,61787040241.93,61720216218.72
6/29/25,4363140053.00,24834993209.95,30816707164.89,60014840427.84,0.59,0.41,0.00,61775557903.74,61708746298.93
6/30/25,7292292936.00,27039491803.00,27066000000.00,61397784739.00,0.56,0.44,0.00,61738087142.81,61672471232.72
7/1/25,7292292936.00,26836695614.48,27066751833.33,61195740383.81,0.56,0.44,0.00,61349469926.32,61486603678.36
7/2/25,7292292936.00,26796440571.06,27069759250.20,61158492757.26,0.56,0.44,0.00,61673990558.44,61645964432.48
7/3/25,7292292936.00,26649060147.92,27073518938.99,61014872022.90,0.56,0.44,0.00,61705814597.50,61785325736.28
7/4/25,7292292936.00,26649060147.92,27073518938.99,61014872022.90,0.56,0.44,0.00,62193824023.79,62127723751.59
7/5/25,7292292936.00,26649060147.92,27073518938.99,61014872022.90,0.56,0.44,0.00,62204961182.45,62138849073.55
7/6/25,7292292936.00,26649060147.92,27073518938.99,61014872022.90,0.56,0.44,0.00,62274096120.26,62207910534.00
7/7/25,7292292936.00,26702358268.21,27075023023.37,61069674227.58,0.56,0.44,0.00,62344561691.30,62222414420.99
7/8/25,7292292936.00,26675655909.94,27074270939.40,61042219785.34,0.56,0.44,0.00,62028350912.01,61990294822.26
7/9/25,7292292936.00,26608966770.17,27075775065.56,60977034771.73,0.56,0.44,0.00,61956890109.96,61957203749.11
7/10/25,7292292936.00,26662184703.71,27076527170.43,61031004810.14,0.56,0.44,0.00,62496812197.14,62375182383.81
7/11/25,7292292936.00,26742171257.82,27076527170.43,61110991364.25,0.56,0.44,0.00,62979507614.76,62830227713.92
7/12/25,7292292936.00,26742171257.82,27076527170.43,61110991364.25,0.56,0.44,0.00,63581303666.12,63513728765.47
7/13/25,7292292936.00,26742171257.82,27076527170.43,61110991364.25,0.56,0.44,0.00,63692232337.05,63624539540.21
7/14/25,7292292936.00,26782284514.71,27075022918.92,61149600369.62,0.56,0.44,0.00,63753670161.63,63645701670.76
7/15/25,7292292936.00,26768893372.45,27072014583.04,61133200891.49,0.56,0.44,0.00,63440889852.16,63390464631.82
7/16/25,7292292936.00,26768893372.45,27074270584.25,61135456892.70,0.56,0.44,0.00,62470901400.52,62402203816.18
7/17/25,7292292936.00,26748816702.42,27074270584.25,61115380222.67,0.56,0.44,0.00,63530181796.12,63483508990.46
7/18/25,7292292936.00,26775565519.12,27077278836.54,61145137291.66,0.56,0.44,0.00,64820791897.40,64720387308.81
7/19/25,7292292936.00,26775565519.12,27077278836.54,61145137291.66,0.56,0.44,0.00,64860578663.12,64791644135.10
7/20/25,7292292936.00,26775565519.12,27077278836.54,61145137291.66,0.56,0.44,0.00,64664066963.59,64595341290.34
7/21/25,7292292936.00,26842504432.92,27078783129.81,61213580498.73,0.56,0.44,0.00,64608553572.75,64467724533.03
7/22/25,7292292936.00,26916321320.11,27078783129.81,61287397385.92,0.56,0.44,0.00,64905666871.38,64758592638.77
7/23/25,7292292936.00,26694261669.22,27078783129.81,61065337735.03,0.56,0.44,0.00,64588330806.77,64754306762.01
7/24/25,7292292936.00,26667567407.55,27077278752.97,61037139096.52,0.56,0.44,0.00,64702668411.80,64663762024.72
7/25/25,7292292936.00,26680901191.25,27072765873.18,61045960000.43,0.56,0.44,0.00,65198588819.66,65119884120.82
7/26/25,7292292936.00,26680901191.25,27072765873.18,61045960000.43,0.56,0.44,0.00,64092969270.39,64024850565.97
7/27/25,7292292936.00,26680901191.25,27072765873.18,61045960000.43,0.56,0.44,0.00,64339029731.70,64270649511.55
7/28/25,7292292936.00,26760943894.83,27072765873.18,61126002704.00,0.56,0.44,0.00,64438424271.97,64285647872.20
7/29/25,7292292936.00,26747563422.88,27072765873.18,61112622232.06,0.56,0.44,0.00,63934039112.65,63880072658.35
7/30/25,7292292936.00,26734189641.17,27075773958.27,61102256535.44,0.56,0.44,0.00,63861387494.13,63804337172.68
7/31/25,7292292936.00,26747556735.99,27070509224.45,61110358896.44,0.56,0.44,0.00,64079972309.26,64003380358.57
8/1/25,7292292936.00,27155456976.21,27074269017.40,61522018929.61,0.56,0.44,0.01,64524497160.00,64024628286.24
8/2/25,7292292936.00,27155456976.21,27074269017.40,61522018929.61,0.56,0.44,0.00,64318681172.88,64250322579.41
8/3/25,7292292936.00,27155456976.21,27074269017.40,61522018929.61,0.56,0.44,0.00,64257117738.77,64188824575.58
8/4/25,7292292936.00,27352334039.29,27075021080.42,61719648055.71,0.56,0.44,0.00,64440160614.05,64165551880.34
8/5/25,7292292936.00,27434391041.41,27074268996.51,61800952973.91,0.56,0.44,0.00,64516222298.46,64362866856.17
8/6/25,7292292936.00,27448108236.93,27074268996.51,61814670169.43,0.56,0.44,0.00,64654398337.21,64571350833.30
8/7/25,7292292936.00,27427522155.75,27073516933.48,61793332025.23,0.56,0.44,0.00,64695956703.98,64649513857.37
8/8/25,7292292936.00,27406951514.13,27073516933.48,61772761383.61,0.56,0.44,0.00,64809985268.11,64762663626.18
8/9/25,7292292936.00,27406951514.13,27073516933.48,61772761383.61,0.56,0.44,0.00,65336868848.19,65267428113.78
8/10/25,7292292936.00,27406951514.13,27073516933.48,61772761383.61,0.56,0.44,0.00,65348647450.20,65279194197.36
8/11/25,7292292936.00,27358989348.98,27074268975.61,61725551260.60,0.56,0.44,0.00,65219646289.49,65200159668.74
8/12/25,7292292936.00,27509463790.40,27072764849.56,61874521575.96,0.56,0.44,0.00,65810739993.69,65582516791.06
8/13/25,7292292936.00,27653888475.30,27075020913.30,62021202324.60,0.55,0.45,0.00,65825751361.00,65600277949.56
8/14/25,7292292936.00,27577840282.00,27074268829.38,61944402047.38,0.55,0.45,0.00,66399343093.05,66411009283.76
8/15/25,7292292936.00,27584734742.07,27072764703.34,61949792381.40,0.55,0.45,0.00,67744204353.88,67666316828.35
8/16/25,7292292936.00,27584734742.07,27072764703.34,61949792381.40,0.55,0.45,0.00,68234865839.36,68162345082.25
8/17/25,7292292936.00,27584734742.07,27072764703.34,61949792381.40,0.55,0.45,0.00,68247984127.47,68175449428.10
8/18/25,7292292936.00,27508876721.53,27074268745.82,61875438403.35,0.56,0.44,0.00,68148882791.62,68158258982.03
8/19/25,7292292936.00,27673929981.86,27075020808.84,62041243726.70,0.55,0.45,0.00,68534493215.26,68278690130.79
8/20/25,7292292936.00,27590908191.91,27076524976.66,61959726104.57,0.55,0.45,0.00,67902261339.43,67919335078.97
8/21/25,7292292936.00,27459851378.00,27075772850.97,61827917164.97,0.56,0.44,0.00,67429379669.52,67501312728.85
8/22/25,7292292936.00,27761909743.16,27072764431.77,62126967110.92,0.55,0.45,0.01,67538388548.95,67141855554.20
8/23/25,7292292936.00,27761909743.16,27072764431.77,62126967110.92,0.55,0.45,0.00,67613872207.49,67542011449.16
8/24/25,7292292936.00,27761909743.16,27072764431.77,62126967110.92,0.55,0.45,0.00,67614089465.88,67542228476.65
8/25/25,7292292936.00,27720266878.54,27072012410.53,62084572225.07,0.55,0.45,0.00,67480297732.96,67454609360.23
8/26/25,7292292936.00,27845008079.50,27071260410.19,62208561425.68,0.55,0.45,0.00,68253123871.10,68044691544.51
8/27/25,7292292936.00,27865891835.55,27072764369.10,62230949140.65,0.55,0.45,0.00,69110128928.36,69011841841.89
8/28/25,7292292936.00,27858925362.60,27074268411.56,62225486710.16,0.55,0.45,0.00,69408075699.87,69340394517.07
8/29/25,7292292936.00,28074832034.16,27074268411.56,62441393381.72,0.55,0.45,0.00,70940458179.58,70620028285.79
8/30/25,7292292936.00,28074832034.16,27074268411.56,62441393381.72,0.55,0.45,0.00,71617396279.13,71541280531.90
8/31/25,7292292936.00,28074832034.16,27074268411.56,62441393381.72,0.55,0.45,0.00,71614661024.61,71538548184.44
9/1/25,7292292936.00,28074832034.16,27074268411.56,62441393381.72,0.55,0.45,0.00,71625615979.62,71549491496.40
9/2/25,7292292936.00,28208187486.32,27070508096.51,62570988518.82,0.55,0.45,0.00,71738198693.29,71513530485.21
9/3/25,7292292936.00,28243447720.68,27070508096.51,62606248753.18,0.55,0.45,0.00,72264431831.38,72146971879.89
9/4/25,7292292936.00,28532943059.81,27069004179.39,62894240175.20,0.55,0.45,0.01,73084884978.56,72672911069.15
9/5/25,7292292936.00,29046536034.89,27068252262.61,63407081233.50,0.54,0.46,0.01,73240432382.05,72570847322.36
9/6/25,7292292936.00,29046536034.89,27068252262.61,63407081233.50,0.54,0.46,0.00,72541655101.44,72464557041.89
9/7/25,7292292936.00,29046536034.89,27068252262.61,63407081233.50,0.54,0.46,0.00,72624886427.89,72547699909.18
9/8/25,7292292936.00,28937611524.76,27069756054.40,63299660515.16,0.54,0.46,0.00,72453500003.10,72499319914.56
9/9/25,7292292936.00,28930377121.88,27069756054.40,63292426112.28,0.54,0.46,0.00,72494394718.28,72425624280.23
9/10/25,7292292936.00,28858051179.07,27070507992.07,63220852107.14,0.54,0.46,0.00,72656361023.29,72661309825.55
9/11/25,7292292936.00,28908552768.64,27069004074.96,63269849779.59,0.54,0.46,0.00,72486137244.93,72353022867.15
9/12/25,7292292936.00,28908552768.64,27068252158.18,63269097862.81,0.54,0.46,0.00,72513211697.02,72437004729.27
9/13/25,7292292936.00,28908552768.64,27068252158.18,63269097862.81,0.54,0.46,0.00,73052751808.60,72975110549.91
9/14/25,7292292936.00,28908552768.64,27068252158.18,63269097862.81,0.54,0.46,0.00,73247323893.83,73169475841.82
9/15/25,7292292936.00,29154275467.17,27061485095.14,63508053498.31,0.54,0.46,0.00,73549397612.68,73194785399.01
9/16/25,7292292936.00,29372932533.17,27070505590.17,63735731059.34,0.54,0.46,0.00,73535096778.96,73194539085.55
9/17/25,7292292936.00,29314186668.11,27071257548.66,63677737152.76,0.54,0.46,0.00,73621586348.76,73610319439.59
9/18/25,7292292936.00,29284872481.44,27089305053.69,63666470471.13,0.54,0.46,0.00,73659715475.05,73594450402.46
9/19/25,7292292936.00,29321478572.04,27089305053.69,63703076561.73,0.54,0.46,0.00,74460560332.48,74338680585.20
9/20/25,7292292936.00,29321478572.04,27089305053.69,63703076561.73,0.54,0.46,0.00,74242524417.82,74163618655.87
9/21/25,7292292936.00,29321478572.04,27089305053.69,63703076561.73,0.54,0.46,0.00,74054914798.20,73976208429.79
9/22/25,7292292936.00,29534059291.69,27089305053.69,63915657281.38,0.54,0.46,0.00,74286467207.55,73960703749.02
9/23/25,7292292936.00,29519292262.04,27090810015.08,63902395213.12,0.54,0.46,0.00,74195267377.78,74131793688.85
9/24/25,7292292936.00,29415974739.13,27090057492.58,63798325167.71,0.54,0.46,0.00,73937884597.58,73979784471.65
9/25/25,7292292936.00,29276248859.11,27086294984.60,63654836779.71,0.54,0.46,0.00,74065722465.75,74153783390.92
9/26/25,7292292936.00,29437268227.84,27087799778.76,63817360942.60,0.54,0.46,0.00,74235680030.31,73967925897.97
9/27/25,7292292936.00,29437268227.84,27087799778.76,63817360942.60,0.54,0.46,0.00,73847995385.78,73769508933.58
9/28/25,7292292936.00,29437268227.84,27087799778.76,63817360942.60,0.54,0.46,0.00,73801577968.11,73723140848.84
9/29/25,7292292936.00,29400471642.55,27090057095.41,63782821673.96,0.54,0.46,0.00,73706624318.35,73668158839.96
9/30/25,10434109556.00,21761417417.00,41619000000.00,73814526973.00,0.71,0.29,0.00,73569286810.41,73503911954.78
10/1/25,10434109556.00,21783178834.42,41623624333.33,73840912723.75,0.70,0.30,0.00,73487398203.58,73395860021.48
10/2/25,10434109556.00,21712383503.21,41623624333.33,73770117392.54,0.71,0.29,0.00,73931013502.09,73936203902.37
10/3/25,10434109556.00,21668958736.20,41625936756.91,73729005049.11,0.71,0.29,0.00,74328497732.27,74303858028.50
10/4/25,10434109556.00,21668958736.20,41625936756.91,73729005049.11,0.71,0.29,0.00,75469931303.73,75402867504.72
10/5/25,10434109556.00,21668958736.20,41625936756.91,73729005049.11,0.71,0.29,0.00,75407599992.09,75340591581.69
10/6/25,10434109556.00,21717713893.36,41629405584.97,73781229034.33,0.71,0.29,0.00,75336774394.04,75216551271.28
10/7/25,10434109556.00,21848020176.72,41630561957.35,73912691690.06,0.70,0.30,0.00,75692177744.91,75490408399.70
10/8/25,10434109556.00,21771552106.10,41632874766.35,73838536428.44,0.71,0.29,0.00,75573730628.05,75582405046.00
10/9/25,10434109556.00,21668137233.59,41631718297.60,73733965087.19,0.71,0.29,0.00,75625361798.67,75665318341.25
10/10/25,10434109556.00,21722307576.68,41629405424.36,73785822557.04,0.71,0.29,0.00,75694593622.84,75574178484.05
10/11/25,10434109556.00,21722307576.68,41629405424.36,73785822557.04,0.71,0.29,0.00,75093597136.70,75026867754.31
10/12/25,10434109556.00,21722307576.68,41629405424.36,73785822557.04,0.71,0.29,0.00,75449232546.36,75382187140.60
10/13/25,10434109556.00,21722307576.68,41629405424.36,73785822557.04,0.71,0.29,0.00,75706987137.96,75639712687.32
10/14/25,10434109556.00,21760321614.94,41624779934.87,73819211105.81,0.71,0.29,0.00,75923370118.55,75821593638.51
10/15/25,10434109556.00,21662400167.67,41613217496.00,73709727219.67,0.71,0.29,0.00,76174523984.59,76219878474.08
10/16/25,10434109556.00,21759880968.42,41612061573.29,73806052097.72,0.71,0.29,0.00,76234085090.62,76066936940.33
10/17/25,10434109556.00,21857800432.78,41625932260.48,73917842249.26,0.70,0.30,0.00,76131428407.16,75948741220.90
10/18/25,10434109556.00,21857800432.78,41625932260.48,73917842249.26,0.70,0.30,0.00,76101262919.91,76033638109.44
10/19/25,10434109556.00,21857800432.78,41625932260.48,73917842249.26,0.70,0.30,0.00,76007090313.78,75939549186.60
10/20/25,10434109556.00,22087307337.33,41628244812.28,74149661705.60,0.70,0.30,0.00,76245531496.74,75939618382.20
10/21/25,10434109556.00,22109394644.66,41620150431.34,74163654632.00,0.70,0.30,0.00,76283363098.73,76201196395.61
10/22/25,10434109556.00,22081757901.36,41622462661.92,74138330119.28,0.70,0.30,0.00,76822795688.43,76780747878.55
10/23/25,10434109556.00,22065196582.93,41618994123.36,74118300262.30,0.70,0.30,0.00,76582328499.70,76534953556.23
10/24/25,10434109556.00,22236201856.45,41618994123.36,74289305535.81,0.70,0.30,0.00,76738305092.97,76493628580.56
10/25/25,10434109556.00,22236201856.45,41618994123.36,74289305535.81,0.70,0.30,0.00,76394505622.61,76326620231.95
10/26/25,10434109556.00,22236201856.45,41618994123.36,74289305535.81,0.70,0.30,0.00,76345970695.36,76278128433.62
10/27/25,10434109556.00,22425209572.23,41615525873.85,74474845002.08,0.70,0.30,0.00,76495216916.79,76236838551.98
10/28/25,10434109556.00,22509304108.12,41610901926.54,74554315590.66,0.70,0.30,0.00,76308260115.43,76159183452.12
10/29/25,10434109556.00,22081627330.07,41615525360.08,74131262246.15,0.70,0.30,0.00,75833886947.53,76198885072.77
10/30/25,10434109556.00,22280361976.04,41642113056.84,74356584588.88,0.70,0.30,0.00,76601573257.98,76301584814.63
10/31/25,10434109556.00,22430754419.38,41621292000.31,74486155975.69,0.70,0.30,0.00,76150076594.60,75950060281.34
11/1/25,10434109556.00,22430754419.38,41621292000.31,74486155975.69,0.70,0.30,0.00,75979901995.05,75912385027.86
11/2/25,10434109556.00,22430754419.38,41621292000.31,74486155975.69,0.70,0.30,0.00,75922804323.25,75855338093.97
11/3/25,10434109556.00,22144762300.53,41631697323.31,74210569179.84,0.70,0.30,0.00,75584315093.33,75797588536.42
11/4/25,10434109556.00,22100472775.93,41646730991.79,74181313323.72,0.70,0.30,0.00,75594324780.15,75556937074.63
11/5/25,10434109556.00,22050746712.18,41657142674.54,74141998942.72,0.70,0.30,0.00,75172423770.45,75145449692.43
11/6/25,10434109556.00,22227152685.88,41655985531.69,74317247773.57,0.70,0.30,0.00,75541624240.10,75296518973.28
11/7/25,10434109556.00,22232709474.05,41654828420.98,74321647451.03,0.70,0.30,0.00,75523517215.90,75451938946.94
11/8/25,10434109556.00,22232709474.05,41654828420.98,74321647451.03,0.70,0.30,0.00,75846728157.28,75779329530.51
11/9/25,10434109556.00,22232709474.05,41654828420.98,74321647451.03,0.70,0.30,0.00,75767974353.38,75700645708.51
11/10/25,10434109556.00,22110429571.95,41652514263.84,74197053391.79,0.70,0.30,0.00,75697631791.42,75757366577.01
11/11/25,10434109556.00,22292840615.92,41652514263.84,74379464435.76,0.70,0.30,0.00,76410874322.92,76155747955.87
11/12/25,10434109556.00,22097778260.53,41649043220.99,74180931037.51,0.70,0.30,0.00,75832038354.94,75967424757.97
11/13/25,10434109556.00,22042533814.87,41646729385.25,74123372756.13,0.70,0.30,0.00,76061100559.19,76052521919.12
11/14/25,10434109556.00,22075597615.60,41652513653.22,74162220824.82,0.70,0.30,0.00,75685408258.30,75578542259.79
11/15/25,10434109556.00,22075597615.60,41652513653.22,74162220824.82,0.70,0.30,0.00,75056691941.87,74989995354.04
11/16/25,10434109556.00,22075597615.60,41652513653.22,74162220824.82,0.70,0.30,0.00,74995620784.25,74928978465.23
11/17/25,10434109556.00,22158381106.66,41646728581.88,74239219244.54,0.70,0.30,0.00,74999301810.42,74854938591.17
11/18/25,10434109556.00,22197158273.59,41653669703.31,74284937532.90,0.70,0.30,0.00,75005728686.07,74892956509.57
11/19/25,10434109556.00,22097271061.36,41657140842.45,74188521459.81,0.70,0.30,0.00,74849811994.17,74880488294.86
11/20/25,10434109556.00,22146989921.25,41657140842.45,74238240319.70,0.70,0.30,0.00,74759795644.79,74643339219.07
11/21/25,10434109556.00,22357386325.50,41654826556.85,74446322438.35,0.70,0.30,0.00,74182869877.42,73909788280.45
11/22/25,10434109556.00,22357386325.50,41654826556.85,74446322438.35,0.70,0.30,0.00,74106679304.34,74040826913.06
11/23/25,10434109556.00,22357386325.50,41654826556.85,74446322438.35,0.70,0.30,0.00,74070488075.23,74004667844.07
11/24/25,10434109556.00,22402101098.15,41651355321.31,74487565975.46,0.70,0.30,0.00,74175696860.80,74068748779.50
11/25/25,10434109556.00,22648524210.23,41645570410.84,74728204177.08,0.70,0.30,0.00,74808703338.06,74501543758.90
11/26/25,10434109556.00,22269161429.71,41640943125.24,74344214110.95,0.70,0.30,0.00,74848846666.96,75168587746.10
11/27/25,10434109556.00,22269161429.71,41640943125.24,74344214110.95,0.70,0.30,0.00,75822049226.25,75754672529.58
11/28/25,10434109556.00,22491853044.01,41632846275.19,74558808875.20,0.70,0.30,0.00,76311792560.74,76024535653.56
11/29/25,10434109556.00,22491853044.01,41632846275.19,74558808875.20,0.70,0.30,0.00,76597067593.26,76529002202.76
11/30/25,10434109556.00,22491853044.01,41632846275.19,74558808875.20,0.70,0.30,0.00,76611613835.10,76543535518.57
12/1/25,10434109556.00,22666164905.10,41632846275.19,74733120736.29,0.70,0.30,0.00,76836853747.60,76589515806.04
12/2/25,10434109556.00,22779495729.62,41645567422.66,74859172708.29,0.70,0.30,0.00,77709609463.94,77509820034.29
12/3/25,10434109556.00,23012985560.85,41652508350.57,75099603467.42,0.69,0.31,0.00,77827592677.71,77509490840.24
12/4/25,10434109556.00,23041751792.80,41655979392.93,75131840741.73,0.69,0.31,0.00,77915295008.99,77812656340.26
12/5/25,10434109556.00,23070553982.54,41654822282.39,75159485820.94,0.69,0.31,0.00,78151105778.50,78052939534.70
12/6/25,10434109556.00,23070553982.54,41654822282.39,75159485820.94,0.69,0.31,0.00,78131694750.84,78062265665.88
12/7/25,10434109556.00,23070553982.54,41654822282.39,75159485820.94,0.69,0.31,0.00,78195268195.48,78125782618.13
12/8/25,10434109556.00,23076321621.04,41652508125.60,75162939302.64,0.69,0.31,0.00,78250342173.06,78177215513.58
12/9/25,10434109556.00,23030168977.80,41654822153.83,75119100687.62,0.69,0.31,0.00,78345943569.76,78322005232.94
12/10/25,10434109556.00,23231682956.35,41658293389.01,75324085901.36,0.69,0.31,0.00,78745118387.89,78461039499.00
12/11/25,10434109556.00,23365265133.35,41686065584.60,75485440273.95,0.69,0.31,0.00,78484638736.11,78247279770.47
12/12/25,10434109556.00,23569711203.27,41684907638.33,75688728397.60,0.69,0.31,0.00,78553733472.31,78273133759.30
12/13/25,10434109556.00,23569711203.27,41684907638.33,75688728397.60,0.69,0.31,0.00,78548911523.05,78479111692.53
12/14/25,10434109556.00,23569711203.27,41684907638.33,75688728397.60,0.69,0.31,0.00,78494451449.34,78424700012.91
12/15/25,10434109556.00,23528464208.66,41675644325.52,75638218090.19,0.69,0.31,0.00,78417517012.61,78400153698.20
12/16/25,10434109556.00,23557874788.92,41682590266.25,75674574611.17,0.69,0.31,0.00,78553474837.61,78445964850.05
12/17/25,10434109556.00,23516648508.04,41682590266.25,75633348330.29,0.69,0.31,0.00,78342386323.88,78315434993.76
12/18/25,10434109556.00,23610715102.08,41686063815.43,75730888473.51,0.69,0.31,0.00,78212989553.93,78042840696.92
12/19/25,10434109556.00,23616617780.85,41686063815.43,75736791152.29,0.69,0.31,0.00,77406439236.41,77331627180.34
12/20/25,10434109556.00,23616617780.85,41686063815.43,75736791152.29,0.69,0.31,0.00,77162164539.48,77093596994.71
12/21/25,10434109556.00,23616617780.85,41686063815.43,75736791152.29,0.69,0.31,0.00,77146493977.78,77077940358.13
12/22/25,10434109556.00,23563480390.84,41683747923.00,75681337869.84,0.69,0.31,0.00,77119787722.90,77107714886.00
12/23/25,10434109556.00,23710752143.29,41686063686.77,75830925386.06,0.69,0.31,0.00,77329105885.79,77107982651.44
12/24/25,10434109556.00,23408440053.46,41686063686.77,75528613296.23,0.69,0.31,0.00,76676964876.08,76915464264.77
12/25/25,10434109556.00,23408440053.46,41686063686.77,75528613296.23,0.69,0.31,0.00,76659164395.00,76591043824.28
12/26/25,10434109556.00,23484517483.63,41674484224.64,75593111264.27,0.69,0.31,0.00,76610344214.06,76476959213.83
12/27/25,10434109556.00,23484517483.63,41674484224.64,75593111264.27,0.69,0.31,0.00,76585599320.39,76517544120.77
12/28/25,10434109556.00,23484517483.63,41674484224.64,75593111264.27,0.69,0.31,0.00,76542928979.52,76474911697.46
12/29/25,10434109556.00,23508002001.12,41673326600.08,75615438157.19,0.69,0.31,0.00,76475252077.39,76384734230.46
12/30/25,10434109556.00,23919392036.14,41680272154.51,76033773746.65,0.69,0.31,0.01,76504634325.22,76016098863.74
12/31/25,9579717483.00,14963264493.00,50790000000.00,75332981976.00,0.80,0.20,0.00,76075831749.28,76008223428.33
1/1/26,9579717483.00,14963264493.00,50790000000.00,75332981976.00,0.80,0.20,0.00,75438224102.78,75371182421.47
1/2/26,9579717483.00,15019376734.85,50806930000.00,75406024217.85,0.80,0.20,0.00,75327176702.66,75187332687.30
1/3/26,9579717483.00,15019376734.85,50806930000.00,75406024217.85,0.80,0.20,0.00,75405097731.53,75338085489.52
1/4/26,9579717483.00,15019376734.85,50806930000.00,75406024217.85,0.80,0.20,0.00,75449863914.04,75382811888.48
1/5/26,9579717483.00,15098228462.71,50813986518.06,75491932463.76,0.80,0.20,0.00,75594678109.33,75441548669.85
1/6/26,9579717483.00,15139748590.98,50819632516.56,75539098590.54,0.80,0.20,0.00,75884656533.73,75769878326.70
1/7/26,9579717483.00,15109469093.80,50821044173.02,75510230749.81,0.80,0.20,0.00,75787422825.56,75749018875.95
1/8/26,9579717483.00,15117023828.34,50822455868.69,75519197180.03,0.80,0.20,0.00,75284602495.75,75208766704.42
1/9/26,9579717483.00,15094348292.60,50822455868.69,75496521644.29,0.80,0.20,0.00,75021842355.34,74977683650.89
1/10/26,9579717483.00,15094348292.60,50822455868.69,75496521644.29,0.80,0.20,0.00,74854379156.36,74787856335.98
1/11/26,9579717483.00,15094348292.60,50822455868.69,75496521644.29,0.80,0.20,0.00,74779742696.39,74713286205.17
1/12/26,9579717483.00,15022650138.21,50822455868.69,75424823489.90,0.80,0.20,0.00,74625035348.44,74629591185.87
1/13/26,9579717483.00,14936269899.92,50821044133.80,75337031516.72,0.80,0.20,0.00,74321105187.67,74341587408.57
1/14/26,9579717483.00,14917599562.54,50822455829.47,75319772875.02,0.80,0.20,0.00,75065582304.49,75016056899.62
1/15/26,9579717483.00,14906411362.87,50819632359.70,75305761205.57,0.80,0.20,0.00,75860193473.98,75806879075.37
1/16/26,9579717483.00,14954857199.80,50821044016.16,75355618698.96,0.80,0.20,0.00,75790512539.31,75673057112.48
1/17/26,9579717483.00,14954857199.80,50821044016.16,75355618698.96,0.80,0.20,0.00,76053012515.48,75985424473.91
1/18/26,9579717483.00,14954857199.80,50821044016.16,75355618698.96,0.80,0.20,0.00,76087807626.52,76020188662.65
1/19/26,9579717483.00,14954857199.80,50821044016.16,75355618698.96,0.80,0.20,0.00,76023977986.08,75956415747.39
1/20/26,9579717483.00,14887560342.40,50822455711.83,75289733537.23,0.80,0.20,0.00,75816825986.60,75815735295.47
1/21/26,9579717483.00,14813122540.69,50823867446.71,75216707470.40,0.80,0.20,0.00,74921732231.68,74927824593.93
1/22/26,9579717483.00,14824232382.59,50822455672.61,75226405538.21,0.80,0.20,0.00,74515980213.77,74440160183.66
1/23/26,9579717483.00,14827938440.69,50821043937.73,75228699861.42,0.80,0.20,0.00,73793705639.45,73725876877.12
1/24/26,9579717483.00,14827938440.69,50821043937.73,75228699861.42,0.80,0.20,0.00,72958534024.27,72893696034.72
1/25/26,9579717483.00,14827938440.69,50821043937.73,75228699861.42,0.80,0.20,0.00,72590257357.83,72525746654.44
1/26/26,9579717483.00,14868715271.40,50819632242.07,75268064996.47,0.80,0.20,0.00,72494173396.31,72391867384.72
1/27/26,9579717483.00,14902169880.76,50819632242.07,75301519605.83,0.80,0.20,0.00,72159020507.63,72062863058.69
1/28/26,9579717483.00,14820207946.42,50822455554.97,75222380984.39,0.80,0.20,0.00,71533526938.08,71545146183.64
1/29/26,9579717483.00,14842438258.34,50821043820.09,75243199561.43,0.80,0.20,0.00,71305614054.26,71222533431.21
1/30/26,9579717483.00,14860991306.16,50816808733.11,75257517522.27,0.80,0.20,0.00,70376358812.20,70300438185.35
1/31/26,9579717483.00,14860991306.16,50816808733.11,75257517522.27,0.80,0.20,0.00,70110391076.81,70048084221.76
2/1/26,9579717483.00,14860991306.16,50816808733.11,75257517522.27,0.80,0.20,0.00,70228340599.59,70165928923.22
2/2/26,9579717483.00,14838699819.20,50815397155.09,75233814457.29,0.80,0.20,0.00,70319147041.58,70278789633.52
2/3/26,9579717483.00,14816441769.47,50815397155.09,75211556407.56,0.80,0.20,0.00,70683023539.33,70641107077.42
2/4/26,9579717483.00,14783104775.49,50821043310.33,75183865568.82,0.80,0.20,0.00,70801291360.83,70764424031.34
2/5/26,9579717483.00,14842237194.59,50821043310.33,75242997987.92,0.80,0.20,0.00,70843242842.83,70724659469.83
2/6/26,9579717483.00,14808842160.91,50822455005.97,75211014649.88,0.80,0.20,0.00,70654268562.19,70621497254.35
2/7/26,9579717483.00,14808842160.91,50822455005.97,75211014649.88,0.80,0.20,0.00,72550766633.20,72486291025.08
2/8/26,9579717483.00,14808842160.91,50822455005.97,75211014649.88,0.80,0.20,0.00,72728036794.43,72663403646.94
2/9/26,9579717483.00,14786628897.66,50823866740.84,75190213121.50,0.80,0.20,0.00,72897891229.52,72853256563.12
2/10/26,9579717483.00,14801415526.56,50821043192.68,75202176202.24,0.80,0.20,0.00,73094197307.59,73017621342.35
2/11/26,9579717483.00,14738509510.57,50821043192.68,75139270186.26,0.80,0.20,0.00,73302388531.51,73298558614.86
2/12/26,9579717483.00,14764301902.22,50821043192.68,75165062577.90,0.80,0.20,0.00,73417673239.27,73327256816.46
2/13/26,9579717483.00,14797521581.50,50819631497.04,75196870561.54,0.80,0.20,0.00,73257222587.26,73161159172.65
2/14/26,9579717483.00,14797521581.50,50819631497.04,75196870561.54,0.80,0.20,0.00,73542072642.19,73476716063.95
2/15/26,9579717483.00,14797521581.50,50819631497.04,75196870561.54,0.80,0.20,0.00,73604159542.24,73538747787.58
2/16/26,9579717483.00,14797521581.50,50819631497.04,75196870561.54,0.80,0.20,0.00,73673973280.45,73608499482.57
2/17/26,9579717483.00,14797521581.50,50812573214.89,75189812279.38,0.80,0.20,0.00,73737679508.76,73679064910.17
2/18/26,9579717483.00,14745730255.96,50809750294.15,75135198033.11,0.80,0.20,0.00,73511911621.70,73499968672.97
2/19/26,9579717483.00,14782594581.60,50818218585.87,75180530650.47,0.80,0.20,0.00,73691876084.05,73581990881.97