Date,CDs,# BTC,BTC Price,BTC Value,Oz Gold,Gold Price,Gold Value,Cash + Banks Depo,O/n Repo MtM,Reverse Repo MtM,Reverse Repo Duration,Money Makts MtM,Tbills Notional,Tbills Duration,Non US Tbills Notionals,NonUSTBills Duration,Secured Loans,Corporate Bonds,Corporate Bonds,Other inv,Total Asset Values,L,D,K,New Estimate Reserves,USDT Market Cap
9/30/22,49981855.00,81315.28,19425.13,1579559847.41,1827431.73,1660.61,3034651399.30,6077722223.00,2721432953.70,302381439.30,90.00,7101935591.00,39678465980.00,45.00,182114357.00,90.00,6135946415.00,159718494.70,180.00,1046907100.00,68070817655.41,0.13,0.58,0.00,68276251311.12,68018936942.07
10/1/22,49981855.00,81315.28,19252.71,1565539467.16,1827431.73,1660.61,3034651399.30,6077722223.00,2721432953.70,302381439.30,90.00,7101935591.00,39678465980.00,45.00,182114357.00,90.00,6135946415.00,159718494.70,180.00,1046907100.00,68056797275.16,0.13,0.58,0.00,68275763555.28,68032463504.97
10/2/22,49981855.00,81315.28,19234.63,1564069286.94,1827431.73,1660.61,3034651399.30,6077722223.00,2721432953.70,302381439.30,90.00,7101935591.00,39678465980.00,45.00,182114357.00,90.00,6135946415.00,159718494.70,180.00,1046907100.00,68055327094.94,0.13,0.58,0.00,68240924014.49,67985211418.08
10/3/22,49981855.00,81315.28,19597.13,1593546075.23,1827431.73,1699.89,3106432917.52,6077722223.00,2721281762.98,302073766.19,90.00,7101146487.05,39876858309.90,45.00,183935500.57,90.00,6135946415.00,164446162.14,180.00,1046907100.00,68360278574.58,0.13,0.58,0.01,68414751422.57,67852870798.59
10/4/22,49981855.00,81315.28,20340.91,1654026752.75,1827431.73,1726.13,3154384726.02,6077722223.00,2720979398.34,300942499.93,90.00,7099568454.49,39114213394.72,45.00,176899967.67,90.00,6135946415.00,168146200.79,180.00,1046907100.00,67699718987.72,0.13,0.58,-0.01,67553429968.04,67955487841.61
10/5/22,49981855.00,81315.28,19988.42,1625363930.39,1827431.73,1716.26,3136347974.88,6077722223.00,2720979398.34,296944478.82,90.00,7099568454.49,39163106161.47,45.00,177342217.59,90.00,6135946415.00,167751057.22,180.00,1046907100.00,67697961266.20,0.13,0.58,0.00,68402493721.71,68146472900.63
10/6/22,49981855.00,81315.28,20051.13,1630463211.48,1827431.73,1712.53,3129531654.54,6077722223.00,2720903815.58,292755334.58,90.00,7099174034.02,39138629220.12,45.00,177120539.82,90.00,6135946415.00,165226403.81,180.00,1046907100.00,67664361806.95,0.13,0.58,0.00,68473697372.42,68249512085.34
10/7/22,49981855.00,81315.28,19551.56,1589840538.01,1827431.73,1694.82,3097167838.66,6077722223.00,2720903815.58,291508196.86,90.00,7099174034.02,39246260450.47,45.00,178094702.79,90.00,6135946415.00,156039815.76,180.00,1046907100.00,67689546985.15,0.13,0.58,0.00,68523833634.22,68240186691.13
10/8/22,49981855.00,81315.28,19456.38,1582100949.85,1827431.73,1694.82,3097167838.66,6077722223.00,2720903815.58,291508196.86,90.00,7099174034.02,39246260450.47,45.00,178094702.79,90.00,6135946415.00,156039815.76,180.00,1046907100.00,67681807396.99,0.13,0.58,0.00,68610782277.79,68360023403.84
10/9/22,49981855.00,81315.28,19485.50,1584468850.74,1827431.73,1694.82,3097167838.66,6077722223.00,2720903815.58,291508196.86,90.00,7099174034.02,39246260450.47,45.00,178094702.79,90.00,6135946415.00,156039815.76,180.00,1046907100.00,67684175297.89,0.13,0.58,0.00,68645759445.40,68384660011.30
10/10/22,49981855.00,81315.28,19241.20,1564603528.31,1827431.73,1668.61,3049270853.11,6077722223.00,2720903815.58,291508196.86,90.00,7099174034.02,39246260450.47,45.00,178094702.79,90.00,6135946415.00,156039815.76,180.00,1046907100.00,67616412989.90,0.13,0.58,0.00,68498065022.47,68308301853.70
10/11/22,49981855.00,81315.28,19019.10,1546543405.05,1827431.73,1666.34,3045122583.09,6077722223.00,2720903815.58,288207595.30,90.00,7099174034.02,38834174715.74,45.00,174354714.03,90.00,6135946415.00,152318266.15,180.00,1046907100.00,67171356721.97,0.13,0.58,0.00,68272183634.57,68465529813.59
10/12/22,49981855.00,81315.28,19169.43,1558767530.81,1827431.73,1673.19,3057640490.42,6077722223.00,2720979396.24,285119450.92,90.00,7099568432.58,37979822871.99,45.00,166683106.61,90.00,6135946415.00,150452367.39,180.00,1046907100.00,66329591239.96,0.13,0.57,-0.01,67826661381.33,68428561681.46
10/13/22,49981855.00,81315.28,19386.99,1576458482.70,1827431.73,1666.37,3045177406.04,6077722223.00,2720979396.24,282517023.13,90.00,7099568432.58,37557297342.54,45.00,162974407.49,90.00,6135946415.00,142433256.21,180.00,1046907100.00,65897963339.94,0.13,0.57,0.00,68245265240.64,68433385613.54
10/14/22,49981855.00,81315.28,19177.31,1559408295.20,1827431.73,1644.47,3005156651.23,6077722223.00,2720979396.24,277931065.55,90.00,7099568432.58,37500961396.53,45.00,162485484.27,90.00,6135946415.00,141678359.95,180.00,1046907100.00,65778726674.55,0.13,0.57,0.00,68588712449.52,68454082242.05
10/15/22,49981855.00,81315.28,19097.54,1552921775.47,1827431.73,1644.47,3005156651.23,6077722223.00,2720979396.24,277931065.55,90.00,7099568432.58,37500961396.53,45.00,162485484.27,90.00,6135946415.00,141678359.95,180.00,1046907100.00,65772240154.82,0.13,0.57,0.00,68641565143.12,68389617989.82
10/16/22,49981855.00,81315.28,19332.84,1572055260.39,1827431.73,1644.47,3005156651.23,6077722223.00,2720979396.24,277931065.55,90.00,7099568432.58,37500961396.53,45.00,162485484.27,90.00,6135946415.00,141678359.95,180.00,1046907100.00,65791373639.75,0.13,0.57,0.00,68667624743.29,68388940699.01
10/17/22,49981855.00,81315.28,19529.38,1588036965.15,1827431.73,1650.09,3015426817.54,6077722223.00,2720903813.48,276089772.24,90.00,7099174012.11,37280643248.33,45.00,160576279.83,90.00,6135946415.00,143527262.55,180.00,1046907100.00,65594935764.22,0.13,0.57,0.00,68498930683.67,68445138503.12
10/18/22,49981855.00,81315.28,19367.71,1574890724.14,1827431.73,1652.22,3019319247.11,6077722223.00,2720979394.14,275518266.41,90.00,7099568410.67,36688813036.76,45.00,155477982.94,90.00,6135946415.00,144955358.81,180.00,1046907100.00,64990080013.99,0.14,0.56,-0.01,68042195093.22,68416637689.74
10/19/22,49981855.00,81315.28,19196.47,1560966295.93,1827431.73,1629.44,2977690352.39,6077722223.00,2720979394.14,273838293.78,90.00,7099568410.67,36276063890.09,45.00,151979728.33,90.00,6135946415.00,136707398.89,180.00,1046907100.00,64508351357.22,0.14,0.56,0.00,68222679424.66,68473113039.74
10/20/22,49981855.00,81315.28,19030.39,1547461454.54,1827431.73,1628.02,2975095399.33,6077722223.00,2721054976.90,270431060.81,90.00,7099962831.14,36257925858.15,45.00,151827748.60,90.00,6135946415.00,131785932.53,180.00,1046907100.00,64466102855.01,0.14,0.56,0.00,68666780984.88,68452826677.49
10/21/22,49981855.00,81315.28,19181.79,1559772587.64,1827431.73,1657.69,3029315298.66,6077722223.00,2721130561.76,268908533.94,90.00,7100357273.52,36257925858.15,45.00,151827748.60,90.00,6135946415.00,137597692.16,180.00,1046907100.00,64537393147.43,0.14,0.56,0.00,68781520992.54,68446610236.90
10/22/22,49981855.00,81315.28,19219.63,1562849557.77,1827431.73,1657.69,3029315298.66,6077722223.00,2721130561.76,268908533.94,90.00,7100357273.52,36257925858.15,45.00,151827748.60,90.00,6135946415.00,137597692.16,180.00,1046907100.00,64540470117.55,0.14,0.56,0.00,68727629334.96,68465349602.00
10/23/22,49981855.00,81315.28,19497.58,1585451139.30,1827431.73,1657.69,3029315298.66,6077722223.00,2721130561.76,268908533.94,90.00,7100357273.52,36257925858.15,45.00,151827748.60,90.00,6135946415.00,137597692.16,180.00,1046907100.00,64563071699.09,0.14,0.56,0.00,68741424274.14,68458383191.55
10/24/22,49981855.00,81315.28,19382.19,1576068169.37,1827431.73,1649.78,3014860313.70,6077722223.00,2721206148.72,269883327.38,90.00,7100751737.81,36158216562.04,45.00,150992695.98,90.00,6135946415.00,137714650.20,180.00,1046907100.00,64440251198.20,0.14,0.56,0.00,68552568764.74,68424379026.96
10/25/22,49981855.00,81315.28,20189.29,1641697730.29,1827431.73,1653.17,3021055307.26,6077722223.00,2721130559.66,269315897.68,90.00,7100357251.60,36072340797.70,45.00,150275480.68,90.00,6135946415.00,136220446.24,180.00,1046907100.00,64422951064.12,0.14,0.56,0.00,68642120112.20,68401790564.44
10/26/22,49981855.00,81315.28,20752.38,1687485550.22,1827431.73,1664.57,3041888028.94,6077722223.00,2721054972.70,267740399.68,90.00,7099962787.31,36108413138.50,45.00,150576031.64,90.00,6135946415.00,134422336.35,180.00,1046907100.00,64522100838.34,0.14,0.56,0.01,68881002073.24,68515959469.88
10/27/22,49981855.00,81315.28,20399.52,1658792641.20,1827431.73,1663.31,3039585464.96,6077722223.00,2720979387.84,266609196.49,90.00,7099568344.93,36063277622.08,45.00,150199591.56,90.00,6135946415.00,138018133.85,180.00,1046907100.00,64447587975.91,0.14,0.56,0.00,68718893255.02,68539062510.87
10/28/22,49981855.00,81315.28,20635.82,1678007441.41,1827431.73,1644.86,3005869349.61,6077722223.00,2720903805.08,266997112.87,90.00,7099173924.47,35882961233.97,45.00,148697595.64,90.00,6135946415.00,130178703.85,180.00,1046907100.00,64243346759.90,0.14,0.56,0.00,68930605212.06,68889141732.72
10/29/22,49981855.00,81315.28,20864.33,1696588795.60,1827431.73,1644.86,3005869349.61,6077722223.00,2720903805.08,266997112.87,90.00,7099173924.47,35882961233.97,45.00,148697595.64,90.00,6135946415.00,130178703.85,180.00,1046907100.00,64261928114.09,0.14,0.56,0.00,69245830384.22,68964914947.13
10/30/22,49981855.00,81315.28,20689.77,1682394400.66,1827431.73,1644.86,3005869349.61,6077722223.00,2720903805.08,266997112.87,90.00,7099173924.47,35882961233.97,45.00,148697595.64,90.00,6135946415.00,130178703.85,180.00,1046907100.00,64247733719.15,0.14,0.56,0.00,69341271644.34,69095205493.07
10/31/22,49981855.00,81315.28,20405.66,1659291917.01,1827431.73,1633.56,2985219371.10,6077722223.00,2720903805.08,265638765.06,90.00,7099173924.47,35856049013.04,45.00,148474549.25,90.00,6135946415.00,130992320.75,180.00,1046907100.00,64176301258.76,0.14,0.56,0.00,69278630460.88,69094359478.10
11/1/22,49981855.00,81315.28,20479.40,1665288105.61,1827431.73,1647.98,3011570936.59,6077722223.00,2720903805.08,263502365.29,90.00,7099173924.47,35622984694.46,45.00,146544380.11,90.00,6135946415.00,125405498.27,180.00,1046907100.00,63965931302.88,0.14,0.56,0.00,69414761484.86,69380585989.31
11/2/22,49981855.00,81315.28,20175.79,1640599974.04,1827431.73,1635.24,2988289456.40,6077722223.00,2720903805.08,261869968.14,90.00,7099173924.47,35596267455.94,45.00,146324563.54,90.00,6135946415.00,122891118.03,180.00,1046907100.00,63886877858.63,0.14,0.56,0.00,69602199671.01,69425689152.11
11/3/22,49981855.00,81315.28,20238.80,1645723649.71,1827431.73,1629.49,2977781723.97,6077722223.00,2715235255.49,260658819.54,90.00,7069594033.12,35591817922.51,45.00,146287982.40,90.00,6135946415.00,118811132.91,180.00,1046907100.00,63836468112.63,0.14,0.56,0.00,69639103535.28,69431437615.85
11/4/22,49981855.00,81315.28,21135.44,1718634180.64,1827431.73,1681.87,3073502597.80,6077722223.00,2715235255.49,259203040.03,90.00,7069594033.12,35698593376.27,45.00,147165710.29,90.00,6135946415.00,122565564.71,180.00,1046907100.00,64115051351.35,0.14,0.56,0.01,69916282313.94,69350142131.00
11/5/22,49981855.00,81315.28,21355.89,1736560133.69,1827431.73,1681.87,3073502597.80,6077722223.00,2715235255.49,259203040.03,90.00,7069594033.12,35698593376.27,45.00,147165710.29,90.00,6135946415.00,122565564.71,180.00,1046907100.00,64132977304.40,0.14,0.56,0.00,69637097706.96,69355263616.88
11/6/22,49981855.00,81315.28,21128.93,1718104818.18,1827431.73,1681.87,3073502597.80,6077722223.00,2715235255.49,259203040.03,90.00,7069594033.12,35698593376.27,45.00,147165710.29,90.00,6135946415.00,122565564.71,180.00,1046907100.00,64114521988.89,0.14,0.56,0.00,69592844650.02,69350525154.06
11/7/22,49981855.00,81315.28,20683.87,1681914640.52,1827431.73,1675.63,3062099423.83,6077722223.00,2715386101.89,258960685.19,90.00,7070379543.56,35836925425.61,45.00,148306244.55,90.00,6135946415.00,120684183.29,180.00,1046907100.00,64205213841.44,0.14,0.56,0.01,69706798802.72,69346001162.83
11/8/22,49981855.00,81315.28,18698.63,1520484297.89,1827431.73,1712.42,3129330637.05,6077722223.00,2715386101.89,258318462.69,90.00,7070379543.56,35371045395.07,45.00,144450282.19,90.00,6135946415.00,123502158.97,180.00,1046907100.00,63643454472.31,0.14,0.56,-0.01,69163629455.00,69511154153.32
11/9/22,49981855.00,81315.28,15731.30,1279195033.83,1827431.73,1706.74,3118950824.84,6077722223.00,2715386101.89,255903185.06,90.00,7070379543.56,35317988826.98,45.00,144016931.34,90.00,6135946415.00,126614413.37,180.00,1046907100.00,63338992453.89,0.14,0.56,0.00,69442798679.49,69513632100.62
11/10/22,49981855.00,81315.28,17807.64,1448033198.29,1827431.73,1755.45,3207965024.24,6077722223.00,2715386101.89,255409291.91,90.00,7070379543.56,35432772290.67,45.00,144953041.40,90.00,6135946415.00,143099610.00,180.00,1046907100.00,63728555694.96,0.14,0.56,0.01,70158178635.73,69466521505.56
11/11/22,49981855.00,81315.28,16757.37,1362630201.20,1827431.73,1771.24,3236820171.20,6077722223.00,2715386101.89,255409291.91,90.00,7070379543.56,35432772290.67,45.00,144953041.40,90.00,6135946415.00,143099610.00,180.00,1046907100.00,63672007844.83,0.14,0.56,0.00,68638997060.47,68441044955.66
11/12/22,49981855.00,81315.28,16793.47,1365565682.73,1827431.73,1771.24,3236820171.20,6077722223.00,2715386101.89,255409291.91,90.00,7070379543.56,35432772290.67,45.00,144953041.40,90.00,6135946415.00,143099610.00,180.00,1046907100.00,63674943326.36,0.14,0.56,0.00,68661317025.32,68399398020.52
11/13/22,49981855.00,81315.28,16365.81,1330790390.92,1827431.73,1771.24,3236820171.20,6077722223.00,2715386101.89,255409291.91,90.00,7070379543.56,35432772290.67,45.00,144953041.40,90.00,6135946415.00,143099610.00,180.00,1046907100.00,63640168034.55,0.14,0.56,0.00,67614584954.33,67396572037.20
11/14/22,49981855.00,81315.28,16385.41,1332384170.37,1827431.73,1771.40,3237112560.28,6077722223.00,2715310674.50,257957638.12,90.00,7069986744.70,35441630483.74,45.00,145025517.92,90.00,6135946415.00,136130658.99,180.00,1046907100.00,63646096041.61,0.14,0.56,0.00,66698998160.81,66441439081.89
11/15/22,49981855.00,81315.28,16890.18,1373429683.28,1827431.73,1778.94,3250891395.49,6077722223.00,2715235249.20,256561442.41,90.00,7069593967.66,35366317018.96,45.00,144409159.47,90.00,6135946415.00,143250292.45,180.00,1046907100.00,63630245801.92,0.14,0.56,0.00,66694024008.63,66459223430.90
11/16/22,49981855.00,81315.28,16531.47,1344261079.88,1827431.73,1773.87,3241626316.64,6077722223.00,2715159826.00,255152278.68,90.00,7069201212.44,35202747802.75,45.00,143073374.74,90.00,6135946415.00,138265182.28,180.00,1046907100.00,63420044666.41,0.14,0.56,0.00,66156193324.31,66125312403.21
11/17/22,49981855.00,81315.28,16680.76,1356400637.74,1827431.73,1760.44,3217083908.55,6077722223.00,2715235247.11,254167390.89,90.00,7069593945.84,35193947115.80,45.00,143001838.05,90.00,6135946415.00,133584905.86,180.00,1046907100.00,63393572582.84,0.14,0.56,0.00,66241863001.15,66019772913.78
11/18/22,49981855.00,81315.28,16637.36,1352871554.68,1827431.73,1750.68,3199248174.90,6077722223.00,2715235247.11,253134835.86,90.00,7069593945.84,35110361491.40,45.00,142322579.32,90.00,6135946415.00,131380754.91,180.00,1046907100.00,63284706177.02,0.14,0.55,0.00,66107917627.13,65972069594.07
11/19/22,49981855.00,81315.28,16660.59,1354760508.58,1827431.73,1750.68,3199248174.90,6077722223.00,2715235247.11,253134835.86,90.00,7069593945.84,35110361491.40,45.00,142322579.32,90.00,6135946415.00,131380754.91,180.00,1046907100.00,63286595130.93,0.14,0.55,0.00,66238300349.79,65986696851.80
11/20/22,49981855.00,81315.28,16253.33,1321644048.44,1827431.73,1750.68,3199248174.90,6077722223.00,2715235247.11,253134835.86,90.00,7069593945.84,35110361491.40,45.00,142322579.32,90.00,6135946415.00,131380754.91,180.00,1046907100.00,63253478670.79,0.14,0.56,0.00,66180078760.56,65965182392.95
11/21/22,49981855.00,81315.28,15631.95,1271116360.96,1827431.73,1738.05,3176167712.20,6077722223.00,2715235247.11,251924851.35,90.00,7069593945.84,35277135708.48,45.00,143674643.83,90.00,6135946415.00,130553056.15,180.00,1046907100.00,63345959118.91,0.14,0.56,0.01,66310367880.84,65964018960.95
11/22/22,49981855.00,81315.28,16130.03,1311617874.65,1827431.73,1740.25,3180188062.00,6077722223.00,2715235247.11,249469843.67,90.00,7069593945.84,35233039288.85,45.00,143315457.22,90.00,6135946415.00,129939456.79,180.00,1046907100.00,63342956769.12,0.14,0.56,0.00,66186029270.02,65939717655.38
11/23/22,49981855.00,81315.28,16471.90,1339417128.77,1827431.73,1749.68,3197420743.18,6077722223.00,2715310670.31,247303198.08,90.00,7069986701.06,34977599754.00,45.00,141237383.09,90.00,6135946415.00,130036911.38,180.00,1046907100.00,63128870082.86,0.14,0.55,0.00,65623494965.44,65597886005.58
11/24/22,49981855.00,81315.28,16543.55,1345243368.44,1827431.73,1755.24,3207581263.58,6077722223.00,2715310670.31,247303198.08,90.00,7069986701.06,34977599754.00,45.00,141237383.09,90.00,6135946415.00,130036911.38,180.00,1046907100.00,63144856842.94,0.14,0.55,0.00,65808324289.62,65543712562.19
11/25/22,49981855.00,81315.28,16497.05,1341462208.01,1827431.73,1754.93,3207014759.74,6077722223.00,2715235245.01,246247831.68,90.00,7069593924.02,34898900154.56,45.00,140601814.86,90.00,6135946415.00,132117501.97,180.00,1046907100.00,63061731032.85,0.14,0.55,0.00,65528505677.57,65367598699.39
11/26/22,49981855.00,81315.28,16509.39,1342465638.54,1827431.73,1754.93,3207014759.74,6077722223.00,2715235245.01,246247831.68,90.00,7069593924.02,34898900154.56,45.00,140601814.86,90.00,6135946415.00,132117501.97,180.00,1046907100.00,63062734463.38,0.14,0.55,0.00,65593947244.39,65345701967.12
11/27/22,49981855.00,81315.28,16571.89,1347547843.42,1827431.73,1754.93,3207014759.74,6077722223.00,2715235245.01,246247831.68,90.00,7069593924.02,34898900154.56,45.00,140601814.86,90.00,6135946415.00,132117501.97,180.00,1046907100.00,63067816668.26,0.14,0.55,0.00,65590977167.80,65338517247.26
11/28/22,49981855.00,81315.28,16196.39,1317013956.51,1827431.73,1741.36,3182216511.21,6077722223.00,2715235245.01,246961334.77,90.00,7069593924.02,34894537792.04,45.00,140566664.41,90.00,6135946415.00,128682446.91,180.00,1046907100.00,63005365467.89,0.14,0.55,0.00,65615148180.20,65432655693.52
11/29/22,49981855.00,81315.28,16460.70,1338506397.65,1827431.73,1749.85,3197731406.57,6077722223.00,2715159821.81,246629171.78,90.00,7069201168.80,34741874189.20,45.00,139336706.10,90.00,6135946415.00,123696002.10,180.00,1046907100.00,62882692457.00,0.14,0.55,0.00,65481111615.12,65361591999.47
11/30/22,49981855.00,81315.28,17104.50,1390857173.67,1827431.73,1768.52,3231849556.90,6077722223.00,2715084400.70,246123581.98,90.00,7068808435.40,34637648566.63,45.00,138500685.86,90.00,6135946415.00,133214409.46,180.00,1046907100.00,62872644403.61,0.14,0.55,0.00,65603200612.73,65366405161.82
12/1/22,49981855.00,81315.28,16929.96,1376664405.04,1827431.73,1803.10,3295042146.01,6077722223.00,2715084400.70,243769409.92,90.00,7068808435.40,34810836809.46,45.00,139885692.72,90.00,6135946415.00,133827195.74,180.00,1046907100.00,63094476087.99,0.14,0.55,0.01,65990974371.61,65511131600.93
12/2/22,49981855.00,81315.28,17014.59,1383546117.02,1827431.73,1797.63,3285046094.46,6077722223.00,2715159819.72,244904765.94,90.00,7069201146.98,34919620674.49,45.00,140759978.30,90.00,6135946415.00,133499319.11,180.00,1046907100.00,63202295509.02,0.14,0.55,0.01,66002115448.05,65641200262.32
12/3/22,49981855.00,81315.28,16950.39,1378325676.17,1827431.73,1797.63,3285046094.46,6077722223.00,2715159819.72,244904765.94,90.00,7069201146.98,34919620674.49,45.00,140759978.30,90.00,6135946415.00,133499319.11,180.00,1046907100.00,63197075068.17,0.14,0.55,0.00,65630368697.72,65388426943.76
12/4/22,49981855.00,81315.28,17114.59,1391677644.83,1827431.73,1797.63,3285046094.46,6077722223.00,2715159819.72,244904765.94,90.00,7069201146.98,34919620674.49,45.00,140759978.30,90.00,6135946415.00,133499319.11,180.00,1046907100.00,63210427036.83,0.14,0.55,0.00,66032311146.76,65769558099.31
12/5/22,49981855.00,81315.28,16972.24,1380102414.99,1827431.73,1768.68,3232141945.98,6077722223.00,2715159819.72,243910452.59,90.00,7069201146.98,34967635152.92,45.00,141147068.24,90.00,6135946415.00,128446369.88,180.00,1046907100.00,63188301964.31,0.14,0.55,0.00,65782922695.30,65557951753.47
12/6/22,49981855.00,81315.28,16994.34,1381899482.64,1827431.73,1771.04,3236454684.85,6077722223.00,2715235240.82,243196404.74,90.00,7069593880.38,34823393657.92,45.00,139982604.92,90.00,6135946415.00,126596742.16,180.00,1046907100.00,63046910291.43,0.14,0.55,0.00,65647425124.25,65546686928.50
12/7/22,49981855.00,81315.28,16830.68,1368591424.23,1827431.73,1786.27,3264286470.05,6077722223.00,2715235240.82,242623069.22,90.00,7069593880.38,34901746293.65,45.00,140612526.65,90.00,6135946415.00,129413519.67,180.00,1046907100.00,63142660017.66,0.14,0.55,0.01,65906549704.65,65558601840.22
12/8/22,49981855.00,81315.28,17184.10,1397329869.80,1827431.73,1789.14,3269531199.10,6077722223.00,2715235240.82,241283789.88,90.00,7069593880.38,35036990560.53,45.00,141702273.73,90.00,6135946415.00,124845222.43,180.00,1046907100.00,63307069629.67,0.14,0.55,0.01,66138239360.89,65717867682.57
12/9/22,49981855.00,81315.28,17113.29,1391571934.96,1827431.73,1797.32,3284479590.63,6077722223.00,2715235240.82,241044918.92,90.00,7069593880.38,34931879588.85,45.00,140852060.09,90.00,6135946415.00,122198503.71,180.00,1046907100.00,63207413311.36,0.14,0.55,0.00,65825830189.58,65681144306.22
12/10/22,49981855.00,81315.28,17129.35,1392877858.33,1827431.73,1797.32,3284479590.63,6077722223.00,2715235240.82,241044918.92,90.00,7069593880.38,34931879588.85,45.00,140852060.09,90.00,6135946415.00,122198503.71,180.00,1046907100.00,63208719234.73,0.14,0.55,0.00,66021124401.39,65770950095.57
12/11/22,49981855.00,81315.28,17115.37,1391741070.74,1827431.73,1797.32,3284479590.63,6077722223.00,2715235240.82,241044918.92,90.00,7069593880.38,34931879588.85,45.00,140852060.09,90.00,6135946415.00,122198503.71,180.00,1046907100.00,63207582447.14,0.14,0.55,0.00,65976710138.51,65729244224.59
12/12/22,49981855.00,81315.28,17177.78,1396815957.25,1827431.73,1781.44,3255459974.81,6077722223.00,2715235240.82,240297679.68,90.00,7069593880.38,34953712013.59,45.00,141028125.16,90.00,6135946415.00,122106854.83,180.00,1046907100.00,63204807319.52,0.14,0.55,0.00,66011986576.56,65766093056.06
12/13/22,49981855.00,81315.28,17762.00,1444321969.00,1827431.73,1810.80,3309113370.30,6077722223.00,2715235240.82,239106403.93,90.00,7069593880.38,34682820745.49,45.00,138842189.22,90.00,6135946415.00,125782271.16,180.00,1046907100.00,63035373663.30,0.14,0.55,0.00,65760207519.96,65688467049.99
12/14/22,49981855.00,81315.28,17828.90,1449761961.10,1827431.73,1807.32,3302753907.89,6077722223.00,2715235240.82,240844707.48,90.00,7069593880.38,34778198502.54,45.00,139605821.26,90.00,6135946415.00,127285369.30,180.00,1046907100.00,63133836983.78,0.14,0.55,0.01,66167375478.12,65815203375.08
12/15/22,49981855.00,81315.28,17399.63,1414855751.69,1827431.73,1776.85,3247072063.19,6077722223.00,2711313234.36,240226940.81,90.00,7049170609.17,34821671250.67,45.00,139954835.82,90.00,6135946415.00,121716634.40,180.00,1046907100.00,63056538913.09,0.14,0.55,0.00,66147303898.03,65978794246.08
12/16/22,49981855.00,81315.28,16837.95,1369182586.30,1827431.73,1793.08,3276731280.11,6077722223.00,2711313234.36,240439541.65,90.00,7049170609.17,34934841682.23,45.00,140864542.25,90.00,6135946415.00,123670186.38,180.00,1046907100.00,63156771255.45,0.14,0.55,0.01,66351984971.38,65997016215.35
12/17/22,49981855.00,81315.28,16718.50,1359469476.34,1827431.73,1793.08,3276731280.11,6077722223.00,2711313234.36,240439541.65,90.00,7049170609.17,34934841682.23,45.00,140864542.25,90.00,6135946415.00,123670186.38,180.00,1046907100.00,63147058145.49,0.14,0.55,0.00,66009370187.57,65770714186.31
12/18/22,49981855.00,81315.28,16753.05,1362278919.19,1827431.73,1793.08,3276731280.11,6077722223.00,2711313234.36,240439541.65,90.00,7049170609.17,34934841682.23,45.00,140864542.25,90.00,6135946415.00,123670186.38,180.00,1046907100.00,63149867588.34,0.14,0.55,0.00,66322763148.34,66069871457.42
12/19/22,49981855.00,81315.28,16586.82,1348761880.52,1827431.73,1787.62,3266753502.88,6077722223.00,2711463862.88,240321125.18,90.00,7049953850.35,35048379917.70,45.00,141780161.77,90.00,6135946415.00,121159681.59,180.00,1046907100.00,63239131575.87,0.14,0.55,0.01,66507307508.76,66163136479.42
12/20/22,49981855.00,81315.28,16881.54,1372727119.27,1827431.73,1817.94,3322161232.83,6077722223.00,2711463862.88,239356235.86,90.00,7049953850.35,34838089638.19,45.00,140078799.83,90.00,6135946415.00,120572057.14,180.00,1046907100.00,63104960389.35,0.14,0.55,0.00,66283840615.51,66174433958.50
12/21/22,49981855.00,81315.28,16793.10,1365535596.08,1827431.73,1814.39,3315673850.20,6077722223.00,2711463862.88,238924197.86,90.00,7049953850.35,34755349175.30,45.00,139413425.53,90.00,6135946415.00,125280395.97,180.00,1046907100.00,63012151947.16,0.14,0.55,0.00,66363226746.09,66210497794.16
12/22/22,49981855.00,81315.28,16792.25,1365466478.09,1827431.73,1792.52,3275707918.34,6077722223.00,2711463862.88,238309565.36,90.00,7049953850.35,34777071268.54,45.00,139587692.31,90.00,6135946415.00,125668765.20,180.00,1046907100.00,62993786994.06,0.14,0.55,0.00,66453555136.23,66222410592.69
12/23/22,49981855.00,81315.28,16811.33,1367017973.60,1827431.73,1798.20,3286087730.55,6077722223.00,2711463862.88,237797795.56,90.00,7049953850.35,34816195473.71,45.00,139901764.62,90.00,6135946415.00,123802584.03,180.00,1046907100.00,63042778628.31,0.14,0.55,0.00,66555590329.86,66253234080.77
12/24/22,49981855.00,81315.28,16829.82,1368521493.09,1827431.73,1798.20,3286087730.55,6077722223.00,2711463862.88,237797795.56,90.00,7049953850.35,34816195473.71,45.00,139901764.62,90.00,6135946415.00,123802584.03,180.00,1046907100.00,63044282147.80,0.14,0.55,0.00,66542890222.60,66290527437.96
12/25/22,49981855.00,81315.28,16830.25,1368556458.66,1827431.73,1798.20,3286087730.55,6077722223.00,2711463862.88,237797795.56,90.00,7049953850.35,34816195473.71,45.00,139901764.62,90.00,6135946415.00,123802584.03,180.00,1046907100.00,63044317113.37,0.14,0.55,0.00,66531105942.46,66280331784.86
12/26/22,49981855.00,81315.28,16833.01,1368780888.83,1827431.73,1798.20,3286087730.55,6077722223.00,2711463862.88,237797795.56,90.00,7049953850.35,34816195473.71,45.00,139901764.62,90.00,6135946415.00,123802584.03,180.00,1046907100.00,63044541543.53,0.14,0.55,0.00,66510981769.91,66260084337.20
12/27/22,49981855.00,81315.28,16692.55,1357359344.87,1827431.73,1813.69,3314394647.99,6077722223.00,2711463862.88,237139095.67,90.00,7049953850.35,34916292035.70,45.00,140706199.77,90.00,6135946415.00,121085117.31,180.00,1046907100.00,63158951747.54,0.14,0.55,0.01,66661508348.51,66289979631.47
12/28/22,49981855.00,81315.28,16517.32,1343110468.70,1827431.73,1804.35,3297326435.66,6077722223.00,2711463862.88,235983635.43,90.00,7049953850.35,34222330731.49,45.00,135113128.33,90.00,6135946415.00,120316226.82,180.00,1046907100.00,62426155932.65,0.14,0.55,-0.01,65720483832.32,66241360621.12
12/29/22,49981855.00,81315.28,16593.40,1349296935.05,1827431.73,1814.91,3316624114.69,6077722223.00,2711463862.88,235243826.73,90.00,7049953850.35,34449053672.59,45.00,136903377.28,90.00,6135946415.00,122337539.43,180.00,1046907100.00,62681434772.00,0.14,0.55,0.01,66754451476.75,66232030177.68
12/30/22,49981855.00,81315.28,16579.06,1348130873.96,1827431.73,1824.02,3333272017.72,6077722223.00,2711463862.88,235556701.02,90.00,7049953850.35,34517951779.93,45.00,137450990.79,90.00,6135946415.00,117658128.55,180.00,1046907100.00,62761995798.20,0.14,0.55,0.01,66591937333.00,66255815696.13
12/31/22,0.00,96930.63,16539.50,1603184169.06,1793781.16,1824.02,3271892719.05,5318311794.00,2741484558.60,304609395.40,90.00,7372926391.00,39230259046.00,60.00,93849833.00,60.00,5852823328.00,172204879.95,180.00,1074314492.00,67035860606.06,0.12,0.59,0.01,67269244995.28,66279043570.31
1/1/23,0.00,96930.63,16602.63,1609303399.79,1793781.16,1824.02,3271892719.05,5318311794.00,2741484558.60,304609395.40,90.00,7372926391.00,39230259046.00,60.00,93849833.00,60.00,5852823328.00,172204879.95,180.00,1074314492.00,67041979836.79,0.12,0.59,0.01,67222003125.84,66226451754.38
1/2/23,0.00,96930.63,16750.94,1623679181.65,1793781.16,1824.02,3271892719.05,5318311794.00,2741484558.60,304609395.40,90.00,7372926391.00,39230259046.00,60.00,93849833.00,60.00,5852823328.00,172204879.95,180.00,1074314492.00,67056355618.65,0.12,0.59,0.01,67306830234.36,66301858477.75
1/3/23,0.00,96930.63,16661.86,1615044601.05,1793781.16,1839.48,3299624575.85,5318311794.00,2741408406.25,303437410.75,90.00,7372516783.98,39269489305.05,60.00,93943682.83,60.00,5852823328.00,176682206.83,180.00,1074314492.00,67117596586.59,0.12,0.59,0.02,67274003249.59,66223251669.25
1/4/23,0.00,96930.63,16821.82,1630549624.77,1793781.16,1854.56,3326674795.80,5318311794.00,2741484556.48,303335000.63,90.00,7372926368.24,38346656306.38,60.00,91736006.29,60.00,5852823328.00,176479022.29,180.00,1074314492.00,66235291294.88,0.12,0.58,0.00,66379953583.19,66274058933.38
1/5/23,0.00,96930.63,16844.62,1632759643.15,1793781.16,1832.89,3287803557.98,5318311794.00,2741408404.14,301719741.75,90.00,7372516761.22,37694763149.17,60.00,90176494.18,60.00,5852823328.00,172375885.02,180.00,1074314492.00,65538973250.60,0.12,0.58,0.00,66528416260.46,66245545660.29
1/6/23,0.00,96930.63,16927.86,1640828148.86,1793781.16,1865.69,3346639580.16,5318311794.00,2741408404.14,299453072.19,90.00,7372516761.22,37732457912.32,60.00,90266670.67,60.00,5852823328.00,179003737.80,180.00,1074314492.00,65648023901.36,0.12,0.57,0.02,67380773169.26,66278648652.02
1/7/23,0.00,96930.63,16938.55,1641864337.31,1793781.16,1865.69,3346639580.16,5318311794.00,2741408404.14,299453072.19,90.00,7372516761.22,37732457912.32,60.00,90266670.67,60.00,5852823328.00,179003737.80,180.00,1074314492.00,65649060089.81,0.12,0.57,0.01,67254362569.32,66263334312.75
1/8/23,0.00,96930.63,16956.66,1643619751.03,1793781.16,1865.69,3346639580.16,5318311794.00,2741408404.14,299453072.19,90.00,7372516761.22,37732457912.32,60.00,90266670.67,60.00,5852823328.00,179003737.80,180.00,1074314492.00,65650815503.53,0.12,0.57,0.01,67264353111.27,66272451611.89
1/9/23,0.00,96930.63,17181.34,1665398125.17,1793781.16,1871.81,3357617520.89,5318311794.00,2741408404.14,300988517.81,90.00,7372516761.22,37707302940.38,60.00,90206492.89,60.00,5852823328.00,184687106.48,180.00,1074314492.00,65665575482.98,0.12,0.57,0.01,67300932537.71,66295359783.54
1/10/23,0.00,96930.63,17466.71,1693059219.30,1793781.16,1877.03,3366981058.56,5318311794.00,2741408404.14,301713900.14,90.00,7372516761.22,37688449288.91,60.00,90161389.65,60.00,5852823328.00,181769050.19,180.00,1074314492.00,65681508686.11,0.12,0.57,0.01,67322117527.14,66315047027.99
1/11/23,0.00,96930.63,17560.60,1702160036.23,1793781.16,1875.69,3364577391.80,5318311794.00,2741484554.37,301062952.40,90.00,7372926345.49,37330409020.66,60.00,89304856.45,60.00,5852823328.00,184350170.71,180.00,1074314492.00,65331724942.11,0.12,0.57,0.01,66940065585.74,66307828854.78
1/12/23,0.00,96930.63,18830.98,1825298771.06,1793781.16,1897.09,3402964308.72,5318311794.00,2741484554.37,299291949.59,90.00,7372926345.49,37821926072.77,60.00,90480703.72,60.00,5852823328.00,183244069.68,180.00,1074314492.00,65983066389.39,0.12,0.57,0.02,67111021078.50,65470424457.41
1/13/23,0.00,96930.63,19813.55,1920539901.02,1793781.16,1920.23,3444472404.85,5318311794.00,2741484554.37,301211159.21,90.00,7372926345.49,37771496838.00,60.00,90360062.78,60.00,5852823328.00,183747990.87,180.00,1074314492.00,66071688870.60,0.12,0.57,0.02,67358539359.19,66278004907.72
1/14/23,0.00,96930.63,20903.70,2026208828.25,1793781.16,1920.23,3444472404.85,5318311794.00,2741484554.37,301211159.21,90.00,7372926345.49,37771496838.00,60.00,90360062.78,60.00,5852823328.00,183747990.87,180.00,1074314492.00,66177357797.83,0.12,0.57,0.02,67415917863.15,66317495370.29
1/15/23,0.00,96930.63,20906.28,2026458909.28,1793781.16,1920.23,3444472404.85,5318311794.00,2741484554.37,301211159.21,90.00,7372926345.49,37771496838.00,60.00,90360062.78,60.00,5852823328.00,183747990.87,180.00,1074314492.00,66177607878.86,0.12,0.57,0.01,67296698340.89,66305842236.88
1/16/23,0.00,96930.63,21133.18,2048452469.42,1793781.16,1916.02,3436920586.15,5318311794.00,2741484554.37,301211159.21,90.00,7372926345.49,37771496838.00,60.00,90360062.78,60.00,5852823328.00,183747990.87,180.00,1074314492.00,66192049620.30,0.12,0.57,0.01,67376531038.39,66370266581.07
1/17/23,0.00,96930.63,21316.08,2066181081.80,1793781.16,1908.69,3423772170.22,5318311794.00,2741408402.02,301129079.17,90.00,7372516738.47,37784087336.95,60.00,90390182.80,60.00,5852823328.00,180330278.24,180.00,1074314492.00,66205264883.68,0.12,0.57,0.01,67319564016.87,66315382010.57
1/18/23,0.00,96930.63,20778.65,2014087652.86,1793781.16,1904.11,3415556652.49,5318311794.00,2741484552.25,300673621.44,90.00,7372926322.73,37362165028.35,60.00,89380825.76,60.00,5852823328.00,186434458.16,180.00,1074314492.00,65728158728.05,0.12,0.57,0.01,66979191600.92,66472290219.19
1/19/23,0.00,96930.63,20939.64,2029692515.12,1793781.16,1932.24,3466015716.64,5318311794.00,2741408399.91,299588941.35,90.00,7372516715.71,37436889358.41,60.00,89559587.41,60.00,5852823328.00,182155787.35,180.00,1074314492.00,65863276635.90,0.12,0.57,0.02,67682368410.62,66549279927.07
1/20/23,0.00,96930.63,22318.24,2163321082.82,1793781.16,1926.08,3454966024.66,5318311794.00,2741484550.14,299202471.62,90.00,7372926299.98,37430649876.85,60.00,89544660.82,60.00,5852823328.00,184223255.53,180.00,1074314492.00,65981767836.42,0.12,0.57,0.02,67658311652.48,66542669715.76
1/21/23,0.00,96930.63,23204.05,2249183204.94,1793781.16,1926.08,3454966024.66,5318311794.00,2741484550.14,299202471.62,90.00,7372926299.98,37430649876.85,60.00,89544660.82,60.00,5852823328.00,184223255.53,180.00,1074314492.00,66067629958.54,0.12,0.57,0.02,67624689189.49,66542663619.62
1/22/23,0.00,96930.63,22591.84,2189841303.42,1793781.16,1926.08,3454966024.66,5318311794.00,2741484550.14,299202471.62,90.00,7372926299.98,37430649876.85,60.00,89544660.82,60.00,5852823328.00,184223255.53,180.00,1074314492.00,66008288057.02,0.12,0.57,0.01,67307653008.11,66376505551.63
1/23/23,0.00,96930.63,22998.16,2229226157.35,1793781.16,1931.04,3463863179.24,5318311794.00,2741484550.14,299139639.10,90.00,7372926299.98,37386980785.33,60.00,89440192.05,60.00,5852823328.00,179811108.56,180.00,1074314492.00,66008321525.74,0.12,0.57,0.01,67736844509.69,66739726193.22
1/24/23,0.00,96930.63,22904.83,2220179621.58,1793781.16,1937.36,3475199876.20,5318311794.00,2741484550.14,298658024.28,90.00,7372926299.98,37256126352.58,60.00,89127151.37,60.00,5852823328.00,181150701.32,180.00,1074314492.00,65880302191.44,0.12,0.57,0.01,67557257348.90,66692161993.53
1/25/23,0.00,96930.63,23598.24,2287392290.32,1793781.16,1946.11,3490895461.38,5318311794.00,2741408397.79,298404164.96,90.00,7372516692.96,37305801187.72,60.00,89245987.58,60.00,5852823328.00,181431484.91,180.00,1074314492.00,66012545281.61,0.12,0.57,0.02,68021417196.85,66885882203.16
1/26/23,0.00,96930.63,23080.96,2237252013.59,1793781.16,1929.21,3460580559.71,5318311794.00,2741484548.02,298337770.03,90.00,7372926277.22,37312018821.25,60.00,89260861.91,60.00,5852823328.00,178056859.29,180.00,1074314492.00,65935367325.01,0.12,0.57,0.01,68063322430.98,67139928234.07
1/27/23,0.00,96930.63,23092.00,2238322127.75,1793781.16,1928.04,3458481835.75,5318311794.00,2741484548.02,297905926.11,90.00,7372926277.22,37312018821.25,60.00,89260861.91,60.00,5852823328.00,177228894.90,180.00,1074314492.00,65933078906.90,0.12,0.57,0.01,68243088705.56,67240886056.87
1/28/23,0.00,96930.63,23008.03,2230182862.68,1793781.16,1928.04,3458481835.75,5318311794.00,2741484548.02,297905926.11,90.00,7372926277.22,37312018821.25,60.00,89260861.91,60.00,5852823328.00,177228894.90,180.00,1074314492.00,65924939641.83,0.12,0.57,0.01,68371686543.68,67373574300.06
1/29/23,0.00,96930.63,23797.16,2306673731.41,1793781.16,1928.04,3458481835.75,5318311794.00,2741484548.02,297905926.11,90.00,7372926277.22,37312018821.25,60.00,89260861.91,60.00,5852823328.00,177228894.90,180.00,1074314492.00,66001430510.55,0.12,0.57,0.02,68658791089.34,67569736303.90
1/30/23,0.00,96930.63,22747.14,2204894630.40,1793781.16,1923.17,3449746121.48,5318311794.00,2741484548.02,297484389.22,90.00,7372926277.22,37399080198.50,60.00,89469137.25,60.00,5852823328.00,175217346.94,180.00,1074314492.00,65975752263.02,0.12,0.57,0.01,68671633726.53,67687123254.53
1/31/23,0.00,96930.63,22950.56,2224612259.32,1793781.16,1928.36,3459055845.72,5318311794.00,2741408395.67,297198804.21,90.00,7372516670.20,37349214758.23,60.00,89349845.07,60.00,5852823328.00,177757998.47,180.00,1074314492.00,65956564190.90,0.12,0.57,0.01,68772412315.32,67779797060.88
2/1/23,0.00,96930.63,23682.05,2295516046.49,1793781.16,1950.52,3498806036.32,5318311794.00,2741408395.67,297287220.85,90.00,7372516670.20,37442587795.13,60.00,89573219.68,60.00,5852823328.00,182059742.03,180.00,1074314492.00,66165204740.38,0.12,0.57,0.02,69066200127.50,67834965073.45
2/2/23,0.00,96930.63,23460.05,2273997446.44,1793781.16,1912.72,3431001108.31,5318311794.00,2739504639.84,296321780.60,90.00,7362277063.72,37586117715.01,60.00,89916583.69,60.00,5852823328.00,184872565.05,180.00,1074314492.00,66209458516.66,0.12,0.57,0.02,68905816059.29,67846146300.35
2/3/23,0.00,96930.63,23383.51,2266578375.95,1793781.16,1864.97,3345348057.72,5318311794.00,2739580737.20,296700331.68,90.00,7362686079.11,37423244538.24,60.00,89526945.16,60.00,5852823328.00,172273499.74,180.00,1074314492.00,65941388178.80,0.12,0.57,0.01,68628270356.37,67892950614.04
2/4/23,0.00,96930.63,23417.15,2269839122.38,1793781.16,1864.97,3345348057.72,5318311794.00,2739580737.20,296700331.68,90.00,7362686079.11,37423244538.24,60.00,89526945.16,60.00,5852823328.00,172273499.74,180.00,1074314492.00,65944648925.23,0.12,0.57,0.01,69062110673.02,68042153687.37
2/5/23,0.00,96930.63,22903.12,2220013870.20,1793781.16,1864.97,3345348057.72,5318311794.00,2739580737.20,296700331.68,90.00,7362686079.11,37423244538.24,60.00,89526945.16,60.00,5852823328.00,172273499.74,180.00,1074314492.00,65894823673.05,0.12,0.57,0.01,68907696434.65,67944713474.22
2/6/23,0.00,96930.63,22916.21,2221282692.15,1793781.16,1867.48,3349850448.44,5318311794.00,2739580737.20,295593639.44,90.00,7362686079.11,37454430575.36,60.00,89601550.95,60.00,5852823328.00,166063040.07,180.00,1074314492.00,65924538376.73,0.12,0.57,0.02,69162964632.33,68114172206.91
2/7/23,0.00,96930.63,23199.48,2248740231.96,1793781.16,1873.10,3359931498.59,5318311794.00,2739580737.20,294392790.28,90.00,7362686079.11,37317097663.25,60.00,89273011.93,60.00,5852823328.00,162766688.73,180.00,1074314492.00,65819918315.04,0.12,0.57,0.01,68950238013.47,68043274844.17
2/8/23,0.00,96930.63,22959.05,2225435200.38,1793781.16,1875.49,3364218635.57,5318311794.00,2739580737.20,294054974.55,90.00,7362686079.11,37086975560.99,60.00,88722495.02,60.00,5852823328.00,162367910.34,180.00,1074314492.00,65569491207.16,0.12,0.57,0.01,69021471408.80,68265208037.89
2/9/23,0.00,96930.63,21857.43,2118654478.82,1793781.16,1861.78,3339625895.81,5318311794.00,2739580737.20,292203898.49,90.00,7362686079.11,36815004406.88,60.00,88071863.39,60.00,5852823328.00,159729431.80,180.00,1074314492.00,65161006405.49,0.12,0.56,0.01,68747839175.67,68160499147.65
2/10/23,0.00,96930.63,21540.90,2087973026.23,1793781.16,1865.57,3346424326.42,5318311794.00,2739580737.20,292005930.35,90.00,7362686079.11,36772053568.40,60.00,87969112.88,60.00,5852823328.00,153156565.68,180.00,1074314492.00,65087298960.27,0.12,0.56,0.01,69133849859.03,68193338996.94
2/11/23,0.00,96930.63,21828.10,2115811503.41,1793781.16,1865.57,3346424326.42,5318311794.00,2739580737.20,292005930.35,90.00,7362686079.11,36772053568.40,60.00,87969112.88,60.00,5852823328.00,153156565.68,180.00,1074314492.00,65115137437.45,0.12,0.56,0.02,69417623677.79,68366557129.94
2/12/23,0.00,96930.63,21741.45,2107412464.25,1793781.16,1865.57,3346424326.42,5318311794.00,2739580737.20,292005930.35,90.00,7362686079.11,36772053568.40,60.00,87969112.88,60.00,5852823328.00,153156565.68,180.00,1074314492.00,65106738398.29,0.12,0.56,0.01,69470930782.35,68457150720.64
2/13/23,0.00,96930.63,21630.92,2096698721.62,1793781.16,1853.49,3324755449.96,5318311794.00,2739580737.20,291640922.93,90.00,7362686079.11,36710766812.46,60.00,87822497.70,60.00,5852823328.00,155139943.20,180.00,1074314492.00,65014540778.18,0.12,0.56,0.01,69415808110.63,68490999406.46
2/14/23,0.00,96930.63,22252.63,2156961464.13,1793781.16,1854.31,3326226350.51,5318311794.00,2739580737.20,291068577.62,90.00,7362686079.11,36814780651.76,60.00,88071328.11,60.00,5852823328.00,149081728.42,180.00,1074314492.00,65173906530.86,0.12,0.56,0.02,69620136234.96,68427597807.14
2/15/23,0.00,96930.63,24179.13,2343698324.48,1793781.16,1836.01,3293400155.21,5318311794.00,2739580737.20,290613055.30,90.00,7362686079.11,36692064716.25,60.00,87777757.01,60.00,5852823328.00,149551335.87,180.00,1074314492.00,65204821774.42,0.12,0.56,0.02,70613588856.44,69541171926.41
2/16/23,0.00,96930.63,24535.46,2378237616.17,1793781.16,1836.36,3294027978.62,5318311794.00,2739580737.20,288527906.63,90.00,7362686079.11,36508604392.67,60.00,87338868.23,60.00,5852823328.00,149199890.23,180.00,1074314492.00,65053653082.85,0.12,0.56,0.01,70377442166.39,69502620730.90
2/17/23,0.00,96930.63,24487.25,2373564590.46,1793781.16,1842.36,3304790665.60,5318311794.00,2739580737.20,288001343.20,90.00,7362686079.11,36490350090.48,60.00,87295198.79,60.00,5852823328.00,151452808.57,180.00,1074314492.00,65043171127.40,0.12,0.56,0.01,70858317672.50,69826536196.89
2/18/23,0.00,96930.63,24621.25,2386553294.99,1793781.16,1842.36,3304790665.60,5318311794.00,2739580737.20,288001343.20,90.00,7362686079.11,36490350090.48,60.00,87295198.79,60.00,5852823328.00,151452808.57,180.00,1074314492.00,65056159831.93,0.12,0.56,0.01,71357134530.54,70292722478.42
2/19/23,0.00,96930.63,24546.64,2379321300.62,1793781.16,1842.36,3304790665.60,5318311794.00,2739580737.20,288001343.20,90.00,7362686079.11,36490350090.48,60.00,87295198.79,60.00,5852823328.00,151452808.57,180.00,1074314492.00,65048927837.57,0.12,0.56,0.01,71327697508.05,70285569098.16
2/20/23,0.00,96930.63,24769.17,2400891273.91,1793781.16,1841.38,3303032760.06,5318311794.00,2739580737.20,288001343.20,90.00,7362686079.11,36490350090.48,60.00,87295198.79,60.00,5852823328.00,151452808.57,180.00,1074314492.00,65068739905.31,0.12,0.56,0.02,71525381620.23,70451072573.33
2/21/23,0.00,96930.63,24199.85,2345706727.15,1793781.16,1835.09,3291749876.54,5318311794.00,2739580737.20,286775177.48,90.00,7362686079.11,36429532840.32,60.00,87149706.79,60.00,5852823328.00,144667722.75,180.00,1074314492.00,64933298481.34,0.12,0.56,0.01,71321716135.93,70418439340.47
2/22/23,0.00,96930.63,23805.88,2307518966.51,1793781.16,1825.39,3274350199.24,5318311794.00,2739580737.20,285440955.97,90.00,7362686079.11,36344530597.03,60.00,86946357.48,60.00,5852823328.00,143734615.93,180.00,1074314492.00,64790238122.47,0.12,0.56,0.01,71351655735.74,70456590555.39
2/23/23,0.00,96930.63,23878.02,2314511542.22,1793781.16,1822.28,3268771539.82,5318311794.00,2739580737.20,283532069.57,90.00,7362686079.11,36411162236.46,60.00,87105759.13,60.00,5852823328.00,147644197.49,180.00,1074314492.00,64860443775.00,0.12,0.56,0.02,71901200927.38,70766136200.37
2/24/23,0.00,96930.63,23101.79,2239271078.63,1793781.16,1811.04,3248609439.54,5318311794.00,2739580737.20,282317134.66,90.00,7362686079.11,36477916033.89,60.00,87265453.03,60.00,5852823328.00,139951934.80,180.00,1074314492.00,64823047504.85,0.12,0.56,0.01,71694731285.45,70680138527.96
2/25/23,0.00,96930.63,22940.51,2223638106.48,1793781.16,1811.04,3248609439.54,5318311794.00,2739580737.20,282317134.66,90.00,7362686079.11,36477916033.89,60.00,87265453.03,60.00,5852823328.00,139951934.80,180.00,1074314492.00,64807414532.70,0.12,0.56,0.01,71851707860.85,70811129790.09
2/26/23,0.00,96930.63,23560.84,2283767084.72,1793781.16,1811.04,3248609439.54,5318311794.00,2739580737.20,282317134.66,90.00,7362686079.11,36477916033.89,60.00,87265453.03,60.00,5852823328.00,139951934.80,180.00,1074314492.00,64867543510.94,0.12,0.56,0.02,71957916798.94,70832978696.82
2/27/23,0.00,96930.63,23384.87,2266710201.61,1793781.16,1817.14,3259551504.64,5318311794.00,2739580737.20,281200570.39,90.00,7362686079.11,36642066656.04,60.00,87658147.56,60.00,5852823328.00,141582374.84,180.00,1074314492.00,65026485885.39,0.12,0.56,0.02,72030830194.47,70797067115.67
2/28/23,0.00,96930.63,23146.88,2243641680.77,1793781.16,1826.92,3277094684.43,5318311794.00,2739580737.20,282070183.15,90.00,7362686079.11,36440535289.44,60.00,87176027.75,60.00,5852823328.00,139536509.52,180.00,1074314492.00,64817770805.37,0.12,0.56,0.01,71747004514.57,70918517287.47
3/1/23,0.00,96930.63,23558.34,2283524758.15,1793781.16,1836.72,3294673739.83,5318311794.00,2739580737.20,281246538.22,90.00,7362686079.11,36185451542.41,60.00,86565795.56,60.00,5852823328.00,137931839.66,180.00,1074314492.00,64617110644.14,0.12,0.56,0.01,71762867757.10,70926090372.52
3/2/23,0.00,96930.63,23415.50,2269679186.84,1793781.16,1835.87,3293149025.85,5318311794.00,2739580737.20,279582964.94,90.00,7362686079.11,36191482451.00,60.00,86580223.19,60.00,5852823328.00,140049093.40,180.00,1074314492.00,64608239375.52,0.12,0.56,0.01,72146624804.50,71094389016.40
3/3/23,0.00,96930.63,22242.64,2155993127.13,1793781.16,1856.48,3330118855.64,5318311794.00,2739580737.20,278844166.96,90.00,7362686079.11,36203546278.48,60.00,86609083.27,60.00,5852823328.00,140350198.95,180.00,1074314492.00,64543178140.73,0.12,0.56,0.01,72078549947.89,71089143266.11
3/4/23,0.00,96930.63,22216.80,2153488439.63,1793781.16,1856.48,3330118855.64,5318311794.00,2739580737.20,278844166.96,90.00,7362686079.11,36203546278.48,60.00,86609083.27,60.00,5852823328.00,140350198.95,180.00,1074314492.00,64540673453.23,0.12,0.56,0.01,72255686963.07,71194848065.09
3/5/23,0.00,96930.63,22485.95,2179577318.92,1793781.16,1856.48,3330118855.64,5318311794.00,2739580737.20,278844166.96,90.00,7362686079.11,36203546278.48,60.00,86609083.27,60.00,5852823328.00,140350198.95,180.00,1074314492.00,64566762332.53,0.12,0.56,0.02,72618240021.82,71520391290.38
3/6/23,0.00,96930.63,22408.87,2172105905.90,1793781.16,1846.86,3312862680.84,5318311794.00,2739580737.20,278715201.53,90.00,7362686079.11,36191478429.72,60.00,86580213.57,60.00,5852823328.00,136925654.10,180.00,1074314492.00,64526384515.97,0.12,0.56,0.01,72485373838.66,71463081677.24
3/7/23,0.00,96930.63,22055.35,2137838989.28,1793781.16,1813.45,3252932452.14,5318311794.00,2739580737.20,277676290.62,90.00,7362686079.11,35636542427.14,60.00,85252650.30,60.00,5852823328.00,130955695.58,180.00,1074314492.00,63868914935.35,0.13,0.56,0.00,71935383532.94,71606102630.77
3/8/23,0.00,96930.63,22006.50,2133103927.96,1793781.16,1813.80,3253560275.55,5318311794.00,2739580737.20,271870773.57,90.00,7362686079.11,35292055850.34,60.00,84428541.34,60.00,5852823328.00,125298409.53,180.00,1074314492.00,63508034208.60,0.13,0.56,0.01,72347963997.93,71688065511.97
3/9/23,0.00,96930.63,20226.09,1960527663.47,1793781.16,1831.03,3284467125.01,5318311794.00,2739580737.20,267323055.21,90.00,7362686079.11,35427342064.43,60.00,84752184.09,60.00,5852823328.00,129151335.62,180.00,1074314492.00,63501279858.14,0.13,0.56,0.01,72926287559.27,71860457290.60
3/10/23,0.00,96930.63,20101.78,1948478216.75,1793781.16,1868.26,3351249597.75,5318311794.00,2739580737.20,266471631.28,90.00,7362686079.11,35852470169.21,60.00,85769210.29,60.00,5852823328.00,142408720.23,180.00,1074314492.00,63994563975.81,0.13,0.56,0.02,73453883069.50,71814779749.86
3/11/23,0.00,96930.63,20503.75,1987441422.44,1793781.16,1868.26,3351249597.75,5318311794.00,2739580737.20,266471631.28,90.00,7362686079.11,35852470169.21,60.00,85769210.29,60.00,5852823328.00,142408720.23,180.00,1074314492.00,64033527181.50,0.13,0.56,0.02,73205711130.56,72084236470.97
3/12/23,0.00,96930.63,21491.18,2083153635.26,1793781.16,1868.26,3351249597.75,5318311794.00,2739580737.20,266471631.28,90.00,7362686079.11,35852470169.21,60.00,85769210.29,60.00,5852823328.00,142408720.23,180.00,1074314492.00,64129239394.32,0.13,0.56,0.02,73455223436.77,72265947202.18
3/13/23,0.00,96930.63,24234.19,2349035325.01,1793781.16,1913.70,3432759013.85,5318311794.00,2739580737.20,272276049.58,90.00,7362686079.11,36545617925.81,60.00,87427415.03,60.00,5852823328.00,154862362.81,180.00,1074314492.00,65189694522.40,0.12,0.56,0.03,74683228819.84,72386888341.07
3/14/23,0.00,96930.63,24636.25,2388007254.45,1793781.16,1904.01,3415377274.37,5318311794.00,2739580737.20,292008575.59,90.00,7362686079.11,36496890435.24,60.00,87310845.14,60.00,5852823328.00,150936601.91,180.00,1074314492.00,65178247417.01,0.12,0.56,0.01,74305041203.42,73224130980.12
3/15/23,0.00,96930.63,24391.40,2364273789.49,1793781.16,1918.58,3441512665.93,5318311794.00,2739352438.80,282193437.34,90.00,7361458964.76,37348484545.40,60.00,89348098.19,60.00,5852823328.00,169365961.00,180.00,1074314492.00,66041439514.92,0.12,0.57,0.03,75753429661.83,73662783701.28
3/16/23,0.00,96930.63,24753.63,2399384971.90,1793781.16,1919.52,3443198820.23,5318311794.00,2739428531.92,292580977.77,90.00,7361867934.71,37317360808.28,60.00,89273641.44,60.00,5852823328.00,154495629.63,180.00,1074314492.00,66043040929.88,0.12,0.57,0.01,75869307805.85,74750701091.59
3/17/23,0.00,96930.63,26823.38,2600007145.12,1793781.16,1989.25,3568279180.80,5318311794.00,2739580722.40,283531448.13,90.00,7362685920.03,38990422484.52,60.00,93276076.37,60.00,5852823328.00,164391074.71,180.00,1074314492.00,68047623666.07,0.12,0.57,0.04,78269703917.09,74845805871.11
3/18/23,0.00,96930.63,27409.30,2656800740.35,1793781.16,1989.25,3568279180.80,5318311794.00,2739580722.40,283531448.13,90.00,7362685920.03,38990422484.52,60.00,93276076.37,60.00,5852823328.00,164391074.71,180.00,1074314492.00,68104417261.31,0.12,0.57,0.02,77383685812.54,76181018246.95
3/19/23,0.00,96930.63,27974.84,2711618889.33,1793781.16,1989.25,3568279180.80,5318311794.00,2739580722.40,283531448.13,90.00,7362685920.03,38990422484.52,60.00,93276076.37,60.00,5852823328.00,164391074.71,180.00,1074314492.00,68159235410.28,0.12,0.57,0.02,77421831813.48,76220833431.45
3/20/23,0.00,96930.63,28082.46,2722050563.82,1793781.16,1978.84,3549605918.89,5318311794.00,2739580722.40,286145608.08,90.00,7362685920.03,37736230561.26,60.00,90275695.91,60.00,5852823328.00,160158004.53,180.00,1074314492.00,66892182608.92,0.12,0.56,0.00,76483196727.53,76784764102.21
3/21/23,0.00,96930.63,28154.56,2729039262.31,1793781.16,1940.07,3480061023.15,5318311794.00,2739580722.40,285659875.91,90.00,7362685920.03,37233080820.45,60.00,89072019.97,60.00,5852823328.00,154920837.78,180.00,1074314492.00,66319550095.99,0.12,0.56,0.01,77333136459.44,76852694601.82
3/22/23,0.00,96930.63,27392.32,2655154858.24,1793781.16,1970.11,3533946209.32,5318311794.00,2739580722.40,281653496.15,90.00,7362685920.03,37022093362.46,60.00,88567278.52,60.00,5852823328.00,163240086.77,180.00,1074314492.00,66092371547.90,0.12,0.56,0.01,78235145939.28,77348485075.25
3/23/23,0.00,96930.63,28333.00,2746335564.08,1793781.16,1993.40,3575723372.64,5318311794.00,2737678235.79,280386055.42,90.00,7352459967.37,37373803249.41,60.00,89408667.67,60.00,5852823328.00,171793867.32,180.00,1074314492.00,66573038593.67,0.12,0.56,0.02,79729623952.95,77988820276.12
3/24/23,0.00,96930.63,27618.28,2677057303.59,1793781.16,1978.21,3548475836.75,5318311794.00,2737678235.79,281888223.71,90.00,7352459967.37,37348887380.57,60.00,89349061.89,60.00,5852823328.00,177402937.09,180.00,1074314492.00,66458648560.75,0.12,0.56,0.01,79407087536.70,78372882681.59
3/25/23,0.00,96930.63,27384.45,2654392014.18,1793781.16,1978.21,3548475836.75,5318311794.00,2737678235.79,281888223.71,90.00,7352459967.37,37348887380.57,60.00,89349061.89,60.00,5852823328.00,177402937.09,180.00,1074314492.00,66435983271.34,0.12,0.56,0.01,80743053565.68,79581658858.02
3/26/23,0.00,96930.63,27806.41,2695292863.17,1793781.16,1978.21,3548475836.75,5318311794.00,2737678235.79,281888223.71,90.00,7352459967.37,37348887380.57,60.00,89349061.89,60.00,5852823328.00,177402937.09,180.00,1074314492.00,66476884120.33,0.12,0.56,0.02,80862451946.32,79623139461.58
3/27/23,0.00,96930.63,27048.29,2621807813.31,1793781.16,1956.67,3509837790.48,5318311794.00,2737602189.17,286780393.83,90.00,7352051497.37,37131018870.85,60.00,88827859.03,60.00,5852823328.00,162368038.17,180.00,1074314492.00,66135744066.20,0.12,0.56,0.01,79945333128.92,79174842323.56
3/28/23,0.00,96930.63,27313.73,2647537079.96,1793781.16,1973.54,3540098878.72,5318311794.00,2737374055.65,280742232.64,90.00,7350826155.45,37056756833.11,60.00,88650203.31,60.00,5852823328.00,159412939.88,180.00,1074314492.00,66106847992.72,0.12,0.56,0.01,80708926472.33,79555652816.88
3/29/23,0.00,96930.63,28393.00,2752151401.93,1793781.16,1964.70,3524241853.22,5318311794.00,2737450093.82,280239002.19,90.00,7351234534.68,36723246021.61,60.00,87852351.48,60.00,5852823328.00,158528198.06,180.00,1074314492.00,65860393070.99,0.12,0.56,0.01,80485404012.86,79597410585.39
3/30/23,0.00,96930.63,28152.28,2728818260.47,1793781.16,1980.37,3552350404.07,5318311794.00,2737526134.10,280814192.74,90.00,7351642936.60,36258084905.34,60.00,86739555.03,60.00,5852823328.00,159954951.84,180.00,1074314492.00,65401380954.18,0.12,0.55,0.01,80262813256.48,79636370260.18
3/31/23,0.00,52798.71,28395.30,1499235200.26,1721995.68,1969.28,3391091658.00,481350555.00,7500000000.00,786850807.00,90.00,7453204896.00,53044762609.00,90.00,47680940.00,180.00,5349078821.00,140669244.00,210.00,2138395675.00,81832320405.26,0.10,0.65,0.03,82179353272.65,79708195096.13
4/1/23,0.00,52798.71,28463.77,1502850327.91,1721995.68,1969.28,3391091658.00,481350555.00,7500000000.00,786850807.00,90.00,7453204896.00,53044762609.00,90.00,47680940.00,180.00,5349078821.00,140669244.00,210.00,2138395675.00,81835935532.91,0.10,0.65,0.03,82286493782.29,79808588133.31
4/2/23,0.00,52798.71,28076.92,1482425147.08,1721995.68,1969.28,3391091658.00,481350555.00,7500000000.00,786850807.00,90.00,7453204896.00,53044762609.00,90.00,47680940.00,180.00,5349078821.00,140669244.00,210.00,2138395675.00,81815510352.08,0.10,0.65,0.03,82224667360.43,79772056639.10
4/3/23,0.00,52798.71,27588.08,1456615025.85,1721995.68,1984.65,3417558731.64,481350555.00,7500625000.00,784474517.56,90.00,7454447096.82,52951934274.43,90.00,48086227.99,180.00,5349078821.00,143565858.18,210.00,2138395675.00,81726131783.48,0.10,0.65,0.03,82176566157.79,79792660516.38
4/4/23,0.00,52798.71,28257.10,1491938418.58,1721995.68,2020.42,3479154517.21,481350555.00,7500833350.69,781193452.89,90.00,7454861232.77,52369462997.42,90.00,51259919.04,180.00,5349078821.00,146664487.96,210.00,2138395675.00,81244193427.56,0.10,0.64,0.02,81865498598.78,79874799190.06
4/5/23,0.00,52798.71,28157.09,1486658019.63,1721995.68,2020.73,3479688335.87,481350555.00,7501250063.66,785228317.08,90.00,7455689550.68,52042153853.68,90.00,49978421.06,180.00,5349078821.00,147922135.94,210.00,2138395675.00,80917393748.60,0.10,0.64,0.03,82231677953.29,80081067435.20
4/6/23,0.00,52798.71,27992.29,1477956792.28,1721995.68,2007.91,3457612351.22,481350555.00,7501250063.66,789515663.69,90.00,7455689550.68,51873016853.66,90.00,49003841.85,180.00,5349078821.00,148517522.54,210.00,2138395675.00,80721387690.57,0.10,0.64,0.03,82424678433.42,80140266879.62
4/7/23,0.00,52798.71,27890.37,1472575547.79,1721995.68,2007.91,3457612351.22,481350555.00,7501250063.66,787634642.62,90.00,7455689550.68,51626620023.60,90.00,46651657.44,180.00,5349078821.00,139273544.40,210.00,2138395675.00,80456132432.42,0.10,0.64,0.03,82403055511.75,80188675274.40
4/8/23,0.00,52798.71,27932.43,1474796261.52,1721995.68,2007.91,3457612351.22,481350555.00,7501250063.66,787634642.62,90.00,7455689550.68,51626620023.60,90.00,46651657.44,180.00,5349078821.00,139273544.40,210.00,2138395675.00,80458353146.15,0.10,0.64,0.03,82759105449.90,80268298419.65
4/9/23,0.00,52798.71,28136.46,1485568782.25,1721995.68,2007.91,3457612351.22,481350555.00,7501250063.66,787634642.62,90.00,7455689550.68,51626620023.60,90.00,46651657.44,180.00,5349078821.00,139273544.40,210.00,2138395675.00,80469125666.88,0.10,0.64,0.03,82807661557.29,80306857722.22
4/10/23,0.00,52798.71,29142.36,1538679004.29,1721995.68,1991.48,3429319962.16,481350555.00,7501250063.66,776948409.61,90.00,7455689550.68,49884221597.81,90.00,46371747.50,180.00,5349078821.00,137616189.23,210.00,2138395675.00,78738921575.92,0.10,0.63,0.01,81020319860.99,80310814337.53
4/11/23,0.00,52798.71,30192.10,1594103921.77,1721995.68,2003.62,3450224989.74,481350555.00,7501458431.72,773461853.62,90.00,7456103755.66,49934105819.40,90.00,45792100.65,180.00,5349078821.00,138772165.22,210.00,2138395675.00,78862848088.77,0.10,0.63,0.03,83013575024.19,80390805147.35
4/12/23,0.00,52798.71,29968.01,1582272258.92,1721995.68,2014.93,3469700760.91,481350555.00,7501458431.72,770897827.57,90.00,7456103755.66,49696918816.76,90.00,46089749.31,180.00,5349078821.00,140431649.02,210.00,2138395675.00,78632698300.87,0.10,0.63,0.03,82780485500.43,80526255295.43
4/13/23,0.00,52798.71,30285.33,1599026345.47,1721995.68,2040.22,3513250031.73,481350555.00,7501458431.72,771581999.40,90.00,7456103755.66,49771464194.99,90.00,46320198.05,180.00,5349078821.00,141275409.18,210.00,2138395675.00,78769305417.19,0.10,0.63,0.03,83312980414.40,80667591426.45
4/14/23,0.00,52798.71,30470.31,1608793050.78,1721995.68,2004.17,3451172087.37,481350555.00,7501458431.72,772438455.41,90.00,7456103755.66,49161763758.60,90.00,44328429.54,180.00,5349078821.00,135292395.60,210.00,2138395675.00,78100175415.67,0.10,0.63,0.02,82685842592.72,80886569881.40
4/15/23,0.00,52798.71,30312.22,1600446102.77,1721995.68,2004.17,3451172087.37,481350555.00,7501458431.72,772438455.41,90.00,7456103755.66,49161763758.60,90.00,44328429.54,180.00,5349078821.00,135292395.60,210.00,2138395675.00,78091828467.66,0.10,0.63,0.03,83367507330.88,80869263894.08
4/16/23,0.00,52798.71,30361.00,1603021623.83,1721995.68,2004.17,3451172087.37,481350555.00,7501458431.72,772438455.41,90.00,7456103755.66,49161763758.60,90.00,44328429.54,180.00,5349078821.00,135292395.60,210.00,2138395675.00,78094403988.72,0.10,0.63,0.03,83506750270.93,80993005658.64
4/17/23,0.00,52798.71,29459.36,1555416195.25,1721995.68,1995.19,3435708566.14,481350555.00,7501458431.72,763561206.47,90.00,7456103755.66,49051149790.14,90.00,43663503.09,180.00,5349078821.00,131701509.94,210.00,2138395675.00,77907588009.40,0.10,0.63,0.03,83294974083.62,80983997260.15
4/18/23,0.00,52798.71,30422.00,1606242345.12,1721995.68,2005.45,3453376241.84,481350555.00,7501458431.72,759628866.25,90.00,7456103755.66,48352170905.63,90.00,43161372.81,180.00,5349078821.00,134305907.30,210.00,2138395675.00,77275272877.32,0.10,0.63,0.02,82856441287.04,81022519469.17
4/19/23,0.00,52798.71,29249.26,1544323186.36,1721995.68,1994.93,3435260847.26,481350555.00,7501458431.72,758290020.38,90.00,7456103755.66,48291730692.00,90.00,43182953.50,180.00,5349078821.00,131885043.32,210.00,2138395675.00,77131059981.18,0.10,0.63,0.03,83483213160.51,81124243453.92
4/20/23,0.00,52798.71,28203.91,1489130055.22,1721995.68,2004.80,3452256944.65,481350555.00,7501458431.72,755427475.55,90.00,7456103755.66,48835012662.28,90.00,43917063.71,180.00,5349078821.00,135262399.47,210.00,2138395675.00,77637393839.24,0.10,0.63,0.04,84657659405.80,81576461707.21
4/21/23,0.00,52798.71,27272.10,1439931689.57,1721995.68,1983.06,3414820758.51,481350555.00,7501458431.72,755965717.63,90.00,7456103755.66,48944891440.77,90.00,43873146.64,180.00,5349078821.00,133565983.54,210.00,2138395675.00,77659435975.04,0.10,0.63,0.03,83980667234.34,81432223467.57
4/22/23,0.00,52798.71,27645.80,1459662567.37,1721995.68,1983.06,3414820758.51,481350555.00,7501458431.72,755965717.63,90.00,7456103755.66,48944891440.77,90.00,43873146.64,180.00,5349078821.00,133565983.54,210.00,2138395675.00,77679166852.83,0.10,0.63,0.03,84029742872.17,81482240781.85
4/23/23,0.00,52798.71,27508.33,1452404328.76,1721995.68,1983.06,3414820758.51,481350555.00,7501458431.72,755965717.63,90.00,7456103755.66,48944891440.77,90.00,43873146.64,180.00,5349078821.00,133565983.54,210.00,2138395675.00,77671908614.22,0.10,0.63,0.03,84123246396.47,81601259475.56
4/24/23,0.00,52798.71,27460.55,1449881606.41,1721995.68,1989.14,3425290492.26,481350555.00,7501458431.72,755912800.02,90.00,7456103755.66,49752482149.55,90.00,44355751.25,180.00,5349078821.00,135506029.45,210.00,2138395675.00,78489816067.32,0.10,0.63,0.04,84909473827.19,81498022564.97
4/25/23,0.00,52798.71,27979.60,1477286776.65,1721995.68,1997.39,3439496956.64,481350555.00,7501458431.72,753883174.16,90.00,7456103755.66,49267395448.59,90.00,45642068.04,180.00,5349078821.00,141149855.58,210.00,2138395675.00,78051241518.03,0.10,0.63,0.02,83620712516.53,81561952839.31
4/26/23,0.00,52798.71,28417.50,1500407331.61,1721995.68,1989.04,3425118292.69,481350555.00,7501458431.72,760168675.12,90.00,7456103755.66,48220463295.31,90.00,44866152.88,180.00,5349078821.00,136810673.77,210.00,2138395675.00,77014221659.76,0.10,0.63,0.02,83063567628.35,81650664075.81
4/27/23,0.00,52798.71,29633.43,1564606866.64,1721995.68,1987.78,3422948578.13,481350555.00,7501250057.87,760543058.19,90.00,7455689527.67,47894975168.06,90.00,43654766.76,180.00,5349078821.00,133011897.39,210.00,2138395675.00,76745504971.72,0.10,0.62,0.03,83855039789.74,81618274278.08
4/28/23,0.00,52798.71,29354.75,1549892922.24,1721995.68,1990.00,3426771408.55,481350555.00,7501250057.87,753342616.79,90.00,7455689527.67,49044454572.10,90.00,44244106.11,180.00,5349078821.00,137209531.19,210.00,2138395675.00,77881679793.51,0.10,0.63,0.04,85494963746.82,81714368057.79
4/29/23,0.00,52798.71,29242.06,1543943035.65,1721995.68,1990.00,3426771408.55,481350555.00,7501250057.87,753342616.79,90.00,7455689527.67,49044454572.10,90.00,44244106.11,180.00,5349078821.00,137209531.19,210.00,2138395675.00,77875729906.91,0.10,0.63,0.03,84240845781.15,81713940555.01
4/30/23,0.00,52798.71,29347.96,1549534419.00,1721995.68,1990.00,3426771408.55,481350555.00,7501250057.87,753342616.79,90.00,7455689527.67,49044454572.10,90.00,44244106.11,180.00,5349078821.00,137209531.19,210.00,2138395675.00,77881321290.27,0.10,0.63,0.03,84354086070.06,81811659037.80
5/1/23,0.00,52798.71,27683.13,1461633543.20,1721995.68,1982.56,3413959760.67,481350555.00,7501250057.87,751841581.63,90.00,7455689527.67,49461332435.96,90.00,42938904.98,180.00,5349078821.00,127180657.87,210.00,2138395675.00,78184651520.84,0.10,0.63,0.03,84700662941.03,81834959453.01
5/2/23,0.00,52798.71,28695.82,1515102268.48,1721995.68,2016.68,3472714253.36,481350555.00,7501250057.87,747683897.68,90.00,7455689527.67,47940396463.55,90.00,45300544.75,180.00,5349078821.00,131936154.64,210.00,2138395675.00,76778898219.01,0.10,0.62,0.01,82893615430.16,81873049553.93
5/3/23,0.00,52798.71,28528.95,1506291747.80,1721995.68,2038.97,3511097537.13,481350555.00,7501250057.87,757392573.09,90.00,7455689527.67,47185335219.25,90.00,45209943.66,180.00,5349078821.00,136723238.11,210.00,2138395675.00,76067814895.59,0.10,0.62,0.02,83639608826.05,81882894005.46
5/4/23,0.00,52798.71,28884.06,1525041097.59,1721995.68,2050.28,3530573308.30,481350555.00,7496040856.44,754887497.16,90.00,7445334403.33,47090964548.81,90.00,44735239.25,180.00,5349078821.00,136787042.29,210.00,2138395675.00,75993189044.17,0.10,0.62,0.03,84448283918.14,81989333426.15
5/5/23,0.00,52798.71,29524.75,1558868702.88,1721995.68,2016.79,3472903672.88,481350555.00,7496040856.44,761298379.23,90.00,7445334403.33,47043873584.27,90.00,43124770.64,180.00,5349078821.00,131393073.26,210.00,2138395675.00,75921662493.92,0.11,0.62,0.03,84633783562.93,82166156610.55
5/6/23,0.00,52798.71,28851.54,1523324083.55,1721995.68,2016.79,3472903672.88,481350555.00,7496040856.44,761298379.23,90.00,7445334403.33,47043873584.27,90.00,43124770.64,180.00,5349078821.00,131393073.26,210.00,2138395675.00,75886117874.59,0.11,0.62,0.03,84659171174.76,82151905581.79
5/7/23,0.00,52798.71,28953.02,1528682096.61,1721995.68,2016.79,3472903672.88,481350555.00,7496040856.44,761298379.23,90.00,7445334403.33,47043873584.27,90.00,43124770.64,180.00,5349078821.00,131393073.26,210.00,2138395675.00,75891475887.65,0.11,0.62,0.03,84794968672.36,82239351555.03
5/8/23,0.00,52798.71,27562.71,1455275522.59,1721995.68,2021.16,3480428794.02,481350555.00,7496040856.44,754932021.53,90.00,7445334403.33,47114439394.64,90.00,43426644.03,180.00,5349078821.00,125705943.07,210.00,2138395675.00,75884408630.65,0.11,0.62,0.03,84513519822.57,81979806768.98
5/9/23,0.00,52798.71,27659.74,1460398581.38,1721995.68,2034.56,3503503536.17,481350555.00,7496040856.44,752714408.72,90.00,7445334403.33,47114439394.64,90.00,41472445.05,180.00,5349078821.00,126072585.40,210.00,2138395675.00,75908801262.13,0.11,0.62,0.03,85027917275.21,82444600542.16
5/10/23,0.00,52798.71,27875.64,1471797822.80,1721995.68,2030.09,3495806215.46,481350555.00,7496040856.44,750046036.14,90.00,7445334403.33,47031989125.70,90.00,42529992.40,180.00,5349078821.00,131389696.69,210.00,2138395675.00,75833759199.96,0.11,0.62,0.03,84975228712.54,82501557251.19
5/11/23,0.00,52798.71,27009.45,1426064108.48,1721995.68,2015.05,3469907400.40,481350555.00,7496249079.80,752253046.60,90.00,7445748033.01,47737468962.59,90.00,42487462.41,180.00,5349078821.00,134938313.42,210.00,2138395675.00,76473941457.71,0.10,0.62,0.04,85843812889.88,82565452645.60
5/12/23,0.00,52798.71,26447.70,1396404433.33,1721995.68,2010.77,3462537258.87,481350555.00,7496249079.80,755927802.73,90.00,7445748033.01,47606190922.94,90.00,42168806.44,180.00,5349078821.00,129491303.50,210.00,2138395675.00,76303542691.64,0.10,0.62,0.03,85040020785.21,82667039654.90
5/13/23,0.00,52798.71,26918.96,1421286353.25,1721995.68,2010.77,3462537258.87,481350555.00,7496249079.80,755927802.73,90.00,7445748033.01,47606190922.94,90.00,42168806.44,180.00,5349078821.00,129491303.50,210.00,2138395675.00,76328424611.55,0.10,0.62,0.03,85394584576.80,82799743141.69
5/14/23,0.00,52798.71,26952.65,1423065141.78,1721995.68,2010.77,3462537258.87,481350555.00,7496249079.80,755927802.73,90.00,7445748033.01,47606190922.94,90.00,42168806.44,180.00,5349078821.00,129491303.50,210.00,2138395675.00,76330203400.08,0.10,0.62,0.03,85666828820.01,83088864855.28
5/15/23,0.00,52798.71,27354.85,1444300782.80,1721995.68,2016.49,3472387074.18,481350555.00,7496040850.66,751605785.52,90.00,7445334380.35,48070351284.44,90.00,41304345.91,180.00,5349078821.00,129680144.98,210.00,2138395675.00,76819829699.83,0.10,0.63,0.04,85909922599.61,82795486682.10
5/16/23,0.00,52798.71,26956.57,1423272112.72,1721995.68,1989.17,3425342152.13,481350555.00,7496249074.01,750055598.59,90.00,7445748010.03,47685788474.16,90.00,39879345.98,180.00,5349078821.00,123560322.81,210.00,2138395675.00,76358720141.43,0.10,0.62,0.02,84858463926.63,82803772135.37
5/17/23,0.00,52798.71,27337.78,1443399508.82,1721995.68,1981.84,3412719923.77,481350555.00,7496249074.01,747353523.29,90.00,7445748010.03,46934737305.70,90.00,39161517.75,180.00,5349078821.00,122565662.21,210.00,2138395675.00,75610759576.59,0.11,0.62,0.02,84579224171.68,82847420820.40
5/18/23,0.00,52798.71,26726.05,1411100954.17,1721995.68,1957.55,3370892648.64,481350555.00,7496249074.01,744171665.67,90.00,7445748010.03,46852601515.41,90.00,37732122.35,180.00,5349078821.00,119419810.21,210.00,2138395675.00,75446740851.50,0.11,0.62,0.03,85237687686.20,82854296237.72
5/19/23,0.00,52798.71,26839.54,1417093079.73,1721995.68,1977.81,3405780281.17,481350555.00,7496249074.01,737825741.79,90.00,7445748010.03,46770609462.76,90.00,37883050.84,180.00,5349078821.00,115699883.13,210.00,2138395675.00,75395713634.46,0.11,0.62,0.03,85389538574.96,82877902315.16
5/20/23,0.00,52798.71,27024.24,1426845001.40,1721995.68,1977.81,3405780281.17,481350555.00,7496249074.01,737825741.79,90.00,7445748010.03,46770609462.76,90.00,37883050.84,180.00,5349078821.00,115699883.13,210.00,2138395675.00,75405465556.13,0.11,0.62,0.03,85494287642.99,82912724184.80
5/21/23,0.00,52798.71,26851.07,1417701848.85,1721995.68,1977.81,3405780281.17,481350555.00,7496249074.01,737825741.79,90.00,7445748010.03,46770609462.76,90.00,37883050.84,180.00,5349078821.00,115699883.13,210.00,2138395675.00,75396322403.58,0.11,0.62,0.03,85496779730.49,82935921774.55
5/22/23,0.00,52798.71,26899.28,1420247274.64,1721995.68,1971.86,3395534406.86,481350555.00,7496249074.01,740153582.00,90.00,7445748010.03,46735531505.66,90.00,38072466.09,180.00,5349078821.00,111562648.14,210.00,2138395675.00,75351924018.45,0.11,0.62,0.03,85472487019.17,82951150480.10
5/23/23,0.00,52798.71,27223.30,1437355112.54,1721995.68,1975.23,3401337532.31,481350555.00,7496249074.01,737318793.78,90.00,7445748010.03,46501853848.13,90.00,37330053.00,180.00,5349078821.00,114191807.88,210.00,2138395675.00,75140209282.70,0.11,0.62,0.03,85319281758.83,82986871465.61
5/24/23,0.00,52798.71,26401.81,1393981500.55,1721995.68,1957.16,3370221070.33,481350555.00,7496249074.01,732640506.04,90.00,7445748010.03,45629944088.48,90.00,36490126.81,180.00,5349078821.00,111227578.87,210.00,2138395675.00,74185327006.12,0.11,0.62,0.02,84496276833.79,83010344061.69
5/25/23,0.00,52798.71,26490.20,1398648378.50,1721995.68,1941.41,3343099638.32,481350555.00,7496040844.87,726462514.97,90.00,7445334357.37,46040613585.28,90.00,36015755.16,180.00,5349078821.00,106672809.51,210.00,2138395675.00,74561712934.98,0.11,0.62,0.03,86097989487.38,83087445100.97
5/26/23,0.00,52798.71,26759.28,1412855455.29,1721995.68,1946.46,3351795716.52,481350555.00,7496040844.87,719477577.89,90.00,7445334357.37,46512529874.53,90.00,36555991.49,180.00,5349078821.00,107494190.15,210.00,2138395675.00,75050909059.10,0.11,0.62,0.04,86186988005.48,83050428815.99
5/27/23,0.00,52798.71,26760.83,1412937293.29,1721995.68,1946.46,3351795716.52,481350555.00,7496040844.87,719477577.89,90.00,7445334357.37,46512529874.53,90.00,36555991.49,180.00,5349078821.00,107494190.15,210.00,2138395675.00,75050990897.10,0.11,0.62,0.03,85702274519.31,83125090385.81
5/28/23,0.00,52798.71,27564.04,1455345744.87,1721995.68,1946.46,3351795716.52,481350555.00,7496040844.87,719477577.89,90.00,7445334357.37,46512529874.53,90.00,36555991.49,180.00,5349078821.00,107494190.15,210.00,2138395675.00,75093399348.68,0.11,0.62,0.03,85740467200.85,83115259981.78
5/29/23,0.00,52798.71,27693.13,1462161530.30,1721995.68,1943.19,3346164790.64,481350555.00,7496040844.87,719477577.89,90.00,7445334357.37,46512529874.53,90.00,36555991.49,180.00,5349078821.00,107494190.15,210.00,2138395675.00,75094584208.23,0.11,0.62,0.03,85820936072.53,83238961008.24
5/30/23,0.00,52798.71,27772.51,1466352691.87,1721995.68,1959.33,3373957800.96,481350555.00,7496040844.87,717155464.01,90.00,7445334357.37,46489273609.59,90.00,36007651.62,180.00,5349078821.00,111350544.22,210.00,2138395675.00,75104298015.50,0.11,0.62,0.03,85769429591.83,83179557093.94
5/31/23,0.00,52798.71,27117.10,1431747889.58,1721995.68,1962.73,3379812586.28,481350555.00,7495624398.16,714256363.04,90.00,7444507097.99,44885393670.06,90.00,35629571.28,180.00,5349078821.00,113805823.72,210.00,2138395675.00,73469602451.10,0.11,0.61,0.01,83890816156.07,83178632658.52
6/1/23,0.00,52798.71,26868.32,1418612626.59,1721995.68,1977.61,3405435882.04,481350555.00,7495624398.16,717191956.70,90.00,7444507097.99,45311804909.92,90.00,36146200.06,180.00,5349078821.00,115737677.57,210.00,2138395675.00,73913885800.03,0.11,0.61,0.04,86359773789.89,83259425002.25
6/2/23,0.00,52798.71,27183.62,1435260059.74,1721995.68,1947.97,3354395930.00,481350555.00,7495832609.95,725446836.12,90.00,7444920681.72,45243837202.56,90.00,35224471.96,180.00,5349078821.00,111167003.79,210.00,2138395675.00,73814909846.84,0.11,0.61,0.03,85711216834.22,83245325860.46
6/3/23,0.00,52798.71,27071.27,1429328124.71,1721995.68,1947.97,3354395930.00,481350555.00,7495832609.95,725446836.12,90.00,7444920681.72,45243837202.56,90.00,35224471.96,180.00,5349078821.00,111167003.79,210.00,2138395675.00,73808977911.81,0.11,0.61,0.03,85757460878.19,83185392884.92
6/4/23,0.00,52798.71,27249.75,1438751638.41,1721995.68,1947.97,3354395930.00,481350555.00,7495832609.95,725446836.12,90.00,7444920681.72,45243837202.56,90.00,35224471.96,180.00,5349078821.00,111167003.79,210.00,2138395675.00,73818401425.51,0.11,0.61,0.03,85770964777.35,83181185644.96
6/5/23,0.00,52798.71,25641.70,1353848673.35,1721995.68,1961.86,3378314450.03,481350555.00,7496040827.52,721295466.60,90.00,7445334288.43,46103470109.41,90.00,35964185.87,180.00,5349078821.00,111997050.75,210.00,2138395675.00,74615090102.96,0.11,0.62,0.04,86708186278.70,83202873665.42
6/6/23,0.00,52798.71,26945.16,1422669679.44,1721995.68,1963.52,3381172962.87,481350555.00,7496249050.88,723890327.04,90.00,7445747918.11,46414668532.65,90.00,35892257.50,180.00,5349078821.00,113819802.75,210.00,2138395675.00,75002935582.23,0.11,0.62,0.04,86240501097.47,83214677269.12
6/7/23,0.00,52798.71,26363.47,1391957198.02,1721995.68,1940.02,3340706064.32,481350555.00,7496249050.88,724027866.20,90.00,7445747918.11,46182595189.98,90.00,36107611.04,180.00,5349078821.00,107890739.53,210.00,2138395675.00,74694106689.09,0.11,0.62,0.03,85441843022.75,83215224249.21
6/8/23,0.00,52798.71,26645.50,1406848018.10,1721995.68,1965.46,3384513634.49,481350555.00,7496249050.88,721763469.05,90.00,7445747918.11,46759877629.86,90.00,36829763.26,180.00,5349078821.00,111427757.61,210.00,2138395675.00,75332082292.36,0.11,0.62,0.04,86610534261.03,83294694375.90
6/9/23,0.00,52798.71,26444.43,1396231781.55,1721995.68,1961.19,3377160712.93,481350555.00,7496249050.88,723396458.90,90.00,7445747918.11,46654667905.19,90.00,36811348.38,180.00,5349078821.00,108879776.22,210.00,2138395675.00,75207970003.15,0.11,0.62,0.03,85755780545.33,83314341457.23
6/10/23,0.00,52798.71,25767.85,1360509230.58,1721995.68,1961.19,3377160712.93,481350555.00,7496249050.88,723396458.90,90.00,7445747918.11,46654667905.19,90.00,36811348.38,180.00,5349078821.00,108879776.22,210.00,2138395675.00,75172247452.17,0.11,0.62,0.03,85883047840.57,83340103621.55
6/11/23,0.00,52798.71,26135.88,1379940739.69,1721995.68,1961.19,3377160712.93,481350555.00,7496249050.88,723396458.90,90.00,7445747918.11,46654667905.19,90.00,36811348.38,180.00,5349078821.00,108879776.22,210.00,2138395675.00,75191678961.29,0.11,0.62,0.03,85999774191.73,83392178490.08
6/12/23,0.00,52798.71,25895.00,1367222586.51,1721995.68,1957.84,3371392027.39,481350555.00,7496249050.88,721978601.84,90.00,7445747918.11,46899604911.69,90.00,37050622.15,180.00,5349078821.00,110931252.67,210.00,2138395675.00,75419002022.23,0.11,0.62,0.03,86268319682.23,83421999682.60
6/13/23,0.00,52798.71,25849.13,1364800709.70,1721995.68,1943.74,3347111888.26,481350555.00,7496249050.88,721086958.26,90.00,7445747918.11,47005129022.74,90.00,37384077.75,180.00,5349078821.00,109688822.64,210.00,2138395675.00,75496023499.34,0.11,0.62,0.03,86086715159.59,83412876219.15
6/14/23,0.00,52798.71,24928.57,1316196329.54,1721995.68,1942.52,3345011053.53,481350555.00,7496249050.88,727614597.95,90.00,7445747918.11,46734849530.86,90.00,37253233.47,180.00,5349078821.00,113438352.22,210.00,2138395675.00,75185185117.57,0.11,0.62,0.03,85711111928.56,83477452867.17
6/15/23,0.00,52798.71,25547.99,1348900906.27,1721995.68,1958.01,3371684766.66,481350555.00,7496040821.74,727967491.03,90.00,7445334265.45,47026942340.43,90.00,37942418.29,180.00,5349078821.00,115595571.55,210.00,2138395675.00,75539233632.42,0.11,0.62,0.03,86515130649.83,83520295613.28
6/16/23,0.00,52798.71,26394.71,1393606629.71,1721995.68,1957.98,3371633106.79,481350555.00,7496249045.09,729665475.21,90.00,7445747895.13,46921131720.16,90.00,37695792.57,180.00,5349078821.00,118825504.48,210.00,2138395675.00,75483380220.15,0.11,0.62,0.03,86057790581.94,83531769676.53
6/17/23,0.00,52798.71,26534.66,1400995809.13,1721995.68,1957.98,3371633106.79,481350555.00,7496249045.09,729665475.21,90.00,7445747895.13,46921131720.16,90.00,37695792.57,180.00,5349078821.00,118825504.48,210.00,2138395675.00,75490769399.56,0.11,0.62,0.03,86109632867.09,83512114862.30
6/18/23,0.00,52798.71,26472.00,1397687441.98,1721995.68,1957.98,3371633106.79,481350555.00,7496249045.09,729665475.21,90.00,7445747895.13,46921131720.16,90.00,37695792.57,180.00,5349078821.00,118825504.48,210.00,2138395675.00,75487461032.41,0.11,0.62,0.03,86095900880.70,83510630760.91
6/19/23,0.00,52798.71,26718.39,1410696516.05,1721995.68,1950.48,3358718139.17,481350555.00,7496249045.09,729665475.21,90.00,7445747895.13,46921131720.16,90.00,37695792.57,180.00,5349078821.00,118825504.48,210.00,2138395675.00,75487555138.87,0.11,0.62,0.03,85707984544.96,83130615716.82
6/20/23,0.00,52798.71,28169.64,1487320643.44,1721995.68,1936.42,3334506879.87,481350555.00,7496249045.09,727219271.70,90.00,7445747895.13,46897671154.30,90.00,37450769.92,180.00,5349078821.00,90316295.32,210.00,2138395675.00,75485307005.77,0.11,0.62,0.03,85752392938.94,83176269486.24
6/21/23,0.00,52798.71,29985.40,1583190428.48,1721995.68,1932.55,3327842756.57,481350555.00,7496249045.09,725604844.92,90.00,7445747895.13,46112135162.47,90.00,36233619.90,180.00,5349078821.00,90390053.63,210.00,2138395675.00,74786218857.19,0.11,0.62,0.02,84918718729.92,83135121982.20
6/22/23,0.00,52798.71,30157.31,1592267054.66,1721995.68,1914.01,3295916956.62,481350555.00,7496249045.09,722497442.17,90.00,7445747895.13,46089079094.89,90.00,36287970.33,180.00,5349078821.00,89029683.32,210.00,2138395675.00,74735900193.21,0.11,0.62,0.03,85690877854.24,83170086674.35
6/23/23,0.00,52798.71,30928.74,1632997563.25,1721995.68,1921.20,3308298105.58,481350555.00,7496249045.09,723862962.34,90.00,7445747895.13,46089079094.89,90.00,36251682.36,180.00,5349078821.00,89045263.52,210.00,2138395675.00,74790356663.14,0.11,0.62,0.03,85813771248.08,83172721039.27
6/24/23,0.00,52798.71,30523.34,1611592966.35,1721995.68,1921.20,3308298105.58,481350555.00,7496249045.09,723862962.34,90.00,7445747895.13,46089079094.89,90.00,36251682.36,180.00,5349078821.00,89045263.52,210.00,2138395675.00,74768952066.25,0.11,0.62,0.03,85908675972.28,83349230026.91
6/25/23,0.00,52798.71,30383.36,1604202202.97,1721995.68,1921.20,3308298105.58,481350555.00,7496249045.09,723862962.34,90.00,7445747895.13,46089079094.89,90.00,36251682.36,180.00,5349078821.00,89045263.52,210.00,2138395675.00,74761561302.87,0.11,0.62,0.03,85884790678.87,83310443944.23
6/26/23,0.00,52798.71,30163.13,1592574343.15,1721995.68,1923.26,3311845416.68,481350555.00,7496249045.09,724585015.64,90.00,7445747895.13,45858633699.41,90.00,35925417.22,180.00,5349078821.00,89315367.48,210.00,2138395675.00,74523701250.81,0.11,0.62,0.03,85549412774.76,83241756372.51
6/27/23,0.00,52798.71,30655.23,1618556588.17,1721995.68,1913.69,3295365918.00,481350555.00,7496249045.09,723749931.41,90.00,7445747895.13,46064997551.06,90.00,36033193.47,180.00,5349078821.00,87413694.45,210.00,2138395675.00,74736938867.78,0.11,0.62,0.03,85952275451.98,83129801763.56
6/28/23,0.00,52798.71,30104.08,1589456579.34,1721995.68,1907.32,3284396805.50,481350555.00,7496040815.95,723288540.83,90.00,7445334242.47,45569798827.39,90.00,35402612.58,180.00,5349078821.00,89427851.66,210.00,2138395675.00,74201971326.72,0.11,0.61,0.02,85251266668.07,83283881739.40
6/29/23,0.00,52798.71,30400.46,1605105060.91,1721995.68,1908.20,3285912161.70,481350555.00,7496040815.95,722424211.02,90.00,7445334242.47,45581191277.09,90.00,35225599.52,180.00,5349078821.00,83986912.12,210.00,2138395675.00,74224045331.79,0.11,0.61,0.03,85926345595.87,83317728409.28
6/30/23,0.00,77327.18,30390.91,2350043235.60,1703814.74,1919.35,3270216824.00,90811797.00,8893000000.00,577232281.00,90.00,8133865426.00,55809730658.00,90.00,62937172.00,450.00,5504292639.00,115496758.00,180.00,1676229360.00,86483856150.60,0.10,0.65,0.04,86725889112.01,83395956301.87
7/1/23,0.00,77327.18,30592.81,2365655592.36,1703814.74,1919.35,3270216824.00,90811797.00,8893000000.00,577232281.00,90.00,8133865426.00,55809730658.00,90.00,62937172.00,450.00,5504292639.00,115496758.00,180.00,1676229360.00,86499468507.36,0.10,0.65,0.04,86625744004.64,83284621552.31
7/2/23,0.00,77327.18,30592.26,2365613062.42,1703814.74,1919.35,3270216824.00,90811797.00,8893000000.00,577232281.00,90.00,8133865426.00,55809730658.00,90.00,62937172.00,450.00,5504292639.00,115496758.00,180.00,1676229360.00,86499425977.42,0.10,0.65,0.04,86663094054.35,83335613301.62
7/3/23,0.00,77327.18,31128.76,2407099092.15,1703814.74,1921.64,3274118559.76,90811797.00,8893741083.33,577177443.93,90.00,8135221070.24,55753920927.34,90.00,62622486.14,450.00,5504292639.00,116472705.61,180.00,1676229360.00,86491707164.50,0.10,0.64,0.04,86592804947.91,83275413162.65
7/4/23,0.00,77327.18,30807.48,2382255417.16,1703814.74,1925.48,3280661208.37,90811797.00,8893741083.33,577177443.93,90.00,8135221070.24,55182443237.84,90.00,62622486.14,450.00,5504292639.00,116472705.61,180.00,1676229360.00,85901928448.61,0.10,0.64,0.03,86077297825.13,83340559709.14
7/5/23,0.00,77327.18,30470.54,2356200798.60,1703814.74,1915.30,3263316374.30,90811797.00,8893741083.33,576020203.16,90.00,8135221070.24,55113465183.79,90.00,64109770.19,450.00,5504292639.00,114550905.96,180.00,1676229360.00,85787959185.56,0.10,0.64,0.04,86594236932.99,83379982352.34
7/6/23,0.00,77327.18,30315.91,2344243697.43,1703814.74,1910.90,3255819589.43,90811797.00,8893741083.33,575424022.25,90.00,8135221070.24,54948124788.24,90.00,62026202.65,450.00,5504292639.00,111635585.41,180.00,1676229360.00,85597569834.98,0.10,0.64,0.04,86452859525.85,83318318450.32
7/7/23,0.00,77327.18,30272.41,2340879965.29,1703814.74,1925.05,3279928568.03,90811797.00,8893741083.33,572896472.23,90.00,8135221070.24,54893176663.45,90.00,63421792.21,450.00,5504292639.00,111149970.61,180.00,1676229360.00,85561749381.39,0.11,0.64,0.04,86782490720.61,83485321161.54
7/8/23,0.00,77327.18,30163.19,2332434291.16,1703814.74,1925.05,3279928568.03,90811797.00,8893741083.33,572896472.23,90.00,8135221070.24,54893176663.45,90.00,63421792.21,450.00,5504292639.00,111149970.61,180.00,1676229360.00,85553303707.26,0.11,0.64,0.04,86681583698.04,83361580540.12
7/9/23,0.00,77327.18,30201.16,2335370404.02,1703814.74,1925.05,3279928568.03,90811797.00,8893741083.33,572896472.23,90.00,8135221070.24,54893176663.45,90.00,63421792.21,450.00,5504292639.00,111149970.61,180.00,1676229360.00,85556239820.12,0.11,0.64,0.04,86733169536.84,83400094970.38
7/10/23,0.00,77327.18,30785.96,2380591336.34,1703814.74,1925.35,3280439712.45,90811797.00,8893741083.33,572748951.39,90.00,8135221070.24,54879453369.28,90.00,65086614.26,450.00,5504292639.00,112372620.29,180.00,1676229360.00,85590988553.58,0.10,0.64,0.04,86767340037.93,83401941911.69
7/11/23,0.00,77327.18,30578.75,2364568372.27,1703814.74,1932.23,3292161957.87,90811797.00,8893741083.33,572521283.68,90.00,8135221070.24,54385538288.96,90.00,64273031.58,450.00,5504292639.00,112496230.17,180.00,1676229360.00,85091855114.11,0.11,0.64,0.03,86179939520.68,83357075149.29
7/12/23,0.00,77327.18,30351.84,2347022062.85,1703814.74,1957.35,3334961784.18,90811797.00,8893988131.70,571095705.68,90.00,8135673026.96,54589484057.54,90.00,69173850.24,450.00,5504292639.00,117592309.39,180.00,1676229360.00,85330324724.55,0.11,0.64,0.04,86974490409.25,83401280506.40
7/13/23,0.00,77327.18,31386.00,2426990734.81,1703814.74,1960.51,3340345838.76,90811797.00,8893741076.47,571536877.12,90.00,8135221045.13,54534894573.49,90.00,74794225.57,450.00,5504292639.00,121608086.76,180.00,1676229360.00,85370466254.11,0.11,0.64,0.04,86774304688.55,83403277912.52
7/14/23,0.00,77327.18,30206.00,2335744667.55,1703814.74,1955.21,3331315620.63,90811797.00,8893988124.83,571261110.57,90.00,8135673001.85,54603063191.70,90.00,70587050.38,450.00,5504292639.00,111769992.54,180.00,1676229360.00,85324736556.07,0.11,0.64,0.04,86606079599.79,83325381227.48
7/15/23,0.00,77327.18,30314.36,2344123840.31,1703814.74,1955.21,3331315620.63,90811797.00,8893988124.83,571261110.57,90.00,8135673001.85,54603063191.70,90.00,70587050.38,450.00,5504292639.00,111769992.54,180.00,1676229360.00,85333115728.82,0.11,0.64,0.04,86990319175.92,83642019367.73
7/16/23,0.00,77327.18,30287.41,2342039872.92,1703814.74,1955.21,3331315620.63,90811797.00,8893988124.83,571261110.57,90.00,8135673001.85,54603063191.70,90.00,70587050.38,450.00,5504292639.00,111769992.54,180.00,1676229360.00,85331031761.44,0.11,0.64,0.04,87002442841.91,83663934660.37
7/17/23,0.00,77327.18,29931.93,2314551608.52,1703814.74,1955.04,3331025972.12,90811797.00,8893741069.61,569800110.28,90.00,8135221020.02,54439254002.13,90.00,69792946.07,450.00,5504292639.00,114927494.83,180.00,1676229360.00,85139648019.58,0.11,0.64,0.04,86649500502.53,83509799726.49
7/18/23,0.00,77327.18,29784.08,2303118785.60,1703814.74,1978.72,3371372305.20,90811797.00,8893741069.61,568942561.12,90.00,8135221020.02,54398424561.63,90.00,69618463.70,450.00,5504292639.00,114640176.09,180.00,1676229360.00,85126412738.97,0.11,0.64,0.04,87073751755.75,83743480630.29
7/19/23,0.00,77327.18,29966.89,2317254966.58,1703814.74,1976.64,3367828370.54,90811797.00,8893988117.97,567892862.09,90.00,8135672976.74,54276028106.36,90.00,71097856.06,450.00,5504292639.00,115442657.33,180.00,1676229360.00,85016539709.67,0.11,0.64,0.04,87023961406.50,83790732854.89
7/20/23,0.00,77327.18,29737.02,2299479768.72,1703814.74,1969.53,3355714247.73,90811797.00,8893741062.75,566182084.84,90.00,8135220994.91,54289597113.39,90.00,69053792.69,450.00,5504292639.00,114299775.02,180.00,1676229360.00,84994622636.05,0.11,0.64,0.04,87055070775.84,83734085145.09
7/21/23,0.00,77327.18,29883.66,2310819025.75,1703814.74,1961.94,3342782293.84,90811797.00,8893988111.11,565383768.11,90.00,8135672951.63,54208162717.72,90.00,69571696.14,450.00,5504292639.00,112773873.02,180.00,1676229360.00,84910488233.32,0.11,0.64,0.04,87100674910.57,83839342615.98
7/22/23,0.00,77327.18,29833.35,2306928695.55,1703814.74,1961.94,3342782293.84,90811797.00,8893988111.11,565383768.11,90.00,8135672951.63,54208162717.72,90.00,69571696.14,450.00,5504292639.00,112773873.02,180.00,1676229360.00,84906597903.11,0.11,0.64,0.04,87125780654.13,83784332315.95
7/23/23,0.00,77327.18,30144.88,2331018430.58,1703814.74,1961.94,3342782293.84,90811797.00,8893988111.11,565383768.11,90.00,8135672951.63,54208162717.72,90.00,69571696.14,450.00,5504292639.00,112773873.02,180.00,1676229360.00,84930687638.14,0.11,0.64,0.04,87175653598.83,83804674505.69
7/24/23,0.00,77327.18,29145.13,2253710586.72,1703814.74,1954.73,3330497789.55,90811797.00,8893988111.11,565464335.29,90.00,8135672951.63,54167506595.68,90.00,65136500.51,450.00,5504292639.00,111629218.21,180.00,1676229360.00,84794939884.71,0.11,0.64,0.04,86960769398.99,83755687819.48
7/25/23,0.00,77327.18,29229.74,2260253239.06,1703814.74,1964.96,3347927814.36,90811797.00,8893741055.88,564514355.21,90.00,8135220969.80,54099797212.44,90.00,64729397.38,450.00,5504292639.00,110747347.39,180.00,1676229360.00,84748265187.52,0.11,0.64,0.04,87090609099.33,83792795551.99
7/26/23,0.00,77327.18,29589.43,2288067050.86,1703814.74,1972.07,3360041937.17,90811797.00,8893741055.88,563352866.92,90.00,8135220969.80,54045697415.22,90.00,65538514.85,450.00,5504292639.00,111915731.90,180.00,1676229360.00,84734909338.62,0.11,0.64,0.04,87122266017.54,83790318776.21
7/27/23,0.00,77327.18,29143.93,2253617794.11,1703814.74,1946.00,3315623486.86,90811797.00,8887564846.82,562855708.02,90.00,8123922051.79,54005163142.16,90.00,63900051.98,450.00,5504292639.00,108748516.69,180.00,1676229360.00,84592729394.43,0.11,0.64,0.04,87098542392.46,83895071911.89
7/28/23,0.00,77327.18,29342.44,2268968011.75,1703814.74,1959.49,3338607947.72,90811797.00,8887811723.62,562463116.16,90.00,8124373380.79,54072669596.09,90.00,65577428.34,450.00,5504292639.00,112549277.35,180.00,1676229360.00,84704354277.83,0.11,0.64,0.04,87242058750.13,83781752304.07
7/29/23,0.00,77327.18,29356.50,2270055231.84,1703814.74,1959.49,3338607947.72,90811797.00,8887811723.62,562463116.16,90.00,8124373380.79,54072669596.09,90.00,65577428.34,450.00,5504292639.00,112549277.35,180.00,1676229360.00,84705441497.92,0.11,0.64,0.04,87176164555.24,83827866970.29
7/30/23,0.00,77327.18,29271.19,2263458450.49,1703814.74,1959.49,3338607947.72,90811797.00,8887811723.62,562463116.16,90.00,8124373380.79,54072669596.09,90.00,65577428.34,450.00,5504292639.00,112549277.35,180.00,1676229360.00,84698844716.56,0.11,0.64,0.04,87162639465.64,83822465176.84
7/31/23,0.00,77327.18,29206.80,2258479353.65,1703814.74,1965.09,3348149310.27,90811797.00,8887564839.96,563389774.15,90.00,8123922026.72,54180814935.28,90.00,64347851.56,450.00,5504292639.00,112780003.37,180.00,1676229360.00,84810781890.95,0.11,0.64,0.04,87285962442.64,83823744370.68
8/1/23,0.00,77327.18,29212.88,2258949502.87,1703814.74,1944.29,3312709963.65,90811797.00,8887564839.96,563244701.28,90.00,8123922026.72,54289176565.15,90.00,64669590.82,450.00,5504292639.00,111167249.32,180.00,1676229360.00,84882738235.77,0.11,0.64,0.04,87211041031.09,83791388839.53
8/2/23,0.00,77327.18,29119.79,2251751116.09,1703814.74,1934.45,3295944426.60,90811797.00,8887811716.76,562813819.08,90.00,8124373355.72,54262031976.87,90.00,66043819.62,450.00,5504292639.00,111011615.17,180.00,1676229360.00,84833115641.91,0.11,0.64,0.04,87112075147.46,83816313473.61
8/3/23,0.00,77327.18,29284.99,2264525565.51,1703814.74,1934.06,3295279938.85,90811797.00,8887811716.76,562751909.56,90.00,8124373355.72,54329859516.84,90.00,65053162.33,450.00,5504292639.00,110972761.10,180.00,1676229360.00,84911961722.67,0.11,0.64,0.04,87319210062.12,83888527906.06
8/4/23,0.00,77327.18,28937.67,2237668290.87,1703814.74,1942.91,3310358699.31,90811797.00,8887811716.76,562649207.34,90.00,8124373355.72,54343441981.72,90.00,69769516.60,450.00,5504292639.00,113647204.65,180.00,1676229360.00,84921053768.96,0.11,0.64,0.04,87198102253.53,83841060938.92
8/5/23,0.00,77327.18,29032.77,2245022105.27,1703814.74,1942.91,3310358699.31,90811797.00,8887811716.76,562649207.34,90.00,8124373355.72,54343441981.72,90.00,69769516.60,450.00,5504292639.00,113647204.65,180.00,1676229360.00,84928407583.36,0.11,0.64,0.04,87070091961.10,83719693334.73
8/6/23,0.00,77327.18,29095.63,2249882891.53,1703814.74,1942.91,3310358699.31,90811797.00,8887811716.76,562649207.34,90.00,8124373355.72,54343441981.72,90.00,69769516.60,450.00,5504292639.00,113647204.65,180.00,1676229360.00,84933268369.62,0.11,0.64,0.04,87168711877.54,83816979241.19
8/7/23,0.00,77327.18,29159.17,2254796260.27,1703814.74,1936.56,3299539475.70,90811797.00,8887811716.76,563092293.59,90.00,8124373355.72,54248340958.25,90.00,68810185.74,450.00,5504292639.00,111942496.58,180.00,1676229360.00,84830040538.61,0.11,0.64,0.04,86989973042.54,83751692193.04
8/8/23,0.00,77327.18,29984.24,2318596593.08,1703814.74,1925.24,3280252292.83,90811797.00,8887811716.76,563394955.70,90.00,8124373355.72,53841478401.07,90.00,69928351.26,450.00,5504292639.00,112535791.81,180.00,1676229360.00,84469705254.22,0.11,0.64,0.03,86428545590.31,83464564710.05
8/9/23,0.00,77327.18,29483.38,2279866503.89,1703814.74,1914.46,3261885169.91,90811797.00,8887811716.76,563183682.59,90.00,8124373355.72,53814557661.87,90.00,67393448.53,450.00,5504292639.00,111286644.52,180.00,1676229360.00,84381691979.78,0.11,0.64,0.04,86779627954.01,83534670798.41
8/10/23,0.00,77327.18,29421.05,2275046701.03,1703814.74,1912.48,3258511616.73,90811797.00,8887811716.76,562849996.26,90.00,8124373355.72,53908733137.77,90.00,69162526.55,450.00,5504292639.00,109606216.19,180.00,1676229360.00,84467429063.00,0.11,0.64,0.04,86919135311.00,83496944483.02
8/11/23,0.00,77327.18,29387.01,2272414483.97,1703814.74,1913.76,3260692499.60,90811797.00,8887811716.76,563494459.50,90.00,8124373355.72,54043504970.62,90.00,67692822.86,450.00,5504292639.00,109326720.34,180.00,1676229360.00,84600644825.36,0.11,0.64,0.04,86914407791.38,83445632345.53
8/12/23,0.00,77327.18,29410.47,2274228579.51,1703814.74,1913.76,3260692499.60,90811797.00,8887811716.76,563494459.50,90.00,8124373355.72,54043504970.62,90.00,67692822.86,450.00,5504292639.00,109326720.34,180.00,1676229360.00,84602458920.90,0.11,0.64,0.04,86642320207.90,83313809612.90
8/13/23,0.00,77327.18,29403.99,2273727499.41,1703814.74,1913.76,3260692499.60,90811797.00,8887811716.76,563494459.50,90.00,8124373355.72,54043504970.62,90.00,67692822.86,450.00,5504292639.00,109326720.34,180.00,1676229360.00,84601957840.81,0.11,0.64,0.04,86683221413.99,83355420569.71
8/14/23,0.00,77327.18,29366.80,2270851701.75,1703814.74,1907.10,3249345093.42,90811797.00,8887811716.76,562471717.06,90.00,8124373355.72,53881374455.71,90.00,65746654.21,450.00,5504292639.00,107550161.13,180.00,1676229360.00,84420858651.75,0.11,0.64,0.04,86444080753.38,83303287526.81
8/15/23,0.00,77327.18,29171.58,2255755890.52,1703814.74,1902.00,3240655638.24,90811797.00,8887811716.76,561817843.69,90.00,8124373355.72,53935255830.16,90.00,66568487.38,450.00,5504292639.00,107399590.91,180.00,1676229360.00,84450972149.37,0.11,0.64,0.04,86681430496.21,83323482665.83
8/16/23,0.00,77327.18,28940.39,2237878620.78,1703814.74,1891.81,3223293766.02,90811797.00,8887811716.76,561431593.92,90.00,8124373355.72,53719514806.84,90.00,65986013.12,450.00,5504292639.00,107641239.98,180.00,1676229360.00,84199264909.15,0.11,0.64,0.04,86149287096.50,83089141821.30
8/17/23,0.00,77327.18,27642.00,2137477789.20,1703814.74,1889.43,3219238686.94,90811797.00,8887811716.76,561357204.23,90.00,8124373355.72,53826953836.46,90.00,66893320.80,450.00,5504292639.00,107964163.70,180.00,1676229360.00,84203403869.80,0.11,0.64,0.04,86381965113.02,83061154615.96
8/18/23,0.00,77327.18,26071.78,2016057111.45,1703814.74,1889.31,3219034229.17,90811797.00,8887811716.76,560878647.22,90.00,8124373355.72,53894237528.75,90.00,67645870.66,450.00,5504292639.00,110166632.64,180.00,1676229360.00,84151538888.37,0.11,0.64,0.04,85642355543.80,82404783281.48
8/19/23,0.00,77327.18,26059.87,2015136144.79,1703814.74,1889.31,3219034229.17,90811797.00,8887811716.76,560878647.22,90.00,8124373355.72,53894237528.75,90.00,67645870.66,450.00,5504292639.00,110166632.64,180.00,1676229360.00,84150617921.71,0.11,0.64,0.04,86153393034.82,82846348503.31
8/20/23,0.00,77327.18,26233.05,2028527665.07,1703814.74,1889.31,3219034229.17,90811797.00,8887811716.76,560878647.22,90.00,8124373355.72,53894237528.75,90.00,67645870.66,450.00,5504292639.00,110166632.64,180.00,1676229360.00,84164009441.99,0.11,0.64,0.04,86148324086.62,82827386555.77
8/21/23,0.00,77327.18,26109.71,2018990131.23,1703814.74,1894.93,3228609668.01,90811797.00,8887811716.76,561696127.85,90.00,8124373355.72,53867290409.99,90.00,64686363.82,450.00,5504292639.00,107632800.09,180.00,1676229360.00,84132424369.46,0.11,0.64,0.04,86036759671.10,82764346526.23
8/22/23,0.00,77327.18,25856.99,1999448007.40,1703814.74,1897.48,3232954395.60,90811797.00,8887811716.76,560891498.14,90.00,8124373355.72,53934624523.00,90.00,63150062.68,450.00,5504292639.00,106583380.29,180.00,1676229360.00,84181170735.59,0.11,0.64,0.04,86166273409.94,82809847575.74
8/23/23,0.00,77327.18,26591.76,2056265696.25,1703814.74,1915.48,3263623060.95,90811797.00,8887811716.76,559772519.60,90.00,8124373355.72,53678435056.51,90.00,65676065.18,450.00,5504292639.00,109567714.94,180.00,1676229360.00,84016858981.92,0.11,0.64,0.04,86028048601.30,82886695209.79
8/24/23,0.00,77327.18,26016.62,2011791744.45,1703814.74,1916.91,3266059516.03,90811797.00,8887811716.76,560213340.46,90.00,8124373355.72,53477140925.05,90.00,62474357.01,450.00,5504292639.00,107507841.90,180.00,1676229360.00,83768706593.38,0.11,0.64,0.04,85919010949.01,82864808775.05
8/25/23,0.00,77327.18,26048.87,2014285545.86,1703814.74,1914.96,3262737077.29,90811797.00,8887811716.76,557973887.63,90.00,8124373355.72,53303340217.05,90.00,59116360.32,450.00,5504292639.00,105094290.85,180.00,1676229360.00,83586066247.47,0.11,0.64,0.04,85910557572.26,82792442087.29
8/26/23,0.00,77327.18,26024.25,2012381750.80,1703814.74,1914.96,3262737077.29,90811797.00,8887811716.76,557973887.63,90.00,8124373355.72,53303340217.05,90.00,59116360.32,450.00,5504292639.00,105094290.85,180.00,1676229360.00,83584162452.41,0.11,0.64,0.04,86125051007.12,82820074363.94
8/27/23,0.00,77327.18,26083.84,2016989677.19,1703814.74,1914.96,3262737077.29,90811797.00,8887811716.76,557973887.63,90.00,8124373355.72,53303340217.05,90.00,59116360.32,450.00,5504292639.00,105094290.85,180.00,1676229360.00,83588770378.80,0.11,0.64,0.04,86097422411.75,82787056266.83
8/28/23,0.00,77327.18,25981.81,2009099985.46,1703814.74,1920.17,3271613952.09,90811797.00,8887811716.76,556083751.09,90.00,8124373355.72,53116778526.29,90.00,58599092.17,450.00,5504292639.00,106570865.64,180.00,1676229360.00,83402265041.20,0.11,0.64,0.04,85924746296.71,82810342708.05
8/29/23,0.00,77327.18,27579.74,2132663399.24,1703814.74,1937.54,3301209214.15,90811797.00,8887811716.76,555387256.19,90.00,8124373355.72,53674504700.81,90.00,63360268.40,450.00,5504292639.00,109368350.86,180.00,1676229360.00,84120012058.13,0.11,0.64,0.05,86888081327.07,82839021147.29
8/30/23,0.00,77327.18,27253.38,2107426902.20,1703814.74,1942.32,3309353448.61,90811797.00,8887811716.76,557171437.75,90.00,8124373355.72,53500062560.53,90.00,62568265.05,450.00,5504292639.00,109855040.02,180.00,1676229360.00,83929956522.64,0.11,0.64,0.04,85956001235.09,82842798968.82
8/31/23,0.00,77327.18,26013.12,2011521099.33,1703814.74,1940.19,3305724323.21,90811797.00,8887564833.10,558338711.91,90.00,8123922001.64,53700687795.14,90.00,63115737.37,450.00,5504292639.00,109915460.29,180.00,1676229360.00,84032123758.00,0.11,0.64,0.04,86242873263.76,82830657293.58
9/1/23,0.00,77327.18,25759.54,1991912474.13,1703814.74,1940.06,3305502827.30,90811797.00,8887564833.10,558187960.46,90.00,8123922001.64,54076592609.70,90.00,64930314.82,450.00,5504292639.00,110624415.01,180.00,1676229360.00,84390571232.16,0.11,0.64,0.04,86535316900.03,82859256820.49
9/2/23,0.00,77327.18,25849.60,1998876559.57,1703814.74,1940.06,3305502827.30,90811797.00,8887564833.10,558187960.46,90.00,8123922001.64,54076592609.70,90.00,64930314.82,450.00,5504292639.00,110624415.01,180.00,1676229360.00,84397535317.60,0.11,0.64,0.04,86189379876.53,82873208039.99
9/3/23,0.00,77327.18,26045.85,2014052017.79,1703814.74,1940.06,3305502827.30,90811797.00,8887564833.10,558187960.46,90.00,8123922001.64,54076592609.70,90.00,64930314.82,450.00,5504292639.00,110624415.01,180.00,1676229360.00,84412710775.82,0.11,0.64,0.04,86215898313.90,82890642638.24
9/4/23,0.00,77327.18,25828.28,1997227944.18,1703814.74,1942.69,3309983860.07,90811797.00,8887564833.10,558187960.46,90.00,8123922001.64,54076592609.70,90.00,64930314.82,450.00,5504292639.00,110624415.01,180.00,1676229360.00,84400367734.99,0.11,0.64,0.04,86135220195.06,82840079833.35
9/5/23,0.00,77327.18,25705.85,1987760778.07,1703814.74,1926.12,3281751649.80,90811797.00,8887564833.10,559753677.69,90.00,8123922001.64,53995477720.79,90.00,60547518.57,450.00,5504292639.00,109357765.46,180.00,1676229360.00,84277469741.12,0.11,0.64,0.04,85942047726.00,82762724711.13
9/6/23,0.00,77327.18,25669.79,1984972360.12,1703814.74,1916.56,3265463180.87,90811797.00,8887811709.90,558823087.20,90.00,8124373330.64,53415026335.29,90.00,59790674.58,450.00,5504292639.00,105426353.79,180.00,1676229360.00,83673020828.40,0.11,0.64,0.03,85526323701.39,82836564032.44
9/7/23,0.00,77327.18,26002.00,2010661221.14,1703814.74,1919.68,3270779082.86,90811797.00,8887564826.24,556970588.67,90.00,8123921976.57,53655393953.80,90.00,62406516.60,450.00,5504292639.00,106549144.46,180.00,1676229360.00,83945581106.34,0.11,0.64,0.04,86461837320.71,82872091764.69
9/8/23,0.00,77327.18,25902.00,2002928503.57,1703814.74,1919.08,3269756794.02,90811797.00,8887811703.04,557042994.84,90.00,8124373305.57,53601738559.84,90.00,62094484.01,450.00,5504292639.00,107380227.79,180.00,1676229360.00,83884460368.69,0.11,0.64,0.04,86093676832.72,82848340323.02
9/9/23,0.00,77327.18,25864.03,1999992390.71,1703814.74,1919.08,3269756794.02,90811797.00,8887811703.04,557042994.84,90.00,8124373305.57,53601738559.84,90.00,62094484.01,450.00,5504292639.00,107380227.79,180.00,1676229360.00,83881524255.83,0.11,0.64,0.04,86305345437.89,82994464811.03
9/10/23,0.00,77327.18,25818.20,1996448486.25,1703814.74,1919.08,3269756794.02,90811797.00,8887811703.04,557042994.84,90.00,8124373305.57,53601738559.84,90.00,62094484.01,450.00,5504292639.00,107380227.79,180.00,1676229360.00,83877980351.37,0.11,0.64,0.04,86289023583.59,82979370479.77
9/11/23,0.00,77327.18,25087.36,1939934693.21,1703814.74,1922.30,3275243077.49,90811797.00,8887811703.04,557769935.95,90.00,8124373305.57,53655340298.40,90.00,61706393.49,450.00,5504292639.00,107084932.16,180.00,1676229360.00,83880598135.31,0.11,0.64,0.04,86305721184.65,82989331119.54
9/12/23,0.00,77327.18,26074.38,2016258162.11,1703814.74,1913.67,3260539156.27,90811797.00,8887811703.04,557355791.78,90.00,8124373305.57,53735823308.85,90.00,60472265.62,450.00,5504292639.00,105998020.10,180.00,1676229360.00,84019965509.34,0.11,0.64,0.04,86419210130.15,82963209450.56
9/13/23,0.00,77327.18,26225.80,2027967043.05,1703814.74,1908.12,3251082984.45,90811797.00,8887811703.04,557187191.65,90.00,8124373305.57,53413408369.00,90.00,61152578.61,450.00,5504292639.00,106347813.56,180.00,1676229360.00,83700664784.93,0.11,0.64,0.03,86072016840.20,83082929863.57
9/14/23,0.00,77327.18,26578.75,2055259669.69,1703814.74,1910.79,3255632169.81,90811797.00,8887811703.04,557095255.76,90.00,8124373305.57,53480175129.46,90.00,60235289.93,450.00,5504292639.00,106454161.38,180.00,1676229360.00,83798370480.64,0.11,0.64,0.04,86477131051.31,83059791981.39
9/15/23,0.00,77327.18,26418.35,2042856390.72,1703814.74,1923.91,3277986219.22,90811797.00,8887564819.39,558266548.54,90.00,8123921951.49,53560395392.15,90.00,60310584.04,450.00,5504292639.00,105373651.64,180.00,1676229360.00,83888009353.19,0.11,0.64,0.04,86461090123.33,83052483552.70
9/16/23,0.00,77327.18,26540.38,2052292625.96,1703814.74,1923.91,3277986219.22,90811797.00,8887564819.39,558266548.54,90.00,8123921951.49,53560395392.15,90.00,60310584.04,450.00,5504292639.00,105373651.64,180.00,1676229360.00,83897445588.44,0.11,0.64,0.04,86331596490.41,83007465778.78
9/17/23,0.00,77327.18,26446.90,2045064081.58,1703814.74,1923.91,3277986219.22,90811797.00,8887564819.39,558266548.54,90.00,8123921951.49,53560395392.15,90.00,60310584.04,450.00,5504292639.00,105373651.64,180.00,1676229360.00,83890217044.06,0.11,0.64,0.04,86363723910.74,83054852766.12
9/18/23,0.00,77327.18,26774.69,2070411156.49,1703814.74,1933.84,3294905099.60,90811797.00,8887564819.39,558801088.76,90.00,8123921951.49,53573785491.00,90.00,59782866.43,450.00,5504292639.00,105257740.62,180.00,1676229360.00,83945764009.78,0.11,0.64,0.04,86442097541.04,83068058627.53
9/19/23,0.00,77327.18,27192.00,2102680560.16,1703814.74,1931.36,3290679639.04,90811797.00,8887564819.39,558917039.98,90.00,8123921951.49,53734506847.48,90.00,58736666.27,450.00,5504292639.00,104699874.60,180.00,1676229360.00,84133041194.41,0.11,0.64,0.04,86605419597.13,83094733747.17
9/20/23,0.00,77327.18,27094.68,2095155079.42,1703814.74,1930.30,3288873595.42,90811797.00,8887811696.19,559041399.02,90.00,8124373280.49,53344931672.83,90.00,56460620.45,450.00,5504292639.00,103129376.48,180.00,1676229360.00,83731110516.30,0.11,0.64,0.03,86084741631.74,83176788712.97
9/21/23,0.00,77327.18,26601.66,2057031235.29,1703814.74,1920.02,3271358379.88,90811797.00,8887811696.19,558487948.04,90.00,8124373280.49,53304922974.08,90.00,58154439.06,450.00,5504292639.00,104062697.34,180.00,1676229360.00,83637536446.36,0.11,0.64,0.04,86426245965.97,83200799692.08
9/22/23,0.00,77327.18,26537.68,2052083842.59,1703814.74,1925.23,3280235254.68,90811797.00,8887811696.19,558527042.20,90.00,8124373280.49,53264944281.85,90.00,58081746.02,450.00,5504292639.00,105509168.83,180.00,1676229360.00,83602900108.83,0.11,0.64,0.04,86475536535.59,83189667143.01
9/23/23,0.00,77327.18,26596.24,2056612121.99,1703814.74,1925.23,3280235254.68,90811797.00,8887811696.19,558527042.20,90.00,8124373280.49,53264944281.85,90.00,58081746.02,450.00,5504292639.00,105509168.83,180.00,1676229360.00,83607428388.24,0.11,0.64,0.04,86539478315.63,83212195829.16
9/24/23,0.00,77327.18,26505.46,2049592360.99,1703814.74,1925.23,3280235254.68,90811797.00,8887811696.19,558527042.20,90.00,8124373280.49,53264944281.85,90.00,58081746.02,450.00,5504292639.00,105509168.83,180.00,1676229360.00,83600408627.23,0.11,0.64,0.04,86525258202.62,83210015223.58
9/25/23,0.00,77327.18,26289.25,2032873452.34,1703814.74,1915.92,3264372739.44,90811797.00,8887564812.53,559740442.19,90.00,8123921926.42,53358157934.34,90.00,58372154.75,450.00,5504292639.00,105535546.12,180.00,1676229360.00,83661872804.13,0.11,0.64,0.04,86598467502.15,83212248384.22
9/26/23,0.00,77327.18,26148.13,2021961041.31,1703814.74,1900.65,3238355488.33,90811797.00,8887564812.53,560515682.71,90.00,8123921926.42,53478213789.69,90.00,57569537.62,450.00,5504292639.00,103430111.98,180.00,1676229360.00,83742866186.59,0.11,0.64,0.04,86574476742.26,83169840527.08
9/27/23,0.00,77327.18,26238.72,2028966110.16,1703814.74,1875.12,3194857097.99,90811797.00,8887317935.73,559885102.56,90.00,8123470597.42,53224192274.19,90.00,55698527.65,450.00,5504292639.00,101087419.94,180.00,1676229360.00,83446808861.63,0.11,0.64,0.03,86176194468.79,83161369320.45
9/28/23,0.00,77327.18,27089.32,2094740605.76,1703814.74,1864.87,3177392996.89,90811797.00,8887564805.67,559221638.72,90.00,8123921901.35,53503619283.63,90.00,57021367.68,450.00,5504292639.00,103735910.34,180.00,1676229360.00,83778552306.03,0.11,0.64,0.04,86859471901.43,83193672937.38
9/29/23,0.00,77327.18,26903.18,2080346925.29,1703814.74,1848.63,3149723045.48,90811797.00,8887564805.67,559126571.04,90.00,8123921901.35,53690881951.12,90.00,57520304.64,450.00,5504292639.00,101998333.84,180.00,1676229360.00,83922417634.44,0.11,0.64,0.04,86740920823.27,83267423241.87
9/30/23,0.00,59391.37,27072.54,1607875256.71,1703814.69,1848.63,3149722956.00,292641978.00,8203000000.00,652002048.00,90.00,8233687005.00,56611569049.00,90.00,65248902.00,450.00,5168269890.00,88570555.00,150.00,2257992725.00,86330580364.71,0.10,0.66,0.04,86503714839.56,83267971094.07
10/1/23,0.00,59391.37,27114.69,1610378602.98,1703814.69,1848.63,3149722956.00,292641978.00,8203000000.00,652002048.00,90.00,8233687005.00,56611569049.00,90.00,65248902.00,450.00,5168269890.00,88570555.00,150.00,2257992725.00,86333083710.98,0.10,0.66,0.04,86495866298.82,83258001884.50
10/2/23,0.00,59391.37,27842.16,1653584043.36,1703814.69,1828.03,3114624373.32,292641978.00,8202772138.89,653200101.76,90.00,8233229577.94,56399275665.07,90.00,62068018.03,450.00,5168269890.00,88448770.49,150.00,2257992725.00,86126107281.86,0.10,0.65,0.04,86279234478.13,83251476137.94
10/3/23,0.00,59391.37,27396.60,1627121624.27,1703814.69,1823.02,3106088261.71,292641978.00,8202544284.11,648931439.10,90.00,8232772176.30,55976281097.58,90.00,62921453.28,450.00,5168269890.00,86322314.63,150.00,2257992725.00,85661887243.97,0.10,0.65,0.03,86043003763.00,83273336895.27
10/4/23,0.00,59391.37,27659.68,1642746306.05,1703814.69,1821.36,3103259929.32,292641978.00,8202772132.56,647615730.61,90.00,8233229552.53,55906310746.21,90.00,68269776.80,450.00,5168269890.00,88710565.33,150.00,2257992725.00,85611819332.42,0.10,0.65,0.04,86540782229.91,83352369985.83
10/5/23,0.00,59391.37,27479.00,1632015473.21,1703814.69,1820.30,3101453885.75,292641978.00,8202772132.56,650238574.31,90.00,8233229552.53,55906310746.21,90.00,71853940.09,450.00,5168269890.00,88337241.71,150.00,2257992725.00,85605116139.36,0.10,0.65,0.04,86588514650.44,83356125474.98
10/6/23,0.00,59391.37,27995.25,1662676268.29,1703814.69,1833.01,3123109370.49,292641978.00,8202999987.34,650150792.11,90.00,8233686954.17,55766544969.34,90.00,67632521.11,450.00,5168269890.00,88694271.39,150.00,2257992725.00,85514399727.24,0.10,0.65,0.04,86506607119.61,83359091468.15
10/7/23,0.00,59391.37,27937.45,1659243447.07,1703814.69,1833.01,3123109370.49,292641978.00,8202999987.34,650150792.11,90.00,8233686954.17,55766544969.34,90.00,67632521.11,450.00,5168269890.00,88694271.39,150.00,2257992725.00,85510966906.02,0.10,0.65,0.04,86651487943.47,83413565108.55
10/8/23,0.00,59391.37,27923.41,1658409592.22,1703814.69,1833.01,3123109370.49,292641978.00,8202999987.34,650150792.11,90.00,8233686954.17,55766544969.34,90.00,67632521.11,450.00,5168269890.00,88694271.39,150.00,2257992725.00,85510133051.18,0.10,0.65,0.04,86770364184.55,83525460690.78
10/9/23,0.00,59391.37,27576.46,1637803756.19,1703814.69,1861.41,3171497707.78,292641978.00,8202999987.34,650150792.11,90.00,8233686954.17,55766544969.34,90.00,67632521.11,450.00,5168269890.00,88694271.39,150.00,2257992725.00,85537915552.43,0.10,0.65,0.04,86789571560.81,83516000504.23
10/10/23,0.00,59391.37,27405.48,1627649019.64,1703814.69,1860.40,3169776854.94,292641978.00,8202999987.34,647057699.71,90.00,8233686954.17,56073260966.67,90.00,73465826.05,450.00,5168269890.00,91776397.32,150.00,2257992725.00,85838578298.85,0.10,0.65,0.04,87074754712.14,83524066604.37
10/11/23,0.00,59391.37,26717.11,1586765781.85,1703814.69,1874.36,3193562108.05,292641978.00,8202999987.34,652234161.31,90.00,8233686954.17,55905041183.77,90.00,72363838.66,450.00,5168269890.00,90369159.23,150.00,2257992725.00,85655927767.39,0.10,0.65,0.04,86543492197.60,83483900707.37
10/12/23,0.00,59391.37,26737.69,1587988056.26,1703814.69,1868.90,3184259279.83,292641978.00,8202999987.34,652217855.46,90.00,8233686954.17,55849136142.59,90.00,68564737.13,450.00,5168269890.00,89130348.67,150.00,2257992725.00,85586887954.45,0.10,0.65,0.04,86674503419.42,83499673027.42
10/13/23,0.00,59391.37,26976.51,1602171903.39,1703814.69,1932.82,3293167115.01,292641978.00,8202999987.34,650756887.46,90.00,8233686954.17,56016683551.02,90.00,69936031.87,450.00,5168269890.00,89015221.97,150.00,2257992725.00,85877322245.23,0.10,0.65,0.04,87022232990.21,83483796073.21
10/14/23,0.00,59391.37,26850.06,1594661864.57,1703814.69,1932.82,3293167115.01,292641978.00,8202999987.34,650756887.46,90.00,8233686954.17,56016683551.02,90.00,69936031.87,450.00,5168269890.00,89015221.97,150.00,2257992725.00,85869812206.42,0.10,0.65,0.04,86735821067.96,83498697221.22
10/15/23,0.00,59391.37,27206.04,1615804004.68,1703814.69,1932.82,3293167115.01,292641978.00,8202999987.34,650756887.46,90.00,8233686954.17,56016683551.02,90.00,69936031.87,450.00,5168269890.00,89015221.97,150.00,2257992725.00,85890954346.53,0.10,0.65,0.04,86800294085.96,83532889783.10
10/16/23,0.00,59391.37,28405.38,1687034451.12,1703814.69,1920.20,3271664973.58,292641978.00,8202999987.34,652024236.50,90.00,8233686954.17,56016683551.02,90.00,67663110.84,450.00,5168269890.00,88844609.46,150.00,2257992725.00,85939506467.03,0.10,0.65,0.04,86855531800.84,83559393903.25
10/17/23,0.00,59391.37,28459.42,1690243960.79,1703814.69,1923.18,3276742341.37,292641978.00,8202999987.34,651735715.77,90.00,8233686954.17,55862637671.25,90.00,63095850.86,450.00,5168269890.00,87001083.82,150.00,2257992725.00,85787048158.37,0.10,0.65,0.04,86671444408.15,83577695008.48
10/18/23,0.00,59391.37,28260.00,1678400133.66,1703814.69,1947.55,3318264305.44,292641978.00,8203227848.45,648638341.79,90.00,8234144381.23,55988328606.01,90.00,63963418.81,450.00,5168269890.00,85783068.64,150.00,2257992725.00,85939654697.02,0.10,0.65,0.04,87013827804.31,83610268590.55
10/19/23,0.00,59391.37,28728.04,1706197670.77,1703814.69,1974.46,3364113958.83,292641978.00,8203227848.45,649269142.57,90.00,8234144381.23,56254273166.89,90.00,67161589.75,450.00,5168269890.00,86769573.93,150.00,2257992725.00,86284061925.41,0.10,0.65,0.04,87295440965.81,83694671690.04
10/20/23,0.00,59391.37,29601.00,1758043961.66,1703814.69,1981.40,3375938432.80,292641978.00,8203227848.45,651453933.24,90.00,8234144381.23,56479290259.56,90.00,69428293.40,450.00,5168269890.00,89430507.53,150.00,2257992725.00,86579862210.86,0.10,0.65,0.04,87440987812.82,83882616971.81
10/21/23,0.00,59391.37,30028.03,1783405858.65,1703814.69,1981.40,3375938432.80,292641978.00,8203227848.45,651453933.24,90.00,8234144381.23,56479290259.56,90.00,69428293.40,450.00,5168269890.00,89430507.53,150.00,2257992725.00,86605224107.86,0.10,0.65,0.04,87255479537.28,83967018889.96
10/22/23,0.00,59391.37,29860.75,1773470870.18,1703814.69,1981.40,3375938432.80,292641978.00,8203227848.45,651453933.24,90.00,8234144381.23,56479290259.56,90.00,69428293.40,450.00,5168269890.00,89430507.53,150.00,2257992725.00,86595289119.38,0.10,0.65,0.04,87450540519.51,84189037781.90
10/23/23,0.00,59391.37,31537.58,1873060102.17,1703814.69,1972.85,3361370817.17,292641978.00,8203227848.45,654751918.77,90.00,8234144381.23,56479290259.56,90.00,68473654.37,450.00,5168269890.00,90723523.62,150.00,2257992725.00,86683947098.34,0.10,0.65,0.04,87578113260.16,84215958770.64
10/24/23,0.00,59391.37,33651.38,1998601581.38,1703814.69,1970.97,3358167645.55,292641978.00,8203227848.45,654526029.36,90.00,8234144381.23,56818166001.11,90.00,66590628.87,450.00,5168269890.00,90549636.87,150.00,2257992725.00,87142878345.82,0.10,0.65,0.04,88033331764.47,84294092789.53
10/25/23,0.00,59391.37,34680.57,2059726586.11,1703814.69,1979.72,3373076024.11,292641978.00,8203227848.45,653234976.77,90.00,8234144381.23,56335211590.11,90.00,65508531.15,450.00,5168269890.00,89085751.07,150.00,2257992725.00,86732120282.00,0.10,0.65,0.03,87209786730.30,84345202670.73
10/26/23,0.00,59391.37,34191.55,2030683018.05,1703814.69,1984.71,3381578059.43,292641978.00,8202999981.01,652828338.00,90.00,8233686928.76,56518301027.77,90.00,68374529.39,450.00,5168269890.00,90010015.74,150.00,2257992725.00,86897366491.15,0.10,0.65,0.04,87700918606.27,84259856520.10
10/27/23,0.00,59391.37,33836.54,2009598487.57,1703814.69,2006.37,3418482685.68,292641978.00,8202999981.01,653933249.96,90.00,8233686928.76,56546560178.29,90.00,68630933.87,450.00,5168269890.00,90160032.43,150.00,2257992725.00,86942957070.57,0.10,0.65,0.04,87732798781.61,84406796218.83
10/28/23,0.00,59391.37,34135.43,2027349974.33,1703814.69,2006.37,3418482685.68,292641978.00,8202999981.01,653933249.96,90.00,8233686928.76,56546560178.29,90.00,68630933.87,450.00,5168269890.00,90160032.43,150.00,2257992725.00,86960708557.34,0.10,0.65,0.04,87777814748.03,84477164194.59
10/29/23,0.00,59391.37,34590.86,2054398586.25,1703814.69,2006.37,3418482685.68,292641978.00,8202999981.01,653933249.96,90.00,8233686928.76,56546560178.29,90.00,68630933.87,450.00,5168269890.00,90160032.43,150.00,2257992725.00,86987757169.26,0.10,0.65,0.04,87876995925.84,84563580454.20
10/30/23,0.00,59391.37,34439.91,2045433458.86,1703814.69,1996.10,3400984508.78,292641978.00,8202999981.01,654928863.33,90.00,8233686928.76,56504150258.15,90.00,66657794.53,450.00,5168269890.00,89055572.03,150.00,2257992725.00,86916801958.46,0.10,0.65,0.04,87763120565.34,84549233823.19
10/31/23,0.00,59391.37,34650.56,2057944251.08,1703814.69,1983.88,3380163893.23,292641978.00,8202088536.57,654007050.96,90.00,8231857220.56,56348763844.94,90.00,64074804.99,450.00,5168269890.00,89949838.40,150.00,2257992725.00,86747754033.73,0.10,0.65,0.04,87675844179.74,84560721447.31
11/1/23,0.00,59391.37,35455.73,2105764400.96,1703814.69,1982.53,3377863743.40,292641978.00,8202772043.95,652511009.83,90.00,8233229196.76,56475548563.59,90.00,71443407.56,450.00,5168269890.00,92464685.97,150.00,2257992725.00,86930501645.01,0.10,0.65,0.04,88170101792.45,84693605222.46
11/2/23,0.00,59391.37,34917.45,2073795213.98,1703814.69,1985.78,3383401141.15,292641978.00,8202544189.17,652380507.63,90.00,8232771795.14,56884996290.68,90.00,70371756.45,450.00,5168269890.00,92961683.66,150.00,2257992725.00,87312127170.85,0.10,0.65,0.04,88547038988.32,84862316815.83
11/3/23,0.00,59391.37,34621.06,2056192205.64,1703814.69,1992.65,3395106348.09,292641978.00,8202772037.62,654424089.57,90.00,8233229171.35,57183642521.21,90.00,78816367.22,450.00,5168269890.00,96242456.41,150.00,2257992725.00,87619329790.10,0.10,0.65,0.04,88523289003.88,84913239127.20
11/4/23,0.00,59391.37,34780.72,2065674631.88,1703814.69,1992.65,3395106348.09,292641978.00,8202772037.62,654424089.57,90.00,8233229171.35,57183642521.21,90.00,78816367.22,450.00,5168269890.00,96242456.41,150.00,2257992725.00,87628812216.34,0.10,0.65,0.04,88579459058.34,85256843614.72
11/5/23,0.00,59391.37,34682.13,2059819236.65,1703814.69,1992.65,3395106348.09,292641978.00,8202772037.62,654424089.57,90.00,8233229171.35,57183642521.21,90.00,78816367.22,450.00,5168269890.00,96242456.41,150.00,2257992725.00,87622956821.11,0.10,0.65,0.04,88762976451.67,85448432838.83
11/6/23,0.00,59391.37,35030.04,2080482088.40,1703814.69,1978.14,3370383996.90,292641978.00,8202772037.62,656405358.50,90.00,8233229171.35,57012091593.64,90.00,73890344.27,450.00,5168269890.00,93744162.64,150.00,2257992725.00,87441903346.31,0.10,0.65,0.04,88521957491.01,85387153373.58
11/7/23,0.00,59391.37,35501.52,2108483931.82,1703814.69,1969.45,3355577847.21,292641978.00,8202772037.62,656797560.70,90.00,8233229171.35,56940826479.15,90.00,74721610.64,450.00,5168269890.00,93427776.09,150.00,2257992725.00,87384741007.58,0.10,0.65,0.04,88630702865.83,85371206042.48
11/8/23,0.00,59391.37,35593.56,2113950313.57,1703814.69,1950.20,3322779414.37,292641978.00,8202772037.62,656237640.78,90.00,8233229171.35,56841180032.81,90.00,73227178.43,450.00,5168269890.00,91901789.09,150.00,2257992725.00,87254182171.01,0.10,0.65,0.04,88929919570.86,85731510405.70
11/9/23,0.00,59391.37,36541.56,2170253332.92,1703814.69,1958.55,3337006267.06,292641978.00,8202772037.62,655917724.93,90.00,8233229171.35,56912231507.85,90.00,69748887.45,450.00,5168269890.00,90201605.99,150.00,2257992725.00,87390265128.16,0.10,0.65,0.04,89325543615.80,85850353482.25
11/10/23,0.00,59391.37,37292.81,2214871100.09,1703814.69,1940.20,3305741267.44,292641978.00,8202772037.62,654833820.89,90.00,8233229171.35,57196792665.39,90.00,69574515.24,450.00,5168269890.00,91062279.64,150.00,2257992725.00,87687781450.66,0.10,0.65,0.04,89876228255.86,86220797904.93
11/11/23,0.00,59391.37,36988.00,2196768016.41,1703814.69,1940.20,3305741267.44,292641978.00,8202772037.62,654833820.89,90.00,8233229171.35,57196792665.39,90.00,69574515.24,450.00,5168269890.00,91062279.64,150.00,2257992725.00,87669678366.98,0.10,0.65,0.04,89922598456.70,86576842243.35
11/12/23,0.00,59391.37,37182.61,2208326171.05,1703814.69,1940.20,3305741267.44,292641978.00,8202772037.62,654833820.89,90.00,8233229171.35,57196792665.39,90.00,69574515.24,450.00,5168269890.00,91062279.64,150.00,2257992725.00,87681236521.62,0.10,0.65,0.04,90050157048.60,86670329265.58
11/13/23,0.00,59391.37,36493.45,2167396014.07,1703814.69,1946.92,3317190902.18,292641978.00,8202772037.62,654493307.30,90.00,8233229171.35,56968005494.73,90.00,70183292.24,450.00,5168269890.00,91248198.47,150.00,2257992725.00,87423423010.96,0.10,0.65,0.03,90004544414.79,86893346050.39
11/14/23,0.00,59391.37,35585.81,2113490030.45,1703814.69,1964.29,3346786163.40,292641978.00,8202772037.62,652776898.60,90.00,8233229171.35,57352539531.82,90.00,82553097.50,450.00,5168269890.00,94400063.32,150.00,2257992725.00,87797451587.06,0.10,0.65,0.04,90613954448.40,86852876182.06
11/15/23,0.00,59391.37,37647.84,2235956818.40,1703814.69,1959.85,3339221226.16,292641978.00,8202772037.62,656177866.24,90.00,8233229171.35,57080114969.04,90.00,78631825.37,450.00,5168269890.00,93046995.75,150.00,2257992725.00,87638055502.93,0.10,0.65,0.04,90288497134.35,87069254488.00
11/16/23,0.00,59391.37,35965.50,2136040339.96,1703814.69,1980.90,3375086525.45,292641978.00,8202772037.62,656550247.18,90.00,8233229171.35,57308435428.92,90.00,82071967.73,450.00,5168269890.00,94120913.16,150.00,2257992725.00,87807211224.36,0.10,0.65,0.04,90899008318.31,87330293256.90
11/17/23,0.00,59391.37,36418.61,2162951163.90,1703814.69,1980.82,3374950220.27,292641978.00,8202772037.62,656578150.57,90.00,8233229171.35,57437379408.64,90.00,81353838.01,450.00,5168269890.00,94430727.83,150.00,2257992725.00,87962549311.18,0.10,0.65,0.04,90992018642.17,87433708811.31
11/18/23,0.00,59391.37,36566.59,2171739898.92,1703814.69,1980.82,3374950220.27,292641978.00,8202772037.62,656578150.57,90.00,8233229171.35,57437379408.64,90.00,81353838.01,450.00,5168269890.00,94430727.83,150.00,2257992725.00,87971338046.21,0.10,0.65,0.04,90987729957.07,87575507814.81
11/19/23,0.00,59391.37,37007.99,2197955249.91,1703814.69,1980.82,3374950220.27,292641978.00,8202772037.62,656578150.57,90.00,8233229171.35,57437379408.64,90.00,81353838.01,450.00,5168269890.00,94430727.83,150.00,2257992725.00,87997553397.20,0.10,0.65,0.04,91182432165.51,87745529028.22
11/20/23,0.00,59391.37,37426.45,2222808162.86,1703814.69,1978.07,3370264729.87,292641978.00,8202999892.40,655826368.59,90.00,8233686572.97,57336863994.67,90.00,80336915.04,450.00,5168269890.00,94041201.08,150.00,2257992725.00,87915732430.46,0.10,0.65,0.04,91043881127.55,87719871443.20
11/21/23,0.00,59391.37,36841.04,2188039860.59,1703814.69,1998.29,3404715862.96,292641978.00,8202999892.40,654759011.17,90.00,8233686572.97,57465871938.66,90.00,80738599.61,450.00,5168269890.00,96870273.87,150.00,2257992725.00,88046586605.23,0.10,0.65,0.04,91283889021.21,87738748115.11
11/22/23,0.00,59391.37,37625.00,2234600319.50,1703814.69,1990.17,3390880887.65,292641978.00,8202999892.40,654487286.18,90.00,8233686572.97,57034877899.12,90.00,79729367.12,450.00,5168269890.00,95005521.10,150.00,2257992725.00,87645172339.04,0.10,0.65,0.03,90923415206.11,87923200610.43
11/23/23,0.00,59391.37,37253.90,2212560181.86,1703814.69,1992.25,3394424822.21,292641978.00,8202999892.40,654487286.18,90.00,8233686572.97,57034877899.12,90.00,79729367.12,450.00,5168269890.00,95005521.10,150.00,2257992725.00,87626676135.96,0.10,0.65,0.04,91810608970.46,88395010860.27
11/24/23,0.00,59391.37,37858.25,2248453356.69,1703814.69,2000.82,3409026514.13,292641978.00,8202772031.29,653358295.61,90.00,8233229145.94,57234499971.77,90.00,78433764.90,450.00,5168269890.00,94574037.69,150.00,2257992725.00,87873251711.03,0.10,0.65,0.04,92220601724.25,88521918320.81
11/25/23,0.00,59391.37,37813.68,2245806283.31,1703814.69,2000.82,3409026514.13,292641978.00,8202772031.29,653358295.61,90.00,8233229145.94,57234499971.77,90.00,78433764.90,450.00,5168269890.00,94574037.69,150.00,2257992725.00,87870604637.64,0.10,0.65,0.04,92025721561.28,88586091086.37
11/26/23,0.00,59391.37,37627.25,2234733950.08,1703814.69,2000.82,3409026514.13,292641978.00,8202772031.29,653358295.61,90.00,8233229145.94,57234499971.77,90.00,78433764.90,450.00,5168269890.00,94574037.69,150.00,2257992725.00,87859532304.42,0.10,0.65,0.04,92218117529.13,88779808674.98
11/27/23,0.00,59391.37,37032.56,2199414495.89,1703814.69,2014.13,3431704287.70,292641978.00,8202772031.29,652275354.24,90.00,8233229145.94,57263117221.75,90.00,80394609.03,450.00,5168269890.00,94964155.60,150.00,2257992725.00,87876775894.43,0.10,0.65,0.04,92213139590.13,88746412388.53
11/28/23,0.00,59391.37,37967.50,2254941863.93,1703814.69,2040.97,3477434674.06,292641978.00,8202772031.29,653089067.74,90.00,8233229145.94,57048380532.17,90.00,86725684.49,450.00,5168269890.00,97975310.70,150.00,2257992725.00,87773452903.32,0.10,0.65,0.04,92136109764.70,88794083114.61
11/29/23,0.00,59391.37,37737.00,2241252153.01,1703814.69,2044.24,3483006148.11,292641978.00,8202999886.07,654906288.07,90.00,8233686547.56,57305098244.56,90.00,95181438.72,450.00,5168269890.00,100783936.27,150.00,2257992725.00,88035819235.37,0.10,0.65,0.04,92632747139.35,88902002105.36
11/30/23,0.00,59391.37,37750.77,2242069972.18,1703814.69,2036.41,3469665279.06,292641978.00,8202544163.85,656168619.94,90.00,8232771693.50,57405382166.49,90.00,93277809.95,450.00,5168269890.00,100158236.00,150.00,2257992725.00,88120942533.97,0.10,0.65,0.04,92636224363.80,89084951252.76
12/1/23,0.00,59391.37,38796.61,2304183843.23,1703814.69,2072.22,3530678883.22,292641978.00,8201177073.16,655208973.34,90.00,8230027436.26,57692409077.32,90.00,105170730.72,450.00,5168269890.00,102916760.75,150.00,2257992725.00,88540677371.00,0.10,0.65,0.04,93199853577.14,89288339819.95
12/2/23,0.00,59391.37,39581.59,2350804881.33,1703814.69,2072.22,3530678883.22,292641978.00,8201177073.16,655208973.34,90.00,8230027436.26,57692409077.32,90.00,105170730.72,450.00,5168269890.00,102916760.75,150.00,2257992725.00,88587298409.11,0.10,0.65,0.04,92906562415.12,89384249584.63
12/3/23,0.00,59391.37,39727.65,2359479584.93,1703814.69,2072.22,3530678883.22,292641978.00,8201177073.16,655208973.34,90.00,8230027436.26,57692409077.32,90.00,105170730.72,450.00,5168269890.00,102916760.75,150.00,2257992725.00,88595973112.70,0.10,0.65,0.04,93056943271.33,89567299871.82
12/4/23,0.00,59391.37,42036.51,2496605944.89,1703814.69,2029.42,3457755614.36,292641978.00,8201632694.11,657217188.84,90.00,8230941883.76,57591447361.44,90.00,96625608.85,450.00,5168269890.00,100485352.28,150.00,2257992725.00,88551616241.52,0.10,0.65,0.04,93110311371.84,89672338130.96
12/5/23,0.00,59391.37,43900.51,2607311459.72,1703814.69,2019.36,3440615238.54,292641978.00,8202543986.63,655038513.86,90.00,8232770981.95,57807415289.05,90.00,100732197.22,450.00,5168269890.00,101590691.15,150.00,2257992725.00,88866922951.13,0.10,0.65,0.04,93530242198.03,89712226019.02
12/6/23,0.00,59391.37,43822.33,2602668242.37,1703814.69,2025.55,3451161851.49,292641978.00,8202771835.07,654399851.31,90.00,8233228358.12,57258244843.80,90.00,98087977.05,450.00,5168269890.00,99783223.44,150.00,2257992725.00,88319250775.65,0.10,0.65,0.03,92874317680.42,89954651881.01
12/7/23,0.00,59391.37,43390.95,2577047992.91,1703814.69,2028.47,3456136990.40,292641978.00,8202771835.07,655757731.00,90.00,8233228358.12,57387075894.70,90.00,100785396.41,450.00,5168269890.00,100993095.03,150.00,2257992725.00,88432701886.64,0.10,0.65,0.04,93563088010.82,89947739514.69
12/8/23,0.00,59391.37,44554.76,2646168263.95,1703814.69,2004.67,3415586200.70,292641978.00,8202771835.07,656706940.32,90.00,8233228358.12,57544890353.41,90.00,91588728.99,450.00,5168269890.00,99873754.89,150.00,2257992725.00,88609719028.45,0.10,0.65,0.04,93807925720.32,90118570091.71
12/9/23,0.00,59391.37,43986.01,2612389421.91,1703814.69,2004.67,3415586200.70,292641978.00,8202771835.07,656706940.32,90.00,8233228358.12,57544890353.41,90.00,91588728.99,450.00,5168269890.00,99873754.89,150.00,2257992725.00,88575940186.41,0.10,0.65,0.04,93787670303.13,90313892604.98
12/10/23,0.00,59391.37,43803.24,2601534461.10,1703814.69,2004.67,3415586200.70,292641978.00,8202771835.07,656706940.32,90.00,8233228358.12,57544890353.41,90.00,91588728.99,450.00,5168269890.00,99873754.89,150.00,2257992725.00,88565085225.60,0.10,0.65,0.04,94210071628.12,90697180084.94
12/11/23,0.00,59391.37,41182.00,2445855424.79,1703814.69,1981.95,3376875530.88,292641978.00,8202771835.07,654551299.78,90.00,8233228358.12,57444186795.29,90.00,91817700.81,450.00,5168269890.00,97064805.53,150.00,2257992725.00,88265256343.27,0.10,0.65,0.03,93821888302.57,90619185009.48
12/12/23,0.00,59391.37,41088.75,2440317179.48,1703814.69,1979.54,3372769337.47,292641978.00,8202999689.84,653423835.17,90.00,8233685759.69,57472908888.69,90.00,91243840.18,450.00,5168269890.00,98929258.67,150.00,2257992725.00,88285182382.19,0.10,0.65,0.04,94092712788.88,90552653809.93
12/13/23,0.00,59391.37,42993.29,2553430420.47,1703814.69,2027.74,3454893205.67,292641978.00,8202999689.84,653657434.19,90.00,8233685759.69,57544750024.80,90.00,116792115.44,450.00,5168269890.00,105833696.52,150.00,2257992725.00,88584946939.62,0.10,0.65,0.04,94459529110.04,90618504336.49
12/14/23,0.00,59391.37,42994.83,2553521883.18,1703814.69,2036.36,3469580088.32,292641978.00,8202999689.84,654783359.12,90.00,8233685759.69,57587908587.32,90.00,116208154.86,450.00,5168269890.00,105599980.44,150.00,2257992725.00,88643192095.78,0.10,0.65,0.04,94281833039.71,90695509418.53
12/15/23,0.00,59391.37,42240.95,2508747916.70,1703814.69,2019.62,3441058230.36,292641978.00,8202771828.74,657034176.92,90.00,8233228332.71,57530320678.73,90.00,109526185.95,450.00,5168269890.00,104579180.63,150.00,2257992725.00,88506171123.74,0.10,0.65,0.04,94211175953.35,90827525607.94
12/16/23,0.00,59391.37,42270.56,2510506495.19,1703814.69,2019.62,3441058230.36,292641978.00,8202771828.74,657034176.92,90.00,8233228332.71,57530320678.73,90.00,109526185.95,450.00,5168269890.00,104579180.63,150.00,2257992725.00,88507929702.23,0.10,0.65,0.04,94264589722.33,90736741067.10
12/17/23,0.00,59391.37,41881.90,2487423445.08,1703814.69,2019.62,3441058230.36,292641978.00,8202771828.74,657034176.92,90.00,8233228332.71,57530320678.73,90.00,109526185.95,450.00,5168269890.00,104579180.63,150.00,2257992725.00,88484846652.12,0.10,0.65,0.04,94360938394.39,90854983802.12
12/18/23,0.00,59391.37,42614.99,2530962664.97,1703814.69,2027.19,3453956107.59,292641978.00,8202771828.74,655982922.24,90.00,8233228332.71,57501555518.39,90.00,109389278.22,450.00,5168269890.00,102557316.47,150.00,2257992725.00,88509308562.32,0.10,0.65,0.04,94429773227.11,90872426679.66
12/19/23,0.00,59391.37,42495.81,2523884401.42,1703814.69,2040.35,3476378308.95,292641978.00,8202999683.52,655289220.30,90.00,8233685734.28,57731561740.46,90.00,114175059.14,450.00,5168269890.00,103578616.41,150.00,2257992725.00,88760457357.48,0.10,0.65,0.04,94732684034.18,90931108068.31
12/20/23,0.00,59391.37,43449.76,2580540799.42,1703814.69,2031.39,3461112129.30,292641978.00,8202999683.52,655872427.70,90.00,8233685734.28,57515068383.94,90.00,119598374.45,450.00,5168269890.00,105909135.28,150.00,2257992725.00,88593691260.89,0.10,0.65,0.04,94317664439.27,90960533050.72
12/21/23,0.00,59391.37,44004.47,2613485786.61,1703814.69,2045.95,3485919671.23,292641978.00,8202999683.52,657664599.11,90.00,8233685734.28,57673234821.99,90.00,124830803.33,450.00,5168269890.00,106778472.77,150.00,2257992725.00,88817504165.84,0.10,0.65,0.04,94726520902.26,90953421967.10
12/22/23,0.00,59391.37,43747.10,2598200229.56,1703814.69,2053.08,3498067869.99,292641978.00,8202771822.41,659147632.78,90.00,8233228307.30,57702071439.40,90.00,127483457.91,450.00,5168269890.00,107374652.57,150.00,2257992725.00,88847250004.92,0.10,0.65,0.04,94632880547.14,91062560834.52
12/23/23,0.00,59391.37,43803.74,2601564156.79,1703814.69,2053.08,3498067869.99,292641978.00,8202771822.41,659147632.78,90.00,8233228307.30,57702071439.40,90.00,127483457.91,450.00,5168269890.00,107374652.57,150.00,2257992725.00,88850613932.15,0.10,0.65,0.04,94744357939.09,91196913161.70
12/24/23,0.00,59391.37,43529.13,2585254692.50,1703814.69,2053.08,3498067869.99,292641978.00,8202771822.41,659147632.78,90.00,8233228307.30,57702071439.40,90.00,127483457.91,450.00,5168269890.00,107374652.57,150.00,2257992725.00,88834304467.87,0.10,0.65,0.04,94818634685.18,91288621400.20
12/25/23,0.00,59391.37,43531.11,2585372287.42,1703814.69,2053.08,3498067869.99,292641978.00,8202771822.41,659147632.78,90.00,8233228307.30,57702071439.40,90.00,127483457.91,450.00,5168269890.00,107374652.57,150.00,2257992725.00,88834422062.78,0.10,0.65,0.04,94870086416.81,91321270663.57
12/26/23,0.00,59391.37,42340.74,2514674581.58,1703814.69,2067.81,3523165060.42,292641978.00,8202088258.09,659674950.89,90.00,8231856102.58,57716496957.26,90.00,130829898.68,450.00,5168269890.00,106121948.29,150.00,2257992725.00,88803812350.79,0.10,0.65,0.04,94845230559.58,91328934694.70
12/27/23,0.00,59391.37,43395.74,2577332477.58,1703814.69,2077.49,3539657986.65,292641978.00,8201176914.95,659637019.58,90.00,8230026801.22,57312481478.56,90.00,135736019.88,450.00,5168269890.00,108469896.40,150.00,2257992725.00,88483423187.82,0.10,0.65,0.03,94592670973.18,91384051292.98
12/28/23,0.00,59391.37,42472.51,2522500582.48,1703814.69,2065.61,3519416668.10,292641978.00,8200949104.48,662602087.98,90.00,8229569577.51,57541731404.48,90.00,132342619.38,450.00,5168269890.00,109916161.68,150.00,2257992725.00,88637932799.09,0.10,0.65,0.04,95170712039.14,91451080290.98
12/29/23,0.00,59391.37,41935.34,2490597319.93,1703814.69,2062.98,3514935635.45,292641978.00,8201404712.77,662396681.33,90.00,8230483974.13,58117148718.52,90.00,137140039.33,450.00,5168269890.00,106833929.32,150.00,2257992725.00,89179845603.78,0.10,0.65,0.04,95703180347.64,91563523683.55
12/30/23,0.00,59391.37,42303.24,2512447405.18,1703814.69,2062.98,3514935635.45,292641978.00,8201404712.77,662396681.33,90.00,8230483974.13,58117148718.52,90.00,137140039.33,450.00,5168269890.00,106833929.32,150.00,2257992725.00,89201695689.03,0.10,0.65,0.04,95157201752.70,91575330091.00
12/31/23,0.00,63852.25,42507.90,2714225210.08,1703814.69,2062.98,3514935634.00,394746540.00,9359124175.00,815301051.00,90.00,8339339590.00,63086013400.00,83.00,69259151.00,423.00,4804666695.00,44412069.00,137.00,3772433767.00,96914457282.08,0.10,0.65,0.06,97151574524.80,91696771362.58
1/1/24,0.00,63852.25,43628.40,2785771660.22,1703814.69,2062.98,3514935634.00,394746540.00,9359124175.00,815301051.00,90.00,8339339590.00,63086013400.00,83.00,69259151.00,423.00,4804666695.00,44412069.00,137.00,3772433767.00,96986003732.22,0.10,0.65,0.06,97252668742.02,91724474427.72
1/2/24,0.00,63852.25,45127.01,2881461285.96,1703814.69,2058.96,3508086298.94,394746540.00,9358604223.66,816130619.82,90.00,8338412996.71,62736937459.19,83.00,66817765.93,423.00,4804666695.00,44241366.28,137.00,3772433767.00,96722539018.48,0.10,0.65,0.05,96923025550.50,91730242123.07
1/3/24,0.00,63852.25,42938.06,2741691895.48,1703814.69,2041.49,3478320656.26,394746540.00,9358864184.89,815549126.75,90.00,8338876241.88,62389793071.91,83.00,66032657.18,423.00,4804666695.00,43483732.88,137.00,3772433767.00,96204458569.23,0.10,0.65,0.05,96653335994.09,91717780780.93
1/4/24,0.00,63852.25,44488.33,2840680128.64,1703814.69,2043.65,3482000896.00,394746540.00,9360683964.03,815726508.69,90.00,8342119138.19,62389793071.91,83.00,63317064.15,423.00,4804666695.00,42886350.94,137.00,3772433767.00,96309054124.56,0.10,0.65,0.06,97730225781.98,92142753304.80
1/5/24,0.00,63852.25,43970.52,2807616793.22,1703814.69,2045.45,3485067762.44,394746540.00,9360943983.03,815736705.27,90.00,8342582589.26,62576789146.15,83.00,63614654.35,423.00,4804666695.00,43204603.41,137.00,3772433767.00,96467403239.12,0.10,0.65,0.06,98192169587.83,92526809338.22
1/6/24,0.00,63852.25,43921.45,2804483563.13,1703814.69,2045.45,3485067762.44,394746540.00,9360943983.03,815736705.27,90.00,8342582589.26,62576789146.15,83.00,63614654.35,423.00,4804666695.00,43204603.41,137.00,3772433767.00,96464270009.04,0.10,0.65,0.06,98379535031.92,92858801168.91
1/7/24,0.00,63852.25,44258.51,2826005603.73,1703814.69,2045.45,3485067762.44,394746540.00,9360943983.03,815736705.27,90.00,8342582589.26,62576789146.15,83.00,63614654.35,423.00,4804666695.00,43204603.41,137.00,3772433767.00,96485792049.63,0.10,0.65,0.06,99026342777.94,93445427842.22
1/8/24,0.00,63852.25,47114.68,3008378494.84,1703814.69,2028.07,3455455463.09,394746540.00,9360943983.03,816454553.57,90.00,8342582589.26,62461369735.06,83.00,63838896.01,423.00,4804666695.00,43732383.64,137.00,3772433767.00,96524603100.50,0.10,0.65,0.06,99319151869.53,93704952521.56
1/9/24,0.00,63852.25,45427.01,2900616962.04,1703814.69,2030.20,3459084588.39,394746540.00,9360943983.03,816924014.94,90.00,8342582589.26,62518972998.26,83.00,64739024.44,423.00,4804666695.00,44309881.91,137.00,3772433767.00,96480021044.26,0.10,0.65,0.06,99634469820.13,94083713350.78
1/10/24,0.00,63852.25,45945.61,2933730740.75,1703814.69,2024.41,3449219501.32,394746540.00,9360943983.03,816307237.31,90.00,8342582589.26,62518972998.26,83.00,65043297.86,423.00,4804666695.00,43814128.18,137.00,3772433767.00,96502461477.96,0.10,0.65,0.06,99683021592.19,94064205857.58
1/11/24,0.00,63852.25,46163.13,2947619882.94,1703814.69,2028.91,3456886667.43,394746540.00,9360943983.03,818852075.12,90.00,8342582589.26,62605457577.57,83.00,71004516.11,423.00,4804666695.00,45298088.37,137.00,3772433767.00,96620492381.83,0.10,0.65,0.06,100249072915.08,94504765887.63
1/12/24,0.00,63852.25,43426.60,2772886275.45,1703814.69,2049.06,3491218533.48,394746540.00,9360943983.03,818332104.05,90.00,8342582589.26,62764231974.15,83.00,77428649.70,423.00,4804666695.00,45458405.85,137.00,3772433767.00,96644929516.97,0.10,0.65,0.06,100743122600.10,95062620421.88
1/13/24,0.00,63852.25,42962.51,2743253083.08,1703814.69,2049.06,3491218533.48,394746540.00,9360943983.03,818332104.05,90.00,8342582589.26,62764231974.15,83.00,77428649.70,423.00,4804666695.00,45458405.85,137.00,3772433767.00,96615296324.61,0.10,0.65,0.06,100623248455.14,95002649650.03
1/14/24,0.00,63852.25,42516.04,2714744967.42,1703814.69,2049.06,3491218533.48,394746540.00,9360943983.03,818332104.05,90.00,8342582589.26,62764231974.15,83.00,77428649.70,423.00,4804666695.00,45458405.85,137.00,3772433767.00,96586788208.95,0.10,0.65,0.06,100617671932.87,94996286994.14
1/15/24,0.00,63852.25,42687.31,2725680942.90,1703814.69,2056.55,3503980105.53,394746540.00,9360943983.03,818332104.05,90.00,8342582589.26,62764231974.15,83.00,77428649.70,423.00,4804666695.00,45458405.85,137.00,3772433767.00,96610485756.46,0.10,0.65,0.06,100730042624.74,95050997231.00
1/16/24,0.00,63852.25,43434.42,2773385600.07,1703814.69,2028.44,3456085874.53,394746540.00,9360683956.81,822141440.00,90.00,8342119112.45,62793173258.89,83.00,72515801.88,423.00,4804666695.00,44975751.23,137.00,3772433767.00,96636927797.85,0.10,0.65,0.06,100950040325.41,95255892093.40
1/17/24,0.00,63852.25,42637.06,2722472367.15,1703814.69,2006.25,3418278226.50,394746540.00,9360683956.81,819744897.70,90.00,8342119112.45,62604968164.60,83.00,63739576.96,423.00,4804666695.00,43852956.58,137.00,3772433767.00,96347706260.75,0.10,0.65,0.05,100460608030.73,95104647039.71
1/18/24,0.00,63852.25,41069.92,2622406946.47,1703814.69,2023.34,3447396419.60,394746540.00,9360943975.81,818056223.21,90.00,8342582563.51,62778175243.19,83.00,64413622.98,423.00,4804666695.00,43627662.02,137.00,3772433767.00,96449449658.78,0.10,0.65,0.06,100891002385.59,95125787221.11
1/19/24,0.00,63852.25,41602.18,2656392946.97,1703814.69,2029.49,3457874879.95,394746540.00,9360943975.81,818467296.46,90.00,8342582563.51,62937387670.96,83.00,61310496.69,423.00,4804666695.00,43627662.02,137.00,3772433767.00,96650434494.37,0.10,0.65,0.06,100813609566.34,94955321534.46
1/20/24,0.00,63852.25,41702.95,2662827338.56,1703814.69,2029.49,3457874879.95,394746540.00,9360943975.81,818467296.46,90.00,8342582563.51,62937387670.96,83.00,61310496.69,423.00,4804666695.00,43627662.02,137.00,3772433767.00,96656868885.96,0.10,0.65,0.06,100623723826.65,94967646330.99
1/21/24,0.00,63852.25,41760.99,2666533323.36,1703814.69,2029.49,3457874879.95,394746540.00,9360943975.81,818467296.46,90.00,8342582563.51,62937387670.96,83.00,61310496.69,423.00,4804666695.00,43627662.02,137.00,3772433767.00,96660574870.76,0.10,0.65,0.06,100637574172.12,94983399557.00
1/22/24,0.00,63852.25,39815.45,2542306209.92,1703814.69,2021.70,3444602163.50,394746540.00,9360943975.81,817898461.69,90.00,8342582563.51,62835813720.30,83.00,61022337.36,423.00,4804666695.00,43526385.25,137.00,3772433767.00,96420542819.34,0.10,0.65,0.05,100306446266.59,94910190842.17
1/23/24,0.00,63852.25,39201.77,2503121358.94,1703814.69,2029.28,3457517078.87,394746540.00,9360943975.81,816653211.28,90.00,8342582563.51,62821326574.36,83.00,62814868.52,423.00,4804666695.00,43433625.69,137.00,3772433767.00,96380240258.97,0.10,0.65,0.06,100364527111.92,94768937396.34
1/24/24,0.00,63852.25,39765.38,2539109127.58,1703814.69,2013.89,3431295370.75,394746540.00,9360943975.81,816779792.53,90.00,8342582563.51,62705456127.56,83.00,64217210.46,423.00,4804666695.00,43375774.51,137.00,3772433767.00,96275606944.72,0.10,0.65,0.06,101147284881.24,95571888926.81
1/25/24,0.00,63852.25,39904.41,2547986506.40,1703814.69,2020.84,3443136882.86,394746540.00,9360683949.59,817690502.00,90.00,8342119086.70,62878941222.85,83.00,68442702.91,423.00,4804666695.00,44721086.20,137.00,3772433767.00,96475568941.51,0.10,0.65,0.06,101404579830.22,95512604443.58
1/26/24,0.00,63852.25,41994.36,2681434523.78,1703814.69,2018.52,3439184032.78,394746540.00,9360683949.59,818132054.87,90.00,8342119086.70,62864444133.62,83.00,67155980.09,423.00,4804666695.00,43919498.00,137.00,3772433767.00,96588920261.43,0.10,0.65,0.06,101328325154.31,95526771968.37
1/27/24,0.00,63852.25,42151.09,2691442087.48,1703814.69,2018.52,3439184032.78,394746540.00,9360683949.59,818132054.87,90.00,8342119086.70,62864444133.62,83.00,67155980.09,423.00,4804666695.00,43919498.00,137.00,3772433767.00,96598927825.13,0.10,0.65,0.06,101243725539.09,95549259109.50
1/28/24,0.00,63852.25,41971.79,2679993378.41,1703814.69,2018.52,3439184032.78,394746540.00,9360683949.59,818132054.87,90.00,8342119086.70,62864444133.62,83.00,67155980.09,423.00,4804666695.00,43919498.00,137.00,3772433767.00,96587479116.07,0.10,0.65,0.06,101745060277.22,96043727984.63
1/29/24,0.00,63852.25,43185.40,2757485111.88,1703814.69,2033.23,3464247146.90,394746540.00,9360943968.59,819107677.35,90.00,8342582537.76,62835456639.94,83.00,68497420.80,423.00,4804666695.00,44583036.22,137.00,3772433767.00,96664750541.43,0.10,0.65,0.06,101806387363.84,96013416643.31
1/30/24,0.00,63852.25,43547.31,2780593880.98,1703814.69,2037.01,3470687566.44,394746540.00,9360943968.59,820383437.55,90.00,8342582537.76,62849943703.55,83.00,66243855.65,423.00,4804666695.00,45139531.58,137.00,3772433767.00,96708365484.10,0.10,0.65,0.06,101871738043.27,96108546237.89
1/31/24,0.00,63852.25,42458.43,2711066439.10,1703814.69,2039.52,3474964141.32,394746540.00,9360683942.36,818558084.40,90.00,8342119060.95,62734020474.06,83.00,72081595.43,423.00,4804666695.00,45373153.74,137.00,3772433767.00,96530713893.36,0.10,0.65,0.05,101517244564.65,95993659299.88
2/1/24,0.00,63852.25,43085.26,2751090947.21,1703814.69,2054.99,3501322154.61,394746540.00,9360683942.36,827306423.93,90.00,8342119060.95,62748484151.00,83.00,74283688.17,423.00,4804666695.00,46372913.37,137.00,3772433767.00,96623510283.60,0.10,0.65,0.06,101959803200.52,96142607456.75
2/2/24,0.00,63852.25,42979.38,2744330270.60,1703814.69,2039.76,3475373056.84,394746540.00,9360683942.36,823608364.22,90.00,8342119060.95,62676149092.88,83.00,63984254.81,423.00,4804666695.00,44862289.95,137.00,3772433767.00,96502957334.62,0.10,0.65,0.05,101848456190.76,96250022548.62
2/3/24,0.00,63852.25,43028.90,2747492234.20,1703814.69,2039.76,3475373056.84,394746540.00,9360683942.36,823608364.22,90.00,8342119060.95,62676149092.88,83.00,63984254.81,423.00,4804666695.00,44862289.95,137.00,3772433767.00,96506119298.21,0.10,0.65,0.06,101942726302.30,96215760125.46
2/4/24,0.00,63852.25,42759.88,2730314700.94,1703814.69,2039.76,3475373056.84,394746540.00,9360683942.36,823608364.22,90.00,8342119060.95,62676149092.88,83.00,63984254.81,423.00,4804666695.00,44862289.95,137.00,3772433767.00,96488941764.95,0.10,0.65,0.06,101916899013.47,96211660645.14
2/5/24,0.00,63852.25,42342.38,2703656385.07,1703814.69,2025.11,3450412171.60,394746540.00,9360943961.36,818322857.54,90.00,8342582512.01,62647248424.13,83.00,59398183.34,423.00,4804666695.00,44133290.20,137.00,3772433767.00,96398544787.26,0.10,0.65,0.06,101764541984.59,96140803757.77
2/6/24,0.00,63852.25,43163.65,2756096325.37,1703814.69,2036.14,3469205247.66,394746540.00,9360943961.36,817003311.93,90.00,8342582512.01,62618361081.80,83.00,63166998.08,423.00,4804666695.00,44541412.80,137.00,3772433767.00,96443747853.01,0.10,0.65,0.06,101886259054.55,96120543211.64
2/7/24,0.00,63852.25,44188.33,2821524452.57,1703814.69,2035.36,3467876272.20,394746540.00,9360943961.36,818702678.82,90.00,8342582512.01,62531739015.64,83.00,62647449.52,423.00,4804666695.00,44390553.51,137.00,3772433767.00,96422253897.63,0.10,0.65,0.06,101813101785.55,96117987589.63
2/8/24,0.00,63852.25,45331.74,2894533757.84,1703814.69,2034.52,3466445067.86,394746540.00,9360943961.36,821345041.72,90.00,8342582512.01,62474070856.33,83.00,60807180.69,423.00,4804666695.00,43873625.52,137.00,3772433767.00,96436449005.31,0.10,0.65,0.06,101959134160.70,96220233912.91
2/9/24,0.00,63852.25,47547.04,3035985655.20,1703814.69,2024.26,3448963929.11,394746540.00,9360943961.36,819763952.51,90.00,8342582512.01,62517282088.67,83.00,59378211.94,423.00,4804666695.00,43684956.74,137.00,3772433767.00,96600432269.55,0.10,0.65,0.06,102168578233.96,96268386138.42
2/10/24,0.00,63852.25,47954.54,3062005448.54,1703814.69,2024.26,3448963929.11,394746540.00,9360943961.36,819763952.51,90.00,8342582512.01,62517282088.67,83.00,59378211.94,423.00,4804666695.00,43684956.74,137.00,3772433767.00,96626452062.88,0.10,0.65,0.06,102026467932.84,96272021104.86
2/11/24,0.00,63852.25,48133.20,3073413292.16,1703814.69,2024.26,3448963929.11,394746540.00,9360943961.36,819763952.51,90.00,8342582512.01,62517282088.67,83.00,59378211.94,423.00,4804666695.00,43684956.74,137.00,3772433767.00,96637859906.51,0.10,0.65,0.06,102093294199.06,96349651423.54
2/12/24,0.00,63852.25,49843.24,3182603199.88,1703814.69,2020.05,3441790869.26,394746540.00,9360943961.36,820280403.80,90.00,8342582512.01,62387558728.33,83.00,58610748.55,423.00,4804666695.00,43964249.23,137.00,3772433767.00,96610181674.43,0.10,0.65,0.06,102233022001.15,96520553678.62
2/13/24,0.00,63852.25,49563.06,3164713075.47,1703814.69,1993.15,3395958254.03,394746540.00,9360943961.36,820186071.55,90.00,8342582512.01,62373174930.07,83.00,48969280.42,423.00,4804666695.00,42018452.62,137.00,3772433767.00,96520393539.54,0.10,0.65,0.06,102352433095.62,96695482935.42
2/14/24,0.00,63852.25,51772.71,3305804207.60,1703814.69,1992.33,3394561125.99,394746540.00,9361203987.58,816353752.13,90.00,8343045988.82,62387555412.07,83.00,52881925.92,423.00,4804666695.00,42984270.10,137.00,3772433767.00,96676237672.21,0.10,0.65,0.06,102684060132.18,96762387718.78
2/15/24,0.00,63852.25,51371.31,3280173913.01,1703814.69,2004.40,3415126169.32,394746540.00,9360943954.14,817698694.94,90.00,8342582486.26,62560160982.04,83.00,52571244.61,423.00,4804666695.00,42822326.86,137.00,3772433767.00,96843926773.19,0.10,0.65,0.06,102926457558.19,96979195440.38
2/16/24,0.00,63852.25,52016.40,3321364363.27,1703814.69,2013.59,3430784226.35,394746540.00,9361203980.36,818735128.04,90.00,8343045963.07,62574584574.71,83.00,51335820.36,423.00,4804666695.00,42178624.02,137.00,3772433767.00,96915079682.18,0.10,0.65,0.06,103127578045.94,97265775292.21
2/17/24,0.00,63852.25,51808.28,3308075432.26,1703814.69,2013.59,3430784226.35,394746540.00,9361203980.36,818735128.04,90.00,8343045963.07,62574584574.71,83.00,51335820.36,423.00,4804666695.00,42178624.02,137.00,3772433767.00,96901790751.16,0.10,0.65,0.06,103373909662.88,97583119422.96
2/18/24,0.00,63852.25,51872.49,3312175385.46,1703814.69,2013.59,3430784226.35,394746540.00,9361203980.36,818735128.04,90.00,8343045963.07,62574584574.71,83.00,51335820.36,423.00,4804666695.00,42178624.02,137.00,3772433767.00,96905890704.36,0.10,0.65,0.06,103533922157.75,97716632679.09
2/19/24,0.00,63852.25,51906.55,3314350193.22,1703814.69,2017.21,3436952035.53,394746540.00,9361203980.36,818735128.04,90.00,8343045963.07,62574584574.71,83.00,51335820.36,423.00,4804666695.00,42178624.02,137.00,3772433767.00,96914233321.31,0.10,0.65,0.06,103480416155.65,97661857628.50
2/20/24,0.00,63852.25,52037.65,3322721223.66,1703814.69,2024.41,3449219501.32,394746540.00,9361203980.36,816336234.11,90.00,8343045963.07,62689999919.60,83.00,53085088.44,423.00,4804666695.00,42936245.84,137.00,3772433767.00,97050395158.39,0.10,0.65,0.06,103630437438.35,97674633134.29
2/21/24,0.00,63852.25,51388.56,3281275364.38,1703814.69,2025.99,3451911528.53,394746540.00,9361203980.36,817113794.38,90.00,8343045963.07,62299754670.10,83.00,50465339.32,423.00,4804666695.00,42026128.62,137.00,3772433767.00,96618643770.76,0.10,0.64,0.05,103240646799.43,97879397783.32
2/22/24,0.00,63852.25,51650.63,3298009124.48,1703814.69,2024.39,3449185425.02,394746540.00,9361203980.36,816725665.32,90.00,8343045963.07,62199209788.25,83.00,49160810.30,423.00,4804666695.00,41491953.18,137.00,3772433767.00,96529879711.99,0.10,0.64,0.06,103887525512.69,98144682611.99
2/23/24,0.00,63852.25,50981.20,3255264510.37,1703814.69,2035.40,3467944424.79,394746540.00,9360943946.92,815349482.58,90.00,8342582460.51,62141848294.78,83.00,49738449.82,423.00,4804666695.00,41239313.29,137.00,3772433767.00,96446757885.05,0.10,0.64,0.06,103518236013.23,97790168760.62
2/24/24,0.00,63852.25,51561.02,3292287324.04,1703814.69,2035.40,3467944424.79,394746540.00,9360943946.92,815349482.58,90.00,8342582460.51,62141848294.78,83.00,49738449.82,423.00,4804666695.00,41239313.29,137.00,3772433767.00,96483780698.72,0.10,0.64,0.06,103797635772.92,97932080922.40
2/25/24,0.00,63852.25,51769.03,3305569231.31,1703814.69,2035.40,3467944424.79,394746540.00,9360943946.92,815349482.58,90.00,8342582460.51,62141848294.78,83.00,49738449.82,423.00,4804666695.00,41239313.29,137.00,3772433767.00,96497062605.99,0.10,0.64,0.06,103680812159.16,97845940204.68
2/26/24,0.00,63852.25,54656.39,3489933674.21,1703814.69,2031.24,3460856555.67,394746540.00,9360943946.92,813873700.01,90.00,8342582460.51,62084539701.35,83.00,47692956.07,423.00,4804666695.00,41231466.36,137.00,3772433767.00,96613501463.11,0.10,0.64,0.06,103855387729.96,97906044227.10
2/27/24,0.00,63852.25,56731.14,3622411137.33,1703814.69,2030.48,3459561656.50,394746540.00,9360943946.92,812785143.94,90.00,8342582460.51,62442388089.91,83.00,48253348.31,423.00,4804666695.00,41250295.40,137.00,3772433767.00,97102023080.82,0.10,0.64,0.06,104524780435.34,98159651669.31
2/28/24,0.00,63852.25,60550.68,3866297373.98,1703814.69,2034.55,3466496182.30,394746540.00,9360943946.92,813173248.85,90.00,8342582460.51,62298423695.15,83.00,49217208.94,423.00,4804666695.00,41085466.09,137.00,3772433767.00,97210066584.74,0.10,0.64,0.06,104351657126.87,98383119474.09
2/29/24,0.00,63852.25,61430.64,3922484803.05,1703814.69,2044.30,3483108375.55,394746540.00,9360683920.70,814744706.15,90.00,8342118983.71,62499509162.74,83.00,49390699.60,423.00,4804666695.00,40979146.04,137.00,3772433767.00,97484866799.53,0.10,0.64,0.06,104557451057.55,98408639152.57
3/1/24,0.00,63852.25,62589.24,3996464024.05,1703814.69,2082.92,3548909698.97,394746540.00,9360943939.69,815233552.97,90.00,8342582434.77,62600376426.14,83.00,52814709.85,423.00,4804666695.00,42125366.90,137.00,3772433767.00,97731297155.34,0.10,0.64,0.06,104964404388.63,98821123301.18
3/2/24,0.00,63852.25,61971.26,3957004608.38,1703814.69,2082.92,3548909698.97,394746540.00,9360943939.69,815233552.97,90.00,8342582434.77,62600376426.14,83.00,52814709.85,423.00,4804666695.00,42125366.90,137.00,3772433767.00,97691837739.67,0.10,0.64,0.06,105137787939.00,99274662637.21
3/3/24,0.00,63852.25,62855.02,4013434676.00,1703814.69,2082.92,3548909698.97,394746540.00,9360943939.69,815233552.97,90.00,8342582434.77,62600376426.14,83.00,52814709.85,423.00,4804666695.00,42125366.90,137.00,3772433767.00,97748267807.29,0.10,0.64,0.06,105200756943.38,99236691116.66
3/4/24,0.00,63852.25,67494.73,4309690615.48,1703814.69,2114.48,3602682090.66,394746540.00,9360943939.69,816733582.71,90.00,8342582434.77,62542644967.88,83.00,49898017.50,423.00,4804666695.00,41607564.23,137.00,3772433767.00,98038630214.91,0.10,0.64,0.06,105793927789.49,99558140762.95
3/5/24,0.00,63852.25,63330.43,4043790675.88,1703814.69,2128.04,3625785817.88,394746540.00,9360943939.69,816196580.38,90.00,8342582434.77,62672420956.19,83.00,52419114.83,423.00,4804666695.00,41830823.49,137.00,3772433767.00,97927817345.11,0.10,0.64,0.06,105410053791.43,99604141292.37
3/6/24,0.00,63852.25,66481.26,4244978272.04,1703814.69,2148.18,3660100645.79,394746540.00,9360943939.69,816574071.30,90.00,8342582434.77,62397880934.39,83.00,51618412.85,423.00,4804666695.00,41657306.91,137.00,3772433767.00,97888183019.73,0.10,0.64,0.06,106377971426.05,100445783977.86
3/7/24,0.00,63852.25,67332.89,4299356766.76,1703814.69,2159.98,3680205659.16,394746540.00,9360943939.69,817251827.78,90.00,8342582434.77,62441039468.70,83.00,53013400.46,423.00,4804666695.00,41960097.67,137.00,3772433767.00,98008200596.98,0.10,0.64,0.06,106634773767.45,100524264534.42
3/8/24,0.00,63852.25,68398.85,4367420714.99,1703814.69,2178.95,3712527023.87,394746540.00,9360943939.69,817329466.70,90.00,8342582434.77,62455435597.25,83.00,53574017.17,423.00,4804666695.00,42566887.30,137.00,3772433767.00,98124227083.74,0.10,0.64,0.06,106945754747.66,100821677144.31
3/9/24,0.00,63852.25,68532.10,4375929027.77,1703814.69,2178.95,3712527023.87,394746540.00,9360943939.69,817329466.70,90.00,8342582434.77,62455435597.25,83.00,53574017.17,423.00,4804666695.00,42566887.30,137.00,3772433767.00,98132735396.53,0.10,0.64,0.06,107275176597.16,101243181280.86
3/10/24,0.00,63852.25,69430.41,4433288145.69,1703814.69,2178.95,3712527023.87,394746540.00,9360943939.69,817329466.70,90.00,8342582434.77,62455435597.25,83.00,53574017.17,423.00,4804666695.00,42566887.30,137.00,3772433767.00,98190094514.44,0.10,0.64,0.06,107934695159.48,101814936996.92
3/11/24,0.00,63852.25,72115.85,4604759541.55,1703814.69,2182.75,3719001519.70,394746540.00,9360943939.69,818526854.37,90.00,8342582434.77,62268242777.78,83.00,51496684.65,423.00,4804666695.00,41684038.24,137.00,3772433767.00,98179084792.75,0.10,0.63,0.06,108370832508.89,102297568054.78
3/12/24,0.00,63852.25,71063.39,4537557598.75,1703814.69,2158.34,3677411403.06,394746540.00,9360943939.69,816443703.53,90.00,8342582434.77,62368736802.93,83.00,49136849.08,423.00,4804666695.00,41776044.17,137.00,3772433767.00,98166435777.97,0.10,0.64,0.06,108091887460.38,102035960671.74
3/13/24,0.00,63852.25,73157.29,4671257832.52,1703814.69,2174.41,3704791705.17,394746540.00,9360943939.69,815604807.62,90.00,8342582434.77,62253701132.82,83.00,47231567.76,423.00,4804666695.00,41597985.39,137.00,3772433767.00,98209558407.74,0.10,0.63,0.06,108554743833.14,102414694159.28
3/14/24,0.00,63852.25,70681.39,4513166037.88,1703814.69,2162.19,3683971089.63,394746540.00,9360943939.69,815549754.30,90.00,8342582434.77,62239348196.17,83.00,45455660.81,423.00,4804666695.00,40714652.17,137.00,3772433767.00,98013578767.41,0.10,0.64,0.05,108653489975.70,102757940827.67
3/15/24,0.00,63852.25,67859.14,4332959015.20,1703814.69,2155.90,3673254095.21,394746540.00,9360943939.69,815521210.05,90.00,8342582434.77,62325445961.18,83.00,45135198.40,423.00,4804666695.00,40768881.82,137.00,3772433767.00,97908457738.33,0.10,0.64,0.06,108936685348.13,102930574059.65
3/16/24,0.00,63852.25,67096.54,4284265286.62,1703814.69,2155.90,3673254095.21,394746540.00,9360943939.69,815521210.05,90.00,8342582434.77,62325445961.18,83.00,45135198.40,423.00,4804666695.00,40768881.82,137.00,3772433767.00,97859764009.75,0.10,0.64,0.06,109468288849.34,103373346487.37
3/17/24,0.00,63852.25,68271.21,4359270613.34,1703814.69,2155.90,3673254095.21,394746540.00,9360943939.69,815521210.05,90.00,8342582434.77,62325445961.18,83.00,45135198.40,423.00,4804666695.00,40768881.82,137.00,3772433767.00,97934769336.47,0.10,0.64,0.06,109123352948.28,102917484336.04
3/18/24,0.00,63852.25,67352.39,4300601885.70,1703814.69,2160.36,3680853108.74,394746540.00,9360943939.69,814944228.80,90.00,8342582434.77,62339815439.00,83.00,44551825.96,423.00,4804666695.00,40730094.76,137.00,3772433767.00,97896869959.42,0.10,0.64,0.06,109606105323.57,103492063270.97
3/19/24,0.00,63852.25,63749.51,4070549878.31,1703814.69,2157.59,3676133542.04,394746540.00,9360943939.69,814844398.13,90.00,8342582434.77,62483543346.81,83.00,44133038.80,423.00,4804666695.00,40872695.35,137.00,3772433767.00,97805450275.91,0.10,0.64,0.06,109404676503.06,103358414046.23
3/20/24,0.00,63852.25,67078.54,4283115946.06,1703814.69,2186.39,3725203405.18,394746540.00,9360943939.69,815757023.86,90.00,8342582434.77,62382701850.47,83.00,49577952.46,423.00,4804666695.00,41482425.14,137.00,3772433767.00,97973211979.62,0.10,0.64,0.06,110149958381.10,103787308309.56
3/21/24,0.00,63852.25,65466.78,4180201437.82,1703814.69,2181.33,3716582102.84,394746540.00,9360943939.69,817502743.89,90.00,8342582434.77,62353936493.50,83.00,48937157.42,423.00,4804666695.00,41570828.79,137.00,3772433767.00,97834104140.73,0.10,0.64,0.05,109719101311.69,103705912309.61
3/22/24,0.00,63852.25,63509.03,4055194688.37,1703814.69,2165.44,3689508487.38,394746540.00,9360943939.69,819031474.02,90.00,8342582434.77,62612705329.95,83.00,50547189.90,423.00,4804666695.00,42067577.10,137.00,3772433767.00,97944428123.18,0.10,0.64,0.06,110231271426.24,103924885647.43
3/23/24,0.00,63852.25,65011.85,4151153132.10,1703814.69,2165.44,3689508487.38,394746540.00,9360943939.69,819031474.02,90.00,8342582434.77,62612705329.95,83.00,50547189.90,423.00,4804666695.00,42067577.10,137.00,3772433767.00,98040386566.91,0.10,0.64,0.06,110340198696.26,104042955962.92
3/24/24,0.00,63852.25,66153.20,4224030901.73,1703814.69,2165.44,3689508487.38,394746540.00,9360943939.69,819031474.02,90.00,8342582434.77,62612705329.95,83.00,50547189.90,423.00,4804666695.00,42067577.10,137.00,3772433767.00,98113264336.54,0.10,0.64,0.06,110263395828.51,103995094518.04
3/25/24,0.00,63852.25,70959.89,4530948890.50,1703814.69,2171.83,3700395863.26,394746540.00,9360943939.69,820040930.31,90.00,8342582434.77,62396169724.02,83.00,49834474.53,423.00,4804666695.00,41965119.18,137.00,3772433767.00,98214728378.26,0.10,0.64,0.06,110331824485.62,104029403026.70
3/26/24,0.00,63852.25,69825.01,4458484244.95,1703814.69,2178.80,3712271451.67,394746540.00,9360683913.47,819657561.17,90.00,8342118957.96,62798971664.13,83.00,49073252.93,423.00,4804666695.00,41920403.02,137.00,3772433767.00,98555028451.30,0.10,0.64,0.06,110346320001.66,103791045667.35
3/27/24,0.00,63852.25,68862.16,4397004102.59,1703814.69,2194.79,3739515448.60,394746540.00,9360423894.48,821196468.25,90.00,8341655506.91,62625227842.52,83.00,49130914.00,423.00,4804666695.00,42162889.26,137.00,3772433767.00,98348164068.60,0.10,0.64,0.05,110136275341.29,104171067977.45
3/28/24,0.00,63852.25,70712.89,4515177383.87,1703814.69,2229.87,3799285268.00,394746540.00,9360163882.70,821951969.00,90.00,8341192081.60,62682982219.31,83.00,47110405.16,423.00,4804666695.00,41931836.63,137.00,3772433767.00,98581642048.27,0.10,0.64,0.06,110783216069.52,104315388264.08
3/29/24,0.00,63852.25,69654.16,4447575087.43,1703814.69,2229.87,3799285268.00,394746540.00,9360163882.70,821951969.00,90.00,8341192081.60,62682982219.31,83.00,47110405.16,423.00,4804666695.00,41931836.63,137.00,3772433767.00,98514039751.83,0.10,0.64,0.06,110498219389.72,104365606173.61
3/30/24,0.00,63852.25,69857.12,4460534540.82,1703814.69,2229.87,3799285268.00,394746540.00,9360163882.70,821951969.00,90.00,8341192081.60,62682982219.31,83.00,47110405.16,423.00,4804666695.00,41931836.63,137.00,3772433767.00,98526999205.22,0.10,0.64,0.06,110787240437.48,104553076925.75
3/31/24,0.00,75354.39,70845.76,5338538713.88,1637135.79,2229.87,3650599989.00,100264024.00,11311946813.00,838514084.00,90.00,6279586483.00,74045290303.00,90.00,122452086.00,250.00,4735309369.00,25111317.00,150.00,3805605037.00,110253218218.88,0.10,0.67,0.06,110839765643.29,104538350178.94
4/1/24,0.00,75354.39,69767.89,5257316482.33,1637135.79,2251.44,3685913008.04,100264024.00,11311632592.26,837700725.34,90.00,6279237617.08,73971245012.70,90.00,120581290.24,250.00,4735309369.00,24761851.17,150.00,3805605037.00,110129567009.15,0.10,0.67,0.06,110685797205.40,104510345551.65
4/2/24,0.00,75354.39,65702.14,4950944389.26,1637135.79,2280.67,3733766487.24,100264024.00,11311946804.27,836442080.00,90.00,6279586463.62,74156173125.23,90.00,122758452.43,250.00,4735309369.00,25161136.02,150.00,3805605037.00,110057957368.07,0.10,0.67,0.06,110691317896.01,104466269110.31
4/3/24,0.00,75354.39,65742.20,4953963085.95,1637135.79,2300.00,3765412322.11,100264024.00,11312575245.76,836816387.83,90.00,6280284195.45,74137634081.95,90.00,121820714.25,250.00,4735309369.00,24932589.04,150.00,3805605037.00,110074617052.32,0.10,0.67,0.06,110991804357.60,104665901774.14
4/4/24,0.00,75354.39,67948.37,5120207670.72,1637135.79,2290.94,3750579871.83,100264024.00,11312575245.76,837755714.22,90.00,6280284195.45,74230306124.55,90.00,124358645.80,250.00,4735309369.00,25275412.14,150.00,3805605037.00,110322521310.47,0.10,0.67,0.06,111932732552.66,105331957106.90
4/5/24,0.00,75354.39,67660.41,5098508621.86,1637135.79,2329.75,3814117111.93,100264024.00,11312575245.76,839525473.17,90.00,6280284195.45,74007615206.18,90.00,120299717.77,250.00,4735309369.00,24980532.33,150.00,3805605037.00,110139084534.44,0.10,0.67,0.06,112449202697.27,106232925072.30
4/6/24,0.00,75354.39,68409.01,5154918914.88,1637135.79,2329.75,3814117111.93,100264024.00,11312575245.76,839525473.17,90.00,6280284195.45,74007615206.18,90.00,120299717.77,250.00,4735309369.00,24980532.33,150.00,3805605037.00,110195494827.47,0.10,0.67,0.06,113177954904.84,106688966458.95
4/7/24,0.00,75354.39,69318.14,5223425847.42,1637135.79,2329.75,3814117111.93,100264024.00,11312575245.76,839525473.17,90.00,6280284195.45,74007615206.18,90.00,120299717.77,250.00,4735309369.00,24980532.33,150.00,3805605037.00,110264001760.01,0.10,0.67,0.06,113301061952.65,106793326057.98
4/8/24,0.00,75354.39,71706.37,5403389451.63,1637135.79,2339.03,3829309732.08,100264024.00,11312889483.96,838719528.72,90.00,6280633100.13,73952109494.77,90.00,119255449.39,250.00,4735309369.00,24959715.22,150.00,3805605037.00,110402444385.89,0.10,0.67,0.06,113495297329.17,106908680868.16
4/9/24,0.00,75354.39,69127.20,5209037681.04,1637135.79,2352.78,3851820349.22,100264024.00,11312889483.96,836909991.33,90.00,6280633100.13,74192453850.63,90.00,122029794.91,250.00,4735309369.00,24990914.86,150.00,3805605037.00,110471943596.09,0.10,0.67,0.06,113575338370.04,107051011825.39
4/10/24,0.00,75354.39,69807.51,5260302023.08,1637135.79,2334.04,3821140424.48,100264024.00,11312889483.96,838362030.17,90.00,6280633100.13,73357788744.81,90.00,112665703.01,250.00,4735309369.00,23660148.64,150.00,3805605037.00,109648620088.28,0.10,0.67,0.05,112735462207.86,107124650258.78
4/11/24,0.00,75354.39,70509.59,5313206830.09,1637135.79,2372.52,3884137409.76,100264024.00,11312889483.96,832149767.53,90.00,6280633100.13,73467825427.93,90.00,114778184.94,250.00,4735309369.00,23579309.80,150.00,3805605037.00,109870377944.14,0.10,0.67,0.06,113855553760.84,107165949185.66
4/12/24,0.00,75354.39,67127.64,5058362065.87,1637135.79,2344.37,3838052037.21,100264024.00,11312889483.96,832337001.22,90.00,6280633100.13,73688228904.21,90.00,116452033.47,250.00,4735309369.00,23861279.05,150.00,3805605037.00,109791994335.12,0.10,0.67,0.06,113713609683.00,107325379612.11
4/13/24,0.00,75354.39,61967.01,4669485963.15,1637135.79,2344.37,3838052037.21,100264024.00,11312889483.96,832337001.22,90.00,6280633100.13,73688228904.21,90.00,116452033.47,250.00,4735309369.00,23861279.05,150.00,3805605037.00,109403118232.40,0.10,0.67,0.05,113463558450.48,107393356511.04
4/14/24,0.00,75354.39,63863.84,4812420422.30,1637135.79,2344.37,3838052037.21,100264024.00,11312889483.96,832337001.22,90.00,6280633100.13,73688228904.21,90.00,116452033.47,250.00,4735309369.00,23861279.05,150.00,3805605037.00,109546052691.55,0.10,0.67,0.06,114000869067.69,107379449339.83
4/15/24,0.00,75354.39,63152.49,4758817080.13,1637135.79,2383.34,3901851219.03,100264024.00,11312575237.03,834540613.43,90.00,6280284176.06,73725073018.66,90.00,114834644.12,250.00,4735309369.00,23467567.95,150.00,3805605037.00,109592621986.42,0.10,0.67,0.06,114297063614.28,107753288138.42
4/16/24,0.00,75354.39,63039.97,4750338204.67,1637135.79,2382.89,3901114507.93,100264024.00,11312889475.23,832483470.82,90.00,6280633080.74,73964679505.97,90.00,113558703.63,250.00,4735309369.00,23525259.05,150.00,3805605037.00,109820400638.05,0.10,0.67,0.06,114579291643.95,107841139879.76
4/17/24,0.00,75354.39,60855.27,4585711478.55,1637135.79,2361.02,3865310348.15,100264024.00,11312889475.23,832560475.54,90.00,6280633080.74,73372962069.93,90.00,114820467.00,250.00,4735309369.00,23658568.85,150.00,3805605037.00,109029724394.00,0.10,0.67,0.05,113753701013.84,108064659123.58
4/18/24,0.00,75354.39,63528.51,4787151836.19,1637135.79,2379.04,3894811535.13,100264024.00,11313203722.16,832976755.78,90.00,6280982004.80,73372962069.93,90.00,113863629.78,250.00,4735309369.00,23397338.82,150.00,3805605037.00,109260527322.58,0.10,0.67,0.06,115516522632.33,108719080825.01
4/19/24,0.00,75354.39,64071.26,4828050428.95,1637135.79,2391.93,3915914215.49,100264024.00,11312889466.50,832593586.47,90.00,6280633061.36,73409648550.96,90.00,114140381.66,250.00,4735309369.00,23494827.73,150.00,3805605037.00,109358542949.12,0.10,0.67,0.06,115763571915.42,109084372698.52
4/20/24,0.00,75354.39,64756.57,4879691542.91,1637135.79,2391.93,3915914215.49,100264024.00,11312889466.50,832593586.47,90.00,6280633061.36,73409648550.96,90.00,114140381.66,250.00,4735309369.00,23494827.73,150.00,3805605037.00,109410184063.08,0.10,0.67,0.06,116493547999.69,109818847614.42
4/21/24,0.00,75354.39,64657.01,4872189260.29,1637135.79,2391.93,3915914215.49,100264024.00,11312889466.50,832593586.47,90.00,6280633061.36,73409648550.96,90.00,114140381.66,250.00,4735309369.00,23494827.73,150.00,3805605037.00,109402681780.46,0.10,0.67,0.06,116386005001.04,109776804505.00
4/22/24,0.00,75354.39,66538.41,5013961001.27,1637135.79,2327.30,3810106129.24,100264024.00,11312889466.50,833313779.92,90.00,6280633061.36,73409648550.96,90.00,114061117.50,250.00,4735309369.00,23536922.63,150.00,3805605037.00,109439328459.38,0.10,0.67,0.06,116529695727.92,109867996220.01
4/23/24,0.00,75354.39,66353.70,5000042292.71,1637135.79,2322.02,3801462052.25,100264024.00,11312889466.50,833186699.57,90.00,6280633061.36,73923516090.82,90.00,115447276.92,250.00,4735309369.00,23909590.57,150.00,3805605037.00,109932264960.71,0.10,0.67,0.06,117040458182.94,109891550171.74
4/24/24,0.00,75354.39,64049.70,4826425788.40,1637135.79,2316.17,3791884807.87,100264024.00,11312889466.50,832999232.57,90.00,6280633061.36,73036433897.73,90.00,114485216.28,250.00,4735309369.00,23785061.46,150.00,3805605037.00,108860714962.15,0.10,0.67,0.05,115952368074.25,110436760601.55
4/25/24,0.00,75354.39,64796.69,4882714760.86,1637135.79,2332.46,3818553749.92,100264024.00,11312889466.50,832911767.65,90.00,6280633061.36,73273802307.90,90.00,111861596.74,250.00,4735309369.00,23393598.99,150.00,3805605037.00,109177938739.91,0.10,0.67,0.06,117476504318.99,110475849461.29
4/26/24,0.00,75354.39,63939.27,4818104403.60,1637135.79,2337.96,3827557996.78,100264024.00,11312575219.57,831947672.28,90.00,6280284137.30,73456986813.67,90.00,112133482.56,250.00,4735309369.00,23522263.78,150.00,3805605037.00,109304290419.53,0.10,0.67,0.06,117231039077.83,110438459159.58
4/27/24,0.00,75354.39,63233.89,4764950927.12,1637135.79,2337.96,3827557996.78,100264024.00,11312575219.57,831947672.28,90.00,6280284137.30,73456986813.67,90.00,112133482.56,250.00,4735309369.00,23522263.78,150.00,3805605037.00,109251136943.05,0.10,0.67,0.06,116985756824.87,110388612840.57
4/28/24,0.00,75354.39,63663.05,4797290015.22,1637135.79,2337.96,3827557996.78,100264024.00,11312575219.57,831947672.28,90.00,6280284137.30,73456986813.67,90.00,112133482.56,250.00,4735309369.00,23522263.78,150.00,3805605037.00,109283476031.16,0.10,0.67,0.06,117184704668.52,110489863655.27
4/29/24,0.00,75354.39,62943.49,4743068013.55,1637135.79,2335.66,3823792584.46,100264024.00,11312575219.57,832507157.09,90.00,6280284137.30,73438622566.96,90.00,112834316.83,250.00,4735309369.00,23604591.70,150.00,3805605037.00,109208467017.46,0.10,0.67,0.06,117208715176.44,110621142036.60
4/30/24,0.00,75354.39,59868.89,4511383419.73,1637135.79,2286.25,3742901704.97,100264024.00,11311946743.17,832230348.46,90.00,6279586327.95,73493701533.89,90.00,110091816.07,250.00,4735309369.00,23373463.41,150.00,3805605037.00,108946393787.64,0.10,0.67,0.05,116893922548.71,110513523759.51
5/1/24,0.00,75354.39,57293.55,4317320256.44,1637135.79,2319.56,3797434698.20,100264024.00,11312575184.66,831277444.71,90.00,6280284059.76,73218100153.13,90.00,111506190.10,250.00,4735309369.00,23675370.65,150.00,3805605037.00,108533351787.65,0.11,0.67,0.05,116789631985.67,110569151502.23
5/2/24,0.00,75354.39,58743.14,4426553220.19,1637135.79,2303.83,3771682552.19,100264024.00,11312889422.86,830610344.56,90.00,6280632964.43,73456058978.63,90.00,113751800.87,250.00,4735309369.00,24117310.90,150.00,3805605037.00,108857475024.63,0.10,0.67,0.06,117677238621.33,110656637832.43
5/3/24,0.00,75354.39,62928.89,4741967839.52,1637135.79,2301.74,3768260938.39,100264024.00,11312889422.86,832350473.23,90.00,6280632964.43,73566243067.10,90.00,115647664.22,250.00,4735309369.00,24581569.13,150.00,3805605037.00,109283752368.88,0.10,0.67,0.06,117745124861.72,110617957580.45
5/4/24,0.00,75354.39,63880.21,4813653973.59,1637135.79,2301.74,3768260938.39,100264024.00,11312889422.86,832350473.23,90.00,6280632964.43,73566243067.10,90.00,115647664.22,250.00,4735309369.00,24581569.13,150.00,3805605037.00,109355438502.95,0.10,0.67,0.06,117437905864.55,110688767950.99
5/5/24,0.00,75354.39,63746.00,4803540661.50,1637135.79,2301.74,3768260938.39,100264024.00,11312889422.86,832350473.23,90.00,6280632964.43,73566243067.10,90.00,115647664.22,250.00,4735309369.00,24581569.13,150.00,3805605037.00,109345325190.86,0.10,0.67,0.06,117455667135.92,110788373070.31
5/6/24,0.00,75354.39,63301.55,4770049404.84,1637135.79,2323.97,3804654467.05,100264024.00,11312889422.86,833671829.61,90.00,6280632964.43,73511068384.80,90.00,115286265.27,250.00,4735309369.00,24574399.51,150.00,3805605037.00,109294005568.36,0.10,0.67,0.06,117450893246.32,110825639138.50
5/7/24,0.00,75354.39,62973.05,4745295489.19,1637135.79,2314.10,3788495936.78,100264024.00,11312889422.86,833250825.33,90.00,6280632964.43,73455935083.51,90.00,115366325.17,250.00,4735309369.00,24515011.38,150.00,3805605037.00,109197559488.65,0.10,0.67,0.06,117482472220.68,110901272818.85
5/8/24,0.00,75354.39,61568.87,4639484368.08,1637135.79,2308.85,3779900973.87,100264024.00,11312889422.86,832761290.47,90.00,6280632964.43,73364115164.66,90.00,115125978.66,250.00,4735309369.00,24618178.72,150.00,3805605037.00,108990706771.75,0.10,0.67,0.06,117443382144.78,110976763728.73
5/9/24,0.00,75354.39,62633.68,4719722471.36,1637135.79,2346.33,3841260823.36,100264024.00,11312889422.86,833185998.73,90.00,6280632964.43,73455820308.61,90.00,115485747.35,250.00,4735309369.00,24448928.74,150.00,3805605037.00,109224625095.44,0.10,0.67,0.06,117833809636.35,110896762597.93
5/10/24,0.00,75354.39,60501.20,4559030751.26,1637135.79,2360.50,3864459037.54,100264024.00,11312889422.86,833508858.30,90.00,6280632964.43,73455820308.61,90.00,113560984.89,250.00,4735309369.00,24431610.75,150.00,3805605037.00,109085512368.64,0.10,0.67,0.06,117510337513.40,110971026530.68
5/11/24,0.00,75354.39,60996.96,4596388441.44,1637135.79,2360.50,3864459037.54,100264024.00,11312889422.86,833508858.30,90.00,6280632964.43,73455820308.61,90.00,113560984.89,250.00,4735309369.00,24431610.75,150.00,3805605037.00,109122870058.82,0.10,0.67,0.06,117491928224.30,110774390759.58
5/12/24,0.00,75354.39,61272.65,4617162891.99,1637135.79,2360.50,3864459037.54,100264024.00,11312889422.86,833508858.30,90.00,6280632964.43,73455820308.61,90.00,113560984.89,250.00,4735309369.00,24431610.75,150.00,3805605037.00,109143644509.38,0.10,0.67,0.06,117486081880.11,110785721838.09
5/13/24,0.00,75354.39,63089.33,4754057697.14,1637135.79,2336.32,3824873094.08,100264024.00,11312889422.86,833425507.42,90.00,6280632964.43,73566004039.08,90.00,113166675.91,250.00,4735309369.00,24348136.08,150.00,3805605037.00,109350575967.00,0.10,0.67,0.06,117686905248.29,110786173480.95
5/14/24,0.00,75354.39,61579.46,4640282371.03,1637135.79,2358.12,3860562654.35,100264024.00,11312889422.86,832525407.87,90.00,6280632964.43,73657961544.12,90.00,113873967.64,250.00,4735309369.00,24519587.53,150.00,3805605037.00,109364426349.84,0.10,0.67,0.06,117577145317.78,110878655264.59
5/15/24,0.00,75354.39,65981.66,4972007447.11,1637135.79,2385.99,3906189628.88,100264024.00,11312889422.86,831978022.41,90.00,6280632964.43,73418573169.11,90.00,117630226.99,250.00,4735309369.00,24638098.87,150.00,3805605037.00,109505717410.67,0.10,0.67,0.06,117656219834.99,110824101343.60
5/16/24,0.00,75354.39,65279.32,4919083047.96,1637135.79,2376.86,3891242579.10,100264024.00,11312889422.86,832724722.69,90.00,6280632964.43,73473637098.98,90.00,116159849.15,250.00,4735309369.00,24517988.14,150.00,3805605037.00,109492066103.32,0.10,0.67,0.06,117767303090.47,111085894494.85
5/17/24,0.00,75354.39,66926.64,5043215834.37,1637135.79,2415.22,3954043108.09,100264024.00,11312889422.86,832712231.82,90.00,6280632964.43,73492005508.26,90.00,115474183.37,250.00,4735309369.00,24452606.84,150.00,3805605037.00,109696604290.04,0.10,0.67,0.06,118119151378.38,111196169794.37
5/18/24,0.00,75354.39,66991.20,5048080713.50,1637135.79,2415.22,3954043108.09,100264024.00,11312889422.86,832712231.82,90.00,6280632964.43,73492005508.26,90.00,115474183.37,250.00,4735309369.00,24452606.84,150.00,3805605037.00,109701469169.17,0.10,0.67,0.06,117954615783.80,111243776375.39
5/19/24,0.00,75354.39,66156.45,4985178640.16,1637135.79,2415.22,3954043108.09,100264024.00,11312889422.86,832712231.82,90.00,6280632964.43,73492005508.26,90.00,115474183.37,250.00,4735309369.00,24452606.84,150.00,3805605037.00,109638567095.83,0.10,0.67,0.06,118004531043.47,111359640225.02
5/20/24,0.00,75354.39,69522.56,5238829790.92,1637135.79,2425.31,3970561808.23,100264024.00,11312889422.86,832520708.01,90.00,6280632964.43,73510378509.64,90.00,114511898.51,250.00,4735309369.00,24188722.46,150.00,3805605037.00,109925692255.05,0.10,0.67,0.06,118443400300.45,111417921223.84
5/21/24,0.00,75354.39,69711.51,5253068002.07,1637135.79,2421.05,3963587609.76,100264024.00,11312889422.86,831950431.32,90.00,6280632964.43,73620644077.40,90.00,115028792.50,250.00,4735309369.00,24256249.31,150.00,3805605037.00,110043235979.64,0.10,0.67,0.06,118280774073.97,111437165600.78
5/22/24,0.00,75354.39,69411.32,5230447369.07,1637135.79,2378.85,3894500479.33,100264024.00,11312889422.86,831661328.55,90.00,6280632964.43,73289351179.05,90.00,113750694.81,250.00,4735309369.00,24036932.39,150.00,3805605037.00,109618448800.47,0.10,0.67,0.05,117605804448.29,111349558834.48
5/23/24,0.00,75354.39,67753.41,5105516579.71,1637135.79,2329.27,3813331286.75,100264024.00,11312889422.86,830613435.27,90.00,6280632964.43,73307673516.85,90.00,111973340.20,250.00,4735309369.00,23691401.48,150.00,3805605037.00,109427500377.55,0.10,0.67,0.06,118218334944.00,111691996591.72
5/24/24,0.00,75354.39,68849.43,5188106493.37,1637135.79,2333.83,3820796625.96,100264024.00,11312575175.93,829161938.29,90.00,6280284040.38,73399308108.74,90.00,111934460.57,250.00,4735309369.00,23731874.29,150.00,3805605037.00,109607077147.54,0.10,0.67,0.06,118695649200.81,111764202935.80
5/25/24,0.00,75354.39,69096.85,5206750675.44,1637135.79,2333.83,3820796625.96,100264024.00,11312575175.93,829161938.29,90.00,6280284040.38,73399308108.74,90.00,111934460.57,250.00,4735309369.00,23731874.29,150.00,3805605037.00,109625721329.61,0.10,0.67,0.06,118563197666.13,111803675088.15
5/26/24,0.00,75354.39,68683.35,5175591637.02,1637135.79,2333.83,3820796625.96,100264024.00,11312575175.93,829161938.29,90.00,6280284040.38,73399308108.74,90.00,111934460.57,250.00,4735309369.00,23731874.29,150.00,3805605037.00,109594562291.18,0.10,0.67,0.06,118600635742.74,111889805136.26
5/27/24,0.00,75354.39,69590.89,5243978756.08,1637135.79,2350.97,3848857133.44,100264024.00,11312575175.93,829161938.29,90.00,6280284040.38,73399308108.74,90.00,111934460.57,250.00,4735309369.00,23731874.29,150.00,3805605037.00,109691009917.73,0.10,0.67,0.06,118796104724.24,111943843747.68
5/28/24,0.00,75354.39,68241.51,5142297055.30,1637135.79,2361.31,3865785117.53,100264024.00,11312575175.93,828463369.36,90.00,6280284040.38,73362608454.69,90.00,111545799.25,250.00,4735309369.00,23734840.78,150.00,3805605037.00,109568472283.22,0.10,0.67,0.06,118488178489.19,111876918242.18
5/29/24,0.00,75354.39,67410.37,5079667011.29,1637135.79,2338.12,3827819938.51,100264024.00,11312260937.73,828237613.09,90.00,6279935135.71,73252564542.01,90.00,110964831.54,250.00,4735309369.00,23826813.29,150.00,3805605037.00,109356455253.17,0.10,0.67,0.06,118360575732.70,111848018348.96
5/30/24,0.00,75354.39,68469.51,5159477855.21,1637135.79,2343.07,3835923760.68,100264024.00,11312260937.73,828498507.94,90.00,6279935135.71,73289190824.28,90.00,112390421.39,250.00,4735309369.00,23873474.13,150.00,3805605037.00,109482729347.07,0.10,0.67,0.06,118697606588.83,111820341327.85
5/31/24,0.00,75354.39,67630.41,5096247990.29,1637135.79,2327.33,3810155243.31,100264024.00,11311946708.26,829169591.73,90.00,6279586250.42,73399124610.51,90.00,112858714.81,250.00,4735309369.00,24311154.49,150.00,3805605037.00,109504578693.83,0.10,0.67,0.06,118679592334.12,111910136577.73
6/1/24,0.00,75354.39,67742.95,5104728372.84,1637135.79,2327.33,3810155243.31,100264024.00,11311946708.26,829169591.73,90.00,6279586250.42,73399124610.51,90.00,112858714.81,250.00,4735309369.00,24311154.49,150.00,3805605037.00,109513059076.38,0.10,0.67,0.06,118701478500.68,111944442929.56
6/2/24,0.00,75354.39,67794.98,5108649061.52,1637135.79,2327.33,3810155243.31,100264024.00,11311946708.26,829169591.73,90.00,6279586250.42,73399124610.51,90.00,112858714.81,250.00,4735309369.00,24311154.49,150.00,3805605037.00,109516979765.07,0.10,0.67,0.06,118778993331.98,112022209734.80
6/3/24,0.00,75354.39,69097.70,5206814726.67,1637135.79,2350.75,3848496963.56,100264024.00,11311632487.52,829768666.76,90.00,6279237384.52,73417474391.67,90.00,114347822.86,250.00,4735309369.00,24562369.75,150.00,3805605037.00,109673513243.31,0.10,0.67,0.06,119102555186.22,112171060130.31
6/4/24,0.00,75354.39,70422.79,5306666069.42,1637135.79,2327.01,3809631359.86,100264024.00,11312260911.55,830071532.33,90.00,6279935077.56,73490891866.06,90.00,116372732.22,250.00,4735309369.00,24658572.37,150.00,3805605037.00,109811666551.36,0.10,0.67,0.06,119051550796.81,112142019565.92
6/5/24,0.00,75354.39,71216.04,5366440935.76,1637135.79,2355.32,3855978674.13,100264024.00,11312260911.55,830274899.85,90.00,6279935077.56,73399028251.22,90.00,117463726.58,250.00,4735309369.00,24840429.34,150.00,3805605037.00,109827401336.01,0.10,0.67,0.06,119066980886.34,112281746542.10
6/6/24,0.00,75354.39,70688.73,5326705814.72,1637135.79,2376.06,3889932870.46,100264024.00,11312260911.55,830912135.84,90.00,6279935077.56,73527476550.66,90.00,118361018.94,250.00,4735309369.00,24628250.67,150.00,3805605037.00,109951391060.40,0.10,0.67,0.06,119252975269.27,112346421995.96
6/7/24,0.00,75354.39,69270.57,5219841239.30,1637135.79,2293.78,3755229337.48,100264024.00,11312260911.55,831005613.45,90.00,6279935077.56,73564240288.94,90.00,113100529.21,250.00,4735309369.00,24041277.36,150.00,3805605037.00,109740832704.86,0.10,0.67,0.06,118867793618.09,112325076097.17
6/8/24,0.00,75354.39,69371.48,5227445250.35,1637135.79,2293.78,3755229337.48,100264024.00,11312260911.55,831005613.45,90.00,6279935077.56,73564240288.94,90.00,113100529.21,250.00,4735309369.00,24041277.36,150.00,3805605037.00,109748436715.90,0.10,0.67,0.06,119195613542.50,112411365894.45
6/9/24,0.00,75354.39,69682.90,5250912113.10,1637135.79,2293.78,3755229337.48,100264024.00,11312260911.55,831005613.45,90.00,6279935077.56,73564240288.94,90.00,113100529.21,250.00,4735309369.00,24041277.36,150.00,3805605037.00,109771903578.65,0.10,0.67,0.06,119250008786.85,112446413981.99
6/10/24,0.00,75354.39,69608.60,5245313282.25,1637135.79,2310.88,3783224359.53,100264024.00,11312575141.02,829090145.51,90.00,6280283962.85,73674586649.37,90.00,113139800.23,250.00,4735309369.00,24102382.28,150.00,3805605037.00,109903494153.03,0.10,0.67,0.06,119368676947.45,112447581346.10
6/11/24,0.00,75354.39,67280.16,5069855116.75,1637135.79,2317.01,3793260001.93,100264024.00,11312575141.02,828346037.11,90.00,6280283962.85,74006122289.30,90.00,113454077.45,250.00,4735309369.00,24315286.65,150.00,3805605037.00,110069390343.05,0.10,0.67,0.06,119383558588.01,112426710109.16
6/12/24,0.00,75354.39,68083.66,5130402365.54,1637135.79,2324.98,3806307974.20,100264024.00,11312889379.21,828385383.54,90.00,6280632867.51,73636091677.85,90.00,115857097.84,250.00,4735309369.00,24541216.19,150.00,3805605037.00,109776286391.89,0.10,0.67,0.05,118932612085.71,112470603685.10
6/13/24,0.00,75354.39,66676.76,5024386280.51,1637135.79,2304.21,3772304663.79,100264024.00,11312889379.21,829915825.54,90.00,6280632867.51,73691318746.61,90.00,118351243.70,250.00,4735309369.00,24753906.73,150.00,3805605037.00,109695731343.60,0.10,0.67,0.06,119159268267.76,112467405781.21
6/14/24,0.00,75354.39,65734.85,4953409231.21,1637135.79,2333.04,3819503288.68,100264024.00,11312889379.21,828917851.76,90.00,6280632867.51,73765010065.35,90.00,119132033.15,250.00,4735309369.00,24565158.19,150.00,3805605037.00,109745238305.08,0.10,0.67,0.06,119329588400.02,112494742936.00
6/15/24,0.00,75354.39,66010.76,4974200259.73,1637135.79,2333.04,3819503288.68,100264024.00,11312889379.21,828917851.76,90.00,6280632867.51,73765010065.35,90.00,119132033.15,250.00,4735309369.00,24565158.19,150.00,3805605037.00,109766029333.60,0.10,0.67,0.06,119353210833.99,112546470868.61
6/16/24,0.00,75354.39,66465.35,5008455609.86,1637135.79,2333.04,3819503288.68,100264024.00,11312889379.21,828917851.76,90.00,6280632867.51,73765010065.35,90.00,119132033.15,250.00,4735309369.00,24565158.19,150.00,3805605037.00,109800284683.72,0.10,0.67,0.06,119295921393.37,112478658243.11
6/17/24,0.00,75354.39,66375.54,5001688032.49,1637135.79,2319.14,3796747101.17,100264024.00,11312260885.36,829013177.31,90.00,6279935019.42,73709686307.80,90.00,116153732.32,250.00,4735309369.00,24173139.21,150.00,3805605037.00,109710835825.09,0.10,0.67,0.06,119190081765.82,112505590399.30
6/18/24,0.00,75354.39,64891.21,4889837257.38,1637135.79,2329.46,3813642342.55,100264024.00,11312260885.36,828217324.66,90.00,6279935019.42,73801823415.69,90.00,117403998.19,250.00,4735309369.00,24551851.72,150.00,3805605037.00,109708850524.97,0.10,0.67,0.06,119263235423.60,112484967919.06
6/19/24,0.00,75354.39,64851.51,4886845688.28,1637135.79,2328.16,3811514066.02,100264024.00,11312260885.36,828217324.66,90.00,6279935019.42,73801823415.69,90.00,117403998.19,250.00,4735309369.00,24551851.72,150.00,3805605037.00,109703730679.34,0.10,0.67,0.06,119240552456.57,112466787566.22
6/20/24,0.00,75354.39,65060.38,4902584958.79,1637135.79,2360.09,3863787811.86,100264024.00,11312575114.83,828206971.95,90.00,6280283904.69,73967877518.37,90.00,116588692.65,250.00,4735309369.00,24151861.14,150.00,3805605037.00,109937235264.28,0.10,0.67,0.06,119614135662.62,112574268895.41
6/21/24,0.00,75354.39,64168.01,4835340965.75,1637135.79,2321.98,3801396566.82,100264024.00,11312889353.03,828809492.52,90.00,6280632809.36,74152797212.17,90.00,117155443.24,250.00,4735309369.00,24223310.40,150.00,3805605037.00,109994423583.28,0.10,0.67,0.06,119675041901.99,112812642970.52
6/22/24,0.00,75354.39,64262.16,4842435581.15,1637135.79,2321.98,3801396566.82,100264024.00,11312889353.03,828809492.52,90.00,6280632809.36,74152797212.17,90.00,117155443.24,250.00,4735309369.00,24223310.40,150.00,3805605037.00,110001518198.68,0.10,0.67,0.06,119652615024.67,112842896834.38
6/23/24,0.00,75354.39,63704.95,4800447363.98,1637135.79,2321.98,3801396566.82,100264024.00,11312889353.03,828809492.52,90.00,6280632809.36,74152797212.17,90.00,117155443.24,250.00,4735309369.00,24223310.40,150.00,3805605037.00,109959529981.50,0.10,0.67,0.06,119638548336.53,112879995149.43
6/24/24,0.00,75354.39,59474.74,4481682488.66,1637135.79,2334.65,3822139077.31,100264024.00,11312889353.03,829636229.99,90.00,6280632809.36,74375255603.81,90.00,117277480.16,250.00,4735309369.00,24403975.92,150.00,3805605037.00,109885095448.22,0.10,0.68,0.06,119613083668.15,112889309017.80
6/25/24,0.00,75354.39,61914.64,4665539653.98,1637135.79,2319.62,3797532926.35,100264024.00,11312260859.17,829878898.58,90.00,6279934961.27,74393849417.71,90.00,118214071.14,250.00,4735309369.00,24217895.60,150.00,3805605037.00,110062607113.81,0.10,0.68,0.06,119850319596.94,112854331672.76
6/26/24,0.00,75354.39,60954.51,4593189647.77,1637135.79,2298.23,3762514591.76,100264024.00,11311946629.70,830876827.96,90.00,6279586075.99,73891690934.14,90.00,115381859.02,250.00,4735309369.00,24134142.05,150.00,3805605037.00,109450499138.39,0.10,0.68,0.05,119056809819.51,112916220647.86
6/27/24,0.00,75354.39,61418.85,4628179703.16,1637135.79,2327.73,3810810097.63,100264024.00,11311946629.70,831504139.96,90.00,6279586075.99,74002528470.54,90.00,117264826.86,250.00,4735309369.00,24128108.51,150.00,3805605037.00,109647126482.36,0.10,0.67,0.06,119758035463.38,112747052708.12
6/28/24,0.00,75354.39,60118.16,4530167007.42,1637135.79,2326.75,3809205704.55,100264024.00,11312260850.44,832950957.17,90.00,6279934941.88,74261537320.19,90.00,117346260.77,250.00,4735309369.00,24142183.24,150.00,3805605037.00,109808723655.66,0.10,0.68,0.06,119593492693.17,112628423054.47
6/29/24,0.00,75354.39,60949.70,4592827193.18,1637135.79,2326.75,3809205704.55,100264024.00,11312260850.44,832950957.17,90.00,6279934941.88,74261537320.19,90.00,117346260.77,250.00,4735309369.00,24142183.24,150.00,3805605037.00,109871383841.42,0.10,0.68,0.06,119459502121.84,112603785912.89
6/30/24,0.00,75354.02,61904.96,4664787523.50,1639340.09,2326.75,3814334566.00,109867228.00,11286972273.00,997373133.00,90.00,6355402510.00,80948647984.00,90.00,72412344.00,360.00,6571282257.00,17377107.00,180.00,3528626010.00,118367082935.51,0.10,0.68,0.05,118680612944.39,112627263201.00
7/1/24,0.00,75354.02,63236.01,4765087490.31,1639340.09,2331.90,3822777167.49,109867228.00,11284777583.95,998298196.58,90.00,6352930964.58,80887936498.01,90.00,72991642.75,360.00,6571282257.00,17515255.00,180.00,3528626010.00,118412090293.67,0.10,0.68,0.05,118829551318.01,112725742595.58
7/2/24,0.00,75354.02,61922.42,4666103204.67,1639340.09,2329.46,3818777177.66,109867228.00,11286344914.17,998977039.35,90.00,6354695667.63,80705938640.89,90.00,74743442.18,360.00,6571282257.00,17728065.35,180.00,3528626010.00,118133083646.90,0.10,0.68,0.05,118544443663.41,112763737088.27
7/3/24,0.00,75354.02,59542.70,4486781738.91,1639340.09,2356.20,3862613131.80,109867228.00,11286971933.33,999953539.41,90.00,6355401744.92,80342761917.01,90.00,77508949.54,360.00,6571282257.00,17908005.21,180.00,3528626010.00,117639676455.12,0.10,0.68,0.05,118204341811.35,112645772763.98
7/4/24,0.00,75354.02,58329.01,4395325319.75,1639340.09,2356.69,3863416408.44,109867228.00,11286971933.33,999953539.41,90.00,6355401744.92,80342761917.01,90.00,77508949.54,360.00,6571282257.00,17908005.21,180.00,3528626010.00,117549023312.62,0.10,0.68,0.05,118479538298.68,112523154794.54
7/5/24,0.00,75354.02,56354.49,4246537302.43,1639340.09,2392.16,3921563801.61,109867228.00,11287285460.33,1001795953.81,90.00,6355754822.80,80503447440.84,90.00,81151870.17,360.00,6571282257.00,18367345.55,180.00,3528626010.00,117625679492.53,0.10,0.68,0.05,118644385468.17,112519507193.84
7/6/24,0.00,75354.02,57989.71,4369757701.15,1639340.09,2392.16,3921563801.61,109867228.00,11287285460.33,1001795953.81,90.00,6355754822.80,80503447440.84,90.00,81151870.17,360.00,6571282257.00,18367345.55,180.00,3528626010.00,117748899891.25,0.10,0.68,0.05,118486884888.17,112325747935.36
7/7/24,0.00,75354.02,57264.42,4315104184.81,1639340.09,2392.16,3921563801.61,109867228.00,11287285460.33,1001795953.81,90.00,6355754822.80,80503447440.84,90.00,81151870.17,360.00,6571282257.00,18367345.55,180.00,3528626010.00,117694246374.91,0.10,0.68,0.05,118171334099.16,112196036454.30
7/8/24,0.00,75354.02,56258.41,4239297288.30,1639340.09,2359.13,3867416398.28,109867228.00,11287285460.33,1002361968.52,90.00,6355754822.80,80604076750.14,90.00,80340351.47,360.00,6571282257.00,18072549.65,180.00,3528626010.00,117664381084.48,0.10,0.69,0.05,118123252524.93,112126783690.46
7/9/24,0.00,75354.02,57928.24,4365125689.62,1639340.09,2364.09,3875547525.15,109867228.00,11286658388.91,1002509816.91,90.00,6355048627.82,80946644076.33,90.00,78331842.68,360.00,6571282257.00,18352674.17,180.00,3528626010.00,118137994136.58,0.10,0.69,0.05,118677700685.33,112172989929.68
7/10/24,0.00,75354.02,57404.96,4325694438.62,1639340.09,2371.26,3887301593.63,109867228.00,11286658388.91,1002497285.54,90.00,6355048627.82,80663330822.06,90.00,81073457.17,360.00,6571282257.00,18487566.32,180.00,3528626010.00,117829867675.08,0.10,0.68,0.05,117990293668.09,112264962394.15
7/11/24,0.00,75354.02,57553.71,4336903348.93,1639340.09,2415.48,3959793212.63,109867228.00,11286658388.91,1003178983.69,90.00,6355048627.82,81227974137.82,90.00,89180802.89,360.00,6571282257.00,18824040.03,180.00,3528626010.00,118487337037.72,0.10,0.69,0.06,118972962144.87,112278208909.22
7/12/24,0.00,75354.02,57558.83,4337289161.51,1639340.09,2411.43,3953153885.24,109867228.00,11286658388.91,1007006111.52,90.00,6355048627.82,81349816099.02,90.00,92658854.20,360.00,6571282257.00,19144989.91,180.00,3528626010.00,118610551613.14,0.10,0.69,0.05,118604212430.60,112437835804.60
7/13/24,0.00,75354.02,58607.75,4416329498.97,1639340.09,2411.43,3953153885.24,109867228.00,11286658388.91,1007006111.52,90.00,6355048627.82,81349816099.02,90.00,92658854.20,360.00,6571282257.00,19144989.91,180.00,3528626010.00,118689591950.60,0.10,0.69,0.05,118533441378.60,112412688005.05
7/14/24,0.00,75354.02,60115.19,4529921161.17,1639340.09,2411.43,3953153885.24,109867228.00,11286658388.91,1007006111.52,90.00,6355048627.82,81349816099.02,90.00,92658854.20,360.00,6571282257.00,19144989.91,180.00,3528626010.00,118803183612.79,0.10,0.68,0.05,118588792653.04,112432522893.07
7/15/24,0.00,75354.02,63779.01,4806004722.55,1639340.09,2422.27,3970924331.87,109867228.00,11286658388.91,1007091707.03,90.00,6355048627.82,81471840823.17,90.00,94234054.72,360.00,6571282257.00,19182322.64,180.00,3528626010.00,119220760473.73,0.10,0.68,0.05,118956787179.74,112493950291.56
7/16/24,0.00,75354.02,64695.41,4875059145.44,1639340.09,2469.08,4047661841.72,109867228.00,11286344870.62,1008735784.25,90.00,6354695569.56,81410736942.56,90.00,94799459.05,360.00,6571282257.00,19385655.26,180.00,3528626010.00,119307194763.46,0.10,0.68,0.05,118771737246.06,112632082133.03
7/17/24,0.00,75354.02,64523.61,4862113325.00,1639340.09,2458.79,4030793032.14,109867228.00,11286344870.62,1008677781.94,90.00,6354695569.56,81268268152.91,90.00,93851464.46,360.00,6571282257.00,19507784.89,180.00,3528626010.00,119134027476.52,0.10,0.68,0.05,118957609690.27,113054223093.64
7/18/24,0.00,75354.02,63818.99,4809017376.23,1639340.09,2445.08,4008317679.44,109867228.00,11286658380.20,1008037271.55,90.00,6355048608.20,81308902286.98,90.00,92255989.57,360.00,6571282257.00,19478523.22,180.00,3528626010.00,119097491610.38,0.10,0.68,0.05,119256013566.23,113208033785.78
7/19/24,0.00,75354.02,66985.87,5047654511.48,1639340.09,2400.83,3935776880.24,109867228.00,11286658380.20,1007790302.42,90.00,6355048608.20,81430865640.41,90.00,90964405.71,360.00,6571282257.00,18752948.23,180.00,3528626010.00,119383287171.89,0.10,0.68,0.05,119964505404.22,113573131359.29
7/20/24,0.00,75354.02,67382.51,5077542929.52,1639340.09,2400.83,3935776880.24,109867228.00,11286658380.20,1007790302.42,90.00,6355048608.20,81430865640.41,90.00,90964405.71,360.00,6571282257.00,18752948.23,180.00,3528626010.00,119413175589.93,0.10,0.68,0.05,119890557279.41,113747016526.27
7/21/24,0.00,75354.02,67741.98,5104630438.68,1639340.09,2400.83,3935776880.24,109867228.00,11286658380.20,1007790302.42,90.00,6355048608.20,81430865640.41,90.00,90964405.71,360.00,6571282257.00,18752948.23,180.00,3528626010.00,119440263099.09,0.10,0.68,0.05,120075345916.70,113925014705.46
7/22/24,0.00,75354.02,68147.89,5135217388.48,1639340.09,2396.59,3928826078.23,109867228.00,11286971898.49,1007697081.81,90.00,6355401666.46,81593727371.69,90.00,89872832.84,360.00,6571282257.00,18867341.21,180.00,3528626010.00,119626357154.22,0.10,0.68,0.05,120356540760.63,114040029468.19
7/23/24,0.00,75354.02,65854.09,4962370340.01,1639340.09,2409.64,3950219466.47,109867228.00,11286658371.49,1007384695.72,90.00,6355048588.59,82062891304.08,90.00,91310798.17,360.00,6571282257.00,18939980.47,180.00,3528626010.00,119944599040.01,0.10,0.68,0.05,120565142193.36,114112099009.78
7/24/24,0.00,75354.02,66042.98,4976603960.64,1639340.09,2397.70,3930645745.74,109867228.00,11286658371.49,1008742146.60,90.00,6355048588.59,81837218353.00,90.00,94324054.51,360.00,6571282257.00,18974072.44,180.00,3528626010.00,119717990788.00,0.10,0.68,0.05,120183519042.55,114269399245.48
7/25/24,0.00,75354.02,65275.46,4918768244.08,1639340.09,2364.56,3876318014.99,109867228.00,11286344853.21,1012688850.24,90.00,6354695530.33,81939514875.94,90.00,94607026.67,360.00,6571282257.00,19012020.58,180.00,3528626010.00,119711724911.05,0.10,0.68,0.05,120562648525.74,114419293392.97
7/26/24,0.00,75354.02,67448.64,5082526090.79,1639340.09,2387.19,3913416281.34,109867228.00,11286344853.21,1014762330.66,90.00,6354695530.33,82226303178.00,90.00,97918272.61,360.00,6571282257.00,19320015.32,180.00,3528626010.00,120205062047.26,0.09,0.68,0.05,121025398570.66,114381082813.51
7/27/24,0.00,75354.02,67788.03,5108100491.25,1639340.09,2387.19,3913416281.34,109867228.00,11286344853.21,1014762330.66,90.00,6354695530.33,82226303178.00,90.00,97918272.61,360.00,6571282257.00,19320015.32,180.00,3528626010.00,120230636447.72,0.09,0.68,0.05,120470044699.00,114301106013.44
7/28/24,0.00,75354.02,68007.60,5124645973.17,1639340.09,2387.19,3913416281.34,109867228.00,11286344853.21,1014762330.66,90.00,6354695530.33,82226303178.00,90.00,97918272.61,360.00,6571282257.00,19320015.32,180.00,3528626010.00,120247181929.64,0.09,0.68,0.05,120484357485.06,114323274523.12
7/29/24,0.00,75354.02,67367.26,5076393780.74,1639340.09,2384.19,3908498261.06,109867228.00,11286971872.37,1015589361.96,90.00,6355401607.61,82390755784.36,90.00,96253661.97,360.00,6571282257.00,19563447.51,180.00,3528626010.00,120359203272.57,0.09,0.68,0.05,120699705586.27,114436762854.20
7/30/24,0.00,75354.02,66174.57,4986519795.98,1639340.09,2410.78,3952088314.18,109867228.00,11286971872.37,1016714127.18,90.00,6355401607.61,82349560406.47,90.00,98660003.52,360.00,6571282257.00,19578120.10,180.00,3528626010.00,120275269742.40,0.09,0.68,0.05,120489670373.00,114423843424.01
7/31/24,0.00,75354.02,64559.96,4864852443.58,1639340.09,2447.60,4012448816.48,109867228.00,11285404237.38,1018386621.92,90.00,6353636218.28,82390735186.67,90.00,103395683.69,360.00,6571282257.00,20109666.06,180.00,3528626010.00,120258744369.06,0.09,0.69,0.05,120563419170.95,114429758402.70
8/1/24,0.00,75354.02,64694.03,4874955156.89,1639340.09,2446.26,4010252100.75,109867228.00,11286344687.74,1018126933.33,90.00,6354695157.65,83008665700.57,90.00,116113352.78,360.00,6571282257.00,20772279.55,180.00,3528626010.00,120899700864.27,0.09,0.69,0.06,121130882232.17,114343128199.70
8/2/24,0.00,75354.02,62551.57,4713512185.64,1639340.09,2443.24,4005301293.66,109867228.00,11286344687.74,1021789644.98,90.00,6354695157.65,84585830348.88,90.00,146418937.86,360.00,6571282257.00,22228416.35,180.00,3528626010.00,122345896167.75,0.09,0.69,0.06,122014632717.06,114422514458.41
8/3/24,0.00,75354.02,60366.85,4548884753.55,1639340.09,2443.24,4005301293.66,109867228.00,11286344687.74,1021789644.98,90.00,6354695157.65,84585830348.88,90.00,146418937.86,360.00,6571282257.00,22228416.35,180.00,3528626010.00,122181268735.67,0.09,0.69,0.05,120322277150.24,114339047195.48
8/4/24,0.00,75354.02,59135.51,4456098335.97,1639340.09,2443.24,4005301293.66,109867228.00,11286344687.74,1021789644.98,90.00,6354695157.65,84585830348.88,90.00,146418937.86,360.00,6571282257.00,22228416.35,180.00,3528626010.00,122088482318.08,0.09,0.69,0.05,120528233030.37,114467573236.04
8/5/24,0.00,75354.02,54395.26,4098901448.06,1639340.09,2410.79,3952104707.58,109867228.00,11287285216.46,1046138892.22,90.00,6355754273.51,83887997248.50,90.00,141147856.10,360.00,6571282257.00,22444031.99,180.00,3528626010.00,121001549169.41,0.09,0.69,0.04,119393269458.83,114321354116.66
8/6/24,0.00,75354.02,56571.57,4262895152.85,1639340.09,2390.82,3919367085.89,109867228.00,11286971680.76,1065989377.70,90.00,6355401176.05,84097717241.62,90.00,127315366.20,360.00,6571282257.00,22175825.81,180.00,3528626010.00,121347608401.86,0.09,0.69,0.05,120760101789.78,114273868572.98
8/7/24,0.00,75354.02,55154.01,4156076309.87,1639340.09,2382.92,3906416299.14,109867228.00,11286971680.76,1053290779.23,90.00,6355401176.05,83698253084.73,90.00,136736703.30,360.00,6571282257.00,21941870.84,180.00,3528626010.00,120824863398.91,0.09,0.69,0.05,120081334542.40,114449569879.83
8/8/24,0.00,75354.02,59537.80,4486412504.21,1639340.09,2427.53,3979547260.77,109867228.00,11286658153.77,1053640998.42,90.00,6355048098.20,83719177648.00,90.00,130310078.24,360.00,6571282257.00,22109726.16,180.00,3528626010.00,121242679962.77,0.09,0.69,0.05,121280058749.15,114697495372.17
8/9/24,0.00,75354.02,60776.95,4579787436.69,1639340.09,2431.32,3985760359.73,109867228.00,11286658153.77,1051043773.36,90.00,6355048098.20,83865686208.88,90.00,128746357.30,360.00,6571282257.00,21946114.18,180.00,3528626010.00,121484451997.12,0.09,0.69,0.05,121391307105.01,114970432933.56
8/10/24,0.00,75354.02,61009.06,4597277858.01,1639340.09,2431.32,3985760359.73,109867228.00,11286658153.77,1051043773.36,90.00,6355048098.20,83865686208.88,90.00,128746357.30,360.00,6571282257.00,21946114.18,180.00,3528626010.00,121501942418.43,0.09,0.69,0.05,121676076160.21,115453319573.64
8/11/24,0.00,75354.02,58518.89,4409633540.86,1639340.09,2431.32,3985760359.73,109867228.00,11286658153.77,1051043773.36,90.00,6355048098.20,83865686208.88,90.00,128746357.30,360.00,6571282257.00,21946114.18,180.00,3528626010.00,121314298101.28,0.09,0.69,0.05,121712044448.22,115682732676.35
8/12/24,0.00,75354.02,58856.37,4435064015.14,1639340.09,2472.90,4053924120.88,109867228.00,11286658153.77,1050168779.42,90.00,6355048098.20,83907619051.98,90.00,129261342.73,360.00,6571282257.00,21643257.81,180.00,3528626010.00,121449162314.94,0.09,0.69,0.05,121916527853.39,115569651109.11
8/13/24,0.00,75354.02,60587.07,4565479215.59,1639340.09,2465.16,4041235628.55,109867228.00,11286658153.77,1049625317.07,90.00,6355048098.20,84578880004.40,90.00,139860772.84,360.00,6571282257.00,22307705.82,180.00,3528626010.00,122248870391.24,0.09,0.69,0.06,122631601671.60,115615435596.81
8/14/24,0.00,75354.02,59157.90,4457785512.45,1639340.09,2447.85,4012858651.50,109867228.00,11286971672.05,1055545203.86,90.00,6355401156.43,84007972564.37,90.00,135385228.11,360.00,6571282257.00,22362359.70,180.00,3528626010.00,121544057843.47,0.09,0.69,0.05,121287564733.51,115768698244.91
8/15/24,0.00,75354.02,56681.01,4271141896.67,1639340.09,2456.79,4027514351.95,109867228.00,11286344618.07,1053956608.33,90.00,6354695000.75,83692942667.25,90.00,121169779.16,360.00,6571282257.00,21562905.34,180.00,3528626010.00,121039103322.52,0.09,0.69,0.05,121926779350.09,116190571128.31
8/16/24,0.00,75354.02,59299.16,4468430021.15,1639340.09,2508.01,4111481351.62,109867228.00,11287285146.79,1046879289.70,90.00,6355754116.58,83902175023.92,90.00,127834117.01,360.00,6571282257.00,22027585.95,180.00,3528626010.00,121531642147.72,0.09,0.69,0.05,123283581670.44,116521301017.54
8/17/24,0.00,75354.02,59404.29,4476351989.16,1639340.09,2508.01,4111481351.62,109867228.00,11287285146.79,1046879289.70,90.00,6355754116.58,83902175023.92,90.00,127834117.01,360.00,6571282257.00,22027585.95,180.00,3528626010.00,121539564115.73,0.09,0.69,0.05,123014881922.98,116732851982.27
8/18/24,0.00,75354.02,59824.95,4508050410.73,1639340.09,2508.01,4111481351.62,109867228.00,11287285146.79,1046879289.70,90.00,6355754116.58,83902175023.92,90.00,127834117.01,360.00,6571282257.00,22027585.95,180.00,3528626010.00,121571262537.30,0.09,0.69,0.05,123179920588.00,116866602270.81
8/19/24,0.00,75354.02,59103.84,4453711874.19,1639340.09,2504.28,4105366613.06,109867228.00,11287285146.79,1047478628.10,90.00,6355754116.58,84237783724.02,90.00,125405268.79,360.00,6571282257.00,22058424.57,180.00,3528626010.00,121844619291.09,0.09,0.69,0.05,123290847601.24,116739857897.37
8/20/24,0.00,75354.02,59310.72,4469301113.61,1639340.09,2513.99,4121284605.38,109867228.00,11287285146.79,1048798451.17,90.00,6355754116.58,84722150980.43,90.00,133932827.06,360.00,6571282257.00,22188569.28,180.00,3528626010.00,122370471305.30,0.09,0.69,0.06,123836613434.78,117015270220.48
8/21/24,0.00,75354.02,61246.11,4615140528.18,1639340.09,2512.56,4118940349.05,109867228.00,11287598682.49,1053864147.69,90.00,6356107214.03,85251664424.06,90.00,139290140.15,360.00,6571282257.00,22766581.51,180.00,3528626010.00,123055147562.14,0.09,0.69,0.06,123957047729.10,116980055140.24
8/22/24,0.00,75354.02,60683.46,4572742589.46,1639340.09,2484.75,4073350301.01,109867228.00,11287598682.49,1061886688.51,90.00,6356107214.03,84910657766.36,90.00,129539830.34,360.00,6571282257.00,22266855.04,180.00,3528626010.00,122623925422.24,0.09,0.69,0.05,123245097617.28,117370235101.15
8/23/24,0.00,75354.02,63685.64,4798968917.81,1639340.09,2512.59,4118989529.25,109867228.00,11286971593.67,1059409837.81,90.00,6355400979.90,85568715364.05,90.00,140550715.91,360.00,6571282257.00,23077368.56,180.00,3528626010.00,123561859801.97,0.09,0.69,0.06,124668606340.49,117411769439.63
8/24/24,0.00,75354.02,64168.14,4835327231.91,1639340.09,2512.59,4118989529.25,109867228.00,11286971593.67,1059409837.81,90.00,6355400979.90,85568715364.05,90.00,140550715.91,360.00,6571282257.00,23077368.56,180.00,3528626010.00,123598218116.07,0.09,0.69,0.05,124224139144.88,117853361164.52
8/25/24,0.00,75354.02,64243.70,4841020981.58,1639340.09,2512.59,4118989529.25,109867228.00,11286971593.67,1059409837.81,90.00,6355400979.90,85568715364.05,90.00,140550715.91,360.00,6571282257.00,23077368.56,180.00,3528626010.00,123603911865.74,0.09,0.69,0.05,124322598010.17,117976041920.30
8/26/24,0.00,75354.02,63448.51,4781100219.32,1639340.09,2518.03,4127907539.37,109867228.00,11286658066.68,1064587703.39,90.00,6355047902.07,85611499721.73,90.00,135631440.86,360.00,6571282257.00,23147754.54,180.00,3528626010.00,123595355842.96,0.09,0.69,0.05,124255175585.80,117925656123.99
8/27/24,0.00,75354.02,61853.20,4660887199.49,1639340.09,2524.64,4138743577.40,109867228.00,11286344548.40,1064353494.10,90.00,6354694843.85,86125168720.06,90.00,139157858.32,360.00,6571282257.00,23349140.00,180.00,3528626010.00,124002474876.62,0.09,0.69,0.05,124613964594.76,117869723009.11
8/28/24,0.00,75354.02,59347.96,4472107297.27,1639340.09,2504.61,4105907595.29,109867228.00,11286344548.40,1065628057.41,90.00,6354694843.85,86082106135.70,90.00,137627121.88,360.00,6571282257.00,23456546.05,180.00,3528626010.00,123737647640.86,0.09,0.70,0.05,124029763048.97,117955490801.03
8/29/24,0.00,75354.02,59532.78,4486034227.04,1639340.09,2521.40,4133432115.49,109867228.00,11286971567.54,1076681284.43,90.00,6355400921.05,85759298237.70,90.00,135149833.68,360.00,6571282257.00,23366238.35,180.00,3528626010.00,123466109920.28,0.09,0.69,0.05,124211965886.54,118135731907.64
8/30/24,0.00,75354.02,59045.40,4449308185.33,1639340.09,2503.39,4103907600.38,109867228.00,11287285094.53,1076430956.03,90.00,6355753998.88,85930816834.17,90.00,136095882.52,360.00,6571282257.00,23422317.32,180.00,3528626010.00,123572796364.16,0.09,0.70,0.05,124631901386.07,118172891314.81
8/31/24,0.00,75354.02,58954.67,4442471315.20,1639340.09,2503.39,4103907600.38,109867228.00,11287285094.53,1076430956.03,90.00,6355753998.88,85930816834.17,90.00,136095882.52,360.00,6571282257.00,23422317.32,180.00,3528626010.00,123565959494.03,0.09,0.70,0.05,124569156496.16,118222000180.63
9/1/24,0.00,75354.02,58420.95,4402253368.25,1639340.09,2503.39,4103907600.38,109867228.00,11287285094.53,1076430956.03,90.00,6355753998.88,85930816834.17,90.00,136095882.52,360.00,6571282257.00,23422317.32,180.00,3528626010.00,123525741547.08,0.09,0.70,0.05,124544386090.71,118230433723.71
9/2/24,0.00,75354.02,59003.52,4446152359.02,1639340.09,2499.51,4097546960.81,109867228.00,11287285094.53,1076430956.03,90.00,6355753998.88,85930816834.17,90.00,136095882.52,360.00,6571282257.00,23422317.32,180.00,3528626010.00,123563279898.28,0.09,0.70,0.05,124691566786.94,118295677077.49
9/3/24,0.00,75354.02,58213.26,4386603092.07,1639340.09,2492.91,4086727316.18,109867228.00,11286658023.14,1077800714.43,90.00,6355047803.99,85930816834.17,90.00,141131430.17,360.00,6571282257.00,23750229.76,180.00,3528626010.00,123498310938.91,0.09,0.70,0.05,124292877437.84,118015323883.80
9/4/24,0.00,75354.02,58043.68,4373824557.55,1639340.09,2495.72,4091333861.85,109867228.00,11286344504.86,1082411006.98,90.00,6354694745.78,86704194185.68,90.00,162583407.56,360.00,6571282257.00,24336860.43,180.00,3528626010.00,124289498625.70,0.09,0.70,0.06,125066923075.12,117932307878.34
9/5/24,0.00,75354.02,56074.06,4225405774.92,1639340.09,2516.76,4125825577.45,109867228.00,11286344504.86,1095494650.03,90.00,6354694745.78,87029334913.88,90.00,165672492.30,360.00,6571282257.00,24576578.51,180.00,3528626010.00,124517124732.73,0.09,0.70,0.05,124648222919.56,118074249578.67
9/6/24,0.00,75354.02,52856.51,3982950451.53,1639340.09,2497.41,4094104346.61,109867228.00,11286658014.43,1097529531.34,90.00,6355047784.38,87225150917.43,90.00,182074069.04,360.00,6571282257.00,25146755.13,180.00,3528626010.00,124458437364.89,0.09,0.70,0.05,124414697495.38,118124553014.57
9/7/24,0.00,75354.02,54172.53,4082117847.43,1639340.09,2497.41,4094104346.61,109867228.00,11286658014.43,1097529531.34,90.00,6355047784.38,87225150917.43,90.00,182074069.04,360.00,6571282257.00,25146755.13,180.00,3528626010.00,124557604760.80,0.09,0.70,0.05,124649431931.06,118197461602.93
9/8/24,0.00,75354.02,54378.17,4097613647.87,1639340.09,2497.41,4094104346.61,109867228.00,11286658014.43,1097529531.34,90.00,6355047784.38,87225150917.43,90.00,182074069.04,360.00,6571282257.00,25146755.13,180.00,3528626010.00,124573100561.24,0.09,0.70,0.05,124560253865.16,118192306888.51
9/9/24,0.00,75354.02,57021.01,4296762263.08,1639340.09,2506.38,4108809227.26,109867228.00,11286658014.43,1101129428.20,90.00,6355047784.38,87879339549.31,90.00,177522217.31,360.00,6571282257.00,25129152.40,180.00,3528626010.00,125440173131.39,0.09,0.70,0.06,125311063262.27,118097524596.75
9/10/24,0.00,75354.02,57575.28,4338528735.12,1639340.09,2516.73,4125776397.24,109867228.00,11286971532.71,1094704337.99,90.00,6355400842.59,89153589972.78,90.00,188883639.22,360.00,6571282257.00,25469652.42,180.00,3528626010.00,126779100605.07,0.09,0.70,0.06,125849636696.47,118169308693.41
9/11/24,0.00,75354.02,57495.02,4332480821.56,1639340.09,2511.76,4117628876.97,109867228.00,11287285059.69,1099512826.79,90.00,6355753920.41,88328919265.53,90.00,177550620.87,360.00,6571282257.00,25208588.48,180.00,3528626010.00,125934115475.32,0.09,0.70,0.04,123900641067.50,118369979986.93
9/12/24,0.00,75354.02,58194.64,4385200000.24,1639340.09,2557.90,4193268028.96,109867228.00,11286971524.00,1095293446.32,90.00,6355400822.97,89101797309.10,90.00,184297544.46,360.00,6571282257.00,25487143.38,180.00,3528626010.00,126837491314.44,0.09,0.70,0.06,125715718665.94,118453823970.22
9/13/24,0.00,75354.02,59878.39,4512077329.50,1639340.09,2577.70,4225726962.84,109867228.00,11286971524.00,1096788521.88,90.00,6355400822.97,90995210501.92,90.00,196829777.49,360.00,6571282257.00,26130693.75,180.00,3528626010.00,128904911629.34,0.09,0.71,0.07,126797302791.52,118400065870.79
9/14/24,0.00,75354.02,60030.81,4523562789.05,1639340.09,2577.70,4225726962.84,109867228.00,11286971524.00,1096788521.88,90.00,6355400822.97,90995210501.92,90.00,196829777.49,360.00,6571282257.00,26130693.75,180.00,3528626010.00,128916397088.90,0.09,0.71,0.05,125107085448.58,118715373464.87
9/15/24,0.00,75354.02,59808.85,4506837211.03,1639340.09,2577.70,4225726962.84,109867228.00,11286971524.00,1096788521.88,90.00,6355400822.97,90995210501.92,90.00,196829777.49,360.00,6571282257.00,26130693.75,180.00,3528626010.00,128899671510.87,0.09,0.71,0.05,124980649172.95,118621353590.59
9/16/24,0.00,75354.02,57668.86,4345580364.20,1639340.09,2582.45,4233513828.29,109867228.00,11285403889.06,1118123800.60,90.00,6353635433.86,91359191343.93,90.00,206277606.81,360.00,6571282257.00,26646774.96,180.00,3528626010.00,129138148536.70,0.09,0.71,0.05,125419477446.50,118802612881.71
9/17/24,0.00,75354.02,60137.40,4531594773.92,1639340.09,2569.50,4212284374.06,109867228.00,11285403889.06,1130350484.36,90.00,6353635433.86,91678948513.63,90.00,198439057.75,360.00,6571282257.00,26513541.08,180.00,3528626010.00,129626945562.72,0.09,0.71,0.05,125435567951.84,118588812120.92
9/18/24,0.00,75354.02,60232.24,4538741349.07,1639340.09,2558.91,4194923762.45,109867228.00,11286971306.27,1132074268.85,90.00,6355400332.59,93902163015.09,90.00,202804717.02,360.00,6571282257.00,26725649.41,180.00,3528626010.00,131849579895.74,0.09,0.71,0.07,127243893676.87,118718182140.33
9/19/24,0.00,75354.02,63042.10,4750475592.51,1639340.09,2586.74,4240546597.29,109867228.00,11302961182.29,1149128967.71,90.00,6373407300.20,94841184645.24,90.00,210308491.55,360.00,6571282257.00,27419180.01,180.00,3528626010.00,133105207451.80,0.09,0.71,0.06,126544093666.99,118956816677.98
9/20/24,0.00,75354.02,62823.51,4734003957.53,1639340.09,2621.88,4298153008.23,109867228.00,11302647211.14,1166946212.35,90.00,6373053222.01,96168961230.27,90.00,211780650.99,360.00,6571282257.00,27774258.39,180.00,3528626010.00,134493095245.92,0.08,0.72,0.06,126585476237.74,118889277623.86
9/21/24,0.00,75354.02,63159.61,4759330443.27,1639340.09,2621.88,4298153008.23,109867228.00,11302647211.14,1166946212.35,90.00,6373053222.01,96168961230.27,90.00,211780650.99,360.00,6571282257.00,27774258.39,180.00,3528626010.00,134518421731.66,0.08,0.71,0.05,125513811638.26,119089506174.47
9/22/24,0.00,75354.02,63210.62,4763174251.77,1639340.09,2621.88,4298153008.23,109867228.00,11302647211.14,1166946212.35,90.00,6373053222.01,96168961230.27,90.00,211780650.99,360.00,6571282257.00,27774258.39,180.00,3528626010.00,134522265540.17,0.08,0.71,0.05,125538074564.24,119131553251.09
9/23/24,0.00,75354.02,63317.34,4771216032.67,1639340.09,2628.72,4309366094.48,109867228.00,11302647211.14,1173743674.04,90.00,6373053222.01,97202777563.50,90.00,213263115.54,360.00,6571282257.00,27681214.63,180.00,3528626010.00,135583523623.01,0.08,0.72,0.06,126536451925.62,119142486489.03
9/24/24,0.00,75354.02,64227.01,4839763323.00,1639340.09,2657.10,4355890566.38,109867228.00,11302333248.72,1176419809.61,90.00,6372699163.50,97324281035.45,90.00,221580377.05,360.00,6571282257.00,28497810.46,180.00,3528626010.00,135831240829.18,0.08,0.72,0.05,125863007963.91,119225487097.91
9/25/24,0.00,75354.02,63488.74,4784131711.50,1639340.09,2656.89,4355546304.96,109867228.00,11302333248.72,1181025493.17,90.00,6372699163.50,97226956754.42,90.00,216040867.62,360.00,6571282257.00,27977725.42,180.00,3528626010.00,135676486764.31,0.08,0.72,0.05,125511273178.45,119245380622.48
9/26/24,0.00,75354.02,64678.85,4873811282.89,1639340.09,2672.38,4380939683.03,109867228.00,11302647202.42,1192688119.91,90.00,6373053202.34,97226956754.42,90.00,201350088.63,360.00,6571282257.00,27609818.33,180.00,3528626010.00,135788831646.97,0.08,0.72,0.05,125848581792.23,119330816979.41
9/27/24,0.00,75354.02,65813.57,4959316995.17,1639340.09,2658.24,4357759414.09,109867228.00,11302333240.00,1195765255.26,90.00,6372699143.83,97421410667.93,90.00,213028393.77,360.00,6571282257.00,28279356.42,180.00,3528626010.00,136060367961.47,0.08,0.72,0.05,125999155443.13,119333889219.38
9/28/24,0.00,75354.02,65657.14,4947529366.00,1639340.09,2658.24,4357759414.09,109867228.00,11302333240.00,1195765255.26,90.00,6372699143.83,97421410667.93,90.00,213028393.77,360.00,6571282257.00,28279356.42,180.00,3528626010.00,136048580332.30,0.08,0.72,0.05,125892519107.70,119481674680.35
9/29/24,0.00,75354.02,65834.07,4960861752.56,1639340.09,2658.24,4357759414.09,109867228.00,11302333240.00,1195765255.26,90.00,6372699143.83,97421410667.93,90.00,213028393.77,360.00,6571282257.00,28279356.42,180.00,3528626010.00,136061912718.85,0.08,0.72,0.05,126089707141.65,119646728684.20
9/30/24,0.00,75353.57,63785.09,4806434181.35,1883456.38,2634.58,4962116508.00,78413266.00,12542965206.00,1566204143.00,90.00,6436961021.00,84548020412.00,90.00,91310586.00,270.00,6721817210.00,17547614.00,180.00,3723727227.00,125495517374.35,0.10,0.67,0.05,125611339574.44,119508803828.78
10/1/24,0.00,75353.57,60786.64,4580490272.34,1883456.38,2663.23,5016077533.27,78413266.00,12539829464.70,1559383323.96,90.00,6433742540.49,85583733662.05,90.00,94186869.46,270.00,6721817210.00,17782752.03,180.00,3723727227.00,126349184121.29,0.10,0.68,0.06,126685239903.19,119716177650.74
10/2/24,0.00,75353.57,60905.21,4589424945.02,1883456.38,2658.69,5007526641.31,78413266.00,12544357736.45,1563784683.39,90.00,6438389132.32,85262794660.81,90.00,94751990.68,270.00,6721817210.00,17913455.26,180.00,3723727227.00,126042900948.24,0.10,0.68,0.05,125412107795.96,119609196026.14
10/3/24,0.00,75353.57,60776.03,4579690770.98,1883456.38,2655.89,5002252963.44,78413266.00,12546796917.12,1567115544.76,90.00,6440892950.32,85369373154.14,90.00,92406878.91,270.00,6721817210.00,17659084.19,180.00,3723727227.00,126140145966.87,0.10,0.68,0.05,125862861581.67,119655789008.59
10/4/24,0.00,75353.57,62420.23,4703587109.15,1883456.38,2653.60,4997939848.34,78413266.00,12547493961.39,1569364355.57,90.00,6441608605.09,84643733482.33,90.00,83951649.49,270.00,6721817210.00,16745226.58,180.00,3723727227.00,125528381940.94,0.10,0.67,0.04,125117105888.96,119618717248.59
10/5/24,0.00,75353.57,61725.06,4651203568.58,1883456.38,2653.60,4997939848.34,78413266.00,12547493961.39,1569364355.57,90.00,6441608605.09,84643733482.33,90.00,83951649.49,270.00,6721817210.00,16745226.58,180.00,3723727227.00,125475998400.37,0.10,0.67,0.05,125740585482.61,119681714324.83
10/6/24,0.00,75353.57,62621.92,4718785170.48,1883456.38,2653.60,4997939848.34,78413266.00,12547493961.39,1569364355.57,90.00,6441608605.09,84643733482.33,90.00,83951649.49,270.00,6721817210.00,16745226.58,180.00,3723727227.00,125543580002.28,0.10,0.67,0.05,125830273957.26,119652656652.73
10/7/24,0.00,75353.57,63009.26,4747972621.91,1883456.38,2642.59,4977202993.60,78413266.00,12547493961.39,1548687980.19,90.00,6441608605.09,84030066414.58,90.00,82566447.27,270.00,6721817210.00,16178400.66,180.00,3723727227.00,124915735127.70,0.10,0.67,0.04,125151238374.68,119669524233.95
10/8/24,0.00,75353.57,62348.77,4698202343.11,1883456.38,2621.83,4938102439.16,78413266.00,12547145419.89,1533483735.94,90.00,6441250737.95,84387194196.85,90.00,83681094.31,270.00,6721817210.00,16244732.11,180.00,3723727227.00,125169262402.31,0.10,0.67,0.05,125930176356.27,119569474088.65
10/9/24,0.00,75353.57,60393.26,4550847685.37,1883456.38,2607.77,4911621042.47,78413266.00,12547493951.71,1540257900.34,90.00,6441608585.21,83880871031.66,90.00,81233422.30,270.00,6721817210.00,16051419.79,180.00,3723727227.00,124493942741.86,0.10,0.67,0.04,125214003460.95,119776998408.91
10/10/24,0.00,75353.57,59728.65,4500766949.86,1883456.38,2629.74,4953000579.12,78413266.00,12547842493.21,1541174353.80,90.00,6441966452.35,84132513644.76,90.00,82969786.70,270.00,6721817210.00,16139702.60,180.00,3723727227.00,124740331665.41,0.10,0.67,0.05,126039746716.91,119679537184.36
10/11/24,0.00,75353.57,63002.15,4747436858.03,1883456.38,2656.59,5003571382.91,78413266.00,12548191044.39,1544487878.66,90.00,6442324339.38,84384911185.69,90.00,83716514.78,270.00,6721817210.00,16288994.85,180.00,3723727227.00,125294885901.70,0.10,0.67,0.05,126453704176.82,119777751851.08
10/12/24,0.00,75353.57,63033.46,4749796178.28,1883456.38,2656.59,5003571382.91,78413266.00,12548191044.39,1544487878.66,90.00,6442324339.38,84384911185.69,90.00,83716514.78,270.00,6721817210.00,16288994.85,180.00,3723727227.00,125297245221.94,0.10,0.67,0.05,125864828731.58,119747722936.46
10/13/24,0.00,75353.57,62742.75,4727890142.23,1883456.38,2656.59,5003571382.91,78413266.00,12548191044.39,1544487878.66,90.00,6442324339.38,84384911185.69,90.00,83716514.78,270.00,6721817210.00,16288994.85,180.00,3723727227.00,125275339185.89,0.10,0.67,0.05,125798180504.28,119707496291.20
10/14/24,0.00,75353.57,65906.29,4966274171.95,1883456.38,2648.54,4988409559.06,78413266.00,12548191044.39,1544487878.66,90.00,6442324339.38,84384911185.69,90.00,83716514.78,270.00,6721817210.00,16288994.85,180.00,3723727227.00,125498561391.76,0.10,0.67,0.05,125991748532.84,119657519421.44
10/15/24,0.00,75353.57,66480.39,5009534655.92,1883456.38,2662.58,5014853286.62,78413266.00,12546448240.08,1544429960.36,90.00,6440534804.84,84511488552.47,90.00,84187420.18,270.00,6721817210.00,16304469.40,180.00,3723727227.00,125691739092.87,0.10,0.67,0.05,125971481602.04,119667247527.33
10/16/24,0.00,75353.57,67620.07,5095413611.45,1883456.38,2673.83,5036042170.89,78413266.00,12546448240.08,1550260183.46,90.00,6440534804.84,84511488552.47,90.00,84629404.13,270.00,6721817210.00,16465068.42,180.00,3723727227.00,125805239738.75,0.10,0.67,0.05,125873688148.70,119650361572.08
10/17/24,0.00,75353.57,66934.03,5043718048.96,1883456.38,2692.71,5071601827.33,78413266.00,12546796752.53,1556054280.90,90.00,6440892612.33,84173442598.26,90.00,82820450.62,270.00,6721817210.00,16325938.59,180.00,3723727227.00,125455610212.53,0.10,0.67,0.05,125783496143.34,120006109540.47
10/18/24,0.00,75353.57,68419.60,5155661050.48,1883456.38,2721.46,5125751198.24,78413266.00,12547145274.66,1550518617.79,90.00,6441250439.70,84341789483.46,90.00,83659007.68,270.00,6721817210.00,16361855.66,180.00,3723727227.00,125786094630.68,0.10,0.67,0.05,126365704275.28,119910642015.28
10/19/24,0.00,75353.57,68231.40,5141479508.79,1883456.38,2721.46,5125751198.24,78413266.00,12547145274.66,1550518617.79,90.00,6441250439.70,84341789483.46,90.00,83659007.68,270.00,6721817210.00,16361855.66,180.00,3723727227.00,125771913088.99,0.10,0.67,0.05,126168083278.29,120052034495.12
10/20/24,0.00,75353.57,68758.39,5181190086.13,1883456.38,2721.46,5125751198.24,78413266.00,12547145274.66,1550518617.79,90.00,6441250439.70,84341789483.46,90.00,83659007.68,270.00,6721817210.00,16361855.66,180.00,3723727227.00,125811623666.32,0.10,0.67,0.05,126353601182.21,120177060289.75
10/21/24,0.00,75353.57,67721.20,5103034117.88,1883456.38,2719.85,5122718833.47,78413266.00,12547842338.29,1552600189.04,90.00,6441966134.19,84426131272.94,90.00,80176701.49,270.00,6721817210.00,15956081.64,180.00,3723727227.00,125814383371.94,0.10,0.67,0.05,126259973942.75,120123290869.17
10/22/24,0.00,75353.57,67498.07,5086220476.03,1883456.38,2749.01,5177640421.49,78413266.00,12547493787.11,1549300913.64,90.00,6441608247.18,84405024740.12,90.00,80868225.54,270.00,6721817210.00,15963261.87,180.00,3723727227.00,125828077775.99,0.10,0.67,0.05,126241945843.21,120095701605.95
10/23/24,0.00,75353.57,66586.37,5017520627.16,1883456.38,2715.55,5114619971.04,78413266.00,12547493787.11,1552744234.92,90.00,6441608247.18,84299518459.20,90.00,79594550.99,270.00,6721817210.00,15833161.29,180.00,3723727227.00,125592890741.89,0.10,0.67,0.05,126034528118.80,120135980593.75
10/24/24,0.00,75353.57,68149.93,5135340453.53,1883456.38,2736.17,5153456841.58,78413266.00,12547493787.11,1556105926.18,90.00,6441608247.18,84699941171.88,90.00,79922878.51,270.00,6721817210.00,15924201.97,180.00,3723727227.00,126153751210.95,0.10,0.67,0.05,126772834998.29,120077639690.60
10/25/24,0.00,75353.57,66768.48,5031243265.61,1883456.38,2747.56,5174909409.74,78413266.00,12547493787.11,1560995989.06,90.00,6441608247.18,84212916510.14,90.00,77824902.95,270.00,6721817210.00,15807159.08,180.00,3723727227.00,125586756973.88,0.10,0.67,0.04,125754126501.38,120184820843.09
10/26/24,0.00,75353.57,67177.26,5062046297.55,1883456.38,2747.56,5174909409.74,78413266.00,12547493787.11,1560995989.06,90.00,6441608247.18,84212916510.14,90.00,77824902.95,270.00,6721817210.00,15807159.08,180.00,3723727227.00,125617560005.82,0.10,0.67,0.05,126367040465.54,120198309352.32
10/27/24,0.00,75353.57,67689.07,5100613007.71,1883456.38,2747.56,5174909409.74,78413266.00,12547493787.11,1560995989.06,90.00,6441608247.18,84212916510.14,90.00,77824902.95,270.00,6721817210.00,15807159.08,180.00,3723727227.00,125656126715.98,0.10,0.67,0.05,126330884835.33,120156501578.10
10/28/24,0.00,75353.57,69610.57,5245404890.57,1883456.38,2742.46,5165303782.21,78413266.00,12547842328.61,1567033141.05,90.00,6441966114.31,84802406925.71,90.00,78904723.48,270.00,6721817210.00,15724171.50,180.00,3723727227.00,126388543780.43,0.10,0.67,0.05,127039496283.17,120167153594.80
10/29/24,0.00,75353.57,72310.41,5448847470.34,1883456.38,2774.74,5226101754.13,78413266.00,12547842328.61,1568521822.53,90.00,6441966114.31,85205218358.61,90.00,80177062.14,270.00,6721817210.00,15838957.95,180.00,3723727227.00,127058471571.62,0.10,0.67,0.05,127067802960.41,120257080604.67
10/30/24,0.00,75353.57,72834.60,5488347057.68,1883456.38,2787.61,5250341837.74,78413266.00,12548190879.78,1574133209.35,90.00,6442324001.31,85546039232.04,90.00,79756132.57,270.00,6721817210.00,15745508.10,180.00,3723727227.00,127468835561.57,0.10,0.67,0.05,126833491882.46,120283099302.94
10/31/24,0.00,75353.57,69937.51,5270040986.42,1883456.38,2743.97,5168147801.34,78413266.00,12545053832.06,1578784772.98,90.00,6439102839.31,86209021036.09,90.00,80653389.06,270.00,6721817210.00,15784084.59,180.00,3723727227.00,127830546444.87,0.10,0.67,0.05,126886720895.92,120380626619.28
11/1/24,0.00,75353.57,69195.41,5214121102.86,1883456.38,2736.53,5154134885.88,78413266.00,12546447726.93,1580738519.14,90.00,6440533751.06,86898693204.38,90.00,81107064.37,270.00,6721817210.00,15668071.57,180.00,3723727227.00,128455402029.19,0.10,0.68,0.05,127071823457.01,120310238338.41
11/2/24,0.00,75353.57,69514.85,5238192046.94,1883456.38,2736.53,5154134885.88,78413266.00,12546447726.93,1580738519.14,90.00,6440533751.06,86898693204.38,90.00,81107064.37,270.00,6721817210.00,15668071.57,180.00,3723727227.00,128479472973.27,0.10,0.68,0.05,126676769622.36,120499892247.13
11/3/24,0.00,75353.57,69114.12,5207995611.23,1883456.38,2736.53,5154134885.88,78413266.00,12546447726.93,1580738519.14,90.00,6440533751.06,86898693204.38,90.00,81107064.37,270.00,6721817210.00,15668071.57,180.00,3723727227.00,128449276537.56,0.10,0.68,0.05,126709614948.41,120582062352.81
11/4/24,0.00,75353.57,67086.01,5055170284.38,1883456.38,2736.78,5154605749.97,78413266.00,12547841776.68,1589689451.00,90.00,6441964980.78,86659721798.07,90.00,82566991.53,270.00,6721817210.00,15869406.29,180.00,3723727227.00,128071388141.71,0.10,0.68,0.05,126342063841.14,120558702453.77
11/5/24,0.00,75353.57,69162.79,5211663069.44,1883456.38,2743.99,5168185470.47,78413266.00,12547841776.68,1593258303.82,90.00,6441964980.78,86486402354.47,90.00,82536028.91,270.00,6721817210.00,15967796.61,180.00,3723727227.00,128071777484.18,0.10,0.68,0.05,126715813710.19,120559253143.74
11/6/24,0.00,75353.57,75959.32,5723805861.85,1883456.38,2659.06,5008223520.17,78413266.00,12548190327.84,1593417629.65,90.00,6442322867.72,86378294351.53,90.00,79998046.02,270.00,6721817210.00,15752231.36,180.00,3723727227.00,128313962539.13,0.10,0.67,0.05,126887689724.40,120495287631.16
11/7/24,0.00,75353.57,75959.78,5723840524.49,1883456.38,2706.71,5097970216.65,78413266.00,12547841767.00,1593668592.93,90.00,6441964960.90,86335105204.35,90.00,82127993.99,270.00,6721817210.00,16116107.90,180.00,3723727227.00,128362593071.20,0.10,0.67,0.05,126773894793.01,120569183708.41
11/8/24,0.00,75353.57,76529.92,5766802608.33,1883456.38,2684.77,5056647183.68,78413266.00,12555509892.52,1595843950.56,90.00,6449838473.63,86529359191.06,90.00,79910538.16,270.00,6721817210.00,15928355.24,180.00,3723727227.00,128573797896.18,0.10,0.67,0.05,127826166558.59,121416253099.49
11/9/24,0.00,75353.57,76469.29,5762233921.44,1883456.38,2684.77,5056647183.68,78413266.00,12555509892.52,1595843950.56,90.00,6449838473.63,86529359191.06,90.00,79910538.16,270.00,6721817210.00,15928355.24,180.00,3723727227.00,128569229209.29,0.10,0.67,0.05,128332232925.98,122101847599.66
11/10/24,0.00,75353.57,79927.89,6022851775.23,1883456.38,2684.77,5056647183.68,78413266.00,12555509892.52,1595843950.56,90.00,6449838473.63,86529359191.06,90.00,79910538.16,270.00,6721817210.00,15928355.24,180.00,3723727227.00,128829847063.08,0.10,0.67,0.05,129666790358.13,123117662749.10
11/11/24,0.00,75353.57,88014.53,6632208960.55,1883456.38,2618.82,4932433235.46,78413266.00,12555509892.52,1595843950.56,90.00,6449838473.63,86529359191.06,90.00,79910538.16,270.00,6721817210.00,15928355.24,180.00,3723727227.00,129314990300.18,0.10,0.67,0.05,130090450250.66,123305965711.27
11/12/24,0.00,75353.57,88320.23,6655244546.60,1883456.38,2598.39,4893954221.63,78413266.00,12555509892.52,1595592605.14,90.00,6449838473.63,86486094511.47,90.00,77333423.30,270.00,6721817210.00,15671112.31,180.00,3723727227.00,129253196489.59,0.10,0.67,0.05,129680658340.09,123439410311.05
11/13/24,0.00,75353.57,88633.92,6678882207.67,1883456.38,2572.98,4846095595.03,78413266.00,12555858656.69,1592935943.45,90.00,6450196797.99,87242847838.44,90.00,80320426.78,270.00,6721817210.00,15827039.87,180.00,3723727227.00,129986922208.91,0.10,0.67,0.05,131273237471.03,124190644181.51
11/14/24,0.00,75353.57,88213.60,6647209595.54,1883456.38,2564.85,4830783094.67,78413266.00,12556207430.54,1608096711.29,90.00,6450555142.25,86610337191.62,90.00,76916848.69,270.00,6721817210.00,15563519.66,180.00,3723727227.00,129319627237.25,0.10,0.67,0.04,131158300632.81,125430181336.16
11/15/24,0.00,75353.57,91740.37,6912964302.13,1883456.38,2563.25,4827769564.46,78413266.00,12556556214.08,1605789092.51,90.00,6450913506.43,87216609551.96,90.00,78301351.97,270.00,6721817210.00,15688027.82,180.00,3723727227.00,130188549314.34,0.10,0.67,0.05,133888766667.73,126533887132.10
11/16/24,0.00,75353.57,91047.96,6860788737.41,1883456.38,2563.25,4827769564.46,78413266.00,12556556214.08,1605789092.51,90.00,6450913506.43,87216609551.96,90.00,78301351.97,270.00,6721817210.00,15688027.82,180.00,3723727227.00,130136373749.62,0.10,0.67,0.05,133590867783.55,127151623616.04
11/17/24,0.00,75353.57,89148.31,6717643330.03,1883456.38,2563.25,4827769564.46,78413266.00,12556556214.08,1605789092.51,90.00,6450913506.43,87216609551.96,90.00,78301351.97,270.00,6721817210.00,15688027.82,180.00,3723727227.00,129993228342.24,0.10,0.67,0.05,133827014717.78,127465547033.03
11/18/24,0.00,75353.57,91370.51,6885094031.09,1883456.38,2611.83,4919267875.37,78413266.00,12556556214.08,1593797862.46,90.00,6450913506.43,86889547266.14,90.00,78154536.93,270.00,6721817210.00,15870793.34,180.00,3723727227.00,129913159788.84,0.10,0.67,0.05,134035495352.90,127602287394.91
11/19/24,0.00,75353.57,92306.20,6955601612.08,1883456.38,2632.08,4957407867.05,78413266.00,12556556214.08,1594140529.00,90.00,6450913506.43,86737490558.42,90.00,77949381.27,270.00,6721817210.00,15850954.85,180.00,3723727227.00,129869868326.18,0.10,0.67,0.05,134047270968.30,127577408162.88
11/20/24,0.00,75353.57,94463.65,7118173169.55,1883456.38,2650.60,4992289479.20,78413266.00,12556905007.31,1596671227.09,90.00,6451271890.51,86433909341.47,90.00,77013988.70,270.00,6721817210.00,15660743.39,180.00,3723727227.00,129765852550.21,0.10,0.67,0.05,134746745270.65,128303147970.07
11/21/24,0.00,75353.57,98084.99,7391054063.16,1883456.38,2669.72,5028301165.17,78413266.00,12556556204.39,1593857094.05,90.00,6450913486.52,86261041522.78,90.00,76089820.83,270.00,6721817210.00,15661526.43,180.00,3723727227.00,129897432586.34,0.10,0.66,0.05,135604599772.66,128885876888.26
11/22/24,0.00,75353.57,99420.01,7491652584.87,1883456.38,2716.19,5115825383.12,78413266.00,12556556204.39,1593817247.63,90.00,6450913486.52,86261041522.78,90.00,75347945.08,270.00,6721817210.00,15472021.96,180.00,3723727227.00,130084584099.34,0.10,0.66,0.05,137130184743.27,130280329430.75
11/23/24,0.00,75353.57,98077.31,7390475347.75,1883456.38,2716.19,5115825383.12,78413266.00,12556556204.39,1593817247.63,90.00,6450913486.52,86261041522.78,90.00,75347945.08,270.00,6721817210.00,15472021.96,180.00,3723727227.00,129983406862.23,0.10,0.66,0.05,137474844222.38,130897757312.23
11/24/24,0.00,75353.57,97040.56,7312352535.08,1883456.38,2716.19,5115825383.12,78413266.00,12556556204.39,1593817247.63,90.00,6450913486.52,86261041522.78,90.00,75347945.08,270.00,6721817210.00,15472021.96,180.00,3723727227.00,129905284049.55,0.10,0.66,0.05,138824383478.88,132159353228.18
11/25/24,0.00,75353.57,93714.51,7061722796.86,1883456.38,2625.01,4944091830.45,78413266.00,12556207411.16,1593761464.02,90.00,6450555102.43,86649216209.64,90.00,76534675.22,270.00,6721817210.00,15680120.65,180.00,3723727227.00,129871727313.43,0.10,0.67,0.05,139381779760.45,132644503423.38
11/26/24,0.00,75353.57,91651.14,6906240503.16,1883456.38,2633.15,4959423165.38,78413266.00,12556207411.16,1596618281.45,90.00,6450555102.43,87407396851.47,90.00,77051284.27,270.00,6721817210.00,15719320.95,180.00,3723727227.00,130493169623.28,0.10,0.67,0.05,139951810327.56,132518468961.07
11/27/24,0.00,75353.57,96400.51,7264122483.23,1883456.38,2636.02,4964828685.19,78413266.00,12556556194.70,1602421988.90,90.00,6450913466.61,87232582057.77,90.00,78524890.08,270.00,6721817210.00,15750759.60,180.00,3723727227.00,130689658229.07,0.10,0.67,0.05,139789860207.07,132798534022.59
11/28/24,0.00,75353.57,95132.86,7168600531.47,1883456.38,2637.92,4968407252.31,78413266.00,12556556194.70,1602421988.90,90.00,6450913466.61,87232582057.77,90.00,78524890.08,270.00,6721817210.00,15750759.60,180.00,3723727227.00,130597714844.43,0.10,0.67,0.05,139501181642.45,132817280337.89
11/29/24,0.00,75353.57,97460.39,7343988223.96,1883456.38,2643.15,4978257729.17,78413266.00,12555858608.25,1615710073.24,90.00,6450196698.44,87407047221.88,90.00,80203359.61,270.00,6721817210.00,16189418.25,180.00,3723727227.00,130971409035.80,0.10,0.67,0.05,140284159958.97,133087959435.63
11/30/24,0.00,75353.57,96841.20,7297330047.56,1883456.38,2643.15,4978257729.17,78413266.00,12555858608.25,1615710073.24,90.00,6450196698.44,87407047221.88,90.00,80203359.61,270.00,6721817210.00,16189418.25,180.00,3723727227.00,130924750859.41,0.10,0.67,0.05,140328583743.39,133558624671.06
12/1/24,0.00,75353.57,97824.17,7371400345.29,1883456.38,2643.15,4978257729.17,78413266.00,12555858608.25,1615710073.24,90.00,6450196698.44,87407047221.88,90.00,80203359.61,270.00,6721817210.00,16189418.25,180.00,3723727227.00,130998821157.14,0.10,0.67,0.05,141024173112.19,134096975603.89
12/2/24,0.00,75353.57,95419.96,7190234541.13,1883456.38,2639.13,4970686234.53,78413266.00,12554114738.99,1616307885.97,90.00,6448404977.14,87953341267.02,90.00,80654503.51,270.00,6721817210.00,16186989.84,180.00,3723727227.00,131353888841.13,0.10,0.67,0.05,141374960135.10,134142995569.32
12/3/24,0.00,75353.57,96086.07,7240428306.99,1883456.38,2643.49,4978898104.34,78413266.00,12554114738.99,1613455102.55,90.00,6448404977.14,88129247949.55,90.00,81803830.18,270.00,6721817210.00,16184561.79,180.00,3723727227.00,131586495274.54,0.10,0.67,0.05,141337547087.83,134233284629.70
12/4/24,0.00,75353.57,97876.14,7375316470.27,1883456.38,2649.90,4990971059.73,78413266.00,12555858366.04,1624591976.40,90.00,6450196200.74,88151280261.54,90.00,84135239.34,270.00,6721817210.00,16437850.18,180.00,3723727227.00,131772745127.25,0.10,0.67,0.05,141875835997.86,134792339935.28
12/5/24,0.00,75353.57,99029.87,7462254143.45,1883456.38,2631.67,4956635649.94,78413266.00,12555858366.04,1630980684.34,90.00,6450196200.74,88415734102.33,90.00,83598877.19,270.00,6721817210.00,16331826.05,180.00,3723727227.00,132095547553.08,0.10,0.67,0.05,142362449679.86,135115109896.89
12/6/24,0.00,75353.57,100566.11,7578015310.31,1883456.38,2633.37,4959837525.78,78413266.00,12555509592.20,1631682006.04,90.00,6449837856.51,89476722911.55,90.00,86420339.30,270.00,6721817210.00,16759719.89,180.00,3723727227.00,133278742964.58,0.09,0.67,0.06,144333237250.93,136102059296.97
12/7/24,0.00,75353.57,99974.34,7533423328.78,1883456.38,2633.37,4959837525.78,78413266.00,12555509592.20,1631682006.04,90.00,6449837856.51,89476722911.55,90.00,86420339.30,270.00,6721817210.00,16759719.89,180.00,3723727227.00,133234150983.05,0.09,0.67,0.05,143794806696.97,136854657753.23
12/8/24,0.00,75353.57,100091.91,7542282647.89,1883456.38,2633.37,4959837525.78,78413266.00,12555509592.20,1631682006.04,90.00,6449837856.51,89476722911.55,90.00,86420339.30,270.00,6721817210.00,16759719.89,180.00,3723727227.00,133243010302.16,0.09,0.67,0.05,144648626546.11,137612057919.26
12/9/24,0.00,75353.57,96935.04,7304401226.48,1883456.38,2660.30,5010559006.08,78413266.00,12554463299.73,1644123581.33,90.00,6448762883.53,89454353730.83,90.00,85804594.38,270.00,6721817210.00,16628156.09,180.00,3723727227.00,133043054181.45,0.09,0.67,0.05,144992789030.85,138155979444.83
12/10/24,0.00,75353.57,96911.36,7302616853.96,1883456.38,2694.25,5074502350.16,78413266.00,12554114564.64,1645780035.84,90.00,6448404618.93,89879261911.05,90.00,86094184.89,270.00,6721817210.00,16654761.14,180.00,3723727227.00,133531386983.60,0.09,0.67,0.05,145640897897.89,138058530450.22
12/11/24,0.00,75353.57,101612.51,7656865284.93,1883456.38,2718.23,5119667634.14,78413266.00,12554812015.45,1644438725.11,90.00,6449121108.33,90238778958.69,90.00,86739891.27,270.00,6721817210.00,16772177.21,180.00,3723727227.00,134291153498.13,0.09,0.67,0.05,146301841896.21,138406600567.98
12/12/24,0.00,75353.57,99787.04,7519309605.30,1883456.38,2680.73,5049038019.91,78413266.00,12554812015.45,1659600450.16,90.00,6449121108.33,90960689190.36,90.00,86349561.76,270.00,6721817210.00,16657287.79,180.00,3723727227.00,134819534942.06,0.09,0.67,0.05,146258906912.09,138607890909.80
12/13/24,0.00,75353.57,101342.01,7636482144.51,1883456.38,2648.23,4987825687.58,78413266.00,12555509505.01,1663687216.27,90.00,6449837677.34,91119870396.44,90.00,85410510.28,270.00,6721817210.00,16411592.80,180.00,3723727227.00,135038992433.22,0.09,0.67,0.05,147097132631.44,139723319629.38
12/14/24,0.00,75353.57,101075.91,7616430559.80,1883456.38,2648.23,4987825687.58,78413266.00,12555509505.01,1663687216.27,90.00,6449837677.34,91119870396.44,90.00,85410510.28,270.00,6721817210.00,16411592.80,180.00,3723727227.00,135018940848.51,0.09,0.67,0.05,147247508437.97,140114634837.75
12/15/24,0.00,75353.57,102836.81,7749120659.47,1883456.38,2648.23,4987825687.58,78413266.00,12555509505.01,1663687216.27,90.00,6449837677.34,91119870396.44,90.00,85410510.28,270.00,6721817210.00,16411592.80,180.00,3723727227.00,135151630948.19,0.09,0.67,0.05,147385341135.95,140087294966.58
12/16/24,0.00,75353.57,106075.01,7993130586.65,1883456.38,2652.72,4996282406.72,78413266.00,12553765684.24,1662580864.27,90.00,6448046055.77,91393230007.63,90.00,85634712.87,270.00,6721817210.00,16422260.33,180.00,3723727227.00,135673050281.48,0.09,0.67,0.05,148004596642.85,140272958832.97
12/17/24,0.00,75353.57,106407.51,8018185648.35,1883456.38,2646.83,4985188848.65,78413266.00,12554811831.38,1661969865.80,90.00,6449120730.11,91027657087.60,90.00,85731051.92,270.00,6721817210.00,16369709.10,180.00,3723727227.00,135322992475.91,0.09,0.67,0.05,147323541781.96,140528755312.63
12/18/24,0.00,75353.57,100950.51,7606981222.24,1883456.38,2585.35,4869393950.44,78413266.00,12556555555.25,1661467119.92,90.00,6450912152.53,90709060287.80,90.00,84252191.27,270.00,6721817210.00,16003027.62,180.00,3723727227.00,134478583210.07,0.09,0.67,0.04,146634704946.22,140386804952.99
12/19/24,0.00,75353.57,97327.84,7334000108.38,1883456.38,2594.01,4885704682.69,78413266.00,12565972971.91,1668424513.48,90.00,6460588520.76,90935832938.52,90.00,85452785.00,270.00,6721817210.00,16039034.43,180.00,3723727227.00,134475973258.17,0.09,0.68,0.05,147598113139.37,140430126428.06
12/20/24,0.00,75353.57,96557.17,7275927373.35,1883456.38,2622.91,4940136572.05,78413266.00,12565972971.91,1672549693.09,90.00,6460588520.76,91117704604.39,90.00,85965501.71,270.00,6721817210.00,16073518.35,180.00,3723727227.00,134658876458.62,0.09,0.68,0.05,147831547673.87,140458454546.44
12/21/24,0.00,75353.57,96864.46,7299082771.57,1883456.38,2622.91,4940136572.05,78413266.00,12565972971.91,1672549693.09,90.00,6460588520.76,91117704604.39,90.00,85965501.71,270.00,6721817210.00,16073518.35,180.00,3723727227.00,134682031856.85,0.09,0.68,0.05,147755433335.69,140552909215.90
12/22/24,0.00,75353.57,95111.82,7167015092.38,1883456.38,2622.91,4940136572.05,78413266.00,12565972971.91,1672549693.09,90.00,6460588520.76,91117704604.39,90.00,85965501.71,270.00,6721817210.00,16073518.35,180.00,3723727227.00,134549964177.65,0.09,0.68,0.05,146877503076.57,139878963807.56
12/23/24,0.00,75353.57,93847.37,7071734272.04,1883456.38,2612.56,4920642798.53,78413266.00,12565623917.11,1673168536.48,90.00,6460229599.18,91208822309.00,90.00,86706954.16,270.00,6721817210.00,16102450.68,180.00,3723727227.00,134526988540.17,0.09,0.68,0.05,146880339221.08,139768365159.79
12/24/24,0.00,75353.57,98322.95,7408985198.45,1883456.38,2616.87,4928760495.52,78413266.00,12562482511.13,1672867366.14,90.00,6456999484.38,91231624514.57,90.00,86219227.54,270.00,6721817210.00,16084737.99,180.00,3723727227.00,134887981238.72,0.09,0.68,0.05,147214701853.98,139687775563.41
12/25/24,0.00,75353.57,98428.04,7416904105.01,1883456.38,2616.87,4928760495.52,78413266.00,12562482511.13,1672867366.14,90.00,6456999484.38,91231624514.57,90.00,86219227.54,270.00,6721817210.00,16084737.99,180.00,3723727227.00,134895900145.29,0.09,0.68,0.05,146915879548.71,139770106592.93
12/26/24,0.00,75353.57,95696.78,7211093916.11,1883456.38,2633.58,4960233051.62,78413266.00,12557946059.11,1673703799.82,90.00,6452336095.86,90980737547.16,90.00,85992902.07,270.00,6721817210.00,16207786.23,180.00,3723727227.00,134462208860.99,0.09,0.68,0.05,146058668006.27,139410953421.89
12/27/24,0.00,75353.57,94400.07,7113382189.63,1883456.38,2621.40,4937292552.92,78413266.00,12560387881.96,1671979884.91,90.00,6454845337.68,92072506397.73,90.00,87831000.35,270.00,6721817210.00,16151058.98,180.00,3723727227.00,135438334007.16,0.09,0.68,0.06,147443382823.19,139269166726.25
12/28/24,0.00,75353.57,94991.98,7157984720.67,1883456.38,2621.40,4937292552.92,78413266.00,12560387881.96,1671979884.91,90.00,6454845337.68,92072506397.73,90.00,87831000.35,270.00,6721817210.00,16151058.98,180.00,3723727227.00,135482936538.19,0.09,0.68,0.05,146496956303.07,139333855881.23
12/29/24,0.00,75353.57,93204.92,7023323371.63,1883456.38,2621.40,4937292552.92,78413266.00,12560387881.96,1671979884.91,90.00,6454845337.68,92072506397.73,90.00,87831000.35,270.00,6721817210.00,16151058.98,180.00,3723727227.00,135348275189.15,0.09,0.68,0.05,145750984883.84,138807977384.18
12/30/24,0.00,75353.57,91918.95,6926420942.48,1883456.38,2606.50,4909229052.87,78413266.00,12563527978.93,1679645912.68,90.00,6458072760.35,92072506397.73,90.00,89214338.61,270.00,6721817210.00,16361022.75,180.00,3723727227.00,135238936109.39,0.09,0.68,0.05,145741944506.65,138773516095.79
12/31/24,0.00,83758.25,93714.04,7849324318.49,2026624.21,2624.50,5318875241.00,108844601.00,14101623321.00,3077452467.00,90.00,6506444067.00,94471651607.00,90.00,69263354.00,300.00,8194007406.00,14270773.00,150.00,3984793433.00,143696550588.49,0.10,0.66,0.05,145965627935.03,138763094692.87
1/1/25,0.00,83758.25,94771.56,7937900346.72,2026624.21,2624.50,5318875241.00,108844601.00,14101623321.00,3077452467.00,90.00,6506444067.00,94471651607.00,90.00,69263354.00,300.00,8194007406.00,14270773.00,150.00,3984793433.00,143785126616.73,0.10,0.66,0.05,144779086555.36,137550314628.77
1/2/25,0.00,83758.25,97123.79,8134919023.35,2026624.21,2657.90,5386564489.64,108844601.00,14105148726.83,3084415203.21,90.00,6509697289.03,94707830736.02,90.00,69003616.42,300.00,8194007406.00,14437859.97,150.00,3984793433.00,144299662384.46,0.10,0.66,0.05,144734087125.04,137101703969.68
1/3/25,0.00,83758.25,98243.40,8228695601.54,2026624.21,2640.22,5350733773.59,108844601.00,14108675014.01,3086235008.18,90.00,6512952137.68,94991954228.23,90.00,68428586.29,300.00,8194007406.00,14335591.79,150.00,3984793433.00,144649655381.31,0.10,0.66,0.05,144810515757.17,137331887471.72
1/4/25,0.00,83758.25,98355.29,8238067312.53,2026624.21,2640.22,5350733773.59,108844601.00,14108675014.01,3086235008.18,90.00,6512952137.68,94991954228.23,90.00,68428586.29,300.00,8194007406.00,14335591.79,150.00,3984793433.00,144659027092.29,0.10,0.66,0.05,144322446326.76,137192105753.93
1/5/25,0.00,83758.25,98482.42,8248715499.29,2026624.21,2640.22,5350733773.59,108844601.00,14108675014.01,3086235008.18,90.00,6512952137.68,94991954228.23,90.00,68428586.29,300.00,8194007406.00,14335591.79,150.00,3984793433.00,144669675279.06,0.10,0.66,0.05,144443077425.53,137305566064.11
1/6/25,0.00,83758.25,101661.91,8515024028.70,2026624.21,2636.47,5343133932.80,108844601.00,14110242644.57,3090470865.73,90.00,6514399460.38,95015702216.78,90.00,68970312.59,300.00,8194007406.00,14410256.33,150.00,3984793433.00,144959999157.89,0.10,0.66,0.05,144653251766.35,137240062369.61
1/7/25,0.00,83758.25,96478.53,8080873172.70,2026624.21,2648.59,5367696618.24,108844601.00,14110242644.57,3092819623.58,90.00,6514399460.38,94730655110.13,90.00,68682936.29,300.00,8194007406.00,14328598.21,150.00,3984793433.00,144267343604.10,0.10,0.66,0.04,143811443191.86,137371602393.87
1/8/25,0.00,83758.25,94457.90,7911628732.93,2026624.21,2661.94,5394752051.45,108844601.00,14109458742.20,3089827320.60,90.00,6513675638.21,94683289782.58,90.00,68654318.40,300.00,8194007406.00,14388300.71,150.00,3984793433.00,144073320327.08,0.10,0.66,0.05,144445512485.46,137502913758.37
1/9/25,0.00,83758.25,92106.90,7714713078.96,2026624.21,2667.25,5405513426.01,108844601.00,14109066812.79,3089896841.71,90.00,6513313767.34,94754302249.91,90.00,69197831.76,300.00,8194007406.00,14429067.56,150.00,3984793433.00,143958078516.05,0.10,0.66,0.05,144481012775.83,137461689717.54
1/10/25,0.00,83758.25,94620.17,7925220184.73,2026624.21,2689.76,5451132736.99,108844601.00,14109066812.79,3091387716.94,90.00,6513313767.34,94398973616.48,90.00,66545248.20,300.00,8194007406.00,14169344.34,150.00,3984793433.00,143857454867.82,0.10,0.66,0.05,144636614739.60,137595836948.89
1/11/25,0.00,83758.25,94907.03,7949247077.33,2026624.21,2689.76,5451132736.99,108844601.00,14109066812.79,3091387716.94,90.00,6513313767.34,94398973616.48,90.00,66545248.20,300.00,8194007406.00,14169344.34,150.00,3984793433.00,143881481760.41,0.10,0.66,0.05,144574874786.71,137418015532.90
1/12/25,0.00,83758.25,94314.67,7899632038.29,2026624.21,2689.76,5451132736.99,108844601.00,14109066812.79,3091387716.94,90.00,6513313767.34,94398973616.48,90.00,66545248.20,300.00,8194007406.00,14169344.34,150.00,3984793433.00,143831866721.37,0.10,0.66,0.05,144476974879.21,137395276170.74
1/13/25,0.00,83758.25,94171.43,7887634506.05,2026624.21,2663.16,5397224532.99,108844601.00,14109458731.31,3079818198.41,90.00,6513675618.11,94422573359.88,90.00,65990704.47,300.00,8194007406.00,14067206.99,150.00,3984793433.00,143778088298.21,0.10,0.66,0.05,144459170282.57,137382338700.10
1/14/25,0.00,83758.25,96434.37,8077174408.22,2026624.21,2677.46,5426205259.20,108844601.00,14109850660.72,3075506452.93,90.00,6514037488.98,94635024149.94,90.00,66238169.61,300.00,8194007406.00,14240702.54,150.00,3984793433.00,144205922732.14,0.10,0.66,0.05,144955987810.90,137394435422.15
1/15/25,0.00,83758.25,99678.90,8348930574.44,2026624.21,2696.32,5464427391.81,108844601.00,14109850660.72,3079120173.01,90.00,6514037488.98,94800635442.20,90.00,67866524.61,300.00,8194007406.00,14613927.62,150.00,3984793433.00,144687127623.40,0.10,0.66,0.05,144797960427.13,137195233890.83
1/16/25,0.00,83758.25,100135.61,8387183806.39,2026624.21,2714.31,5500886361.36,108844601.00,14109458720.43,3086594737.23,90.00,6513675598.01,94871735918.78,90.00,67894802.33,300.00,8194007406.00,14666294.19,150.00,3984793433.00,144839741678.73,0.10,0.66,0.05,144540249834.25,137263267034.77
1/17/25,0.00,83758.25,104640.01,8764464483.44,2026624.21,2703.25,5478471897.59,108844601.00,14109458720.43,3088971415.18,90.00,6513675598.01,94966607654.70,90.00,66508616.79,300.00,8194007406.00,14551408.22,150.00,3984793433.00,145290355234.35,0.10,0.65,0.05,145018071187.23,137434718566.13
1/18/25,0.00,83758.25,103803.41,8694392328.57,2026624.21,2703.25,5478471897.59,108844601.00,14109458720.43,3088971415.18,90.00,6513675598.01,94966607654.70,90.00,66508616.79,300.00,8194007406.00,14551408.22,150.00,3984793433.00,145220283079.48,0.10,0.65,0.05,144575590247.17,137507965857.70
1/19/25,0.00,83758.25,103556.31,8673695664.13,2026624.21,2703.25,5478471897.59,108844601.00,14109458720.43,3088971415.18,90.00,6513675598.01,94966607654.70,90.00,66508616.79,300.00,8194007406.00,14551408.22,150.00,3984793433.00,145199586415.04,0.10,0.65,0.05,145294997250.82,138145243969.68
1/20/25,0.00,83758.25,102494.61,8584769526.39,2026624.21,2708.21,5488523953.68,108844601.00,14109458720.43,3088971415.18,90.00,6513675598.01,94966607654.70,90.00,66508616.79,300.00,8194007406.00,14551408.22,150.00,3984793433.00,145120712333.39,0.10,0.65,0.05,145266295024.68,138173327027.94
1/21/25,0.00,83758.25,106788.72,8944436680.31,2026624.21,2744.81,5562698399.79,108844601.00,14109458720.43,3088778354.47,90.00,6513675598.01,94871641047.05,90.00,67007431.41,300.00,8194007406.00,14704198.01,150.00,3984793433.00,145460045869.47,0.10,0.65,0.05,145741335234.71,138226656229.27
1/22/25,0.00,83758.25,104071.31,8716831164.68,2026624.21,2756.48,5586349104.33,108844601.00,14109066791.02,3083913528.56,90.00,6513313727.14,94444718662.34,90.00,66756153.54,300.00,8194007406.00,14650282.61,150.00,3984793433.00,144823244854.21,0.10,0.65,0.05,144983062409.55,138435059655.89
1/23/25,0.00,83758.25,103131.11,8638081654.74,2026624.21,2754.87,5583086239.35,108844601.00,14107107198.41,3081269072.71,90.00,6511504473.33,94539163381.00,90.00,67618420.53,300.00,8194007406.00,14698506.46,150.00,3984793433.00,144830174386.52,0.10,0.65,0.05,145675986718.26,138481119469.82
1/24/25,0.00,83758.25,105111.41,8803948124.14,2026624.21,2770.58,5614924505.70,108844601.00,14107499062.50,3081446245.68,90.00,6511866223.57,94728241707.76,90.00,68463650.78,300.00,8194007406.00,14798946.25,150.00,3984793433.00,145218833906.39,0.10,0.65,0.05,146225356077.34,138637964407.12
1/25/25,0.00,83758.25,105075.31,8800924451.19,2026624.21,2770.58,5614924505.70,108844601.00,14107499062.50,3081446245.68,90.00,6511866223.57,94728241707.76,90.00,68463650.78,300.00,8194007406.00,14798946.25,150.00,3984793433.00,145215810233.44,0.10,0.65,0.05,146135585397.62,138927558447.45
1/26/25,0.00,83758.25,104566.11,8758274748.51,2026624.21,2770.58,5614924505.70,108844601.00,14107499062.50,3081446245.68,90.00,6511866223.57,94728241707.76,90.00,68463650.78,300.00,8194007406.00,14798946.25,150.00,3984793433.00,145173160530.76,0.10,0.65,0.05,146494554383.97,139306836020.22
1/27/25,0.00,83758.25,101341.41,8488179508.46,2026624.21,2740.81,5554591902.95,108844601.00,14107499062.50,3086045304.20,90.00,6511866223.57,95012426432.88,90.00,69661764.67,300.00,8194007406.00,14985166.33,150.00,3984793433.00,145132900805.56,0.10,0.65,0.05,146466100406.07,139277496559.43
1/28/25,0.00,83758.25,100287.01,8399864805.97,2026624.21,2763.51,5600596272.53,108844601.00,14107107187.52,3091430453.26,90.00,6511504453.23,95202451285.75,90.00,69400533.05,300.00,8194007406.00,15033243.74,150.00,3984793433.00,145285033675.05,0.10,0.66,0.05,146703103979.55,139318143035.09
1/29/25,0.00,83758.25,103751.41,8690036899.38,2026624.21,2759.36,5592185782.06,108844601.00,14107107187.52,3088447222.87,90.00,6511504453.23,95107248834.46,90.00,68041439.28,300.00,8194007406.00,14938659.58,150.00,3984793433.00,145467155918.39,0.10,0.65,0.05,146790517484.11,139372570195.07
1/30/25,0.00,83758.25,105059.41,8799592694.96,2026624.21,2794.59,5663583753.00,108844601.00,14106715323.43,3088478107.34,90.00,6511142702.98,95178579271.09,90.00,67871335.68,300.00,8194007406.00,15070617.74,150.00,3984793433.00,145718679246.23,0.10,0.65,0.05,146960513531.35,139467738720.50
1/31/25,0.00,83758.25,102110.01,8552556102.10,2026624.21,2798.41,5671325457.48,108844601.00,14105931617.03,3079567848.00,90.00,6510419242.68,95226168560.73,90.00,68041014.02,300.00,8194007406.00,15130272.27,150.00,3984793433.00,145516785554.30,0.10,0.65,0.05,146451458067.91,139418116247.96
2/1/25,0.00,83758.25,101190.91,8475573891.31,2026624.21,2798.41,5671325457.48,108844601.00,14105931617.03,3079567848.00,90.00,6510419242.68,95226168560.73,90.00,68041014.02,300.00,8194007406.00,15130272.27,150.00,3984793433.00,145439803343.52,0.10,0.65,0.05,146512303925.41,139356518750.79
2/2/25,0.00,83758.25,96996.87,8124288425.81,2026624.21,2798.41,5671325457.48,108844601.00,14105931617.03,3079567848.00,90.00,6510419242.68,95226168560.73,90.00,68041014.02,300.00,8194007406.00,15130272.27,150.00,3984793433.00,145088517878.02,0.10,0.66,0.05,146249580280.66,139369659734.76
2/3/25,0.00,83758.25,101934.81,8537881656.08,2026624.21,2815.21,5705372744.22,108844601.00,14107107111.33,3078890343.07,90.00,6511504312.55,95059522765.75,90.00,66453390.36,300.00,8194007406.00,14965100.13,150.00,3984793433.00,145369342863.50,0.10,0.65,0.05,146868579868.33,139351770066.64
2/4/25,0.00,83758.25,96530.36,8085214362.97,2026624.21,2842.71,5761104910.02,108844601.00,14107890839.50,3079852496.31,90.00,6512227813.03,94631754913.30,90.00,67533257.96,300.00,8194007406.00,15139692.96,150.00,3984793433.00,144548363726.05,0.10,0.65,0.04,145959054720.60,139544931369.57
2/5/25,0.00,83758.25,96935.73,8119167446.19,2026624.21,2867.24,5810818001.91,108844601.00,14107890839.50,3079829397.41,90.00,6512227813.03,94489807280.93,90.00,67702091.10,300.00,8194007406.00,15190789.43,150.00,3984793433.00,144490279099.51,0.10,0.65,0.05,147748966440.36,140514899916.91
2/6/25,0.00,83758.25,96811.79,8108786448.26,2026624.21,2856.28,5788606200.56,108844601.00,14106715181.93,3083340402.93,90.00,6511142441.73,94418939925.47,90.00,67194325.42,300.00,8194007406.00,15060401.82,150.00,3984793433.00,144387430768.11,0.10,0.65,0.05,148626674729.48,141393478723.38
2/7/25,0.00,83758.25,96019.98,8042465825.55,2026624.21,2861.07,5798313730.53,108844601.00,14107107035.13,3078260599.61,90.00,6511504171.87,94182892575.65,90.00,65122500.38,300.00,8194007406.00,14872774.31,150.00,3984793433.00,144088184653.04,0.10,0.65,0.05,148197878144.74,141177790732.95
2/8/25,0.00,83758.25,96556.21,8087379513.83,2026624.21,2861.07,5798313730.53,108844601.00,14107107035.13,3078260599.61,90.00,6511504171.87,94182892575.65,90.00,65122500.38,300.00,8194007406.00,14872774.31,150.00,3984793433.00,144133098341.31,0.10,0.65,0.05,148767991273.04,141383107623.16
2/9/25,0.00,83758.25,95224.76,7975859587.21,2026624.21,2861.07,5798313730.53,108844601.00,14107107035.13,3078260599.61,90.00,6511504171.87,94182892575.65,90.00,65122500.38,300.00,8194007406.00,14872774.31,150.00,3984793433.00,144021578414.70,0.10,0.65,0.05,148910221759.75,141672006081.74
2/10/25,0.00,83758.25,97402.99,8158304327.72,2026624.21,2908.26,5893950127.03,108844601.00,14107107035.13,3069987774.25,90.00,6511504171.87,94135801129.37,90.00,64905425.38,300.00,8194007406.00,14970067.04,150.00,3984793433.00,144244175497.79,0.10,0.65,0.05,149346641662.21,141758176744.57
2/11/25,0.00,83758.25,96376.21,8072303028.20,2026624.21,2897.91,5872974566.45,108844601.00,14107498899.21,3069719150.32,90.00,6511865922.10,94394674582.47,90.00,64445678.62,300.00,8194007406.00,14953849.47,150.00,3984793433.00,144396081116.84,0.10,0.65,0.05,149150984393.96,141642107463.36
2/12/25,0.00,83758.25,97663.11,8180091524.62,2026624.21,2904.04,5885397772.86,108844601.00,14108282649.15,3067432209.55,90.00,6512589462.76,94182286564.66,90.00,63022503.22,300.00,8194007406.00,14803687.90,150.00,3984793433.00,144301551814.73,0.10,0.65,0.05,149122689065.22,141857240927.29
2/13/25,0.00,83758.25,96491.67,8081973756.15,2026624.21,2928.21,5934381280.03,108844601.00,14107890752.41,3063628593.61,90.00,6512227652.23,94417742281.07,90.00,63495171.99,300.00,8194007406.00,14984416.25,150.00,3984793433.00,144483969343.76,0.10,0.65,0.05,149513839420.79,141956769708.81
2/14/25,0.00,83758.25,97503.15,8166693554.39,2026624.21,2882.53,5841805086.09,108844601.00,14107890752.41,3063620934.54,90.00,6512227652.23,94535764458.93,90.00,64738619.11,300.00,8194007406.00,15066206.19,150.00,3984793433.00,144595452703.90,0.10,0.65,0.05,149418619715.90,141936184424.39
2/15/25,0.00,83758.25,97689.24,8182280127.79,2026624.21,2882.53,5841805086.09,108844601.00,14107890752.41,3063620934.54,90.00,6512227652.23,94535764458.93,90.00,64738619.11,300.00,8194007406.00,15066206.19,150.00,3984793433.00,144611039277.29,0.10,0.65,0.05,149190909396.53,141813941006.74
2/16/25,0.00,83758.25,97188.39,8140329806.52,2026624.21,2882.53,5841805086.09,108844601.00,14107890752.41,3063620934.54,90.00,6512227652.23,94535764458.93,90.00,64738619.11,300.00,8194007406.00,15066206.19,150.00,3984793433.00,144569088956.03,0.10,0.65,0.05,149346369395.46,142018214890.94
2/17/25,0.00,83758.25,96417.79,8075785696.38,2026624.21,2896.56,5870238623.76,108844601.00,14107890752.41,3063620934.54,90.00,6512227652.23,94535764458.93,90.00,64738619.11,300.00,8194007406.00,15066206.19,150.00,3984793433.00,144532978383.56,0.10,0.65,0.05,149337150044.47,142003722086.24
2/18/25,0.00,83758.25,95008.45,7957741839.40,2026624.21,2936.02,5950209215.12,108844601.00,14106323209.00,3064440453.14,90.00,6510780490.53,94512130517.81,90.00,63821488.67,300.00,8194007406.00,14926216.03,150.00,3984793433.00,144468018869.69,0.10,0.65,0.05,149291350298.66,141988528416.98
2/19/25,0.00,83758.25,96315.42,8067211363.97,2026624.21,2933.39,5944879193.45,108844601.00,14107106893.62,3058227300.12,90.00,6511503910.59,94346734289.40,90.00,64645849.57,300.00,8194007406.00,15061173.90,150.00,3984793433.00,144403015414.61,0.10,0.65,0.05,148965194595.77,141678398891.66
2/20/25,0.00,83758.25,98131.18,8219296250.34,2026624.21,2938.98,5956208022.78,108844601.00,14107890621.78,3059328261.95,90.00,6512227411.02,94606187808.70,90.00,65238436.52,300.00,8194007406.00,14988378.22,150.00,3984793433.00,144829010631.32,0.10,0.65,0.05,149563527112.90,141765245323.66
2/21/25,0.00,83758.25,95325.37,7984286505.09,2026624.21,2936.05,5950270013.85,108844601.00,14107498735.93,3064727976.33,90.00,6511865620.61,94842703278.22,90.00,67114041.57,300.00,8194007406.00,15113281.38,150.00,3984793433.00,144831224892.98,0.10,0.65,0.05,149164738926.58,141802180650.48
2/22/25,0.00,83758.25,96672.17,8097092120.90,2026624.21,2936.05,5950270013.85,108844601.00,14107498735.93,3064727976.33,90.00,6511865620.61,94842703278.22,90.00,67114041.57,300.00,8194007406.00,15113281.38,150.00,3984793433.00,144944030508.79,0.10,0.65,0.05,149622252823.11,142128586355.20
2/23/25,0.00,83758.25,95769.24,8021464281.07,2026624.21,2936.05,5950270013.85,108844601.00,14107498735.93,3064727976.33,90.00,6511865620.61,94842703278.22,90.00,67114041.57,300.00,8194007406.00,15113281.38,150.00,3984793433.00,144868402668.96,0.10,0.65,0.05,149816854458.67,142498638055.94
2/24/25,0.00,83758.25,93957.79,7869740392.78,2026624.21,2951.73,5982047481.47,108844601.00,14107498735.93,3067401951.49,90.00,6511865620.61,95079810036.42,90.00,67393683.41,300.00,8194007406.00,15193255.82,150.00,3984793433.00,144988596597.93,0.10,0.66,0.05,150008636683.98,142488385786.81
2/25/25,0.00,83758.25,88701.92,7429517900.97,2026624.21,2914.98,5907569041.73,108844601.00,14107890610.89,3067033863.26,90.00,6512227390.92,95198659798.96,90.00,68769637.78,300.00,8194007406.00,15361647.74,150.00,3984793433.00,144594675332.26,0.10,0.66,0.05,149357944245.31,142374840343.82
2/26/25,0.00,83758.25,84470.18,7075074749.32,2026624.21,2916.39,5910426581.86,108844601.00,14107890610.89,3071082347.96,90.00,6512227390.92,94889264154.62,90.00,68769637.78,300.00,8194007406.00,15464698.80,150.00,3984793433.00,143937845612.15,0.10,0.66,0.05,148890593343.19,142189635187.18
2/27/25,0.00,83758.25,84285.18,7059579472.43,2026624.21,2877.52,5831651698.79,108844601.00,14106714953.34,3067036196.97,90.00,6511142019.69,94960431102.73,90.00,69056177.94,300.00,8194007406.00,15251414.82,150.00,3984793433.00,143908508476.71,0.10,0.66,0.05,149232989253.46,141898152624.95
2/28/25,0.00,83758.25,84212.07,7053455906.51,2026624.21,2857.83,5791747468.08,108844601.00,14105539393.76,3068362690.12,90.00,6510056829.35,94984171210.51,90.00,70696262.16,300.00,8194007406.00,15143383.97,150.00,3984793433.00,143886818584.48,0.10,0.66,0.05,149524662515.35,142167939695.38
3/1/25,0.00,83758.25,86047.76,7207210094.87,2026624.21,2857.83,5791747468.08,108844601.00,14105539393.76,3068362690.12,90.00,6510056829.35,94984171210.51,90.00,70696262.16,300.00,8194007406.00,15143383.97,150.00,3984793433.00,144040572772.84,0.10,0.66,0.05,149644150810.46,142108250750.89
3/2/25,0.00,83758.25,94297.71,7898211498.31,2026624.21,2857.83,5791747468.08,108844601.00,14105539393.76,3068362690.12,90.00,6510056829.35,94984171210.51,90.00,70696262.16,300.00,8194007406.00,15143383.97,150.00,3984793433.00,144731574176.27,0.10,0.66,0.05,150230684084.43,142135831908.09
3/3/25,0.00,83758.25,85314.51,7145794355.50,2026624.21,2892.73,5862476653.04,108844601.00,14107890317.00,3073786021.18,90.00,6512226848.29,94984171210.51,90.00,72021817.08,300.00,8194007406.00,15374320.57,150.00,3984793433.00,144061386983.16,0.10,0.66,0.04,149125263348.14,142426333596.41
3/4/25,0.00,83758.25,87499.37,7328794413.23,2026624.21,2917.89,5913466518.18,108844601.00,14107890317.00,3081101631.91,90.00,6512226848.29,95197885595.73,90.00,71931789.81,300.00,8194007406.00,15572905.55,150.00,3984793433.00,144516515459.70,0.10,0.66,0.05,150188859400.97,142328281738.85
3/5/25,0.00,83758.25,90375.01,7569652997.32,2026624.21,2919.39,5916506454.50,108844601.00,14107498431.15,3092139678.50,90.00,6511865057.91,94745695639.15,90.00,71751960.33,300.00,8194007406.00,15341258.58,150.00,3984793433.00,144318096917.45,0.10,0.66,0.05,149665424620.20,142475945352.80
3/6/25,0.00,83758.25,89842.68,7525065966.23,2026624.21,2911.80,5901124376.74,108844601.00,14107106556.20,3085221015.97,90.00,6511503287.63,94864127758.70,90.00,74083899.04,300.00,8194007406.00,15386003.92,150.00,3984793433.00,144371264304.43,0.10,0.66,0.05,149943628109.70,142492309523.23
3/7/25,0.00,83758.25,86282.15,7226842191.91,2026624.21,2909.10,5895652491.37,108844601.00,14107498420.27,3087110713.84,90.00,6511865037.82,94887843790.64,90.00,72633089.36,300.00,8194007406.00,15248812.05,150.00,3984793433.00,144092339987.25,0.10,0.66,0.05,149838989365.16,142721064979.14
3/8/25,0.00,83758.25,86210.62,7220850964.04,2026624.21,2909.10,5895652491.37,108844601.00,14107498420.27,3087110713.84,90.00,6511865037.82,94887843790.64,90.00,72633089.36,300.00,8194007406.00,15248812.05,150.00,3984793433.00,144086348759.38,0.10,0.66,0.05,150141120061.62,142738486120.29
3/9/25,0.00,83758.25,83081.54,6958764688.19,2026624.21,2909.10,5895652491.37,108844601.00,14107498420.27,3087110713.84,90.00,6511865037.82,94887843790.64,90.00,72633089.36,300.00,8194007406.00,15248812.05,150.00,3984793433.00,143824262483.53,0.10,0.66,0.05,149890153940.76,142753630869.78
3/10/25,0.00,83758.25,79272.09,6639691809.41,2026624.21,2888.71,5854329623.71,108844601.00,14107890295.22,3082179054.48,90.00,6512226808.10,95362283009.59,90.00,75659468.08,300.00,8194007406.00,15284392.61,150.00,3984793433.00,143937189901.20,0.10,0.66,0.05,150282703116.64,142755060054.89
3/11/25,0.00,83758.25,82785.57,6933974757.90,2026624.21,2915.90,5909433536.00,108844601.00,14108282181.07,3083542918.71,90.00,6512588598.47,95243080155.83,90.00,73831030.93,300.00,8194007406.00,15211791.74,150.00,3984793433.00,144167590410.66,0.10,0.66,0.05,150496538698.76,142841784938.59
3/12/25,0.00,83758.25,83107.01,6960898010.90,2026624.21,2934.77,5947675934.86,108844601.00,14108674077.79,3089871890.55,90.00,6512950408.95,94885918605.25,90.00,72538987.89,300.00,8194007406.00,15058406.18,150.00,3984793433.00,143881231762.37,0.10,0.66,0.05,150079677626.98,142958096810.71
3/13/25,0.00,83758.25,80323.17,6727728434.49,2026624.21,2989.18,6057944558.16,108844601.00,14109065985.41,3081753252.16,90.00,6513312239.53,95004526003.50,90.00,73536398.98,300.00,8194007406.00,15158168.12,150.00,3984793433.00,143870670480.34,0.10,0.66,0.05,150563928155.05,143145003460.77
3/14/25,0.00,83758.25,84154.04,7048595415.06,2026624.21,2984.16,6047770904.62,108844601.00,14109065985.41,3085012206.22,90.00,6513312239.53,95099530529.51,90.00,71636708.67,300.00,8194007406.00,15181536.96,150.00,3984793433.00,144277750965.98,0.10,0.66,0.05,151142216016.67,143278843107.77
3/15/25,0.00,83758.25,84395.01,7068778641.41,2026624.21,2984.16,6047770904.62,108844601.00,14109065985.41,3085012206.22,90.00,6513312239.53,95099530529.51,90.00,71636708.67,300.00,8194007406.00,15181536.96,150.00,3984793433.00,144297934192.33,0.10,0.66,0.05,150808794700.06,143347227007.29
3/16/25,0.00,83758.25,83217.73,6970171724.73,2026624.21,2984.16,6047770904.62,108844601.00,14109065985.41,3085012206.22,90.00,6513312239.53,95099530529.51,90.00,71636708.67,300.00,8194007406.00,15181536.96,150.00,3984793433.00,144199327275.65,0.10,0.66,0.05,150811339859.88,143467739230.27
3/17/25,0.00,83758.25,83958.01,7032176284.63,2026624.21,3000.60,6081088606.65,108844601.00,14108282148.41,3084827105.49,90.00,6512588538.17,95170855177.40,90.00,70412914.90,300.00,8194007406.00,15237835.16,150.00,3984793433.00,144363114050.81,0.10,0.66,0.05,151067934309.74,143450696223.53
3/18/25,0.00,83758.25,82031.45,6870810983.77,2026624.21,3034.73,6150257290.96,108844601.00,14108674045.13,3077577761.79,90.00,6512950348.64,95337404173.97,90.00,70060850.32,300.00,8194007406.00,15317833.80,150.00,3984793433.00,144430698728.38,0.10,0.66,0.05,150971907068.55,143455184183.75
3/19/25,0.00,83758.25,85377.85,7151099603.27,2026624.21,3047.79,6176725003.15,108844601.00,14109457860.36,3077046879.63,90.00,6513674009.79,94979888908.31,90.00,71549643.39,300.00,8194007406.00,15497818.34,150.00,3984793433.00,144382585166.25,0.10,0.66,0.05,150789870730.62,143397059107.19
3/20/25,0.00,83758.25,84504.07,7077913316.53,2026624.21,3044.90,6170868059.18,108844601.00,14109457860.36,3079000804.40,90.00,6513674009.79,95146103713.90,90.00,72593075.69,300.00,8194007406.00,15338965.70,150.00,3984793433.00,144472595245.56,0.10,0.66,0.05,151010282044.71,143469384429.61
3/21/25,0.00,83758.25,84183.37,7051052044.64,2026624.21,3022.15,6124762358.39,108844601.00,14109065930.97,3082857252.90,90.00,6513312139.02,95193676765.76,90.00,73409747.79,300.00,8194007406.00,15311483.39,150.00,3984793433.00,144451093162.86,0.10,0.66,0.05,150997307835.06,143567858626.63
3/22/25,0.00,83758.25,83945.35,7031115905.14,2026624.21,3022.15,6124762358.39,108844601.00,14109065930.97,3082857252.90,90.00,6513312139.02,95193676765.76,90.00,73409747.79,300.00,8194007406.00,15311483.39,150.00,3984793433.00,144431157023.36,0.10,0.66,0.05,150900689778.99,143474442014.96
3/23/25,0.00,83758.25,85121.57,7129634038.07,2026624.21,3022.15,6124762358.39,108844601.00,14109065930.97,3082857252.90,90.00,6513312139.02,95193676765.76,90.00,73409747.79,300.00,8194007406.00,15311483.39,150.00,3984793433.00,144529675156.29,0.10,0.66,0.05,151012771590.79,143463333939.10
3/24/25,0.00,83758.25,87879.82,7360660240.77,2026624.21,3011.04,6102246563.41,108844601.00,14108674012.48,3084390974.39,90.00,6512950288.34,95241273604.14,90.00,71054518.38,300.00,8194007406.00,15354227.95,150.00,3984793433.00,144784249869.86,0.10,0.66,0.05,151195798673.16,143482457552.84
3/25/25,0.00,83758.25,87897.82,7362167889.34,2026624.21,3020.09,6120587512.51,108844601.00,14107890197.25,3079016423.11,90.00,6512226627.20,95431756151.35,90.00,71735457.52,300.00,8194007406.00,15489856.96,150.00,3984793433.00,144988515555.25,0.10,0.66,0.05,151173831648.85,143511834088.14
3/26/25,0.00,83758.25,87286.31,7310948879.74,2026624.21,3019.38,6119148609.32,108844601.00,14107106425.58,3079124188.69,90.00,6511503046.46,95050029126.74,90.00,71317000.68,300.00,8194007406.00,15333022.16,150.00,3984793433.00,144552155739.38,0.10,0.66,0.05,150811147811.57,143802306843.42
3/27/25,0.00,83758.25,87309.14,7312861080.67,2026624.21,3057.29,6195977933.15,108844601.00,14106714561.51,3081818422.35,90.00,6511141296.29,95050029126.74,90.00,71287285.26,300.00,8194007406.00,15363049.33,150.00,3984793433.00,144632838195.31,0.10,0.66,0.05,151588603399.53,144028219833.30
3/28/25,0.00,83758.25,83758.98,7015505879.44,2026624.21,3085.12,6252378884.94,108844601.00,14107498267.87,3083020331.54,90.00,6511864756.44,95097554141.31,90.00,73604122.04,300.00,8194007406.00,15623581.04,150.00,3984793433.00,144444695404.61,0.10,0.66,0.05,151417959613.20,144133880049.62
3/29/25,0.00,83758.25,82485.15,6908812103.38,2026624.21,3085.12,6252378884.94,108844601.00,14107498267.87,3083020331.54,90.00,6511864756.44,95097554141.31,90.00,73604122.04,300.00,8194007406.00,15623581.04,150.00,3984793433.00,144338001628.55,0.10,0.66,0.05,151480455030.14,144112246172.76
3/30/25,0.00,83758.25,82531.17,6912666658.21,2026624.21,3085.12,6252378884.94,108844601.00,14107498267.87,3083020331.54,90.00,6511864756.44,95097554141.31,90.00,73604122.04,300.00,8194007406.00,15623581.04,150.00,3984793433.00,144341856183.38,0.10,0.66,0.05,151620389060.01,144134977946.60
3/31/25,0.00,92646.19,82421.29,7636018437.82,2133201.96,3123.57,6663205657.00,64302555.00,15093981718.00,1613610695.00,90.00,6285638008.00,98523657338.00,90.00,65886184.00,270.00,8825524405.00,14354777.00,120.00,4462144209.00,149248323983.82,0.10,0.66,0.04,149766735210.01,144151836208.79
4/1/25,0.00,92646.19,85243.64,7897498410.26,2133201.96,3113.38,6641468328.99,64302555.00,15094820272.54,1616394173.45,90.00,6286336412.22,98523657338.00,90.00,66899184.08,270.00,8825524405.00,14438991.69,120.00,4462144209.00,149493484280.23,0.10,0.66,0.04,149759759290.48,143908732518.58
4/2/25,0.00,92646.19,85653.54,7935474083.26,2133201.96,3134.17,6685817597.81,64302555.00,15095658873.67,1617865092.15,90.00,6287034894.05,98375871851.99,90.00,66121481.06,270.00,8825524405.00,14492415.96,120.00,4462144209.00,149430307458.95,0.10,0.66,0.04,149535614466.45,143990231518.74
4/3/25,0.00,92646.19,82315.85,7626249823.61,2133201.96,3115.34,6645649404.84,64302555.00,15094820225.95,1614892265.04,90.00,6286336334.61,98646405499.59,90.00,69890405.48,270.00,8825524405.00,14845547.83,120.00,4462144209.00,149351060675.96,0.10,0.66,0.04,149517238951.63,143988054419.69
4/4/25,0.00,92646.19,84129.73,7794298893.51,2133201.96,3038.24,6481179533.46,64302555.00,15096497428.20,1625271985.07,90.00,6287733298.24,99657531155.96,90.00,74005203.11,270.00,8825524405.00,14311602.96,120.00,4462144209.00,150382800269.51,0.10,0.66,0.04,150833882107.32,144182937322.17
4/5/25,0.00,92646.19,83044.57,7693762954.70,2133201.96,3038.24,6481179533.46,64302555.00,15096497428.20,1625271985.07,90.00,6287733298.24,99657531155.96,90.00,74005203.11,270.00,8825524405.00,14311602.96,120.00,4462144209.00,150282264330.70,0.10,0.66,0.04,149546084261.66,144035750400.18
4/6/25,0.00,92646.19,78807.93,7301254403.15,2133201.96,3038.24,6481179533.46,64302555.00,15096497428.20,1625271985.07,90.00,6287733298.24,99657531155.96,90.00,74005203.11,270.00,8825524405.00,14311602.96,120.00,4462144209.00,149889755779.15,0.10,0.66,0.03,149248794223.01,144029490829.96
4/7/25,0.00,92646.19,78923.14,7311928170.63,2133201.96,2983.28,6363938753.55,64302555.00,15097336122.50,1646152666.90,90.00,6288431935.28,99184157882.97,90.00,70369697.50,270.00,8825524405.00,14220008.70,120.00,4462144209.00,149328506407.02,0.10,0.66,0.03,149006273128.58,143958926471.45
4/8/25,0.00,92646.19,77052.89,7138656635.04,2133201.96,2983.27,6363917421.53,64302555.00,15094400529.36,1645070321.52,90.00,6285986433.97,98465072738.31,90.00,72269679.34,270.00,8825524405.00,14052212.60,120.00,4462144209.00,148431397140.67,0.10,0.66,0.03,148922482228.49,144205567669.15
4/9/25,0.00,92646.19,83173.76,7705731915.90,2133201.96,3082.70,6576021692.75,64302555.00,15093561951.56,1637079392.44,90.00,6285287991.03,97726584692.78,90.00,65277587.86,270.00,8825524405.00,13922932.24,120.00,4462144209.00,148455439325.56,0.10,0.66,0.04,149689922254.83,144054569797.20
4/10/25,0.00,92646.19,79879.18,7400501633.47,2133201.96,3176.23,6775540072.40,64302555.00,15095658279.61,1632143598.07,90.00,6287033904.36,98044196093.03,90.00,67994767.46,270.00,8825524405.00,13729403.48,120.00,4462144209.00,148668768920.87,0.10,0.66,0.04,149802503265.62,143979365781.69
4/11/25,0.00,92646.19,83820.60,7765659177.00,2133201.96,3237.61,6906476008.91,64302555.00,15097335574.97,1626271961.47,90.00,6288431023.01,97921640847.91,90.00,65699944.05,270.00,8825524405.00,13723454.08,120.00,4462144209.00,149037209160.41,0.10,0.66,0.04,150278043278.78,144286395278.96
4/12/25,0.00,92646.19,85502.31,7921463200.05,2133201.96,3237.61,6906476008.91,64302555.00,15097335574.97,1626271961.47,90.00,6288431023.01,97921640847.91,90.00,65699944.05,270.00,8825524405.00,13723454.08,120.00,4462144209.00,149193013183.46,0.10,0.66,0.04,150051438046.64,144275039627.89
4/13/25,0.00,92646.19,83479.15,7734025135.66,2133201.96,3237.61,6906476008.91,64302555.00,15097335574.97,1626271961.47,90.00,6288431023.01,97921640847.91,90.00,65699944.05,270.00,8825524405.00,13723454.08,120.00,4462144209.00,149005575119.07,0.10,0.66,0.04,149809241585.92,144374132862.54
4/14/25,0.00,92646.19,84848.06,7860849430.69,2133201.96,3210.93,6849562180.53,64302555.00,15097335574.97,1624466799.60,90.00,6288431023.01,98215405770.46,90.00,66808630.61,270.00,8825524405.00,13889507.87,120.00,4462144209.00,149368720086.73,0.10,0.66,0.04,150335972976.02,144347938969.45
4/15/25,0.00,92646.19,84016.48,7783806712.57,2133201.96,3230.72,6891778247.38,64302555.00,15096077463.67,1616649053.12,90.00,6287382951.17,98362728879.11,90.00,66382725.59,270.00,8825524405.00,13920064.79,120.00,4462144209.00,149470697266.41,0.10,0.66,0.04,150058484902.19,144334107980.62
4/16/25,0.00,92646.19,84308.09,7810823267.84,2133201.96,3343.12,7131550148.08,64302555.00,15098174141.10,1620820007.68,90.00,6289129446.44,98166003421.35,90.00,67951017.48,270.00,8825524405.00,13984561.09,120.00,4462144209.00,149550407180.05,0.10,0.66,0.04,150279733338.82,144568505877.06
4/17/25,0.00,92646.19,85139.14,7887816883.47,2133201.96,3326.85,7096842952.13,64302555.00,15097754747.37,1619640861.13,90.00,6288780050.35,98018754416.22,90.00,67033678.75,270.00,8825524405.00,14062874.63,120.00,4462144209.00,149442657633.06,0.10,0.66,0.04,150158081067.45,144632716534.41
4/18/25,0.00,92646.19,84501.93,7828781805.17,2133201.96,3326.85,7096842952.13,64302555.00,15097754747.37,1619640861.13,90.00,6288780050.35,98018754416.22,90.00,67033678.75,270.00,8825524405.00,14062874.63,120.00,4462144209.00,149383622554.76,0.10,0.66,0.04,150387008457.74,144806058275.00
4/19/25,0.00,92646.19,85185.43,7892105475.58,2133201.96,3326.85,7096842952.13,64302555.00,15097754747.37,1619640861.13,90.00,6288780050.35,98018754416.22,90.00,67033678.75,270.00,8825524405.00,14062874.63,120.00,4462144209.00,149446946225.16,0.10,0.66,0.04,150476366358.02,144773493164.27
4/20/25,0.00,92646.19,85110.53,7885166276.00,2133201.96,3326.85,7096842952.13,64302555.00,15097754747.37,1619640861.13,90.00,6288780050.35,98018754416.22,90.00,67033678.75,270.00,8825524405.00,14062874.63,120.00,4462144209.00,149440007025.58,0.10,0.66,0.04,150252947368.53,144626535181.39
4/21/25,0.00,92646.19,87354.60,8093070810.08,2133201.96,3423.98,7304040858.84,64302555.00,15097754747.37,1616822686.03,90.00,6288780050.35,97920735661.81,90.00,67536431.34,270.00,8825524405.00,14159908.46,120.00,4462144209.00,149754872323.28,0.10,0.65,0.04,150587053505.63,144636655192.65
4/22/25,0.00,92646.19,91177.46,8447244221.40,2133201.96,3380.63,7211566553.73,64302555.00,15098593511.53,1618504181.62,90.00,6289478803.69,98190017684.88,90.00,66827298.81,270.00,8825524405.00,14148108.54,120.00,4462144209.00,150288351533.20,0.10,0.65,0.04,150797217018.04,144628467100.06
4/23/25,0.00,92646.19,93686.03,8679653672.56,2133201.96,3288.34,7014693344.52,64302555.00,15099432322.28,1615837695.98,90.00,6290177634.67,98067280162.77,90.00,65674527.90,270.00,8825524405.00,14232053.98,120.00,4462144209.00,150198952583.67,0.10,0.65,0.04,150337382901.17,144787216371.03
4/24/25,0.00,92646.19,93454.23,8658178285.88,2133201.96,3349.43,7145010652.47,64302555.00,15099012893.60,1615494330.47,90.00,6289828180.36,98336965183.22,90.00,67029065.04,270.00,8825524405.00,14435097.96,120.00,4462144209.00,150577924857.99,0.10,0.65,0.04,151376962255.25,145334994442.82
4/25/25,0.00,92646.19,94966.87,8798318617.70,2133201.96,3319.72,7081633222.13,64302555.00,15097335225.50,1616403046.03,90.00,6288430440.76,98459886389.70,90.00,67582054.83,270.00,8825524405.00,14468779.85,120.00,4462144209.00,150776028945.50,0.10,0.65,0.04,151579444898.12,145704892662.23
4/26/25,0.00,92646.19,94148.90,8722536814.21,2133201.96,3319.72,7081633222.13,64302555.00,15097335225.50,1616403046.03,90.00,6288430440.76,98459886389.70,90.00,67582054.83,270.00,8825524405.00,14468779.85,120.00,4462144209.00,150700247142.02,0.10,0.65,0.04,151717423755.54,146102824559.95
4/27/25,0.00,92646.19,94300.98,8736626446.69,2133201.96,3319.72,7081633222.13,64302555.00,15097335225.50,1616403046.03,90.00,6288430440.76,98459886389.70,90.00,67582054.83,270.00,8825524405.00,14468779.85,120.00,4462144209.00,150714336774.49,0.10,0.65,0.04,152923227022.00,147176227949.39
4/28/25,0.00,92646.19,94506.03,8755623547.81,2133201.96,3343.98,7133384701.77,64302555.00,15096077114.23,1616693998.58,90.00,6287382369.02,98607576219.28,90.00,68190293.32,270.00,8825524405.00,14438395.41,120.00,4462144209.00,150931337808.42,0.10,0.65,0.04,153130438446.55,147177522305.55
4/29/25,0.00,92646.19,94873.95,8789709933.79,2133201.96,3317.41,7076705525.60,64302555.00,15096077114.23,1618201565.73,90.00,6287382369.02,98780139477.66,90.00,69468861.32,270.00,8825524405.00,14594811.36,120.00,4462144209.00,151084250827.72,0.10,0.65,0.04,153167643329.57,147276031291.01
4/30/25,0.00,92646.19,94581.18,8762585908.94,2133201.96,3288.71,7015482629.25,64302555.00,15093980436.86,1622247069.65,90.00,6285635873.92,98780139477.66,90.00,70589046.71,270.00,8825524405.00,14298050.20,120.00,4462144209.00,150996929662.18,0.10,0.65,0.04,153682162460.83,148006012381.16
5/1/25,0.00,92646.19,96463.20,8936947890.17,2133201.96,3239.20,6909867800.03,64302555.00,15094818991.32,1624761552.61,90.00,6286334277.91,98557884163.84,90.00,68418433.52,270.00,8825524405.00,14371446.86,120.00,4462144209.00,150845375725.26,0.10,0.65,0.04,154055159068.12,148428458921.78
5/2/25,0.00,92646.19,97063.65,8992577294.55,2133201.96,3240.49,6912619630.57,64302555.00,15096076892.91,1624456909.81,90.00,6287382000.29,98015815800.94,90.00,64903436.50,270.00,8825524405.00,14356117.31,120.00,4462144209.00,150360159251.88,0.10,0.65,0.03,154025662335.35,148729502512.55
5/3/25,0.00,92646.19,96360.14,8927399773.90,2133201.96,3240.49,6912619630.57,64302555.00,15096076892.91,1624456909.81,90.00,6287382000.29,98015815800.94,90.00,64903436.50,270.00,8825524405.00,14356117.31,120.00,4462144209.00,150294981731.23,0.10,0.65,0.04,154695190580.25,148960089669.37
5/4/25,0.00,92646.19,95732.26,8869229084.55,2133201.96,3240.49,6912619630.57,64302555.00,15096076892.91,1624456909.81,90.00,6287382000.29,98015815800.94,90.00,64903436.50,270.00,8825524405.00,14356117.31,120.00,4462144209.00,150236811041.87,0.10,0.65,0.04,154969106257.12,149216918792.02
5/5/25,0.00,92646.19,94240.37,8731011161.15,2133201.96,3334.12,7112351330.41,64302555.00,15097334899.31,1608943346.33,90.00,6288429897.29,98089327662.79,90.00,64660048.61,270.00,8825524405.00,14156567.28,120.00,4462144209.00,150358186082.17,0.10,0.65,0.04,155303035968.81,149359909126.68
5/6/25,0.00,92646.19,94701.79,8773759965.83,2133201.96,3431.77,7320658502.14,64302555.00,15097754269.73,1605476073.41,90.00,6288779254.50,98211939322.37,90.00,66042157.15,270.00,8825524405.00,14276426.22,120.00,4462144209.00,150730657140.35,0.10,0.65,0.04,155548228893.23,149346610972.13
5/7/25,0.00,92646.19,96794.09,8967603587.76,2133201.96,3364.50,7177158006.06,64302555.00,15098593033.85,1609108463.03,90.00,6289478007.75,97917303504.40,90.00,65571606.78,270.00,8825524405.00,14261198.03,120.00,4462144209.00,150491048576.67,0.10,0.65,0.04,154993273325.00,149419951385.11
5/8/25,0.00,92646.19,102616.61,9507037878.03,2133201.96,3305.72,7051768394.64,64302555.00,15099012439.22,1608295863.26,90.00,6289827423.20,97770427549.14,90.00,63481511.82,270.00,8825524405.00,14226971.16,120.00,4462144209.00,150756049199.46,0.10,0.65,0.04,155552029095.93,149457054005.27
5/9/25,0.00,92646.19,103195.81,9560698550.89,2133201.96,3324.98,7092853864.46,64302555.00,15099431856.23,1605119478.93,90.00,6290176858.05,97892640583.58,90.00,63814789.76,270.00,8825524405.00,14261590.12,120.00,4462144209.00,150970968741.01,0.10,0.65,0.04,155538272282.13,149493872634.73
5/10/25,0.00,92646.19,103195.01,9560624433.94,2133201.96,3324.98,7092853864.46,64302555.00,15099431856.23,1605119478.93,90.00,6290176858.05,97892640583.58,90.00,63814789.76,270.00,8825524405.00,14261590.12,120.00,4462144209.00,150970894624.06,0.10,0.65,0.04,155575693442.70,149743084522.38
5/11/25,0.00,92646.19,104297.01,9662720534.57,2133201.96,3324.98,7092853864.46,64302555.00,15099431856.23,1605119478.93,90.00,6290176858.05,97892640583.58,90.00,63814789.76,270.00,8825524405.00,14261590.12,120.00,4462144209.00,151072990724.70,0.10,0.65,0.04,155833457124.40,149889745922.24
5/12/25,0.00,92646.19,102693.31,9514143840.75,2133201.96,3236.39,6903873502.52,64302555.00,15099431856.23,1605308080.47,90.00,6290176858.05,96326358334.24,90.00,62067859.89,270.00,8825524405.00,14059075.54,120.00,4462144209.00,149167390576.69,0.10,0.65,0.03,153779577519.27,149905101863.98
5/13/25,0.00,92646.19,104599.51,9690746006.84,2133201.96,3250.31,6933567673.85,64302555.00,15098592998.90,1597827344.81,90.00,6289477949.52,96494929461.33,90.00,62091135.33,270.00,8825524405.00,13977064.26,120.00,4462144209.00,149533180803.85,0.10,0.65,0.04,156290278915.81,150062819973.58
5/14/25,0.00,92646.19,103573.61,9595700281.22,2133201.96,3177.25,6777715938.40,64302555.00,15099012404.26,1598278731.04,90.00,6289827364.96,96301939602.41,90.00,61392610.06,270.00,8825524405.00,13906247.14,120.00,4462144209.00,149089744348.48,0.10,0.65,0.03,155459282578.77,150076010701.82
5/15/25,0.00,92646.19,103463.61,9585509200.39,2133201.96,3240.10,6911787681.80,64302555.00,15098173570.24,1598586399.69,90.00,6289128495.25,96951977694.72,90.00,62658832.64,270.00,8825524405.00,13959090.88,120.00,4462144209.00,149863752134.62,0.10,0.65,0.04,157031725277.37,150363832522.01
5/16/25,0.00,92646.19,103712.31,9608550307.67,2133201.96,3203.65,6834032470.23,64302555.00,15098592963.95,1599561537.40,90.00,6289477891.28,97412499588.77,90.00,61507476.59,270.00,8825524405.00,14020976.18,120.00,4462144209.00,150270214381.08,0.10,0.65,0.04,156980332015.40,150686295171.93
5/17/25,0.00,92646.19,103406.01,9580172779.88,2133201.96,3203.65,6834032470.23,64302555.00,15098592963.95,1599561537.40,90.00,6289477891.28,97412499588.77,90.00,61507476.59,270.00,8825524405.00,14020976.18,120.00,4462144209.00,150241836853.29,0.10,0.65,0.04,156941819041.06,151086450912.12
5/18/25,0.00,92646.19,104106.91,9645108493.98,2133201.96,3203.65,6834032470.23,64302555.00,15098592963.95,1599561537.40,90.00,6289477891.28,97412499588.77,90.00,61507476.59,270.00,8825524405.00,14020976.18,120.00,4462144209.00,150306772567.39,0.10,0.65,0.04,157216541468.48,151256967601.13
5/19/25,0.00,92646.19,105485.91,9772867589.06,2133201.96,3229.56,6889303733.11,64302555.00,15099012369.31,1599769480.40,90.00,6289827306.72,97363793338.98,90.00,61553607.20,270.00,8825524405.00,14082668.48,120.00,4462144209.00,150442181262.25,0.10,0.65,0.04,157372287888.49,151335913570.00
5/20/25,0.00,92646.19,106953.22,9908808269.12,2133201.96,3290.13,7018511776.03,64302555.00,15099851203.33,1597853756.44,90.00,6290526176.42,97753248512.33,90.00,61553607.20,270.00,8825524405.00,14089240.39,120.00,4462144209.00,151096413710.27,0.10,0.65,0.04,157978391229.37,151397243586.79
5/21/25,0.00,92646.19,108282.41,10031952657.51,2133201.96,3314.96,7071479180.79,64302555.00,15100270643.64,1596958958.34,90.00,6290875650.09,97411112142.54,90.00,60814963.91,270.00,8825524405.00,13815439.48,120.00,4462144209.00,150929250805.31,0.10,0.65,0.04,157355340416.65,151623683545.67
5/22/25,0.00,92646.19,111092.22,10292270846.74,2133201.96,3294.52,7027876532.65,64302555.00,15100270643.64,1596427969.49,90.00,6290875650.09,97386759364.50,90.00,60655324.63,270.00,8825524405.00,13866096.09,120.00,4462144209.00,151120973596.85,0.10,0.64,0.04,158084941104.49,151965145889.94
5/23/25,0.00,92646.19,108261.31,10029997822.92,2133201.96,3357.51,7162246924.33,64302555.00,15100270643.64,1596384067.72,90.00,6290875650.09,97508492813.71,90.00,60359629.93,270.00,8825524405.00,13791681.38,120.00,4462144209.00,151114390402.72,0.10,0.65,0.04,158359778333.13,152429358067.93
5/24/25,0.00,92646.19,108896.11,10088809623.90,2133201.96,3357.51,7162246924.33,64302555.00,15100270643.64,1596384067.72,90.00,6290875650.09,97508492813.71,90.00,60359629.93,270.00,8825524405.00,13791681.38,120.00,4462144209.00,151173202203.70,0.10,0.65,0.04,158506384387.92,152504474726.01
5/25/25,0.00,92646.19,107698.31,9977838018.33,2133201.96,3357.51,7162246924.33,64302555.00,15100270643.64,1596384067.72,90.00,6290875650.09,97508492813.71,90.00,60359629.93,270.00,8825524405.00,13791681.38,120.00,4462144209.00,151062230598.13,0.10,0.65,0.04,158564397359.34,152731781250.05
5/26/25,0.00,92646.19,109619.22,10155803009.87,2133201.96,3343.84,7133086053.49,64302555.00,15100270643.64,1596384067.72,90.00,6290875650.09,97435361444.10,90.00,60427534.51,270.00,8825524405.00,13791681.38,120.00,4462144209.00,151137971253.80,0.10,0.64,0.04,158816419781.41,152785634650.19
5/27/25,0.00,92646.19,109615.91,10155496350.98,2133201.96,3300.87,7041422365.12,64302555.00,15098173383.83,1596894910.62,90.00,6289128184.63,98190485495.29,90.00,60200931.26,270.00,8825524405.00,14014646.89,120.00,4462144209.00,151797787437.63,0.10,0.65,0.04,159416981290.96,152773329685.24
5/28/25,0.00,92646.19,107335.72,9944245436.54,2133201.96,3287.48,7012858790.83,64302555.00,15097334596.42,1595286039.00,90.00,6288429392.61,97625890203.69,90.00,59546246.13,270.00,8825524405.00,13888982.23,120.00,4462144209.00,150989450856.45,0.10,0.65,0.03,157928827493.23,152821712873.41
5/29/25,0.00,92646.19,106179.22,9837100118.58,2133201.96,3317.94,7077836122.64,64302555.00,15097334596.42,1596426668.51,90.00,6288429392.61,97381825478.18,90.00,60216141.40,270.00,8825524405.00,13947315.95,120.00,4462144209.00,150705087003.31,0.10,0.65,0.04,158597553454.73,152939615248.69
5/30/25,0.00,92646.19,104597.81,9690588508.32,2133201.96,3289.25,7016634558.31,64302555.00,15096495855.61,1598853237.05,90.00,6287730678.24,97430516390.92,90.00,60803248.78,270.00,8825524405.00,13939877.38,120.00,4462144209.00,150547533523.61,0.10,0.65,0.04,158806733401.50,153012882316.87
5/31/25,0.00,92646.19,104834.41,9712508596.72,2133201.96,3289.25,7016634558.31,64302555.00,15096495855.61,1598853237.05,90.00,6287730678.24,97430516390.92,90.00,60803248.78,270.00,8825524405.00,13939877.38,120.00,4462144209.00,150569453612.00,0.10,0.65,0.04,159106574233.38,153119221148.44
6/1/25,0.00,92646.19,105004.41,9728258448.90,2133201.96,3289.25,7016634558.31,64302555.00,15096495855.61,1598853237.05,90.00,6287730678.24,97430516390.92,90.00,60803248.78,270.00,8825524405.00,13939877.38,120.00,4462144209.00,150585203464.19,0.10,0.65,0.04,159061501756.90,153082120332.94
6/2/25,0.00,92646.19,104931.91,9721541600.18,2133201.96,3381.59,7213614427.61,64302555.00,15096495855.61,1600552018.61,90.00,6287730678.24,97576662165.51,90.00,60917254.87,270.00,8825524405.00,14108549.90,120.00,4462144209.00,150923593719.53,0.10,0.65,0.04,159476107725.32,153153034403.68
6/3/25,0.00,92646.19,105810.72,9802959997.82,2133201.96,3353.43,7153543460.32,64302555.00,15097753896.93,1601224250.46,90.00,6288778633.35,97674238827.67,90.00,61054318.69,270.00,8825524405.00,13967464.40,120.00,4462144209.00,151045492018.65,0.10,0.65,0.04,159302608077.75,153206457899.89
6/4/25,0.00,92646.19,104668.31,9697120064.67,2133201.96,3372.72,7194692926.20,64302555.00,15099431425.14,1602036871.77,90.00,6290176139.71,97356797551.49,90.00,62863052.88,270.00,8825524405.00,14088981.34,120.00,4462144209.00,150669178182.20,0.10,0.65,0.04,158975774682.99,153397794279.69
6/5/25,0.00,92646.19,100503.81,9311295009.22,2133201.96,3352.65,7151879562.79,64302555.00,15099011996.49,1604383855.79,90.00,6289826685.48,97527171947.20,90.00,62910200.17,270.00,8825524405.00,13999751.13,120.00,4462144209.00,150412450177.27,0.10,0.65,0.04,159503441338.13,153785541890.79
6/6/25,0.00,92646.19,104574.41,9688420587.49,2133201.96,3310.42,7061794443.87,64302555.00,15099011996.49,1605362529.94,90.00,6289826685.48,97429644775.25,90.00,60362337.06,270.00,8825524405.00,13842953.91,120.00,4462144209.00,150600237478.51,0.10,0.65,0.04,160082576524.22,153888799244.76
6/7/25,0.00,92646.19,105921.22,9813197401.74,2133201.96,3310.42,7061794443.87,64302555.00,15099011996.49,1605362529.94,90.00,6289826685.48,97429644775.25,90.00,60362337.06,270.00,8825524405.00,13842953.91,120.00,4462144209.00,150725014292.76,0.10,0.65,0.04,160363942292.81,154223964621.06
6/8/25,0.00,92646.19,106206.51,9839628433.09,2133201.96,3310.42,7061794443.87,64302555.00,15099011996.49,1605362529.94,90.00,6289826685.48,97429644775.25,90.00,60362337.06,270.00,8825524405.00,13842953.91,120.00,4462144209.00,150751445324.11,0.10,0.65,0.04,160582944046.67,154535435745.19
6/9/25,0.00,92646.19,108770.01,10077126939.43,2133201.96,3326.19,7095435038.84,64302555.00,15099011996.49,1599049441.79,90.00,6289826685.48,97210428074.51,90.00,60430244.69,270.00,8825524405.00,13781583.49,120.00,4462144209.00,150797061173.72,0.10,0.64,0.04,160892763533.09,154813893920.00
6/10/25,0.00,92646.19,109979.61,10189191770.04,2133201.96,3323.69,7090102033.93,64302555.00,15099431413.49,1598689655.66,90.00,6290176120.30,97477756751.71,90.00,60724842.14,270.00,8825524405.00,13730132.24,120.00,4462144209.00,151171773888.51,0.10,0.64,0.04,161245028583.67,154815100257.25
6/11/25,0.00,92646.19,108933.11,10092237532.91,2133201.96,3355.12,7157148571.64,64302555.00,15099431413.49,1599337124.97,90.00,6290176120.30,97039106846.33,90.00,62000063.82,270.00,8825524405.00,13988258.73,120.00,4462144209.00,150705397101.19,0.10,0.64,0.03,160738853820.95,155191377114.93
6/12/25,0.00,92646.19,106012.81,9821682866.22,2133201.96,3385.92,7222851192.11,64302555.00,15099431413.49,1600948457.13,90.00,6290176120.30,96723729749.08,90.00,62767314.61,270.00,8825524405.00,14001314.43,120.00,4462144209.00,150187559596.38,0.10,0.64,0.03,160546268245.90,155060034616.54
6/13/25,0.00,92646.19,105472.51,9771626130.13,2133201.96,3432.34,7321874427.26,64302555.00,15099431413.49,1604346470.23,90.00,6290176120.30,97038081870.76,90.00,62508399.44,270.00,8825524405.00,13834232.08,120.00,4462144209.00,150553850232.69,0.10,0.64,0.04,161668992047.32,155229279159.86
6/14/25,0.00,92646.19,104937.31,9722041889.60,2133201.96,3432.34,7321874427.26,64302555.00,15099431413.49,1604346470.23,90.00,6290176120.30,97038081870.76,90.00,62508399.44,270.00,8825524405.00,13834232.08,120.00,4462144209.00,150504265992.16,0.10,0.64,0.04,161235242042.56,155241505784.78
6/15/25,0.00,92646.19,104751.41,9704818963.00,2133201.96,3432.34,7321874427.26,64302555.00,15099431413.49,1604346470.23,90.00,6290176120.30,97038081870.76,90.00,62508399.44,270.00,8825524405.00,13834232.08,120.00,4462144209.00,150487043065.57,0.10,0.64,0.04,161555653841.10,155516573446.71
6/16/25,0.00,92646.19,108833.22,10082983105.06,2133201.96,3385.23,7221379282.76,64302555.00,15097753698.89,1602942667.07,90.00,6288778303.38,97062341391.23,90.00,61312926.30,270.00,8825524405.00,13845299.47,120.00,4462144209.00,150783307843.15,0.10,0.64,0.04,161825162406.18,155452141769.06
6/17/25,0.00,92646.19,104392.11,9671531187.18,2133201.96,3388.11,7227522904.41,64302555.00,15098173080.94,1600770679.75,90.00,6289127679.96,98105761561.19,90.00,61289933.95,270.00,8825524405.00,13829608.13,120.00,4462144209.00,151419977804.51,0.10,0.65,0.04,162285939396.89,155544907963.98
6/18/25,0.00,92646.19,104836.11,9712666095.24,2133201.96,3369.38,7187568031.64,64302555.00,15099431262.03,1598853756.86,90.00,6290175867.90,97737864955.33,90.00,61496787.48,270.00,8825524405.00,13901983.08,120.00,4462144209.00,151053929908.56,0.10,0.65,0.04,161145165122.99,155479539457.37
6/19/25,0.00,92646.19,104297.01,9662720534.57,2133201.96,3370.90,7190810498.62,64302555.00,15099431262.03,1598853756.86,90.00,6290175867.90,97737864955.33,90.00,61496787.48,270.00,8825524405.00,13901983.08,120.00,4462144209.00,151007226814.88,0.10,0.65,0.04,161598687160.77,155588301934.81
6/20/25,0.00,92646.19,103721.91,9609439711.09,2133201.96,3368.39,7185456161.69,64302555.00,15099011833.38,1599984945.90,90.00,6289826413.69,98275423212.59,90.00,62488423.18,270.00,8825524405.00,13985858.38,120.00,4462144209.00,151487587728.89,0.10,0.65,0.04,162309233902.35,155728724343.18
6/21/25,0.00,92646.19,102815.01,9525418881.99,2133201.96,3368.39,7185456161.69,64302555.00,15099011833.38,1599984945.90,90.00,6289826413.69,98275423212.59,90.00,62488423.18,270.00,8825524405.00,13985858.38,120.00,4462144209.00,151403566899.79,0.10,0.65,0.04,161928003841.27,155943659515.59
6/22/25,0.00,92646.19,99561.32,9223976902.25,2133201.96,3368.39,7185456161.69,64302555.00,15099011833.38,1599984945.90,90.00,6289826413.69,98275423212.59,90.00,62488423.18,270.00,8825524405.00,13985858.38,120.00,4462144209.00,151102124920.05,0.10,0.65,0.04,161665299488.31,155914735505.38
6/23/25,0.00,92646.19,103802.81,9616934787.81,2133201.96,3368.48,7185648149.87,64302555.00,15099011833.38,1601544931.22,90.00,6289826413.69,99258177444.71,90.00,64105311.13,270.00,8825524405.00,14142033.79,120.00,4462144209.00,152481362074.60,0.10,0.65,0.05,163370797771.95,155823535902.09
6/24/25,0.00,92646.19,106143.11,9833754664.69,2133201.96,3323.67,7090059369.89,64302555.00,15098592416.39,1607482659.05,90.00,6289476978.89,99109290178.55,90.00,64610140.45,270.00,8825524405.00,14299481.77,120.00,4462144209.00,152459537058.67,0.10,0.65,0.04,162120316610.59,156064607850.97
6/25/25,0.00,92646.19,107848.31,9991734946.73,2133201.96,3332.33,7108532898.89,64302555.00,15096075984.32,1607542939.65,90.00,6287380486.56,98539411760.02,90.00,65046258.90,270.00,8825524405.00,14217498.08,120.00,4462144209.00,152061913942.14,0.10,0.65,0.03,162075896423.36,156407434582.08
6/26/25,0.00,92646.19,107811.61,9988334831.58,2133201.96,3327.92,7099125478.23,64302555.00,15094398642.54,1610102951.78,90.00,6285983290.90,98046714701.22,90.00,65851206.35,270.00,8825524405.00,14307068.31,120.00,4462144209.00,151556789339.92,0.10,0.65,0.03,162332236929.14,156766999298.44
6/27/25,0.00,92646.19,107169.81,9928874507.27,2133201.96,3274.33,6984807185.01,64302555.00,15094817931.39,1612127656.24,90.00,6286332512.19,98414389881.35,90.00,65554875.93,270.00,8825524405.00,14204534.32,120.00,4462144209.00,151753080252.71,0.10,0.65,0.04,163609286874.59,157271724601.06
6/28/25,0.00,92646.19,107223.11,9933812549.16,2133201.96,3274.33,6984807185.01,64302555.00,15094817931.39,1612127656.24,90.00,6286332512.19,98414389881.35,90.00,65554875.93,270.00,8825524405.00,14204534.32,120.00,4462144209.00,151758018294.60,0.10,0.65,0.04,163674946277.04,157533488924.85
6/29/25,0.00,92646.19,107411.31,9951248561.99,2133201.96,3274.33,6984807185.01,64302555.00,15094817931.39,1612127656.24,90.00,6286332512.19,98414389881.35,90.00,65554875.93,270.00,8825524405.00,14204534.32,120.00,4462144209.00,151775454307.43,0.10,0.65,0.04,163689205954.52,157534240466.24
6/30/25,0.00,83254.15,107606.61,8958696734.54,2641552.35,3303.14,8725417224.00,32430726.00,16341965339.00,1666870344.00,90.00,6345999587.00,105518993610.00,90.00,48169774.00,360.00,10137145089.00,14605090.00,120.00,4815162084.00,162605455601.54,0.10,0.65,0.03,163088160126.79,157596199393.20
7/1/25,0.00,83254.15,105949.31,8820719633.52,2641552.35,3338.84,8819720642.84,32430726.00,16342419282.48,1664378372.84,90.00,6346352142.53,104727601157.93,90.00,46869190.10,360.00,10137145089.00,14686878.50,120.00,4815162084.00,161767485199.74,0.10,0.65,0.03,162380770489.63,157725452770.49
7/2/25,0.00,83254.15,109213.41,9092469501.04,2641552.35,3357.45,8868879932.04,32430726.00,16344235106.85,1669608681.87,90.00,6347762443.01,104570509756.19,90.00,47009797.67,360.00,10137145089.00,14699117.57,120.00,4815162084.00,161939912235.23,0.10,0.65,0.03,163398825415.92,157728281420.36
7/3/25,0.00,83254.15,109985.51,9156750029.42,2641552.35,3326.12,8786120096.97,32430726.00,16346505139.50,1672588933.37,90.00,6349525710.35,103995371952.53,90.00,43202004.06,360.00,10137145089.00,14454132.28,120.00,4815162084.00,161349255897.48,0.10,0.64,0.03,162785470560.59,157879549490.16
7/4/25,0.00,83254.15,107741.81,8969952695.47,2641552.35,3337.15,8815256419.37,32430726.00,16346505139.50,1672588933.37,90.00,6349525710.35,103995371952.53,90.00,43202004.06,360.00,10137145089.00,14454132.28,120.00,4815162084.00,161191594885.93,0.10,0.65,0.03,163669439613.34,158312598178.94
7/5/25,0.00,83254.15,108137.41,9002888036.79,2641552.35,3337.15,8815256419.37,32430726.00,16346505139.50,1672588933.37,90.00,6349525710.35,103995371952.53,90.00,43202004.06,360.00,10137145089.00,14454132.28,120.00,4815162084.00,161224530227.25,0.10,0.65,0.03,164011992622.09,158456545511.90
7/6/25,0.00,83254.15,108708.81,9050459457.49,2641552.35,3337.15,8815256419.37,32430726.00,16346505139.50,1672588933.37,90.00,6349525710.35,103995371952.53,90.00,43202004.06,360.00,10137145089.00,14454132.28,120.00,4815162084.00,161272101647.95,0.10,0.64,0.03,164197232289.68,158621120525.44
7/7/25,0.00,83254.15,107900.91,8983198430.57,2641552.35,3336.50,8813539410.34,32430726.00,16347413278.67,1655436533.86,90.00,6350231213.21,104203362696.43,90.00,42769984.02,360.00,10137145089.00,14406915.44,120.00,4815162084.00,161395096361.55,0.10,0.65,0.03,164287747492.46,158634407830.00
7/8/25,0.00,83254.15,108682.81,9048294849.61,2641552.35,3301.92,8722194530.13,32430726.00,16346959183.86,1651778019.12,90.00,6349878422.59,104099159333.74,90.00,41786274.39,360.00,10137145089.00,14282535.74,120.00,4815162084.00,161259071048.18,0.10,0.65,0.03,163971045310.36,158583008856.61
7/9/25,0.00,83254.15,110758.81,9221130462.79,2641552.35,3313.66,8753206354.70,32430726.00,16347867348.26,1651402239.62,90.00,6350583964.63,103838911435.40,90.00,43750229.28,360.00,10137145089.00,14283963.99,120.00,4815162084.00,161205873897.69,0.10,0.64,0.03,164152636158.08,158677174828.34
7/10/25,0.00,83254.15,113584.72,9456399194.78,2641552.35,3324.05,8780652083.60,32430726.00,16348321455.69,1655167436.72,90.00,6350936774.85,104046589258.27,90.00,43531478.14,360.00,10137145089.00,14441563.73,120.00,4815162084.00,161680777144.80,0.10,0.64,0.04,164720868924.74,158706387150.65
7/11/25,0.00,83254.15,117730.81,9801578389.11,2641552.35,3355.59,8863966644.67,32430726.00,16348321455.69,1656292950.58,90.00,6350936774.85,104358729026.05,90.00,43096163.36,360.00,10137145089.00,14309664.12,120.00,4815162084.00,162421968967.43,0.10,0.64,0.04,165076541488.74,158789684206.18
7/12/25,0.00,83254.15,117075.31,9747005294.49,2641552.35,3355.59,8863966644.67,32430726.00,16348321455.69,1656292950.58,90.00,6350936774.85,104358729026.05,90.00,43096163.36,360.00,10137145089.00,14309664.12,120.00,4815162084.00,162367395872.81,0.10,0.64,0.03,164614339800.39,159124450417.99
7/13/25,0.00,83254.15,119133.81,9918383960.06,2641552.35,3355.59,8863966644.67,32430726.00,16348321455.69,1656292950.58,90.00,6350936774.85,104358729026.05,90.00,43096163.36,360.00,10137145089.00,14309664.12,120.00,4815162084.00,162538774538.37,0.10,0.64,0.03,165162239069.89,159432153628.76
7/14/25,0.00,83254.15,120198.01,10006983025.35,2641552.35,3343.51,8832056692.30,32430726.00,16347413215.61,1656201854.47,90.00,6350231115.21,104515267119.59,90.00,42708297.89,360.00,10137145089.00,14315387.98,120.00,4815162084.00,162749914607.39,0.10,0.64,0.03,165306845830.04,159532935861.25
7/15/25,0.00,83254.15,116440.51,9694155560.75,2641552.35,3324.55,8781972859.78,32430726.00,16345596836.36,1654284800.82,90.00,6348819952.74,104463009486.03,90.00,41512465.55,360.00,10137145089.00,14085864.59,120.00,4815162084.00,162328175725.62,0.10,0.64,0.03,164682003179.34,159549816472.64
7/16/25,0.00,83254.15,119972.91,9988242516.42,2641552.35,3347.13,8841619111.80,32430726.00,16346958969.43,1651555230.90,90.00,6349878089.40,104463009486.03,90.00,43089939.24,360.00,10137145089.00,14304665.02,120.00,4815162084.00,162683395907.25,0.10,0.64,0.04,165822776016.10,159888845413.10
7/17/25,0.00,83254.15,119480.12,9947215704.37,2641552.35,3338.97,8820064044.64,32430726.00,16346958969.43,1653004470.62,90.00,6349878089.40,104384662228.91,90.00,42228140.45,360.00,10137145089.00,14189750.88,120.00,4815162084.00,162542939297.71,0.10,0.64,0.03,165480828651.77,160046475251.49
7/18/25,0.00,83254.15,117489.12,9781456693.86,2641552.35,3349.94,8849041873.90,32430726.00,16348775298.20,1650318338.35,90.00,6351289173.42,104489046891.14,90.00,43368300.24,360.00,10137145089.00,14398813.21,120.00,4815162084.00,162512433281.34,0.10,0.64,0.03,165912224661.24,160355259560.12
7/19/25,0.00,83254.15,117787.31,9806282248.53,2641552.35,3349.94,8849041873.90,32430726.00,16348775298.20,1650318338.35,90.00,6351289173.42,104489046891.14,90.00,43368300.24,360.00,10137145089.00,14398813.21,120.00,4815162084.00,162537258836.01,0.10,0.64,0.03,166534274313.13,160901686887.35
7/20/25,0.00,83254.15,118139.41,9835596034.36,2641552.35,3349.94,8849041873.90,32430726.00,16348775298.20,1650318338.35,90.00,6351289173.42,104489046891.14,90.00,43368300.24,360.00,10137145089.00,14398813.21,120.00,4815162084.00,162566572621.84,0.10,0.64,0.03,167285987129.34,161623516431.04
7/21/25,0.00,83254.15,116990.81,9739970318.91,2641552.35,3397.05,8973485405.04,32430726.00,16349683563.50,1655681872.95,90.00,6351994872.22,104750269508.37,90.00,43324931.94,360.00,10137145089.00,14460728.11,120.00,4815162084.00,162863609100.03,0.10,0.64,0.04,167597098706.78,161657924155.92
7/22/25,0.00,83254.15,119772.22,9971534241.27,2641552.35,3431.48,9064434052.39,32430726.00,16349683563.50,1655806049.09,90.00,6351994872.22,105038332749.52,90.00,43758181.26,360.00,10137145089.00,14194650.71,120.00,4815162084.00,163474476258.97,0.10,0.64,0.04,167977477817.58,161714313907.56
7/23/25,0.00,83254.15,117961.72,9820802604.64,2641552.35,3387.29,8947703854.12,32430726.00,16349683563.50,1655901257.94,90.00,6351994872.22,104171766504.34,90.00,42883017.64,360.00,10137145089.00,14122731.15,120.00,4815162084.00,162339596304.53,0.10,0.64,0.03,166480418200.96,161998859726.48
7/24/25,0.00,83254.15,118780.41,9888961943.83,2641552.35,3368.68,8898544564.91,32430726.00,16348775247.74,1657826243.15,90.00,6351289095.01,104067594737.83,90.00,42196889.36,360.00,10137145089.00,14253131.03,120.00,4815162084.00,162254179751.86,0.10,0.64,0.03,167558318153.27,162001064184.98
7/25/25,0.00,83254.15,117104.31,9749419664.81,2641552.35,3337.30,8815652652.22,32430726.00,16346050451.87,1657631448.57,90.00,6349171998.65,104119628535.20,90.00,42070298.69,360.00,10137145089.00,14269284.58,120.00,4815162084.00,162078632233.58,0.10,0.64,0.03,168064688708.69,162581045547.76
7/26/25,0.00,83254.15,118004.91,9824398351.33,2641552.35,3337.30,8815652652.22,32430726.00,16346050451.87,1657631448.57,90.00,6349171998.65,104119628535.20,90.00,42070298.69,360.00,10137145089.00,14269284.58,120.00,4815162084.00,162153610920.10,0.10,0.64,0.03,168810994893.36,163050890399.24
7/27/25,0.00,83254.15,118801.81,9890743582.61,2641552.35,3337.30,8815652652.22,32430726.00,16346050451.87,1657631448.57,90.00,6349171998.65,104119628535.20,90.00,42070298.69,360.00,10137145089.00,14269284.58,120.00,4815162084.00,162219956151.39,0.10,0.64,0.03,169097088362.35,163335949202.89
7/28/25,0.00,83254.15,118040.22,9827338055.33,2641552.35,3314.61,8755715829.44,32430726.00,16346050451.87,1659421690.53,90.00,6349171998.65,104431987420.81,90.00,42154439.28,360.00,10137145089.00,14211731.80,120.00,4815162084.00,162410789516.71,0.10,0.64,0.03,169512315980.31,163611552679.88
7/29/25,0.00,83254.15,117479.31,9780639970.66,2641552.35,3326.62,8787440873.14,32430726.00,16346050451.87,1660272144.15,90.00,6349171998.65,104379771427.10,90.00,43166145.83,360.00,10137145089.00,14304108.06,120.00,4815162084.00,162345555018.44,0.10,0.64,0.03,169223609051.26,163590746762.94
7/30/25,0.00,83254.15,117143.62,9752692385.40,2641552.35,3275.18,8651559420.34,32430726.00,16347866679.70,1665136741.53,90.00,6350582925.76,104327581541.38,90.00,40921506.24,360.00,10137145089.00,14199211.26,120.00,4815162084.00,162135278310.62,0.10,0.64,0.03,169105486102.36,163622824216.24
7/31/25,0.00,83254.15,116491.12,9698369053.23,2641552.35,3289.93,8690522317.48,32430726.00,16344687927.84,1663325905.33,90.00,6348113254.62,104379745332.15,90.00,41862700.89,360.00,10137145089.00,14238495.75,120.00,4815162084.00,162165602886.28,0.10,0.64,0.03,169481123534.88,163743255734.61
8/1/25,0.00,83254.15,113905.41,9483097967.80,2641552.35,3363.48,8884808492.70,32430726.00,16346958023.39,1654722352.08,90.00,6349876619.41,105971536448.47,90.00,52160925.31,360.00,10137145089.00,14682736.81,120.00,4815162084.00,163742581464.97,0.10,0.65,0.04,171080175661.54,163726923788.98
8/2/25,0.00,83254.15,112759.62,9387706196.50,2641552.35,3363.48,8884808492.70,32430726.00,16346958023.39,1654722352.08,90.00,6349876619.41,105971536448.47,90.00,52160925.31,360.00,10137145089.00,14682736.81,120.00,4815162084.00,163647189693.67,0.10,0.65,0.03,169438553548.31,163828186245.71
8/3/25,0.00,83254.15,114432.91,9527014531.36,2641552.35,3363.48,8884808492.70,32430726.00,16346958023.39,1654722352.08,90.00,6349876619.41,105971536448.47,90.00,52160925.31,360.00,10137145089.00,14682736.81,120.00,4815162084.00,163786498028.53,0.10,0.65,0.03,169714557110.41,163859964337.56
8/4/25,0.00,83254.15,114821.41,9559358768.22,2641552.35,3373.59,8911514586.94,32430726.00,16347412105.56,1682256932.02,90.00,6350229390.34,106739830087.72,90.00,53673592.14,360.00,10137145089.00,14797751.59,120.00,4815162084.00,164643811113.52,0.10,0.65,0.04,170497710470.50,163898336148.08
8/5/25,0.00,83254.15,113687.51,9464956888.75,2641552.35,3380.60,8930031868.90,32430726.00,16346958010.78,1687648565.49,90.00,6349876599.81,107060049577.98,90.00,49111336.81,360.00,10137145089.00,14686768.45,120.00,4815162084.00,164888057515.97,0.10,0.65,0.04,169855971796.38,163892973829.07
8/6/25,0.00,83254.15,115088.22,9581571807.70,2641552.35,3369.33,8900261573.94,32430726.00,16346958010.78,1690855097.76,90.00,6349876599.81,107113579602.77,90.00,49798895.52,360.00,10137145089.00,14877206.88,120.00,4815162084.00,165032516694.16,0.10,0.65,0.03,169741029823.74,163881457760.12
8/7/25,0.00,83254.15,117239.91,9760708927.40,2641552.35,3396.38,8971715564.96,32430726.00,16346503928.61,1694342486.40,90.00,6349523828.89,107033244418.07,90.00,49201308.78,360.00,10137145089.00,14949609.29,120.00,4815162084.00,165204927971.40,0.10,0.65,0.03,169736778497.39,163849751258.64
8/8/25,0.00,83254.15,116915.22,9733677137.79,2641552.35,3397.75,8975334491.68,32430726.00,16346503928.61,1694160344.58,90.00,6349523828.89,106952969484.76,90.00,48315685.22,360.00,10137145089.00,14804598.08,120.00,4815162084.00,165100027398.60,0.10,0.65,0.03,169672390533.51,164062882581.10
8/9/25,0.00,83254.15,116798.62,9723969704.02,2641552.35,3397.75,8975334491.68,32430726.00,16346503928.61,1694160344.58,90.00,6349523828.89,106952969484.76,90.00,48315685.22,360.00,10137145089.00,14804598.08,120.00,4815162084.00,165090319964.84,0.10,0.65,0.03,170065287440.19,164348036577.36
8/10/25,0.00,83254.15,118362.41,9854161709.57,2641552.35,3397.75,8975334491.68,32430726.00,16346503928.61,1694160344.58,90.00,6349523828.89,106952969484.76,90.00,48315685.22,360.00,10137145089.00,14804598.08,120.00,4815162084.00,165220511970.39,0.10,0.65,0.03,170378145541.92,164510960910.43
8/11/25,0.00,83254.15,118856.31,9895280933.73,2641552.35,3342.37,8829045322.63,32430726.00,16346957998.16,1693342912.22,90.00,6349876580.22,106765801788.16,90.00,47880844.05,360.00,10137145089.00,14665928.34,120.00,4815162084.00,164927590206.50,0.10,0.65,0.03,169945799539.57,164514579394.95
8/12/25,0.00,83254.15,120177.31,10005259664.46,2641552.35,3348.26,8844604065.96,32430726.00,16346049833.83,1691420968.01,90.00,6349171038.37,107353013697.99,90.00,49891839.50,360.00,10137145089.00,14901560.92,120.00,4815162084.00,165639050568.05,0.10,0.65,0.04,170999554980.81,164531428220.93
8/13/25,0.00,83254.15,122951.91,10236256626.08,2641552.35,3355.86,8864679863.81,32430726.00,16347412004.65,1700520812.82,90.00,6350229233.55,107916617019.91,90.00,51987296.76,360.00,10137145089.00,14989976.85,120.00,4815162084.00,166467430733.42,0.10,0.65,0.04,171169562881.37,164582366980.36
8/14/25,0.00,83254.15,117957.12,9820419635.56,2641552.35,3335.39,8810607287.23,32430726.00,16346957909.87,1711671978.05,90.00,6349876443.03,107619846323.10,90.00,49543893.81,360.00,10137145089.00,14939010.93,120.00,4815162084.00,165708600380.59,0.10,0.65,0.03,170040895263.16,165067250309.71
8/15/25,0.00,83254.15,117370.81,9771606895.50,2641552.35,3336.19,8812720529.11,32430726.00,16346049745.54,1707640990.54,90.00,6349170901.21,107646751284.68,90.00,48354840.36,360.00,10137145089.00,14891206.10,120.00,4815162084.00,165681924292.04,0.10,0.65,0.03,170863774089.00,165136555131.00
8/16/25,0.00,83254.15,117733.51,9801803175.31,2641552.35,3336.19,8812720529.11,32430726.00,16346049745.54,1707640990.54,90.00,6349170901.21,107646751284.68,90.00,48354840.36,360.00,10137145089.00,14891206.10,120.00,4815162084.00,165712120571.86,0.10,0.65,0.03,171780075000.91,165965167893.58
8/17/25,0.00,83254.15,117692.62,9798398913.16,2641552.35,3336.19,8812720529.11,32430726.00,16346049745.54,1707640990.54,90.00,6349170901.21,107646751284.68,90.00,48354840.36,360.00,10137145089.00,14891206.10,120.00,4815162084.00,165708716309.71,0.10,0.65,0.03,172291443317.57,166492984191.69
8/18/25,0.00,83254.15,116474.22,9696962058.11,2641552.35,3332.72,8803554342.46,32430726.00,16346957859.42,1703811605.62,90.00,6349876364.64,107350722718.65,90.00,48161421.00,360.00,10137145089.00,14724424.59,120.00,4815162084.00,165299508693.49,0.10,0.65,0.03,172147728045.44,166762498064.90
8/19/25,0.00,83254.15,113553.72,9453818316.17,2641552.35,3315.78,8758806445.68,32430726.00,16347411941.58,1698947223.49,90.00,6350229135.55,107994827054.96,90.00,48883842.32,360.00,10137145089.00,14880012.67,120.00,4815162084.00,165652541871.42,0.10,0.65,0.04,172987026456.45,166805473910.42
8/20/25,0.00,83254.15,114387.01,9523193165.93,2641552.35,3348.43,8845053129.86,32430726.00,16348320131.13,1703674544.13,90.00,6350934716.56,107670842573.80,90.00,48932726.16,360.00,10137145089.00,14833388.63,120.00,4815162084.00,165490522275.20,0.10,0.65,0.03,172676741535.05,167025249464.97
8/21/25,0.00,83254.15,112420.81,9359498858.31,2641552.35,3338.71,8819377241.03,32430726.00,16347866011.13,1707077634.04,90.00,6350581886.86,107159406071.57,90.00,46828618.93,360.00,10137145089.00,14717193.76,120.00,4815162084.00,164790091414.62,0.10,0.65,0.03,172111673916.56,167022764187.70
8/22/25,0.00,83254.15,117042.51,9744274558.40,2641552.35,3371.86,8906944701.38,32430726.00,16346049581.57,1695597536.95,90.00,6349170646.44,108338159538.36,90.00,50528079.83,360.00,10137145089.00,15067953.54,120.00,4815162084.00,166430530495.47,0.10,0.65,0.04,174563516184.07,167022463443.88
8/23/25,0.00,83254.15,115287.41,9598155201.62,2641552.35,3371.86,8906944701.38,32430726.00,16346049581.57,1695597536.95,90.00,6349170646.44,108338159538.36,90.00,50528079.83,360.00,10137145089.00,15067953.54,120.00,4815162084.00,166284411138.69,0.10,0.65,0.03,172684335084.06,167015858355.23
8/24/25,0.00,83254.15,112773.41,9388854271.22,2641552.35,3371.86,8906944701.38,32430726.00,16346049581.57,1695597536.95,90.00,6349170646.44,108338159538.36,90.00,50528079.83,360.00,10137145089.00,15067953.54,120.00,4815162084.00,166075110208.28,0.10,0.65,0.03,172696275344.43,167091079556.33
8/25/25,0.00,83254.15,109574.81,9122557550.46,2641552.35,3365.89,8891174633.86,32430726.00,16345595524.64,1706135675.64,90.00,6348817914.74,108175652299.05,90.00,49972270.95,360.00,10137145089.00,14813305.13,120.00,4815162084.00,165639457073.46,0.10,0.65,0.03,172509955505.22,167139162109.30
8/26/25,0.00,83254.15,111356.41,9270883142.19,2641552.35,3393.57,8964292802.86,32430726.00,16345141480.32,1703115815.49,90.00,6348465202.63,108662442734.40,90.00,51421466.81,360.00,10137145089.00,14731338.17,120.00,4815162084.00,166345231881.87,0.10,0.65,0.04,173753121908.87,167189640747.67
8/27/25,0.00,83254.15,112421.91,9359590437.87,2641552.35,3397.37,8974330701.79,32430726.00,16346049543.73,1705713067.11,90.00,6349170587.65,108743939566.45,90.00,52295631.74,360.00,10137145089.00,14869321.71,120.00,4815162084.00,166530696757.05,0.10,0.65,0.03,173248203132.10,167227656284.76
8/28/25,0.00,83254.15,111924.51,9318179824.19,2641552.35,3417.08,9026395698.57,32430726.00,16346957657.60,1717499544.41,90.00,6349876051.05,108716753581.56,90.00,51511197.27,360.00,10137145089.00,14809844.42,120.00,4815162084.00,166526721298.06,0.10,0.65,0.03,173050488427.43,167227040389.99
8/29/25,0.00,83254.15,107800.31,8974823063.19,2641552.35,3447.95,9107940419.57,32430726.00,16346957657.60,1717568244.39,90.00,6349876051.05,109559308421.81,90.00,52232354.03,360.00,10137145089.00,14847856.35,120.00,4815162084.00,167108291966.98,0.10,0.66,0.04,173787604652.38,167350893321.81
8/30/25,0.00,83254.15,108662.61,9046613115.81,2641552.35,3447.95,9107940419.57,32430726.00,16346957657.60,1717568244.39,90.00,6349876051.05,109559308421.81,90.00,52232354.03,360.00,10137145089.00,14847856.35,120.00,4815162084.00,167180082019.60,0.10,0.66,0.03,173301083017.06,167393291686.28
8/31/25,0.00,83254.15,109127.01,9085276342.57,2641552.35,3447.95,9107940419.57,32430726.00,16346957657.60,1717568244.39,90.00,6349876051.05,109559308421.81,90.00,52232354.03,360.00,10137145089.00,14847856.35,120.00,4815162084.00,167218745246.37,0.10,0.66,0.03,173504525571.72,167623030177.18
9/1/25,0.00,83254.15,108873.11,9064138114.16,2641552.35,3476.07,9182220871.60,32430726.00,16346957657.60,1717568244.39,90.00,6349876051.05,109559308421.81,90.00,52232354.03,360.00,10137145089.00,14847856.35,120.00,4815162084.00,167271887469.99,0.10,0.65,0.03,173944897486.08,168033937030.53
9/2/25,0.00,83254.15,111424.51,9276552749.73,2641552.35,3533.16,9333027095.17,32430726.00,16344687246.81,1722128388.08,90.00,6348112196.59,110079715136.82,90.00,53590395.23,360.00,10137145089.00,14874087.57,120.00,4815162084.00,168157425195.00,0.10,0.65,0.04,174819355142.56,168042730226.59
9/3/25,0.00,83254.15,112263.72,9346420464.05,2641552.35,3559.42,9402394259.84,32430726.00,16344687246.81,1724991426.52,90.00,6348112196.59,110217314780.74,90.00,56216324.60,360.00,10137145089.00,15017870.41,120.00,4815162084.00,168439892468.57,0.10,0.65,0.04,174178206443.73,168030536519.75
9/4/25,0.00,83254.15,110407.01,9191841653.20,2641552.35,3545.85,9366548394.47,32430726.00,16343779208.63,1734750565.52,90.00,6347406850.79,111347042257.24,90.00,56890920.50,360.00,10137145089.00,15133508.01,120.00,4815162084.00,169388131257.36,0.10,0.66,0.04,175050611967.78,168208879799.12
9/5/25,0.00,83254.15,111644.51,9294868662.49,2641552.35,3586.69,9474429392.38,32430726.00,16343325214.76,1738207056.02,90.00,6347054217.08,113351289017.87,90.00,62523121.63,360.00,10137145089.00,15333270.32,120.00,4815162084.00,171611767851.55,0.10,0.66,0.05,176494408536.85,168341103332.75
9/6/25,0.00,83254.15,110192.81,9174008614.50,2641552.35,3586.69,9474429392.38,32430726.00,16343325214.76,1738207056.02,90.00,6347054217.08,113351289017.87,90.00,62523121.63,360.00,10137145089.00,15333270.32,120.00,4815162084.00,171490907803.55,0.10,0.66,0.03,174323022233.23,168571448655.18
9/7/25,0.00,83254.15,111336.31,9269209733.79,2641552.35,3586.69,9474429392.38,32430726.00,16343325214.76,1738207056.02,90.00,6347054217.08,113351289017.87,90.00,62523121.63,360.00,10137145089.00,15333270.32,120.00,4815162084.00,171586108922.85,0.10,0.66,0.03,174919516411.97,168935354719.07
9/8/25,0.00,83254.15,111986.51,9323341581.43,2641552.35,3635.98,9604631507.63,32430726.00,16344233177.28,1761368665.04,90.00,6347759445.32,112926221684.05,90.00,64211245.91,360.00,10137145089.00,15636357.96,120.00,4815162084.00,171372141563.63,0.10,0.66,0.03,174540527083.77,168873494952.16
9/9/25,0.00,83254.15,111517.81,9284320361.82,2641552.35,3626.63,9579932993.17,32430726.00,16344233177.28,1767507034.84,90.00,6347759445.32,112897990128.63,90.00,61000683.61,360.00,10137145089.00,15582673.13,120.00,4815162084.00,171283064396.82,0.10,0.66,0.03,174682925260.34,168888299256.80
9/10/25,0.00,83254.15,113618.81,9459237328.72,2641552.35,3640.75,9617231712.33,32430726.00,16344687183.75,1766442111.85,90.00,6348112098.63,112615745153.31,90.00,62159696.60,360.00,10137145089.00,15595658.70,120.00,4815162084.00,171213948842.89,0.10,0.66,0.03,174752215341.06,168935638241.07
9/11/25,0.00,83254.15,114428.01,9526606586.03,2641552.35,3634.07,9599586142.65,32430726.00,16343779145.58,1775517208.20,90.00,6347406752.84,112812822707.33,90.00,63900168.11,360.00,10137145089.00,15799441.97,120.00,4815162084.00,171470156051.70,0.10,0.66,0.04,175299957523.82,169143657795.10
9/12/25,0.00,83254.15,116255.31,9678736892.37,2641552.35,3643.14,9623545022.45,32430726.00,16343325151.71,1783138615.82,90.00,6347054119.13,112812822707.33,90.00,62238763.74,360.00,10137145089.00,15726237.89,120.00,4815162084.00,171651325409.43,0.10,0.66,0.03,175533685377.27,169443595938.30
9/13/25,0.00,83254.15,115966.22,9654668950.46,2641552.35,3643.14,9623545022.45,32430726.00,16343325151.71,1783138615.82,90.00,6347054119.13,112812822707.33,90.00,62238763.74,360.00,10137145089.00,15726237.89,120.00,4815162084.00,171627257467.51,0.10,0.66,0.03,175534628511.91,169647322430.78
9/14/25,0.00,83254.15,115855.62,9645461041.58,2641552.35,3643.14,9623545022.45,32430726.00,16343325151.71,1783138615.82,90.00,6347054119.13,112812822707.33,90.00,62238763.74,360.00,10137145089.00,15726237.89,120.00,4815162084.00,171618049558.64,0.10,0.66,0.03,176009506066.17,170091547144.35
9/15/25,0.00,83254.15,115409.81,9608345509.45,2641552.35,3678.99,9718244674.14,32430726.00,16339239320.42,1781952828.64,90.00,6343880592.07,113771731700.34,90.00,63359061.48,360.00,10137145089.00,15785473.38,120.00,4815162084.00,172627277058.93,0.09,0.66,0.04,177309062877.17,170336524837.73
9/16/25,0.00,83254.15,116894.22,9731928800.66,2641552.35,3689.98,9747275334.44,32430726.00,16344685733.53,1780883656.94,90.00,6348109845.80,114625019688.09,90.00,65069756.14,360.00,10137145089.00,15833355.99,120.00,4815162084.00,173643544070.60,0.09,0.66,0.04,177275641970.19,170303334835.33
9/17/25,0.00,83254.15,115656.22,9628860164.29,2641552.35,3659.90,9667817439.81,32430726.00,16345139752.58,1782067944.57,90.00,6348462518.57,114395769648.72,90.00,65655383.95,360.00,10137145089.00,15885078.28,120.00,4815162084.00,173234395829.76,0.09,0.66,0.03,176395676257.30,170858172815.06
9/18/25,0.00,83254.15,117579.51,9788982036.38,2641552.35,3644.28,9626556392.12,32430726.00,16356036512.41,1790862449.88,90.00,6356927135.26,114281373879.07,90.00,65786694.72,360.00,10137145089.00,15853308.13,120.00,4815162084.00,173267116306.96,0.09,0.66,0.03,176999572680.99,171006848211.07
9/19/25,0.00,83254.15,115389.41,9606647124.81,2641552.35,3685.30,9734912869.45,32430726.00,16356036512.41,1786752420.55,90.00,6356927135.26,114424225596.42,90.00,66576135.05,360.00,10137145089.00,15842739.25,120.00,4815162084.00,173332658432.22,0.09,0.66,0.03,177213793281.47,171181401557.28
9/20/25,0.00,83254.15,115813.81,9641980185.62,2641552.35,3685.30,9734912869.45,32430726.00,16356036512.41,1786752420.55,90.00,6356927135.26,114424225596.42,90.00,66576135.05,360.00,10137145089.00,15842739.25,120.00,4815162084.00,173367991493.02,0.09,0.66,0.03,177532771036.93,171519427516.86
9/21/25,0.00,83254.15,115405.51,9607987516.61,2641552.35,3685.30,9734912869.45,32430726.00,16356036512.41,1786752420.55,90.00,6356927135.26,114424225596.42,90.00,66576135.05,360.00,10137145089.00,15842739.25,120.00,4815162084.00,173333998824.02,0.09,0.66,0.03,177453137308.20,171511067457.42
9/22/25,0.00,83254.15,112849.41,9395181586.54,2641552.35,3746.70,9897104183.64,32430726.00,16356036512.41,1790848550.48,90.00,6356927135.26,115253801231.99,90.00,65644069.16,360.00,10137145089.00,15805244.77,120.00,4815162084.00,174116086413.26,0.09,0.66,0.04,178803028162.63,172005777812.52
9/23/25,0.00,83254.15,112017.31,9325905809.21,2641552.35,3764.01,9942829454.79,32430726.00,16356945181.11,1792254366.59,90.00,6357633460.50,115196174331.38,90.00,65053272.54,360.00,10137145089.00,15845284.72,120.00,4815162084.00,174037379059.84,0.09,0.66,0.03,178076257078.33,172157397166.50
9/24/25,0.00,83254.15,113571.01,9455257780.40,2641552.35,3736.16,9869262221.89,32430726.00,16356490821.52,1793047439.15,90.00,6357280258.64,114792987721.22,90.00,64337686.54,360.00,10137145089.00,15779262.70,120.00,4815162084.00,173689181091.06,0.09,0.66,0.03,178449440458.97,172785885820.30
9/25/25,0.00,83254.15,109200.61,9091403847.93,2641552.35,3749.44,9904342037.08,32430726.00,16354219086.68,1796772495.20,90.00,6355514347.45,114247721029.54,90.00,61185139.90,360.00,10137145089.00,15610950.57,120.00,4815162084.00,172811506833.36,0.09,0.66,0.03,178228522923.26,173101417753.83
9/26/25,0.00,83254.15,109361.22,9104775296.79,2641552.35,3759.98,9932183998.83,32430726.00,16355127654.41,1791647201.66,90.00,6356220515.71,114876083495.20,90.00,61919361.58,360.00,10137145089.00,15639570.65,120.00,4815162084.00,173478334993.83,0.09,0.66,0.04,180263638854.91,173523720973.87
9/27/25,0.00,83254.15,109441.61,9111468097.82,2641552.35,3759.98,9932183998.83,32430726.00,16355127654.41,1791647201.66,90.00,6356220515.71,114876083495.20,90.00,61919361.58,360.00,10137145089.00,15639570.65,120.00,4815162084.00,173485027794.87,0.09,0.66,0.03,179590016402.48,173535663991.02
9/28/25,0.00,83254.15,110847.81,9228540082.04,2641552.35,3759.98,9932183998.83,32430726.00,16355127654.41,1791647201.66,90.00,6356220515.71,114876083495.20,90.00,61919361.58,360.00,10137145089.00,15639570.65,120.00,4815162084.00,173602099779.09,0.09,0.66,0.03,180465076631.91,174270349818.45
9/29/25,0.00,83254.15,114322.62,9517832431.28,2641552.35,3833.55,10126523005.10,32430726.00,16356490581.72,1798925768.42,90.00,6357279885.80,114732488390.83,90.00,62971990.73,360.00,10137145089.00,15724024.33,120.00,4815162084.00,173952973977.20,0.09,0.66,0.04,180868792096.69,174425533712.12
9/30/25,0.00,86335.06,114640.81,9897521773.56,3348427.98,3858.96,12921449635.00,30100334.00,17991468781.00,3056191686.00,90.00,6409774689.00,112417034272.00,90.00,47901280.00,270.00,14604086904.00,14672361.00,90.00,3874458261.00,181264659976.56,0.10,0.62,0.04,181330402948.21,174459824720.41
10/1/25,0.00,86335.06,117592.31,10152339717.67,3348427.98,3865.74,12944151976.70,30100334.00,17993467833.09,3071419161.08,90.00,6411199083.38,112529451306.27,90.00,48565910.26,270.00,14604086904.00,14834123.78,90.00,3874458261.00,181674074611.22,0.10,0.62,0.04,181569732640.40,174690086251.13
10/2/25,0.00,86335.06,120711.41,10421627418.65,3348427.98,3856.58,12913480376.41,30100334.00,17993467833.09,3088526965.80,90.00,6411199083.38,112163730589.53,90.00,48402000.31,270.00,14604086904.00,14859341.79,90.00,3874458261.00,181563939107.96,0.10,0.62,0.04,181780847378.72,174999290965.30
10/3/25,0.00,86335.06,122545.41,10579965927.71,3348427.98,3886.54,13013799278.67,30100334.00,17994467470.19,3087515473.22,90.00,6411911438.83,111939403128.35,90.00,47821176.31,270.00,14604086904.00,14750868.60,90.00,3874458261.00,181598280260.87,0.10,0.62,0.04,182775183311.95,175816608503.01
10/4/25,0.00,86335.06,121944.31,10528069920.19,3348427.98,3886.54,13013799278.67,30100334.00,17994467470.19,3087515473.22,90.00,6411911438.83,111939403128.35,90.00,47821176.31,270.00,14604086904.00,14750868.60,90.00,3874458261.00,181546384253.35,0.10,0.62,0.04,183227638698.52,176335566592.27
10/5/25,0.00,86335.06,122764.62,10598891437.29,3348427.98,3886.54,13013799278.67,30100334.00,17994467470.19,3087515473.22,90.00,6411911438.83,111939403128.35,90.00,47821176.31,270.00,14604086904.00,14750868.60,90.00,3874458261.00,181617205770.45,0.10,0.62,0.04,183318924365.34,176304224855.29
10/6/25,0.00,86335.06,125260.81,10814400162.99,3348427.98,3960.98,13263056257.45,30100334.00,17995967009.14,3086288185.82,90.00,6412980090.74,112191266785.39,90.00,47605981.02,270.00,14604086904.00,14749024.74,90.00,3874458261.00,182334958996.28,0.10,0.62,0.04,184768120511.23,177067514950.85
10/7/25,0.00,86335.06,122014.51,10534130641.75,3348427.98,3984.85,13342983233.31,30100334.00,17996466897.12,3087646152.62,90.00,6413336367.41,112864414386.10,90.00,47891616.90,270.00,14604086904.00,14805808.48,90.00,3874458261.00,182810320602.69,0.10,0.62,0.04,184533572109.32,177079964922.25
10/8/25,0.00,86335.06,122903.51,10610882514.46,3348427.98,4042.03,13534446345.17,30100334.00,17997466700.83,3093775130.24,90.00,6414048960.34,112469388935.75,90.00,47568348.49,270.00,14604086904.00,14769534.25,90.00,3874458261.00,182690991968.52,0.10,0.62,0.04,184364342897.20,177494668064.36
10/9/25,0.00,86335.06,121175.51,10461695522.28,3348427.98,3976.86,13316229293.76,30100334.00,17996966771.20,3106057417.50,90.00,6413692624.28,111935159338.30,90.00,47247262.14,270.00,14604086904.00,14736302.80,90.00,3874458261.00,181800430031.27,0.10,0.62,0.03,184057285790.90,177950841608.53
10/10/25,0.00,86335.06,114341.41,9871673055.13,3348427.98,4017.79,13453280450.95,30100334.00,17995966939.72,3111461957.41,90.00,6412979991.77,112214997236.65,90.00,48806421.79,270.00,14604086904.00,14781248.52,90.00,3874458261.00,181632592800.93,0.10,0.62,0.04,185285085124.26,178429389762.36
10/11/25,0.00,86335.06,110395.22,9530978485.30,3348427.98,4017.79,13453280450.95,30100334.00,17995966939.72,3111461957.41,90.00,6412979991.77,112214997236.65,90.00,48806421.79,270.00,14604086904.00,14781248.52,90.00,3874458261.00,181291898231.10,0.10,0.62,0.04,185690699295.21,178990649162.27
10/12/25,0.00,86335.06,115024.31,9930631270.96,3348427.98,4017.79,13453280450.95,30100334.00,17995966939.72,3111461957.41,90.00,6412979991.77,112214997236.65,90.00,48806421.79,270.00,14604086904.00,14781248.52,90.00,3874458261.00,181691551016.76,0.10,0.62,0.04,186924854360.36,179446718177.74
10/13/25,0.00,86335.06,115818.41,9999189946.01,3348427.98,4110.27,13762943070.48,30100334.00,17995966939.72,3111461957.41,90.00,6412979991.77,112214997236.65,90.00,48806421.79,270.00,14604086904.00,14781248.52,90.00,3874458261.00,182069772311.34,0.10,0.62,0.04,187491175366.58,180012440570.36
10/14/25,0.00,86335.06,113054.72,9760586590.45,3348427.98,4142.94,13872336212.56,30100334.00,17993967387.83,3119948469.90,90.00,6411554885.10,112411373481.81,90.00,48843026.60,270.00,14604086904.00,14950863.35,90.00,3874458261.00,182142206416.61,0.10,0.62,0.04,187129997908.70,179968076038.43
10/15/25,0.00,86335.06,111177.01,9598474375.70,3348427.98,4207.48,14088443754.35,30100334.00,17988969063.56,3129308315.31,90.00,6407992910.17,111905522301.14,90.00,48311858.69,270.00,14604086904.00,14841348.28,90.00,3874458261.00,181690509426.19,0.10,0.62,0.04,187375918403.73,180724457715.88
10/16/25,0.00,86335.06,107886.31,9314371577.58,3348427.98,4326.58,14487241526.68,30100334.00,17988469369.97,3127109976.22,90.00,6407636910.56,112409097151.50,90.00,50123553.39,270.00,14604086904.00,14915926.05,90.00,3874458261.00,182307611490.95,0.10,0.62,0.04,188502811719.10,180746576093.01
10/17/25,0.00,86335.06,107048.51,9242040060.19,3348427.98,4251.82,14236913050.95,30100334.00,17994465526.43,3138430114.33,90.00,6411908668.50,112914938088.68,90.00,49785219.40,270.00,14604086904.00,14927113.00,90.00,3874458261.00,182512053340.48,0.10,0.62,0.04,188765504293.81,181409776329.58
10/18/25,0.00,86335.06,107071.41,9244017133.18,3348427.98,4251.82,14236913050.95,30100334.00,17994465526.43,3138430114.33,90.00,6411908668.50,112914938088.68,90.00,49785219.40,270.00,14604086904.00,14927113.00,90.00,3874458261.00,182514030413.47,0.10,0.62,0.04,188847990621.06,181690604096.16
10/19/25,0.00,86335.06,108907.61,9402545579.38,3348427.98,4251.82,14236913050.95,30100334.00,17994465526.43,3138430114.33,90.00,6411908668.50,112914938088.68,90.00,49785219.40,270.00,14604086904.00,14927113.00,90.00,3874458261.00,182672558859.67,0.10,0.62,0.04,189305141218.09,181974341826.87
10/20/25,0.00,86335.06,111128.51,9594287125.05,3348427.98,4356.30,14586756806.23,30100334.00,17995465218.96,3148324015.27,90.00,6412621102.80,114100544938.61,90.00,49897236.15,270.00,14604086904.00,14890541.57,90.00,3874458261.00,184411432483.63,0.10,0.62,0.05,190951050617.67,181983632002.44
10/21/25,0.00,86335.06,110857.91,9570924856.49,3348427.98,4125.22,13813002068.77,30100334.00,17991966100.72,3146395666.81,90.00,6410127305.70,114214645483.55,90.00,50009504.93,270.00,14604086904.00,14905059.85,90.00,3874458261.00,183720621545.81,0.10,0.62,0.03,188424174954.40,181966466928.97
10/22/25,0.00,86335.06,107689.61,9297389470.31,3348427.98,4098.42,13723264198.92,30100334.00,17992965654.40,3141982846.88,90.00,6410839542.07,114071877176.70,90.00,50122026.31,270.00,14604086904.00,14857736.28,90.00,3874458261.00,183211944150.87,0.10,0.62,0.04,188702687420.73,182056845390.38
10/23/25,0.00,86335.06,109568.01,9459561256.25,3348427.98,4126.28,13816551402.43,30100334.00,17991466240.59,3147819080.02,90.00,6409771068.81,113986323268.81,90.00,49445378.96,270.00,14604086904.00,14929424.86,90.00,3874458261.00,183384512619.73,0.10,0.62,0.04,189844342584.41,182479294245.74
10/24/25,0.00,86335.06,110916.61,9575992724.80,3348427.98,4113.05,13772251700.26,30100334.00,17991466240.59,3146709473.80,90.00,6409771068.81,114869717274.15,90.00,49890387.37,270.00,14604086904.00,15047367.32,90.00,3874458261.00,184339491736.09,0.10,0.62,0.04,190762584222.61,182583812791.93
10/25/25,0.00,86335.06,111459.41,9622855398.03,3348427.98,4113.05,13772251700.26,30100334.00,17991466240.59,3146709473.80,90.00,6409771068.81,114869717274.15,90.00,49890387.37,270.00,14604086904.00,15047367.32,90.00,3874458261.00,184386354409.33,0.10,0.62,0.04,190217981548.40,182964141441.57
10/26/25,0.00,86335.06,113334.01,9784699110.73,3348427.98,4113.05,13772251700.26,30100334.00,17991466240.59,3146709473.80,90.00,6409771068.81,114869717274.15,90.00,49890387.37,270.00,14604086904.00,15047367.32,90.00,3874458261.00,184548198122.02,0.10,0.62,0.04,190327906540.20,182955826348.96
10/27/25,0.00,86335.06,114469.62,9882742073.80,3348427.98,3982.21,13334143383.45,30100334.00,17989966951.74,3159791918.43,90.00,6408702773.64,115846109870.98,90.00,50040058.53,270.00,14604086904.00,15031567.58,90.00,3874458261.00,185195174097.14,0.10,0.63,0.04,191073875701.88,183191897789.51
10/28/25,0.00,86335.06,112832.31,9741384808.66,3348427.98,3952.14,13233456154.11,30100334.00,17987968066.52,3163291387.98,90.00,6407278617.46,116280532782.99,90.00,49983763.47,270.00,14604086904.00,14978581.30,90.00,3874458261.00,185387519661.50,0.10,0.63,0.04,190611997621.77,183199468540.68
10/29/25,0.00,86335.06,111451.31,9622156084.01,3348427.98,3930.07,13159556348.61,30100334.00,17989966729.64,3161670201.15,90.00,6408702457.16,114071202660.12,90.00,46778554.63,270.00,14604086904.00,14772625.81,90.00,3874458261.00,182983451160.12,0.10,0.62,0.03,188035673461.83,183287874389.86
10/30/25,0.00,86335.06,107508.72,9281772320.41,3348427.98,4024.54,13475882339.81,30100334.00,18001460319.49,3151039085.09,90.00,6416891354.74,115097843484.06,90.00,47024142.05,270.00,14604086904.00,14709842.15,90.00,3874458261.00,183995268386.81,0.10,0.63,0.04,191666812408.56,183390521235.14
10/31/25,0.00,86335.06,109428.01,9447474347.16,3348427.98,4002.92,13403489326.90,30100334.00,17992459589.33,3123120878.80,90.00,6410474463.39,115874753927.58,90.00,47024142.05,270.00,14604086904.00,14749558.73,90.00,3874458261.00,184822191732.93,0.10,0.63,0.04,191444091479.62,183366211111.35
11/1/25,0.00,86335.06,110377.51,9529449491.30,3348427.98,4002.92,13403489326.90,30100334.00,17992459589.33,3123120878.80,90.00,6410474463.39,115874753927.58,90.00,47024142.05,270.00,14604086904.00,14749558.73,90.00,3874458261.00,184904166877.07,0.10,0.63,0.04,190661009985.95,183355571992.56
11/2/25,0.00,86335.06,109992.01,9496167323.77,3348427.98,4002.92,13403489326.90,30100334.00,17992459589.33,3123120878.80,90.00,6410474463.39,115874753927.58,90.00,47024142.05,270.00,14604086904.00,14749558.73,90.00,3874458261.00,184870884709.54,0.10,0.63,0.04,190624126315.60,183434428104.09
11/3/25,0.00,86335.06,106866.61,9226335711.88,3348427.98,4001.42,13398466684.93,30100334.00,17996957704.23,3114282446.71,90.00,6413679700.62,114397350815.00,90.00,46830167.46,270.00,14604086904.00,14765783.24,90.00,3874458261.00,183117314513.07,0.10,0.62,0.03,188873221853.57,183457006523.76
11/4/25,0.00,86335.06,100265.51,8656429314.85,3348427.98,3932.09,13166320173.13,30100334.00,18003456605.62,3125166863.87,90.00,6418311802.62,114168556113.37,90.00,47620426.54,270.00,14604086904.00,14787562.77,90.00,3874458261.00,182109294361.77,0.10,0.63,0.03,189612238605.81,183437646536.87
11/5/25,0.00,86335.06,103659.22,8949425488.01,3348427.98,3979.57,13325303533.58,30100334.00,18007957469.78,3138487887.62,90.00,6421520958.53,113911676862.11,90.00,46638255.24,270.00,14604086904.00,14743200.08,90.00,3874458261.00,182324399153.96,0.10,0.62,0.04,190869494603.11,183420827853.55
11/6/25,0.00,86335.06,101080.61,8726801026.27,3348427.98,3977.21,13317401243.55,30100334.00,18007457248.74,3142104994.91,90.00,6421164207.36,114822970277.01,90.00,48352211.12,270.00,14604086904.00,14956607.90,90.00,3874458261.00,183009853315.86,0.10,0.63,0.04,191415837637.42,183473350319.97
11/7/25,0.00,86335.06,103837.91,8964852700.76,3348427.98,4001.26,13397930936.45,30100334.00,18006957041.59,3158978098.74,90.00,6420807476.02,114851676019.58,90.00,48515399.83,270.00,14604086904.00,14918468.55,90.00,3874458261.00,183373281640.52,0.10,0.63,0.04,190973638362.51,183373529053.06
11/8/25,0.00,86335.06,102254.51,8828149758.97,3348427.98,4001.26,13397930936.45,30100334.00,18006957041.59,3158978098.74,90.00,6420807476.02,114851676019.58,90.00,48515399.83,270.00,14604086904.00,14918468.55,90.00,3874458261.00,183236578698.73,0.10,0.63,0.04,190470431988.08,183390255204.82
11/9/25,0.00,86335.06,104512.22,9023069298.39,3348427.98,4001.26,13397930936.45,30100334.00,18006957041.59,3158978098.74,90.00,6420807476.02,114851676019.58,90.00,48515399.83,270.00,14604086904.00,14918468.55,90.00,3874458261.00,183431498238.15,0.10,0.63,0.04,190844194775.45,183418028030.37
11/10/25,0.00,86335.06,105603.81,9117311791.90,3348427.98,4115.76,13781325940.08,30100334.00,18005956655.09,3160976152.38,90.00,6420094052.96,114219991801.47,90.00,47423803.33,270.00,14604086904.00,14866253.91,90.00,3874458261.00,183276591950.14,0.10,0.62,0.04,190489017316.38,183426322660.04
11/11/25,0.00,86335.06,102606.22,8858514664.66,3348427.98,4126.85,13818460006.37,30100334.00,18005956655.09,3160976152.38,90.00,6420094052.96,115162306733.83,90.00,47975105.05,270.00,14604086904.00,14866253.91,90.00,3874458261.00,183997795123.26,0.10,0.63,0.04,191440821874.06,183465216167.63
11/12/25,0.00,86335.06,101900.31,8797569878.98,3348427.98,4195.39,14047961260.08,30100334.00,18004456158.70,3151374687.32,90.00,6419024037.29,114154636549.91,90.00,47759217.08,270.00,14604086904.00,14928320.52,90.00,3874458261.00,183146355608.87,0.10,0.62,0.03,189770683553.43,183429112491.61
11/13/25,0.00,86335.06,98756.81,8526175602.41,3348427.98,4171.52,13968034284.21,30100334.00,18003455911.13,3152383127.22,90.00,6418310812.39,113869249958.54,90.00,46863731.76,270.00,14604086904.00,14806281.50,90.00,3874458261.00,182507925208.17,0.10,0.62,0.03,190584825072.02,184005021987.06
11/14/25,0.00,86335.06,94976.64,8199814380.06,3348427.98,4084.06,13675180773.14,30100334.00,18005956391.12,3134288448.07,90.00,6420093676.51,114040053833.48,90.00,46670418.86,270.00,14604086904.00,14800729.15,90.00,3874458261.00,182045504149.39,0.10,0.63,0.04,190663194433.38,183904959047.33
11/15/25,0.00,86335.06,95212.87,8220209312.45,3348427.98,4084.06,13675180773.14,30100334.00,18005956391.12,3134288448.07,90.00,6420093676.51,114040053833.48,90.00,46670418.86,270.00,14604086904.00,14800729.15,90.00,3874458261.00,182065899081.77,0.10,0.63,0.04,191173798293.06,183909651707.66
11/16/25,0.00,86335.06,93430.98,8066369723.62,3348427.98,4084.06,13675180773.14,30100334.00,18005956391.12,3134288448.07,90.00,6420093676.51,114040053833.48,90.00,46670418.86,270.00,14604086904.00,14800729.15,90.00,3874458261.00,181912059492.95,0.10,0.63,0.04,191046978159.94,183963683697.84
11/17/25,0.00,86335.06,91826.57,7927852882.12,3348427.98,4044.96,13544257239.15,30100334.00,18003455563.85,3131820195.92,90.00,6418310317.15,114467704035.35,90.00,46582911.83,270.00,14604086904.00,14791108.67,90.00,3874458261.00,182063419753.04,0.10,0.63,0.04,191328475718.34,183926036215.10
11/18/25,0.00,86335.06,92452.39,7981883092.44,3348427.98,4067.24,13618860214.53,30100334.00,18006456139.77,3123176372.18,90.00,6420449753.93,114668022517.41,90.00,47561152.98,270.00,14604086904.00,14834002.89,90.00,3874458261.00,182389888745.13,0.10,0.63,0.04,191437137376.31,183853937016.85
11/19/25,0.00,86335.06,90506.32,7813869012.66,3348427.98,4077.98,13654822331.03,30100334.00,18007956677.78,3139174843.14,90.00,6421519828.89,114152016416.09,90.00,46990419.14,270.00,14604086904.00,14801738.93,90.00,3874458261.00,181759796766.66,0.10,0.63,0.03,190339874373.85,183762763572.12
11/20/25,0.00,86335.06,87205.26,7528871783.26,3348427.98,4077.19,13652177072.92,30100334.00,18007956677.78,3132252962.61,90.00,6421519828.89,114408858453.02,90.00,47607168.39,270.00,14604086904.00,14838743.28,90.00,3874458261.00,181722728189.16,0.10,0.63,0.04,190895609951.88,183700071934.62
11/21/25,0.00,86335.06,85123.35,7349129948.26,3348427.98,4065.14,13611828515.77,30100334.00,18006956235.75,3131219319.14,90.00,6420806326.68,115495742608.33,90.00,48874709.25,270.00,14604086904.00,14903662.78,90.00,3874458261.00,182588106824.95,0.10,0.63,0.04,192775012655.43,184591758908.99
11/22/25,0.00,86335.06,84358.09,7283061176.48,3348427.98,4065.14,13611828515.77,30100334.00,18006956235.75,3131219319.14,90.00,6420806326.68,115495742608.33,90.00,48874709.25,270.00,14604086904.00,14903662.78,90.00,3874458261.00,182522038053.17,0.10,0.63,0.04,191908437893.41,184703894075.64
11/23/25,0.00,86335.06,87966.10,7594558954.05,3348427.98,4065.14,13611828515.77,30100334.00,18006956235.75,3131219319.14,90.00,6420806326.68,115495742608.33,90.00,48874709.25,270.00,14604086904.00,14903662.78,90.00,3874458261.00,182833535830.75,0.10,0.63,0.04,192107439936.27,184513624922.39
11/24/25,0.00,86335.06,88763.70,7663419801.83,3348427.98,4136.31,13850136135.06,30100334.00,18005455656.06,3165333953.62,90.00,6419736192.30,115726734093.54,90.00,48673101.07,270.00,14604086904.00,15041149.07,90.00,3874458261.00,183403175581.55,0.10,0.63,0.04,192311386080.30,184450064025.41
11/25/25,0.00,86335.06,87002.26,7511345765.08,3348427.98,4130.69,13831317969.82,30100334.00,18002954898.33,3175352235.58,90.00,6417952932.24,116999728168.57,90.00,49129411.40,270.00,14604086904.00,15050925.82,90.00,3874458261.00,184511477805.84,0.10,0.63,0.04,192782790908.31,184364174120.29
11/26/25,0.00,86335.06,90189.32,7786500797.08,3348427.98,4162.15,13936659514.04,30100334.00,18000954570.01,3199191192.49,90.00,6416526720.48,115039982721.75,90.00,49110987.87,270.00,14604086904.00,15053183.46,90.00,3874458261.00,182952625186.17,0.10,0.63,0.03,190128468263.78,184483146090.68
11/27/25,0.00,86335.06,91410.67,7891946128.62,3348427.98,4157.61,13921457651.02,30100334.00,18000954570.01,3199191192.49,90.00,6416526720.48,115039982721.75,90.00,49110987.87,270.00,14604086904.00,15053183.46,90.00,3874458261.00,183042868654.68,0.10,0.63,0.04,191921385477.25,184558481141.58
11/28/25,0.00,86335.06,90914.64,7849121346.37,3348427.98,4239.43,14195426028.28,30100334.00,17997454384.40,3203118199.68,90.00,6414031404.53,116190382548.97,90.00,49276737.45,270.00,14604086904.00,15005765.93,90.00,3874458261.00,184422461914.60,0.10,0.63,0.05,193278558791.16,184564207381.06
11/29/25,0.00,86335.06,91035.56,7859560982.42,3348427.98,4239.43,14195426028.28,30100334.00,17997454384.40,3203118199.68,90.00,6414031404.53,116190382548.97,90.00,49276737.45,270.00,14604086904.00,15005765.93,90.00,3874458261.00,184432901550.65,0.10,0.63,0.04,191943112316.73,184659967249.51
11/30/25,0.00,86335.06,91176.49,7871728183.11,3348427.98,4239.43,14195426028.28,30100334.00,17997454384.40,3203118199.68,90.00,6414031404.53,116190382548.97,90.00,49276737.45,270.00,14604086904.00,15005765.93,90.00,3874458261.00,184445068751.35,0.10,0.63,0.04,191963667087.45,184678012913.09
12/1/25,0.00,86335.06,86446.15,7463333972.13,3348427.98,4232.21,14171250378.27,30100334.00,17997454384.40,3214841612.29,90.00,6414031404.53,117090858013.72,90.00,49590876.65,270.00,14604086904.00,14956997.19,90.00,3874458261.00,184924963138.19,0.10,0.63,0.04,192413621277.39,184642693214.22
12/2/25,0.00,86335.06,91610.60,7909207098.15,3348427.98,4205.85,14082985816.74,30100334.00,18002953606.57,3215677471.11,90.00,6417951090.39,117676312303.79,90.00,50557898.75,270.00,14604086904.00,15035521.42,90.00,3874458261.00,185879326305.91,0.10,0.63,0.04,192867109507.90,184606686821.15
12/3/25,0.00,86335.06,93722.09,8091502724.37,3348427.98,4203.08,14073710671.24,30100334.00,18005954098.84,3225091366.91,90.00,6420090407.42,118882494504.90,90.00,51524818.56,270.00,14604086904.00,15137762.97,90.00,3874458261.00,187274151854.20,0.10,0.63,0.05,193363960747.23,184651818638.36
12/4/25,0.00,86335.06,92175.09,7957942378.94,3348427.98,4207.62,14088912534.26,30100334.00,18007454595.01,3243030937.63,90.00,6421160422.49,119031097623.03,90.00,50925842.54,270.00,14604086904.00,15060181.93,90.00,3874458261.00,187324230014.85,0.10,0.64,0.04,192708284186.58,185357034454.80
12/5/25,0.00,86335.06,89203.45,7701385646.63,3348427.98,4197.78,14055964002.95,30100334.00,18006954387.94,3242503945.11,90.00,6420803691.35,119179886495.06,90.00,50925842.54,270.00,14604086904.00,15045121.75,90.00,3874458261.00,187182114632.34,0.10,0.64,0.04,192713064960.52,185551970438.94
12/6/25,0.00,86335.06,89446.56,7722374564.26,3348427.98,4197.78,14055964002.95,30100334.00,18006954387.94,3242503945.11,90.00,6420803691.35,119179886495.06,90.00,50925842.54,270.00,14604086904.00,15045121.75,90.00,3874458261.00,187203103549.97,0.10,0.64,0.04,192892555255.59,185563081663.07
12/7/25,0.00,86335.06,90233.89,7790348750.92,3348427.98,4197.78,14055964002.95,30100334.00,18006954387.94,3242503945.11,90.00,6420803691.35,119179886495.06,90.00,50925842.54,270.00,14604086904.00,15045121.75,90.00,3874458261.00,187271077736.63,0.10,0.64,0.04,193069043685.43,185686266932.78
12/8/25,0.00,86335.06,91331.98,7885152422.36,3348427.98,4190.66,14032123195.73,30100334.00,18005954001.59,3242990320.70,90.00,6420090268.72,119209681466.69,90.00,50601190.30,270.00,14604086904.00,14976290.32,90.00,3874458261.00,187370214655.40,0.10,0.64,0.04,193108011570.24,185692880290.29
12/9/25,0.00,86335.06,92665.29,8000263827.76,3348427.98,4208.24,14090988559.61,30100334.00,18006954332.36,3244133474.79,90.00,6420803612.08,118971262103.75,90.00,50544263.96,270.00,14604086904.00,14909271.42,90.00,3874458261.00,187308504944.74,0.10,0.64,0.04,192920480804.18,185671906870.27
12/10/25,0.00,86335.06,92396.10,7977023291.64,3348427.98,4228.84,14159966175.98,30100334.00,18008454911.89,3246899098.57,90.00,6421873746.02,120012260647.16,90.00,52591306.65,270.00,14604086904.00,15166829.09,90.00,3874458261.00,188402881506.00,0.10,0.64,0.04,194180904720.65,185738221203.83
12/11/25,0.00,86335.06,92885.26,8019254951.99,3348427.98,4280.18,14331874468.44,30100334.00,18020460548.50,3254870235.86,90.00,6430436244.35,120702331145.88,90.00,52867411.01,270.00,14604086904.00,15219154.65,90.00,3874458261.00,189335959659.68,0.10,0.64,0.04,194381498471.90,186094769376.65
12/12/25,0.00,86335.06,90200.10,7787431489.08,3348427.98,4299.63,14397001392.64,30100334.00,18019959980.15,3268646474.13,90.00,6430078997.89,121758476543.41,90.00,54235355.27,270.00,14604086904.00,15188716.34,90.00,3874458261.00,190239664447.91,0.09,0.64,0.04,194444375626.42,186188230590.30
12/13/25,0.00,86335.06,90182.04,7785872277.81,3348427.98,4299.63,14397001392.64,30100334.00,18019959980.15,3268646474.13,90.00,6430078997.89,121758476543.41,90.00,54235355.27,270.00,14604086904.00,15188716.34,90.00,3874458261.00,190238105236.63,0.09,0.64,0.04,193582430388.78,186249151423.15
12/14/25,0.00,86335.06,88464.39,7637578853.55,3348427.98,4299.63,14397001392.64,30100334.00,18019959980.15,3268646474.13,90.00,6430078997.89,121758476543.41,90.00,54235355.27,270.00,14604086904.00,15188716.34,90.00,3874458261.00,190089811812.38,0.09,0.64,0.04,193426266735.77,186242557114.83
12/15/25,0.00,86335.06,86204.45,7442466786.94,3348427.98,4305.01,14415015935.17,30100334.00,18015955544.60,3269937589.49,90.00,6427221185.00,121545399209.46,90.00,54215017.01,270.00,14604086904.00,15250610.36,90.00,3874458261.00,189694107377.02,0.10,0.64,0.04,193219952277.60,186286668583.93
12/16/25,0.00,86335.06,87748.95,7575811294.71,3348427.98,4302.32,14406008663.90,30100334.00,18018958203.86,3273240226.46,90.00,6429363592.06,121697330958.47,90.00,54255678.27,270.00,14604086904.00,15263954.64,90.00,3874458261.00,189978878071.37,0.10,0.64,0.04,193890173798.74,186264086469.99
12/17/25,0.00,86335.06,85948.73,7420389184.14,3348427.98,4338.33,14526585555.44,30100334.00,18018958203.86,3272945634.84,90.00,6429363592.06,121484360629.29,90.00,54479482.95,270.00,14604086904.00,15353248.77,90.00,3874458261.00,189731081030.35,0.10,0.64,0.04,193396789822.33,186312032469.21
12/18/25,0.00,86335.06,85582.89,7388804363.99,3348427.98,4332.62,14507466031.68,30100334.00,18020459783.71,3278206894.94,90.00,6430435152.66,121970298071.81,90.00,54969798.29,270.00,14604086904.00,15392783.39,90.00,3874458261.00,190174678379.47,0.09,0.64,0.04,194071636813.59,186282760329.77
12/19/25,0.00,86335.06,87787.12,7579106704.13,3348427.98,4338.88,14528427190.83,30100334.00,18020459783.71,3286033613.91,90.00,6430435152.66,122000790646.33,90.00,54227706.02,270.00,14604086904.00,15358534.45,90.00,3874458261.00,190423484831.03,0.09,0.64,0.04,193788307527.17,186202092308.80
12/20/25,0.00,86335.06,88176.03,7612683274.23,3348427.98,4338.88,14528427190.83,30100334.00,18020459783.71,3286033613.91,90.00,6430435152.66,122000790646.33,90.00,54227706.02,270.00,14604086904.00,15358534.45,90.00,3874458261.00,190457061401.12,0.09,0.64,0.04,193594787355.25,186226677116.68
12/21/25,0.00,86335.06,88141.98,7609743565.27,3348427.98,4338.88,14528427190.83,30100334.00,18020459783.71,3286033613.91,90.00,6430435152.66,122000790646.33,90.00,54227706.02,270.00,14604086904.00,15358534.45,90.00,3874458261.00,190454121692.16,0.09,0.64,0.04,194126156798.82,186773632481.96
12/22/25,0.00,86335.06,88230.04,7617346231.09,3348427.98,4443.60,14879074568.82,30100334.00,18019458647.05,3283076183.65,90.00,6429720659.87,121726288867.37,90.00,53841333.61,270.00,14604086904.00,15315530.55,90.00,3874458261.00,190532767521.01,0.09,0.64,0.04,194223327212.85,186787106692.94
12/23/25,0.00,86335.06,87661.45,7568256976.53,3348427.98,4484.47,15015924820.33,30100334.00,18020459728.09,3283010522.13,90.00,6430435073.27,122487078172.79,90.00,54063429.11,270.00,14604086904.00,15301363.68,90.00,3874458261.00,191383175584.94,0.09,0.64,0.04,195034536147.34,186810914380.77
12/24/25,0.00,86335.06,87631.35,7565658291.07,3348427.98,4479.42,14999015259.04,30100334.00,18020459728.09,3282140524.34,90.00,6430435073.27,120925367926.09,90.00,54935201.91,270.00,14604086904.00,15294095.54,90.00,3874458261.00,189801951598.35,0.10,0.64,0.03,192580447844.04,186827189365.32
12/25/25,0.00,86335.06,87844.71,7584078740.52,3348427.98,4479.42,14999015259.04,30100334.00,18020459728.09,3282140524.34,90.00,6430435073.27,120925367926.09,90.00,54935201.91,270.00,14604086904.00,15294095.54,90.00,3874458261.00,189820372047.80,0.10,0.64,0.04,194168609860.02,186793465675.51
12/26/25,0.00,86335.06,87394.85,7545240048.22,3348427.98,4533.21,15179127200.04,30100334.00,18015454044.83,3285578566.54,90.00,6426862609.34,121318375371.85,90.00,55223611.72,270.00,14604086904.00,15429830.63,90.00,3874458261.00,190349936782.18,0.09,0.64,0.04,194689852375.15,186791970834.22
12/27/25,0.00,86335.06,87601.51,7563082052.73,3348427.98,4533.21,15179127200.04,30100334.00,18015454044.83,3285578566.54,90.00,6426862609.34,121318375371.85,90.00,55223611.72,270.00,14604086904.00,15429830.63,90.00,3874458261.00,190367778786.70,0.09,0.64,0.04,194128044016.54,186755060290.96
12/28/25,0.00,86335.06,87518.71,7555933509.36,3348427.98,4533.21,15179127200.04,30100334.00,18015454044.83,3285578566.54,90.00,6426862609.34,121318375371.85,90.00,55223611.72,270.00,14604086904.00,15429830.63,90.00,3874458261.00,190360630243.32,0.09,0.64,0.04,194078195138.99,186731617227.19
12/29/25,0.00,86335.06,87216.14,7529811108.77,3348427.98,4332.35,14506561956.12,30100334.00,18014953615.55,3296782389.45,90.00,6426505561.42,121439693747.22,90.00,55078649.74,270.00,14604086904.00,15438317.04,90.00,3874458261.00,189793470844.31,0.10,0.64,0.04,193485802919.07,186710944191.76
12/30/25,0.00,86335.06,88185.04,7613461153.17,3348427.98,4339.49,14530469731.89,30100334.00,18017956107.82,3305980412.32,90.00,6428647729.94,123564888387.80,90.00,55078649.74,270.00,14604086904.00,15519368.21,90.00,3874458261.00,192040647039.88,0.09,0.64,0.05,196268617871.76,186622402821.94
12/31/25,0.00,96185.54,87647.54,8430426232.19,4040041.74,4319.37,17450435088.00,33952735.00,19279408559.00,5548439332.00,90.00,0.00,122325714946.00,90.00,0.00,,17043516665.00,3031239.00,360.00,2762856288.00,192877781084.19,0.10,0.63,0.04,194449408154.88,187154085276.57
1/1/26,0.00,96185.54,88274.74,8490753804.80,4040041.74,4319.37,17450435088.00,33952735.00,19279408559.00,5548439332.00,90.00,0.00,122325714946.00,90.00,0.00,,17043516665.00,3031239.00,360.00,2762856288.00,192938108656.80,0.10,0.63,0.03,193597431380.87,187087814456.25
1/2/26,0.00,96185.54,90027.45,8659339167.96,4040041.74,4332.29,17502632427.27,33952735.00,19285835028.52,5551060969.58,90.00,0.00,122784436377.05,90.00,,,17043516665.00,3035482.73,360.00,2762856288.00,193626665141.12,0.10,0.63,0.04,194013089220.00,186881197640.76
1/3/26,0.00,96185.54,90511.79,8705925673.88,4040041.74,4332.29,17502632427.27,33952735.00,19285835028.52,5551060969.58,90.00,0.00,122784436377.05,90.00,,,17043516665.00,3035482.73,360.00,2762856288.00,193673251647.04,0.10,0.63,0.03,193521727855.64,187028151245.35
1/4/26,0.00,96185.54,91238.21,8775796776.07,4040041.74,4332.29,17502632427.27,33952735.00,19285835028.52,5551060969.58,90.00,0.00,122784436377.05,90.00,,,17043516665.00,3035482.73,360.00,2762856288.00,193743122749.23,0.10,0.63,0.03,193558094437.80,187040826581.56
1/5/26,0.00,96185.54,94095.49,9050625804.52,4040041.74,4449.15,17974751704.94,33952735.00,19288513616.72,5555751616.10,90.00,0.00,123429054668.03,90.00,,,17043516665.00,3120172.70,360.00,2762856288.00,195142143271.02,0.10,0.63,0.04,194877945067.60,187033604127.80
1/6/26,0.00,96185.54,93217.31,8966157584.33,4040041.74,4494.83,18159300811.60,33952735.00,19290656784.90,5555793284.24,90.00,0.00,123768484568.36,90.00,,,17043516665.00,3159486.88,360.00,2762856288.00,195583878208.31,0.10,0.63,0.04,193991337350.63,187103572836.66
1/7/26,0.00,96185.54,91007.95,8753649092.93,4040041.74,4456.47,18004324810.47,33952735.00,19291192636.48,5553320956.23,90.00,0.00,123520947599.23,90.00,,,17043516665.00,3113358.37,360.00,2762856288.00,194966874141.70,0.10,0.63,0.03,192868748701.38,187031955233.17
1/8/26,0.00,96185.54,91199.98,8772119602.76,4040041.74,4477.65,18089892894.52,33952735.00,19291728502.94,5551182927.66,90.00,0.00,123582708073.03,90.00,,,17043516665.00,3106508.98,360.00,2762856288.00,195131064197.88,0.10,0.63,0.03,193536550871.31,186930057326.41
1/9/26,0.00,96185.54,90421.57,8697247814.19,4040041.74,4509.50,18218568223.92,33952735.00,19291728502.94,5548240800.71,90.00,0.00,123397334010.92,90.00,,,17043516665.00,3028224.96,360.00,2762856288.00,194996473265.63,0.10,0.63,0.03,193247251679.59,186936759077.01
1/10/26,0.00,96185.54,90395.54,8694744104.50,4040041.74,4509.50,18218568223.92,33952735.00,19291728502.94,5548240800.71,90.00,0.00,123397334010.92,90.00,,,17043516665.00,3028224.96,360.00,2762856288.00,194993969555.94,0.10,0.63,0.03,193258231150.12,186820832482.82
1/11/26,0.00,96185.54,90627.48,8717053379.36,4040041.74,4509.50,18218568223.92,33952735.00,19291728502.94,5548240800.71,90.00,0.00,123397334010.92,90.00,,,17043516665.00,3028224.96,360.00,2762856288.00,195016278830.80,0.10,0.63,0.03,193184111059.97,186725420234.35
1/12/26,0.00,96185.54,90971.64,8750156595.86,4040041.74,4597.51,18574132297.40,33952735.00,19291728502.94,5527254579.88,90.00,0.00,122811196674.37,90.00,,,17043516665.00,3007935.85,360.00,2762856288.00,194797802274.29,0.10,0.63,0.03,192938429061.83,186718468708.04
1/13/26,0.00,96185.54,94074.01,9048559739.06,4040041.74,4586.52,18529732238.69,33952735.00,19291192621.59,5519986240.11,90.00,0.00,122105032293.49,90.00,,,17043516665.00,3072004.88,360.00,2762856288.00,194337900825.81,0.10,0.63,0.03,192708909539.91,186728266708.03
1/14/26,0.00,96185.54,97557.56,9383626887.56,4040041.74,4626.58,18691576310.77,33952735.00,19291728488.05,5521449036.46,90.00,0.00,121952401003.12,90.00,,,17043516665.00,3081220.90,360.00,2762856288.00,194684188634.86,0.10,0.63,0.04,193554320059.88,186771850333.70
1/15/26,0.00,96185.54,95550.20,9190547875.86,4040041.74,4616.15,18649438675.43,33952735.00,19290656725.36,5526280304.37,90.00,0.00,121860936702.37,90.00,,,17043516665.00,2971529.43,360.00,2762856288.00,194361157500.81,0.10,0.63,0.03,192958916342.74,186839106905.33
1/16/26,0.00,96185.54,95475.98,9183408984.85,4040041.74,4596.09,18568395438.13,33952735.00,19291192576.93,5523434270.01,90.00,0.00,122256984746.65,90.00,,,17043516665.00,2945677.13,360.00,2762856288.00,194666687381.71,0.10,0.63,0.03,193558831848.64,186815349657.57
1/17/26,0.00,96185.54,95264.48,9163065742.50,4040041.74,4596.09,18568395438.13,33952735.00,19291192576.93,5523434270.01,90.00,0.00,122256984746.65,90.00,,,17043516665.00,2945677.13,360.00,2762856288.00,194646344139.35,0.10,0.63,0.03,193213284899.09,186794505781.45
1/18/26,0.00,96185.54,95386.51,9174803264.32,4040041.74,4596.09,18568395438.13,33952735.00,19291192576.93,5523434270.01,90.00,0.00,122256984746.65,90.00,,,17043516665.00,2945677.13,360.00,2762856288.00,194658081661.17,0.10,0.63,0.03,193252683908.11,186801806868.78
1/19/26,0.00,96185.54,92943.64,8939834486.76,4040041.74,4670.89,18870590560.24,33952735.00,19291192576.93,5523434270.01,90.00,0.00,122256984746.65,90.00,,,17043516665.00,2945677.13,360.00,2762856288.00,194725308005.72,0.10,0.63,0.03,193437703750.82,186927369421.50
1/20/26,0.00,96185.54,89368.51,8595958666.22,4040041.74,4763.43,19244456022.81,33952735.00,19291728443.39,5524110890.71,90.00,0.00,121706828315.29,90.00,,,17043516665.00,2926530.23,360.00,2762856288.00,194206334556.65,0.10,0.63,0.03,192814204372.37,186887286830.97
1/21/26,0.00,96185.54,90180.76,8674085373.57,4040041.74,4831.73,19520390873.61,33952735.00,19292264324.74,5521597420.25,90.00,0.00,121098294173.72,90.00,,,17043516665.00,2984768.18,360.00,2762856288.00,193949942622.06,0.10,0.62,0.03,192983533708.60,186799503247.36
1/22/26,0.00,96185.54,89167.85,8576658075.15,4040041.74,4936.02,19941726826.61,33952735.00,19291728428.51,5525738618.32,90.00,0.00,121189117894.35,90.00,,,17043516665.00,2997901.16,360.00,2762856288.00,194368293432.10,0.10,0.62,0.04,193709290119.67,186851423145.38
1/23/26,0.00,96185.54,89236.37,8583248708.56,4040041.74,4987.49,20149667774.94,33952735.00,19291192547.16,5522892862.93,90.00,0.00,121219415173.82,90.00,,,17043516665.00,2996102.42,360.00,2762856288.00,194609738857.83,0.10,0.62,0.03,193416143170.30,186739115367.89
1/24/26,0.00,96185.54,89247.78,8584346185.61,4040041.74,4987.49,20149667774.94,33952735.00,19291192547.16,5522892862.93,90.00,0.00,121219415173.82,90.00,,,17043516665.00,2996102.42,360.00,2762856288.00,194610836334.88,0.10,0.62,0.03,193110599338.38,186674668629.37
1/25/26,0.00,96185.54,86485.21,8318626889.94,4040041.74,4987.49,20149667774.94,33952735.00,19291192547.16,5522892862.93,90.00,0.00,121219415173.82,90.00,,,17043516665.00,2996102.42,360.00,2762856288.00,194345117039.21,0.10,0.62,0.03,192801987227.03,186632218279.99
1/26/26,0.00,96185.54,87974.04,8461830812.00,4040041.74,5008.70,20235357060.23,33952735.00,19290656680.70,5521208380.61,90.00,0.00,121552768565.55,90.00,,,17043516665.00,3002693.84,360.00,2762856288.00,194905149880.94,0.10,0.62,0.04,193704579437.64,186711872137.80
1/27/26,0.00,96185.54,88957.73,8556447568.85,4040041.74,5180.16,20928062616.88,33952735.00,19290656680.70,5522216001.14,90.00,0.00,121826262294.82,90.00,,,17043516665.00,3042329.40,360.00,2762856288.00,195967013179.78,0.10,0.62,0.04,193813839619.07,186340326833.82
1/28/26,0.00,96185.54,89277.17,8587173078.72,4040041.74,5417.21,21885754511.21,33952735.00,19291728383.85,5527365467.56,90.00,0.00,121156217852.20,90.00,,,17043516665.00,3031681.25,360.00,2762856288.00,196291596662.78,0.10,0.62,0.03,193034506363.29,186293602721.54
1/29/26,0.00,96185.54,84382.28,8116355425.88,4040041.74,5375.24,21716193959.40,33952735.00,19291192502.51,5531787359.93,90.00,0.00,121337952178.98,90.00,,,17043516665.00,3053812.52,360.00,2762856288.00,195836860927.22,0.10,0.62,0.03,192023314914.68,186055690577.93
1/30/26,0.00,96185.54,84162.39,8095205186.82,4040041.74,4894.23,19772893482.32,33952735.00,19289584903.13,5536586185.47,90.00,0.00,121489624619.20,90.00,,,17043516665.00,3137792.36,360.00,2762856288.00,194027357857.31,0.10,0.63,0.02,190190859961.13,185567893600.27
1/31/26,0.00,96185.54,78197.32,7521451689.52,4040041.74,4894.23,19772893482.32,33952735.00,19289584903.13,5536586185.47,90.00,0.00,121489624619.20,90.00,,,17043516665.00,3137792.36,360.00,2762856288.00,193453604360.01,0.10,0.63,0.03,191401600017.56,185572421338.24
2/1/26,0.00,96185.54,76433.17,7351765963.74,4040041.74,4894.23,19772893482.32,33952735.00,19289584903.13,5536586185.47,90.00,0.00,121489624619.20,90.00,,,17043516665.00,3137792.36,360.00,2762856288.00,193283918634.23,0.10,0.63,0.03,191387150446.85,185172123360.57
2/2/26,0.00,96185.54,78462.48,7546956248.12,4040041.74,4661.38,18832169763.30,33952735.00,19289049081.33,5535769539.01,90.00,0.00,121307390182.27,90.00,,,17043516665.00,3083508.56,360.00,2762856288.00,192354744010.58,0.10,0.63,0.03,190629246617.97,185167207996.43
2/3/26,0.00,96185.54,76140.48,7323613417.15,4040041.74,4946.76,19985116874.89,33952735.00,19289049081.33,5532392719.59,90.00,0.00,121125429097.00,90.00,,,17043516665.00,3094300.84,360.00,2762856288.00,193099021178.79,0.10,0.63,0.04,192329514804.64,185204055264.11
2/4/26,0.00,96185.54,72627.14,6985680901.31,4040041.74,4964.93,20058524433.30,33952735.00,19291192309.01,5528796664.32,90.00,0.00,120852896881.53,90.00,,,17043516665.00,3095847.99,360.00,2762856288.00,192560512725.46,0.10,0.63,0.03,190955816036.47,185108966305.30
2/5/26,0.00,96185.54,63083.01,6067673574.29,4040041.74,4779.05,19307561474.78,33952735.00,19291192309.01,5536965461.39,90.00,0.00,121336308469.06,90.00,,,17043516665.00,3241352.84,360.00,2762856288.00,191383268329.36,0.10,0.63,0.03,190556918599.76,185340237262.98
2/6/26,0.00,96185.54,70312.76,6763071004.18,4040041.74,4964.36,20056221609.51,33952735.00,19291728175.46,5564664131.11,90.00,0.00,121063301775.00,90.00,,,17043516665.00,3164208.64,360.00,2762856288.00,192582476591.91,0.10,0.63,0.04,192990599833.19,185398015856.30
2/7/26,0.00,96185.54,69454.82,6680549579.38,4040041.74,4964.36,20056221609.51,33952735.00,19291728175.46,5564664131.11,90.00,0.00,121063301775.00,90.00,,,17043516665.00,3164208.64,360.00,2762856288.00,192499955167.10,0.10,0.63,0.03,191922945425.03,185607175248.68
2/8/26,0.00,96185.54,70665.59,6797008149.34,4040041.74,4964.36,20056221609.51,33952735.00,19291728175.46,5564664131.11,90.00,0.00,121063301775.00,90.00,,,17043516665.00,3164208.64,360.00,2762856288.00,192616413737.06,0.10,0.63,0.03,192123779948.36,185609495020.08
2/9/26,0.00,96185.54,70368.04,6768388141.00,4040041.74,5057.80,20433723109.64,33952735.00,19292264056.80,5560226311.47,90.00,0.00,120881706822.34,90.00,,,17043516665.00,3175916.22,360.00,2762856288.00,192779810045.46,0.10,0.63,0.03,190999828651.34,184478793107.54
2/10/26,0.00,96185.54,68613.68,6599644071.69,4040041.74,5025.45,20303027759.37,33952735.00,19291192264.35,5565466824.76,90.00,0.00,121002588529.16,90.00,,,17043516665.00,3232129.93,360.00,2762856288.00,192605477267.27,0.10,0.63,0.03,190624902422.27,184439644113.59
2/11/26,0.00,96185.54,67757.23,6517265963.34,4040041.74,5084.39,20541147819.49,33952735.00,19291192264.35,5574121125.68,90.00,0.00,120488327527.91,90.00,,,17043516665.00,3116096.47,360.00,2762856288.00,192255496485.24,0.10,0.63,0.03,190315716544.74,184308875462.89
2/12/26,0.00,96185.54,65781.43,6327222567.38,4040041.74,4922.19,19885853049.36,33952735.00,19291192264.35,5547016961.70,90.00,0.00,120699182101.09,90.00,,,17043516665.00,3181534.50,360.00,2762856288.00,191593974166.37,0.10,0.63,0.03,189596771108.51,183911794652.42
2/13/26,0.00,96185.54,68863.95,6623716427.55,4040041.74,5042.04,20370052051.83,33952735.00,19290656397.90,5543120182.29,90.00,0.00,120970755260.81,90.00,,,17043516665.00,3252164.56,360.00,2762856288.00,192641878172.94,0.10,0.63,0.04,191279879483.73,183900181610.99
2/14/26,0.00,96185.54,69889.04,6722315265.88,4040041.74,5042.04,20370052051.83,33952735.00,19290656397.90,5543120182.29,90.00,0.00,120970755260.81,90.00,,,17043516665.00,3252164.56,360.00,2762856288.00,192740477011.27,0.10,0.63,0.03,190156613791.28,183726133687.94
2/15/26,0.00,96185.54,68820.04,6619492920.36,4040041.74,5042.04,20370052051.83,33952735.00,19290656397.90,5543120182.29,90.00,0.00,120970755260.81,90.00,,,17043516665.00,3252164.56,360.00,2762856288.00,192637654665.74,0.10,0.63,0.03,189991519882.79,183758607357.16
2/16/26,0.00,96185.54,68826.35,6620099851.13,4040041.74,4992.08,20168211566.53,33952735.00,19290656397.90,5543120182.29,90.00,0.00,120970755260.81,90.00,,,17043516665.00,3252164.56,360.00,2762856288.00,192436421111.22,0.10,0.63,0.03,189836431413.75,183702555799.09
2/17/26,0.00,96185.54,67639.48,6505940115.65,4040041.74,4877.89,19706879200.30,33952735.00,19287977140.06,5548358430.86,90.00,0.00,120970755260.81,90.00,,,17043516665.00,3220293.35,360.00,2762856288.00,191863456129.04,0.10,0.63,0.03,189450819886.67,183684801652.64
2/18/26,0.00,96185.54,66305.35,6377616097.09,4040041.74,4977.56,20109550160.47,33952735.00,19286905585.78,5542796201.53,90.00,0.00,120547357617.40,90.00,,,17043516665.00,3165870.39,360.00,2762856288.00,191707717220.67,0.10,0.63,0.03,189861959481.18,183684433314.59
2/19/26,0.00,96185.54,66896.20,6434447325.21,4040041.74,4996.10,20184452534.32,33952735.00,19290120070.04,5531059330.58,90.00,0.00,120848726011.44,90.00,,,17043516665.00,3164287.46,360.00,2762856288.00,192132295247.05,0.10,0.63,0.04,190435460119.77,183682918392.28